user_id,item_id,rating,timestamp,gender,gender_binary,age,occupation
31,964,1,886608064.0,M,1,27.870906829833984,artist
297,7,4,877295808.0,M,0,32.354087829589844,educator
391,98,4,881352448.0,M,1,22.96115493774414,student
430,100,3,882268992.0,M,1,30.991497039794922,scientist
758,423,5,886833088.0,M,1,31.455951690673828,student
640,176,4,883215424.0,M,1,23.523359298706055,student
416,937,5,886619072.0,F,0,20.613948822021484,student
770,71,5,880804992.0,M,1,21.12896728515625,student
619,56,5,879983872.0,M,1,19.628494262695312,student
378,117,3,880415936.0,M,1,21.52362060546875,student
892,25,5,884375232.0,M,1,31.422954559326172,other
270,226,4,879404416.0,F,0,20.320606231689453,student
579,499,4,882964672.0,M,1,39.9164924621582,educator
291,15,4,877494784.0,F,0,20.492366790771484,student
627,1073,3,879701696.0,M,1,27.50391387939453,engineer
50,191,5,885011392.0,M,1,31.359968185424805,technician
918,558,4,887065088.0,M,1,32.911529541015625,scientist
326,498,4,883712320.0,M,1,29.18398666381836,administrator
278,1219,5,889679808.0,F,0,34.61689758300781,librarian
279,299,3,880548800.0,M,1,28.68869400024414,programmer
638,168,5,880275392.0,M,1,33.65327453613281,engineer
57,274,3,882639680.0,M,1,25.239612579345703,none
373,228,4,884709888.0,F,0,33.908607482910156,other
663,100,5,883726656.0,M,1,27.711585998535156,other
655,736,3,888426944.0,F,0,41.0,healthcare
314,142,4,880246848.0,F,0,30.772140502929688,student
727,1415,4,883272064.0,M,1,20.315858840942383,student
234,530,4,889532416.0,M,1,29.999998092651367,retired
393,96,4,883406336.0,M,1,20.879899978637695,student
727,1132,2,880388480.0,M,1,22.821516036987305,student
109,636,4,880294784.0,M,1,28.391347885131836,other
13,320,5,880961728.0,M,1,37.3137321472168,educator
459,747,2,881116672.0,M,1,28.95089340209961,entertainment
327,82,4,891721984.0,M,1,22.26233673095703,student
727,358,2,886083328.0,M,1,28.89199447631836,student
869,682,1,884325184.0,M,1,19.13872718811035,student
763,125,3,880106816.0,M,1,23.0,scientist
864,407,4,887081344.0,M,1,22.715181350708008,programmer
878,528,4,880277952.0,F,0,37.245582580566406,educator
222,38,2,882076608.0,M,1,26.820697784423828,programmer
588,652,5,885207424.0,F,0,19.739910125732422,student
87,393,4,880939584.0,M,1,33.89720153808594,administrator
752,471,3,882900032.0,M,1,53.970802307128906,retired
805,1099,2,884208384.0,F,0,26.083900451660156,other
151,154,5,884121472.0,F,0,29.176715850830078,administrator
450,801,4,885346560.0,F,0,27.999998092651367,educator
532,488,4,890950080.0,M,1,26.999998092651367,student
840,165,5,886551168.0,M,1,28.78311538696289,artist
805,764,2,882536448.0,F,0,27.7528076171875,other
291,53,1,882592576.0,M,1,19.98849105834961,student
639,1480,3,888358976.0,F,0,36.526031494140625,librarian
405,579,1,884324032.0,F,0,27.20571517944336,healthcare
407,591,2,880684544.0,M,1,25.20856285095215,engineer
592,24,5,883015424.0,M,1,20.555286407470703,student
204,191,3,880568000.0,F,0,36.31974792480469,librarian
615,257,5,883855680.0,M,1,34.35352325439453,executive
847,91,3,884100864.0,M,1,22.47277069091797,technician
826,245,4,881059840.0,M,1,29.677770614624023,artist
276,405,4,876136448.0,M,1,20.791259765625,student
710,176,4,882779008.0,M,1,20.0,student
82,404,4,879365184.0,M,1,34.90943145751953,programmer
398,222,3,879446272.0,M,1,33.54810333251953,other
320,1422,4,882669760.0,M,1,19.1737117767334,student
8,734,1,879460352.0,M,1,30.070466995239258,administrator
622,226,3,885503872.0,M,1,25.910228729248047,programmer
456,121,4,882318464.0,M,1,28.689388275146484,technician
486,1395,4,882406208.0,M,1,26.999998092651367,educator
843,286,3,884668416.0,M,1,39.62274932861328,librarian
848,513,5,889350464.0,M,1,26.999998092651367,engineer
648,545,5,885131328.0,M,1,40.0,engineer
885,1073,3,877863744.0,F,0,25.609249114990234,other
288,332,4,882409408.0,M,1,36.117774963378906,marketing
82,302,4,880905664.0,M,1,32.48177719116211,programmer
216,508,4,883839360.0,M,1,26.999998092651367,engineer
530,150,4,882936320.0,M,1,29.189882278442383,engineer
360,154,5,882487296.0,M,1,27.989221572875977,other
326,672,3,882160000.0,M,1,31.77798080444336,administrator
846,461,4,884081472.0,M,1,29.015588760375977,lawyer
804,328,3,882441024.0,M,1,38.203338623046875,educator
194,626,5,880140544.0,M,1,28.868009567260742,administrator
707,283,2,889336960.0,F,0,48.368736267089844,librarian
296,161,1,883484736.0,F,0,44.66864776611328,administrator
152,657,5,883927040.0,F,0,29.284698486328125,educator
666,582,4,885334272.0,M,1,38.1058349609375,administrator
350,172,4,881707008.0,M,1,29.7744083404541,student
273,655,3,879552000.0,F,0,38.54896926879883,other
264,275,5,885880576.0,F,0,30.952316284179688,writer
686,71,5,878694848.0,M,1,32.73673629760742,educator
805,1084,2,884138688.0,F,0,26.999998092651367,other
524,351,3,884732224.0,M,1,28.198474884033203,educator
416,197,5,884882112.0,F,0,21.39551544189453,student
303,24,3,881847936.0,M,1,17.944929122924805,student
334,351,4,891192640.0,M,1,32.19207763671875,librarian
327,196,4,887470144.0,M,1,19.961421966552734,student
326,188,4,882315904.0,M,1,34.117042541503906,administrator
75,175,4,882768000.0,M,1,26.103439331054688,entertainment
932,241,4,888460992.0,M,1,34.13294982910156,educator
301,455,4,883079040.0,M,1,28.854820251464844,student
688,286,4,884384128.0,F,0,45.608489990234375,administrator
617,1102,1,884760768.0,F,0,29.73085594177246,writer
312,176,5,887908352.0,M,1,33.921180725097656,other
317,427,4,885536768.0,M,1,32.99506759643555,administrator
567,198,5,884747904.0,M,1,26.95465087890625,entertainment
481,199,5,885188096.0,M,1,47.0,retired
270,282,5,878306112.0,F,0,20.0,student
464,665,3,882844992.0,M,1,35.056575775146484,writer
898,271,3,887352512.0,M,1,30.549299240112305,technician
650,709,3,886733440.0,M,1,31.2386531829834,engineer
311,187,5,884715840.0,M,1,31.189207077026367,technician
271,172,3,885659520.0,M,1,43.400390625,engineer
314,468,4,881664384.0,F,0,19.021137237548828,student
422,168,4,881388288.0,M,1,29.45823860168457,entertainment
682,578,3,884084800.0,M,1,20.0,programmer
106,199,3,886006464.0,M,1,53.52739334106445,retired
638,510,4,884062848.0,M,1,31.147457122802734,engineer
347,310,4,880232832.0,M,1,23.264892578125,student
503,504,5,884794752.0,M,1,38.36899185180664,writer
686,969,5,880517952.0,M,1,30.15497589111328,educator
899,196,4,888638912.0,M,1,36.85947799682617,other
497,715,3,875261760.0,M,1,19.497568130493164,student
506,721,4,884217792.0,M,1,32.42025375366211,programmer
154,717,5,883170176.0,M,1,19.445491790771484,student
479,521,4,881820352.0,M,1,36.67797088623047,educator
919,1025,3,879514496.0,M,1,27.008182525634766,other
752,495,3,883194624.0,M,1,48.58384323120117,retired
638,474,4,879109952.0,M,1,29.827180862426758,engineer
932,1126,4,884075200.0,M,1,44.76413345336914,educator
454,327,2,882342144.0,M,1,43.3277702331543,other
622,270,2,886840320.0,M,1,27.54657554626465,programmer
541,7,4,883102272.0,F,0,19.399351119995117,student
417,455,4,881168512.0,F,0,30.77391815185547,other
886,423,4,874964928.0,M,1,26.435401916503906,student
559,517,4,887915200.0,M,1,45.175479888916016,executive
658,1204,4,881068672.0,M,1,29.785295486450195,programmer
874,50,5,884817728.0,M,1,33.611026763916016,scientist
551,209,4,889277312.0,M,1,26.627653121948242,programmer
472,85,4,884047744.0,M,1,28.841684341430664,student
881,678,4,880193088.0,M,1,30.263317108154297,marketing
932,193,4,889698688.0,M,1,45.73860168457031,educator
673,116,4,891723072.0,M,1,41.63775634765625,educator
942,302,5,885075392.0,F,0,29.848100662231445,librarian
360,150,4,882236544.0,M,1,38.03282165527344,other
647,340,4,883755968.0,M,1,39.12126159667969,educator
189,133,5,887123584.0,M,1,26.84867286682129,artist
804,739,3,880616960.0,M,1,28.040510177612305,educator
864,387,5,887978048.0,M,1,25.053300857543945,programmer
172,88,2,882612352.0,M,1,33.784263610839844,marketing
320,538,3,886098624.0,M,1,18.064186096191406,student
378,257,3,884383872.0,M,1,20.64785385131836,student
546,262,4,888412864.0,M,1,35.120445251464844,executive
679,1074,3,888729920.0,F,0,23.527164459228516,student
591,30,2,888309504.0,F,0,44.0,librarian
406,105,2,879559552.0,M,1,43.15771484375,educator
838,307,4,882432704.0,M,1,28.856603622436523,student
753,1,4,875385344.0,M,1,28.299312591552734,salesman
201,186,5,884594624.0,M,1,28.627473831176758,writer
332,50,5,883860288.0,M,1,19.684280395507812,student
782,59,1,884385984.0,F,0,25.204635620117188,artist
536,1012,4,882001600.0,M,1,31.445175170898438,engineer
42,23,4,880500096.0,M,1,25.728025436401367,administrator
308,202,4,889237248.0,M,1,53.01652908325195,retired
548,240,4,887787520.0,M,1,39.30259323120117,writer
320,38,3,884166336.0,M,1,28.710819244384766,student
314,1620,1,884438464.0,F,0,18.97671127319336,student
474,181,5,885858304.0,M,1,26.999998092651367,executive
503,116,5,884169152.0,F,0,32.98029327392578,writer
592,93,1,881162112.0,M,1,19.17822265625,student
791,8,5,879387712.0,F,0,34.89374923706055,educator
682,338,5,884748224.0,M,1,25.91238021850586,programmer
328,136,4,886081408.0,M,1,42.84659957885742,administrator
506,183,3,883908160.0,M,1,28.815752029418945,programmer
690,281,3,882021952.0,M,1,30.439464569091797,salesman
174,204,5,884703488.0,F,0,29.05240821838379,administrator
846,289,5,887152256.0,M,1,26.999998092651367,lawyer
314,282,4,876987456.0,F,0,20.64735984802246,student
804,333,4,883388992.0,M,1,29.47002410888672,educator
40,340,4,886842624.0,M,1,32.74585723876953,scientist
23,473,3,881911360.0,F,0,30.78474998474121,artist
621,827,3,884080640.0,M,1,20.79669189453125,student
805,1376,2,880580864.0,F,0,27.422792434692383,other
207,238,3,883254208.0,M,1,33.103416442871094,marketing
308,1447,3,886262336.0,M,1,50.159576416015625,retired
840,432,4,887187520.0,M,1,26.895671844482422,artist
334,61,4,890440448.0,M,1,36.229286193847656,librarian
235,435,3,887334912.0,M,1,28.28451156616211,educator
235,132,4,888064192.0,M,1,42.4865608215332,educator
295,750,5,888787840.0,M,1,50.0,educator
588,755,4,888131520.0,F,0,23.999998092651367,student
451,376,1,882864256.0,M,1,18.0,student
184,301,3,878143232.0,M,1,35.43634796142578,librarian
230,144,4,882996544.0,F,0,30.894756317138672,student
536,188,5,881332096.0,M,1,33.65452194213867,engineer
916,202,3,883972352.0,M,1,28.874900817871094,engineer
936,629,5,885654784.0,M,1,28.923614501953125,other
694,183,3,880284288.0,M,1,28.881345748901367,programmer
846,195,4,883389952.0,M,1,23.999998092651367,lawyer
59,55,2,884053056.0,M,1,29.208789825439453,educator
158,706,4,883353152.0,M,1,42.56583786010742,educator
49,540,1,883821952.0,F,0,23.544544219970703,student
450,281,3,885372224.0,F,0,45.0,educator
541,538,4,885048704.0,F,0,32.82359313964844,student
405,1313,1,885411904.0,F,0,26.664270401000977,healthcare
595,860,3,886842368.0,M,1,27.28134536743164,programmer
500,245,2,884990592.0,M,1,31.20519256591797,administrator
267,71,4,882384640.0,M,1,28.291353225708008,engineer
239,942,5,888544320.0,M,1,30.843725204467773,lawyer
178,250,2,887031040.0,M,1,27.12352180480957,other
532,155,3,889395392.0,M,1,21.51502227783203,student
517,91,4,883348544.0,M,1,19.750158309936523,student
682,326,3,886767552.0,M,1,26.031702041625977,programmer
751,588,5,885543808.0,F,0,30.82731056213379,other
332,12,5,885744384.0,M,1,22.816631317138672,student
215,310,4,886921984.0,M,1,34.20440673828125,programmer
1,291,4,880358720.0,M,1,28.166711807250977,technician
746,56,5,879666240.0,M,1,32.15803527832031,engineer
311,591,4,892696576.0,M,1,28.445945739746094,technician
877,919,4,884171328.0,M,1,30.12468719482422,other
457,174,4,881192064.0,F,0,30.940982818603516,salesman
332,11,5,877563840.0,M,1,19.319929122924805,student
522,663,4,881436288.0,M,1,31.798961639404297,engineer
85,118,3,880631488.0,M,1,29.50973129272461,educator
551,302,3,890797440.0,M,1,29.1321964263916,programmer
308,512,4,889213888.0,M,1,52.0,retired
343,291,5,881461504.0,F,1,32.68309020996094,engineer
804,933,1,882281344.0,M,1,35.17121124267578,educator
167,461,4,877910144.0,M,1,32.95979309082031,other
705,684,5,880227328.0,F,0,20.132009506225586,student
615,127,5,882994624.0,M,1,39.1599235534668,educator
778,407,4,887019072.0,M,1,22.388885498046875,student
280,429,5,884413376.0,F,0,36.917320251464844,librarian
566,423,4,880136704.0,M,1,21.828269958496094,student
490,209,5,884507904.0,F,0,30.101913452148438,artist
85,529,4,878801728.0,M,1,44.57334518432617,educator
393,618,3,888115712.0,M,1,19.824703216552734,student
679,754,3,884396672.0,F,0,21.614532470703125,student
369,926,4,887391488.0,M,1,19.367603302001953,student
661,276,5,875543168.0,M,1,26.88985824584961,programmer
90,320,1,889510720.0,M,1,59.0,educator
339,866,5,884168768.0,M,1,29.064725875854492,lawyer
748,448,4,874866304.0,M,1,33.38232421875,administrator
506,237,4,878531776.0,M,1,30.449464797973633,programmer
457,508,5,881198656.0,F,0,38.0,salesman
533,705,4,888313856.0,M,1,42.76424026489258,librarian
109,186,4,880031744.0,M,1,29.781862258911133,other
173,79,4,878320768.0,M,1,28.88186264038086,other
416,974,5,884654272.0,F,0,17.75095558166504,student
178,572,4,886940928.0,M,1,29.97359848022461,other
881,423,3,883565376.0,M,1,31.610595703125,marketing
378,742,4,883579392.0,M,1,18.95486068725586,student
118,56,5,879029120.0,M,1,27.521352767944336,administrator
58,358,1,883882496.0,M,1,24.724714279174805,programmer
618,746,3,889726528.0,F,0,22.0,student
700,427,4,891694336.0,M,1,36.5234375,student
95,304,3,881765376.0,M,1,25.999998092651367,administrator
337,1473,3,882785152.0,M,1,42.0,scientist
780,673,1,886920640.0,M,1,23.0,programmer
434,358,5,887386880.0,F,0,19.625762939453125,student
211,336,3,881596800.0,M,1,29.991727828979492,salesman
252,9,5,887138496.0,M,1,22.31615447998047,engineer
89,127,4,879857152.0,F,0,43.952396392822266,administrator
450,15,4,883936512.0,F,0,36.78450012207031,educator
385,408,5,884640704.0,M,1,28.37240982055664,writer
5,1277,3,878048256.0,F,0,27.40487289428711,other
145,834,2,878624448.0,M,1,23.966449737548828,entertainment
871,813,3,886768576.0,M,1,29.741220474243164,executive
377,566,4,889568256.0,M,1,27.283342361450195,writer
92,48,4,877754304.0,M,1,35.335960388183594,entertainment
435,785,5,885612352.0,M,1,29.999998092651367,engineer
1,678,4,880860928.0,M,1,26.999998092651367,technician
322,114,3,884282816.0,M,1,29.025741577148438,student
301,7,3,884465920.0,M,1,28.061782836914062,student
666,496,5,884452544.0,M,1,32.0,administrator
311,887,5,885881088.0,M,1,32.97504806518555,technician
655,1217,3,883480128.0,F,0,29.006473541259766,healthcare
43,50,5,883415872.0,F,0,37.229923248291016,healthcare
158,644,4,883529984.0,M,1,35.946266174316406,educator
881,284,3,883656896.0,M,1,27.870697021484375,marketing
379,11,4,887808576.0,M,1,28.858083724975586,programmer
687,268,1,883519040.0,F,0,27.255273818969727,healthcare
193,708,3,888450304.0,M,1,38.0,administrator
239,955,2,892910912.0,M,1,29.067094802856445,artist
312,510,4,883386176.0,M,1,29.731517791748047,other
846,1166,3,886580864.0,M,1,27.101497650146484,lawyer
504,898,4,881108224.0,F,0,36.704978942871094,writer
871,222,3,885855360.0,M,1,29.421483993530273,executive
772,234,4,883854848.0,M,1,23.999998092651367,writer
782,294,2,887129408.0,F,0,27.44666290283203,artist
188,175,4,878491520.0,M,1,22.61553192138672,student
28,203,4,883430656.0,M,1,31.007749557495117,writer
4,1020,3,886751424.0,M,1,31.078018188476562,technician
577,63,3,884922496.0,F,0,21.879079818725586,student
279,48,4,884645632.0,M,1,27.38316535949707,programmer
452,238,4,884015488.0,M,1,25.999998092651367,administrator
709,333,4,887034368.0,M,1,18.0,student
717,657,4,891387008.0,M,1,38.304996490478516,technician
832,326,4,888965184.0,M,1,34.75188446044922,technician
395,871,2,880968000.0,M,1,25.091045379638672,other
886,367,4,877217664.0,F,0,27.65294075012207,student
868,326,2,884345472.0,M,1,28.11686134338379,programmer
751,419,5,886105984.0,F,0,30.283184051513672,other
85,333,4,881435456.0,M,1,47.78920364379883,educator
201,546,4,880394176.0,M,1,31.020748138427734,writer
639,298,4,887534464.0,F,0,38.0,librarian
458,345,4,889073792.0,M,1,38.10203552246094,technician
221,228,5,877708096.0,M,1,19.867534637451172,student
450,68,4,883438912.0,F,0,35.51018142700195,educator
308,1310,3,886646528.0,M,1,50.54966354370117,retired
119,70,4,881140352.0,M,1,35.0,programmer
314,1009,4,878781504.0,F,0,20.991872787475586,student
558,559,5,891409920.0,F,0,34.57073974609375,writer
332,684,5,884112128.0,M,1,21.20153045654297,student
474,270,5,884070080.0,M,1,34.880123138427734,executive
64,461,4,884382528.0,M,1,31.725688934326172,educator
870,109,3,876042240.0,M,1,21.934391021728516,student
447,245,3,883717376.0,M,1,27.999998092651367,administrator
499,494,4,887261888.0,M,1,34.12522506713867,programmer
840,751,5,882348288.0,M,1,29.323394775390625,artist
406,109,3,878337344.0,M,1,37.96352005004883,educator
585,638,5,884994560.0,M,1,39.0,librarian
666,222,4,881133824.0,M,1,29.215476989746094,administrator
588,9,5,884497408.0,F,0,20.502498626708984,student
399,525,2,886409280.0,M,1,29.49173927307129,other
206,254,2,884693248.0,F,0,18.7120418548584,student
524,152,3,886774336.0,M,1,28.88237953186035,educator
223,318,4,885721280.0,F,0,22.143795013427734,student
846,1249,3,886011200.0,M,1,26.05859375,lawyer
70,433,3,878543168.0,M,1,28.69254493713379,engineer
498,294,4,883582656.0,M,1,35.218414306640625,writer
25,134,5,884334976.0,M,1,33.029052734375,engineer
882,199,5,879712000.0,M,1,32.77928161621094,engineer
588,478,5,887984704.0,F,0,40.964134216308594,educator
194,393,3,879413760.0,M,1,26.762420654296875,technician
798,420,5,880376704.0,F,0,34.548980712890625,writer
378,742,4,883327040.0,M,1,22.851686477661133,student
499,195,5,883851328.0,M,1,31.0,programmer
277,426,4,882545408.0,F,0,29.55495262145996,artist
907,69,4,881950848.0,F,0,36.016151428222656,other
18,58,3,880958784.0,F,0,28.989465713500977,other
429,631,4,883816064.0,M,1,17.980072021484375,student
416,9,5,884260992.0,F,0,29.999998092651367,student
666,30,4,879876672.0,M,1,44.62514114379883,administrator
846,357,5,886015296.0,M,1,26.136316299438477,lawyer
311,205,4,882340352.0,M,1,34.27605438232422,technician
457,763,4,880962176.0,F,0,29.951370239257812,salesman
905,274,3,885389696.0,M,1,23.0,other
146,257,5,884928576.0,M,1,33.7918815612793,other
351,100,5,884427584.0,M,1,31.65899085998535,scientist
90,488,3,886607808.0,M,1,45.11122512817383,educator
328,268,2,887359616.0,M,1,41.853145599365234,administrator
911,585,5,885357568.0,F,0,28.22344970703125,writer
652,327,2,885412288.0,M,1,38.290279388427734,other
407,264,4,880880896.0,M,1,22.74410629272461,engineer
201,1242,1,885201792.0,M,1,33.13063430786133,marketing
59,344,2,884110080.0,M,1,43.21488952636719,educator
468,153,4,881878144.0,M,1,31.797088623046875,engineer
886,282,5,877993088.0,M,1,19.469715118408203,student
279,1051,3,883012224.0,M,1,27.562091827392578,programmer
790,455,5,883658304.0,M,1,27.941219329833984,technician
196,307,4,887620096.0,M,1,31.0,writer
85,19,3,879799552.0,M,1,43.82951354980469,educator
266,284,3,883184896.0,F,0,46.72219467163086,administrator
682,188,4,885770048.0,M,1,29.853010177612305,programmer
291,1040,5,878963072.0,M,1,28.151538848876953,none
678,282,3,878067840.0,M,1,48.0,educator
721,168,5,882811072.0,M,1,27.609561920166016,entertainment
746,95,4,883242112.0,M,1,27.47698211669922,engineer
224,286,2,885992896.0,F,0,38.19518280029297,educator
474,501,5,883805376.0,M,1,24.999998092651367,executive
790,203,4,886493056.0,M,1,30.7480525970459,technician
399,111,3,884061824.0,M,1,28.48175811767578,other
893,17,2,877109760.0,M,1,27.60091209411621,student
796,203,4,890955264.0,F,0,34.37643051147461,writer
921,324,2,881333888.0,F,0,20.49542236328125,student
889,248,4,881085760.0,M,1,25.887117385864258,technician
392,595,5,886783296.0,M,1,31.98758888244629,writer
234,841,3,886648576.0,M,1,48.823490142822266,retired
152,59,5,880929152.0,F,0,26.999998092651367,educator
873,329,3,887493376.0,F,0,40.55868148803711,administrator
139,550,4,879825152.0,M,1,23.398971557617188,student
22,168,4,885378496.0,M,1,30.802413940429688,writer
833,1149,3,878118912.0,M,1,30.19642448425293,writer
690,79,5,882896128.0,M,1,29.025590896606445,salesman
87,89,5,882332480.0,M,1,36.375396728515625,administrator
650,1276,3,884686656.0,M,1,51.0,engineer
295,98,5,882316416.0,M,1,34.39373779296875,educator
788,157,3,879599232.0,M,1,34.9990234375,administrator
342,185,5,879419200.0,F,0,28.84091567993164,other
328,464,4,888123008.0,M,1,44.939510345458984,administrator
416,1037,2,884267264.0,F,0,21.12186050415039,student
83,429,4,881387456.0,M,1,29.9714298248291,other
481,127,5,884377600.0,M,1,49.7364387512207,retired
812,318,4,882835776.0,M,1,30.80477523803711,technician
65,659,5,881805504.0,F,0,39.43291473388672,educator
666,217,1,884097856.0,M,1,34.60008239746094,administrator
870,1161,3,882214592.0,M,1,18.0,student
925,762,3,886042240.0,F,0,29.038545608520508,salesman
684,684,4,878784832.0,M,1,20.245155334472656,student
269,381,1,890460864.0,F,0,29.64853286743164,librarian
472,466,4,878980224.0,M,1,25.999998092651367,executive
347,655,4,887746240.0,M,1,21.713153839111328,student
58,133,5,883966272.0,M,1,27.437023162841797,programmer
905,150,3,884444288.0,M,1,28.64942741394043,other
442,79,4,882026688.0,M,1,19.454038619995117,student
303,393,3,883731648.0,M,1,17.964813232421875,student
445,1273,1,884804224.0,M,1,23.294025421142578,writer
772,589,5,884581952.0,M,1,30.575761795043945,writer
299,1622,2,891204288.0,M,1,31.495361328125,doctor
798,286,3,880081600.0,F,0,37.84746551513672,writer
409,134,5,882099072.0,M,1,33.755126953125,administrator
848,685,3,892079616.0,M,1,36.62340545654297,engineer
387,1012,4,881259072.0,M,1,26.199277877807617,entertainment
347,265,3,883842880.0,M,1,28.34063148498535,student
158,357,4,883301440.0,M,1,39.0,educator
293,349,4,885172160.0,M,1,31.463132858276367,writer
929,121,3,892313280.0,M,1,35.09297180175781,scientist
392,286,4,888733376.0,M,1,33.08197021484375,writer
632,144,3,878382016.0,M,1,28.814556121826172,student
197,320,4,890539392.0,M,1,37.39625549316406,technician
499,522,4,888163136.0,M,1,32.03919982910156,programmer
268,281,2,884128256.0,M,1,30.01658058166504,engineer
774,960,1,887211904.0,M,1,21.37344741821289,student
200,604,4,887609344.0,M,1,29.42207908630371,programmer
435,403,3,883579136.0,M,1,25.973520278930664,engineer
294,271,4,885165440.0,M,1,29.797006607055664,technician
249,969,4,880126336.0,M,1,28.53656578063965,student
305,751,3,889955776.0,M,1,30.61505699157715,programmer
167,133,5,884044288.0,M,1,28.674110412597656,other
442,42,4,884067008.0,M,1,29.999998092651367,student
399,553,3,884476672.0,M,1,27.760820388793945,other
530,474,4,883343424.0,M,1,35.767005920410156,engineer
342,233,3,880352832.0,F,0,28.679527282714844,other
681,112,3,882834240.0,M,1,32.34138488769531,marketing
13,7,5,883719936.0,M,1,35.181434631347656,educator
96,181,5,882538368.0,F,0,28.399106979370117,artist
680,332,4,882313664.0,M,1,36.268123626708984,scientist
862,91,3,882140544.0,M,1,29.373598098754883,executive
174,454,4,884770112.0,F,0,35.882057189941406,administrator
44,1072,2,885126656.0,M,1,25.535276412963867,technician
786,82,4,881098240.0,F,0,35.88899230957031,engineer
130,22,4,880136832.0,M,1,25.21038818359375,none
407,188,4,880918912.0,M,1,25.96076202392578,engineer
218,183,3,879178560.0,M,1,43.0,marketing
592,652,5,884753152.0,M,1,29.44060707092285,student
666,317,4,886890560.0,M,1,31.519685745239258,administrator
318,194,4,885271680.0,M,1,52.1667594909668,retired
867,431,5,884136768.0,M,1,31.523366928100586,scientist
487,563,2,884541184.0,M,1,20.424365997314453,student
293,447,4,888460224.0,M,1,25.535093307495117,writer
122,25,2,876770240.0,F,0,29.198633193969727,writer
804,69,4,880969152.0,M,1,37.087425231933594,educator
393,1170,2,885803776.0,M,1,23.0,student
583,514,4,884800320.0,M,1,39.0,engineer
57,405,5,878184320.0,M,1,25.711875915527344,none
618,462,3,884099968.0,F,0,20.0,student
246,748,3,879376768.0,M,1,18.104480743408203,student
347,168,4,883137856.0,M,1,20.377315521240234,student
889,21,3,879614208.0,M,1,32.10873031616211,technician
710,172,4,881635712.0,M,1,22.777381896972656,student
500,566,4,885569664.0,M,1,35.81772232055664,administrator
405,1610,1,884835648.0,F,0,37.590030670166016,healthcare
542,100,4,884350272.0,M,1,22.10292625427246,student
336,473,3,879015232.0,M,1,26.110673904418945,salesman
352,416,4,884434496.0,F,0,30.868940353393555,programmer
680,176,4,883457472.0,M,1,28.86743927001953,lawyer
416,559,4,884288320.0,F,0,31.15413475036621,student
621,96,3,880719680.0,M,1,21.0,student
928,173,5,882721920.0,M,1,36.0,student
25,690,4,883468608.0,M,1,38.749046325683594,engineer
922,87,3,890627456.0,F,1,29.95758628845215,administrator
328,662,3,888114560.0,M,1,37.78749084472656,administrator
60,193,4,886147904.0,M,1,44.85105895996094,healthcare
537,291,3,884546112.0,M,1,33.23518753051758,engineer
938,513,4,890367808.0,F,0,17.0,technician
912,328,3,882106240.0,M,1,35.7550048828125,other
586,1079,4,883225728.0,M,1,20.825578689575195,other
274,98,4,879212416.0,F,0,30.79522705078125,student
738,178,4,883376768.0,M,1,31.202789306640625,technician
18,191,3,882327808.0,F,0,35.0,other
62,301,3,883215936.0,F,0,35.3138313293457,administrator
280,315,3,890846784.0,F,0,28.372766494750977,librarian
64,127,4,884949312.0,M,1,41.78164291381836,educator
833,118,1,884118144.0,M,1,30.92742347717285,writer
308,583,4,887556288.0,M,1,50.60655212402344,retired
751,655,4,884276032.0,F,0,29.883512496948242,other
495,509,3,889452928.0,M,1,28.03486442565918,engineer
5,989,3,878187200.0,F,0,24.45889663696289,other
591,191,3,888361728.0,M,1,44.13982009887695,librarian
617,1194,4,884292672.0,F,0,44.0,writer
709,210,3,881873664.0,M,1,29.243148803710938,other
184,298,4,890841024.0,M,1,41.0,librarian
451,475,4,882340800.0,M,1,22.68573760986328,student
537,396,3,886147008.0,M,1,35.9503288269043,engineer
592,989,5,883431872.0,M,1,18.40652847290039,student
682,871,3,886464448.0,M,1,24.8171443939209,programmer
422,956,4,882783488.0,M,1,32.68985366821289,writer
758,265,3,882387584.0,M,1,20.876880645751953,student
85,428,3,879787776.0,M,1,38.34165954589844,educator
181,319,3,883755328.0,M,1,28.048879623413086,executive
234,349,2,886658816.0,M,1,48.0,retired
561,591,4,888649152.0,M,1,28.86834716796875,engineer
679,381,3,885601472.0,F,0,28.118900299072266,student
834,340,4,890000704.0,M,1,28.16347312927246,other
881,418,3,880654400.0,M,1,34.43223190307617,marketing
303,219,4,883038464.0,M,1,19.786169052124023,student
889,409,4,881064832.0,M,1,29.83312225341797,technician
889,258,4,883417344.0,M,1,27.89689826965332,technician
435,133,1,883985280.0,M,1,28.719661712646484,engineer
99,451,4,886212608.0,M,1,20.410377502441406,student
312,751,4,884872000.0,M,1,31.256515502929688,other
328,326,3,891195328.0,M,1,35.964534759521484,administrator
880,780,4,884288064.0,M,1,23.00758934020996,student
312,515,5,884544704.0,M,1,34.227203369140625,other
886,475,4,876549568.0,M,1,24.10551643371582,student
221,1028,4,875980224.0,M,1,20.161495208740234,student
312,683,3,888829440.0,M,1,25.999998092651367,other
719,385,2,882984640.0,F,0,31.850217819213867,other
488,322,3,891495040.0,M,1,38.26631546020508,technician
236,995,5,886602368.0,M,1,33.426841735839844,writer
282,418,4,880027904.0,M,1,31.48052215576172,administrator
328,386,2,888389632.0,M,1,44.13720703125,administrator
213,237,5,888889664.0,M,1,30.761322021484375,executive
526,683,3,880455232.0,M,1,30.64590835571289,marketing
488,705,4,889376896.0,M,1,40.24578094482422,technician
891,45,2,883713792.0,F,0,49.069427490234375,administrator
629,423,5,884039232.0,F,0,28.654722213745117,other
514,175,4,883195136.0,M,1,27.191675186157227,programmer
472,496,5,885139392.0,M,1,21.915508270263672,student
269,1195,1,886985664.0,F,0,30.1961727142334,librarian
616,333,5,886768448.0,M,1,35.86730194091797,scientist
913,303,3,882583552.0,M,1,17.0,student
620,1039,4,886888256.0,F,0,32.14551544189453,writer
95,101,3,883810816.0,M,1,31.755765914916992,administrator
416,682,5,887300160.0,F,0,19.1879940032959,student
387,198,3,885211200.0,M,1,28.81270408630371,entertainment
539,1149,4,880693888.0,M,0,31.238697052001953,administrator
605,150,5,881804160.0,M,1,36.253116607666016,engineer
212,756,4,880053824.0,F,0,36.264015197753906,educator
92,430,4,879628928.0,M,1,36.51372528076172,entertainment
196,304,4,882701568.0,M,1,37.870399475097656,writer
184,527,4,887176064.0,M,1,23.999998092651367,librarian
559,205,3,887834816.0,M,1,40.43891143798828,executive
592,28,4,884037568.0,M,1,19.840595245361328,student
932,303,3,890659712.0,M,1,44.84996032714844,educator
184,241,3,888807744.0,M,1,32.967018127441406,librarian
18,527,3,884486464.0,F,0,37.582427978515625,other
239,708,5,887717248.0,M,1,30.009746551513672,artist
194,237,5,879138880.0,M,0,29.938241958618164,administrator
524,1119,3,885264192.0,M,1,33.03341293334961,educator
758,597,3,884584064.0,M,1,20.563556671142578,student
279,1100,4,884126144.0,M,1,26.312297821044922,programmer
4,1400,4,888416960.0,M,1,32.952720642089844,technician
600,550,5,888021312.0,M,1,26.23976707458496,programmer
729,772,1,885233920.0,M,1,20.97071075439453,student
455,200,3,880497024.0,M,1,38.28043746948242,administrator
802,518,4,879793216.0,M,1,33.60425567626953,administrator
754,514,4,884815552.0,F,0,45.0,librarian
788,202,4,880901376.0,M,1,37.98014831542969,administrator
744,284,3,882858176.0,M,1,46.0,marketing
925,336,3,883991360.0,F,0,30.968338012695312,salesman
931,203,4,888853824.0,M,1,26.999998092651367,educator
481,393,4,885663616.0,M,1,55.24976348876953,retired
600,465,4,886915968.0,M,1,29.310302734375,programmer
34,845,4,883137472.0,F,0,41.49363327026367,administrator
638,12,5,884394432.0,M,1,34.127418518066406,engineer
689,156,5,883901888.0,M,1,25.187847137451172,other
796,271,3,890416064.0,F,0,27.974634170532227,writer
343,603,5,880351040.0,M,1,26.999998092651367,engineer
311,222,4,885000960.0,M,1,32.46506118774414,technician
345,739,2,885448448.0,F,0,35.053863525390625,librarian
521,188,3,883935744.0,M,1,20.184043884277344,student
699,301,4,883844736.0,M,1,28.858348846435547,other
474,132,3,888496512.0,M,1,38.89683532714844,executive
894,449,3,885838720.0,M,1,36.031776428222656,educator
876,502,4,884126336.0,M,1,28.932249069213867,student
279,226,4,881671040.0,M,1,24.598846435546875,programmer
590,603,4,883696064.0,M,1,39.10282897949219,educator
83,418,4,880591040.0,M,1,29.903234481811523,other
738,566,4,882275392.0,M,1,29.7823486328125,technician
825,168,5,882776512.0,M,1,30.390504837036133,engineer
468,98,4,880628672.0,M,1,31.134220123291016,engineer
846,177,3,885694272.0,M,1,27.111753463745117,lawyer
299,484,4,880845184.0,M,1,29.30289649963379,doctor
357,38,5,883862784.0,M,1,27.703336715698242,executive
232,315,4,884671488.0,M,1,33.518653869628906,scientist
839,319,4,879037760.0,F,0,26.999998092651367,entertainment
736,98,5,880154688.0,F,0,34.63739013671875,writer
55,228,5,876394688.0,M,1,29.553207397460938,administrator
452,508,4,883357888.0,M,1,30.369075775146484,administrator
655,293,3,884290816.0,F,1,53.381561279296875,healthcare
660,584,5,891519424.0,M,1,32.95423889160156,engineer
277,268,5,881072576.0,F,1,39.988006591796875,administrator
891,923,4,885770048.0,F,0,38.37319564819336,administrator
758,423,4,881871104.0,M,1,10.0,student
889,2,3,882852992.0,M,1,29.4216365814209,technician
628,181,4,884977152.0,F,0,32.86627960205078,none
115,150,3,882411008.0,M,1,28.117618560791016,engineer
37,22,4,885045760.0,M,1,22.699909210205078,student
43,176,4,882386048.0,F,0,38.51818084716797,librarian
406,471,4,878228800.0,M,1,41.81185531616211,educator
891,937,3,885523840.0,F,0,44.09848403930664,administrator
567,584,4,884075904.0,M,1,35.2847900390625,entertainment
437,185,4,883246976.0,F,0,30.832847595214844,other
208,194,4,880740864.0,M,1,33.61537170410156,engineer
298,318,4,883437056.0,M,1,34.563514709472656,executive
757,302,3,888880640.0,M,1,26.0493221282959,student
655,659,2,888702464.0,F,0,46.008724212646484,healthcare
92,471,3,877011328.0,F,0,30.94434356689453,entertainment
536,474,5,881357760.0,M,1,35.91911315917969,engineer
714,172,4,887500800.0,M,1,32.229129791259766,lawyer
8,175,3,880324736.0,M,1,30.014320373535156,administrator
264,603,5,886383488.0,M,1,33.06074905395508,writer
835,1018,5,887746560.0,F,0,35.411720275878906,executive
804,282,4,881982080.0,M,1,28.798559188842773,educator
562,486,1,884345984.0,F,0,30.712236404418945,writer
299,121,4,884001024.0,M,1,28.68526268005371,doctor
222,229,3,878023808.0,M,1,27.058412551879883,programmer
409,531,5,880561792.0,M,1,32.56260299682617,administrator
804,1607,4,882318528.0,M,1,35.094268798828125,educator
187,285,4,884140736.0,M,1,44.86885452270508,educator
655,588,3,885906816.0,F,0,42.0,healthcare
795,474,3,884295296.0,M,1,27.712923049926758,programmer
679,313,5,889135488.0,F,0,24.18391227722168,student
264,603,5,884830208.0,F,0,32.73392868041992,writer
523,14,4,881726528.0,F,0,42.41961669921875,administrator
521,95,3,882338880.0,M,1,25.41554069519043,student
308,410,3,884729408.0,M,1,42.380035400390625,retired
561,123,4,892911168.0,M,1,27.06279754638672,engineer
453,1025,1,883407360.0,M,1,20.171066284179688,student
382,172,5,884333184.0,M,1,31.256486892700195,engineer
493,756,2,879834880.0,M,1,26.762060165405273,engineer
627,123,4,883405632.0,M,1,29.88863754272461,engineer
267,168,5,879574720.0,M,1,30.09857177734375,engineer
303,278,4,881213056.0,M,1,19.17475128173828,student
405,1258,1,883947648.0,F,0,26.999998092651367,healthcare
308,1064,4,887042048.0,M,1,53.39537811279297,retired
234,286,3,886726272.0,M,1,50.76478576660156,retired
612,462,3,879044096.0,M,1,38.90821075439453,educator
846,474,4,877107392.0,M,1,29.661827087402344,lawyer
393,358,3,888634560.0,M,1,19.991655349731445,student
661,183,4,878690240.0,M,1,35.67314147949219,programmer
624,188,4,883237824.0,M,1,20.686067581176758,student
532,1267,5,888828160.0,M,1,23.043855667114258,student
537,432,4,886428096.0,M,1,24.999998092651367,engineer
378,715,3,881835264.0,M,1,21.060558319091797,student
780,216,4,884120832.0,M,1,36.1618537902832,programmer
527,634,5,890427328.0,M,1,28.894990921020508,librarian
613,243,3,885739584.0,F,0,33.75408935546875,administrator
417,1042,4,885433152.0,F,0,31.700849533081055,writer
621,1222,1,882570752.0,M,1,19.642807006835938,student
586,1228,4,881654528.0,M,1,19.647783279418945,student
378,742,3,880939072.0,M,1,19.156578063964844,student
250,56,4,882049984.0,M,1,29.285240173339844,executive
151,732,4,883075200.0,F,0,37.926483154296875,administrator
393,347,4,888899776.0,M,1,19.230937957763672,student
592,7,4,881517184.0,M,1,19.922508239746094,student
92,1091,3,883486208.0,M,1,26.81867218017578,entertainment
144,310,4,887998528.0,M,1,31.00126838684082,programmer
931,4,4,888408192.0,M,1,49.420867919921875,educator
7,238,5,886537344.0,M,1,37.136810302734375,administrator
367,772,4,882416704.0,M,1,26.999998092651367,student
13,1041,1,883638976.0,M,1,43.62477111816406,educator
776,709,5,891383360.0,M,1,35.25908660888672,librarian
693,118,4,880174464.0,F,0,42.36304473876953,other
381,82,4,886466048.0,M,1,26.264188766479492,artist
559,192,3,884215488.0,M,1,29.999998092651367,executive
886,410,4,877200064.0,M,1,28.849445343017578,student
682,322,3,886834816.0,M,1,30.27676773071289,programmer
200,576,5,884119104.0,M,1,31.7990665435791,programmer
690,1124,4,881060736.0,M,1,29.815593719482422,salesman
256,243,4,884325824.0,F,0,30.890090942382812,none
360,191,3,884359232.0,M,1,28.578140258789062,other
543,153,4,880629440.0,M,1,34.40665054321289,scientist
690,79,4,880769088.0,M,1,28.626054763793945,salesman
539,269,4,882489472.0,M,0,48.25333786010742,educator
122,269,5,881414464.0,F,1,37.14820098876953,writer
524,291,3,882822272.0,M,1,28.721696853637695,educator
328,708,2,885091776.0,M,1,22.0,administrator
493,763,2,881259456.0,M,1,26.88217544555664,engineer
892,763,1,886315136.0,M,1,26.5953311920166,other
532,747,2,888024896.0,M,1,15.999999046325684,student
280,9,5,882607680.0,F,0,30.690929412841797,librarian
406,50,4,879307200.0,M,1,39.75761795043945,educator
524,511,5,884622400.0,M,1,48.43581008911133,educator
96,56,5,878630208.0,F,0,37.43951416015625,educator
334,210,4,887452224.0,M,1,36.881778717041016,librarian
346,318,4,877370240.0,M,1,24.999998092651367,other
582,871,3,883663616.0,M,1,18.699682235717773,student
823,472,4,880911616.0,M,1,27.4766788482666,artist
412,174,4,881955456.0,M,1,32.073265075683594,educator
374,813,4,880779456.0,M,1,30.364896774291992,executive
392,98,4,885488896.0,M,1,35.10821533203125,writer
498,269,5,884496064.0,M,1,29.604076385498047,writer
927,756,4,879383424.0,M,1,25.177570343017578,programmer
923,98,4,880225984.0,M,1,23.12541389465332,student
49,399,4,883382144.0,F,0,29.05097770690918,student
10,357,4,884609792.0,M,1,31.143169403076172,lawyer
416,1353,1,886113408.0,F,0,23.0,student
378,117,4,880830656.0,M,1,28.878353118896484,student
280,479,5,889825984.0,F,0,30.047531127929688,librarian
840,474,4,879464064.0,M,1,28.132705688476562,artist
328,231,3,887760000.0,M,1,43.67506408691406,administrator
648,331,1,880936128.0,M,1,26.293182373046875,engineer
758,82,3,884994368.0,M,1,20.86697769165039,student
899,521,4,884935168.0,M,1,21.0,other
221,1,3,877687616.0,M,1,20.84962272644043,student
362,689,3,886411968.0,F,0,32.151153564453125,homemaker
94,595,3,889715200.0,M,1,22.471416473388672,student
699,988,3,883549888.0,M,1,28.898067474365234,other
74,549,2,891199936.0,M,1,34.47754669189453,scientist
704,162,3,887408128.0,F,0,43.39364242553711,librarian
445,1216,1,884051968.0,M,1,26.78736686706543,student
751,154,4,886079360.0,F,0,31.41090965270996,other
886,157,4,874729984.0,M,1,27.222007751464844,student
429,477,3,882248576.0,M,1,20.884510040283203,student
233,82,5,884157184.0,M,1,27.549890518188477,artist
472,282,5,878457216.0,M,1,40.0,student
145,410,4,875271424.0,M,1,28.285112380981445,entertainment
738,474,4,881662976.0,M,1,29.358383178710938,technician
14,647,3,882054848.0,M,1,38.41999816894531,educator
656,328,3,882901824.0,M,1,37.662715911865234,educator
852,307,4,889095296.0,M,1,35.98569869995117,administrator
499,222,4,881432256.0,M,1,31.044307708740234,programmer
671,309,4,889718336.0,M,1,28.393835067749023,programmer
509,1050,3,891033600.0,M,1,31.866016387939453,administrator
221,1182,3,880233984.0,M,1,18.490989685058594,student
32,2,4,883717824.0,F,0,20.872867584228516,student
160,261,4,884518528.0,M,1,27.77297019958496,programmer
862,204,4,883983680.0,M,1,30.483041763305664,executive
521,367,3,881778240.0,M,1,20.001792907714844,student
886,455,4,880240320.0,M,1,21.878835678100586,student
13,659,3,886171200.0,M,1,40.07252502441406,educator
934,199,5,886269568.0,M,0,53.16600799560547,engineer
507,116,5,887445440.0,F,0,30.802181243896484,writer
835,238,4,885502784.0,M,1,30.874528884887695,executive
548,269,5,887819456.0,M,1,38.301673889160156,writer
160,226,4,880045632.0,M,1,28.43740463256836,programmer
437,1323,4,885375616.0,F,0,32.2955322265625,other
870,273,4,878886720.0,M,1,21.371082305908203,student
206,1620,1,887401664.0,F,0,19.342391967773438,student
424,458,4,882998336.0,F,0,37.71141815185547,marketing
429,55,3,881130752.0,M,1,22.54032325744629,student
108,295,4,891352512.0,M,1,40.91779327392578,educator
421,326,3,888999104.0,F,0,31.759939193725586,programmer
780,97,3,883536320.0,M,1,32.99495315551758,administrator
25,1,4,882063104.0,M,1,32.03711700439453,engineer
481,216,5,884844480.0,M,1,41.6754150390625,retired
214,14,4,889203584.0,F,0,36.06804656982422,librarian
627,692,3,883870080.0,M,1,28.97153091430664,engineer
664,474,4,883546688.0,M,1,23.0,engineer
455,604,4,882013760.0,M,1,42.64518737792969,administrator
181,1079,1,883518272.0,M,1,26.639381408691406,executive
650,96,3,889335296.0,M,1,35.303436279296875,engineer
665,449,4,885481664.0,M,1,30.135848999023438,administrator
862,423,4,877465152.0,M,1,28.936702728271484,executive
877,505,5,883857344.0,M,1,35.48738098144531,other
13,241,4,882410560.0,M,1,40.319847106933594,educator
650,510,4,884141696.0,M,1,32.0,engineer
499,693,4,884205376.0,M,1,22.0,programmer
481,430,5,884904704.0,M,1,55.993282318115234,retired
158,188,5,882316032.0,M,1,42.9539680480957,educator
457,876,4,880753664.0,F,0,30.71593475341797,salesman
634,186,4,883966976.0,M,1,31.899761199951172,engineer
267,192,5,882498048.0,M,1,26.999998092651367,engineer
721,231,4,879577408.0,F,0,37.0,entertainment
682,245,4,887867264.0,M,1,28.69264030456543,programmer
851,1419,1,881685888.0,M,1,25.871124267578125,other
711,423,5,879604480.0,F,0,21.671218872070312,student
407,546,4,880340480.0,M,1,25.954730987548828,engineer
548,163,4,885014080.0,M,1,34.616153717041016,writer
354,763,4,890892864.0,F,0,35.960357666015625,librarian
521,257,3,882648256.0,M,1,20.621206283569336,student
897,228,5,884220352.0,M,1,28.710477828979492,other
666,255,4,884155840.0,M,1,28.925167083740234,administrator
756,111,4,875224256.0,F,0,27.179180145263672,none
699,416,4,881890048.0,M,1,33.219459533691406,other
474,322,4,888549760.0,M,1,40.6935920715332,executive
422,176,4,880528832.0,M,1,26.22555923461914,entertainment
49,139,3,886439104.0,F,0,21.22962188720703,student
724,828,1,881965760.0,M,1,35.0,executive
394,603,5,882946688.0,M,1,29.898595809936523,administrator
536,188,4,884094464.0,M,1,31.02536392211914,engineer
633,79,4,879200768.0,M,1,27.319429397583008,programmer
87,94,4,881601984.0,M,1,30.873958587646484,administrator
288,197,5,882729280.0,M,1,35.87506103515625,marketing
537,1032,3,884620992.0,M,1,27.464210510253906,engineer
151,23,5,882206528.0,F,0,33.81642150878906,administrator
327,91,4,887189312.0,M,1,19.210351943969727,student
399,1011,3,881901632.0,M,1,29.717918395996094,other
57,816,5,875289664.0,M,1,25.334238052368164,none
749,1,3,880511936.0,M,1,30.579814910888672,other
843,748,3,887054464.0,M,1,33.23839569091797,librarian
901,15,4,877974848.0,M,1,29.553180694580078,executive
653,238,4,884895872.0,M,1,32.8656120300293,executive
618,764,1,886691712.0,F,0,18.78691291809082,student
537,1470,3,886205120.0,M,1,38.09109878540039,engineer
235,347,3,889445888.0,M,1,40.33189392089844,educator
937,969,4,878806528.0,M,1,33.455814361572266,educator
416,330,4,886291264.0,F,0,20.43708038330078,student
294,164,3,883855744.0,M,1,27.933515548706055,technician
255,434,4,882520704.0,M,1,31.758602142333984,entertainment
585,181,5,886030720.0,M,1,43.0,librarian
653,262,2,884129536.0,M,1,33.14689636230469,executive
318,286,4,885614080.0,M,1,41.4493293762207,technician
524,887,3,885977664.0,M,1,44.37309265136719,educator
327,82,4,885575808.0,M,1,21.77094268798828,student
572,1628,3,879800320.0,M,1,36.12981414794922,writer
919,1480,2,882925248.0,M,1,24.788782119750977,other
717,1397,3,884644864.0,M,1,27.94547462463379,technician
521,90,3,882710336.0,M,1,21.0,student
934,685,3,887115904.0,M,1,42.0,engineer
606,1133,4,881960064.0,M,1,29.07345962524414,programmer
478,7,4,884140608.0,M,1,26.34738540649414,other
545,132,3,883980160.0,M,1,28.825382232666016,technician
295,15,4,875334976.0,M,1,37.93437194824219,educator
406,823,2,883899456.0,M,1,41.251216888427734,educator
222,105,2,883730304.0,M,1,38.0,programmer
198,932,3,880808000.0,F,0,28.005966186523438,student
804,55,3,881479360.0,M,1,33.6069450378418,educator
887,824,5,883585984.0,F,0,18.10430145263672,student
640,237,3,877937792.0,M,1,22.55035400390625,student
789,25,4,875964096.0,M,1,31.129671096801758,other
864,78,5,887456640.0,M,1,25.43112564086914,programmer
109,218,4,879456128.0,M,1,28.865507125854492,other
721,277,3,884359552.0,F,0,30.62841796875,entertainment
91,503,4,891293952.0,M,1,41.3641242980957,marketing
699,520,3,880055424.0,M,1,37.28438186645508,other
487,496,4,887939200.0,M,1,32.732383728027344,engineer
265,257,4,881745536.0,M,1,31.895570755004883,executive
293,403,4,885627264.0,M,1,26.436656951904297,writer
643,509,4,892174272.0,M,1,36.43327713012695,scientist
936,706,2,887352576.0,M,1,32.200714111328125,other
139,50,4,879873728.0,M,1,21.911745071411133,student
314,1152,4,875653184.0,F,0,23.46910285949707,student
291,410,4,877228480.0,M,1,21.737689971923828,student
11,482,4,888067520.0,F,0,34.6800651550293,other
513,97,4,891283712.0,M,1,34.60993194580078,administrator
659,9,4,882815296.0,M,1,36.36989974975586,educator
359,187,5,883950144.0,M,1,21.18716812133789,student
294,755,3,891457728.0,M,1,31.92027473449707,technician
393,288,4,883616576.0,M,1,18.0,student
609,892,1,886849152.0,F,0,19.40308952331543,student
666,188,4,883940224.0,M,1,32.0,administrator
855,10,3,885172800.0,M,1,47.96222686767578,engineer
823,117,4,880623552.0,M,1,27.531295776367188,artist
684,195,5,880620992.0,M,1,20.41805648803711,student
585,4,4,891458048.0,M,1,46.56514358520508,engineer
99,1143,4,887451136.0,M,1,19.136878967285156,student
198,405,3,882609344.0,F,0,19.414321899414062,student
399,323,3,886448384.0,M,1,25.06029510498047,other
434,263,1,886316736.0,F,0,21.543066024780273,student
921,185,4,882802176.0,M,1,19.77394676208496,student
434,679,1,885599232.0,F,0,18.32834243774414,student
649,550,4,886401856.0,M,1,22.238624572753906,student
42,188,4,882199104.0,M,1,30.831871032714844,administrator
712,1301,4,878661184.0,F,0,30.92871856689453,student
13,480,5,884437184.0,M,1,38.94792938232422,educator
303,222,4,878292480.0,M,1,20.0,student
298,222,4,882729088.0,M,1,32.789039611816406,executive
642,381,2,885628992.0,F,0,11.0,student
31,133,4,885068096.0,M,1,31.0,librarian
661,302,5,878938944.0,M,1,28.360502243041992,programmer
472,194,4,880429696.0,M,1,22.1055850982666,student
561,663,4,886761088.0,M,1,28.966299057006836,engineer
271,186,4,882182272.0,M,1,28.999998092651367,engineer
125,47,3,887533056.0,M,1,29.65979766845703,lawyer
639,1016,1,891504704.0,M,1,34.77154541015625,librarian
727,1050,2,880608896.0,M,1,25.32663917541504,administrator
878,1636,3,878977664.0,F,0,48.13633346557617,educator
672,321,4,882363136.0,F,0,43.5188102722168,administrator
429,928,3,882580608.0,M,1,20.815853118896484,student
408,768,3,888119168.0,M,1,21.19520378112793,student
271,193,4,886396480.0,M,1,50.0,engineer
497,826,3,881102656.0,M,1,18.056196212768555,student
110,470,4,885473728.0,M,1,23.589008331298828,student
200,300,4,889677440.0,M,1,35.0,programmer
387,357,5,884366016.0,M,1,26.233722686767578,entertainment
934,298,4,885849984.0,M,1,50.0,engineer
871,270,3,889907904.0,M,1,28.576011657714844,executive
474,181,4,884550208.0,M,1,38.0,executive
303,403,1,881711808.0,M,1,26.64405059814453,student
887,324,5,884333632.0,F,0,19.459484100341797,student
279,299,1,882544064.0,M,1,25.043058395385742,programmer
233,511,5,884612096.0,M,1,34.930023193359375,librarian
174,259,5,886669440.0,F,0,30.797182083129883,administrator
697,117,5,884036672.0,M,1,28.999998092651367,other
405,707,1,883989760.0,F,0,27.2544002532959,healthcare
234,317,2,890077696.0,M,1,48.854637145996094,retired
234,348,2,890413312.0,M,1,46.96250534057617,retired
727,546,2,883854400.0,M,1,28.862415313720703,student
514,213,4,879813056.0,M,1,32.63671112060547,programmer
474,2,5,888576896.0,M,1,38.0,executive
852,895,2,884312576.0,M,1,33.0,administrator
168,193,4,883896960.0,F,1,35.02216339111328,other
899,274,3,884501184.0,M,1,28.099498748779297,other
883,675,3,891430208.0,M,1,34.33844757080078,librarian
342,42,5,874950080.0,M,1,27.08057403564453,other
708,322,3,885624512.0,F,0,32.01145553588867,homemaker
562,297,5,882518208.0,F,0,37.825408935546875,administrator
934,312,4,884198848.0,M,1,31.601741790771484,engineer
642,259,2,884047872.0,F,0,31.0,student
235,197,5,891478080.0,M,1,41.268619537353516,educator
637,1232,1,884939712.0,M,1,25.301382064819336,other
655,292,3,886123264.0,F,0,41.36626434326172,healthcare
426,318,4,884375616.0,M,1,44.11670684814453,educator
705,684,3,881611712.0,F,0,19.819908142089844,student
943,685,2,883570496.0,M,1,20.24581527709961,student
845,269,5,884922560.0,M,1,35.0,doctor
125,255,3,887670528.0,M,1,29.585432052612305,lawyer
321,237,4,879364416.0,F,0,40.52729797363281,educator
729,259,4,888596544.0,M,1,20.605552673339844,student
291,873,3,882621568.0,M,1,21.449119567871094,student
620,274,4,887821504.0,F,0,30.85845947265625,writer
406,216,4,883663744.0,M,1,41.21164321899414,educator
578,144,2,880219456.0,M,1,26.92568588256836,engineer
295,423,5,883868928.0,M,1,28.830472946166992,educator
689,181,5,876036032.0,M,1,27.532808303833008,student
354,143,3,888473984.0,F,0,36.12553024291992,librarian
295,9,4,882015872.0,M,1,33.54278564453125,educator
896,252,2,884647360.0,M,1,28.173707962036133,writer
698,66,5,885383680.0,F,0,31.439090728759766,programmer
177,11,4,884029504.0,M,1,25.968914031982422,programmer
479,427,4,882952064.0,M,1,37.5326042175293,educator
450,1208,3,881080064.0,F,0,36.189674377441406,educator
363,354,2,890761536.0,M,1,20.51582145690918,student
660,477,4,890592640.0,M,1,20.859416961669922,student
279,575,3,881723520.0,M,1,37.0,marketing
532,170,5,888191040.0,M,1,25.38222885131836,student
394,597,5,884170624.0,M,1,25.029476165771484,artist
595,72,4,883908544.0,M,1,29.393247604370117,programmer
342,367,3,878284288.0,F,0,29.808395385742188,other
308,614,3,886336320.0,M,1,50.04338073730469,retired
274,1444,5,884698496.0,F,0,30.712865829467773,student
33,381,3,885787008.0,F,0,25.124670028686523,student
138,69,4,881101312.0,M,1,32.88829040527344,scientist
880,3,2,880376640.0,M,1,19.86371421813965,student
896,1185,5,883895936.0,M,1,26.999998092651367,writer
682,522,3,884093312.0,M,1,31.0,programmer
639,286,3,888376064.0,F,0,28.229101181030273,librarian
322,315,5,890321216.0,M,1,24.27573013305664,student
92,81,5,878516736.0,M,1,31.178091049194336,entertainment
537,1031,2,883170048.0,M,1,28.915189743041992,engineer
99,363,4,886316800.0,M,1,26.999998092651367,student
564,50,5,886995456.0,M,1,38.272979736328125,technician
871,307,3,884103808.0,M,1,32.476341247558594,executive
709,248,4,876408128.0,M,1,24.6724796295166,other
294,1174,3,883425600.0,M,1,28.575515747070312,technician
889,161,4,881373888.0,M,1,28.783401489257812,technician
326,507,3,881098368.0,M,1,38.56866455078125,administrator
223,259,4,882921536.0,F,0,21.070423126220703,student
798,675,1,888324672.0,F,0,50.0,writer
181,232,3,880679232.0,M,1,25.3906192779541,executive
686,64,5,883745920.0,M,1,37.58659362792969,educator
594,257,4,882401536.0,M,1,43.945068359375,educator
720,258,3,883608384.0,F,0,41.15293502807617,educator
235,318,5,892550272.0,M,1,42.67362976074219,educator
548,1081,4,891496832.0,M,1,33.777671813964844,writer
110,1228,4,891383296.0,M,1,34.45823287963867,student
112,354,1,880880896.0,M,1,32.0,salesman
95,92,4,880151808.0,M,1,32.11128234863281,administrator
770,200,5,882394688.0,M,1,29.185094833374023,programmer
322,134,4,888363072.0,M,1,25.700490951538086,student
655,662,3,886082432.0,F,0,45.0,healthcare
393,651,3,889032448.0,M,1,20.07064437866211,student
632,180,4,879951424.0,M,1,21.0,student
849,197,5,882023360.0,F,0,23.689056396484375,student
620,746,5,889693888.0,F,1,29.91119384765625,writer
289,63,3,879793472.0,M,1,24.79494857788086,none
305,1173,3,885703872.0,M,1,31.304412841796875,programmer
18,211,5,882566464.0,F,0,35.50537109375,other
455,661,3,882005696.0,M,1,39.127777099609375,administrator
624,238,4,883379968.0,M,1,21.24728775024414,student
235,499,4,886291520.0,M,1,44.887481689453125,educator
303,53,1,882790912.0,M,1,26.123872756958008,student
682,1005,5,884707712.0,M,1,29.000446319580078,programmer
622,276,2,887509568.0,M,1,28.66053581237793,programmer
1,177,4,884096192.0,M,1,27.48142433166504,technician
374,423,4,880119552.0,M,1,27.334453582763672,executive
689,347,3,884352640.0,M,1,27.718032836914062,other
551,174,5,888861632.0,M,1,28.872146606445312,programmer
521,295,3,883973056.0,M,1,19.757843017578125,student
892,1219,5,885801152.0,M,1,29.714109420776367,other
87,33,3,881077952.0,M,1,32.86260223388672,administrator
858,117,4,884121856.0,M,1,37.48030090332031,educator
663,176,5,884487168.0,M,1,27.999998092651367,other
144,261,2,883702656.0,M,1,28.81276512145996,programmer
311,234,5,884937408.0,M,1,28.708927154541016,technician
59,480,4,888842048.0,M,1,42.26347351074219,educator
487,403,4,884776320.0,M,1,26.104938507080078,engineer
665,200,4,884210880.0,M,1,28.162094116210938,administrator
636,100,5,883608192.0,F,0,37.708126068115234,writer
790,226,3,883770624.0,M,1,26.999998092651367,technician
343,144,5,879557248.0,F,0,30.547510147094727,administrator
790,245,3,886045824.0,M,1,32.39373016357422,technician
169,433,3,886603584.0,F,0,39.08686065673828,healthcare
295,187,4,882547264.0,M,1,35.99018096923828,educator
640,97,4,883653632.0,M,1,22.038999557495117,student
588,751,5,890323456.0,F,0,20.830392837524414,student
332,94,2,891447744.0,M,1,19.5819149017334,student
535,255,3,882580864.0,F,0,38.55506896972656,educator
814,106,3,888884224.0,M,1,30.851390838623047,other
75,1012,4,881860288.0,M,1,25.281082153320312,entertainment
446,235,4,885086784.0,M,1,39.95492172241211,educator
239,502,4,885532672.0,M,1,27.76873779296875,artist
804,238,4,882412288.0,M,1,38.496665954589844,educator
250,1134,3,882636992.0,M,1,26.989452362060547,executive
615,276,5,878200704.0,M,1,28.810659408569336,educator
49,623,3,883415552.0,F,0,19.04286766052246,student
553,318,5,884249984.0,M,1,33.0,educator
349,604,5,880806720.0,M,1,54.503265380859375,retired
940,357,4,888595776.0,M,1,29.340375900268555,administrator
106,754,4,886676288.0,M,1,70.0,retired
514,216,5,878955712.0,M,1,35.0,programmer
456,1153,3,883946240.0,M,1,27.806499481201172,technician
249,176,4,883117568.0,M,1,23.363374710083008,student
871,245,3,884343552.0,M,1,30.05467987060547,executive
29,145,4,883757696.0,M,1,26.358766555786133,programmer
882,489,5,882403136.0,M,1,39.0,engineer
614,547,2,884452608.0,M,1,42.822113037109375,educator
521,90,3,884428416.0,M,1,19.680980682373047,student
622,1091,4,885683648.0,M,1,26.199403762817383,programmer
303,1228,1,881975936.0,M,1,20.4446964263916,student
453,176,4,883808128.0,M,1,28.080963134765625,student
409,79,4,883951680.0,M,1,29.622180938720703,administrator
429,928,2,883775488.0,M,1,26.999998092651367,student
521,651,3,884738688.0,M,1,19.540267944335938,student
188,180,3,878963200.0,M,1,28.734968185424805,student
109,181,3,884129600.0,M,1,33.819847106933594,other
749,150,4,880108480.0,M,1,28.039798736572266,other
189,530,4,890890624.0,M,1,30.566349029541016,student
629,1566,3,882060480.0,F,0,30.858474731445312,other
407,1278,4,883205120.0,M,1,31.271066665649414,engineer
823,98,4,881460544.0,M,1,27.515850067138672,artist
868,1,4,879775872.0,M,1,25.925273895263672,programmer
109,433,4,879731264.0,M,1,28.09844207763672,other
504,304,4,883934400.0,F,0,31.371728897094727,writer
39,56,4,885751040.0,M,1,26.999998092651367,entertainment
907,64,5,883386880.0,F,0,32.447288513183594,other
311,111,4,882517760.0,M,1,28.830839157104492,technician
374,344,5,884408320.0,M,1,30.92765235900879,other
830,151,4,885883776.0,M,1,31.006193161010742,technician
458,204,4,886508352.0,M,1,33.352760314941406,technician
298,137,5,883271168.0,M,1,33.49597930908203,executive
308,457,4,887017152.0,M,1,49.39064407348633,retired
178,294,4,885848896.0,M,1,30.70172882080078,other
199,480,5,885170944.0,M,1,29.074710845947266,writer
293,520,5,888638400.0,M,1,25.999998092651367,writer
450,273,4,887195712.0,F,0,54.0,educator
347,710,4,884569152.0,M,1,20.98961639404297,student
328,530,4,890094336.0,M,1,44.63847351074219,administrator
167,259,4,888649536.0,M,1,21.4053955078125,student
246,210,3,882554176.0,M,1,18.0,student
375,549,4,883832704.0,M,1,29.908920288085938,engineer
907,257,5,880524672.0,F,0,31.999902725219727,other
454,289,3,885964544.0,M,1,36.49798583984375,other
537,148,3,884202240.0,M,1,29.704721450805664,engineer
875,180,5,881561280.0,M,0,23.631397247314453,student
181,981,1,880049856.0,M,1,38.0,executive
843,1014,2,884037760.0,M,1,35.014808654785156,librarian
536,199,5,883939008.0,M,1,35.0,engineer
380,510,2,886078208.0,M,1,28.435670852661133,engineer
181,1374,1,880009216.0,M,1,26.167211532592773,executive
896,754,5,884177152.0,M,1,31.0,writer
207,238,4,879988288.0,M,1,33.133018493652344,marketing
29,755,3,882385280.0,M,1,28.791351318359375,programmer
822,8,4,887852032.0,F,0,35.0,librarian
676,1445,2,890871744.0,M,1,32.49376678466797,librarian
410,269,3,883980800.0,F,0,41.31831741333008,other
703,448,4,883444288.0,M,1,26.999998092651367,educator
782,739,3,885770752.0,F,0,27.933109283447266,artist
234,463,3,890666880.0,M,1,50.51192092895508,retired
535,57,5,879440192.0,F,0,25.999998092651367,educator
303,356,4,882956224.0,M,1,23.181922912597656,student
731,471,3,881060800.0,F,0,38.19287872314453,educator
159,721,4,883600576.0,F,0,19.310405731201172,student
682,627,3,884384704.0,M,1,50.0,programmer
183,228,4,888905088.0,M,1,32.925132751464844,scientist
380,62,4,879953152.0,M,1,20.699899673461914,engineer
160,66,4,880150464.0,M,1,27.03590202331543,programmer
804,234,4,878759936.0,M,1,37.45927429199219,educator
429,818,4,880845056.0,M,1,24.523752212524414,student
256,289,3,880448384.0,F,0,28.73495101928711,none
603,48,4,884049920.0,M,1,27.919221878051758,programmer
378,22,4,880199296.0,M,1,20.620603561401367,student
523,14,4,881638592.0,M,0,44.72007751464844,administrator
629,300,3,888110080.0,F,0,35.399627685546875,other
83,977,2,883623936.0,M,1,26.305641174316406,other
207,136,3,882700480.0,M,1,34.199188232421875,marketing
378,771,3,879734400.0,M,1,21.387964248657227,student
378,7,3,884307648.0,M,1,25.56646728515625,student
208,302,4,882389440.0,M,1,29.592376708984375,technician
222,1054,4,880393216.0,M,1,26.335113525390625,programmer
407,230,4,880194816.0,M,1,24.51679801940918,engineer
618,1074,3,888535616.0,F,0,20.370948791503906,student
5,111,3,877338688.0,F,0,27.645633697509766,other
102,449,2,888220928.0,M,1,28.592687606811523,programmer
298,465,4,883931456.0,M,1,32.29046630859375,executive
443,226,3,884393536.0,M,1,27.32539176940918,programmer
188,173,5,878677120.0,M,1,21.66547393798828,student
922,269,3,884698560.0,F,0,26.999998092651367,administrator
663,1378,5,886724800.0,M,1,24.362651824951172,other
698,931,2,885259840.0,F,0,27.493804931640625,programmer
94,566,4,887109376.0,M,1,22.55876922607422,student
826,238,5,884922944.0,M,1,30.139890670776367,artist
362,331,4,885968384.0,F,0,34.428375244140625,homemaker
28,203,4,886046400.0,M,1,32.05274200439453,writer
503,496,5,883042368.0,F,0,29.73771858215332,writer
666,180,4,881379008.0,M,1,35.296485900878906,administrator
256,538,4,884043392.0,F,0,28.25804901123047,none
145,636,4,882348736.0,M,1,27.999998092651367,entertainment
109,301,4,885435392.0,M,1,31.80529022216797,other
59,887,2,889020416.0,M,1,43.162349700927734,educator
566,271,2,883464704.0,M,1,19.813880920410156,student
878,965,5,884265408.0,F,0,42.7391242980957,educator
201,396,4,884021056.0,M,1,27.679542541503906,writer
754,216,4,883082752.0,F,0,52.0,librarian
718,117,4,887669248.0,M,1,24.51446533203125,other
727,421,4,883570240.0,M,1,28.767684936523438,student
350,300,5,887565312.0,M,1,22.42797088623047,student
239,845,5,885975680.0,M,1,33.627037048339844,marketing
798,63,4,878640128.0,F,0,33.465309143066406,writer
207,237,3,881592640.0,M,1,33.64094543457031,marketing
327,588,4,885419200.0,M,1,18.130531311035156,student
313,51,3,886146240.0,M,1,35.0,marketing
58,114,5,888066688.0,M,1,28.334577560424805,programmer
749,378,4,883568960.0,M,1,32.74147033691406,other
405,1089,5,883320320.0,F,0,29.451608657836914,healthcare
541,274,4,882677952.0,F,0,29.342105865478516,student
311,9,5,884110144.0,M,1,29.687538146972656,technician
59,652,2,892659904.0,M,1,40.092464447021484,educator
416,313,5,888535808.0,F,0,21.27667999267578,student
178,6,1,884883840.0,M,1,24.632795333862305,other
416,682,5,887559808.0,F,0,20.59040069580078,student
804,735,3,884292032.0,M,1,41.880958557128906,educator
342,118,5,878996544.0,F,0,33.94461441040039,other
394,347,4,882123648.0,F,0,30.555139541625977,administrator
416,693,3,885509504.0,F,0,18.770915985107422,student
639,306,3,884768768.0,F,0,46.15350341796875,administrator
221,976,5,878530048.0,M,1,18.841026306152344,student
290,319,4,884743616.0,M,1,34.33188247680664,engineer
453,421,4,881626496.0,M,1,20.062196731567383,student
518,845,3,882706112.0,F,0,45.371456146240234,engineer
602,271,3,888715008.0,F,0,26.231937408447266,other
347,330,5,883546112.0,M,1,19.335243225097656,student
416,723,2,887043264.0,F,0,20.750789642333984,student
378,87,4,879421248.0,M,1,21.3409481048584,student
222,276,4,878744576.0,M,1,43.0,programmer
363,540,3,891655552.0,F,1,19.678150177001953,student
7,754,4,889681216.0,M,1,37.3587646484375,administrator
405,735,1,883975168.0,F,0,27.68071937561035,healthcare
796,728,3,884203776.0,F,0,32.12882995605469,writer
798,177,3,879749952.0,F,0,33.13433074951172,writer
276,237,4,884091264.0,M,1,20.0,student
927,9,4,880915968.0,M,1,28.20108413696289,programmer
276,458,1,880585856.0,M,1,20.788827896118164,student
518,95,5,883955072.0,F,0,33.77509689331055,writer
532,313,5,889673792.0,M,1,23.303380966186523,student
924,32,5,885407680.0,M,1,28.650287628173828,other
412,180,4,881000832.0,M,1,30.326433181762695,educator
934,194,4,881105856.0,M,1,31.086849212646484,engineer
796,872,4,884247040.0,F,0,30.755277633666992,writer
629,174,3,883223232.0,F,0,21.641204833984375,student
194,676,5,881007808.0,M,1,27.999998092651367,administrator
618,1049,4,889775744.0,F,0,21.250064849853516,student
425,693,2,882541824.0,M,1,17.0,student
334,508,4,884156416.0,M,1,34.83763122558594,librarian
379,302,4,888742720.0,M,1,32.579185485839844,programmer
160,754,4,878179392.0,M,1,26.924884796142578,programmer
553,176,4,881922176.0,M,1,30.983888626098633,educator
620,674,4,884648640.0,F,0,35.68890380859375,writer
136,71,5,884020672.0,M,1,28.59175682067871,other
716,204,4,884231488.0,F,0,43.0,administrator
490,238,4,879793088.0,F,0,31.037660598754883,artist
504,847,3,886396032.0,F,0,32.117610931396484,writer
685,156,4,887175552.0,F,0,36.588287353515625,librarian
533,512,4,888036416.0,M,1,39.36299514770508,librarian
772,307,4,888068096.0,M,1,32.40997314453125,writer
151,866,5,881136576.0,F,0,35.407958984375,writer
431,117,4,887810624.0,M,1,38.37510299682617,artist
543,25,4,884123392.0,M,1,32.56575012207031,scientist
343,168,4,879130816.0,M,1,31.214826583862305,engineer
890,68,5,881746496.0,M,1,21.0,student
378,1153,4,880846528.0,M,1,20.97332000732422,student
271,708,5,884394304.0,M,1,45.90715026855469,engineer
399,449,4,885405568.0,M,1,33.203407287597656,other
276,282,4,879443648.0,M,1,27.79228973388672,student
839,403,4,879894848.0,F,0,31.99310874938965,entertainment
86,89,5,882791296.0,F,0,35.999244689941406,administrator
347,387,3,885624128.0,M,1,20.203563690185547,student
305,11,4,883899712.0,M,1,28.218284606933594,programmer
95,182,3,883944256.0,M,1,24.999998092651367,administrator
405,723,1,885106176.0,F,0,25.798019409179688,healthcare
456,151,4,882240896.0,M,1,26.443758010864258,technician
666,530,4,884850624.0,M,1,41.4724006652832,administrator
77,792,5,884173056.0,M,1,30.586660385131836,technician
639,1020,4,886545920.0,F,0,29.913585662841797,librarian
416,496,5,884177472.0,F,0,30.724672317504883,student
342,423,3,878147712.0,F,0,28.75531768798828,other
399,321,3,883531520.0,M,1,32.12403106689453,other
889,469,4,882788480.0,M,1,27.721576690673828,technician
145,443,3,880235136.0,M,1,26.528366088867188,entertainment
85,284,3,881264512.0,M,1,42.34006118774414,educator
693,1,2,883003072.0,F,0,35.65892791748047,healthcare
82,689,3,883698816.0,M,1,31.41500473022461,programmer
689,69,2,881489728.0,M,1,30.826175689697266,other
455,657,4,882634496.0,M,1,35.5343017578125,administrator
940,288,4,889913728.0,M,1,37.03557205200195,administrator
10,172,4,887737216.0,M,1,29.971031188964844,engineer
782,1082,2,882025024.0,F,0,30.828643798828125,artist
528,117,4,886151360.0,M,1,19.606842041015625,student
151,501,4,888639104.0,F,0,35.48971176147461,administrator
553,19,5,884564672.0,M,1,51.66703414916992,other
532,470,5,890273536.0,M,1,29.999998092651367,student
97,1593,5,884735232.0,M,1,27.023273468017578,artist
751,660,4,887540608.0,F,0,33.99064636230469,other
271,69,5,886448000.0,M,1,40.69364547729492,engineer
707,143,3,884102592.0,F,0,34.97160339355469,engineer
189,849,4,884112064.0,M,1,26.320171356201172,artist
795,996,3,884400256.0,M,1,26.871891021728516,programmer
92,529,5,882114752.0,M,1,31.686878204345703,entertainment
886,180,4,880499264.0,M,1,28.835180282592773,student
805,88,1,879052224.0,F,0,23.863832473754883,other
433,662,5,887839616.0,M,1,25.07390594482422,artist
385,410,3,880293824.0,M,1,29.356082916259766,writer
316,283,5,881573504.0,F,0,41.66021728515625,other
522,71,3,884021760.0,M,1,27.714689254760742,engineer
601,209,4,885362432.0,F,0,31.102333068847656,artist
905,289,3,884120128.0,M,1,35.123687744140625,other
660,376,2,883604096.0,M,1,19.80974769592285,student
450,1238,4,888640320.0,F,0,37.05040740966797,educator
290,255,4,884134336.0,M,1,42.81068801879883,engineer
536,147,4,878412992.0,M,1,38.33839797973633,administrator
235,143,4,884813312.0,M,1,34.657737731933594,educator
642,155,5,884454912.0,F,0,21.861534118652344,student
601,1011,4,880640128.0,F,0,28.43446159362793,artist
642,209,5,884371008.0,F,0,27.117372512817383,student
782,955,2,885923008.0,F,0,25.813674926757812,artist
293,448,5,888622336.0,M,1,26.149015426635742,writer
627,62,4,878846656.0,M,1,25.12104034423828,engineer
125,313,5,889677888.0,M,1,29.86042594909668,engineer
144,213,4,881491840.0,M,1,36.840476989746094,programmer
567,393,1,883960192.0,M,1,28.757434844970703,entertainment
457,88,4,885169024.0,F,0,40.0,salesman
684,268,4,879707776.0,M,1,28.839099884033203,student
942,302,4,887102080.0,F,0,52.0,librarian
868,1245,4,884351360.0,M,1,28.9615421295166,programmer
234,610,3,888794496.0,M,1,50.80917739868164,retired
13,1242,1,884380032.0,M,1,37.18638610839844,educator
207,144,3,880336640.0,M,1,32.16718292236328,marketing
864,17,4,887079808.0,M,1,23.698545455932617,programmer
378,172,4,875261376.0,M,1,20.752527236938477,student
158,283,5,882575488.0,M,1,42.744110107421875,educator
270,7,5,878937920.0,F,0,28.905452728271484,student
13,520,5,885270848.0,M,1,37.638729095458984,educator
500,792,4,885070144.0,M,1,31.57172393798828,administrator
58,419,4,884005248.0,M,1,28.825620651245117,programmer
60,1,4,880699456.0,M,1,33.61058807373047,healthcare
8,614,5,881456064.0,M,1,34.496246337890625,administrator
256,147,4,880948544.0,F,0,28.221708297729492,none
13,29,1,885721472.0,M,1,38.06108093261719,educator
31,498,5,885818496.0,M,1,29.22211265563965,artist
112,98,5,883111040.0,M,1,26.589303970336914,salesman
899,123,4,885200896.0,M,1,34.74885559082031,other
128,2,4,882859392.0,F,0,35.60868835449219,marketing
99,258,5,884498688.0,M,1,21.486722946166992,student
392,269,4,884331392.0,M,1,36.51185607910156,writer
639,281,3,889879744.0,F,0,51.0,librarian
303,473,3,880605760.0,M,1,27.476661682128906,student
416,1416,5,888080192.0,F,0,21.416736602783203,student
788,637,3,884336320.0,M,1,35.843292236328125,administrator
378,50,3,880740352.0,M,1,22.381134033203125,student
615,747,5,882692032.0,M,1,28.880739212036133,educator
496,255,4,878642240.0,F,0,20.37838363647461,student
606,101,3,884060032.0,M,1,28.7547607421875,programmer
95,1195,3,881228224.0,M,1,30.23043441772461,administrator
597,342,4,885016512.0,M,1,25.351760864257812,other
499,205,4,886640640.0,M,1,28.068675994873047,programmer
574,606,5,889121664.0,M,1,42.368282318115234,executive
601,1132,2,881327680.0,F,0,27.999998092651367,artist
409,1011,4,879464640.0,M,1,35.15966033935547,administrator
423,611,3,890060352.0,M,1,43.0377311706543,other
454,228,3,878878720.0,M,1,41.11859893798828,other
887,95,5,879473600.0,F,0,19.555797576904297,student
312,511,5,886773696.0,M,1,35.05865478515625,other
624,1284,3,880402112.0,M,1,20.06460952758789,student
455,328,3,878183232.0,M,1,40.07374954223633,administrator
850,164,5,883815424.0,M,1,26.999998092651367,technician
494,504,5,882466688.0,F,0,42.102291107177734,administrator
734,300,5,889882112.0,F,0,30.078577041625977,other
840,1105,5,883925376.0,M,1,27.747188568115234,artist
642,591,2,884512320.0,F,0,30.921350479125977,student
390,269,3,880144128.0,F,0,38.33490753173828,writer
291,405,4,877360896.0,M,1,21.23845100402832,student
392,245,4,887731136.0,M,1,37.90947723388672,writer
528,561,5,887508032.0,M,1,17.0,student
72,332,4,882284672.0,F,0,37.15828323364258,administrator
130,111,3,880574784.0,M,1,25.814151763916016,none
29,657,4,884294976.0,M,1,31.91574478149414,programmer
665,172,4,883712256.0,M,1,20.0,administrator
360,269,3,885603456.0,M,1,41.5971565246582,other
380,79,4,884130688.0,M,1,25.311729431152344,engineer
604,1028,4,879839680.0,M,1,27.022563934326172,student
262,218,4,879784448.0,F,0,23.999998092651367,student
91,181,5,885486272.0,M,1,37.295806884765625,marketing
421,222,3,882940160.0,F,0,27.32510757446289,programmer
514,276,4,883672768.0,M,1,28.249502182006836,programmer
330,483,5,879870720.0,F,0,34.269676208496094,educator
387,202,4,886431872.0,M,1,28.868175506591797,entertainment
535,1160,3,881806656.0,F,0,44.298744201660156,educator
679,210,4,882936192.0,F,0,22.16827964782715,student
90,303,3,889926656.0,M,1,42.98369598388672,educator
298,89,5,882385600.0,M,1,35.816749572753906,executive
92,295,3,882269312.0,M,1,29.196514129638672,entertainment
862,24,5,882142464.0,M,1,27.844114303588867,executive
320,527,3,889159360.0,M,1,22.806386947631836,student
184,661,3,891384960.0,M,1,32.09778594970703,librarian
91,183,4,886223296.0,M,1,49.19453430175781,retired
194,585,2,879770624.0,M,1,28.480424880981445,administrator
894,294,4,883651776.0,M,1,36.48530578613281,educator
790,472,2,883560960.0,M,1,27.68148422241211,technician
449,432,4,888220480.0,M,1,33.22099304199219,librarian
283,79,4,879400960.0,M,1,28.6019287109375,programmer
13,100,5,885810240.0,M,1,36.566322326660156,educator
763,127,4,879037696.0,M,1,33.74114990234375,scientist
757,751,3,889407360.0,M,1,28.285934448242188,student
7,270,5,882979648.0,M,1,30.635087966918945,administrator
623,1298,4,886785344.0,F,0,48.205223083496094,educator
286,550,4,881112832.0,M,1,20.592914581298828,student
407,13,4,880044672.0,M,1,28.775041580200195,engineer
521,569,3,882593024.0,M,1,20.5648136138916,student
747,485,4,889313216.0,M,1,25.607749938964844,other
567,276,5,883175168.0,M,1,25.492813110351562,entertainment
846,701,3,881187136.0,M,1,31.015165328979492,lawyer
17,866,5,883045504.0,M,1,28.982044219970703,executive
855,638,3,887962304.0,M,1,36.17794418334961,librarian
6,288,4,886090816.0,M,1,34.021060943603516,executive
804,584,4,882662080.0,M,1,39.11063003540039,educator
758,474,4,884633152.0,M,1,23.026975631713867,student
896,977,4,891199872.0,M,1,28.48674964904785,writer
648,231,3,884066560.0,M,1,31.215839385986328,engineer
535,98,4,880153600.0,F,0,45.0,educator
158,864,3,882384128.0,M,1,43.00904846191406,educator
689,193,5,882648576.0,M,1,28.961444854736328,other
109,282,4,878972416.0,M,1,28.40041732788086,other
210,265,4,884604096.0,M,1,28.928956985473633,engineer
747,282,5,884557952.0,M,1,27.123714447021484,other
683,805,2,891168512.0,M,1,40.95090103149414,librarian
846,50,5,887393088.0,M,1,26.999998092651367,lawyer
627,192,2,880052480.0,M,1,30.289608001708984,engineer
213,100,5,882210752.0,M,1,31.25504493713379,executive
450,462,3,884576768.0,F,0,36.29338836669922,educator
868,1,3,891196928.0,M,1,29.180583953857422,programmer
551,135,5,884511360.0,M,1,28.436132431030273,programmer
916,1263,3,880968704.0,M,1,33.93663024902344,engineer
733,361,2,882678080.0,F,0,34.984283447265625,other
806,754,3,883837376.0,M,1,37.53468322753906,marketing
262,252,2,880047104.0,F,0,20.90138816833496,student
453,1265,3,883746048.0,M,1,27.93705940246582,student
116,171,3,885530432.0,M,1,42.0,healthcare
202,15,4,879141056.0,F,0,42.67190170288086,educator
311,945,5,884571328.0,M,1,32.532649993896484,technician
235,303,4,884089472.0,M,1,20.0,educator
786,283,4,879676800.0,F,0,38.45196533203125,engineer
480,510,4,889951168.0,M,1,44.62333297729492,retired
921,391,2,880203456.0,F,0,22.23460578918457,student
758,550,5,884203840.0,M,1,20.431652069091797,student
527,661,5,885555712.0,M,1,52.950401306152344,librarian
487,370,3,883254208.0,M,1,27.147289276123047,engineer
452,132,4,882348480.0,M,1,32.610939025878906,administrator
429,456,3,882139776.0,M,1,27.36614990234375,student
137,248,5,877390464.0,M,1,31.79252052307129,educator
194,983,4,884454464.0,M,1,29.166473388671875,administrator
437,323,5,885349824.0,F,0,30.010753631591797,other
621,988,2,881840448.0,M,1,10.0,student
262,462,3,880088448.0,F,0,18.0,student
882,121,5,882459200.0,M,1,35.349117279052734,engineer
454,283,2,882384832.0,M,1,26.999998092651367,other
235,288,4,890862528.0,M,1,34.18596649169922,educator
95,39,2,881125696.0,M,1,27.59213638305664,administrator
343,151,4,878378752.0,M,1,28.607393264770508,engineer
97,134,5,886812736.0,M,1,28.254838943481445,artist
326,204,5,881786560.0,M,1,27.334505081176758,administrator
631,623,2,885989248.0,F,0,19.864585876464844,student
328,530,4,887955456.0,M,1,43.765377044677734,administrator
90,659,3,893119360.0,M,1,45.325294494628906,educator
308,1046,4,886352704.0,M,1,23.0,retired
374,158,3,879096576.0,M,1,29.08832359313965,executive
561,212,4,888783232.0,M,1,27.918956756591797,engineer
559,197,2,887151680.0,M,1,50.760623931884766,healthcare
267,31,3,884258624.0,M,1,30.496999740600586,engineer
585,181,5,889486656.0,M,1,48.70677947998047,librarian
798,961,2,878301696.0,F,0,32.653709411621094,writer
258,1052,5,884526080.0,F,0,19.579227447509766,student
25,188,4,882629888.0,M,1,38.2584228515625,retired
599,172,5,879435264.0,F,0,23.75586700439453,student
796,1007,3,890591552.0,F,0,33.463775634765625,writer
297,371,3,881234048.0,F,0,39.62820053100586,educator
766,665,4,887211648.0,M,1,40.37605667114258,other
568,481,4,879734144.0,M,1,36.56328582763672,educator
25,367,4,880411200.0,M,1,32.110740661621094,engineer
186,147,3,880297664.0,F,0,31.927095413208008,executive
363,769,4,890196096.0,M,1,20.817596435546875,student
324,258,3,884550912.0,F,0,47.0,administrator
629,174,4,884091264.0,F,0,39.0,other
158,199,5,882267776.0,M,1,41.52588653564453,educator
863,780,3,886366272.0,M,1,22.06033706665039,programmer
246,1167,4,881698240.0,M,1,17.974292755126953,student
535,98,4,881829632.0,F,0,42.981895446777344,educator
860,1106,5,885211648.0,F,0,56.0,retired
684,684,4,879670464.0,M,1,18.68901824951172,student
887,684,3,875659200.0,F,0,18.97191619873047,student
81,273,3,879716352.0,M,1,23.654916763305664,student
60,306,4,885175744.0,M,1,44.22332763671875,healthcare
787,845,3,887444096.0,F,0,24.750410079956055,student
694,174,4,881650944.0,M,1,31.07858657836914,programmer
405,351,2,884153664.0,F,0,28.9986515045166,healthcare
64,72,4,887961664.0,M,1,39.5346794128418,educator
439,210,5,885707200.0,M,1,29.259634017944336,other
567,1,5,882590464.0,M,1,25.180288314819336,entertainment
537,679,3,888076288.0,M,1,29.146860122680664,engineer
514,392,4,880150400.0,M,1,26.625707626342773,programmer
553,498,5,884312384.0,M,1,51.527732849121094,administrator
710,339,4,884047360.0,M,1,21.231637954711914,student
650,484,4,888871488.0,M,1,31.164947509765625,engineer
536,61,5,889679936.0,M,1,36.35887908935547,engineer
62,332,3,880579008.0,F,0,34.285362243652344,administrator
158,430,1,882010240.0,M,1,45.88603591918945,educator
451,240,1,882196096.0,M,1,20.360034942626953,student
7,98,3,889864640.0,M,1,31.08156394958496,administrator
710,172,4,883321472.0,M,1,29.507404327392578,student
749,291,4,881717568.0,M,1,32.94953155517578,other
280,152,3,891004224.0,F,0,31.682880401611328,librarian
184,198,4,885806720.0,M,1,40.413551330566406,librarian
332,318,3,887894720.0,M,1,24.089874267578125,student
883,519,4,888767680.0,M,1,40.31716537475586,librarian
276,53,5,878024512.0,M,1,20.53451919555664,student
151,242,4,879990464.0,F,0,31.15353775024414,administrator
871,1198,3,888026816.0,M,1,34.95185852050781,executive
676,156,4,890950656.0,M,1,28.533023834228516,programmer
458,313,4,890355968.0,M,1,38.116729736328125,administrator
588,133,5,887936448.0,F,0,19.744182586669922,student
307,209,3,878865472.0,M,1,21.998348236083984,student
416,411,2,883504000.0,F,0,20.75972557067871,student
834,238,5,889599808.0,M,1,28.30532455444336,other
655,8,4,886866560.0,F,0,40.58340835571289,healthcare
327,1136,4,888082112.0,M,1,20.074623107910156,student
179,1054,3,884693632.0,M,1,24.132780075073242,entertainment
336,779,2,884361984.0,M,1,29.29068374633789,salesman
505,328,3,883948800.0,F,0,35.315391540527344,other
738,180,4,881634496.0,M,1,28.371068954467773,technician
334,310,4,891545152.0,M,1,29.551597595214844,artist
195,15,4,878891456.0,M,1,33.80658721923828,scientist
738,404,4,883857856.0,M,1,29.214344024658203,technician
23,432,5,884876544.0,F,0,29.013044357299805,artist
592,583,5,882850240.0,M,1,18.622312545776367,student
707,499,4,885880704.0,F,0,44.53710174560547,librarian
474,286,3,888808192.0,M,1,42.722103118896484,executive
294,329,3,883955136.0,M,1,27.820775985717773,technician
683,435,3,891014208.0,M,1,34.54540252685547,librarian
620,294,4,886826048.0,F,0,29.28225326538086,writer
489,650,5,889784896.0,M,1,32.37547302246094,other
62,242,4,879228992.0,M,0,34.155914306640625,administrator
700,684,3,881016960.0,M,1,21.945438385009766,student
916,202,3,885144128.0,M,1,39.0,engineer
327,179,4,887223872.0,M,1,22.353137969970703,student
666,301,4,884121728.0,M,1,29.78847312927246,administrator
603,501,4,885097472.0,M,1,27.260038375854492,programmer
772,307,3,891263744.0,M,1,33.88970184326172,writer
524,1354,3,891035200.0,M,1,43.80868911743164,educator
790,1067,3,886203264.0,M,1,19.617002487182617,student
335,993,4,885349184.0,M,1,31.659847259521484,executive
344,133,2,889038656.0,F,0,32.5359992980957,librarian
931,496,5,888931840.0,M,1,41.75172805786133,educator
606,215,4,880632448.0,M,1,31.874937057495117,programmer
868,474,4,879793408.0,M,1,28.57571792602539,programmer
398,729,5,878453824.0,M,1,23.999998092651367,other
500,188,4,884919040.0,M,1,31.436994552612305,administrator
897,12,5,882850368.0,M,1,28.461999893188477,other
230,189,4,881676672.0,F,0,20.382389068603516,student
159,251,5,884290432.0,F,0,23.91338348388672,student
690,820,1,880994176.0,M,1,28.111833572387695,salesman
343,151,4,881707840.0,M,1,31.246936798095703,engineer
642,133,5,887317888.0,F,0,22.0,student
804,7,4,880803456.0,M,1,33.665069580078125,educator
537,905,2,888248896.0,M,1,32.398529052734375,engineer
527,70,3,885062976.0,M,1,45.67314529418945,librarian
308,130,1,887168448.0,M,1,46.95003128051758,retired
126,269,4,888698816.0,F,0,31.29615592956543,lawyer
497,1248,3,880510720.0,M,1,19.64185905456543,student
574,222,3,886131392.0,M,1,40.58587646484375,educator
59,290,4,891578624.0,M,1,39.91636657714844,other
771,550,3,882409600.0,M,1,22.091856002807617,student
524,736,3,884404096.0,M,1,28.862979888916016,educator
327,895,4,887719488.0,M,1,19.35055160522461,student
592,496,5,883138304.0,M,1,20.56887435913086,student
123,527,5,884426944.0,M,1,31.607851028442383,artist
634,676,3,879371520.0,M,1,28.026172637939453,engineer
846,638,3,888216000.0,M,1,28.3826904296875,lawyer
378,234,4,880556544.0,M,1,21.048961639404297,student
269,175,2,884058112.0,F,0,23.999998092651367,librarian
855,150,3,889898688.0,M,1,41.87896728515625,librarian
11,449,3,888435456.0,F,0,40.44393539428711,other
430,237,4,880235904.0,M,1,32.904170989990234,scientist
842,632,5,885512256.0,M,1,30.71476173400879,writer
541,132,4,884476096.0,F,0,20.100868225097656,student
764,815,4,879448256.0,F,0,39.83784866333008,educator
619,741,4,882840384.0,M,1,20.153682708740234,student
417,832,3,879385344.0,M,0,23.856281280517578,other
738,357,4,884163520.0,M,1,29.21564483642578,technician
178,476,4,886421312.0,M,1,30.48614501953125,other
82,70,3,884309952.0,M,1,34.102691650390625,programmer
312,483,5,885301056.0,M,1,35.189414978027344,other
682,246,4,886736384.0,M,1,27.078901290893555,programmer
664,327,4,879563392.0,M,1,33.445457458496094,engineer
665,357,5,882817152.0,M,1,34.61609649658203,administrator
666,177,4,882660416.0,M,1,37.11152648925781,administrator
286,402,5,882251136.0,M,1,24.053577423095703,student
934,523,4,884378752.0,M,1,32.38180160522461,engineer
314,254,4,879643072.0,F,0,18.429288864135742,student
189,807,2,888146368.0,M,1,25.528079986572266,artist
292,276,4,884036480.0,F,0,31.908702850341797,programmer
23,88,3,880608704.0,F,0,30.174230575561523,artist
583,1,4,879071488.0,M,1,30.007709503173828,engineer
752,351,3,888910720.0,M,1,39.23320388793945,retired
14,325,2,883640832.0,M,1,35.12689971923828,scientist
606,501,4,879875328.0,M,1,30.767093658447266,programmer
437,1584,3,879543872.0,F,0,26.827159881591797,other
271,510,2,884996928.0,M,1,49.0,engineer
716,4,4,882430848.0,M,1,42.92691421508789,administrator
328,289,5,886825408.0,M,1,41.354251861572266,administrator
92,473,3,877943168.0,M,1,28.55315399169922,entertainment
13,646,3,884816320.0,M,1,35.68711853027344,educator
661,967,4,876692288.0,M,1,27.753190994262695,programmer
455,328,3,885864064.0,M,1,43.0,administrator
938,154,5,889457088.0,F,1,40.16413116455078,technician
81,24,3,884525120.0,M,1,20.765705108642578,student
790,184,3,883436864.0,M,1,27.62689781188965,technician
398,433,3,879760320.0,M,1,26.391462326049805,other
326,202,5,880173440.0,M,1,32.21674346923828,administrator
788,1101,4,882241408.0,M,1,36.25193786621094,administrator
913,549,4,884124352.0,M,1,19.31798553466797,student
551,134,5,890793024.0,M,1,29.4314022064209,programmer
405,102,1,884822528.0,F,0,25.781982421875,healthcare
721,276,4,877946688.0,F,0,29.485523223876953,entertainment
846,367,3,881171648.0,M,1,25.553205490112305,lawyer
144,748,4,885092544.0,M,1,28.910614013671875,programmer
542,333,4,885160960.0,M,1,30.909645080566406,executive
379,197,5,887327104.0,M,1,29.736984252929688,programmer
868,1012,4,882714112.0,M,1,23.90019416809082,programmer
455,188,3,884037312.0,M,1,30.33684539794922,administrator
354,83,4,891251072.0,F,1,34.331600189208984,librarian
406,70,4,878408704.0,M,1,42.83657455444336,educator
528,286,4,886764352.0,M,1,21.02294921875,student
649,273,5,880821504.0,M,1,28.79740333557129,student
262,106,2,880072320.0,F,0,21.249134063720703,student
747,588,4,885551680.0,M,1,25.695411682128906,other
407,644,4,882341632.0,M,1,27.81168556213379,engineer
290,132,4,882896896.0,M,1,29.864181518554688,engineer
109,191,3,882553792.0,M,1,32.526275634765625,other
72,332,4,882605632.0,F,0,38.0,administrator
450,690,3,884359360.0,F,0,39.18706130981445,educator
771,196,5,883171136.0,M,1,18.0,student
796,9,4,889759424.0,F,0,33.26797866821289,writer
447,204,4,879436928.0,M,1,31.34549903869629,administrator
343,52,4,880546048.0,F,1,30.828691482543945,engineer
932,608,3,885905152.0,M,1,38.07310485839844,educator
254,162,3,886480320.0,M,1,29.44261932373047,educator
434,1188,3,879458944.0,F,0,23.29039764404297,student
291,1161,4,878279360.0,M,1,20.921749114990234,student
585,736,4,888758528.0,M,1,52.21119689941406,librarian
38,32,5,888860992.0,F,0,28.55864143371582,other
201,507,3,882299264.0,M,1,35.29608154296875,writer
276,39,4,883352320.0,M,1,31.0,student
23,433,4,879390400.0,F,0,30.08707046508789,artist
327,392,4,883507264.0,M,1,19.45401954650879,student
378,97,3,882702400.0,M,1,27.793880462646484,student
83,1187,5,886032128.0,M,1,29.369564056396484,executive
435,224,2,883350784.0,M,1,27.91596221923828,engineer
592,317,4,884807488.0,M,1,20.95022964477539,student
455,845,3,882190208.0,M,1,38.944297790527344,administrator
425,772,4,884978048.0,M,1,19.82882308959961,student
343,50,5,880352128.0,M,1,28.753398895263672,engineer
234,482,4,891353408.0,M,1,41.14289093017578,retired
321,19,4,884405760.0,F,0,44.14712905883789,educator
804,1010,4,877601152.0,M,1,35.14665222167969,educator
299,69,4,883653824.0,M,1,29.600753784179688,writer
1,88,5,876110400.0,M,1,24.616968154907227,technician
711,367,4,878945088.0,F,0,21.961029052734375,student
487,1067,4,884504256.0,M,1,25.508907318115234,engineer
422,48,4,877618624.0,M,1,31.59115982055664,entertainment
184,502,3,889348992.0,M,1,49.0,librarian
889,737,3,884063488.0,M,1,25.461191177368164,technician
395,436,4,883606976.0,M,1,27.439149856567383,other
567,129,4,882033280.0,M,1,27.868213653564453,entertainment
206,1502,1,886065024.0,F,0,19.920806884765625,student
155,724,2,880470528.0,F,0,27.061935424804688,other
145,455,3,877704064.0,M,1,26.28805923461914,entertainment
303,1011,3,877824576.0,M,1,19.164201736450195,student
296,14,4,882597184.0,F,0,44.88523864746094,administrator
28,518,4,881216576.0,M,1,32.77984619140625,writer
645,1231,4,888005120.0,M,1,25.999998092651367,programmer
18,82,4,884010304.0,F,0,32.0,other
279,175,4,880718080.0,M,1,25.89429473876953,programmer
265,15,4,878068800.0,M,1,36.38605499267578,executive
5,367,3,877818880.0,M,0,25.357818603515625,other
92,105,2,877994560.0,M,1,27.999998092651367,programmer
311,92,4,884232320.0,M,1,32.0,technician
888,742,5,881776960.0,M,1,29.613014221191406,other
16,13,4,884338688.0,M,1,30.074832916259766,entertainment
892,268,5,883231872.0,M,1,37.0,other
870,380,4,880886208.0,M,1,21.378799438476562,student
425,145,3,884637120.0,M,1,18.814197540283203,student
354,272,5,890423360.0,F,1,34.983516693115234,librarian
347,8,5,884544448.0,M,1,28.58468246459961,student
619,68,5,882346304.0,M,1,19.04156494140625,student
334,327,1,884309120.0,M,1,42.743473052978516,librarian
655,473,3,887047296.0,F,0,47.153385162353516,healthcare
303,825,4,879002432.0,M,1,19.25935935974121,student
846,350,3,884984000.0,M,1,30.669414520263672,lawyer
870,384,4,880777344.0,M,1,18.710777282714844,student
207,15,3,881956096.0,M,1,34.32574462890625,marketing
761,451,4,884104064.0,M,1,19.61333465576172,student
880,780,2,881135552.0,M,1,23.174678802490234,student
363,723,3,889762176.0,M,1,20.290328979492188,student
200,657,5,879988672.0,M,1,31.65888214111328,programmer
130,307,4,883891264.0,M,1,18.0,student
378,204,3,877385920.0,M,1,26.328275680541992,student
454,70,3,883414080.0,M,1,42.80325698852539,other
738,64,5,881394496.0,M,1,28.950761795043945,technician
121,483,5,887113536.0,M,1,40.07498550415039,librarian
627,202,4,879301120.0,M,1,26.196693420410156,engineer
64,269,4,885873280.0,M,1,40.17473602294922,educator
434,1300,1,884349888.0,F,0,19.57947540283203,student
851,405,3,878058112.0,M,1,24.72667694091797,other
429,2,3,882951680.0,M,1,23.999998092651367,student
541,1032,4,884435200.0,F,0,17.06676483154297,student
221,1430,4,878931648.0,M,1,19.18048858642578,student
435,546,3,880258624.0,M,1,28.77985191345215,engineer
326,79,3,880804032.0,M,1,27.882457733154297,administrator
406,194,3,878455552.0,M,1,41.09762954711914,educator
308,978,1,887677824.0,M,1,50.86225128173828,retired
342,475,3,883226240.0,F,0,32.966957092285156,other
882,168,5,879208640.0,M,1,32.93413162231445,engineer
500,679,5,885339392.0,M,1,29.536909103393555,administrator
897,71,5,881088640.0,M,1,28.808229446411133,other
660,584,2,884123520.0,M,1,20.326797485351562,student
935,295,3,884019200.0,M,1,33.501609802246094,scientist
774,595,2,887548032.0,M,1,20.139686584472656,student
262,742,4,881041856.0,F,0,20.74237060546875,student
463,1311,1,883703744.0,M,0,32.529781341552734,healthcare
320,124,3,887503296.0,M,1,21.4503173828125,student
461,323,2,888355904.0,M,1,22.854541778564453,student
392,306,5,888128768.0,M,1,28.89479637145996,writer
295,302,5,882554816.0,M,1,31.763408660888672,educator
205,269,4,887315648.0,M,1,31.033859252929688,lawyer
13,799,1,886322880.0,M,1,37.59501647949219,educator
927,79,2,880760192.0,M,1,24.35304069519043,programmer
313,662,5,887290752.0,M,1,29.0223445892334,marketing
43,514,4,883326592.0,F,0,30.894046783447266,librarian
354,1545,5,891457408.0,F,0,34.15998840332031,librarian
29,9,4,884263232.0,M,1,29.202363967895508,programmer
378,357,4,882078400.0,M,1,28.72848892211914,student
332,603,5,887240256.0,M,1,18.015628814697266,student
880,551,1,881109824.0,M,1,21.60811996459961,student
454,321,2,886322816.0,M,1,45.0,other
83,419,4,884255168.0,M,1,30.310592651367188,other
690,303,4,890519680.0,M,1,36.36634063720703,salesman
450,31,3,884545920.0,F,0,36.744102478027344,educator
314,974,4,884198592.0,F,0,18.022754669189453,student
731,529,4,884210880.0,F,0,44.871490478515625,educator
332,877,4,887550976.0,M,1,19.6136474609375,student
303,1039,4,882949056.0,M,1,19.287614822387695,student
916,118,3,878854720.0,M,1,28.029964447021484,engineer
87,370,3,881037824.0,M,1,37.00794982910156,administrator
444,272,5,888961280.0,F,0,40.53501892089844,administrator
10,188,4,884582400.0,M,1,35.98687744140625,lawyer
344,193,3,888740800.0,F,0,36.15269470214844,librarian
287,229,3,879855552.0,M,1,25.78929328918457,salesman
747,346,5,891207552.0,M,1,34.62260818481445,other
419,132,4,883258496.0,M,1,29.560527801513672,lawyer
718,19,4,882447296.0,M,1,32.82733917236328,technician
672,243,3,884324416.0,F,0,33.58047866821289,marketing
497,1513,2,880994176.0,M,1,20.535572052001953,student
790,1132,4,883076032.0,M,1,25.98305320739746,technician
293,161,5,884326848.0,M,1,27.625057220458984,writer
802,703,4,884282880.0,M,1,28.911441802978516,administrator
148,175,2,880346048.0,M,1,29.577939987182617,engineer
869,484,4,886044160.0,M,1,32.14063262939453,student
870,28,4,883551936.0,M,1,20.851638793945312,student
110,105,2,886992576.0,M,1,19.73810577392578,student
549,1401,4,885971328.0,M,1,38.197593688964844,educator
299,859,4,883246144.0,M,1,30.302845001220703,doctor
193,281,4,891496960.0,M,1,21.78101921081543,student
143,384,3,883423168.0,M,1,24.41683006286621,technician
244,1087,2,883589248.0,M,1,27.96235466003418,technician
325,368,3,887134976.0,M,1,31.204605102539062,technician
118,276,5,878340928.0,M,1,28.009824752807617,administrator
729,588,4,887413248.0,M,1,19.749217987060547,student
474,879,4,882802112.0,M,1,33.53352355957031,executive
279,123,4,882647104.0,M,1,27.43665313720703,programmer
312,435,5,885677120.0,M,1,29.959142684936523,other
694,131,4,884526848.0,M,1,35.0,programmer
9,98,5,883984768.0,M,1,29.330829620361328,student
721,820,3,879235008.0,F,0,28.446516036987305,entertainment
566,682,3,884051136.0,M,1,21.228546142578125,student
442,8,2,881981056.0,M,1,19.943668365478516,student
198,1245,3,880938944.0,M,0,20.590106964111328,student
486,519,4,883850432.0,M,1,31.150089263916016,educator
393,1051,3,888558080.0,M,1,19.959884643554688,student
276,325,4,876793024.0,M,1,24.810588836669922,student
592,480,5,883243520.0,M,1,18.91307258605957,student
303,636,3,882473920.0,M,1,31.031097412109375,engineer
268,405,2,878492096.0,M,1,28.801345825195312,engineer
308,1018,3,887279936.0,M,1,46.0,retired
666,518,4,884534720.0,M,1,37.834381103515625,administrator
871,294,3,883873344.0,M,1,26.999998092651367,executive
429,249,4,883110272.0,M,1,19.717151641845703,student
547,269,4,893214336.0,M,1,35.16227722167969,educator
748,79,4,879114624.0,M,1,25.47300148010254,engineer
343,109,4,879791360.0,M,1,29.40980339050293,engineer
707,732,3,884322560.0,F,0,52.291297912597656,librarian
207,526,4,880779776.0,M,1,33.60747528076172,marketing
311,222,3,884554944.0,M,1,30.04477882385254,technician
637,338,1,884030400.0,M,1,21.488704681396484,student
416,876,5,885636416.0,F,0,28.999998092651367,student
532,258,5,883987264.0,M,1,32.0,student
398,435,4,877821120.0,M,1,32.86518859863281,other
372,96,4,880038720.0,F,0,32.0,student
92,158,3,882254656.0,M,1,27.518497467041016,entertainment
311,116,5,883585344.0,M,1,33.65229034423828,technician
632,168,4,880241856.0,M,1,22.30326271057129,student
235,566,4,887875072.0,M,1,43.7636604309082,educator
693,572,2,882965376.0,F,0,29.05130958557129,healthcare
768,79,3,881629760.0,M,1,28.236522674560547,administrator
450,432,4,884290624.0,F,0,34.174476623535156,educator
642,866,5,884054720.0,F,0,20.0,student
612,100,5,881490688.0,M,1,43.0,scientist
793,684,3,883679296.0,M,1,28.293777465820312,student
834,1246,5,891033792.0,M,1,26.442546844482422,other
327,1067,4,886732544.0,M,1,22.169401168823242,student
870,222,4,881167232.0,M,1,20.895713806152344,student
892,628,4,891495040.0,M,1,32.341514587402344,other
867,23,5,884316800.0,M,1,32.52301788330078,scientist
303,282,3,882588160.0,M,1,19.618083953857422,student
816,333,4,889987520.0,M,1,35.33793640136719,other
749,523,1,880395648.0,M,1,29.873523712158203,other
66,24,4,884965888.0,M,1,23.999998092651367,student
682,905,3,887058752.0,M,1,29.09307289123535,programmer
782,120,2,884216896.0,F,0,30.78615379333496,artist
763,15,3,883027008.0,M,1,32.737335205078125,scientist
256,234,4,882347584.0,F,0,27.778308868408203,none
90,482,4,889129536.0,M,1,40.72003173828125,educator
567,728,5,884677312.0,M,1,25.238203048706055,entertainment
398,229,3,877462720.0,M,1,29.008451461791992,other
796,353,3,884352576.0,F,0,32.6608772277832,writer
280,165,2,891953600.0,F,1,31.018054962158203,librarian
655,719,3,884118592.0,F,0,29.999998092651367,healthcare
13,425,1,885774528.0,M,1,30.5581111907959,educator
433,474,4,885228288.0,M,1,27.539264678955078,artist
279,1047,4,883161344.0,M,1,21.0,programmer
751,736,4,879544000.0,F,0,38.469215393066406,other
660,1074,2,888898304.0,M,1,24.741994857788086,student
493,168,4,882253568.0,M,1,29.556421279907227,engineer
766,83,1,890183936.0,M,1,46.0,other
229,714,2,887736960.0,F,0,33.8742790222168,librarian
806,521,4,883870720.0,M,1,31.0,marketing
43,514,4,884751424.0,F,0,40.73986053466797,librarian
642,309,3,887245632.0,F,0,17.548927307128906,student
840,169,4,891438976.0,M,1,35.762657165527344,artist
561,1101,4,886668480.0,M,1,27.959781646728516,engineer
207,4,3,878739008.0,M,1,33.312896728515625,marketing
128,109,3,881794432.0,F,0,33.969810485839844,marketing
450,170,4,885494272.0,F,0,41.67201614379883,educator
326,121,4,882417408.0,M,1,37.36777114868164,administrator
16,276,5,878019776.0,M,1,27.236337661743164,entertainment
256,237,5,879998784.0,F,0,28.357715606689453,none
144,526,4,886487168.0,M,1,36.82211685180664,programmer
292,682,3,891545856.0,F,0,28.217782974243164,programmer
312,98,5,888147392.0,M,1,32.93241500854492,other
342,448,4,877550720.0,F,0,32.181053161621094,other
919,188,5,878036096.0,M,1,24.821958541870117,other
886,1079,4,879447936.0,M,1,20.490331649780273,student
76,684,3,882470208.0,M,1,21.64235496520996,student
826,117,3,883450560.0,M,1,29.64110565185547,artist
653,1011,2,880186752.0,M,1,30.959739685058594,executive
806,948,4,883408896.0,M,1,33.35912322998047,marketing
932,1200,4,887317632.0,M,1,23.0,educator
145,410,1,884364480.0,M,1,29.802011489868164,entertainment
346,385,4,877938432.0,M,1,26.39287567138672,executive
489,98,5,886737408.0,M,1,28.608074188232422,other
798,225,4,884299648.0,F,0,32.59541702270508,writer
472,273,5,880680960.0,M,1,28.823244094848633,student
181,780,3,884097856.0,M,1,29.382801055908203,executive
521,82,4,888519744.0,M,1,18.321537017822266,student
833,735,4,878613952.0,M,1,31.0,writer
293,61,3,891628736.0,M,1,26.798337936401367,writer
634,1,3,877487936.0,M,1,32.77000427246094,engineer
642,347,5,882948736.0,F,0,30.895282745361328,student
503,52,3,884112768.0,F,0,29.343368530273438,writer
301,24,4,883124544.0,M,1,20.287023544311523,student
721,56,5,880145088.0,F,0,29.540390014648438,entertainment
592,233,4,882042944.0,M,1,21.0,student
806,257,4,881489920.0,M,1,30.236570358276367,student
381,494,4,888599808.0,M,1,28.999998092651367,artist
573,517,4,884066944.0,M,1,52.953147888183594,retired
887,697,5,881634368.0,F,0,18.176206588745117,student
159,451,5,884385280.0,F,0,19.45846939086914,student
552,508,3,883930624.0,M,1,31.0,other
18,433,3,881034304.0,F,0,33.4533805847168,other
405,281,5,883945856.0,F,0,29.219676971435547,healthcare
421,265,5,887912448.0,F,0,28.54503631591797,programmer
495,484,5,889180480.0,M,1,34.90446472167969,engineer
269,155,1,890902464.0,F,0,35.0,librarian
427,474,5,883358848.0,M,1,30.564260482788086,doctor
889,357,4,881373376.0,M,1,26.804737091064453,technician
43,436,4,885757440.0,F,0,36.78881072998047,librarian
276,401,2,878973504.0,M,1,27.62472152709961,student
537,790,3,885413056.0,M,1,34.73822784423828,engineer
271,115,3,887383296.0,M,1,42.282135009765625,engineer
897,511,5,881051392.0,M,1,26.24199867248535,other
378,245,3,884478272.0,M,1,22.127960205078125,student
778,1012,4,888091008.0,M,1,20.0,student
255,81,4,882382080.0,M,1,29.758020401000977,entertainment
652,655,4,878695744.0,M,1,31.975112915039062,other
299,238,4,883332544.0,M,1,32.25566864013672,administrator
594,98,4,881065728.0,M,1,40.29845428466797,educator
313,428,3,891383552.0,M,1,40.30119323730469,marketing
235,178,4,885658112.0,M,1,17.0,educator
913,249,4,883671232.0,M,1,19.042762756347656,student
934,14,3,888061504.0,M,1,41.0,engineer
216,720,4,874854208.0,M,1,27.148340225219727,engineer
889,829,3,881703296.0,M,1,25.604223251342773,technician
774,440,1,881627648.0,M,1,19.77828598022461,student
347,17,4,884050176.0,M,1,20.644561767578125,student
276,242,3,876124480.0,M,1,21.088687896728516,student
250,7,4,883429568.0,M,1,29.999998092651367,executive
618,28,4,890022592.0,F,0,21.0399169921875,student
476,9,4,882996928.0,M,1,20.180198669433594,student
848,116,5,888727360.0,M,1,38.822120666503906,engineer
405,724,3,883942208.0,F,0,27.016376495361328,healthcare
186,894,1,884497600.0,F,0,27.013002395629883,executive
892,207,5,883996864.0,M,1,29.091590881347656,other
43,144,2,882332544.0,F,0,34.8509521484375,librarian
416,1483,4,886506112.0,F,0,23.200300216674805,student
239,238,5,883996928.0,M,1,28.664840698242188,artist
279,231,1,883510720.0,M,1,29.112802505493164,programmer
637,1518,4,886563072.0,M,1,27.41937828063965,other
311,132,5,884630016.0,M,1,29.191539764404297,technician
378,144,4,876542080.0,M,1,27.182151794433594,student
343,150,5,883684032.0,M,1,29.10559844970703,engineer
144,288,4,888570496.0,M,1,37.249290466308594,programmer
768,179,4,884114560.0,M,1,32.8582763671875,administrator
863,1337,2,890293056.0,M,1,35.0,student
184,156,3,884398848.0,M,1,33.10874557495117,librarian
186,744,4,884724480.0,F,0,29.999998092651367,executive
695,307,4,889622400.0,M,1,28.906599044799805,student
588,1152,4,883989184.0,F,0,23.999998092651367,student
655,216,4,888639936.0,F,0,35.75666046142578,healthcare
896,307,2,883891456.0,M,1,28.938505172729492,writer
48,204,4,879449408.0,M,1,33.38515853881836,administrator
326,77,3,887305152.0,M,1,31.73345947265625,administrator
710,127,5,880585664.0,M,1,28.711956024169922,student
312,520,5,886336512.0,M,1,36.0189208984375,student
588,989,1,883280448.0,F,0,19.585693359375,student
87,213,4,883995968.0,M,1,28.96554946899414,administrator
886,475,4,877166656.0,M,1,21.956771850585938,student
932,657,4,890084864.0,M,1,46.0,educator
469,302,4,888183680.0,M,1,39.8912239074707,educator
640,132,4,882563520.0,M,1,22.750797271728516,student
754,1024,3,875560256.0,M,1,49.108280181884766,librarian
603,302,4,885490944.0,M,1,25.760663986206055,programmer
28,93,4,884131712.0,M,1,30.202863693237305,writer
28,568,5,883572992.0,M,1,26.220407485961914,writer
656,509,3,888860864.0,M,1,22.0,educator
367,227,4,887739968.0,M,1,18.767547607421875,student
660,514,4,888461184.0,M,1,28.999998092651367,student
83,967,4,881970496.0,M,1,28.690034866333008,other
181,457,1,879484544.0,M,1,23.798603057861328,executive
184,1323,4,889845376.0,M,1,37.80498504638672,librarian
863,364,2,884379520.0,M,1,20.311203002929688,student
5,523,5,878481728.0,F,0,28.059097290039062,other
343,98,4,879312000.0,M,1,23.0,engineer
406,50,5,883030336.0,M,1,39.34177017211914,educator
393,96,3,884369152.0,M,1,21.799245834350586,student
303,825,3,878721920.0,M,1,19.49685287475586,student
405,288,4,885896896.0,F,0,29.7325496673584,healthcare
197,483,5,891956800.0,M,1,35.14239501953125,executive
543,528,4,878396864.0,M,1,36.44913101196289,scientist
378,790,3,880810304.0,M,1,27.948467254638672,student
450,7,4,878340928.0,M,1,34.524009704589844,administrator
256,1164,5,881059392.0,F,0,27.602615356445312,none
393,625,3,882713600.0,M,1,24.233198165893555,student
447,194,4,880999872.0,M,1,35.51035690307617,administrator
698,1014,4,884454144.0,F,0,30.28108787536621,programmer
567,573,5,884305024.0,M,1,24.482040405273438,entertainment
207,183,2,880629632.0,M,1,36.683868408203125,marketing
639,673,4,884446400.0,F,0,35.44214630126953,librarian
13,566,4,884278080.0,M,1,38.0,educator
627,214,4,879774208.0,M,1,27.475942611694336,engineer
276,405,3,876934336.0,M,1,28.779443740844727,student
830,166,5,889304448.0,M,1,26.461896896362305,programmer
264,527,5,884308096.0,F,0,33.81781768798828,writer
917,763,4,882727168.0,F,0,35.0,student
131,14,4,882973952.0,F,0,48.87206268310547,engineer
47,678,3,884376576.0,M,1,28.057558059692383,marketing
450,1152,4,884459584.0,F,0,33.91246032714844,educator
158,64,4,884189632.0,M,1,41.60576629638672,educator
269,254,1,890827520.0,F,0,24.999998092651367,librarian
480,318,4,887247296.0,M,1,52.39113998413086,retired
109,88,3,880438080.0,M,1,26.783103942871094,other
523,1,3,884342272.0,F,0,42.42397689819336,administrator
533,671,4,884526080.0,M,1,40.80553436279297,librarian
78,299,3,886006016.0,M,1,35.01604080200195,administrator
747,239,4,888422080.0,M,1,26.171850204467773,other
605,211,5,884126208.0,M,1,36.233367919921875,engineer
416,639,5,889279104.0,F,0,27.387250900268555,writer
540,174,3,882048640.0,M,1,27.687503814697266,student
405,1131,5,883259776.0,F,0,30.725906372070312,healthcare
152,197,3,882634880.0,F,0,37.156715393066406,educator
881,748,4,882063616.0,M,1,32.550575256347656,marketing
477,974,4,881686272.0,F,0,24.50644874572754,student
450,220,2,882292928.0,F,0,45.93486404418945,educator
748,265,5,880718016.0,M,1,34.15029525756836,engineer
138,100,4,878157312.0,M,1,31.658878326416016,scientist
504,1335,4,884717184.0,F,0,40.37327575683594,administrator
56,671,4,890515136.0,M,1,32.93364715576172,librarian
345,708,4,885039936.0,F,0,39.0,librarian
682,392,3,884178368.0,M,1,25.215734481811523,programmer
433,79,4,884291328.0,M,1,31.0,artist
184,970,4,890317632.0,M,1,28.779102325439453,librarian
5,783,1,879576896.0,F,0,24.67012596130371,other
385,670,5,882062656.0,M,1,25.999998092651367,writer
690,1404,3,881466240.0,M,1,29.052764892578125,salesman
116,831,3,883349184.0,M,1,27.674053192138672,healthcare
181,364,1,880353600.0,M,1,27.647531509399414,executive
881,208,3,879966528.0,M,1,34.26331329345703,marketing
682,637,4,883161088.0,M,1,24.999998092651367,programmer
532,9,5,887685504.0,M,1,22.920162200927734,student
892,204,4,884891328.0,M,1,32.691864013671875,other
763,98,4,879012608.0,M,1,33.51295471191406,scientist
13,235,4,882729664.0,M,1,36.0,educator
550,651,4,881417280.0,F,1,20.247180938720703,student
616,984,1,887307328.0,M,1,30.764400482177734,doctor
122,729,5,881640704.0,F,0,35.644386291503906,writer
299,60,3,891436672.0,M,1,29.17394256591797,doctor
288,197,5,887116480.0,M,1,35.0,marketing
351,318,4,882052672.0,M,1,32.0,educator
201,230,2,880044672.0,M,1,30.14975357055664,writer
151,286,5,882830016.0,F,0,34.065673828125,administrator
236,224,2,884907072.0,F,0,30.812376022338867,writer
478,282,3,884106560.0,M,1,28.184804916381836,other
42,118,3,876513856.0,M,1,28.447669982910156,administrator
234,20,2,889899136.0,M,1,48.21565628051758,retired
752,754,3,888687744.0,M,1,28.999998092651367,retired
387,24,5,882388032.0,M,1,26.109373092651367,entertainment
840,195,3,887495616.0,M,1,28.271116256713867,artist
660,895,4,890558400.0,M,1,22.976795196533203,student
103,235,2,886138624.0,M,1,20.281755447387695,student
600,9,5,888089536.0,M,1,29.471866607666016,programmer
216,588,3,880194112.0,M,1,39.0,engineer
145,304,4,879257536.0,M,1,26.562538146972656,entertainment
788,188,4,880587456.0,M,1,37.690155029296875,administrator
542,250,4,884174336.0,M,1,29.758224487304688,student
577,49,4,881741248.0,F,0,32.814125061035156,student
638,168,5,880292288.0,M,1,32.98371505737305,engineer
250,28,4,883912128.0,M,1,28.89664649963379,executive
749,291,4,883537536.0,M,1,29.98439598083496,other
144,1281,4,886667200.0,M,1,39.79436492919922,programmer
223,402,3,884494592.0,F,0,28.780614852905273,student
665,195,5,883397120.0,M,1,21.758087158203125,student
678,50,4,886711232.0,M,1,46.0,educator
532,276,2,884670592.0,M,1,27.408477783203125,student
889,97,4,881904896.0,M,1,26.476917266845703,technician
840,188,3,887370240.0,M,1,27.742568969726562,artist
635,428,4,891350592.0,M,1,33.472923278808594,other
119,72,2,887288512.0,M,1,28.218395233154297,programmer
533,322,2,884118208.0,M,1,42.6941032409668,librarian
391,502,4,883526976.0,M,1,20.860519409179688,student
749,881,4,881086976.0,M,1,30.579797744750977,other
66,288,4,889252096.0,M,1,21.00135040283203,student
758,50,5,883235072.0,M,1,29.24867820739746,student
347,550,4,883648064.0,M,1,22.284706115722656,student
573,1121,4,886167552.0,M,1,70.0,retired
128,1269,5,883271424.0,F,0,38.188079833984375,marketing
145,928,3,878642176.0,M,1,25.457277297973633,entertainment
666,15,4,888702912.0,M,1,31.06468391418457,administrator
318,307,4,883984192.0,M,1,31.612220764160156,technician
85,38,3,880093824.0,M,1,44.746620178222656,educator
94,161,4,884326912.0,M,1,23.209386825561523,student
592,480,5,884526272.0,M,1,23.296533584594727,educator
869,558,4,884982912.0,M,1,18.0,student
398,257,3,876036032.0,M,1,28.533382415771484,other
620,326,2,888673792.0,F,0,25.796430587768555,student
243,70,3,881652800.0,M,1,43.118621826171875,educator
727,1157,2,883668416.0,M,1,28.788726806640625,student
831,67,1,888531968.0,M,1,28.33737564086914,other
343,204,5,882247424.0,M,1,31.379472732543945,engineer
295,98,4,881866368.0,M,1,35.813499450683594,educator
711,65,4,878438080.0,F,0,29.29633140563965,student
227,237,4,875224512.0,M,1,29.463563919067383,executive
413,237,4,882428288.0,M,1,38.92523193359375,educator
49,903,2,886258688.0,F,0,20.650680541992188,student
102,322,3,888175424.0,M,1,27.906831741333008,programmer
334,322,4,891470208.0,M,1,32.9532356262207,librarian
44,12,2,883875776.0,M,1,27.08730125427246,technician
469,692,5,882250624.0,M,1,39.31523895263672,educator
58,216,4,885915904.0,M,1,26.635547637939453,programmer
194,188,4,882171072.0,M,1,31.629287719726562,administrator
292,174,5,882804864.0,F,0,32.61795425415039,programmer
468,118,4,876614592.0,M,1,30.099796295166016,other
184,268,4,890370240.0,M,1,42.0,librarian
174,882,4,886832000.0,F,0,40.335323333740234,administrator
537,51,4,891480128.0,M,1,37.708892822265625,engineer
470,423,4,875135104.0,M,1,32.96916961669922,programmer
106,339,4,887096896.0,M,1,25.999998092651367,retired
757,203,4,889672832.0,M,1,22.0,student
864,746,4,889962304.0,M,1,28.928647994995117,programmer
200,471,4,884225088.0,F,1,41.84707260131836,healthcare
299,271,5,884450368.0,M,1,28.953676223754883,doctor
244,249,4,880962304.0,M,1,24.411182403564453,technician
442,462,5,884575808.0,M,1,31.0,student
121,170,5,889092928.0,M,1,29.999998092651367,librarian
59,493,4,881421312.0,M,1,43.119388580322266,educator
503,8,5,884358720.0,F,0,30.661657333374023,writer
868,1110,1,881672896.0,M,1,24.000520706176758,programmer
727,682,2,885569664.0,M,1,20.450227737426758,student
460,471,4,886031424.0,F,0,39.66794204711914,other
593,7,4,884292992.0,F,0,26.999998092651367,educator
650,283,3,889120384.0,M,1,43.49884033203125,librarian
606,284,4,879579712.0,M,1,33.28725814819336,programmer
655,735,3,883406848.0,F,0,46.700748443603516,healthcare
95,271,3,883726528.0,M,1,28.2206974029541,administrator
804,186,4,880662528.0,M,1,36.09119415283203,educator
472,22,4,879889856.0,M,1,19.950889587402344,student
807,27,4,886320448.0,F,0,30.96923065185547,healthcare
48,228,4,879555648.0,M,1,34.512508392333984,administrator
214,199,5,889511680.0,F,0,36.66419219970703,librarian
392,303,4,890420864.0,M,1,41.993038177490234,writer
673,7,4,881863552.0,M,1,32.553253173828125,educator
897,150,4,880510016.0,M,1,27.219680786132812,other
838,423,4,885327424.0,M,1,42.0,student
876,9,5,887110592.0,M,1,22.795726776123047,student
328,601,3,886609536.0,M,1,40.036075592041016,administrator
159,1088,4,885525504.0,F,0,21.16573715209961,student
33,779,3,886125376.0,M,1,27.875638961791992,student
99,538,4,887542720.0,M,1,21.264965057373047,student
135,53,4,877719424.0,M,1,21.086414337158203,student
896,245,2,887205184.0,M,1,28.632326126098633,writer
7,709,4,886973120.0,M,1,29.326480865478516,administrator
380,69,4,880291840.0,M,1,30.648853302001953,engineer
350,527,4,886407488.0,M,1,26.08740997314453,other
269,410,1,890011456.0,F,0,31.011995315551758,librarian
716,1,4,879385472.0,F,0,26.078847885131836,administrator
774,1178,1,883611904.0,M,1,22.92413330078125,student
308,1180,3,883277632.0,M,1,49.94620895385742,retired
218,33,4,880013504.0,M,1,28.569908142089844,administrator
758,196,4,883764736.0,M,1,20.665592193603516,student
196,28,4,882497664.0,M,1,24.999998092651367,writer
377,251,5,888511488.0,M,1,21.04283905029297,student
1,969,5,883421376.0,M,1,25.029157638549805,technician
11,558,3,887496064.0,F,0,30.873294830322266,other
443,44,3,880010688.0,M,1,26.8667049407959,salesman
160,1,5,883808000.0,M,1,27.999998092651367,programmer
158,196,4,883658048.0,M,1,39.16633605957031,educator
618,693,3,888503616.0,F,0,19.101654052734375,student
250,118,2,879939200.0,M,1,29.551660537719727,executive
504,275,4,886913920.0,F,0,38.80174255371094,writer
923,28,4,884347072.0,M,1,21.846656799316406,student
577,150,4,882518080.0,F,0,19.9356632232666,student
586,684,4,882095872.0,M,1,19.904296875,student
622,628,4,883150336.0,M,1,31.39841079711914,programmer
322,117,4,885434368.0,M,1,37.0,student
185,1072,3,885715200.0,F,0,30.510953903198242,artist
207,135,3,880968704.0,M,1,33.11833190917969,marketing
92,231,4,877677696.0,M,1,34.99560546875,entertainment
795,947,3,884703808.0,M,1,25.999998092651367,programmer
57,763,4,884186240.0,M,1,25.639745712280273,none
533,181,4,880610816.0,M,1,28.992582321166992,librarian
722,323,4,884412288.0,F,0,33.67864227294922,homemaker
291,365,2,884191808.0,M,1,27.506229400634766,student
92,1215,4,879930624.0,M,1,30.025711059570312,entertainment
666,654,4,883021504.0,M,1,41.0,administrator
573,4,4,885644928.0,M,1,55.4122314453125,retired
207,294,4,882617024.0,M,1,35.665550231933594,marketing
741,177,4,887765504.0,M,1,31.564937591552734,writer
234,298,3,887739968.0,M,1,32.23712921142578,retired
292,431,5,883834496.0,F,0,33.84190368652344,other
393,235,5,891547136.0,M,1,19.577367782592773,student
655,487,3,885917888.0,F,0,47.544681549072266,healthcare
655,171,3,889355072.0,F,0,35.7845458984375,healthcare
864,1303,4,887803584.0,M,1,25.357261657714844,programmer
194,636,1,880463872.0,M,1,28.12435531616211,administrator
749,95,3,881329600.0,M,1,28.464963912963867,other
894,307,4,884749440.0,M,1,36.64222717285156,educator
758,156,5,884149568.0,M,1,19.697452545166016,student
765,824,5,880134976.0,M,1,19.95992088317871,student
303,444,1,882444416.0,M,1,19.837764739990234,student
474,628,4,885136064.0,M,1,44.0,executive
846,148,5,887027648.0,M,1,25.838085174560547,lawyer
145,977,1,883023808.0,M,1,25.502119064331055,entertainment
222,411,2,879661312.0,M,1,26.85190200805664,programmer
130,204,4,878779648.0,M,1,28.986217498779297,none
711,7,4,880043968.0,F,0,31.461936950683594,student
447,135,3,879833344.0,M,1,38.241355895996094,administrator
863,239,4,887854144.0,M,1,21.37786293029785,student
370,269,4,884092224.0,M,1,37.40097427368164,writer
405,1410,1,885240704.0,F,0,29.226577758789062,healthcare
665,98,4,882109056.0,M,1,52.0,administrator
87,265,4,880094912.0,M,1,31.59029197692871,administrator
363,959,1,889860032.0,M,1,24.999998092651367,student
230,939,4,884047808.0,F,0,21.79690933227539,student
246,346,1,886539904.0,M,1,21.292917251586914,student
617,731,1,878883136.0,F,0,28.998252868652344,writer
429,232,3,883774208.0,M,1,24.999998092651367,student
932,837,4,888990464.0,M,1,44.29560089111328,educator
85,462,3,879064064.0,M,1,42.39196014404297,educator
409,172,4,881095872.0,M,1,31.194055557250977,administrator
269,1284,1,890192256.0,F,0,27.80561637878418,librarian
733,250,2,881605952.0,F,0,31.062660217285156,other
338,479,4,883923008.0,F,0,46.0112419128418,librarian
865,831,1,880308736.0,M,1,24.785629272460938,artist
908,382,3,883082112.0,F,0,45.71144104003906,librarian
618,416,3,884332032.0,F,0,21.98345947265625,student
919,1,5,878134976.0,M,1,23.980676651000977,other
158,162,5,884834240.0,M,1,42.0,educator
181,564,3,884130112.0,M,1,28.954408645629883,executive
311,660,3,876348608.0,M,1,27.53683853149414,technician
429,928,3,881330944.0,M,1,21.471702575683594,student
416,292,4,888684864.0,F,0,23.61150360107422,student
416,568,5,881650752.0,F,0,29.520408630371094,student
495,485,5,885778176.0,M,1,30.955888748168945,engineer
268,392,1,880845760.0,M,1,28.759132385253906,engineer
177,1109,5,885822208.0,M,1,25.64280128479004,other
653,879,3,883291392.0,M,1,21.0,executive
758,582,3,887741184.0,M,1,31.845922470092773,student
455,498,3,883650752.0,M,1,36.8343391418457,administrator
271,510,4,887291712.0,M,1,39.34840393066406,engineer
110,41,4,888068800.0,M,1,19.84996223449707,student
56,281,2,890801600.0,M,1,32.31397247314453,librarian
747,566,4,883880256.0,M,1,28.825136184692383,other
551,203,4,891351232.0,M,1,34.28300476074219,programmer
130,117,5,879931264.0,M,1,44.0,none
388,270,4,888786496.0,M,1,26.095720291137695,other
189,1247,4,888133952.0,M,1,26.62928581237793,artist
763,771,3,882770624.0,M,1,28.18482780456543,scientist
318,318,4,885482112.0,M,1,51.80999755859375,retired
462,560,3,883523584.0,F,0,18.818531036376953,student
162,117,4,884131328.0,M,1,29.032373428344727,artist
639,709,3,889817792.0,F,0,37.430702209472656,librarian
896,509,4,888626368.0,M,1,32.871826171875,writer
537,13,4,885211008.0,M,1,33.229896545410156,engineer
488,689,3,887705536.0,M,1,32.408241271972656,technician
766,303,3,884109760.0,M,1,32.25834655761719,other
493,168,5,884176768.0,M,1,30.797096252441406,engineer
239,1169,5,887315968.0,M,1,27.566650390625,artist
352,237,5,885264384.0,F,0,27.826824188232422,programmer
360,13,4,882205632.0,M,1,27.906658172607422,other
504,447,4,884154688.0,F,0,30.87003517150879,writer
255,989,1,880849088.0,M,1,21.18305778503418,student
901,238,4,881328640.0,M,1,32.337223052978516,executive
615,192,5,880512576.0,M,1,28.66316795349121,educator
903,72,5,889232000.0,M,1,34.8870849609375,educator
121,318,4,887664512.0,M,1,43.43114471435547,librarian
292,210,5,883047360.0,F,0,33.46682357788086,programmer
293,1049,4,889363648.0,M,1,31.631742477416992,writer
474,195,4,886790272.0,M,1,35.15532684326172,executive
13,178,5,886167296.0,M,1,39.64561080932617,educator
201,7,4,884630784.0,M,1,31.570022583007812,writer
330,133,5,885788608.0,F,1,28.999998092651367,other
200,216,4,885367168.0,M,1,33.66785430908203,programmer
665,82,3,882204608.0,M,1,32.27970886230469,administrator
615,186,4,879715328.0,M,1,41.251747131347656,educator
899,223,4,885692672.0,M,1,37.28009796142578,other
346,724,4,879702016.0,M,1,29.077842712402344,other
378,286,4,883208512.0,M,1,25.999998092651367,student
307,276,5,877486976.0,M,1,26.10953140258789,programmer
727,554,2,886063680.0,M,1,22.012622833251953,student
896,810,5,886868736.0,M,1,29.592958450317383,writer
299,729,4,884330240.0,M,1,28.45728302001953,doctor
381,246,4,887189312.0,M,1,20.0,artist
429,310,4,883643392.0,M,1,26.999998092651367,student
308,385,3,886146624.0,M,1,49.80845642089844,retired
74,340,3,885447680.0,M,1,35.210182189941406,scientist
314,1051,4,877104960.0,F,0,29.556556701660156,student
49,424,1,886100224.0,F,0,19.416349411010742,student
886,405,2,877017984.0,M,1,20.484230041503906,student
436,538,4,887409856.0,F,0,34.8220329284668,administrator
474,628,4,884195200.0,M,1,34.77918243408203,executive
854,95,3,883494720.0,F,0,19.35300636291504,student
174,293,4,884498176.0,F,0,23.999998092651367,administrator
567,175,5,883333696.0,M,1,24.89690399169922,entertainment
322,222,4,886344704.0,M,1,21.0974178314209,student
13,747,4,884821120.0,M,1,40.11935806274414,educator
727,421,1,882987008.0,M,1,19.72087860107422,student
747,190,5,884010496.0,M,1,25.917335510253906,other
848,481,4,889115904.0,M,1,38.692996978759766,engineer
6,89,5,885372416.0,M,1,28.84117317199707,executive
927,684,4,879748992.0,M,1,25.21371078491211,programmer
839,276,5,877227328.0,F,0,30.586265563964844,entertainment
633,147,4,880464000.0,M,1,28.8525333404541,programmer
488,329,3,889275648.0,M,1,35.03087615966797,technician
264,1489,5,884121792.0,F,0,32.9184455871582,writer
715,184,3,879462400.0,M,1,26.610227584838867,technician
642,1014,3,882031616.0,F,0,18.8124942779541,student
249,151,4,882714816.0,M,1,23.999998092651367,student
619,475,4,879209216.0,M,1,20.765438079833984,student
682,472,3,884054912.0,M,1,22.0,programmer
303,455,4,880458432.0,M,1,18.336557388305664,student
537,860,3,885810624.0,M,1,34.98586654663086,engineer
173,60,3,885964416.0,M,1,28.797393798828125,other
558,127,5,881157696.0,F,0,32.76746368408203,writer
333,515,5,886825984.0,M,1,20.0,other
585,435,5,888675072.0,M,1,50.0,librarian
450,487,4,885338432.0,F,0,37.128273010253906,educator
432,171,5,889283968.0,M,1,29.480148315429688,entertainment
765,1224,2,879170496.0,M,1,23.172388076782227,student
454,238,2,884667072.0,M,1,37.41858673095703,other
708,778,4,884442112.0,F,0,31.255258560180664,homemaker
887,778,5,880989696.0,F,0,18.915143966674805,student
433,168,5,879296448.0,M,1,26.176830291748047,programmer
7,298,3,888694080.0,M,1,39.95267868041992,administrator
851,946,2,880112576.0,M,1,21.675312042236328,student
318,544,4,883395840.0,M,1,28.726943969726562,retired
23,762,3,881657088.0,F,0,28.707721710205078,artist
535,15,4,884294592.0,F,0,30.697071075439453,educator
385,28,3,885682560.0,M,1,26.70555305480957,writer
280,315,5,890370496.0,F,0,32.627525329589844,librarian
479,87,5,878886976.0,M,1,35.90846252441406,educator
56,83,4,890660736.0,M,1,31.488351821899414,librarian
138,275,4,885535104.0,M,1,33.535858154296875,doctor
222,841,4,881553856.0,M,1,28.049842834472656,programmer
454,519,3,883211840.0,M,1,46.5418815612793,other
711,210,3,883537792.0,F,0,20.750411987304688,student
842,22,5,882634944.0,M,1,29.352296829223633,writer
92,265,3,882423808.0,M,1,26.794084548950195,entertainment
872,655,4,885780096.0,F,0,22.0,student
312,606,4,889981952.0,M,1,39.48713302612305,other
13,789,3,882165952.0,M,1,37.75471878051758,educator
393,161,5,889427584.0,M,1,19.661373138427734,student
181,825,5,882824000.0,M,1,26.758346557617188,executive
606,127,4,883801920.0,M,1,38.0,programmer
880,227,4,880668800.0,M,1,19.85116958618164,student
495,315,5,884463296.0,M,1,27.998424530029297,engineer
409,490,4,881553472.0,M,1,24.999998092651367,administrator
54,1,4,877976064.0,M,1,25.46914291381836,programmer
499,568,4,882831360.0,M,1,30.317583084106445,programmer
877,699,4,884398592.0,M,1,29.66030502319336,other
886,117,2,880314176.0,M,1,20.29401206970215,student
870,93,4,883583936.0,M,1,20.943954467773438,student
592,24,4,883416320.0,M,1,18.883804321289062,student
629,571,3,884457664.0,F,0,37.05896759033203,other
286,367,2,879029248.0,M,1,24.526531219482422,student
238,181,4,884374400.0,F,0,40.828121185302734,administrator
705,794,3,881181056.0,F,0,22.138513565063477,student
711,22,4,878321024.0,F,0,30.77656364440918,student
864,316,5,887219264.0,M,1,27.762556076049805,programmer
916,186,3,882405696.0,M,1,33.583351135253906,engineer
639,35,4,890757120.0,F,0,36.437896728515625,librarian
807,300,4,887945728.0,F,0,30.858564376831055,healthcare
392,238,4,889069248.0,M,1,37.83274841308594,writer
655,1467,2,887769088.0,F,0,38.180335998535156,healthcare
880,801,3,881965824.0,M,1,15.999999046325684,student
87,12,4,883864064.0,M,1,26.999998092651367,administrator
118,1269,5,880281408.0,F,0,30.731098175048828,administrator
77,181,5,884087936.0,M,1,30.880218505859375,technician
931,332,4,886814912.0,M,1,50.0,educator
90,1141,5,891449152.0,M,1,42.181304931640625,educator
870,273,4,883440000.0,M,1,21.291566848754883,student
184,663,4,892174272.0,M,1,35.039039611816406,librarian
305,965,3,886992640.0,M,1,34.507667541503906,programmer
216,265,3,884036096.0,M,1,28.87810516357422,engineer
177,168,4,883764224.0,M,1,30.83588409423828,programmer
592,975,1,883596928.0,M,1,17.977596282958984,student
724,794,3,882905024.0,M,1,34.60609436035156,executive
314,1315,3,886231296.0,F,0,17.6663875579834,student
721,46,3,881448256.0,F,0,27.64951515197754,entertainment
234,1260,4,893219456.0,M,1,47.21305847167969,retired
559,285,5,888981120.0,M,1,54.85526657104492,executive
221,501,1,878020992.0,M,1,18.908266067504883,student
168,523,5,891478080.0,M,1,42.330665588378906,other
698,483,5,885440000.0,F,0,29.2670841217041,programmer
503,1269,5,881680768.0,F,0,37.472442626953125,writer
416,474,4,887838336.0,F,0,22.934934616088867,student
308,516,4,886940800.0,M,1,55.37316131591797,retired
648,919,2,884382848.0,M,1,29.078224182128906,engineer
387,553,2,882626432.0,M,1,27.429100036621094,entertainment
158,144,4,876190336.0,M,1,39.07084274291992,engineer
721,231,3,881281920.0,F,0,26.66623306274414,entertainment
457,1,4,884415552.0,F,0,40.0,salesman
472,22,5,881546944.0,M,1,24.030736923217773,writer
697,472,1,884633536.0,M,1,26.999998092651367,other
638,529,3,884613760.0,M,1,40.181514739990234,engineer
889,380,3,884118080.0,M,1,28.968679428100586,technician
151,1028,5,879742208.0,F,0,37.14386749267578,administrator
158,127,4,882219264.0,M,1,43.881710052490234,educator
770,180,5,875133824.0,M,1,27.201473236083984,student
835,405,4,882762496.0,F,0,42.0,executive
387,461,4,886271360.0,M,1,43.0,entertainment
435,1263,3,882619008.0,M,1,32.51530456542969,engineer
823,484,5,883297088.0,M,1,26.920398712158203,artist
238,286,4,883160832.0,F,0,40.48384094238281,administrator
577,188,4,880281152.0,F,0,21.32830810546875,student
519,134,5,885435648.0,M,1,27.43165397644043,other
846,166,5,884343360.0,M,1,28.416290283203125,lawyer
532,616,5,890638464.0,M,1,28.715269088745117,student
456,157,5,882241408.0,M,1,24.999998092651367,technician
608,602,4,883861888.0,M,1,31.644411087036133,other
629,191,5,885231232.0,F,0,37.40248107910156,other
374,825,5,881005376.0,M,1,26.318464279174805,executive
450,710,4,883841152.0,F,0,37.63098907470703,educator
665,188,4,883440320.0,M,1,28.75587272644043,administrator
877,223,2,882280384.0,M,1,32.402854919433594,other
639,298,4,890796800.0,F,0,37.257057189941406,librarian
354,323,3,889122752.0,F,0,35.80183410644531,librarian
454,602,4,886359104.0,M,1,32.21737289428711,other
590,652,2,883047808.0,M,1,37.8860969543457,educator
606,9,4,884190336.0,M,1,25.976806640625,programmer
7,1200,5,889570624.0,M,1,43.18858337402344,administrator
293,8,4,886049856.0,M,1,32.07341384887695,writer
215,240,4,886495616.0,M,1,26.02763557434082,programmer
276,651,4,875287552.0,M,1,24.73908805847168,student
398,153,5,876036352.0,M,1,31.613021850585938,other
506,1282,4,884005312.0,M,1,31.776174545288086,programmer
940,748,4,885690624.0,M,1,30.045814514160156,administrator
837,418,4,879859904.0,F,0,27.443973541259766,artist
872,203,4,883169472.0,F,0,19.329132080078125,student
380,709,4,880131072.0,M,1,27.309059143066406,engineer
363,926,2,888673280.0,M,0,21.17360496520996,student
392,162,3,889169280.0,M,1,39.24694061279297,writer
308,702,4,887294656.0,M,1,51.28311538696289,retired
76,91,3,884032768.0,M,1,23.0,student
180,208,4,883683072.0,M,1,35.55613327026367,administrator
380,82,3,885003328.0,M,1,27.112815856933594,engineer
521,95,3,883408640.0,M,1,20.096426010131836,student
64,286,3,887671232.0,M,1,39.205726623535156,educator
474,238,3,884346752.0,M,1,39.41238021850586,executive
795,1015,4,882962688.0,M,1,26.22527503967285,programmer
892,520,5,886322560.0,M,1,36.324195861816406,other
59,12,5,889681856.0,M,1,41.72590255737305,educator
576,737,4,883111104.0,M,1,32.1156005859375,executive
552,333,3,875727168.0,M,1,38.052955627441406,other
311,22,5,883338176.0,M,1,27.956653594970703,technician
337,109,5,880371840.0,M,1,26.037309646606445,scientist
308,760,3,887321088.0,M,1,55.0,retired
608,280,4,883530624.0,M,1,28.494783401489258,other
469,476,4,883552128.0,M,1,44.876495361328125,educator
151,181,2,882900480.0,F,0,37.605674743652344,administrator
213,180,5,881813632.0,M,1,28.872398376464844,executive
393,288,4,889396160.0,M,1,20.19566535949707,student
934,177,3,887955072.0,M,1,43.48912811279297,engineer
609,1023,4,883739072.0,F,0,26.376108169555664,student
171,269,4,881500288.0,F,0,43.577964782714844,educator
521,79,3,885355968.0,M,1,30.1490421295166,student
826,125,3,881298880.0,M,1,30.171403884887695,artist
913,470,4,882877568.0,M,1,19.71468734741211,student
913,282,4,883917376.0,M,1,31.11275863647461,student
363,72,4,890600704.0,M,1,20.996261596679688,student
230,95,4,882069376.0,F,0,21.187206268310547,student
463,396,3,884428800.0,F,0,35.7818603515625,healthcare
343,97,4,883988800.0,M,1,28.814666748046875,engineer
151,216,4,879580032.0,F,0,35.047401428222656,administrator
422,186,4,881995072.0,M,1,32.14855194091797,engineer
234,503,4,890126784.0,M,1,51.1784782409668,retired
548,177,5,885950848.0,M,1,28.828857421875,writer
642,582,4,885444736.0,F,0,18.52904510498047,student
533,607,4,888013120.0,M,1,28.823514938354492,librarian
135,196,3,879243200.0,M,1,22.9119930267334,student
592,24,5,883626560.0,M,1,19.855754852294922,student
233,100,5,881124416.0,M,1,40.0,engineer
312,515,5,885982272.0,M,1,35.242103576660156,other
517,196,3,884086016.0,M,1,19.57587432861328,student
766,83,3,886608704.0,M,1,23.0,other
809,746,4,892317184.0,F,0,36.724693298339844,administrator
597,250,4,885435968.0,M,1,28.033632278442383,other
524,687,3,885761920.0,M,1,27.999998092651367,educator
425,96,3,875074880.0,M,1,25.409578323364258,student
593,1141,3,878026752.0,F,0,34.70197296142578,educator
161,289,5,884461120.0,M,1,32.742958068847656,lawyer
279,906,4,881604288.0,M,1,24.757814407348633,programmer
684,185,4,879426944.0,M,1,20.731050491333008,student
206,358,2,889056512.0,F,0,22.78688621520996,student
885,1311,2,882346048.0,F,0,29.999998092651367,other
804,519,4,883387648.0,M,1,44.27655029296875,educator
270,172,4,881128256.0,F,0,30.630136489868164,student
374,775,3,880164480.0,M,1,29.5598087310791,executive
561,434,4,884079936.0,M,1,28.76593589782715,engineer
7,300,5,891324544.0,M,1,36.593223571777344,administrator
425,91,3,883468608.0,M,1,20.876811981201172,student
312,659,3,891014592.0,M,1,39.50159454345703,other
330,197,5,884065664.0,F,0,22.0,educator
264,98,5,883853632.0,F,0,28.999998092651367,writer
184,281,3,883444672.0,M,1,28.766746520996094,librarian
255,239,2,884194368.0,M,1,27.3831729888916,entertainment
151,367,3,879477120.0,F,0,35.21046447753906,administrator
327,132,4,887667456.0,M,1,23.0604305267334,student
916,450,3,880982784.0,M,1,31.560779571533203,engineer
217,717,1,884818880.0,M,1,24.085067749023438,other
336,3,1,880645376.0,M,1,24.827442169189453,salesman
770,50,5,880992320.0,M,1,23.19038963317871,student
378,117,4,884352256.0,M,1,21.01209831237793,student
770,475,4,875935616.0,M,1,19.98996925354004,student
393,1134,3,884369600.0,M,1,20.827007293701172,student
264,10,5,885806784.0,F,0,20.0,writer
450,300,3,886826688.0,F,0,37.054359436035156,educator
896,271,4,888677952.0,M,1,30.412124633789062,writer
313,328,3,883385408.0,M,1,33.24659729003906,marketing
694,15,4,880860480.0,M,1,39.477081298828125,programmer
302,1128,3,879001536.0,M,1,37.18137741088867,educator
1,678,4,879458560.0,M,1,26.17337417602539,technician
164,435,3,884248064.0,M,1,39.20389175415039,healthcare
425,941,3,882356416.0,M,1,20.0,student
889,177,3,881432064.0,M,1,25.131004333496094,technician
577,568,4,881304832.0,F,1,15.0,student
347,300,5,883966592.0,M,1,26.999998092651367,student
772,121,4,883374080.0,M,1,29.57206916809082,writer
608,50,4,880354368.0,M,1,29.767459869384766,other
943,1008,4,884998272.0,M,1,20.372756958007812,student
438,678,4,884029760.0,F,0,44.47870635986328,administrator
84,538,5,885327616.0,M,1,32.867713928222656,executive
757,7,3,893280000.0,M,1,20.706096649169922,student
394,498,4,884049024.0,M,1,29.999998092651367,administrator
776,179,5,890050496.0,M,1,33.56342315673828,librarian
328,377,4,886395584.0,M,1,28.190183639526367,administrator
268,780,4,883213504.0,M,1,21.28296661376953,engineer
522,194,4,881649856.0,M,1,28.477279663085938,engineer
268,405,3,877713152.0,M,1,23.010339736938477,engineer
346,219,1,876891520.0,M,1,22.624881744384766,other
116,1266,3,885455552.0,M,1,42.0,healthcare
751,300,4,889305024.0,M,0,28.783111572265625,other
561,1376,3,888101184.0,M,1,28.2822208404541,engineer
248,169,4,884986560.0,M,1,23.0,student
25,1540,4,881373248.0,M,1,31.680103302001953,engineer
561,1084,4,885420416.0,M,1,30.102521896362305,engineer
488,134,4,890736064.0,M,1,32.496925354003906,technician
397,546,4,880760448.0,M,1,25.035860061645508,student
497,540,3,879876800.0,M,1,19.838960647583008,student
332,157,4,885834624.0,M,1,20.540435791015625,student
683,722,2,889907840.0,M,1,36.937156677246094,administrator
580,288,4,883952512.0,M,1,28.971445083618164,student
514,685,4,883855424.0,M,1,31.4782657623291,programmer
567,441,2,882457344.0,M,1,26.516908645629883,entertainment
766,288,3,885777344.0,M,1,43.0,other
452,304,4,881464128.0,M,1,36.915191650390625,administrator
320,778,4,883588608.0,M,1,20.34228515625,student
276,475,4,876285248.0,M,1,29.999998092651367,executive
860,220,3,884158016.0,F,0,58.49040222167969,retired
194,1101,1,877112576.0,M,1,28.835851669311523,administrator
666,891,4,882466816.0,M,1,28.851102828979492,administrator
505,486,3,888255616.0,F,0,35.02208709716797,other
587,289,2,887410496.0,M,1,29.999998092651367,other
200,12,5,884686144.0,M,1,36.0,programmer
276,879,4,876945344.0,M,1,20.261432647705078,student
216,676,4,879517760.0,M,1,25.526081085205078,engineer
592,187,5,883590656.0,M,1,32.187747955322266,student
343,56,5,880181184.0,M,1,37.35472869873047,librarian
144,692,4,884768064.0,M,1,38.47209548950195,programmer
249,181,5,884063552.0,M,1,18.10872459411621,student
255,820,3,883348992.0,M,1,24.18260955810547,entertainment
716,147,3,880539904.0,F,0,37.15088653564453,administrator
679,237,4,880153664.0,F,0,22.276512145996094,student
824,1009,4,882379904.0,M,1,22.0,other
864,127,5,887252288.0,M,1,25.675588607788086,programmer
293,659,5,885398336.0,M,1,42.0,writer
499,70,4,884356544.0,M,1,29.09110450744629,programmer
863,358,2,890754240.0,M,1,21.108930587768555,student
805,1011,5,883152960.0,F,0,27.501678466796875,other
13,950,1,884806784.0,M,1,37.0,educator
434,655,4,885201472.0,F,0,21.258800506591797,student
618,27,3,887804224.0,F,0,19.178974151611328,student
577,470,3,880491712.0,F,0,21.615612030029297,student
429,780,3,884093760.0,M,1,23.488679885864258,student
264,898,5,890523072.0,F,0,30.039779663085938,writer
823,502,5,885374656.0,M,1,27.724979400634766,artist
269,1142,1,890855040.0,F,0,27.810941696166992,librarian
371,357,5,880324800.0,M,1,28.67792510986328,engineer
406,291,5,879702592.0,M,1,39.25493240356445,educator
458,193,4,891347456.0,M,1,34.41218566894531,technician
429,17,3,882404416.0,M,1,20.695104598999023,student
222,672,2,880309376.0,M,1,27.17292022705078,programmer
627,28,4,879776512.0,M,1,24.906448364257812,engineer
62,57,3,881253056.0,F,0,32.31279754638672,administrator
226,1430,4,885633600.0,M,1,19.982818603515625,student
644,50,3,881975232.0,M,1,48.1213493347168,retired
592,804,4,883760256.0,M,1,18.92414665222168,student
521,1118,3,884614720.0,M,1,18.56180191040039,student
385,218,3,879002048.0,M,1,28.233442306518555,writer
241,300,4,888974464.0,F,1,18.92071533203125,student
521,431,3,881960768.0,M,1,32.18150329589844,other
561,257,3,887970816.0,M,1,29.629615783691406,engineer
474,300,5,889830400.0,M,1,41.085479736328125,executive
863,358,3,889275840.0,M,1,24.132097244262695,student
109,770,4,882394176.0,M,1,26.4484806060791,other
623,403,4,884615296.0,F,0,24.507938385009766,student
409,183,4,880284160.0,M,1,34.96333312988281,administrator
711,266,3,878712576.0,F,0,19.255603790283203,student
456,469,4,882975808.0,M,1,30.658145904541016,scientist
871,234,3,883158016.0,M,1,26.999998092651367,executive
22,410,3,882608384.0,M,1,30.09132957458496,writer
194,33,3,880145216.0,M,1,36.0,administrator
409,100,3,881771904.0,M,1,28.31681251525879,administrator
747,378,5,884059328.0,M,1,25.552995681762695,other
85,446,1,878617664.0,M,1,41.09345245361328,educator
279,188,4,881905280.0,M,1,27.733741760253906,programmer
495,139,4,887788736.0,M,1,28.017940521240234,engineer
43,31,4,885128384.0,F,0,35.39484786987305,librarian
308,298,2,888674496.0,M,1,52.52692794799805,retired
731,285,5,885643904.0,F,0,28.867799758911133,educator
246,384,4,882144704.0,M,1,19.655277252197266,student
738,357,5,882723072.0,M,1,29.406803131103516,technician
280,990,1,891859200.0,F,0,26.316038131713867,librarian
311,483,5,883454720.0,M,1,31.978269577026367,technician
178,331,3,887383168.0,M,1,28.660911560058594,other
145,1208,5,880562880.0,M,1,26.5742244720459,entertainment
268,473,2,884312704.0,F,1,23.508697509765625,engineer
312,203,4,883255360.0,M,1,30.738075256347656,other
21,208,2,881119232.0,M,1,26.01234245300293,writer
297,255,3,878249344.0,F,0,34.321250915527344,educator
393,2,3,889106816.0,M,1,28.757028579711914,student
367,172,4,882702080.0,M,1,28.74321746826172,student
896,445,4,887335680.0,M,1,30.866024017333984,writer
863,40,4,888715584.0,M,1,18.258747100830078,student
749,419,4,874815872.0,M,1,27.137664794921875,other
409,631,4,881621952.0,M,1,10.0,administrator
40,222,3,883424128.0,M,1,32.427833557128906,scientist
42,350,5,882478592.0,M,1,28.99648094177246,administrator
383,357,5,884173248.0,M,1,29.869916915893555,technician
577,245,4,881791232.0,F,0,22.075450897216797,student
781,210,4,883886976.0,M,1,29.999998092651367,student
244,273,5,883260672.0,M,1,23.546161651611328,programmer
130,117,4,879106240.0,F,1,25.92609977722168,none
286,95,4,880700544.0,M,1,17.919151306152344,student
537,566,4,882540352.0,M,1,33.0350227355957,engineer
385,87,5,881335488.0,M,1,29.00189781188965,writer
18,433,3,881025984.0,F,0,33.016136169433594,other
293,952,3,885201472.0,M,1,30.970600128173828,writer
890,23,4,884462912.0,M,1,23.2961483001709,student
279,47,4,881383552.0,M,1,25.034820556640625,programmer
695,177,4,887767360.0,M,1,37.80314636230469,writer
234,445,2,890146368.0,M,1,47.702823638916016,retired
663,156,5,886802560.0,M,1,26.270286560058594,other
94,85,4,888251584.0,M,1,28.911100387573242,student
322,288,4,889635456.0,M,1,23.81591796875,student
537,1211,2,885827328.0,M,1,33.967018127441406,engineer
664,419,4,884190848.0,M,1,26.86854362487793,engineer
655,736,3,886007360.0,F,0,44.0,healthcare
682,393,4,884130496.0,M,1,31.19981575012207,programmer
650,161,4,891035136.0,M,1,36.55762481689453,engineer
255,238,4,881981120.0,M,1,28.841115951538086,entertainment
437,762,4,882461440.0,F,0,30.548917770385742,other
889,685,3,878963008.0,M,1,25.3802433013916,technician
766,333,3,883872448.0,M,1,28.01388931274414,other
429,451,2,886330560.0,M,1,27.418113708496094,student
201,552,3,885534208.0,M,1,30.66862678527832,writer
823,222,4,881528448.0,M,1,27.79632568359375,artist
303,542,4,878992832.0,M,1,18.848922729492188,student
385,291,4,878192256.0,M,1,30.777132034301758,writer
880,1222,2,884300928.0,M,1,20.479354858398438,student
275,678,3,881015040.0,M,1,28.868972778320312,engineer
862,7,5,874825856.0,M,1,28.97267723083496,executive
347,693,5,886413824.0,M,1,17.0,student
434,147,4,886096320.0,F,0,22.760841369628906,student
90,778,5,883404288.0,M,1,37.92184066772461,educator
705,358,3,881559616.0,F,0,17.93274688720703,student
889,53,4,881539968.0,M,1,26.983736038208008,technician
676,313,4,890873408.0,M,1,29.844684600830078,programmer
661,605,4,878308480.0,M,1,34.752037048339844,programmer
230,1552,4,883067200.0,F,0,19.375141143798828,student
235,205,4,884134912.0,M,1,28.80534553527832,educator
387,133,3,886581056.0,M,1,27.999998092651367,entertainment
152,302,5,881533824.0,F,1,35.0,educator
312,511,5,887126016.0,M,1,37.667640686035156,other
406,752,4,881428800.0,M,1,31.0,educator
305,83,5,884187776.0,M,1,27.745155334472656,programmer
308,1016,4,887999808.0,M,1,29.999998092651367,retired
868,1,4,883663552.0,M,1,29.207618713378906,programmer
480,161,4,883861760.0,M,1,45.72159957885742,retired
749,527,4,883729088.0,M,1,29.63650131225586,other
716,8,4,881135744.0,F,0,39.52004623413086,administrator
392,191,3,887926080.0,M,1,36.56671905517578,writer
339,302,5,890303936.0,M,1,34.791561126708984,lawyer
295,7,4,881875904.0,M,1,35.514923095703125,educator
846,82,5,886624384.0,M,1,25.745933532714844,lawyer
201,1008,4,882815616.0,M,1,29.47939682006836,writer
916,572,3,882487552.0,M,1,29.999998092651367,engineer
921,403,2,880961856.0,F,0,30.739099502563477,student
705,903,5,884209856.0,F,0,28.555463790893555,programmer
442,474,4,882757760.0,M,1,22.515459060668945,student
246,324,4,882225536.0,M,1,20.635528564453125,student
868,276,4,879177984.0,M,1,28.907608032226562,programmer
393,11,3,891033984.0,M,1,20.814424514770508,student
8,845,3,884619456.0,M,1,31.355613708496094,administrator
667,582,5,889974464.0,M,1,27.999998092651367,librarian
886,273,4,877052864.0,M,1,21.166715621948242,student
767,192,5,893119360.0,M,1,44.09324645996094,engineer
343,150,4,879883136.0,M,1,28.82435417175293,engineer
240,692,5,879774656.0,F,0,26.999998092651367,educator
387,609,4,883574784.0,M,1,30.117937088012695,entertainment
160,1012,4,880140032.0,M,1,25.630992889404297,programmer
109,484,4,874863296.0,M,1,28.063087463378906,other
11,269,4,886878400.0,F,0,50.0,other
463,19,3,879690944.0,F,0,47.23621368408203,healthcare
330,276,5,877710848.0,F,0,30.11819839477539,educator
629,880,3,884749312.0,F,0,35.022396087646484,other
897,175,5,880745984.0,M,1,27.5614070892334,other
117,132,4,884261120.0,M,1,23.12388038635254,student
758,23,5,882606784.0,M,1,28.999998092651367,student
60,181,4,885132800.0,M,1,42.86665344238281,healthcare
652,526,3,885387712.0,M,1,35.68464660644531,executive
592,201,5,882768256.0,M,1,25.637271881103516,student
302,60,2,884717952.0,M,1,40.74238204956055,educator
864,727,4,881277888.0,M,1,26.757495880126953,programmer
312,189,5,891354944.0,M,1,34.802040100097656,other
184,751,3,890681984.0,M,1,43.0,librarian
244,879,4,882288576.0,M,1,26.85736846923828,technician
44,864,2,884179968.0,M,1,27.43699836730957,technician
130,195,4,883735424.0,M,1,23.82073402404785,none
939,173,5,883141632.0,M,1,26.705198287963867,engineer
293,271,2,888467200.0,M,1,21.0,student
28,280,4,883042560.0,M,1,28.824752807617188,writer
938,571,5,889839488.0,F,0,37.88867950439453,technician
453,652,2,882145792.0,M,1,27.413625717163086,student
201,275,4,884133376.0,M,1,29.094398498535156,writer
721,56,5,886047552.0,F,0,29.518840789794922,entertainment
633,237,4,880928192.0,M,1,29.034475326538086,programmer
213,12,5,879718848.0,M,1,31.910043716430664,executive
99,17,4,883179840.0,M,1,17.0,student
96,192,3,882201536.0,F,0,33.81344223022461,artist
466,161,5,890754752.0,M,1,28.85149383544922,student
457,800,4,880838976.0,F,1,28.928985595703125,salesman
450,66,4,884335360.0,F,0,31.02810287475586,educator
855,70,5,884335744.0,M,1,29.44552993774414,librarian
269,1557,1,890895680.0,F,0,25.922697067260742,librarian
234,638,4,890111040.0,M,1,48.0,retired
328,374,3,884090304.0,M,1,44.485958099365234,administrator
708,322,4,883020736.0,F,0,30.93412208557129,homemaker
128,121,3,882178816.0,F,0,36.346099853515625,marketing
763,172,5,882315136.0,M,1,28.878671646118164,scientist
506,87,3,879772864.0,M,1,33.62245178222656,programmer
378,237,4,878994496.0,M,1,21.75965118408203,student
537,505,3,886903104.0,M,1,41.714447021484375,engineer
288,191,3,883702528.0,M,1,34.42647171020508,marketing
478,274,3,886065216.0,M,1,29.56537628173828,other
393,152,3,888206848.0,M,1,20.986419677734375,student
437,735,5,884367168.0,F,0,29.593385696411133,other
766,436,3,888347136.0,M,1,53.0,other
536,19,4,881727552.0,M,1,43.965633392333984,engineer
339,258,5,888563840.0,M,1,32.23412322998047,lawyer
216,501,4,881756416.0,M,1,32.263084411621094,engineer
374,276,5,879393664.0,M,1,29.786367416381836,executive
732,300,5,889090880.0,F,0,34.080562591552734,other
450,95,3,881394752.0,F,0,29.17325782775879,healthcare
299,121,3,882699712.0,M,1,39.0,doctor
269,606,4,888073024.0,F,0,17.0,librarian
399,69,4,883634304.0,M,1,28.56191062927246,other
883,181,4,889339904.0,M,1,40.69706344604492,librarian
916,186,4,881658176.0,M,1,36.16606903076172,engineer
405,950,4,884926592.0,F,0,27.385379791259766,healthcare
496,651,4,878284160.0,F,0,20.161487579345703,student
694,97,4,881499456.0,M,1,35.533241271972656,programmer
250,326,4,879875008.0,M,1,28.602298736572266,executive
632,28,4,883665344.0,M,1,17.95992088317871,student
934,529,5,886218368.0,M,1,52.0,engineer
94,488,4,890785408.0,M,1,24.999998092651367,student
887,866,5,880963776.0,F,0,18.527240753173828,student
184,1018,3,887759744.0,M,1,38.334510803222656,librarian
683,595,2,890196672.0,M,1,48.0,librarian
244,228,4,884083840.0,M,1,25.855770111083984,technician
375,421,4,892737216.0,M,1,29.611413955688477,entertainment
7,1200,5,884575360.0,M,1,25.999998092651367,administrator
216,175,4,879987456.0,M,1,28.16959571838379,engineer
401,3,1,886633664.0,F,1,28.735868453979492,healthcare
399,882,3,885345408.0,M,1,26.999998092651367,other
217,558,5,887308032.0,M,1,30.042587280273438,other
643,319,4,892697152.0,M,1,36.580989837646484,scientist
96,15,5,884481728.0,F,0,32.822792053222656,artist
903,13,4,885206464.0,M,1,28.779848098754883,educator
389,267,4,880999040.0,F,0,44.29301452636719,writer
514,168,4,880134528.0,M,1,29.0161190032959,programmer
454,151,4,883017408.0,M,1,26.999998092651367,other
533,30,4,887333632.0,M,1,41.9857292175293,librarian
230,319,4,882485248.0,F,0,27.954944610595703,writer
392,269,3,888162624.0,M,1,38.71112060546875,writer
49,929,2,887872320.0,F,0,18.837610244750977,student
13,1078,1,883487104.0,M,1,35.01105499267578,educator
249,188,5,882309952.0,M,1,31.0,student
661,176,5,879098688.0,M,1,27.870988845825195,programmer
99,694,2,882902656.0,M,1,21.170635223388672,student
830,164,4,887556992.0,M,1,29.47297477722168,programmer
877,235,4,884851520.0,M,1,28.948789596557617,other
908,125,3,883089536.0,F,0,50.0,librarian
87,482,4,875129856.0,M,1,36.37902069091797,administrator
872,692,4,884343936.0,F,0,30.73736000061035,student
380,96,4,883793024.0,M,1,27.317697525024414,engineer
877,672,4,885049664.0,M,1,27.680143356323242,other
7,582,5,886537216.0,M,1,47.0,administrator
308,4,4,886645824.0,M,1,57.0,retired
429,201,2,883264064.0,M,1,19.611921310424805,student
655,921,2,886161088.0,F,0,46.177635192871094,healthcare
447,647,5,881502080.0,M,1,32.158172607421875,administrator
659,14,5,885584000.0,M,1,38.59498596191406,educator
303,168,5,879052224.0,M,1,19.315753936767578,student
618,298,5,889726656.0,F,0,18.76506805419922,student
432,219,3,885330304.0,M,1,23.465160369873047,entertainment
425,926,2,882951616.0,M,1,21.2586669921875,student
400,747,3,883686720.0,F,0,36.197601318359375,administrator
277,143,3,881447424.0,F,0,32.441749572753906,administrator
339,1323,4,889101696.0,M,1,33.88761520385742,lawyer
749,919,4,880537216.0,M,1,32.14213943481445,other
841,293,4,885630720.0,M,1,28.341527938842773,student
235,887,5,884370048.0,M,1,39.23692321777344,educator
327,234,4,884112704.0,M,1,28.930299758911133,student
798,403,4,887938880.0,F,0,33.154056549072266,writer
378,117,4,881198144.0,M,1,21.746681213378906,student
64,521,4,884132800.0,M,1,28.9431209564209,educator
889,258,4,883366208.0,M,1,27.295209884643555,technician
817,815,3,878939904.0,M,1,21.896108627319336,student
671,1,4,883066176.0,M,1,28.57211685180664,programmer
378,195,3,880883456.0,M,1,21.008586883544922,student
585,694,4,887442432.0,M,1,59.0,librarian
87,393,4,884201344.0,M,1,32.560543060302734,administrator
345,416,3,886637568.0,F,1,37.858489990234375,librarian
380,554,4,884566208.0,M,1,24.905927658081055,engineer
15,302,5,883307392.0,F,0,41.28093719482422,educator
521,744,3,884269952.0,M,1,21.38822364807129,student
193,690,4,890098560.0,M,1,22.30512237548828,student
621,1185,3,884053760.0,M,1,20.308917999267578,student
671,597,4,884212672.0,M,1,27.55010223388672,programmer
429,1115,4,878794048.0,M,1,20.243335723876953,student
757,346,2,889714240.0,M,1,22.70075225830078,student
425,819,3,882856960.0,M,1,19.17928695678711,student
429,241,4,884881088.0,M,1,10.0,student
345,88,4,886027904.0,F,0,37.76952362060547,librarian
279,259,4,885491904.0,M,1,24.879926681518555,programmer
339,354,5,884557760.0,M,1,32.84331512451172,lawyer
654,151,4,885503744.0,F,0,21.195350646972656,student
25,474,4,885480384.0,M,1,46.0,engineer
425,310,4,887256832.0,M,1,20.945804595947266,student
131,866,4,883889792.0,F,0,41.71385192871094,administrator
541,748,4,883834944.0,F,0,22.13922882080078,student
648,201,4,882195392.0,M,1,32.24900817871094,engineer
881,102,4,877923712.0,M,1,31.61867332458496,marketing
417,111,2,877872768.0,F,0,27.926559448242188,other
85,520,4,884715520.0,M,1,43.64396667480469,educator
429,975,2,885057408.0,M,1,26.970998764038086,student
234,298,4,890961216.0,M,1,51.346160888671875,retired
514,620,4,878570816.0,M,1,27.45150375366211,programmer
829,230,5,886624832.0,M,1,30.962688446044922,writer
332,525,4,886230912.0,M,1,20.19721221923828,student
265,117,4,878718144.0,M,1,28.52334976196289,executive
823,117,4,882177600.0,M,1,25.817384719848633,artist
637,294,1,884495488.0,M,1,27.72380828857422,other
632,265,5,880309824.0,M,1,21.403522491455078,student
385,410,4,880752704.0,M,1,38.0,writer
897,318,4,879714880.0,M,1,28.85641098022461,other
500,188,1,886201408.0,M,1,32.72064971923828,administrator
804,933,4,879867968.0,M,1,34.487213134765625,educator
879,159,4,881210816.0,F,0,39.65546798706055,administrator
514,201,4,879362624.0,M,1,25.921396255493164,programmer
151,255,4,879540800.0,F,0,38.251708984375,administrator
85,45,3,881845120.0,M,1,41.72784423828125,educator
99,72,5,888405696.0,M,1,18.857568740844727,student
308,268,4,887414144.0,M,1,44.16823196411133,retired
588,1495,4,891260736.0,F,0,19.275440216064453,student
908,202,5,885313152.0,F,0,43.83455276489258,librarian
63,1284,2,884584448.0,M,1,29.75023651123047,marketing
16,496,5,883516096.0,M,1,23.999998092651367,student
721,716,3,881151040.0,F,0,27.780324935913086,entertainment
883,70,5,888151040.0,M,1,44.37812805175781,librarian
425,77,3,884778624.0,M,1,21.17586898803711,student
738,648,4,882433984.0,M,1,27.279621124267578,technician
450,332,4,881994432.0,F,0,25.999998092651367,educator
416,1129,4,884429120.0,F,0,19.672739028930664,student
328,297,4,884313728.0,M,1,49.62805938720703,administrator
574,274,3,887675264.0,M,1,37.37533950805664,other
846,591,4,887928640.0,M,1,29.969928741455078,lawyer
265,54,3,879784576.0,M,1,23.194133758544922,student
349,73,3,878283648.0,M,1,47.805484771728516,educator
524,797,4,883948864.0,M,1,47.367828369140625,educator
682,227,3,886222656.0,M,1,27.41858673095703,programmer
899,735,4,884593920.0,M,1,37.37982940673828,other
798,433,3,877439424.0,F,0,30.461776733398438,writer
870,274,4,883733184.0,M,1,21.743871688842773,student
291,249,4,877835008.0,M,1,21.454626083374023,student
862,64,5,881667712.0,M,1,26.992706298828125,executive
711,208,5,879280960.0,F,0,29.999998092651367,student
311,1016,3,884329088.0,M,1,28.555767059326172,technician
754,66,4,883748096.0,F,0,40.758026123046875,librarian
525,237,4,882350848.0,F,0,39.04051971435547,administrator
162,195,4,884362752.0,M,1,25.653963088989258,artist
703,692,4,878447552.0,M,1,33.206634521484375,educator
13,18,1,884017792.0,M,1,34.74197769165039,educator
874,176,4,883808960.0,M,1,27.946420669555664,scientist
666,238,4,885103744.0,M,1,38.74761199951172,administrator
250,196,5,879689408.0,M,1,30.59672737121582,executive
18,98,4,882816576.0,F,0,30.90646743774414,other
537,636,2,884713984.0,M,1,52.0,engineer
207,276,5,882816192.0,M,1,33.423439025878906,marketing
389,100,3,881025216.0,F,0,42.191856384277344,writer
617,558,5,884311296.0,F,0,28.198305130004883,writer
272,117,5,883049408.0,M,1,31.182209014892578,scientist
666,255,4,883315520.0,M,1,29.532880783081055,administrator
921,271,3,884591936.0,F,0,22.189369201660156,student
698,603,4,884361280.0,F,0,32.82503890991211,programmer
429,874,3,883463680.0,M,1,17.958904266357422,student
537,685,4,886429248.0,M,1,34.75720977783203,engineer
303,173,5,875667136.0,M,1,27.386274337768555,student
428,188,5,882109184.0,M,1,22.44465446472168,student
541,742,4,883947392.0,F,0,20.457019805908203,student
44,1272,3,883513664.0,M,1,27.49020004272461,technician
380,217,3,885121600.0,M,1,25.89112091064453,engineer
842,208,5,891560768.0,M,1,34.768959045410156,writer
939,257,5,882419072.0,F,0,28.77614974975586,other
321,284,4,884418048.0,F,0,31.15123176574707,educator
285,426,4,891383680.0,M,1,30.245563507080078,programmer
221,257,3,879195968.0,M,1,20.0,student
239,628,5,884644992.0,M,1,28.664655685424805,artist
198,237,3,880906624.0,F,0,19.186893463134766,student
620,610,4,884421568.0,F,0,34.09602355957031,writer
694,127,4,881234624.0,M,1,38.0,programmer
711,675,4,877052096.0,F,0,29.173818588256836,student
429,392,3,882767168.0,M,1,20.221126556396484,student
20,331,3,885655616.0,F,0,28.139286041259766,homemaker
303,168,5,879043328.0,M,1,28.811365127563477,student
393,648,3,889977024.0,M,1,18.100872039794922,student
846,275,4,887285504.0,M,1,31.66922378540039,lawyer
1,943,2,879895936.0,M,1,26.914400100708008,technician
812,181,2,883740800.0,M,1,34.20321273803711,programmer
295,7,4,882159360.0,M,1,23.0,educator
682,692,4,886691712.0,M,1,27.928857803344727,programmer
481,4,4,887040704.0,M,1,54.0,retired
639,61,3,890979904.0,F,0,20.0,librarian
577,402,3,883948288.0,F,0,20.70317840576172,student
305,200,3,885951872.0,M,1,35.563453674316406,programmer
181,1178,1,879612992.0,M,1,24.46782684326172,executive
23,242,1,883864576.0,F,0,23.999998092651367,artist
457,623,3,881665088.0,F,0,29.691404342651367,salesman
389,143,3,884477760.0,F,0,31.491647720336914,writer
248,132,3,885155328.0,M,1,22.134626388549805,student
531,1047,1,886880832.0,M,1,22.44899559020996,salesman
665,427,4,884393984.0,M,1,31.007896423339844,administrator
834,1014,3,883887040.0,M,1,28.47377586364746,scientist
881,568,3,881056384.0,M,1,36.504852294921875,marketing
328,604,4,885913856.0,M,1,36.70842742919922,administrator
457,345,4,880649984.0,F,1,29.153804779052734,salesman
151,23,5,882449920.0,F,0,28.724031448364258,administrator
932,307,4,887450816.0,M,1,50.0,educator
109,326,3,890762816.0,M,1,30.491809844970703,other
387,161,4,887136000.0,M,1,26.898563385009766,entertainment
422,206,5,884459136.0,M,1,25.843624114990234,entertainment
450,543,1,885056256.0,F,0,33.56781768798828,educator
745,427,4,885549120.0,M,1,30.559537887573242,writer
479,194,4,881874752.0,M,1,23.0,educator
405,581,1,880221248.0,F,0,26.746736526489258,healthcare
727,999,2,882210304.0,M,1,19.654361724853516,student
504,944,1,883122688.0,M,1,33.648582458496094,writer
521,245,3,882349952.0,M,1,21.003816604614258,student
291,1034,4,878020160.0,M,1,21.20861053466797,student
443,62,2,879055168.0,M,1,20.744718551635742,student
402,14,5,880337664.0,M,1,28.190288543701172,engineer
406,1286,2,883661632.0,M,1,37.224884033203125,educator
932,135,4,886077440.0,M,1,45.0,educator
303,24,4,882915456.0,M,1,18.0,student
882,95,5,881379776.0,M,1,22.0,engineer
712,309,4,880797248.0,F,0,22.948101043701172,student
409,211,5,884424192.0,M,1,34.223976135253906,administrator
660,151,4,882532160.0,M,1,19.693429946899414,student
561,739,4,891480128.0,M,1,32.75539779663086,engineer
82,260,3,881026432.0,M,1,26.999998092651367,programmer
486,451,4,884259584.0,M,1,34.37903594970703,educator
665,324,4,884301376.0,M,1,29.487375259399414,administrator
184,4,3,887800448.0,M,1,28.900432586669922,librarian
862,7,4,882468544.0,M,1,29.65260124206543,executive
378,204,3,881579648.0,M,1,21.337635040283203,student
210,431,3,883486976.0,M,1,33.66620635986328,engineer
548,1161,4,891394688.0,M,1,36.926212310791016,writer
479,676,4,880936192.0,M,1,42.0,educator
105,523,5,881684544.0,M,1,32.57634353637695,engineer
303,54,3,878456704.0,M,1,26.999998092651367,student
191,216,4,883831040.0,M,1,41.95124435424805,administrator
298,144,4,881370112.0,M,1,30.875,executive
758,144,4,881648512.0,M,1,20.948593139648438,student
49,248,4,883407104.0,F,0,33.0,student
599,7,5,881794880.0,F,0,21.0,student
234,650,2,891036736.0,M,1,50.0056266784668,retired
644,360,4,887502400.0,M,1,53.613441467285156,retired
653,678,2,882491264.0,M,1,45.0,executive
201,871,3,883744512.0,M,1,27.545448303222656,entertainment
846,647,4,883822144.0,M,1,39.0,lawyer
450,174,4,884491200.0,F,0,36.3160400390625,healthcare
561,1093,1,883979904.0,M,1,27.479555130004883,engineer
427,269,4,883662976.0,M,1,35.68610382080078,doctor
472,180,4,880182912.0,M,1,20.347042083740234,student
429,684,3,880555840.0,M,1,21.464035034179688,student
386,328,3,884651776.0,M,1,38.35054397583008,executive
276,235,1,875656064.0,M,1,26.30363655090332,student
270,732,4,883257088.0,F,0,20.92165756225586,student
903,708,5,886718592.0,M,1,28.672895431518555,educator
870,198,4,881109248.0,M,1,21.365346908569336,student
451,109,3,880178048.0,M,1,27.32612419128418,student
708,748,1,882982464.0,F,0,27.697589874267578,salesman
932,10,4,882036608.0,M,1,44.166629791259766,educator
919,563,4,878288896.0,M,1,25.999998092651367,other
450,1013,3,886240576.0,F,0,45.0,educator
655,1602,3,891204864.0,F,0,46.18022537231445,healthcare
747,208,5,887464768.0,M,1,24.729005813598633,other
699,58,4,886323136.0,M,1,32.994361877441406,other
550,367,4,879276416.0,F,0,21.982866287231445,student
178,693,2,887110016.0,M,1,26.225923538208008,other
347,320,5,886483776.0,M,1,29.881877899169922,student
14,274,5,883806080.0,M,1,29.347070693969727,scientist
784,290,2,890893184.0,M,1,17.0,administrator
832,318,4,885255744.0,M,1,30.953704833984375,technician
457,228,4,879038080.0,F,0,30.687211990356445,salesman
246,715,4,884285376.0,M,1,18.411279678344727,student
843,879,2,882501952.0,M,1,28.823810577392578,engineer
487,291,4,883435456.0,M,1,32.61309051513672,engineer
213,228,4,877749632.0,M,1,28.62104606628418,executive
110,369,2,885267968.0,M,1,19.840099334716797,student
710,172,4,880525120.0,M,1,23.726871490478516,student
59,1221,3,890488384.0,M,1,44.554412841796875,educator
6,282,3,889415808.0,M,1,33.64799499511719,executive
308,514,4,888025280.0,M,1,53.0,retired
87,191,3,880309632.0,M,1,28.82057762145996,administrator
489,988,3,889288960.0,M,1,26.711515426635742,other
387,1356,3,883137344.0,M,1,28.892295837402344,entertainment
932,60,4,890244480.0,M,1,38.37649917602539,educator
606,66,3,881389504.0,M,1,31.653444290161133,programmer
429,694,2,882190656.0,M,1,21.253677368164062,student
16,496,5,880323968.0,M,1,26.00078010559082,entertainment
178,151,4,884775040.0,M,1,27.0528564453125,other
830,48,4,883907712.0,M,1,18.0,programmer
889,427,4,882535360.0,M,1,27.323463439941406,technician
144,690,4,887252416.0,M,1,32.0,programmer
655,131,4,884829888.0,F,0,53.0,healthcare
504,382,4,886277312.0,F,0,37.156898498535156,writer
343,188,4,881273664.0,M,1,32.4218635559082,engineer
618,288,4,878698560.0,F,1,27.408462524414062,student
56,203,4,891389440.0,M,1,32.30988693237305,librarian
539,761,4,881311552.0,F,0,47.45830535888672,administrator
216,1,5,884293312.0,M,1,26.098642349243164,engineer
201,455,2,883928960.0,M,1,29.42479133605957,writer
535,347,4,880105344.0,F,0,40.66649627685547,writer
931,86,4,889660352.0,M,1,45.297698974609375,educator
1,546,4,882880000.0,M,1,27.5977725982666,technician
116,1018,3,884259328.0,M,1,41.92604064941406,healthcare
256,121,4,882677120.0,F,0,28.13873291015625,none
291,22,4,883689664.0,M,1,19.692214965820312,student
747,596,5,884066176.0,M,1,25.209596633911133,other
392,275,4,885128640.0,M,1,36.44369125366211,writer
75,4,4,881846720.0,M,1,31.877368927001953,entertainment
329,179,4,890670848.0,M,1,44.9286003112793,educator
244,618,5,882605632.0,M,1,39.0,technician
495,720,5,888309312.0,M,1,27.155609130859375,engineer
663,71,5,886523072.0,M,1,26.96752166748047,other
686,185,5,880367360.0,M,1,33.5208625793457,educator
843,597,2,886285632.0,M,1,33.343265533447266,librarian
671,1170,5,886077440.0,M,1,29.316564559936523,programmer
768,238,4,882054080.0,M,1,28.60196304321289,administrator
217,1404,1,887306560.0,M,1,26.63699722290039,other
184,61,3,890578944.0,M,1,34.75873565673828,librarian
758,50,4,881423296.0,M,1,23.834043502807617,student
56,230,4,882695488.0,M,1,22.69145965576172,librarian
49,795,2,885599424.0,F,0,19.173139572143555,student
615,708,2,881337728.0,M,1,29.999998092651367,educator
720,197,4,884928448.0,F,0,39.859989166259766,administrator
848,685,2,886800576.0,M,1,26.929094314575195,technician
193,310,4,886176512.0,M,1,19.99217987060547,student
381,753,4,892696000.0,M,1,28.795116424560547,artist
512,48,4,883978112.0,M,1,24.33212661743164,programmer
367,715,4,882976064.0,M,1,19.251277923583984,student
193,538,4,888179968.0,M,1,25.186222076416016,student
451,67,1,884658752.0,M,1,17.0,student
314,40,4,881304320.0,F,0,19.919790267944336,student
429,260,3,883192000.0,M,1,21.53533172607422,student
312,736,5,888189824.0,M,1,34.66585922241211,other
629,229,3,883475904.0,F,0,32.812232971191406,other
758,222,5,883148160.0,M,1,20.974599838256836,student
638,56,5,881203008.0,M,1,29.942785263061523,engineer
125,182,3,887786432.0,M,1,29.328861236572266,lawyer
213,668,5,883818944.0,M,1,31.71986961364746,executive
276,410,4,878117120.0,M,1,21.65132713317871,student
28,465,5,882937792.0,M,1,30.152101516723633,writer
236,459,2,882974848.0,F,0,40.1419792175293,writer
458,195,4,883560448.0,M,1,25.410566329956055,educator
429,541,3,880640576.0,M,1,22.07025909423828,student
707,216,4,884409600.0,F,0,50.22255325317383,librarian
862,118,2,881044800.0,M,1,30.532819747924805,executive
846,195,4,886996928.0,M,1,31.98250961303711,lawyer
722,331,4,885727424.0,F,0,25.999998092651367,homemaker
7,639,5,889833792.0,M,1,39.54920196533203,administrator
729,1218,4,884272704.0,M,1,18.0,student
763,237,4,878910656.0,M,1,31.087696075439453,scientist
311,357,4,884226880.0,M,1,31.111164093017578,technician
665,176,4,883688320.0,M,1,29.595277786254883,administrator
772,121,4,882395392.0,M,1,33.274662017822266,doctor
567,226,4,884021248.0,M,1,24.40398406982422,entertainment
547,98,4,884458944.0,M,1,40.14630889892578,educator
498,139,3,882965312.0,M,1,34.341148376464844,writer
864,124,4,887608704.0,M,1,39.0,programmer
733,399,2,881279168.0,F,0,39.0,other
339,685,4,886860992.0,M,1,32.10964584350586,lawyer
405,1407,1,884458496.0,F,0,26.047189712524414,healthcare
650,100,3,888889664.0,M,1,39.05773162841797,engineer
637,928,1,883388800.0,M,1,38.0,other
198,200,3,875289344.0,F,0,29.932836532592773,student
7,151,4,890343360.0,M,1,41.31733703613281,administrator
642,133,5,884485376.0,F,0,19.98695945739746,student
617,10,4,883696640.0,F,0,33.01701736450195,writer
381,1234,4,888761408.0,M,1,23.75115966796875,artist
808,50,4,881035840.0,M,1,29.83416175842285,programmer
60,133,5,886942144.0,M,1,27.43552589416504,healthcare
633,47,4,884108864.0,M,1,28.732906341552734,student
747,521,5,888541312.0,M,1,28.425512313842773,other
425,1224,2,882163456.0,M,1,21.83989715576172,student
1,22,5,884317184.0,M,1,25.640562057495117,technician
16,663,4,882404544.0,M,1,27.516355514526367,entertainment
923,8,4,883947648.0,M,1,23.104623794555664,student
90,272,4,891386496.0,M,1,45.92264938354492,educator
758,378,5,884302528.0,M,1,20.370376586914062,student
64,429,4,884594048.0,M,1,23.999998092651367,educator
177,949,3,884044864.0,M,1,27.348283767700195,programmer
293,93,4,878439232.0,M,1,24.422134399414062,writer
817,63,4,877750272.0,M,1,28.93349266052246,student
382,150,2,882706624.0,M,1,28.717308044433594,artist
846,1618,4,886962688.0,M,1,30.333831787109375,lawyer
181,924,1,878847040.0,M,1,24.881183624267578,executive
542,117,4,885865920.0,M,1,21.624717712402344,student
750,1336,1,884542720.0,M,1,31.0,administrator
727,271,4,883935360.0,M,1,20.087013244628906,student
758,179,4,884886720.0,M,1,20.259666442871094,student
362,610,3,887229120.0,F,0,29.557048797607422,student
6,96,5,884566144.0,M,1,33.50071716308594,executive
268,62,3,882114240.0,M,1,30.423992156982422,engineer
91,520,4,883402176.0,M,1,41.65439224243164,marketing
660,866,4,884146752.0,M,1,20.086938858032227,student
406,56,4,879976832.0,M,1,40.61780548095703,educator
429,167,3,882376832.0,M,1,22.130661010742188,student
883,425,3,889309440.0,M,1,33.84175491333008,librarian
633,237,4,878458496.0,M,1,28.572101593017578,programmer
293,25,4,887255616.0,M,1,29.48357582092285,writer
840,633,5,887420224.0,M,1,28.888248443603516,artist
125,313,5,888075584.0,M,1,28.610422134399414,lawyer
474,657,3,888907712.0,M,1,39.595001220703125,executive
697,510,5,884308416.0,M,1,27.486026763916016,writer
296,200,5,883342464.0,F,0,28.884679794311523,administrator
870,388,4,879780544.0,M,1,19.799713134765625,student
536,504,5,880613312.0,M,1,38.94462585449219,administrator
233,181,5,883633472.0,M,1,30.134641647338867,artist
832,996,3,884645312.0,M,1,29.451194763183594,technician
870,186,4,882906048.0,M,1,31.085662841796875,student
405,806,2,885306304.0,F,0,27.113508224487305,healthcare
62,958,2,880083584.0,F,0,31.7987060546875,student
391,1014,3,884380032.0,M,1,36.0,student
667,428,3,887775680.0,M,1,27.992233276367188,librarian
711,237,4,877764864.0,F,0,24.203006744384766,student
145,53,3,876526656.0,M,1,24.994577407836914,entertainment
1,194,4,880497536.0,M,1,25.061946868896484,technician
774,354,4,887751616.0,M,1,19.015758514404297,student
85,284,3,879913728.0,M,1,42.61783218383789,educator
932,72,4,892959040.0,M,1,35.27056121826172,educator
145,1094,4,882280832.0,M,1,28.378339767456055,entertainment
170,327,3,878491328.0,F,0,43.398399353027344,healthcare
326,319,1,881259328.0,M,1,32.90867614746094,administrator
23,228,5,879583936.0,F,0,28.63628387451172,artist
21,742,4,880511040.0,M,1,27.277973175048828,writer
19,153,5,881238592.0,M,1,38.0,engineer
337,121,5,882472832.0,M,1,35.325496673583984,scientist
13,214,3,884162240.0,M,1,31.0,educator
641,515,4,883769728.0,M,1,26.999998092651367,student
301,744,4,881211904.0,M,1,20.0,student
271,295,3,887227712.0,M,1,38.0,engineer
429,780,3,883036032.0,M,1,18.0,student
691,60,2,883574912.0,M,1,36.17621994018555,technician
250,229,4,881252544.0,M,1,28.95916175842285,executive
109,1,4,883963008.0,M,1,30.82326889038086,other
291,90,4,883239680.0,M,1,20.331195831298828,student
795,507,3,880531136.0,M,1,27.38543701171875,programmer
503,298,5,886532416.0,F,0,40.06364822387695,writer
756,257,3,879825600.0,F,0,28.832773208618164,none
72,45,4,883840000.0,F,0,32.7336311340332,administrator
390,1370,2,880808768.0,F,0,45.0,writer
664,479,3,881908736.0,M,1,26.48723793029785,student
134,136,3,883414528.0,M,1,33.44136047363281,marketing
659,965,2,885686720.0,M,1,40.035194396972656,educator
298,196,3,884466560.0,M,1,30.920936584472656,executive
59,292,4,888881472.0,M,1,41.379539489746094,educator
330,89,5,880820928.0,F,0,32.70703125,educator
291,93,4,883218624.0,M,1,19.670879364013672,student
474,483,5,884968832.0,M,1,38.53547668457031,executive
121,183,5,888585984.0,M,1,38.0,librarian
805,1060,2,881837632.0,F,0,38.0,other
870,338,3,878881664.0,M,1,21.677223205566406,student
508,185,3,879460544.0,M,1,27.907316207885742,marketing
799,1527,2,883182720.0,F,0,28.876008987426758,student
246,464,1,884286464.0,M,1,20.707263946533203,student
234,494,2,888056000.0,M,1,38.69160461425781,retired
608,260,4,885497152.0,M,1,25.662765502929688,other
299,210,4,884378304.0,M,1,28.863025665283203,doctor
916,131,4,881272768.0,M,1,43.31814956665039,engineer
264,116,5,885331456.0,F,0,31.478363037109375,writer
606,205,5,882233280.0,M,1,28.855754852294922,programmer
758,529,4,886270528.0,M,1,23.187538146972656,student
181,1467,1,879495040.0,M,1,20.0,executive
541,142,4,884162560.0,F,0,33.0,student
878,129,2,879388544.0,F,0,31.673751831054688,educator
468,269,4,878581952.0,M,1,36.75164794921875,engineer
405,406,1,884947904.0,F,0,27.446083068847656,healthcare
60,193,4,884073984.0,M,1,28.788549423217773,healthcare
943,60,3,885843776.0,M,1,20.66362190246582,student
846,845,3,891351104.0,M,1,28.281761169433594,lawyer
624,1118,3,881892800.0,M,1,20.410531997680664,student
55,79,3,878104448.0,M,1,25.44896125793457,engineer
416,872,4,887318080.0,F,0,30.347936630249023,student
896,350,3,883326272.0,M,1,28.478967666625977,writer
90,690,5,892696640.0,M,1,35.24226760864258,educator
452,305,4,882244608.0,M,1,33.6800422668457,administrator
595,827,3,884407360.0,M,1,25.0084285736084,programmer
934,1226,3,887790208.0,M,1,46.55195617675781,engineer
399,403,3,884200064.0,M,1,26.40189552307129,other
429,780,3,882012928.0,M,1,20.0,student
422,443,4,880346880.0,M,1,29.63585662841797,entertainment
618,588,4,884683776.0,F,0,30.91227149963379,student
767,132,5,888264896.0,M,1,34.15946960449219,engineer
316,172,5,881617472.0,F,0,28.281005859375,other
328,294,3,889626880.0,M,1,37.962860107421875,other
314,1073,4,878204672.0,F,0,30.94585609436035,student
339,513,5,889089856.0,M,1,32.75666046142578,lawyer
78,679,3,888139200.0,M,1,33.81425857543945,administrator
92,506,5,880242688.0,M,1,32.074222564697266,entertainment
99,263,1,885389248.0,M,1,28.999998092651367,student
632,684,4,884064192.0,M,1,19.578535079956055,student
429,250,2,884278208.0,M,1,20.43521499633789,student
504,7,4,885714112.0,F,0,35.08955383300781,writer
320,222,4,883023744.0,M,1,20.78810691833496,student
342,94,5,881770048.0,F,0,26.999998092651367,other
527,176,4,884157568.0,M,1,38.05389404296875,librarian
405,804,1,884236736.0,F,0,37.6982307434082,healthcare
65,216,4,879601920.0,F,0,42.34666442871094,educator
919,88,3,878355968.0,M,1,23.682146072387695,other
64,750,4,890388736.0,M,1,41.200931549072266,educator
488,300,4,890101760.0,M,1,28.943439483642578,technician
843,584,2,887227264.0,M,1,33.474151611328125,librarian
92,276,3,879487104.0,M,1,28.01063346862793,entertainment
94,203,4,889505600.0,M,1,23.913219451904297,student
458,205,4,888191360.0,M,1,38.86127471923828,technician
416,44,2,877425152.0,F,0,25.160663604736328,student
889,12,5,884582720.0,M,1,29.620908737182617,technician
373,185,5,879091008.0,M,0,25.978425979614258,other
428,300,4,890589184.0,M,1,23.240997314453125,student
935,197,4,883543936.0,M,1,37.270015716552734,doctor
338,479,4,885276288.0,F,1,28.810016632080078,librarian
374,674,5,883138624.0,M,1,30.78130531311035,executive
417,420,3,881081728.0,F,0,27.426977157592773,other
201,443,4,883913728.0,M,1,31.43074607849121,writer
236,1631,2,887795648.0,F,0,51.027671813964844,librarian
450,287,4,884131520.0,F,0,29.943363189697266,educator
109,1253,4,874830784.0,M,1,28.927717208862305,other
130,462,4,883746816.0,M,1,26.397003173828125,none
314,1503,4,876533952.0,F,0,24.622100830078125,student
426,200,4,883760512.0,M,1,42.12369918823242,educator
776,549,2,889133376.0,M,1,36.07563400268555,librarian
193,748,4,888081984.0,M,1,21.17106819152832,student
467,427,4,883096704.0,M,1,33.85085678100586,engineer
559,435,3,886098432.0,M,1,43.95854568481445,executive
126,514,4,888649216.0,F,0,39.26570510864258,lawyer
119,294,4,886551872.0,M,1,29.021394729614258,executive
188,197,5,878603904.0,M,1,21.603403091430664,student
648,514,2,884025984.0,M,1,28.925884246826172,engineer
884,512,4,890113920.0,M,1,43.447959899902344,engineer
527,568,3,884263232.0,M,1,35.314697265625,librarian
870,958,4,882515136.0,M,1,19.55799102783203,student
823,196,4,875270528.0,M,1,27.143787384033203,artist
606,25,4,879917440.0,M,1,30.384902954101562,programmer
782,158,3,886514112.0,F,0,24.191131591796875,artist
391,117,4,881264704.0,M,1,20.503982543945312,student
343,523,3,880140032.0,M,1,32.40037155151367,engineer
95,683,4,882076416.0,M,1,29.781721115112305,administrator
883,736,3,889758848.0,M,1,40.33615493774414,librarian
16,109,5,880194176.0,M,1,22.535072326660156,programmer
336,111,3,878816128.0,M,1,26.332298278808594,salesman
897,79,5,881481024.0,M,1,26.20237159729004,other
421,313,5,888136960.0,F,0,28.18825340270996,programmer
556,936,5,880136832.0,F,0,37.0540771484375,educator
606,125,4,884678848.0,M,1,27.825809478759766,programmer
570,169,5,883896896.0,M,1,18.0,student
56,322,4,883742528.0,M,1,35.170902252197266,librarian
367,434,4,883254912.0,M,1,20.068954467773438,student
405,259,1,884514496.0,F,0,26.046146392822266,healthcare
741,414,4,889199488.0,M,1,29.836389541625977,writer
542,7,4,886575040.0,M,1,23.69480323791504,student
380,403,4,886270336.0,M,1,25.422130584716797,engineer
334,419,1,890917952.0,M,1,44.0,librarian
429,1222,4,884445056.0,M,1,18.951595306396484,student
868,81,3,883664000.0,M,1,44.0,programmer
715,209,4,879470528.0,M,1,28.65473747253418,technician
296,427,4,885982400.0,F,0,42.7647819519043,administrator
774,548,2,889355072.0,M,1,19.885332107543945,student
257,109,4,879159872.0,M,1,23.251401901245117,student
559,689,5,888796992.0,M,1,51.10015106201172,executive
21,546,1,880178304.0,M,1,26.986129760742188,writer
94,99,4,884192320.0,M,1,20.451080322265625,student
848,649,5,887032448.0,M,1,37.66595458984375,engineer
343,15,5,874805696.0,M,1,33.230247497558594,engineer
291,117,4,874871424.0,M,1,27.28225326538086,student
753,325,3,880701120.0,M,1,28.405826568603516,salesman
642,895,5,887680128.0,F,0,17.846927642822266,student
514,379,4,879529664.0,M,1,23.4490966796875,programmer
567,165,5,887938688.0,M,1,25.701736450195312,entertainment
502,785,2,880977984.0,M,1,20.0,student
864,114,4,882363840.0,M,1,28.594600677490234,programmer
458,193,4,887185088.0,M,1,35.627933502197266,technician
151,582,4,881135808.0,F,0,36.76472091674805,administrator
450,483,5,884606208.0,F,0,35.214332580566406,educator
398,433,3,877956672.0,M,1,31.831649780273438,other
347,56,3,880567488.0,M,1,20.827800750732422,student
87,566,4,883267136.0,M,1,31.095294952392578,administrator
860,285,4,885123456.0,F,0,52.0,technician
487,134,5,884016512.0,M,1,28.78902244567871,engineer
666,655,4,883286528.0,M,1,34.61585235595703,administrator
710,411,4,879931456.0,M,1,20.903818130493164,student
327,748,5,888424576.0,M,1,28.83210563659668,student
751,1238,5,884575744.0,F,0,30.80867576599121,other
683,70,2,888920704.0,M,1,43.672645568847656,librarian
378,7,4,883528896.0,M,1,20.354761123657227,student
870,425,4,880958784.0,M,1,20.81624412536621,student
537,126,4,884085184.0,M,1,35.808876037597656,engineer
592,827,1,882175040.0,M,1,22.09388542175293,student
637,484,1,883837376.0,M,1,27.120037078857422,other
727,249,2,882857792.0,M,1,24.999998092651367,student
497,605,3,877693184.0,M,1,22.81622886657715,student
178,307,4,887939392.0,M,1,31.044179916381836,other
378,328,3,880237248.0,M,1,22.458343505859375,student
347,470,5,882566784.0,M,1,19.948841094970703,student
892,235,4,886826624.0,M,1,26.393232345581055,other
551,302,5,889447680.0,M,1,28.360105514526367,programmer
897,55,5,881826432.0,M,1,26.591508865356445,other
885,988,3,884409664.0,F,0,31.4334659576416,other
527,318,4,884744896.0,M,1,28.999998092651367,librarian
524,615,4,883007680.0,M,1,38.01522445678711,educator
871,813,3,887139584.0,M,1,29.735437393188477,executive
699,676,3,881885632.0,M,1,34.23278045654297,other
585,435,5,887343232.0,M,1,70.0,librarian
875,9,5,883061248.0,F,0,21.191625595092773,student
194,1324,1,881578432.0,M,1,30.261388778686523,administrator
235,298,4,888352576.0,M,1,46.29332733154297,educator
532,438,5,881731136.0,M,1,17.94548797607422,student
378,405,4,878422976.0,M,1,20.996627807617188,student
901,237,5,884473856.0,M,1,29.486989974975586,executive
928,276,5,878468736.0,M,1,23.636850357055664,student
545,71,3,884252416.0,M,1,26.344236373901367,technician
585,638,4,883578432.0,M,1,43.87140655517578,librarian
716,10,4,880616960.0,F,0,37.0,administrator
442,132,4,885443392.0,M,1,29.999998092651367,student
659,203,4,888231232.0,M,1,40.65066146850586,educator
533,60,3,881059904.0,M,1,40.053646087646484,librarian
5,1048,1,878943424.0,F,0,26.871410369873047,other
95,240,1,880977344.0,M,1,28.48989486694336,administrator
38,435,5,884388288.0,M,1,31.16481590270996,other
298,7,4,882992832.0,M,1,25.615123748779297,student
160,111,4,884014208.0,M,1,28.79511260986328,programmer
620,1016,4,884409152.0,F,0,30.877756118774414,writer
450,382,4,886097600.0,F,0,30.701786041259766,educator
393,596,3,882189888.0,M,1,21.697078704833984,student
916,573,3,880079168.0,M,1,33.709571838378906,engineer
710,772,4,880663168.0,M,1,20.58212661743164,student
833,230,2,879716992.0,M,1,30.300676345825195,writer
529,242,4,882956544.0,F,0,37.67510986328125,administrator
268,1335,2,881843712.0,M,1,29.407896041870117,engineer
833,694,3,878871424.0,M,1,44.0,writer
379,294,4,884291520.0,M,1,29.011857986450195,programmer
545,507,4,879800960.0,M,1,25.360504150390625,technician
363,346,5,891161408.0,M,1,21.87943458557129,student
405,349,5,885669952.0,F,0,25.821706771850586,healthcare
422,70,4,879484992.0,M,1,38.79188537597656,engineer
328,517,4,886678720.0,M,1,46.630706787109375,administrator
301,250,4,886973696.0,M,1,24.21234703063965,student
718,117,4,885030848.0,M,1,44.0,technician
601,375,1,878847360.0,F,0,28.15158462524414,artist
398,71,4,879261888.0,M,1,31.0535888671875,other
894,177,2,883547008.0,M,1,39.51347732543945,educator
661,628,4,883034752.0,M,1,29.45034408569336,programmer
643,124,5,892685632.0,M,1,35.34613800048828,engineer
621,235,3,884251392.0,M,1,20.40966033935547,student
392,1194,5,887019776.0,M,1,33.62078094482422,writer
311,271,3,885754112.0,M,1,28.989465713500977,technician
655,1418,3,888256320.0,F,0,36.0,healthcare
395,496,5,886377216.0,M,1,28.976940155029297,healthcare
776,499,5,884508160.0,M,1,34.031028747558594,librarian
581,121,3,882448640.0,M,1,32.060630798339844,scientist
398,435,3,880089472.0,M,1,42.33322525024414,other
279,926,2,884262656.0,M,1,25.04429817199707,programmer
758,496,2,883485696.0,M,1,20.26865005493164,student
715,462,3,880308544.0,M,1,27.95094871520996,technician
288,15,5,883600704.0,M,1,28.933210372924805,marketing
487,194,4,881727040.0,M,1,31.60840606689453,engineer
199,257,4,883339584.0,M,1,33.12635040283203,writer
189,16,2,888808384.0,M,1,35.0,artist
817,305,3,878357440.0,M,1,21.51189422607422,student
543,741,3,879312704.0,M,1,30.756322860717773,scientist
378,168,4,879969664.0,M,1,26.72331428527832,technician
541,1633,4,884183296.0,F,0,20.0,student
738,109,4,879667584.0,M,1,25.990367889404297,technician
690,1347,3,881294080.0,M,1,28.888938903808594,salesman
263,191,3,889106432.0,M,1,34.34970474243164,programmer
721,210,3,877434560.0,F,0,29.743064880371094,healthcare
715,1229,3,883462336.0,M,1,26.468481063842773,technician
394,88,3,884183552.0,M,1,35.0,administrator
557,258,5,882810560.0,F,0,33.65749740600586,scientist
288,127,5,883251712.0,M,1,37.81493377685547,marketing
887,402,5,880769088.0,F,0,17.846206665039062,student
676,9,4,883969472.0,M,1,18.0,programmer
721,443,3,877550400.0,F,0,27.966115951538086,entertainment
347,780,5,882865344.0,M,1,20.328731536865234,student
268,928,3,878869376.0,M,1,24.475772857666016,engineer
257,57,5,879445568.0,M,1,27.99660873413086,student
286,156,5,878696832.0,M,1,19.007003784179688,student
533,597,4,887530624.0,M,1,41.961265563964844,librarian
184,39,3,887878528.0,M,1,33.68524169921875,librarian
829,100,4,885580096.0,M,1,39.100196838378906,educator
758,195,4,882962816.0,M,1,24.629409790039062,student
717,556,4,883499520.0,M,1,29.47739028930664,technician
632,412,3,884335936.0,M,1,21.759586334228516,student
617,674,1,884292992.0,F,0,42.0,writer
666,168,5,884129344.0,M,1,28.793874740600586,administrator
682,227,3,884252096.0,M,1,26.6370849609375,programmer
305,482,3,885064448.0,M,1,27.770570755004883,programmer
712,8,4,878054912.0,F,0,23.149770736694336,student
897,12,5,882634240.0,M,1,30.322650909423828,other
312,417,5,892785152.0,M,1,34.679725646972656,other
107,1244,4,889707392.0,M,1,26.577716827392578,doctor
618,257,3,889318144.0,F,0,18.80560302734375,student
775,302,4,879448000.0,M,1,31.462797164916992,executive
880,81,3,880174016.0,M,1,20.08618927001953,student
932,690,4,887989952.0,M,1,49.755680084228516,educator
117,172,4,874854656.0,M,1,26.525222778320312,student
10,289,5,885326080.0,M,1,34.351280212402344,lawyer
297,118,3,879630848.0,M,0,30.580739974975586,educator
592,324,5,884626048.0,M,1,18.78362274169922,student
394,1,4,878157312.0,M,1,24.460962295532227,student
583,59,5,882769984.0,M,1,24.999998092651367,engineer
398,471,4,883773504.0,M,1,30.15249252319336,other
650,736,3,884029888.0,M,1,28.835723876953125,engineer
279,1057,4,883278080.0,M,1,29.414884567260742,programmer
854,132,4,885046400.0,F,0,29.84739112854004,student
686,14,5,883639424.0,M,1,37.566715240478516,educator
632,651,4,880840832.0,M,1,21.930896759033203,student
454,518,2,883179776.0,M,1,29.999998092651367,other
527,435,4,884517440.0,M,1,35.0,librarian
882,157,5,885463232.0,M,1,44.0,engineer
125,705,4,886882240.0,M,1,30.716100692749023,lawyer
585,800,3,889697920.0,M,1,50.0,librarian
157,116,5,884031104.0,M,1,23.0,scientist
234,1504,3,889820416.0,M,1,49.12572479248047,retired
393,235,4,882985088.0,M,1,19.030986785888672,student
629,471,3,888732992.0,M,0,31.67255401611328,other
406,652,5,883228736.0,M,1,42.140628814697266,educator
144,845,4,884383680.0,M,1,31.0,programmer
479,8,4,886030784.0,M,1,37.74610900878906,educator
815,83,5,886155136.0,M,1,25.999998092651367,other
916,1111,4,881735104.0,M,1,32.22660446166992,engineer
255,406,2,883010368.0,M,1,25.675331115722656,entertainment
664,15,4,877895232.0,M,1,31.1805477142334,engineer
536,186,3,880998528.0,M,1,33.26613235473633,engineer
937,797,2,884455424.0,M,1,34.71000671386719,educator
933,223,4,877029120.0,M,1,20.729610443115234,student
145,1101,5,878629376.0,M,1,26.134035110473633,entertainment
262,765,3,884628352.0,F,0,18.356040954589844,student
184,708,4,885742848.0,M,1,38.275489807128906,librarian
486,535,2,880595968.0,M,1,44.0,educator
758,64,5,883630016.0,M,1,18.0,student
295,192,4,886595520.0,M,1,47.0,educator
829,876,3,885873856.0,M,1,30.149166107177734,writer
293,1049,4,889404416.0,M,1,35.44597244262695,writer
927,1059,4,880180288.0,M,1,24.495817184448242,programmer
196,125,3,879221056.0,M,1,41.18788146972656,other
82,831,3,881799616.0,M,1,28.993261337280273,programmer
500,427,5,885335744.0,M,1,30.93191146850586,administrator
130,117,4,879620544.0,M,1,24.400400161743164,none
650,552,3,885522880.0,M,1,36.25853729248047,engineer
72,289,4,885709760.0,F,0,37.639671325683594,administrator
496,512,4,876407040.0,F,0,27.399852752685547,student
622,1143,4,885936192.0,M,0,25.833145141601562,programmer
197,272,5,889834496.0,M,1,38.319366455078125,technician
803,690,2,885652096.0,M,1,51.23808670043945,retired
787,452,3,886197120.0,F,0,23.0,student
81,682,3,884260864.0,F,0,29.198110580444336,student
181,1221,1,882812032.0,M,1,26.999998092651367,executive
637,743,1,882963520.0,M,1,36.0,other
92,216,4,880413888.0,M,1,30.6533203125,entertainment
387,750,4,889399168.0,M,1,28.10710906982422,entertainment
795,825,2,882715456.0,M,1,27.047718048095703,programmer
401,83,4,885557696.0,F,0,40.820640563964844,healthcare
75,12,4,882093248.0,M,1,29.202030181884766,entertainment
313,183,4,885227456.0,M,1,40.0,marketing
280,568,4,886832192.0,F,0,27.03744888305664,librarian
207,328,3,881020032.0,M,1,34.172386169433594,marketing
535,716,5,879805504.0,F,0,39.598106384277344,educator
327,527,4,884446528.0,M,1,20.62750244140625,student
474,64,5,892134016.0,M,1,37.572959899902344,executive
399,1068,2,884895680.0,M,1,32.0,other
152,68,5,882100160.0,F,0,24.52351188659668,educator
758,195,4,883583552.0,M,1,21.67067527770996,student
627,265,4,879563392.0,M,1,27.37495994567871,engineer
530,100,4,883200256.0,M,1,32.75572204589844,engineer
311,136,5,884374400.0,M,1,33.46698760986328,technician
295,56,5,880161216.0,M,1,33.03111267089844,educator
425,401,5,883201152.0,M,1,18.65691566467285,student
328,370,3,884277120.0,M,1,33.292537689208984,administrator
397,302,4,885881152.0,M,1,20.613283157348633,student
345,283,4,886882368.0,F,0,39.40757369995117,librarian
292,132,4,884861952.0,F,0,25.999998092651367,programmer
99,235,2,882373504.0,M,1,23.999998092651367,student
128,142,4,881989632.0,F,1,32.0,marketing
532,272,5,890595712.0,M,1,28.161373138427734,student
429,206,2,879032512.0,M,1,19.689651489257812,student
504,403,1,883884352.0,F,0,26.36265754699707,writer
347,186,5,882903104.0,M,1,31.042434692382812,student
6,238,5,884131136.0,M,1,34.66912841796875,executive
346,210,4,877824192.0,M,1,27.095378875732422,other
59,193,4,890025152.0,M,1,42.37882614135742,educator
435,432,1,885080320.0,M,1,23.78566551208496,engineer
85,284,3,883709440.0,M,1,41.53109359741211,educator
588,9,4,880474496.0,F,0,30.917821884155273,student
7,619,4,889728512.0,M,1,40.77566909790039,administrator
532,201,5,885852608.0,M,1,30.428852081298828,student
505,181,3,882471360.0,F,0,27.853925704956055,other
308,298,3,888085504.0,M,1,52.81774139404297,retired
276,229,5,882941760.0,M,1,27.999998092651367,student
305,217,4,885141312.0,M,1,29.0318660736084,programmer
897,265,5,876231552.0,M,1,28.084056854248047,other
937,164,4,881348224.0,M,1,32.074981689453125,educator
913,195,4,878696832.0,M,1,21.181686401367188,student
905,712,3,886970880.0,M,1,36.33704376220703,other
697,292,4,884411328.0,M,1,35.0,other
312,511,3,883987520.0,M,1,29.999998092651367,other
479,684,3,878393536.0,M,1,39.0,educator
349,482,4,881957696.0,M,1,39.22057342529297,educator
533,300,4,887337408.0,M,1,42.68092727661133,librarian
666,479,4,885616256.0,M,1,42.37653350830078,administrator
661,64,5,879441792.0,M,1,28.305944442749023,programmer
387,575,5,881700608.0,M,1,37.83003616333008,entertainment
823,222,4,883635136.0,M,1,31.089841842651367,artist
90,1105,5,891356928.0,M,1,41.1876220703125,educator
452,210,3,881969856.0,M,1,29.643762588500977,administrator
621,1413,1,880726016.0,M,1,19.61362648010254,student
393,746,3,890721792.0,M,1,19.731918334960938,student
870,28,4,881102656.0,M,1,20.76531219482422,student
328,463,3,886470272.0,M,1,45.05190658569336,administrator
864,281,2,886100544.0,M,1,27.37877082824707,programmer
682,89,3,884140672.0,M,1,29.0606689453125,programmer
623,487,5,881311360.0,F,0,37.301692962646484,educator
886,111,3,876899904.0,M,1,26.460201263427734,student
535,286,3,882020672.0,F,0,45.231231689453125,educator
717,161,5,883625600.0,M,1,28.70024299621582,technician
507,258,5,885192000.0,F,0,28.190351486206055,writer
269,46,1,888009728.0,F,0,37.080299377441406,librarian
889,7,4,884064256.0,M,1,28.913816452026367,technician
615,237,4,877194176.0,M,1,29.32062339782715,educator
836,182,4,885517312.0,M,1,28.229509353637695,artist
320,204,5,883804672.0,M,1,18.083250045776367,student
500,38,3,885761024.0,M,1,30.184545516967773,administrator
627,179,3,884071872.0,M,1,28.782766342163086,engineer
10,515,4,884849408.0,M,1,34.687252044677734,lawyer
159,1095,5,883377024.0,F,0,19.5744571685791,student
291,827,4,878802688.0,M,1,22.370922088623047,student
931,286,4,891445504.0,M,1,34.59321594238281,educator
417,1062,2,881292800.0,F,0,28.404664993286133,other
399,820,3,885108672.0,M,1,30.920574188232422,other
276,137,4,878011136.0,M,1,21.823421478271484,student
447,121,3,881364480.0,M,1,32.12778854370117,administrator
442,527,3,886737792.0,M,1,28.229198455810547,student
389,883,4,874864192.0,F,1,38.99151611328125,writer
13,582,4,884039360.0,M,1,38.60093307495117,educator
434,1084,4,886437248.0,F,0,19.94107437133789,student
804,418,4,880170496.0,M,1,36.88541793823242,educator
158,319,4,884605120.0,M,1,42.93040084838867,educator
823,515,4,884184576.0,M,1,27.327898025512695,artist
347,496,5,884001152.0,M,1,28.449886322021484,student
327,436,4,888778688.0,M,1,19.87808609008789,student
620,294,3,885279296.0,F,0,30.72128677368164,writer
622,217,3,884620672.0,M,1,26.821741104125977,programmer
286,195,4,880552768.0,M,1,20.13947868347168,student
262,405,2,880050752.0,F,0,21.0,student
493,168,5,884355264.0,M,1,32.26362228393555,engineer
276,475,4,877131648.0,M,1,20.648086547851562,student
533,181,4,883258624.0,M,1,31.09043312072754,librarian
774,457,1,886922560.0,M,1,19.940601348876953,student
721,123,4,879462208.0,F,0,30.305116653442383,entertainment
754,118,4,883850048.0,F,0,48.805782318115234,librarian
207,531,4,879481600.0,M,1,33.71154022216797,marketing
276,55,4,876403520.0,M,1,21.410388946533203,student
795,105,3,883951424.0,M,1,25.814544677734375,programmer
87,88,3,879392256.0,M,1,30.16287612915039,administrator
751,181,3,885561216.0,F,0,33.444664001464844,other
654,318,4,883301952.0,F,0,17.986751556396484,student
51,582,3,890197248.0,M,1,32.34546661376953,writer
887,22,5,884558464.0,F,0,20.101097106933594,student
422,434,4,882076160.0,M,1,31.486433029174805,entertainment
91,181,5,884842944.0,M,1,38.59532928466797,marketing
246,431,4,883610944.0,M,1,18.017017364501953,student
313,517,3,886031744.0,M,1,36.84693145751953,marketing
650,116,4,887126080.0,M,1,32.94651794433594,engineer
883,141,3,889684032.0,M,1,39.699302673339844,librarian
877,607,1,885367616.0,M,1,31.0,other
500,72,4,882582784.0,M,1,26.999998092651367,administrator
896,217,5,887674560.0,M,1,29.623863220214844,writer
897,235,4,882881856.0,M,1,25.9454402923584,other
664,216,4,878673152.0,M,1,31.51723861694336,engineer
621,826,3,882213504.0,M,1,27.45113182067871,student
892,488,5,884865344.0,M,1,34.0,other
521,117,3,884282240.0,M,1,19.855751037597656,student
632,50,4,879253632.0,M,1,22.779735565185547,student
286,591,4,883200512.0,M,1,26.571340560913086,student
393,108,3,883071680.0,M,1,18.130680084228516,student
258,169,5,887122304.0,M,1,23.06563949584961,student
650,272,3,886609792.0,M,1,38.43594741821289,engineer
213,237,4,879793472.0,M,1,28.461490631103516,executive
606,183,4,879880832.0,M,1,34.688804626464844,programmer
784,213,4,884467904.0,F,1,38.0,technician
568,69,4,878892608.0,M,1,31.384010314941406,educator
786,460,4,878149312.0,F,0,34.93820571899414,engineer
250,111,4,876809536.0,M,1,26.22205924987793,executive
234,616,3,890578176.0,M,1,49.37709045410156,retired
164,521,3,884368192.0,M,1,28.156435012817383,other
210,72,4,887670272.0,M,1,31.978961944580078,engineer
122,936,5,884173632.0,F,0,33.616363525390625,writer
666,846,4,883275520.0,M,1,50.0,administrator
406,216,3,878940864.0,M,1,43.727806091308594,educator
201,230,4,884909696.0,M,1,30.911983489990234,writer
130,181,4,880695808.0,M,1,26.36823844909668,none
697,69,3,883094080.0,M,1,29.096942901611328,other
311,652,5,883632512.0,M,1,28.704498291015625,technician
561,122,1,878438272.0,M,1,24.932180404663086,engineer
292,136,5,883477184.0,F,0,31.579856872558594,student
13,629,1,883979456.0,M,1,34.6114387512207,educator
90,133,5,888929856.0,M,1,40.0,educator
94,597,2,887631744.0,M,1,22.087940216064453,engineer
506,1181,4,879954176.0,M,1,31.89499282836914,programmer
360,132,4,884940224.0,M,1,34.769859313964844,other
758,132,5,886163136.0,M,1,22.42496681213379,other
303,48,4,880246976.0,M,1,21.519760131835938,student
486,1115,3,877719232.0,M,1,35.48169708251953,educator
711,763,4,876525696.0,F,0,21.702653884887695,student
892,217,4,885863616.0,M,1,22.0,other
627,1047,3,880767936.0,M,1,28.87450408935547,engineer
328,1256,5,891198464.0,M,1,34.28663635253906,administrator
43,1,2,887803520.0,F,0,30.86802101135254,librarian
804,652,4,880176064.0,M,1,36.402015686035156,educator
54,237,4,879642112.0,M,1,31.61065101623535,executive
445,236,5,884320064.0,M,1,25.95079231262207,writer
321,223,4,877807936.0,F,0,29.224931716918945,educator
180,50,5,881037248.0,F,0,27.736831665039062,artist
639,678,1,891356928.0,M,0,32.73662567138672,librarian
13,285,5,884401280.0,M,1,28.601028442382812,educator
62,202,4,884336064.0,F,0,38.454124450683594,administrator
398,265,3,882114688.0,M,1,29.913536071777344,other
930,7,4,882150272.0,F,1,23.000720977783203,student
615,237,3,874951424.0,M,1,28.359994888305664,educator
653,245,3,884943936.0,M,1,32.98411560058594,executive
719,471,4,879750144.0,F,0,38.18690872192383,other
749,187,4,879988416.0,M,1,29.870628356933594,other
541,7,3,883709952.0,F,0,29.549535751342773,student
537,423,3,885286976.0,M,1,35.78566360473633,engineer
392,43,4,891384960.0,M,1,37.561405181884766,writer
408,933,4,882558656.0,M,1,19.808834075927734,student
217,300,2,885636032.0,M,1,42.0,other
479,724,4,878939712.0,M,1,38.0,educator
567,226,4,875656640.0,M,1,27.23113441467285,entertainment
751,880,5,884493504.0,F,0,31.590883255004883,other
429,827,2,882303040.0,M,1,20.0,student
499,474,4,888067200.0,M,1,27.82737922668457,programmer
715,678,4,875935616.0,M,1,26.750934600830078,technician
805,118,4,879510336.0,F,0,33.144020080566406,other
932,921,4,884874816.0,M,1,38.0,educator
738,357,4,882173440.0,M,1,28.546804428100586,technician
727,455,4,883967744.0,M,1,19.001205444335938,student
25,265,4,880336192.0,M,1,28.873647689819336,engineer
878,429,3,881315328.0,M,0,44.377098083496094,educator
508,289,4,884300608.0,M,1,34.843021392822266,marketing
752,318,4,888409984.0,M,1,50.583988189697266,retired
735,689,3,886320960.0,F,0,42.410213470458984,homemaker
347,78,5,883989120.0,M,1,18.0,student
407,357,4,882005120.0,M,1,28.560653686523438,engineer
545,183,5,875747584.0,M,1,32.72990036010742,scientist
70,663,4,881390272.0,M,1,27.51823616027832,engineer
202,283,3,885478848.0,F,0,44.772300720214844,educator
133,518,4,886523904.0,M,1,48.0,engineer
380,419,4,885448512.0,M,1,23.999998092651367,engineer
65,654,4,881353920.0,F,0,40.587554931640625,educator
758,132,5,885474496.0,M,1,28.4432315826416,student
302,280,2,880622464.0,M,1,41.21523666381836,educator
543,108,4,882004800.0,M,1,30.61654281616211,scientist
399,977,2,885656192.0,M,1,28.45004653930664,other
233,50,5,880307264.0,M,1,30.965343475341797,engineer
716,294,4,880592064.0,F,0,38.057586669921875,administrator
286,276,5,877824960.0,M,1,22.0,student
925,660,3,884030528.0,F,0,28.932069778442383,salesman
238,269,3,884617280.0,F,0,41.87019729614258,administrator
378,132,3,883737344.0,M,1,27.999998092651367,student
870,24,4,881432448.0,M,1,20.668901443481445,student
686,172,5,880923584.0,M,1,31.607358932495117,educator
847,423,5,876406528.0,M,1,21.64166259765625,student
94,746,4,893119424.0,M,1,25.125112533569336,student
883,1203,5,888835840.0,M,1,39.19659423828125,librarian
916,215,4,879891776.0,M,1,23.999998092651367,engineer
601,115,4,880593536.0,F,0,26.733688354492188,artist
406,318,4,879904000.0,M,1,35.0,educator
711,9,4,878452288.0,F,0,25.999998092651367,student
144,307,4,890060544.0,M,1,39.30201721191406,programmer
314,568,3,878939712.0,F,0,29.999998092651367,student
592,1170,4,884753024.0,M,1,20.727510452270508,student
705,1083,3,884274368.0,F,0,17.0,student
864,518,4,884278784.0,M,1,25.25237274169922,programmer
574,269,4,885075264.0,M,1,29.912372589111328,educator
392,427,5,887041664.0,M,1,52.0,writer
742,168,5,878735104.0,M,1,25.538190841674805,programmer
747,32,4,887795904.0,M,1,24.833223342895508,other
429,54,3,884000064.0,M,1,28.074769973754883,student
500,531,4,884142400.0,M,1,29.536367416381836,administrator
320,204,4,883664832.0,M,1,20.230831146240234,student
130,328,3,879169984.0,M,1,24.460636138916016,none
417,118,4,877052352.0,F,0,27.483396530151367,other
30,1014,2,887171904.0,M,1,20.685531616210938,student
496,252,2,879217920.0,F,0,21.564178466796875,student
709,151,4,881786240.0,M,1,24.434545516967773,other
279,87,4,880157504.0,M,1,25.946378707885742,programmer
418,358,3,884451840.0,F,0,25.637550354003906,none
66,173,4,883855104.0,M,1,17.0,student
478,655,4,883518592.0,M,1,31.171043395996094,other
336,53,3,879026880.0,M,1,23.3958683013916,salesman
642,631,2,885336384.0,F,0,23.053861618041992,student
378,433,3,880235136.0,M,1,28.65450096130371,student
586,420,4,884688704.0,M,1,20.0,student
664,79,4,879133632.0,M,1,27.100582122802734,engineer
308,242,4,884757312.0,M,1,49.96649169921875,retired
474,294,4,887286400.0,M,1,33.513702392578125,executive
666,655,4,883214656.0,M,1,35.12025451660156,administrator
299,151,4,884148736.0,M,1,29.38763999938965,doctor
698,662,2,886619520.0,F,0,18.0,student
526,209,5,882791104.0,M,1,27.291616439819336,artist
671,9,3,884554112.0,M,1,27.416397094726562,programmer
176,345,4,883997184.0,M,1,32.56959533691406,scientist
439,337,5,884185664.0,F,0,34.44209289550781,administrator
119,1243,4,885312704.0,M,1,26.73052406311035,programmer
279,597,4,885050112.0,M,1,26.718557357788086,programmer
85,823,3,878347648.0,M,1,33.0,educator
450,508,4,883024640.0,F,0,40.517208099365234,educator
181,1382,2,880569088.0,M,1,26.675453186035156,executive
933,405,4,877101952.0,M,1,21.085098266601562,student
744,517,3,882911744.0,M,1,34.5633544921875,marketing
916,10,4,881813056.0,M,1,31.039640426635742,engineer
16,56,5,882036096.0,M,1,25.52079963684082,entertainment
666,298,4,883302528.0,M,1,31.25331687927246,administrator
482,313,4,886446272.0,F,0,27.00899887084961,student
299,708,4,883647040.0,M,1,33.626224517822266,doctor
438,197,5,883148480.0,F,0,34.71296691894531,administrator
474,1449,3,888567552.0,M,1,39.043670654296875,executive
919,188,4,879875072.0,M,1,28.128803253173828,other
732,868,5,889500992.0,M,1,27.901195526123047,other
398,802,5,878141056.0,M,1,30.72954750061035,other
90,302,5,889121216.0,M,1,44.932220458984375,educator
109,147,2,881419392.0,M,1,27.055721282958984,other
396,172,4,881784704.0,M,1,33.307132720947266,engineer
374,682,4,880338176.0,M,1,30.78192138671875,executive
833,218,4,877409984.0,M,0,30.028352737426758,writer
409,499,4,882281920.0,M,1,39.76762390136719,administrator
843,358,2,887902912.0,M,1,31.143264770507812,librarian
665,180,4,884305152.0,M,1,31.78384780883789,administrator
311,606,5,883713408.0,M,1,28.812908172607422,technician
932,1097,4,888902912.0,M,1,38.2719841003418,educator
749,291,4,879989504.0,M,1,28.872398376464844,other
314,1297,4,883267584.0,F,0,23.999998092651367,student
468,523,4,877951232.0,M,1,33.95823669433594,engineer
580,569,4,883830080.0,M,1,17.0,student
711,248,4,878068096.0,F,0,22.47418975830078,student
82,48,4,883021120.0,M,1,30.35762596130371,programmer
332,187,5,886186624.0,M,1,18.07809829711914,student
95,259,1,879147712.0,M,1,28.257827758789062,administrator
826,186,5,886074944.0,M,1,27.13582420349121,artist
198,755,3,881502464.0,F,0,29.999998092651367,student
615,127,5,879056064.0,M,1,36.13923645019531,educator
758,191,2,882819584.0,M,1,21.119277954101562,student
738,55,4,881364928.0,M,1,26.411436080932617,technician
128,319,3,879776896.0,F,0,37.072059631347656,marketing
311,136,5,883937408.0,M,1,29.999998092651367,technician
456,307,4,884069248.0,M,1,31.0,technician
203,204,3,880786176.0,F,0,26.999998092651367,student
716,191,5,881390336.0,F,0,34.898067474365234,administrator
167,346,5,889137024.0,M,1,29.066059112548828,other
864,474,4,884369088.0,M,1,28.830921173095703,programmer
877,189,4,883901824.0,M,1,18.840068817138672,other
624,772,4,883588544.0,M,1,19.921077728271484,student
747,250,4,885678528.0,M,1,22.870182037353516,other
139,50,5,879083072.0,M,1,23.241769790649414,student
327,318,2,887415872.0,M,1,17.91699981689453,student
144,294,4,886143552.0,M,1,37.86549377441406,programmer
21,475,1,878949632.0,M,1,26.999998092651367,executive
707,709,4,887260032.0,F,0,35.56364440917969,librarian
110,260,3,883774656.0,M,1,28.714250564575195,student
158,949,3,881896960.0,M,1,42.888973236083984,educator
527,746,5,888818944.0,M,1,33.88368606567383,librarian
877,58,4,880175360.0,M,1,28.994815826416016,executive
493,173,5,881518720.0,M,1,26.633743286132812,engineer
887,974,4,883104000.0,F,0,21.134668350219727,student
870,855,3,884182656.0,M,1,22.881397247314453,student
492,72,4,884152768.0,M,1,37.15975570678711,educator
244,455,2,879013120.0,M,1,26.759218215942383,technician
378,172,3,882471104.0,M,1,21.29428482055664,student
621,772,4,881155328.0,M,1,23.0,student
650,685,3,884049856.0,M,1,33.193511962890625,engineer
887,23,5,882072512.0,F,0,25.71091079711914,student
454,428,4,883191488.0,M,1,40.046268463134766,other
846,289,3,882990080.0,M,1,27.850332260131836,technician
589,748,4,890415360.0,M,1,29.271760940551758,lawyer
749,597,2,878091904.0,M,1,25.94263458251953,other
216,405,4,877836288.0,M,1,23.999998092651367,engineer
399,967,3,891205312.0,M,1,33.01439666748047,other
174,393,5,884971776.0,F,0,32.39643859863281,administrator
862,257,5,882741376.0,M,1,27.608619689941406,executive
694,211,5,881471360.0,M,1,40.86439895629883,executive
889,891,3,880870848.0,M,1,29.9289493560791,technician
280,895,4,883728704.0,F,1,30.49642562866211,librarian
878,20,4,879770432.0,F,0,38.34833908081055,educator
49,386,2,884504320.0,F,0,20.72812271118164,student
661,1,4,877705792.0,M,1,27.757062911987305,programmer
773,307,4,884010176.0,M,1,28.99459457397461,student
125,322,3,888818496.0,M,1,23.0,lawyer
39,479,4,884588160.0,M,1,29.999998092651367,entertainment
612,13,3,880139200.0,M,1,27.56794548034668,educator
64,1006,4,886986432.0,M,1,29.9073486328125,educator
429,54,3,881281024.0,M,1,21.393661499023438,student
144,310,4,890276864.0,M,1,37.09941101074219,programmer
59,298,5,884449152.0,M,1,41.69648742675781,educator
378,596,4,882416448.0,M,1,21.720233917236328,student
60,647,4,884453632.0,F,0,44.16614532470703,healthcare
621,932,2,880405504.0,M,1,20.699451446533203,student
293,271,3,890988224.0,M,1,25.664506912231445,writer
655,659,3,885685952.0,F,0,37.70146179199219,healthcare
450,660,4,883879872.0,F,0,37.64133071899414,educator
286,218,4,879628672.0,M,1,18.95736312866211,student
548,1039,3,886908416.0,M,1,38.780029296875,writer
777,357,5,882601344.0,M,1,29.510116577148438,programmer
327,179,4,883925120.0,M,1,26.999998092651367,student
94,742,4,883627584.0,M,1,19.6799259185791,student
727,271,2,886100352.0,M,1,29.341182708740234,student
514,174,4,879827776.0,M,1,27.92460060119629,programmer
843,135,3,883286144.0,M,1,33.56270217895508,librarian
354,83,4,884401216.0,F,0,35.55915451049805,librarian
790,37,4,884505344.0,M,1,28.026851654052734,technician
41,150,3,882552384.0,M,1,27.999998092651367,engineer
286,684,4,879959936.0,M,1,19.47509765625,student
738,318,5,882425152.0,M,1,32.23893737792969,technician
606,1028,4,883216576.0,M,1,30.813833236694336,programmer
637,633,1,884882624.0,M,1,24.261211395263672,other
399,106,3,875287808.0,M,1,28.33342933654785,other
798,928,3,878105664.0,F,0,33.46788024902344,writer
931,429,3,886559744.0,M,1,43.492523193359375,educator
272,109,2,884120896.0,M,1,31.761667251586914,scientist
864,627,4,883323840.0,M,1,35.869346618652344,programmer
94,582,3,890538624.0,M,1,26.46807861328125,student
805,419,2,881781760.0,F,0,24.550378799438477,other
696,195,4,888120320.0,M,1,35.533714294433594,other
275,603,3,881274432.0,M,1,33.914710998535156,engineer
850,197,5,883913152.0,M,1,31.060760498046875,technician
387,947,5,885492352.0,M,1,26.780580520629883,entertainment
21,259,2,882119296.0,M,1,25.327545166015625,writer
392,161,5,891447552.0,M,1,34.48610305786133,writer
436,172,5,884624256.0,F,0,28.69904136657715,administrator
13,186,4,883811904.0,M,1,38.89865493774414,educator
833,7,4,879986048.0,M,1,35.0,writer
374,475,5,881012544.0,M,1,28.303699493408203,executive
246,1168,4,881956864.0,M,1,18.670005798339844,student
534,502,4,883188736.0,M,1,28.98725128173828,programmer
839,325,4,880032640.0,F,0,29.999998092651367,entertainment
184,171,4,890636480.0,M,1,35.18866729736328,librarian
584,550,4,882462592.0,M,1,21.276111602783203,student
407,4,4,880481024.0,M,1,29.581119537353516,engineer
878,284,3,879469504.0,F,0,51.09649658203125,educator
795,470,3,883097472.0,M,1,28.813814163208008,programmer
497,781,3,880176896.0,M,1,28.434558868408203,student
889,4,3,881737536.0,M,1,25.699907302856445,technician
311,168,5,884016192.0,M,1,31.161487579345703,other
435,665,2,883251904.0,M,1,29.690011978149414,engineer
468,333,4,878088512.0,M,1,31.347126007080078,engineer
437,228,5,878077568.0,F,0,30.777956008911133,other
548,654,4,888887424.0,M,1,39.37519073486328,writer
562,204,1,883904896.0,F,0,33.29920196533203,administrator
936,250,4,884377152.0,M,1,26.525362014770508,other
232,750,5,883289280.0,M,1,33.016319274902344,scientist
804,1184,4,880907584.0,M,1,37.27035140991211,educator
275,481,3,878891072.0,M,1,34.20563888549805,engineer
831,499,4,884092480.0,M,1,30.818523406982422,other
499,95,4,883831104.0,M,1,27.41665267944336,programmer
450,1503,4,882859712.0,F,0,36.232177734375,educator
655,520,3,888254464.0,F,1,49.17131423950195,healthcare
897,204,5,882141312.0,M,1,27.216520309448242,other
235,193,4,883084416.0,M,1,37.93293380737305,educator
207,244,4,882696640.0,M,1,34.46910095214844,marketing
83,363,1,881261184.0,M,1,22.217538833618164,other
536,968,3,882488000.0,M,1,36.511817932128906,engineer
16,56,5,883114624.0,M,1,20.0,entertainment
95,636,4,881919616.0,M,1,30.959863662719727,administrator
130,1024,4,878726720.0,M,1,24.42214584350586,none
655,702,3,882387520.0,F,0,29.354299545288086,healthcare
13,530,4,886762368.0,M,1,46.0,educator
387,559,4,883543808.0,M,1,28.180404663085938,entertainment
691,480,4,881363840.0,M,1,29.554250717163086,educator
207,284,3,881446784.0,M,1,35.950138092041016,marketing
125,195,5,891383168.0,M,1,27.02080726623535,lawyer
782,577,1,884373440.0,F,0,33.0,artist
244,1481,4,883428288.0,M,1,29.372827529907227,technician
452,208,4,883327680.0,M,1,29.448833465576172,administrator
380,83,4,885936384.0,M,1,28.244394302368164,engineer
221,87,3,875726720.0,M,1,27.198219299316406,student
669,123,4,887753600.0,M,1,30.228288650512695,other
666,64,4,882064192.0,M,1,34.18999099731445,administrator
862,111,4,881171328.0,M,1,28.000389099121094,executive
293,234,4,888479744.0,M,1,26.04833984375,writer
44,95,4,880873984.0,M,1,24.34760284423828,technician
804,761,4,880373120.0,M,1,36.592315673828125,educator
7,416,5,883222784.0,M,1,36.23335266113281,administrator
684,50,4,881251776.0,M,1,23.44382667541504,programmer
188,433,4,878354880.0,M,1,28.823745727539062,student
880,29,5,881202688.0,M,1,18.00524139404297,student
305,1111,3,881311104.0,M,1,30.551809310913086,programmer
145,216,4,880167296.0,M,1,28.90007972717285,entertainment
207,177,2,881336640.0,M,1,35.62385559082031,marketing
532,40,2,889702144.0,M,1,20.63093376159668,student
843,3,2,886206208.0,M,1,29.0482177734375,librarian
644,1169,4,886455360.0,M,1,51.87262725830078,retired
487,133,5,886135872.0,M,1,27.724021911621094,engineer
234,1537,4,892784320.0,M,1,49.100502014160156,retired
286,230,4,883996480.0,M,1,21.0,student
639,528,4,886076352.0,F,0,30.74193572998047,librarian
244,384,2,884364544.0,M,1,25.97130584716797,technician
270,1155,5,879126720.0,F,0,19.01040267944336,student
468,22,5,875216704.0,M,1,26.972702026367188,engineer
49,176,2,885811200.0,F,0,19.834617614746094,student
374,307,4,882764672.0,M,1,33.45307159423828,executive
932,520,4,889502336.0,M,1,46.090309143066406,educator
216,175,4,878713344.0,F,1,29.715055465698242,engineer
481,503,5,887050368.0,M,1,59.0,retired
10,183,4,881576576.0,M,1,34.58008575439453,lawyer
452,742,4,882209856.0,M,1,32.811363220214844,administrator
110,1228,1,887396736.0,M,1,21.0,student
280,640,4,891563136.0,F,0,31.00223159790039,librarian
664,88,4,878315840.0,M,1,28.027313232421875,engineer
819,524,3,881913600.0,M,1,37.323062896728516,administrator
308,430,3,887051008.0,M,1,51.467010498046875,retired
749,470,4,879515904.0,M,1,46.0,other
622,750,2,884028864.0,M,1,26.89650535583496,programmer
145,210,2,883222400.0,F,0,31.200347900390625,writer
637,525,4,885496768.0,M,1,27.795785903930664,other
54,229,4,884116224.0,M,1,31.747596740722656,executive
246,827,4,882566656.0,M,1,25.999998092651367,student
504,654,4,885182528.0,F,0,36.857513427734375,writer
661,1,4,880533440.0,M,1,27.607664108276367,programmer
713,211,3,883124032.0,F,0,33.25560760498047,other
854,845,3,881665216.0,F,0,20.357624053955078,student
727,42,4,881249280.0,M,1,18.94304656982422,student
319,246,4,875289344.0,M,1,29.367103576660156,programmer
578,1204,3,891035776.0,M,1,24.39371109008789,student
811,614,2,887806720.0,M,1,51.62930679321289,retired
291,458,4,880302336.0,M,1,22.648303985595703,student
303,324,4,879061824.0,M,1,22.0,student
694,322,3,880047296.0,M,1,33.97029113769531,programmer
647,303,4,885140352.0,M,1,33.0,educator
201,507,5,883912512.0,M,1,32.16301727294922,writer
643,866,2,884006400.0,M,1,27.696550369262695,scientist
323,118,3,879561344.0,M,1,30.404335021972656,student
109,181,4,884326720.0,M,1,26.571435928344727,other
83,419,4,884149696.0,M,1,28.529891967773438,other
425,628,3,882191104.0,M,1,23.0,student
109,69,3,883172288.0,M,1,36.23094940185547,other
650,685,3,889729536.0,M,1,38.490867614746094,engineer
883,72,3,890643008.0,M,1,35.389976501464844,librarian
224,1176,1,887776640.0,F,0,41.328094482421875,educator
874,199,5,884180416.0,M,1,36.63872528076172,scientist
454,321,2,883127360.0,M,1,43.57115173339844,other
807,300,4,889310592.0,F,0,40.258052825927734,healthcare
279,578,4,884186880.0,M,1,28.013019561767578,programmer
67,208,3,882823040.0,M,1,25.478837966918945,executive
209,699,4,879587328.0,F,0,30.68173599243164,educator
401,717,4,885923520.0,F,0,38.83359909057617,healthcare
92,443,3,884415936.0,M,1,28.322391510009766,entertainment
95,981,3,882473408.0,M,1,29.61429786682129,administrator
76,468,3,882677056.0,M,1,21.316925048828125,student
22,182,1,882748800.0,M,1,29.234233856201172,writer
727,411,4,882336384.0,M,1,19.919553756713867,student
23,133,4,878738368.0,F,0,29.330307006835938,artist
620,869,4,885100736.0,F,0,34.77837371826172,writer
472,273,5,880533888.0,M,1,20.43709945678711,student
407,194,4,882883968.0,M,1,29.15448760986328,engineer
862,64,5,882301248.0,M,1,29.607769012451172,executive
727,447,2,882608448.0,M,1,19.054718017578125,student
130,271,3,880230848.0,M,1,24.192962646484375,none
788,319,3,888451840.0,M,1,44.36288070678711,educator
363,252,2,887833408.0,M,1,21.251657485961914,student
936,286,5,887222080.0,M,1,28.371688842773438,executive
437,492,1,883507904.0,F,0,40.0,other
717,5,5,883134144.0,M,1,26.878612518310547,technician
666,357,4,883201152.0,M,1,34.45417785644531,administrator
758,361,5,883383936.0,M,1,18.537750244140625,student
592,866,4,883776128.0,M,1,25.999998092651367,student
576,240,3,883889408.0,M,1,29.570465087890625,executive
923,172,4,883618688.0,M,1,21.612266540527344,student
568,729,3,875462912.0,M,1,27.15296173095703,educator
463,273,3,881190848.0,F,0,36.0,healthcare
551,300,4,890269312.0,M,1,28.808759689331055,programmer
588,315,3,879283520.0,F,0,21.2137393951416,student
589,552,4,887599744.0,M,1,28.222747802734375,lawyer
798,921,3,878534720.0,F,0,33.88803482055664,writer
648,244,5,884566272.0,M,1,27.439533233642578,engineer
244,495,2,881841152.0,M,1,29.67946434020996,technician
43,778,4,884840512.0,F,0,30.980365753173828,librarian
831,484,2,884752896.0,M,1,28.348485946655273,other
314,684,3,883688320.0,F,0,19.604446411132812,student
293,990,2,888923840.0,M,1,30.349504470825195,writer
442,28,3,880935616.0,M,1,28.261104583740234,student
916,188,4,880746240.0,M,1,45.0,engineer
481,293,4,886222592.0,M,1,51.74726486206055,retired
913,474,4,884278464.0,M,1,29.629871368408203,student
783,14,4,885033728.0,M,1,36.92155456542969,marketing
436,1160,4,881981440.0,F,0,37.36396026611328,administrator
87,559,5,880193600.0,M,1,32.168983459472656,administrator
234,327,2,891916864.0,M,1,49.2048454284668,retired
392,100,5,884126656.0,M,1,33.811920166015625,writer
642,588,4,891310272.0,F,0,18.565486907958984,student
673,521,3,887373952.0,M,1,41.214847564697266,educator
456,235,2,883924992.0,M,1,29.133970260620117,technician
387,246,2,882519680.0,M,1,26.96152114868164,entertainment
521,465,3,883133824.0,M,1,32.0,student
339,302,5,889069824.0,M,1,32.0,lawyer
13,771,1,883289792.0,M,1,30.670881271362305,educator
867,100,5,881295040.0,M,1,31.532503128051758,scientist
208,1220,4,880433600.0,M,1,30.352827072143555,engineer
826,1140,3,884833792.0,M,1,38.0,artist
90,487,5,888898112.0,M,1,43.885704040527344,educator
655,961,3,886259456.0,F,0,46.30614471435547,healthcare
450,292,4,884402048.0,F,0,31.08310317993164,educator
294,148,3,884284800.0,M,1,27.146936416625977,technician
12,751,3,888126336.0,F,0,36.3653564453125,other
236,455,5,885255168.0,F,0,40.330562591552734,writer
112,760,1,883270784.0,M,1,25.041257858276367,salesman
387,209,5,884017536.0,M,1,28.826080322265625,entertainment
336,806,1,881395904.0,M,1,29.101274490356445,salesman
283,748,4,884687104.0,M,1,28.814010620117188,programmer
846,778,4,883097664.0,M,1,29.155057907104492,lawyer
145,111,3,878496512.0,F,1,26.02887535095215,entertainment
64,771,4,885362176.0,M,1,35.94384765625,educator
184,186,4,889811712.0,M,1,36.992820739746094,librarian
653,625,2,884008384.0,M,1,27.836015701293945,executive
585,283,3,883254848.0,M,1,45.375221252441406,librarian
500,204,4,883937920.0,M,1,31.27460289001465,administrator
10,50,4,886134400.0,M,1,31.0,lawyer
92,1279,4,881878144.0,M,1,27.66055679321289,entertainment
194,207,3,881457280.0,M,1,30.31114959716797,administrator
393,1051,3,883664064.0,M,1,18.71986198425293,student
541,794,4,884242048.0,F,0,30.82941246032715,student
749,405,3,882211968.0,M,1,27.452442169189453,other
885,218,4,881198272.0,F,0,32.25566864013672,other
670,234,5,883982784.0,M,1,29.404321670532227,technician
642,655,5,883126464.0,F,0,30.802078247070312,student
592,737,5,881842688.0,M,1,19.639392852783203,student
332,313,5,891721408.0,M,1,22.63654136657715,student
290,508,4,884149952.0,M,1,30.226421356201172,engineer
293,230,4,887417664.0,M,1,23.999998092651367,writer
311,274,3,884292544.0,M,1,30.624666213989258,technician
636,303,5,883251648.0,M,1,42.60383224487305,educator
166,1266,4,882117056.0,M,1,37.607032775878906,educator
193,294,3,887793344.0,M,1,23.957721710205078,student
659,1203,4,891032640.0,M,1,42.233009338378906,educator
385,1194,3,882274816.0,M,1,30.14007568359375,writer
704,257,3,889501440.0,F,0,30.639623641967773,librarian
99,9,4,884112576.0,M,1,28.76803207397461,student
76,53,3,880160640.0,M,1,19.864974975585938,student
81,111,3,882916928.0,M,1,23.235702514648438,student
206,415,2,885075200.0,F,0,35.0,student
592,133,5,878439360.0,M,1,19.602760314941406,student
787,476,3,884348480.0,F,0,23.80638313293457,student
622,276,4,881634880.0,M,1,26.49907684326172,programmer
553,615,5,887944128.0,M,1,46.010440826416016,educator
648,1247,2,882789056.0,M,1,28.819318771362305,engineer
244,12,2,882508352.0,M,1,27.8496036529541,technician
198,684,3,882465280.0,F,0,20.668106079101562,student
293,795,2,889238656.0,M,1,24.673385620117188,writer
1,47,3,879906048.0,M,1,24.387243270874023,technician
830,153,5,884535872.0,M,1,27.12772560119629,programmer
533,265,4,886767168.0,M,1,35.51139450073242,librarian
106,1303,3,884478080.0,M,1,44.44674301147461,retired
296,863,5,874868160.0,F,0,41.4899787902832,administrator
892,124,4,883577984.0,M,1,31.79988670349121,other
833,475,5,878333184.0,M,1,30.133056640625,writer
780,170,5,887840832.0,M,1,33.998165130615234,programmer
633,11,4,883540608.0,M,1,27.89077377319336,programmer
145,79,5,879734720.0,M,1,42.0,entertainment
307,276,5,878732608.0,M,1,24.281335830688477,student
642,539,3,885893440.0,F,0,17.641357421875,student
868,157,4,881671104.0,M,1,25.55449104309082,programmer
189,331,2,889023680.0,M,1,24.999998092651367,artist
591,867,3,888245888.0,F,0,35.974388122558594,librarian
852,482,4,886092224.0,M,1,36.4998664855957,administrator
453,265,4,880856832.0,M,1,20.698965072631836,student
230,240,4,882444864.0,F,0,21.92053985595703,student
266,286,2,885672704.0,F,0,45.0,administrator
882,50,4,888451648.0,M,1,30.57892417907715,engineer
537,781,3,884868800.0,M,1,38.669700622558594,engineer
650,845,3,884320768.0,M,1,37.291099548339844,engineer
346,676,3,875962944.0,M,1,29.510759353637695,other
601,88,4,882503744.0,F,0,31.174467086791992,artist
373,153,3,876535616.0,F,0,31.0528507232666,other
719,16,2,882432640.0,F,0,33.98102569580078,other
378,742,4,884174912.0,M,1,20.422304153442383,student
723,31,4,881076928.0,M,1,31.282987594604492,executive
532,1049,5,888549632.0,M,1,31.07318878173828,student
707,311,3,889319168.0,F,0,50.00890350341797,librarian
77,39,4,882048192.0,M,1,25.81180191040039,technician
262,458,3,882648832.0,F,0,19.655975341796875,student
328,222,3,885875648.0,M,1,28.15131378173828,administrator
99,98,5,882911232.0,M,1,17.0,student
592,346,5,884963520.0,M,1,21.730594635009766,student
864,449,4,884074048.0,M,1,25.501949310302734,programmer
326,741,4,880464000.0,M,1,27.242780685424805,administrator
381,701,4,883947520.0,M,1,28.739255905151367,artist
43,306,4,886585408.0,F,0,30.918697357177734,librarian
363,1025,4,883566080.0,M,1,19.682666778564453,student
59,170,5,889884864.0,M,1,41.800193786621094,educator
385,240,1,882153856.0,M,1,29.532516479492188,educator
456,333,4,882509312.0,M,1,31.0,technician
178,265,4,881212736.0,M,1,30.164806365966797,other
747,693,5,884165312.0,M,1,23.97855567932129,other
600,371,4,886801024.0,F,0,31.095247268676758,programmer
733,250,4,883608128.0,F,0,31.12311553955078,other
38,468,5,888112064.0,F,0,33.12990188598633,other
738,646,4,884237440.0,M,1,30.35624122619629,technician
178,748,4,889729344.0,M,1,27.493213653564453,other
621,91,4,884102720.0,M,1,19.8830623626709,student
862,71,5,880422336.0,M,1,28.257080078125,executive
21,640,1,882940672.0,M,1,28.83415985107422,writer
453,7,4,883916224.0,M,1,20.610246658325195,student
160,70,3,884328704.0,M,1,28.88436508178711,programmer
194,260,1,881978560.0,M,1,28.826141357421875,administrator
314,894,1,880712896.0,F,0,22.13113784790039,student
429,1218,3,883053440.0,M,1,22.012401580810547,student
537,198,3,886180672.0,M,1,35.7386474609375,engineer
92,322,3,882910080.0,M,1,26.999998092651367,entertainment
537,495,2,882634496.0,M,1,30.847654342651367,engineer
426,423,4,880889280.0,M,1,25.999998092651367,educator
621,323,3,884118784.0,M,1,31.0,student
919,431,3,879305856.0,M,1,28.510326385498047,other
12,433,3,880692672.0,F,0,34.90422058105469,other
659,186,5,881373376.0,M,1,29.03759765625,educator
417,280,2,880635584.0,F,0,29.095308303833008,other
533,210,3,882963072.0,M,1,40.21689987182617,librarian
711,95,5,878212992.0,F,0,20.50399398803711,student
612,1054,4,877608384.0,M,1,36.948429107666016,educator
916,411,3,878251328.0,M,1,35.0,engineer
23,432,4,880885760.0,F,0,27.715667724609375,artist
7,245,3,882160256.0,M,1,38.94994354248047,administrator
551,1,5,884579520.0,M,1,29.999998092651367,programmer
58,48,4,887711744.0,M,1,29.18800926208496,programmer
425,387,3,886433728.0,M,1,20.229570388793945,student
800,135,5,879871168.0,M,1,31.319602966308594,programmer
224,866,3,886986624.0,F,0,30.997264862060547,educator
142,110,4,886383552.0,M,1,26.16266632080078,other
799,246,4,881687424.0,M,1,35.37759780883789,administrator
385,98,1,882690560.0,M,1,29.517398834228516,writer
887,462,4,881113152.0,F,0,17.86090850830078,student
890,50,5,884121536.0,M,1,21.19303321838379,student
682,260,3,884360640.0,M,1,29.044240951538086,programmer
492,181,4,881945088.0,M,1,39.22323989868164,educator
627,186,4,879570880.0,M,1,28.15250015258789,engineer
276,1011,4,876311168.0,M,1,21.177722930908203,student
607,409,4,885001344.0,F,0,41.408565521240234,healthcare
318,1220,4,884053568.0,M,1,47.74856948852539,retired
617,937,1,886194432.0,F,0,27.873292922973633,writer
804,135,4,879570624.0,M,1,41.673580169677734,educator
543,378,4,879875456.0,M,1,28.351160049438477,scientist
12,181,5,882387072.0,F,0,36.137237548828125,other
804,304,3,882607040.0,M,1,27.565414428710938,educator
632,195,4,881665664.0,M,1,21.500282287597656,student
507,659,5,886679232.0,F,0,31.497737884521484,writer
180,44,1,875543040.0,F,0,30.00255584716797,administrator
223,588,4,885323392.0,F,0,19.509305953979492,student
781,65,4,883991744.0,M,1,28.887720108032227,student
597,742,4,882709376.0,M,1,25.09225082397461,other
727,249,4,884010368.0,M,1,18.0,student
194,491,5,883135936.0,M,1,29.698225021362305,administrator
48,183,4,880153088.0,M,1,28.6221981048584,administrator
227,77,3,879498432.0,M,0,29.348604202270508,executive
758,474,5,884806656.0,M,1,20.46377944946289,student
301,67,2,883187136.0,M,1,28.959091186523438,student
615,736,4,875242880.0,M,1,35.72333526611328,educator
887,200,5,883700032.0,F,0,18.316930770874023,student
380,188,4,884106112.0,M,1,26.123048782348633,engineer
409,204,5,884012992.0,M,1,29.34333038330078,administrator
881,128,5,884073024.0,M,1,29.999998092651367,marketing
619,250,4,883564480.0,M,1,19.84380340576172,student
712,254,4,878627264.0,F,0,31.16105079650879,student
334,209,4,887624768.0,M,1,32.25669479370117,librarian
642,684,3,883812608.0,F,0,24.999998092651367,student
334,246,4,890385536.0,M,1,30.23324966430664,librarian
897,553,2,880202880.0,M,1,26.406478881835938,other
194,1041,5,879218880.0,M,1,29.444259643554688,administrator
393,751,4,889183360.0,M,1,17.0,student
233,523,2,879731904.0,M,1,29.57976531982422,engineer
416,225,5,885853056.0,F,0,21.164505004882812,student
661,183,4,879440128.0,M,1,28.558042526245117,programmer
280,1329,5,890746176.0,F,0,34.798927307128906,librarian
291,228,3,876869824.0,M,1,27.918190002441406,student
455,294,3,881216960.0,M,1,35.49336242675781,administrator
399,252,2,878769600.0,M,1,27.08685302734375,other
927,195,3,880755072.0,M,1,29.999998092651367,programmer
425,462,3,884558912.0,M,1,22.0,student
863,1028,2,889054336.0,M,1,20.838722229003906,student
416,50,5,884271424.0,F,0,30.820907592773438,student
655,392,2,886040832.0,F,0,37.525733947753906,healthcare
262,1315,3,881115584.0,F,0,25.999998092651367,student
416,1043,3,888331584.0,F,0,19.829057693481445,student
715,250,4,880726144.0,M,1,28.832033157348633,technician
264,303,5,891036608.0,M,1,33.05583572387695,writer
524,1142,4,883546368.0,M,1,42.0,educator
62,629,4,883338688.0,F,0,30.900840759277344,artist
311,705,5,885614528.0,M,1,33.47026443481445,technician
194,294,3,886240576.0,M,1,29.688840866088867,administrator
312,152,4,891017664.0,M,1,37.28260803222656,other
734,764,4,888066496.0,F,0,31.79451560974121,other
854,132,3,883010432.0,F,0,28.2015380859375,student
561,260,3,887678144.0,M,1,21.0,engineer
318,255,4,886912256.0,M,1,50.0,retired
943,24,4,884104256.0,M,1,20.0,student
932,529,4,887890880.0,M,1,23.010704040527344,student
608,265,4,884028928.0,M,1,30.163089752197266,other
43,216,4,883612864.0,F,0,38.859947204589844,librarian
94,974,4,889117120.0,M,1,24.082073211669922,student
279,470,3,884326592.0,M,1,24.451383590698242,programmer
545,1011,4,880510080.0,M,1,28.925718307495117,technician
246,364,1,883606720.0,M,1,20.0,student
622,226,4,885175808.0,M,1,50.0,programmer
12,283,2,881126912.0,F,0,48.0,other
250,7,3,881077568.0,M,1,26.908201217651367,executive
938,786,3,890223104.0,F,0,41.08913803100586,technician
197,210,4,883423040.0,M,1,35.423805236816406,technician
452,210,4,882054720.0,M,1,32.30601501464844,administrator
747,783,4,885404736.0,M,1,23.0,student
553,659,3,882561920.0,M,1,51.190086364746094,educator
877,188,4,883178496.0,M,1,31.859363555908203,other
94,117,4,884283264.0,M,1,22.742820739746094,student
332,1009,5,888854080.0,M,1,21.492982864379883,student
664,202,4,878647040.0,M,1,39.52904510498047,engineer
570,169,5,886921856.0,M,1,37.37420654296875,educator
880,107,2,881368832.0,M,1,20.744108200073242,student
405,1106,1,886041792.0,F,0,28.173017501831055,healthcare
821,180,5,879895104.0,M,1,29.999998092651367,engineer
334,970,4,888756672.0,M,1,35.0,librarian
815,188,4,884125184.0,M,1,29.80582618713379,other
194,1046,1,883266752.0,M,1,29.59490966796875,administrator
666,4,4,882701504.0,M,1,36.432857513427734,administrator
886,405,4,877529600.0,M,1,21.12645721435547,student
457,417,4,881159616.0,F,0,31.029165267944336,salesman
585,638,3,889225728.0,M,1,53.02030563354492,librarian
474,604,4,875117056.0,M,1,45.47176742553711,executive
144,435,4,884576896.0,M,1,37.0,programmer
389,194,4,881604928.0,F,0,30.800460815429688,writer
385,707,5,882566848.0,M,1,27.999998092651367,writer
650,182,3,888388224.0,M,1,38.19427490234375,engineer
796,338,4,889559552.0,F,0,31.427427291870117,writer
318,518,4,886716608.0,M,1,48.67549133300781,writer
279,227,3,882067200.0,M,1,24.932373046875,programmer
624,117,3,881481088.0,M,1,19.729555130004883,student
506,1,4,879039168.0,M,1,28.774734497070312,programmer
634,367,4,879258240.0,M,1,31.05895233154297,engineer
894,245,3,882957376.0,M,1,37.202980041503906,educator
892,708,4,888104192.0,M,1,36.52517318725586,other
545,455,4,884128832.0,M,1,25.90688705444336,technician
499,147,4,882396992.0,M,1,33.55836486816406,programmer
393,310,4,884794112.0,M,0,32.7777099609375,student
174,155,5,885978816.0,F,0,28.811176300048828,administrator
308,505,4,879446592.0,M,1,46.79302215576172,retired
711,172,5,886484544.0,F,0,29.70646095275879,student
592,24,5,884345536.0,M,1,29.236927032470703,student
851,346,5,878886336.0,M,1,28.00663185119629,other
823,934,4,881638976.0,M,1,27.477649688720703,artist
837,872,1,877910144.0,F,0,27.875202178955078,artist
189,106,5,888219840.0,M,1,25.913890838623047,artist
804,7,4,882270720.0,M,1,35.77531051635742,educator
546,113,4,885172160.0,M,1,31.790557861328125,executive
804,1068,4,884065984.0,M,1,21.0,educator
481,199,5,884501376.0,M,1,47.779930114746094,retired
247,399,4,886771712.0,M,1,32.62206268310547,engineer
840,271,5,887897088.0,M,1,28.001882553100586,artist
327,748,3,888683648.0,M,1,21.617450714111328,student
99,476,4,886629440.0,M,1,21.426637649536133,student
694,135,2,878175232.0,M,1,40.87700653076172,engineer
836,99,4,878919232.0,M,1,25.826284408569336,engineer
901,89,4,883712576.0,M,1,33.78694152832031,executive
303,455,5,878696512.0,M,1,21.960681915283203,student
648,1267,2,885818624.0,M,1,28.840309143066406,engineer
916,29,4,880282112.0,M,1,27.055273056030273,engineer
299,678,3,885901632.0,M,1,30.893009185791016,writer
110,83,4,887975808.0,M,1,44.0,engineer
622,687,4,886212160.0,M,1,34.354679107666016,programmer
378,117,3,880180544.0,M,1,21.004959106445312,student
776,262,3,883698432.0,M,1,32.638954162597656,librarian
301,756,2,883608000.0,M,1,29.0321044921875,student
322,447,4,883762880.0,M,1,28.0026912689209,student
73,527,5,886499520.0,M,1,22.678987503051758,student
90,632,5,888691712.0,M,1,32.0,educator
13,506,5,884784576.0,M,1,37.2487678527832,educator
387,854,5,885614400.0,M,1,28.817392349243164,entertainment
474,654,5,889064640.0,M,1,49.0,executive
450,116,3,882962560.0,F,0,38.161224365234375,educator
550,420,4,880388800.0,F,1,28.753398895263672,student
186,121,4,875306624.0,F,1,29.907007217407227,executive
846,179,5,885844800.0,M,1,28.204483032226562,lawyer
139,276,4,877147520.0,M,1,22.063058853149414,student
835,181,3,886663808.0,F,0,39.0,executive
378,274,3,884085120.0,M,1,21.88051986694336,student
161,289,4,887780160.0,M,1,36.6207275390625,lawyer
587,854,5,889182464.0,M,1,21.51447296142578,other
438,127,4,884394688.0,F,0,43.83884048461914,administrator
330,228,5,877937216.0,F,0,37.65168762207031,administrator
208,129,4,880500288.0,M,1,34.12732696533203,engineer
664,523,4,879504128.0,M,1,31.06991195678711,engineer
749,346,4,884583680.0,M,1,29.245161056518555,other
727,665,2,883086592.0,M,1,19.305532455444336,student
627,344,4,883870656.0,M,1,30.9497127532959,engineer
295,125,5,881544128.0,M,1,31.471294403076172,educator
435,356,3,882150080.0,M,1,28.132526397705078,engineer
655,937,3,889816064.0,F,0,45.465328216552734,healthcare
811,315,5,887520960.0,F,1,25.644176483154297,student
255,841,2,885493632.0,M,1,25.766868591308594,entertainment
423,283,4,888177536.0,M,1,45.09402084350586,other
521,1326,3,885427328.0,M,1,20.36395263671875,student
87,96,5,880630720.0,M,1,29.69921875,administrator
663,1274,3,886526208.0,M,1,29.29842758178711,other
523,127,5,880086208.0,F,0,42.156917572021484,administrator
374,7,4,879338752.0,M,1,29.330842971801758,executive
312,429,5,888253120.0,M,1,29.393102645874023,other
8,465,5,883796224.0,M,1,27.053325653076172,administrator
650,436,3,886274112.0,M,1,30.527366638183594,engineer
481,199,5,886138496.0,M,1,53.62385177612305,retired
561,434,1,887015680.0,M,1,27.007308959960938,engineer
463,552,1,880756800.0,F,0,30.835002899169922,healthcare
384,316,4,889897024.0,M,1,37.4287109375,administrator
18,98,5,882454784.0,F,0,35.12168502807617,other
551,152,5,891694912.0,M,1,32.0606803894043,programmer
620,847,5,888344512.0,F,0,40.207706451416016,writer
582,780,3,884091008.0,M,1,18.718517303466797,student
899,283,4,885332352.0,M,1,42.0712890625,other
816,60,4,888649088.0,M,1,36.29625701904297,other
322,169,3,886445440.0,M,1,21.707763671875,student
655,1155,3,887779712.0,F,0,44.63395309448242,healthcare
422,663,4,879767680.0,M,1,30.232952117919922,entertainment
450,582,4,884659904.0,F,0,41.0,educator
775,480,5,886827712.0,M,1,32.72792053222656,executive
406,12,4,884068416.0,M,1,40.0012092590332,educator
409,269,3,882985152.0,M,1,32.74042510986328,administrator
450,118,4,887743616.0,F,0,38.103485107421875,educator
144,301,4,886878016.0,M,1,36.022220611572266,programmer
551,456,4,883725952.0,M,1,30.153167724609375,programmer
374,2,3,883709632.0,M,1,27.889358520507812,programmer
527,210,5,885707200.0,M,1,23.0,librarian
181,676,1,882570624.0,M,1,27.961891174316406,executive
788,665,2,881912768.0,M,1,37.461280822753906,administrator
244,111,4,881362496.0,M,1,25.660985946655273,technician
319,474,5,886300544.0,M,1,27.92542839050293,programmer
711,974,4,878193152.0,F,0,30.833717346191406,student
537,126,2,885237056.0,M,1,33.0,engineer
537,194,3,884566336.0,M,1,46.0,engineer
378,274,3,883046336.0,M,1,21.768367767333984,student
471,222,4,886624576.0,F,0,19.517139434814453,student
308,113,3,888300800.0,M,1,44.32927703857422,retired
102,355,5,889122112.0,M,1,27.819787979125977,programmer
398,357,4,878477376.0,M,1,28.79191780090332,other
548,177,4,883446336.0,M,1,35.782470703125,writer
399,91,2,883778496.0,M,1,29.411781311035156,other
931,659,3,888996800.0,M,1,42.0,educator
680,683,4,885596736.0,M,1,33.70383071899414,lawyer
867,431,5,881043456.0,M,1,31.069791793823242,scientist
174,934,2,884695744.0,M,1,31.366912841796875,administrator
870,826,3,883476992.0,M,1,29.999998092651367,student
356,394,4,889080704.0,F,0,30.83879280090332,homemaker
684,192,4,879107968.0,M,1,22.251632690429688,student
666,307,4,884303872.0,M,1,35.344024658203125,administrator
663,174,5,884343744.0,M,1,28.404102325439453,other
399,217,3,884544576.0,M,1,27.347949981689453,other
299,300,4,886067264.0,M,1,26.999998092651367,doctor
661,118,4,879840704.0,M,1,30.977813720703125,programmer
862,96,3,882733120.0,M,1,30.122861862182617,executive
334,61,4,883888896.0,M,1,29.999998092651367,librarian
897,100,5,885280384.0,M,1,50.0,other
214,1105,3,888954880.0,F,0,37.131473541259766,librarian
87,50,5,884718912.0,M,1,26.61212730407715,student
666,955,4,882056384.0,M,1,38.42096710205078,administrator
42,1,4,880991360.0,M,1,27.999998092651367,administrator
336,405,4,880614336.0,M,1,27.397310256958008,salesman
313,1022,3,885204736.0,M,1,35.082672119140625,marketing
592,641,4,883190208.0,M,1,33.186073303222656,student
352,631,4,884721920.0,M,0,28.20009994506836,programmer
64,329,3,889791104.0,M,1,39.54875564575195,scientist
42,210,5,883213888.0,M,1,31.502832412719727,administrator
764,290,2,881797760.0,F,0,42.70878982543945,educator
102,597,2,888454912.0,M,1,28.950956344604492,programmer
474,428,4,884131776.0,M,1,29.999998092651367,executive
607,676,3,884868992.0,F,0,40.84419631958008,healthcare
694,15,4,879485248.0,M,1,36.033363342285156,programmer
60,197,4,885725952.0,M,1,43.253814697265625,healthcare
436,307,4,887070720.0,F,0,33.0,administrator
311,100,5,883451008.0,M,1,31.326017379760742,technician
318,517,4,886209664.0,M,1,50.62211608886719,retired
364,283,3,879445888.0,M,1,41.42591094970703,other
295,48,4,876405056.0,M,1,39.458065032958984,educator
530,194,4,884108864.0,M,1,34.30743408203125,engineer
202,220,5,879956224.0,F,0,41.916038513183594,educator
671,515,5,885560256.0,M,1,27.696054458618164,programmer
601,97,4,880365952.0,F,0,38.0,other
133,283,5,887977792.0,M,1,41.882728576660156,librarian
293,307,4,884091520.0,M,1,25.709129333496094,writer
332,496,5,886832704.0,M,1,28.868194580078125,student
776,638,2,891298176.0,M,1,33.4129638671875,librarian
87,499,4,886484544.0,M,1,29.595672607421875,administrator
450,513,4,884120576.0,F,0,35.0,educator
429,826,3,879567872.0,M,1,23.554218292236328,student
293,1480,4,888712768.0,M,1,33.0,writer
373,71,5,879236736.0,F,0,23.0,other
378,651,3,884267392.0,M,1,27.999998092651367,student
201,219,1,884637632.0,M,1,24.348583221435547,writer
118,317,5,878967232.0,M,1,27.648378372192383,administrator
669,331,4,887113792.0,M,1,27.999998092651367,other
91,143,5,891497216.0,M,1,39.74296569824219,marketing
215,604,4,888023168.0,M,1,32.29243469238281,programmer
553,504,3,881843840.0,M,1,43.13077163696289,educator
385,7,5,878739968.0,M,1,29.141889572143555,writer
303,941,5,878017344.0,M,1,24.278154373168945,student
447,211,3,881477376.0,M,1,27.872716903686523,administrator
804,258,4,883998720.0,M,1,37.81144714355469,educator
405,947,1,882057984.0,F,0,27.847387313842773,healthcare
623,192,5,881741888.0,F,0,28.62023162841797,educator
71,98,4,883800192.0,M,1,31.109468460083008,scientist
467,56,5,877975360.0,M,1,27.842025756835938,entertainment
201,301,4,886625472.0,M,1,30.53257942199707,writer
852,716,4,885180160.0,M,1,32.88589859008789,administrator
758,755,3,881334528.0,M,1,19.62095069885254,student
94,434,4,888895936.0,M,1,31.02199363708496,student
450,347,4,884202688.0,F,0,38.09355545043945,educator
864,436,4,884057536.0,M,1,29.476282119750977,programmer
593,462,3,879394688.0,F,0,35.0488166809082,educator
49,416,4,882231360.0,F,0,26.29410743713379,student
825,197,4,883878272.0,M,1,26.999998092651367,engineer
94,226,4,888552960.0,M,1,24.223539352416992,student
916,1594,5,883400640.0,M,1,31.60956382751465,engineer
151,276,5,877710336.0,F,0,37.261375427246094,administrator
835,310,4,886835584.0,F,0,50.0,executive
378,127,4,883343552.0,M,1,29.404708862304688,student
621,189,4,880908928.0,M,1,19.29758644104004,student
385,489,3,880929408.0,M,1,33.06348419189453,writer
407,242,4,874830592.0,M,1,27.150074005126953,engineer
655,702,3,885283392.0,F,0,45.801937103271484,healthcare
405,1473,1,886266304.0,F,0,32.78583908081055,healthcare
406,293,3,882748800.0,M,1,39.00990295410156,educator
305,934,3,885629504.0,M,1,31.575313568115234,programmer
661,276,4,878583360.0,M,1,27.991024017333984,programmer
101,1059,2,879138816.0,M,1,21.254932403564453,student
104,748,3,888506560.0,M,1,22.0,student
901,243,3,886472384.0,M,1,32.78269577026367,executive
622,47,4,884124864.0,M,1,27.756834030151367,programmer
312,1,5,886684416.0,M,1,26.999998092651367,other
500,1100,2,885588096.0,M,1,31.483436584472656,administrator
771,144,3,883121792.0,M,1,20.810577392578125,student
476,101,1,883687872.0,M,1,24.36273765563965,other
823,117,4,882214336.0,M,1,26.068721771240234,artist
505,1074,4,888202816.0,F,0,33.558372497558594,other
91,288,4,885867520.0,M,1,43.0,technician
149,216,4,881015488.0,F,0,37.131629943847656,homemaker
83,59,4,884096192.0,M,1,29.159740447998047,other
487,496,5,884115776.0,M,1,27.149404525756836,engineer
918,144,3,883698048.0,M,1,33.476478576660156,scientist
474,515,1,885700224.0,M,1,31.878339767456055,executive
327,2,4,888295808.0,M,1,25.999998092651367,student
312,111,4,888979072.0,M,1,28.852025985717773,other
592,591,4,882714816.0,M,1,18.0,student
889,879,4,878955456.0,M,1,26.605131149291992,technician
583,176,4,884061312.0,M,1,33.29541778564453,engineer
447,218,4,879147328.0,M,1,26.7364559173584,administrator
535,283,4,880008256.0,F,0,46.06606674194336,educator
290,268,4,881605632.0,M,1,24.999998092651367,engineer
892,124,4,884231232.0,M,1,32.368621826171875,other
862,813,4,886988032.0,M,1,31.65418815612793,executive
75,182,4,882742336.0,M,1,28.436132431030273,entertainment
453,780,4,881858688.0,M,1,19.63689422607422,student
109,28,4,885046784.0,M,1,28.322561264038086,other
394,328,3,883964416.0,M,1,36.45801544189453,administrator
846,953,5,887528576.0,M,1,28.27787208557129,lawyer
889,462,4,882126720.0,M,1,31.663204193115234,technician
551,421,4,889097856.0,M,1,25.41872787475586,programmer
66,235,4,885309440.0,M,1,25.062213897705078,student
28,484,4,885193152.0,M,1,32.86924743652344,writer
246,384,3,883492928.0,M,1,18.316110610961914,student
567,273,5,889125888.0,M,1,26.195018768310547,entertainment
222,1262,4,883942784.0,M,1,27.279783248901367,programmer
416,362,5,884324032.0,F,0,30.707725524902344,student
223,596,4,883597824.0,F,0,19.60406494140625,student
222,1,5,881067392.0,M,1,25.400686264038086,programmer
519,32,5,886218624.0,M,1,26.376256942749023,other
332,451,5,887323968.0,M,1,20.580318450927734,student
429,403,3,883468992.0,M,1,24.999998092651367,student
114,87,4,881268352.0,M,1,31.182140350341797,programmer
840,294,3,887564608.0,M,1,27.907800674438477,artist
333,141,5,888762624.0,M,1,37.35463333129883,other
808,510,1,885855104.0,M,1,28.999998092651367,salesman
474,312,5,889005504.0,M,1,36.40310287475586,executive
389,10,4,882541440.0,F,0,43.240692138671875,writer
32,682,3,884439488.0,F,0,21.174606323242188,student
315,66,5,883968768.0,M,1,38.93323516845703,educator
816,748,4,888637952.0,M,1,31.766510009765625,other
378,845,3,880405696.0,M,1,21.230186462402344,student
77,52,3,875972416.0,M,1,26.681053161621094,technician
720,178,4,885202816.0,M,1,33.47148895263672,student
299,271,2,884584064.0,M,1,29.522554397583008,doctor
58,338,1,887169664.0,M,1,24.29762840270996,programmer
655,1018,3,886149632.0,F,0,47.226806640625,healthcare
472,240,1,881952000.0,M,1,20.348655700683594,student
378,491,3,882143488.0,M,1,25.41423797607422,student
384,193,4,888308352.0,M,1,36.392913818359375,programmer
666,299,4,880614080.0,M,1,34.139610290527344,administrator
490,367,3,879459264.0,F,0,30.704280853271484,artist
385,1070,3,884353792.0,M,1,28.371231079101562,writer
455,204,5,881154048.0,M,1,31.90474510192871,administrator
95,1112,3,881122688.0,M,1,28.841936111450195,administrator
846,258,4,885341120.0,M,1,28.19287872314453,lawyer
328,1403,4,886022848.0,M,1,31.10196876525879,administrator
315,183,4,878964736.0,M,1,29.98955535888672,technician
655,759,3,885899264.0,F,0,47.28436279296875,healthcare
65,321,5,880114368.0,F,0,39.77141571044922,educator
458,191,5,885492352.0,M,1,35.133392333984375,technician
497,101,3,879985280.0,M,1,28.13031578063965,student
732,323,3,886039680.0,F,0,29.06842041015625,other
256,294,3,886387776.0,F,0,29.409252166748047,none
749,96,4,879867968.0,M,1,28.171947479248047,other
577,7,4,883662528.0,F,0,20.94481658935547,student
458,238,4,888180544.0,M,1,37.895545959472656,student
421,199,5,886381184.0,F,0,36.002540588378906,programmer
378,1356,4,875509376.0,M,1,18.845508575439453,student
23,79,4,883208832.0,F,0,29.528106689453125,artist
110,790,2,883247808.0,M,1,18.865440368652344,student
405,807,1,885040768.0,F,0,31.645219802856445,healthcare
189,427,3,886150400.0,M,1,26.407535552978516,artist
551,9,5,886875968.0,M,1,28.96164894104004,programmer
751,181,4,885948928.0,F,0,34.774925231933594,other
642,655,3,884940544.0,F,0,18.0,student
382,484,3,889041728.0,M,1,34.9439582824707,engineer
125,313,5,887412288.0,M,1,29.646799087524414,lawyer
474,876,3,887038976.0,M,1,31.365297317504883,executive
388,813,4,887861440.0,M,1,29.87123680114746,other
295,7,5,884140160.0,M,1,29.67432403564453,executive
398,229,4,877574208.0,M,1,31.03653907775879,other
807,417,4,884524672.0,F,0,34.89787292480469,healthcare
753,237,4,879355392.0,M,1,33.05195236206055,salesman
650,476,3,884139520.0,M,1,29.004756927490234,engineer
295,252,5,879448192.0,M,1,36.1190299987793,educator
373,90,3,880011776.0,F,0,28.871559143066406,other
655,36,3,887516736.0,F,0,31.0538387298584,healthcare
572,481,5,875945920.0,M,1,39.11699295043945,educator
669,435,5,888081024.0,M,1,39.433834075927734,other
19,740,2,883117952.0,M,1,28.889677047729492,engineer
327,652,4,887853888.0,M,1,19.13845443725586,student
892,320,5,888056192.0,M,1,34.0,other
486,587,2,881323584.0,M,1,23.0,educator
454,433,3,882109440.0,M,1,39.261356353759766,other
1,56,5,878658752.0,M,1,24.076339721679688,technician
184,591,3,884364096.0,M,1,34.94127655029297,librarian
514,1087,2,882420800.0,M,1,27.536745071411133,programmer
551,195,4,884200448.0,M,1,29.0761775970459,programmer
344,716,2,884398720.0,F,0,30.74261474609375,librarian
28,269,5,885015744.0,M,1,26.999998092651367,writer
932,1654,4,888907584.0,M,1,31.255165100097656,educator
523,286,4,882059328.0,F,0,37.995391845703125,administrator
387,926,5,886074048.0,M,1,26.999998092651367,entertainment
174,258,5,886342848.0,F,0,33.92986297607422,administrator
13,1608,1,884887296.0,M,1,36.368873596191406,educator
378,79,4,879775616.0,M,1,21.6900691986084,student
203,785,4,881157184.0,F,0,22.90121078491211,student
100,745,3,888836992.0,M,1,35.084407806396484,executive
264,659,5,882808256.0,F,0,48.0,writer
591,258,3,888567680.0,F,0,38.142147064208984,librarian
115,188,4,881574016.0,M,1,28.827838897705078,engineer
83,1025,4,884810432.0,M,1,29.115453720092773,other
938,328,3,886930752.0,F,1,39.313758850097656,marketing
145,229,1,880706304.0,M,1,26.40095329284668,entertainment
214,271,3,891118656.0,F,0,33.96369171142578,librarian
285,318,4,884832576.0,M,1,34.220279693603516,programmer
474,238,4,887709888.0,M,1,40.13565444946289,executive
201,1008,4,884740416.0,M,1,30.35639762878418,writer
248,1011,4,883078784.0,M,1,19.612777709960938,student
276,248,4,879337088.0,M,1,25.792613983154297,student
6,613,2,884353536.0,M,1,33.64175033569336,executive
239,210,5,886548544.0,M,1,27.509220123291016,artist
59,799,4,884258048.0,M,1,29.02722930908203,educator
292,1180,4,882964736.0,F,0,33.38993835449219,programmer
174,389,3,891385792.0,F,0,32.778594970703125,administrator
531,574,1,884963520.0,F,0,30.83353042602539,healthcare
537,874,2,886718080.0,M,1,37.92341613769531,engineer
484,313,4,890431872.0,M,1,26.342910766601562,student
406,143,4,883846784.0,M,1,23.0,educator
707,143,2,885258944.0,F,0,35.107421875,librarian
137,4,5,881599552.0,M,1,44.76603317260742,educator
890,12,5,883103616.0,M,1,18.0,student
373,211,5,880239680.0,F,0,29.61794090270996,other
619,1188,5,884306240.0,M,1,18.902034759521484,student
478,250,4,886689280.0,M,1,29.999998092651367,other
106,202,1,887690048.0,M,1,50.20339584350586,retired
291,248,4,879064896.0,M,1,23.070899963378906,student
843,930,2,883765312.0,M,1,28.877365112304688,librarian
42,65,5,879540736.0,M,1,28.879819869995117,administrator
905,274,3,885228992.0,M,1,31.719890594482422,other
885,323,4,885019648.0,F,0,31.142118453979492,other
642,8,4,886470464.0,F,0,34.14982223510742,student
70,137,4,879570688.0,M,1,27.18844223022461,engineer
586,931,4,882571200.0,M,1,20.084598541259766,student
417,405,2,882315520.0,F,0,28.424192428588867,other
807,425,4,884860672.0,F,0,41.3076171875,healthcare
653,327,5,878776896.0,M,1,41.53836441040039,executive
381,312,4,888850560.0,M,1,28.0797119140625,artist
536,747,4,884980928.0,M,1,35.79711151123047,engineer
321,498,4,883681152.0,F,0,50.20392990112305,educator
497,443,3,884285376.0,M,1,19.581233978271484,student
537,92,3,884055424.0,M,1,28.789093017578125,engineer
836,188,4,885157760.0,M,1,26.15180015563965,artist
236,651,4,883914048.0,F,0,40.0247688293457,writer
452,566,4,883975424.0,M,1,32.994056701660156,administrator
833,248,4,885127168.0,M,1,29.155183792114258,writer
429,928,4,882294464.0,M,1,19.453128814697266,student
613,709,3,885803712.0,F,0,40.72637939453125,librarian
94,172,4,889615424.0,M,1,22.991596221923828,student
53,208,5,885654912.0,M,1,28.34042739868164,programmer
374,222,4,883753664.0,M,1,28.82736587524414,executive
174,612,5,885374400.0,F,0,31.63749885559082,administrator
138,196,4,883714624.0,M,1,30.803632736206055,lawyer
849,568,4,880686144.0,F,0,22.5587215423584,student
6,187,4,884650240.0,M,1,29.999998092651367,executive
481,56,4,887881280.0,M,1,53.4831657409668,retired
868,3,5,884641600.0,M,1,25.096921920776367,programmer
221,96,4,875045696.0,M,1,20.3437442779541,student
297,64,5,885690752.0,F,0,30.946182250976562,educator
541,49,4,881218880.0,F,0,27.1151180267334,student
429,738,3,879531200.0,M,1,21.42428207397461,student
405,550,5,884534464.0,F,0,25.118810653686523,healthcare
276,206,4,874939200.0,M,1,26.292179107666016,student
407,291,4,884063424.0,M,1,28.78330421447754,engineer
864,315,4,889980864.0,M,1,25.166976928710938,other
747,602,5,887450304.0,M,1,18.0,other
305,1226,4,883851136.0,M,1,29.123336791992188,programmer
621,405,4,877936832.0,M,1,19.490793228149414,student
916,530,4,885096768.0,M,1,38.904022216796875,engineer
312,705,3,888176896.0,M,1,38.18658447265625,other
624,298,5,883673728.0,M,1,22.0,student
454,299,3,883895360.0,M,1,29.595027923583984,other
307,157,3,875981824.0,M,1,26.200227737426758,engineer
442,2,4,884503680.0,M,1,19.767375946044922,student
529,269,5,888636352.0,F,0,42.67924499511719,administrator
474,294,4,888081984.0,M,1,31.772043228149414,executive
754,498,4,884107584.0,M,0,46.0,librarian
903,127,5,885252672.0,M,1,45.0,educator
259,173,4,881105216.0,M,1,20.843950271606445,student
606,185,4,883583552.0,M,1,28.7995548248291,programmer
286,581,4,879158592.0,M,1,19.072656631469727,student
617,240,1,884325760.0,F,0,27.23636817932129,writer
406,211,4,881929984.0,M,1,31.31068229675293,educator
264,302,5,884312384.0,F,0,34.738643646240234,writer
664,636,4,875728384.0,M,1,27.661317825317383,engineer
450,292,4,884199104.0,F,0,31.013980865478516,educator
381,578,4,886686272.0,M,1,27.8563289642334,artist
864,625,2,883147648.0,M,1,25.264616012573242,programmer
339,313,5,890656384.0,M,1,34.733604431152344,librarian
645,357,4,888414400.0,M,1,31.04395294189453,programmer
435,474,3,884697600.0,M,1,26.04608917236328,engineer
892,61,5,886361536.0,M,1,32.79502487182617,other
343,71,5,882175296.0,M,1,29.240015029907227,engineer
731,78,5,884821376.0,M,0,38.5328369140625,educator
102,1244,2,889498752.0,M,1,26.615835189819336,programmer
671,302,4,884068800.0,M,1,27.786584854125977,programmer
48,1228,3,880164928.0,M,1,25.268430709838867,administrator
608,1007,4,886190592.0,M,1,30.41635513305664,other
301,826,4,882180032.0,M,1,22.0,student
435,231,1,882688768.0,M,1,29.999998092651367,engineer
537,466,3,884146752.0,M,1,37.700233459472656,engineer
773,796,4,886597952.0,M,1,22.474414825439453,student
36,222,4,884465664.0,F,0,22.419830322265625,student
774,85,1,882533248.0,M,1,20.0,student
222,48,5,884229312.0,M,1,27.999998092651367,programmer
254,214,2,885479168.0,M,1,42.04172134399414,educator
642,583,4,885274752.0,F,0,18.0,student
470,508,4,884054208.0,M,1,28.814062118530273,programmer
234,370,2,883806592.0,M,1,40.0,retired
486,284,3,884007872.0,M,1,39.547061920166016,educator
345,361,1,889795520.0,F,0,34.663944244384766,librarian
392,275,4,886408768.0,M,1,35.95372772216797,writer
592,828,1,882662592.0,M,1,22.0,student
398,475,4,881961408.0,M,1,29.349687576293945,other
905,660,5,888491776.0,M,1,31.743215560913086,other
271,318,4,887159360.0,M,1,36.5319938659668,engineer
385,101,3,882271936.0,M,1,29.179149627685547,writer
452,1014,4,875966784.0,M,1,31.54027557373047,administrator
267,199,5,881488064.0,M,1,32.14861297607422,engineer
58,364,4,887125952.0,M,1,21.0,programmer
343,431,5,879833920.0,M,1,30.79764747619629,engineer
271,510,4,887984576.0,M,1,38.93136215209961,engineer
159,623,5,882862272.0,F,0,28.66410255432129,student
334,1679,4,891346880.0,M,1,30.311304092407227,librarian
394,188,4,883439872.0,M,1,29.417442321777344,administrator
711,651,4,875271360.0,F,0,19.253955841064453,student
711,153,4,877847424.0,F,0,29.999998092651367,student
130,258,5,879725376.0,M,1,28.79081916809082,none
83,932,5,881262144.0,M,1,23.186349868774414,other
360,181,5,883592000.0,M,1,29.252716064453125,other
655,527,3,888715584.0,F,0,49.359710693359375,healthcare
892,292,1,887985216.0,M,1,35.015174865722656,other
320,742,5,882076096.0,M,1,22.646133422851562,student
939,515,5,881576896.0,F,0,29.999998092651367,other
503,845,5,883436864.0,M,1,35.23957443237305,writer
747,303,5,888264960.0,M,1,29.612503051757812,other
175,62,4,879752512.0,F,0,34.3214111328125,scientist
927,102,5,884023744.0,M,1,27.17518424987793,programmer
253,1154,5,889909952.0,F,0,34.59815979003906,librarian
6,238,5,884856832.0,M,1,35.855873107910156,executive
417,894,1,880467648.0,F,0,34.0,other
312,611,3,889302080.0,M,1,43.167911529541016,other
56,426,1,890672960.0,M,1,24.82295799255371,librarian
405,818,1,883108480.0,F,0,27.5476131439209,healthcare
499,597,3,884290688.0,M,1,28.507112503051758,programmer
502,1025,3,886088384.0,M,1,23.59138298034668,student
450,473,3,881001024.0,F,0,33.39252853393555,educator
339,302,4,885829184.0,M,1,33.30447769165039,lawyer
94,132,4,883131584.0,M,1,29.534809112548828,student
206,877,2,884113344.0,F,0,18.314228057861328,student
781,174,4,884357632.0,M,1,33.0,student
295,56,5,883922752.0,M,1,38.09552001953125,educator
425,1430,4,887646976.0,M,1,19.49041748046875,student
264,501,5,883497024.0,F,1,30.748016357421875,writer
336,905,3,883393280.0,M,1,29.999998092651367,salesman
416,487,4,887837184.0,F,0,11.0,student
938,750,4,890943296.0,M,1,41.417701721191406,technician
154,651,4,882679040.0,M,1,23.607465744018555,student
451,28,4,883763072.0,M,1,24.999998092651367,student
716,332,4,882069504.0,F,0,39.0041389465332,administrator
466,83,5,889516672.0,M,1,21.33660125732422,student
324,538,3,884177216.0,F,0,24.035327911376953,student
924,156,3,883075840.0,M,1,28.212610244750977,other
741,939,3,883449856.0,M,1,27.539857864379883,writer
334,239,4,891065216.0,M,1,25.013824462890625,librarian
279,1225,4,882315136.0,M,1,26.218042373657227,programmer
932,546,4,888906688.0,M,1,32.70460891723633,educator
758,181,5,884703168.0,M,1,24.03709602355957,student
301,68,3,882911744.0,M,1,18.883996963500977,student
161,836,5,887291200.0,M,1,34.69813537597656,lawyer
773,403,4,889324672.0,M,1,21.74953269958496,student
854,222,3,883905664.0,F,0,28.061124801635742,student
194,997,1,879037312.0,M,1,24.993228912353516,student
846,188,4,881751936.0,M,1,26.428564071655273,lawyer
424,328,4,882893120.0,F,0,37.78060531616211,marketing
374,237,5,880920512.0,M,1,29.62825584411621,executive
798,1042,3,884217152.0,F,0,32.80097961425781,writer
642,192,4,884433728.0,F,0,19.16754150390625,student
872,168,5,885382592.0,F,0,20.41576385498047,student
230,1012,4,882941760.0,F,0,22.243545532226562,student
636,604,4,884131968.0,M,1,39.24503707885742,educator
302,985,2,879896640.0,M,1,47.52112579345703,educator
682,96,4,886684736.0,M,1,27.415311813354492,programmer
286,14,5,880237952.0,M,1,18.394603729248047,student
216,218,4,884170688.0,M,1,26.541908264160156,engineer
425,772,3,885358656.0,M,1,23.0,student
636,204,5,883460608.0,M,1,25.474184036254883,student
932,521,4,890505728.0,M,1,35.0,educator
752,502,3,886457280.0,M,1,46.83713150024414,retired
128,64,3,881558784.0,F,0,35.959693908691406,marketing
590,196,4,881955264.0,M,1,37.91365051269531,educator
416,1335,4,884515392.0,F,0,20.45102882385254,student
270,64,5,875738432.0,F,0,27.14569664001465,student
463,301,2,885186048.0,F,0,40.0028076171875,healthcare
456,105,3,882164800.0,M,1,23.999998092651367,technician
110,33,2,884413632.0,M,1,20.96359634399414,student
633,226,4,884843968.0,M,1,27.999998092651367,programmer
486,1335,4,884395264.0,M,1,39.09218978881836,educator
7,478,4,891409920.0,M,1,43.70423889160156,administrator
16,158,5,880176896.0,M,1,26.22677230834961,entertainment
495,1065,5,887952704.0,M,1,27.532560348510742,engineer
923,484,4,883769664.0,M,1,29.781335830688477,student
387,268,4,885717824.0,M,1,27.771120071411133,entertainment
210,627,3,888090240.0,M,1,34.945465087890625,engineer
21,1239,1,878338176.0,M,1,24.14139747619629,none
403,209,5,882172800.0,M,1,26.714292526245117,other
43,50,5,883208192.0,F,0,36.185062408447266,librarian
380,79,4,884294272.0,M,1,26.41599464416504,engineer
387,443,4,885565120.0,M,1,29.27982521057129,entertainment
158,1591,4,884040064.0,M,1,24.999998092651367,educator
934,615,5,888150016.0,M,1,50.80011749267578,engineer
6,178,4,884053440.0,M,1,23.999998092651367,executive
529,445,4,882968384.0,F,0,45.48896789550781,administrator
711,71,5,878442240.0,F,0,22.114639282226562,student
256,350,1,880745216.0,F,0,45.0,none
552,342,3,885246592.0,M,1,37.48109436035156,other
275,117,3,883774400.0,M,1,27.996322631835938,engineer
443,1218,5,882390272.0,M,1,28.2191162109375,salesman
780,1012,4,888206272.0,M,1,28.173349380493164,programmer
919,1002,3,879237888.0,M,1,25.368553161621094,other
868,105,2,883363456.0,M,1,29.999998092651367,programmer
326,489,4,880064192.0,M,1,34.400596618652344,administrator
474,661,5,887244544.0,M,1,46.0,executive
721,395,3,880243200.0,F,0,27.81662368774414,entertainment
387,1012,4,882596672.0,M,1,26.131168365478516,entertainment
193,259,4,890346240.0,M,1,24.303390502929688,student
276,396,3,878981440.0,M,1,19.260276794433594,student
288,311,5,884327680.0,M,1,44.0,marketing
705,88,3,880113792.0,F,0,30.422048568725586,student
452,810,2,881372096.0,M,1,31.625011444091797,administrator
718,527,4,886545088.0,M,1,45.0,technician
504,65,4,881117568.0,F,0,35.11157989501953,writer
615,98,5,879282048.0,M,1,37.88411331176758,educator
450,344,4,886884608.0,F,0,40.464534759521484,educator
10,248,4,883934336.0,M,1,35.0,lawyer
622,226,4,883261888.0,M,1,24.510173797607422,programmer
249,480,3,883154112.0,M,1,19.681140899658203,student
373,174,5,882765312.0,F,0,34.986427307128906,other
798,1511,3,877547712.0,F,0,36.118690490722656,writer
95,466,3,878956160.0,M,1,29.134933471679688,administrator
474,238,3,883987136.0,M,1,27.999998092651367,executive
758,58,5,884323328.0,F,1,19.3934326171875,student
532,203,4,888067776.0,M,1,23.28231430053711,student
452,65,4,882599552.0,M,1,32.395233154296875,administrator
255,1239,3,880510784.0,M,1,21.41717529296875,student
601,1077,5,882208768.0,F,0,28.02161979675293,artist
919,742,4,883148736.0,M,1,20.0,student
314,33,4,879141312.0,F,0,20.249813079833984,student
381,1148,3,891028352.0,M,1,27.86539649963379,artist
22,427,5,881476096.0,M,1,29.4678897857666,writer
492,50,4,881104064.0,M,1,28.90848159790039,educator
271,416,2,885776384.0,M,1,42.33942794799805,engineer
457,625,4,875271104.0,F,0,29.404245376586914,salesman
18,153,3,880682176.0,F,0,40.701107025146484,educator
642,420,3,886086272.0,F,0,28.999998092651367,student
488,300,4,888885824.0,M,1,39.55387878417969,technician
897,69,5,884154496.0,M,1,29.153188705444336,other
346,451,3,878355904.0,M,1,28.77878761291504,educator
279,1230,3,881152128.0,M,1,25.025409698486328,programmer
209,736,3,891263744.0,F,0,41.76654815673828,educator
378,328,3,891351104.0,M,1,25.062719345092773,student
23,197,5,885671360.0,F,0,29.159875869750977,artist
618,156,4,886310080.0,F,0,20.590015411376953,student
916,969,5,884006592.0,M,1,23.0,engineer
796,520,3,890004992.0,F,0,34.525455474853516,writer
334,956,4,891628736.0,M,1,32.750877380371094,librarian
435,385,1,883698432.0,M,1,23.93701171875,engineer
405,1676,4,884907968.0,F,0,27.258630752563477,healthcare
327,298,3,888791680.0,M,1,18.516498565673828,student
136,196,5,883194240.0,M,1,28.895523071289062,other
826,374,4,879544448.0,M,1,27.042984008789062,artist
621,783,4,881411904.0,M,1,20.403453826904297,student
622,631,4,885766592.0,M,1,29.999998092651367,programmer
450,56,4,884457920.0,F,0,35.207298278808594,educator
680,69,5,882321536.0,M,1,33.28680419921875,scientist
275,194,3,880601280.0,M,1,37.35809326171875,engineer
224,476,5,885071680.0,F,0,35.96915054321289,educator
747,346,5,888988032.0,M,1,22.56096839904785,other
314,993,4,879906048.0,F,0,19.609947204589844,student
458,302,4,888496128.0,M,1,36.44147491455078,technician
676,750,4,883732416.0,M,1,29.824007034301758,programmer
786,753,4,881734592.0,M,0,35.704036712646484,engineer
13,620,1,884043008.0,M,1,36.940513610839844,educator
506,47,4,879329344.0,M,1,25.999998092651367,programmer
131,4,4,883786368.0,F,1,48.13717269897461,administrator
514,70,4,878696448.0,M,1,30.254352569580078,programmer
109,131,5,882142016.0,M,1,31.294979095458984,other
31,597,2,885277440.0,M,1,25.518152236938477,artist
387,509,4,884371456.0,M,1,29.998760223388672,entertainment
39,268,3,884541120.0,M,1,25.400497436523438,entertainment
506,1,3,878094016.0,M,1,26.498762130737305,programmer
363,340,4,889554432.0,M,1,20.79987335205078,student
314,684,4,880715840.0,F,0,25.999998092651367,student
293,76,3,891386816.0,M,1,26.908103942871094,writer
457,1182,4,884226048.0,F,0,32.12962341308594,salesman
58,12,4,883358336.0,M,1,28.863248825073242,programmer
59,346,4,889614272.0,M,1,43.0987548828125,educator
666,531,4,884579776.0,M,1,35.74970245361328,administrator
474,687,4,888417344.0,M,1,40.98948669433594,executive
537,139,3,885596288.0,M,1,27.82036590576172,engineer
6,12,4,884130240.0,M,1,33.850650787353516,executive
322,150,4,887742144.0,M,1,19.45012664794922,student
409,222,4,883072576.0,M,1,34.41909408569336,administrator
669,357,5,888489664.0,M,1,28.38904571533203,other
519,366,4,884533120.0,M,1,25.919301986694336,other
788,245,2,891720576.0,M,1,35.005126953125,administrator
255,443,3,884227520.0,M,1,26.89459800720215,entertainment
93,311,3,887841984.0,M,1,40.75001525878906,executive
788,639,3,884455232.0,M,1,38.21778869628906,administrator
268,53,1,880711872.0,M,1,23.8975772857666,engineer
457,560,5,881215744.0,F,0,28.82994842529297,salesman
450,883,4,883962944.0,F,1,37.72314453125,educator
658,291,4,882388224.0,M,1,30.358089447021484,programmer
807,1082,3,891354880.0,F,0,41.979766845703125,healthcare
452,665,4,882133376.0,M,1,39.0,administrator
642,588,4,885816896.0,F,0,18.62883758544922,student
499,195,4,884322880.0,M,1,32.14469528198242,programmer
449,1138,4,889846272.0,M,1,37.55973815917969,librarian
43,56,4,884886848.0,F,0,39.40774917602539,librarian
181,263,3,879297728.0,M,1,18.0,executive
85,456,3,879305216.0,M,1,43.35781478881836,executive
711,68,4,883890560.0,F,0,26.158531188964844,student
287,211,5,882843584.0,M,1,28.817733764648438,salesman
537,671,3,886879872.0,M,1,35.70068359375,engineer
434,173,5,882536192.0,F,0,19.74700164794922,student
877,386,4,888396608.0,M,1,32.040679931640625,other
577,257,3,884462592.0,F,0,21.8670711517334,student
931,333,4,889081920.0,M,1,42.52352523803711,educator
276,1157,2,878621248.0,M,1,25.344179153442383,student
174,1148,5,884188096.0,F,0,30.928789138793945,administrator
458,187,5,885593344.0,M,1,31.96048355102539,technician
661,98,5,874871552.0,M,1,27.05254364013672,programmer
221,470,5,882158720.0,M,1,19.108386993408203,student
618,40,3,888809408.0,F,0,20.215797424316406,student
295,7,4,881693568.0,M,1,32.82250213623047,educator
308,291,4,886469824.0,M,1,25.999998092651367,retired
450,275,4,883391168.0,F,0,39.33078384399414,educator
772,121,4,882478336.0,M,1,31.0,writer
95,186,3,880898944.0,M,1,29.20279312133789,administrator
28,1039,4,884173312.0,M,1,31.20150375366211,writer
232,340,3,883283584.0,M,1,28.999998092651367,scientist
504,956,4,887408448.0,F,0,35.48291778564453,writer
588,40,4,887341952.0,F,0,18.308834075927734,student
308,495,3,887295104.0,M,1,28.915205001831055,retired
346,744,4,876215616.0,M,1,26.878110885620117,other
62,321,3,880646144.0,F,0,32.72315979003906,administrator
807,6,4,889412736.0,F,0,42.04940414428711,healthcare
38,567,1,884283264.0,M,1,24.900854110717773,other
198,747,3,884517888.0,F,0,30.892126083374023,student
592,24,4,874939200.0,M,1,26.46245765686035,student
481,199,5,885002816.0,M,1,52.019569396972656,engineer
642,528,4,886180416.0,F,0,24.047134399414062,student
378,1051,3,880937600.0,M,1,28.85287094116211,student
682,288,4,889492480.0,M,1,27.83784294128418,programmer
119,1230,2,881173952.0,M,1,28.725744247436523,programmer
292,230,5,884323520.0,F,0,31.27883529663086,programmer
804,125,3,880753344.0,M,1,39.326107025146484,educator
653,1335,2,882433856.0,M,1,32.64891815185547,executive
13,842,1,883339456.0,M,1,38.69621276855469,educator
14,496,5,883703040.0,M,1,33.76101303100586,scientist
85,490,3,882730368.0,M,1,39.320587158203125,educator
201,403,4,885666048.0,M,1,29.22428321838379,writer
343,211,5,879454912.0,M,1,29.79060173034668,engineer
303,475,4,877537536.0,M,1,18.29594612121582,student
14,56,5,882081088.0,M,1,35.0,scientist
436,297,4,884392192.0,F,0,38.54512023925781,administrator
222,265,4,881630464.0,M,1,28.796546936035156,programmer
659,921,4,886002496.0,M,1,39.29970169067383,educator
357,211,5,881904576.0,M,1,35.0,executive
919,282,3,879678848.0,M,1,32.0,other
666,582,4,884003968.0,M,1,23.999998092651367,administrator
642,358,3,889240768.0,F,0,26.18706703186035,student
244,21,4,881765568.0,M,1,26.743621826171875,technician
553,127,4,882992384.0,M,1,38.38390350341797,educator
378,249,3,884426624.0,M,1,28.487503051757812,student
378,342,3,882556096.0,M,1,21.291213989257812,student
31,603,2,884236800.0,M,1,29.566547393798828,engineer
164,134,5,891165248.0,M,1,33.04142761230469,other
303,85,4,880311744.0,M,1,19.38329315185547,student
286,65,5,880585024.0,M,1,18.543312072753906,student
352,655,4,885952128.0,F,0,30.3098201751709,programmer
435,636,4,883873536.0,M,1,28.806243896484375,engineer
630,185,5,882709632.0,F,0,36.143409729003906,healthcare
817,55,3,878542400.0,F,1,21.529054641723633,student
18,118,3,881190080.0,F,0,33.947330474853516,other
757,226,3,889020864.0,M,1,22.161434173583984,student
862,64,5,884045376.0,M,1,20.0,executive
90,632,5,888831488.0,M,1,44.81517028808594,educator
806,238,4,881998528.0,M,1,39.0,marketing
99,763,2,885870656.0,M,1,18.230266571044922,student
661,47,4,877788224.0,M,1,23.999998092651367,programmer
286,282,4,882464256.0,M,1,23.0,engineer
852,449,3,883926464.0,M,1,34.951839447021484,administrator
283,213,4,880150144.0,M,1,33.230262756347656,programmer
327,673,4,877130432.0,M,1,19.40868377685547,student
474,326,5,884309824.0,M,1,38.41863250732422,executive
632,188,4,883884032.0,M,1,29.7348690032959,student
885,323,2,884254528.0,F,0,29.954885482788086,other
1,22,5,880754944.0,M,1,27.882246017456055,technician
342,445,3,877669696.0,F,0,28.85078239440918,other
416,1300,2,884406656.0,F,0,21.09130859375,student
776,246,2,890423808.0,M,1,32.363399505615234,librarian
455,498,4,881349440.0,M,1,39.72905349731445,administrator
16,480,5,880251200.0,M,1,26.270917892456055,entertainment
866,74,3,881653056.0,M,1,29.261030197143555,other
392,275,4,885134272.0,M,0,51.0,writer
43,192,5,882464704.0,F,0,38.956451416015625,librarian
733,321,5,880181312.0,F,0,34.692138671875,other
639,309,3,891693056.0,F,0,32.23063659667969,librarian
158,121,3,884621440.0,M,1,36.0,educator
795,161,3,892783040.0,M,1,27.920875549316406,programmer
472,56,5,883813056.0,M,1,17.988662719726562,student
484,223,4,884992512.0,M,1,24.043231964111328,student
7,478,5,884774592.0,M,1,38.0,administrator
635,200,3,880552960.0,M,1,33.46979522705078,other
60,654,4,885898048.0,M,1,45.23157501220703,healthcare
901,507,4,879975488.0,M,1,33.785606384277344,educator
790,240,3,884304896.0,M,1,26.559980392456055,technician
340,742,5,880902848.0,M,1,26.087223052978516,none
537,69,2,885560576.0,M,1,36.72248458862305,engineer
758,124,4,883612160.0,M,1,22.29389190673828,student
60,283,4,884842112.0,M,1,44.42464828491211,healthcare
294,628,5,883074752.0,M,1,29.57728385925293,technician
14,524,4,883906112.0,M,1,32.50340270996094,scientist
347,174,4,884169664.0,M,1,22.98436737060547,student
481,199,5,885524352.0,M,1,51.431278228759766,retired
484,651,4,883220736.0,M,1,18.09851837158203,student
13,747,1,881762048.0,M,1,31.0,educator
58,4,4,884691584.0,M,1,28.10248565673828,programmer
561,566,4,887720384.0,M,1,25.729421615600586,engineer
806,328,3,875348480.0,M,1,26.297758102416992,marketing
860,220,2,882368192.0,F,0,48.31088638305664,retired
224,241,3,887199872.0,F,0,30.998611450195312,other
500,588,4,886645504.0,M,1,30.810916900634766,administrator
253,298,5,889556928.0,F,0,37.0,librarian
201,206,2,884400256.0,M,1,31.863100051879883,writer
885,133,2,883569280.0,F,0,33.36983108520508,other
846,748,4,885590272.0,M,1,27.509309768676758,lawyer
913,96,4,882627264.0,M,1,20.157747268676758,student
799,284,3,879452800.0,F,0,45.410369873046875,educator
181,832,2,878984448.0,M,1,27.261611938476562,executive
527,88,4,881981248.0,M,1,26.153236389160156,librarian
889,517,4,885190592.0,M,1,27.993919372558594,technician
314,713,4,879526336.0,F,0,18.582292556762695,student
326,625,3,882344576.0,M,1,32.175132751464844,administrator
168,515,5,884496576.0,M,1,25.9948673248291,other
213,237,5,880108032.0,M,1,30.392927169799805,executive
840,12,5,883628096.0,M,1,29.43511199951172,artist
790,97,4,883319936.0,M,1,25.999998092651367,technician
31,474,5,883956096.0,M,1,28.032756805419922,salesman
840,496,5,886847040.0,M,1,30.160036087036133,artist
125,55,5,887114048.0,M,1,31.06440544128418,lawyer
64,269,3,884337472.0,M,1,38.41987609863281,educator
349,202,2,880447872.0,M,1,49.48577117919922,retired
757,588,3,889266752.0,M,1,20.345516204833984,student
385,273,5,880807680.0,M,1,27.999998092651367,writer
221,765,3,880876096.0,M,1,20.17171859741211,student
758,655,5,885194816.0,M,1,21.07240104675293,student
234,1445,2,890352832.0,M,1,26.999998092651367,retired
374,164,3,879666240.0,M,1,29.962230682373047,executive
749,1011,4,880845504.0,M,1,30.616430282592773,other
458,347,4,886028864.0,M,1,39.18302536010742,administrator
49,732,3,886038464.0,F,0,19.931690216064453,student
244,482,2,884061568.0,M,1,29.238121032714844,technician
92,1017,3,878833856.0,M,1,27.561466217041016,entertainment
109,473,3,884464704.0,M,1,29.784210205078125,other
460,274,4,884056320.0,F,0,34.074073791503906,other
455,845,3,883406848.0,M,1,34.900978088378906,administrator
864,47,4,884022144.0,M,1,28.831682205200195,programmer
256,278,5,877109184.0,F,0,27.556241989135742,none
239,124,5,891203008.0,M,1,28.538227081298828,artist
318,51,4,884234752.0,M,1,34.7668342590332,retired
67,174,3,882468736.0,M,1,23.09579849243164,student
743,291,4,881457280.0,M,1,28.999998092651367,other
521,82,4,884528320.0,M,1,22.515666961669922,engineer
554,1035,3,878554432.0,M,1,18.0,scientist
913,17,4,883041216.0,M,1,19.252330780029297,student
748,172,5,880530624.0,M,1,29.295814514160156,administrator
394,79,3,884057792.0,M,1,30.446758270263672,administrator
838,161,4,886164224.0,M,1,23.04191017150879,student
18,717,4,883626816.0,F,0,29.22342300415039,student
291,470,3,883935936.0,M,1,23.0,student
664,88,4,879327680.0,M,1,27.898784637451172,engineer
198,95,3,881081216.0,F,0,18.807510375976562,student
864,167,5,883540352.0,M,1,23.999998092651367,programmer
295,23,5,882185536.0,M,1,35.551429748535156,educator
870,28,5,880306816.0,M,1,21.001155853271484,student
936,655,4,886763392.0,M,1,25.999998092651367,other
151,1042,4,880251456.0,F,0,34.37298583984375,administrator
460,436,4,884294080.0,F,0,30.78376579284668,other
790,206,3,882357824.0,M,1,25.166057586669922,technician
22,475,5,876213312.0,M,1,29.63493537902832,writer
835,21,5,891199296.0,F,0,35.72875213623047,executive
733,405,2,880314368.0,F,0,30.83022117614746,other
936,179,2,887276608.0,M,1,28.28860855102539,other
481,163,4,885803776.0,M,1,62.0,retired
346,405,4,876187456.0,M,1,24.51778793334961,other
707,528,5,875744896.0,F,0,48.22952651977539,librarian
286,23,5,882675648.0,M,1,19.559967041015625,student
880,227,2,881376320.0,M,1,23.290098190307617,student
344,14,3,887419904.0,F,0,31.595745086669922,librarian
851,79,4,879118656.0,M,1,25.03603744506836,other
387,282,4,884223552.0,M,1,27.717893600463867,entertainment
43,8,4,884208960.0,F,0,39.90428161621094,librarian
612,42,3,877883776.0,M,1,28.807369232177734,educator
592,265,4,882602368.0,M,1,22.0,student
313,501,3,881940864.0,M,1,33.5728759765625,marketing
62,1045,3,880949120.0,F,0,28.44913101196289,administrator
22,28,4,880845184.0,M,1,28.31381607055664,writer
592,248,4,883712768.0,M,1,18.052043914794922,student
13,613,1,885286400.0,M,1,36.6138916015625,educator
251,313,5,891296064.0,M,1,31.282873153686523,doctor
721,732,3,878645696.0,F,0,28.292430877685547,entertainment
301,774,4,883541120.0,M,1,24.329538345336914,student
863,574,3,887776512.0,M,1,20.281875610351562,student
259,14,5,881763968.0,M,1,26.860214233398438,student
292,237,5,883992320.0,F,0,30.80941390991211,programmer
219,1030,4,886350528.0,M,1,26.07590675354004,programmer
642,88,5,879461824.0,F,0,17.721416473388672,student
933,252,5,876601792.0,M,1,19.85740852355957,student
782,473,2,886987840.0,F,0,27.504859924316406,artist
194,792,3,875463488.0,M,1,29.350059509277344,administrator
619,1278,5,883636352.0,M,1,19.71732521057129,student
380,82,4,885799808.0,M,1,26.712486267089844,engineer
268,128,2,885816896.0,M,1,25.706928253173828,engineer
184,253,3,882669504.0,M,1,33.278167724609375,librarian
331,831,4,880935936.0,M,1,28.176916122436523,entertainment
303,68,3,880745600.0,M,1,18.003713607788086,student
338,133,4,884383296.0,F,0,40.140926361083984,librarian
145,273,5,881878848.0,M,1,25.627422332763672,entertainment
255,933,1,884189312.0,M,1,38.0,entertainment
90,607,5,884588672.0,M,1,29.82000160217285,educator
655,902,2,886501248.0,F,0,38.56714630126953,healthcare
145,229,2,879438400.0,M,1,26.341794967651367,entertainment
585,181,3,889125632.0,M,1,47.42094802856445,librarian
63,207,2,879540288.0,M,1,31.607545852661133,administrator
908,217,4,882889344.0,F,0,43.468196868896484,librarian
48,204,4,879403904.0,M,1,32.92670440673828,administrator
523,127,4,884192576.0,F,0,43.60694122314453,administrator
328,1173,3,886484480.0,M,1,41.93793869018555,administrator
654,288,4,888089472.0,F,0,21.688852310180664,student
429,930,3,881312448.0,M,1,28.86042594909668,student
49,1092,1,886453696.0,F,0,18.37993621826172,student
130,117,4,878734528.0,F,1,24.370067596435547,none
119,386,4,884530048.0,M,1,29.00934410095215,programmer
700,480,4,883128512.0,M,1,21.64096450805664,student
256,172,5,881517120.0,M,1,27.62374496459961,none
318,4,4,883679040.0,M,1,45.10712814331055,retired
265,1042,4,884238336.0,M,1,30.338239669799805,executive
642,748,4,883004864.0,F,0,19.318218231201172,student
882,566,4,883293248.0,M,1,33.71958923339844,engineer
600,333,4,888915136.0,M,1,28.839292526245117,programmer
235,659,4,890771904.0,M,1,42.54093551635742,educator
455,213,4,880149312.0,M,1,39.07209396362305,administrator
279,708,4,879023424.0,M,1,33.515052795410156,programmer
804,193,4,880503232.0,M,1,39.585693359375,educator
375,926,1,885749504.0,M,1,21.261611938476562,student
394,195,5,883541952.0,M,1,23.38626480102539,student
399,93,3,884522688.0,M,1,27.949237823486328,other
314,951,1,881768256.0,F,0,18.58808135986328,student
391,176,5,884514752.0,M,1,28.622770309448242,student
417,229,1,883232128.0,F,0,26.36921501159668,other
102,671,4,884186880.0,M,1,29.6794490814209,programmer
457,304,4,884549888.0,F,0,39.0,salesman
532,320,5,889911872.0,M,1,21.929107666015625,student
880,88,4,879052736.0,M,1,18.769020080566406,student
843,732,3,884375936.0,M,1,28.310022354125977,librarian
521,231,3,883707072.0,M,1,18.087907791137695,student
313,328,3,884408640.0,M,1,35.384979248046875,marketing
865,260,1,875314368.0,M,1,21.921812057495117,artist
711,66,4,879024384.0,F,0,22.580347061157227,student
815,125,5,875748160.0,M,1,29.79628562927246,other
860,285,5,884465984.0,F,0,47.84625244140625,administrator
537,427,4,887550400.0,M,1,37.183162689208984,engineer
181,831,1,878985856.0,M,1,26.21904945373535,executive
666,147,4,884057792.0,M,1,28.93758201599121,administrator
826,946,3,886067648.0,M,1,24.61981964111328,artist
627,208,3,878574208.0,M,1,27.62944984436035,engineer
445,558,2,884793664.0,M,1,28.5295352935791,writer
724,240,1,883617344.0,M,1,27.872337341308594,executive
736,172,4,881753792.0,F,0,38.22898864746094,writer
724,596,1,881280256.0,M,1,18.0,executive
130,827,4,879356096.0,M,1,24.290369033813477,none
442,181,4,883515456.0,M,1,21.677722930908203,student
207,559,4,884024640.0,M,1,28.999998092651367,marketing
85,293,3,885457664.0,M,1,35.0,educator
790,77,3,883936832.0,M,1,30.646373748779297,technician
707,293,3,886038272.0,F,0,48.025230407714844,librarian
624,7,4,882141056.0,M,1,20.258800506591797,student
416,582,5,887473664.0,F,0,22.85102081298828,student
666,246,4,883259840.0,M,1,33.87653732299805,administrator
537,472,2,888794816.0,M,1,34.3287353515625,librarian
6,64,4,882073408.0,M,1,29.4702205657959,executive
59,8,4,882975488.0,M,1,43.27690124511719,educator
694,127,5,884504512.0,M,1,28.724517822265625,programmer
650,154,3,887859008.0,M,1,37.90444564819336,engineer
885,866,2,881827072.0,F,0,36.18279266357422,other
239,257,5,884148864.0,M,1,29.07805824279785,librarian
669,300,4,882397952.0,M,1,29.261661529541016,other
863,1518,2,890093568.0,M,1,20.679336547851562,student
109,323,3,884049216.0,M,1,28.989521026611328,other
666,287,4,883033728.0,M,1,36.63018798828125,administrator
863,1408,2,887563584.0,F,0,18.822879791259766,student
373,988,2,879810752.0,F,0,33.038856506347656,other
69,282,5,879678528.0,M,1,23.56755828857422,engineer
682,751,3,888892928.0,M,1,25.6229305267334,programmer
181,574,1,882121600.0,M,1,24.038806915283203,executive
239,181,4,886892416.0,M,1,33.0,artist
751,38,4,884669120.0,F,0,32.724857330322266,other
682,16,3,884136576.0,M,1,29.84459686279297,programmer
758,423,4,887736832.0,M,1,20.753036499023438,student
825,194,4,883965760.0,M,1,31.033851623535156,engineer
833,249,3,879258688.0,M,1,30.481468200683594,writer
554,229,3,883941696.0,M,1,32.22336959838867,scientist
530,523,4,878919168.0,M,1,35.4752082824707,engineer
527,222,3,885446336.0,M,1,28.816360473632812,librarian
721,56,5,884168960.0,F,0,29.537296295166016,entertainment
916,186,3,884280128.0,M,1,35.302955627441406,engineer
932,482,4,888078912.0,M,1,43.86665725708008,educator
751,597,3,885275712.0,F,0,29.958194732666016,other
890,392,4,884100288.0,M,1,38.0,student
332,751,5,886548608.0,M,1,24.999998092651367,student
59,302,5,889758016.0,M,1,43.34181594848633,educator
633,191,4,879814208.0,M,1,29.91354751586914,programmer
775,469,4,887846464.0,M,1,29.678300857543945,technician
286,578,4,884780608.0,M,1,22.419254302978516,student
782,381,3,887569408.0,M,0,25.684534072875977,artist
238,127,5,880660672.0,F,0,39.56654739379883,administrator
84,234,4,883702080.0,M,1,33.41801452636719,executive
392,649,4,888664768.0,M,1,32.7227783203125,writer
334,597,4,883950400.0,M,1,28.966781616210938,librarian
346,304,4,884120000.0,M,1,29.719192504882812,other
835,326,5,889730112.0,F,1,34.53327560424805,executive
130,405,4,877814656.0,M,1,24.68123435974121,none
303,969,4,879083200.0,M,1,19.380229949951172,student
586,568,4,884201984.0,M,1,26.80716323852539,student
380,188,3,884351232.0,M,1,26.86751937866211,engineer
498,1032,4,883956672.0,M,1,30.591007232666016,writer
343,83,4,875374016.0,M,1,29.476062774658203,engineer
801,469,5,887969408.0,M,1,23.999998092651367,writer
434,881,5,882100672.0,F,0,20.42850112915039,student
450,100,4,884702912.0,F,0,36.90803527832031,educator
878,1063,3,879765760.0,F,0,45.98094177246094,educator
582,8,4,884328832.0,M,1,20.0,student
896,307,4,886999808.0,M,1,30.423358917236328,writer
567,560,5,883395712.0,M,1,24.433429718017578,entertainment
617,1082,1,885425280.0,F,0,30.27730941772461,writer
783,289,1,885869184.0,M,1,26.352903366088867,marketing
57,331,3,888243904.0,M,1,27.23757553100586,none
654,315,4,886523328.0,F,0,20.543563842773438,student
606,185,5,880471488.0,M,1,26.605443954467773,programmer
689,423,3,880070528.0,M,1,28.027570724487305,other
907,382,5,884923136.0,F,0,35.45753479003906,other
87,520,5,880814784.0,M,1,23.0,administrator
406,170,5,882261056.0,M,1,23.0,educator
345,124,4,889436288.0,F,0,41.02778625488281,librarian
330,56,5,878875520.0,F,0,34.64779281616211,educator
556,200,4,879537600.0,F,0,36.711490631103516,educator
579,519,3,882603584.0,M,1,42.723628997802734,educator
642,974,3,883538496.0,F,0,18.191791534423828,student
102,224,2,890189952.0,M,1,29.205364227294922,programmer
221,475,4,878556608.0,M,1,19.616283416748047,student
711,7,4,881256704.0,F,0,23.0,student
194,1045,2,881201856.0,M,1,30.595746994018555,administrator
18,846,3,883075712.0,M,1,35.4476318359375,other
694,181,4,882219520.0,M,1,35.95973205566406,programmer
279,451,4,880568448.0,M,1,28.473846435546875,programmer
244,797,4,881011712.0,M,1,28.02022361755371,technician
899,176,4,885720064.0,M,1,34.98128890991211,other
18,433,3,880912064.0,F,0,28.17671775817871,other
314,418,4,875945792.0,F,0,20.533117294311523,student
757,96,3,886953088.0,M,1,22.818740844726562,student
532,251,2,886007232.0,M,1,21.0817813873291,student
381,239,2,888442176.0,M,1,27.636207580566406,administrator
398,471,3,878570560.0,M,1,42.306884765625,other
548,192,5,889048064.0,M,1,38.260169982910156,writer
650,573,3,888135040.0,M,1,37.72428512573242,engineer
204,300,3,888541952.0,F,0,36.44717025756836,librarian
757,31,3,889155904.0,M,1,21.78485870361328,student
385,53,1,881751872.0,M,1,25.809833526611328,writer
357,823,1,879441728.0,M,1,24.30027198791504,executive
83,292,4,882921600.0,M,1,27.489830017089844,other
200,646,4,884856320.0,M,1,31.720802307128906,programmer
83,484,4,883024832.0,M,1,29.770401000976562,other
181,1260,1,879241088.0,M,1,26.76920509338379,executive
262,411,3,883395776.0,F,0,20.08929443359375,student
450,310,4,891209216.0,F,0,32.39166259765625,educator
130,234,5,880362304.0,M,1,25.242977142333984,none
495,198,5,890199744.0,M,1,41.23736572265625,engineer
244,370,2,883448320.0,M,1,28.60874366760254,technician
751,210,4,886487232.0,F,0,30.81026840209961,other
711,132,5,879438976.0,F,0,28.33073616027832,student
827,230,4,880555136.0,M,1,31.988330841064453,engineer
21,687,2,884862464.0,M,1,18.0,student
629,435,3,884444288.0,F,0,29.054561614990234,other
385,767,1,884307904.0,M,1,26.284679412841797,writer
892,71,5,884238720.0,M,1,29.569936752319336,other
537,1101,4,884638400.0,M,1,31.929922103881836,engineer
457,1173,4,884405184.0,F,0,33.131439208984375,salesman
716,246,5,881243648.0,F,0,34.30868911743164,administrator
409,129,4,883993472.0,M,1,23.999998092651367,administrator
896,792,5,887540928.0,M,1,29.32564353942871,writer
916,7,3,882723712.0,M,1,32.0,engineer
96,185,5,883416128.0,F,0,31.41946792602539,artist
528,748,4,880079168.0,M,1,21.56802749633789,other
6,332,4,884844352.0,M,1,33.504154205322266,executive
661,1,4,883056576.0,M,1,27.807899475097656,programmer
346,1315,4,880143424.0,M,1,24.29420280456543,other
643,340,4,887318784.0,M,1,28.712339401245117,scientist
751,371,4,884405440.0,F,0,39.0,other
343,150,5,882637760.0,M,1,27.531362533569336,engineer
919,684,4,878095360.0,M,1,25.29770278930664,other
503,785,5,883400000.0,F,0,32.74435043334961,writer
862,182,4,883249728.0,M,1,29.100221633911133,executive
347,100,4,883237632.0,M,1,19.65384292602539,student
601,268,4,880781376.0,F,0,26.960100173950195,artist
642,491,5,882337984.0,F,0,19.537551879882812,student
440,9,5,888527232.0,M,1,25.45892333984375,other
775,245,5,888291264.0,M,1,30.588106155395508,executive
551,134,5,890164800.0,M,1,26.845172882080078,programmer
586,742,3,884129856.0,M,1,28.473928451538086,student
517,895,5,884475456.0,M,1,20.107465744018555,student
407,1152,4,875038528.0,M,1,23.970069885253906,engineer
286,655,4,881519040.0,M,1,18.824861526489258,student
425,456,3,888314944.0,M,1,19.393712997436523,student
50,496,5,885276288.0,M,1,32.41075134277344,writer
425,1079,3,883194688.0,M,1,21.41842269897461,student
361,172,3,884262208.0,M,1,28.05415153503418,student
248,217,2,883830464.0,M,1,28.330957412719727,student
534,176,4,883406336.0,M,1,18.12746238708496,student
711,682,3,880485056.0,F,0,20.337810516357422,student
305,96,4,884476224.0,M,1,25.999998092651367,programmer
215,357,4,887049408.0,M,1,29.15825653076172,programmer
595,1280,3,884409664.0,M,1,27.946443557739258,programmer
811,568,4,883853440.0,F,0,39.82918930053711,educator
342,588,4,883314560.0,F,0,30.761539459228516,other
346,151,4,882501056.0,M,1,24.58086585998535,other
507,258,5,885756928.0,F,0,28.577131271362305,writer
234,546,3,881733248.0,M,1,45.0,retired
303,158,4,878978240.0,M,1,18.245376586914062,student
724,328,3,885385792.0,M,1,26.999998092651367,executive
694,135,4,875679808.0,M,1,37.68616485595703,programmer
221,265,5,883776768.0,M,1,24.999998092651367,student
650,194,4,887533248.0,M,1,35.769805908203125,engineer
653,322,2,877563840.0,M,1,27.733898162841797,executive
463,319,3,879953408.0,F,0,37.80370330810547,healthcare
464,275,4,888521152.0,M,1,39.12418746948242,writer
882,176,5,882745536.0,M,1,31.50690269470215,engineer
239,50,5,891386944.0,M,1,29.471126556396484,artist
166,735,4,882561408.0,M,1,37.95088195800781,educator
481,766,4,886182144.0,M,1,70.0,retired
846,1004,3,886480960.0,M,1,27.535648345947266,lawyer
541,452,4,884199040.0,F,0,26.999998092651367,student
28,234,4,886143104.0,M,1,31.01340675354004,writer
591,662,3,888128640.0,F,0,51.63019943237305,librarian
532,251,5,891694336.0,M,1,23.57758903503418,student
387,715,3,887692544.0,M,1,27.30306625366211,entertainment
450,50,4,881269120.0,F,1,29.93283462524414,educator
450,210,4,883798272.0,F,0,24.999998092651367,educator
92,108,3,882283136.0,M,1,26.685094833374023,entertainment
500,530,3,885397376.0,M,1,42.0,administrator
894,93,4,880606848.0,M,1,27.999998092651367,educator
108,847,3,884334912.0,M,1,40.44529342651367,educator
246,576,4,881107776.0,M,1,20.531814575195312,student
194,39,2,881029632.0,M,1,29.655284881591797,administrator
510,62,2,883362688.0,M,1,26.197185516357422,other
524,436,2,890203392.0,M,1,36.32072067260742,educator
617,682,1,886483392.0,F,0,26.848928451538086,writer
711,423,5,879045376.0,F,0,21.96042823791504,student
184,238,3,891035584.0,M,1,36.20709991455078,librarian
435,823,2,878527232.0,M,1,33.06134033203125,educator
524,56,5,884316928.0,M,1,45.61567306518555,educator
705,70,3,884281472.0,F,0,20.379119873046875,student
279,559,4,883083328.0,M,1,30.712265014648438,programmer
456,177,4,883301440.0,M,1,28.839033126831055,technician
488,449,3,890738560.0,M,1,50.0,technician
672,286,3,884253568.0,F,0,51.41368865966797,administrator
380,188,4,884419328.0,M,1,29.999998092651367,engineer
541,469,4,885802368.0,F,0,21.323944091796875,student
286,99,4,883457664.0,M,1,23.0,student
295,252,4,879721984.0,M,1,32.00047302246094,educator
932,530,4,883954368.0,M,1,28.841930389404297,educator
31,919,5,884038784.0,M,1,20.0,artist
279,660,4,883514240.0,M,1,28.74309539794922,programmer
308,183,3,885088192.0,M,1,47.921653747558594,retired
698,1082,2,887397312.0,F,0,29.396020889282227,programmer
749,121,4,883167936.0,M,1,31.663101196289062,other
790,5,3,883739904.0,M,1,28.36347007751465,technician
891,321,3,883020416.0,F,0,38.390541076660156,administrator
585,510,4,887481856.0,M,1,53.0,librarian
763,431,4,881529152.0,M,1,28.092050552368164,scientist
450,690,3,884556992.0,F,0,38.506263732910156,educator
887,655,4,881727808.0,F,0,30.884140014648438,student
594,269,4,883127104.0,M,1,43.868995666503906,educator
712,974,4,883607040.0,F,0,20.415695190429688,student
13,1457,5,881372672.0,M,1,37.7946662902832,educator
551,748,3,889650304.0,M,1,27.3257999420166,programmer
907,1068,2,883984000.0,F,0,35.95399475097656,other
454,191,5,884888768.0,M,1,36.0,other
92,175,4,878367104.0,M,1,26.685779571533203,entertainment
201,354,3,879468032.0,M,1,29.334896087646484,writer
892,744,5,886175040.0,M,1,28.7183837890625,other
158,191,4,883223872.0,M,1,43.00419616699219,educator
659,607,4,887926208.0,M,1,38.46422576904297,educator
385,433,3,881707840.0,M,1,29.255828857421875,writer
757,161,3,888906880.0,M,1,22.50832748413086,student
21,647,2,878713216.0,M,1,24.238300323486328,student
84,238,4,883638912.0,M,1,33.948577880859375,executive
409,204,5,881430272.0,M,1,27.606746673583984,administrator
886,13,4,878053952.0,M,1,23.49534034729004,student
25,212,4,879786688.0,M,1,33.0289192199707,engineer
405,539,1,885527872.0,F,0,30.91277503967285,healthcare
703,203,4,879178816.0,M,1,33.858551025390625,educator
314,402,3,883996096.0,M,0,18.491680145263672,student
472,945,4,880864960.0,M,1,20.824872970581055,student
682,164,4,892079872.0,M,1,29.89690589904785,programmer
99,678,4,883649856.0,M,1,18.755189895629883,student
537,211,3,884348352.0,M,1,41.69580841064453,engineer
363,391,4,889191168.0,M,1,25.122339248657227,programmer
502,271,3,883973824.0,M,1,22.00739860534668,student
199,274,4,885158080.0,M,1,32.0543212890625,writer
561,436,4,887378368.0,M,1,27.924888610839844,engineer
455,498,5,883455104.0,M,1,52.0,administrator
523,78,5,882323200.0,F,0,39.11983108520508,administrator
343,153,4,879929408.0,M,1,31.633602142333984,engineer
311,4,4,884338368.0,M,1,30.49098014831543,technician
82,417,3,884167232.0,M,1,29.063892364501953,programmer
707,479,3,880393984.0,F,0,48.94064712524414,librarian
767,31,5,885874240.0,M,1,28.56460189819336,engineer
303,408,4,884175168.0,M,1,18.724594116210938,student
608,508,4,883998976.0,M,0,28.228496551513672,other
877,179,4,883749888.0,M,1,31.12708282470703,other
75,718,4,883597952.0,M,1,29.5828857421875,entertainment
198,9,4,884545472.0,F,0,21.36631202697754,student
375,303,5,887952768.0,M,1,28.862548828125,entertainment
45,268,4,885934976.0,M,1,28.214406967163086,engineer
655,745,3,888041920.0,F,0,36.0,healthcare
870,194,4,883710976.0,M,1,24.115615844726562,student
449,307,4,888891008.0,M,1,41.08592224121094,librarian
532,582,3,890468416.0,M,1,25.79169273376465,student
326,1160,4,883980352.0,M,1,28.909257888793945,administrator
687,9,5,886453568.0,F,0,35.04583740234375,healthcare
508,304,4,883875072.0,M,1,33.280906677246094,marketing
846,117,4,886725440.0,M,1,30.863353729248047,lawyer
222,780,3,880873152.0,M,1,25.11321258544922,programmer
592,17,1,883180160.0,M,1,18.696712493896484,student
533,544,4,883878656.0,M,1,23.999998092651367,librarian
270,173,5,880355200.0,M,0,21.918859481811523,student
877,655,4,880232832.0,M,1,29.25687026977539,other
712,418,4,878142080.0,F,0,22.527992248535156,student
666,192,4,883269248.0,M,1,35.21390151977539,administrator
880,961,4,884169344.0,M,1,17.367889404296875,student
655,520,4,885612160.0,F,0,30.734542846679688,healthcare
654,195,4,886072064.0,F,0,22.300739288330078,student
758,90,5,883324608.0,M,1,20.220571517944336,student
343,69,5,882072960.0,M,1,31.47153091430664,engineer
321,936,4,881286400.0,F,0,45.0,educator
484,732,3,887803008.0,M,1,24.647144317626953,student
420,357,5,890346240.0,M,1,32.768917083740234,educator
235,286,4,888734016.0,M,1,42.24418258666992,educator
517,549,3,882385280.0,M,1,20.02283477783203,student
5,56,5,877404480.0,F,0,27.385162353515625,other
327,420,4,887017664.0,M,1,18.0,student
823,98,5,882224576.0,M,1,49.0,artist
617,387,1,885415168.0,F,0,26.73883628845215,writer
905,333,4,887817408.0,M,1,35.882301330566406,other
279,81,5,884432704.0,M,1,27.475278854370117,programmer
747,151,4,884082432.0,M,1,28.924386978149414,other
85,222,3,876402560.0,M,1,36.39873504638672,educator
246,160,4,882112448.0,M,1,22.389995574951172,student
286,1115,4,884060096.0,M,1,20.035045623779297,student
20,678,4,884933824.0,F,0,32.232666015625,homemaker
216,99,2,883609216.0,M,1,19.90680503845215,student
429,227,5,881433984.0,M,1,19.56903839111328,student
669,181,5,885681216.0,M,1,32.576805114746094,other
316,661,5,877399744.0,F,0,27.638086318969727,other
230,385,4,880871168.0,F,1,23.041597366333008,student
101,259,4,884163520.0,M,1,23.51079750061035,student
455,1544,3,880499392.0,M,1,33.788841247558594,administrator
563,275,4,887757632.0,F,0,43.0,librarian
694,216,4,880901184.0,M,1,28.84968376159668,programmer
399,318,3,885205184.0,M,1,30.430299758911133,other
500,215,3,886079232.0,M,1,34.65876007080078,administrator
577,579,4,880582720.0,F,0,19.809207916259766,student
833,546,4,882934144.0,M,1,24.454919815063477,student
347,173,5,883809152.0,M,1,23.0,student
340,127,4,881868672.0,M,1,32.30366516113281,engineer
497,367,3,879310976.0,M,1,19.22275733947754,student
588,50,5,890027840.0,F,0,21.781551361083984,student
296,163,5,882302528.0,F,0,45.836524963378906,administrator
339,1252,4,888729024.0,M,1,31.96886444091797,lawyer
661,276,5,877310208.0,M,1,26.99952507019043,programmer
311,191,5,883977792.0,M,1,31.930456161499023,technician
823,57,4,877140480.0,M,1,27.565153121948242,artist
898,294,2,886742400.0,M,1,31.602937698364258,technician
246,932,3,883590656.0,M,1,19.626792907714844,student
15,293,4,882782976.0,F,0,47.16564178466797,educator
53,474,5,884565632.0,M,1,27.405113220214844,programmer
159,682,2,884351360.0,F,0,19.368091583251953,student
268,202,4,879278784.0,M,1,34.17381286621094,engineer
33,71,5,886031872.0,M,1,20.508821487426758,student
658,343,4,884362112.0,M,1,29.83155632019043,programmer
615,506,5,880188032.0,M,1,38.58085632324219,educator
354,545,4,890741248.0,F,0,40.38933563232422,librarian
378,405,4,877315776.0,M,1,20.697086334228516,student
661,56,5,881619072.0,M,1,44.0,programmer
18,98,4,883272320.0,F,0,37.65718078613281,other
573,435,4,887407872.0,M,1,49.0,retired
932,205,4,887043072.0,M,1,31.483734130859375,educator
429,1230,3,881512960.0,M,1,20.736698150634766,student
943,399,4,884217984.0,M,1,15.999999046325684,student
579,190,3,885480832.0,M,1,35.08710479736328,educator
693,283,3,882228544.0,F,0,44.935062408447266,healthcare
214,527,5,889363520.0,F,0,38.304622650146484,librarian
533,47,3,887083776.0,M,1,41.233001708984375,librarian
7,193,5,883082624.0,M,1,34.50926971435547,administrator
15,82,4,882818240.0,F,0,42.668087005615234,educator
305,566,4,887182144.0,M,1,35.018653869628906,programmer
70,1004,3,882956544.0,M,1,26.693416595458984,lawyer
911,269,3,884662464.0,F,0,32.0,writer
344,662,2,889084736.0,F,0,35.6992301940918,librarian
299,484,4,882785600.0,M,1,30.271949768066406,doctor
682,689,3,886210304.0,M,1,26.361459732055664,programmer
95,630,3,881094080.0,M,1,28.97166633605957,administrator
716,958,5,880937792.0,F,0,36.61004638671875,administrator
128,7,5,880797504.0,F,0,35.26898193359375,marketing
894,547,4,883017088.0,M,1,52.0,educator
684,1,4,879214656.0,M,1,19.74994659423828,student
82,205,3,883422464.0,M,1,34.26713180541992,programmer
295,7,4,884144128.0,M,1,28.93718719482422,educator
425,685,3,884655232.0,M,1,36.0,student
920,328,4,883147712.0,F,0,33.1563606262207,artist
472,792,4,881185856.0,M,1,21.204313278198242,student
474,274,4,882802560.0,M,1,33.57609558105469,executive
655,414,3,888857216.0,F,0,46.515708923339844,healthcare
385,820,1,882135744.0,M,1,25.885141372680664,writer
617,818,1,891544320.0,F,0,34.80828094482422,writer
468,79,3,878772224.0,M,1,25.66400909423828,engineer
239,191,5,886716352.0,M,1,29.82379150390625,artist
511,110,3,886290944.0,M,1,25.837560653686523,programmer
899,274,3,884982080.0,M,1,29.41568374633789,other
601,260,1,878826304.0,F,0,25.50979995727539,artist
144,639,4,883482176.0,M,1,29.7685546875,programmer
588,693,5,889876800.0,F,0,20.82733917236328,student
417,748,3,883484928.0,F,0,29.67642593383789,other
388,50,5,887309696.0,M,1,25.810253143310547,student
286,1,5,879988672.0,M,1,18.16891860961914,student
401,751,2,880573120.0,F,0,38.317047119140625,healthcare
630,81,4,883169600.0,F,0,35.318138122558594,healthcare
184,58,4,890595584.0,M,1,33.45307159423828,librarian
425,62,4,883525696.0,M,1,19.27271842956543,student
846,25,4,887378112.0,M,1,31.729089736938477,lawyer
336,473,3,878031232.0,M,1,25.120954513549805,salesman
18,20,5,882118656.0,F,0,37.06230545043945,other
282,741,5,885113920.0,M,1,25.869178771972656,artist
880,684,2,882662784.0,M,1,19.30866813659668,student
804,307,4,884270016.0,M,1,37.46223449707031,educator
523,285,5,882153408.0,F,0,45.56401443481445,administrator
303,963,4,879667136.0,M,1,28.88422966003418,student
682,34,3,884194752.0,M,1,26.47622299194336,programmer
731,242,3,884061632.0,F,0,38.61701583862305,educator
903,179,5,889081344.0,M,1,33.38690948486328,educator
486,1291,2,884909888.0,M,1,43.0,educator
393,67,3,886548352.0,M,1,18.0,student
916,739,3,880831744.0,M,1,34.77735900878906,engineer
236,603,5,883874624.0,F,0,41.58281707763672,writer
486,837,4,883789824.0,M,1,24.999998092651367,educator
493,474,5,882556416.0,M,1,27.71902084350586,engineer
189,432,5,888342464.0,M,1,26.343008041381836,artist
707,238,2,885686464.0,F,0,47.73867416381836,librarian
676,50,5,891034560.0,M,1,29.937353134155273,programmer
535,293,5,883129344.0,F,0,26.999998092651367,educator
429,538,4,883875136.0,M,1,30.043201446533203,student
25,50,4,880973504.0,M,1,28.847047805786133,engineer
632,684,4,880069120.0,M,1,20.0,student
524,164,4,885886528.0,M,1,50.0,educator
503,1378,5,881845952.0,F,0,27.999998092651367,writer
548,603,4,887628672.0,M,1,35.820560455322266,writer
152,125,5,880949824.0,F,0,37.53833770751953,educator
889,183,3,880950016.0,M,1,32.72118377685547,technician
445,1099,4,887452928.0,M,1,26.867338180541992,writer
13,512,5,886311552.0,M,1,40.25806427001953,educator
523,498,4,884013120.0,M,0,46.36797332763672,administrator
531,294,4,884030912.0,F,0,30.381114959716797,salesman
863,540,1,888257536.0,F,0,21.11834716796875,student
899,97,4,885080192.0,F,0,27.031755447387695,other
334,340,4,890665664.0,M,1,34.58409118652344,librarian
534,222,4,882017408.0,M,1,22.52804183959961,student
525,1269,3,881172160.0,F,0,53.0,administrator
345,471,4,884482240.0,F,0,30.629024505615234,librarian
458,246,4,888202688.0,M,1,25.44853401184082,educator
18,210,4,884672448.0,F,0,31.32610321044922,other
749,431,5,879598208.0,M,1,30.41779327392578,other
326,844,4,880343104.0,M,1,34.570823669433594,administrator
201,566,4,887576768.0,M,1,34.43144989013672,writer
44,230,2,881691648.0,M,1,25.606529235839844,technician
217,683,1,885976704.0,M,1,28.79064178466797,other
474,238,4,882341888.0,M,1,29.625713348388672,executive
7,709,5,889611456.0,M,1,26.999998092651367,administrator
573,527,4,886472960.0,M,1,54.55284118652344,retired
854,684,3,882041024.0,F,0,20.0,student
21,820,2,880302848.0,M,1,26.015117645263672,writer
130,144,4,876536832.0,M,1,23.65875816345215,none
774,1157,1,882886336.0,M,1,17.0,student
276,367,3,875050560.0,M,1,26.18453025817871,student
828,11,4,888804096.0,M,1,28.559162139892578,programmer
303,168,5,878941952.0,M,1,22.770381927490234,student
380,628,4,884179200.0,M,1,32.81283950805664,engineer
786,1117,4,879864320.0,F,0,37.821739196777344,librarian
830,410,5,876841920.0,M,1,23.06464385986328,programmer
406,498,4,885372736.0,M,1,48.63904571533203,educator
151,423,4,879625600.0,F,0,36.373558044433594,administrator
838,425,4,885464128.0,M,1,21.210355758666992,student
478,185,2,884759680.0,M,1,27.999998092651367,other
295,475,5,879486592.0,M,1,34.148643493652344,educator
773,1009,4,887823744.0,M,1,22.722885131835938,student
579,98,3,881190912.0,M,1,38.34938049316406,educator
642,11,4,887717568.0,F,0,25.413230895996094,student
295,318,5,886309440.0,M,1,36.42518615722656,educator
846,258,3,886147392.0,M,1,23.0,lawyer
670,238,4,884984320.0,M,1,30.60439109802246,technician
883,705,2,889600704.0,M,1,41.5643196105957,librarian
158,516,2,884109824.0,M,1,47.10359573364258,educator
306,426,4,880598720.0,M,1,27.710983276367188,other
474,480,5,884989568.0,M,1,28.891521453857422,executive
535,284,3,883656576.0,F,0,29.999998092651367,educator
87,1028,4,880928192.0,M,1,32.0,administrator
738,34,2,880947648.0,M,1,28.292205810546875,technician
92,1239,3,883986560.0,M,1,29.999998092651367,entertainment
655,627,3,888275456.0,F,0,38.0,healthcare
650,255,3,889739712.0,M,1,32.94383239746094,engineer
270,172,5,884381824.0,F,0,30.888893127441406,student
474,15,5,888906176.0,M,1,33.2984504699707,executive
429,294,3,884267648.0,M,1,28.414020538330078,student
502,22,4,879871232.0,M,1,22.043447494506836,student
405,1258,1,884397440.0,F,0,26.999998092651367,healthcare
566,1412,3,883504000.0,M,1,21.203889846801758,student
524,618,3,886282560.0,M,1,43.74372482299805,educator
781,168,5,884634880.0,M,1,21.774593353271484,student
455,135,4,880386624.0,M,1,38.87602233886719,administrator
846,86,4,888143040.0,M,1,29.746326446533203,lawyer
235,357,4,886550848.0,M,1,28.999998092651367,educator
472,324,4,880086656.0,M,1,19.480693817138672,student
332,496,5,891400192.0,M,1,34.37953186035156,student
201,1231,2,884758656.0,M,1,33.023719787597656,writer
709,905,4,885265344.0,M,1,27.455150604248047,other
841,566,4,884400320.0,M,1,32.746543884277344,doctor
392,203,4,889312640.0,M,1,36.754093170166016,writer
173,71,1,883971200.0,M,1,22.816837310791016,other
181,546,4,878788288.0,M,1,27.66890525817871,executive
492,302,4,880926400.0,M,1,37.04199981689453,educator
347,179,5,884102208.0,M,1,19.589492797851562,student
679,508,4,886969792.0,F,0,25.273605346679688,student
722,300,4,887788864.0,F,0,33.44014358520508,homemaker
8,97,3,881539968.0,M,1,29.403526306152344,administrator
637,319,1,883840128.0,M,1,18.0,other
308,582,3,891191104.0,M,1,34.41935348510742,retired
59,713,4,886944448.0,M,1,52.0,educator
314,148,4,880925184.0,F,0,18.684261322021484,student
474,238,5,887900672.0,M,1,33.67384338378906,executive
729,338,4,889603328.0,M,1,27.999998092651367,student
286,1014,4,883885952.0,M,1,28.918712615966797,student
676,751,4,891714432.0,M,1,27.116897583007812,programmer
387,273,5,881203712.0,M,1,24.702001571655273,entertainment
424,289,3,882501760.0,F,0,34.0,marketing
880,627,3,881516672.0,M,1,20.342491149902344,student
894,225,4,880757056.0,M,1,25.91950225830078,educator
536,518,4,880666368.0,M,1,31.07663345336914,student
460,483,4,884111104.0,F,0,39.27500915527344,other
707,479,4,884898816.0,F,0,47.676239013671875,librarian
606,168,4,879486464.0,M,1,28.892452239990234,programmer
95,148,3,880395648.0,M,1,27.18633460998535,administrator
529,217,4,884326144.0,F,0,30.67478370666504,administrator
804,48,4,884474944.0,M,1,28.95128059387207,educator
481,199,5,885481152.0,M,1,51.208431243896484,retired
792,66,4,883868288.0,M,1,31.264179229736328,programmer
345,1262,3,887408256.0,F,0,37.38871765136719,librarian
235,121,4,885753408.0,M,1,48.0,educator
634,732,3,880118080.0,M,1,33.28662872314453,engineer
181,831,1,883760704.0,M,1,26.016265869140625,executive
405,457,1,884262592.0,F,0,26.0069580078125,healthcare
916,92,4,879110272.0,M,1,31.50642204284668,engineer
145,1211,3,880552768.0,M,1,27.999998092651367,entertainment
326,485,3,884103360.0,M,1,31.120100021362305,administrator
619,358,4,883543296.0,M,1,20.29338836669922,student
758,58,5,883479872.0,M,1,19.671329498291016,student
595,174,3,883519104.0,M,1,29.452468872070312,programmer
848,1299,5,888916160.0,M,1,37.82098388671875,engineer
399,301,3,886012800.0,M,1,23.999998092651367,other
870,69,4,881042368.0,M,1,22.517505645751953,student
345,133,4,887126208.0,F,0,36.705081939697266,librarian
308,818,4,881489792.0,M,1,46.13459777832031,retired
650,1126,3,886869952.0,M,1,31.92279052734375,engineer
532,582,5,890344192.0,M,1,17.995471954345703,student
663,91,5,887726528.0,M,1,27.69542694091797,other
279,210,3,881756032.0,M,0,24.969215393066406,programmer
752,1200,3,888476096.0,M,1,25.999998092651367,retired
456,234,4,879448768.0,M,1,27.93114471435547,technician
6,302,4,883847680.0,M,1,35.60011291503906,executive
387,111,3,884134208.0,M,1,28.900487899780273,entertainment
655,1297,3,884364800.0,F,0,47.071292877197266,healthcare
44,678,3,886566592.0,M,1,31.23766326904297,technician
790,1018,1,886013888.0,M,1,46.0,technician
222,833,2,884577408.0,M,1,25.063663482666016,programmer
393,1183,4,885241408.0,M,1,25.688037872314453,student
380,484,4,885168896.0,M,1,26.73762321472168,engineer
862,181,5,883980288.0,M,1,28.773122787475586,executive
757,685,3,884110208.0,M,1,28.435928344726562,student
290,223,4,880533952.0,M,1,31.26253890991211,engineer
655,41,3,888847808.0,F,0,49.44574737548828,healthcare
650,705,3,882621504.0,M,1,38.296817779541016,engineer
312,461,5,889958848.0,M,1,38.11054229736328,other
622,202,4,888540352.0,M,1,25.324460983276367,programmer
585,293,2,888556992.0,M,1,56.05520248413086,librarian
91,293,3,878148416.0,M,1,54.91360092163086,marketing
10,172,4,880678528.0,M,1,28.835935592651367,lawyer
177,395,2,881764544.0,M,1,29.065214157104492,programmer
863,422,4,888632128.0,M,1,25.45184898376465,student
354,286,5,889307136.0,F,0,34.4781608581543,librarian
864,456,2,885974464.0,M,1,26.178478240966797,programmer
345,499,4,886309120.0,F,0,40.54153823852539,librarian
276,1079,3,876472064.0,M,1,20.9725341796875,student
835,300,3,885832576.0,F,0,33.376319885253906,executive
109,228,4,881752704.0,M,1,31.048006057739258,other
846,257,5,881059712.0,M,1,27.88690185546875,lawyer
397,315,4,884084160.0,M,1,29.999998092651367,student
130,185,4,884421440.0,M,1,29.005170822143555,none
92,1016,3,878249152.0,M,1,36.05595397949219,entertainment
863,565,4,888389760.0,M,1,21.0,student
90,504,5,888343552.0,M,1,37.34184265136719,educator
125,986,4,883818112.0,M,1,33.081851959228516,administrator
463,1473,3,887602816.0,F,0,37.308876037597656,healthcare
551,1457,5,888445632.0,M,1,31.525522232055664,programmer
863,346,4,889475008.0,M,1,21.251811981201172,student
311,134,5,886491072.0,M,1,50.0,technician
406,636,4,879439552.0,M,1,41.62928009033203,educator
363,239,4,889041536.0,M,1,31.424285888671875,student
916,200,3,883726848.0,M,1,28.382312774658203,engineer
592,282,5,881214400.0,M,1,18.188016891479492,student
359,132,3,884342208.0,M,1,22.23443603515625,student
823,211,2,880002752.0,M,1,25.862302780151367,artist
637,581,2,881181952.0,M,1,26.418455123901367,other
943,1016,4,883310464.0,M,1,7.0,student
299,818,3,883170944.0,M,1,29.652698516845703,doctor
181,1456,1,879001280.0,M,1,26.566387176513672,executive
790,1369,1,883989312.0,M,1,28.905887603759766,technician
622,1232,2,884533952.0,M,1,25.4612979888916,programmer
731,280,5,885478272.0,F,0,38.812400817871094,educator
450,275,4,886931456.0,F,0,40.05183410644531,educator
826,185,4,886156800.0,M,1,26.999998092651367,artist
711,1028,4,880211840.0,M,0,21.550878524780273,student
378,172,4,874831424.0,M,1,26.342090606689453,student
815,69,5,882645120.0,M,1,28.923282623291016,other
752,1211,1,887808960.0,M,1,26.575166702270508,retired
442,651,4,884232960.0,M,1,20.373577117919922,student
430,176,4,882897600.0,M,1,33.79338455200195,scientist
713,417,3,883374336.0,F,0,33.286624908447266,other
934,654,5,884451456.0,M,1,41.685096740722656,engineer
296,172,4,881001152.0,M,1,30.969701766967773,administrator
95,1042,3,880388288.0,M,1,28.91948890686035,administrator
92,47,4,882386496.0,M,1,30.114849090576172,entertainment
305,922,4,884839040.0,M,1,26.815629959106445,programmer
474,942,5,888361344.0,M,1,39.60588455200195,executive
334,675,1,889242304.0,M,1,27.97568702697754,librarian
222,1011,2,880919744.0,M,1,26.70137596130371,programmer
412,475,4,878329600.0,M,1,32.82075500488281,administrator
385,266,4,883177984.0,M,1,26.991249084472656,writer
863,432,4,890603264.0,M,1,24.709692001342773,student
854,405,3,884238656.0,F,0,20.653823852539062,student
255,214,2,876037184.0,M,1,26.7648868560791,entertainment
197,313,5,884496448.0,M,1,35.30742645263672,technician
400,7,5,882885952.0,F,0,43.22222900390625,administrator
532,338,2,890454208.0,M,1,24.746829986572266,student
773,92,5,888081664.0,M,1,22.29998207092285,student
639,637,2,890302656.0,F,1,40.28253173828125,librarian
62,489,4,884338048.0,F,0,30.783300399780273,administrator
547,194,4,884366464.0,M,1,42.49294662475586,educator
481,194,3,881979392.0,M,1,49.344993591308594,retired
312,196,5,888185344.0,M,1,35.801124572753906,other
880,588,5,885253056.0,M,1,23.09139060974121,student
943,692,4,884451456.0,M,1,17.0,student
308,430,3,885436672.0,M,1,57.34019088745117,retired
334,302,4,890372288.0,M,1,40.24883270263672,librarian
303,1245,1,882611392.0,M,1,19.95200538635254,student
629,659,3,885642432.0,F,0,38.52085494995117,other
871,328,3,882719168.0,M,1,25.312463760375977,student
530,742,4,882863488.0,M,1,30.63922119140625,doctor
830,497,3,880915968.0,M,1,29.02951431274414,programmer
573,1226,4,887035456.0,M,1,55.41531753540039,retired
928,56,5,880870400.0,M,1,29.284364700317383,student
385,346,4,874951680.0,M,1,29.915624618530273,writer
417,882,3,886246976.0,F,0,35.41326904296875,other
499,58,5,884639168.0,M,1,29.97333335876465,programmer
302,25,2,878736512.0,M,1,48.0,educator
913,655,4,882040192.0,M,1,20.912540435791016,student
298,7,3,882773440.0,M,1,31.08005714416504,executive
442,196,4,883926784.0,M,1,18.0,student
451,62,1,882439040.0,M,1,21.104461669921875,student
932,177,4,883292544.0,M,1,39.1330451965332,educator
259,79,3,882398656.0,M,1,28.619157791137695,student
756,678,3,880809216.0,F,0,29.147689819335938,none
508,1011,3,883445696.0,M,1,30.8186092376709,marketing
592,235,5,885784256.0,M,1,28.85698890686035,student
55,15,4,883752768.0,M,1,30.258886337280273,scientist
468,15,4,877988800.0,M,1,33.310176849365234,engineer
682,315,3,883808768.0,M,1,26.999998092651367,programmer
474,181,4,885720832.0,M,1,28.8765869140625,executive
234,463,3,884953024.0,M,1,35.0,retired
417,928,3,879685184.0,F,0,29.99881935119629,other
620,5,3,882761728.0,M,1,20.0,writer
937,607,1,884236992.0,M,1,35.991661071777344,educator
347,49,4,882847488.0,M,1,21.15889549255371,student
142,363,4,885740864.0,M,1,22.652925491333008,other
351,291,3,883821120.0,M,1,28.999998092651367,educator
460,1,4,882368704.0,F,0,30.79762077331543,other
94,699,4,884779968.0,M,1,21.95537757873535,student
158,6,2,883732800.0,M,1,41.47479248046875,educator
292,1298,4,884451648.0,F,0,33.45623016357422,programmer
406,823,4,878757824.0,M,1,34.666297912597656,educator
504,25,4,884740672.0,F,0,36.86455535888672,writer
848,1286,5,883794368.0,M,1,32.755332946777344,engineer
378,286,3,882305024.0,M,1,28.204517364501953,student
145,1636,2,878656512.0,M,1,27.021507263183594,entertainment
283,1025,3,879828160.0,M,1,28.55923080444336,programmer
828,510,4,890715328.0,M,1,35.19447326660156,librarian
560,845,3,884010112.0,M,1,20.700729370117188,student
519,13,4,884134656.0,M,1,29.054563522338867,other
450,116,1,886138880.0,F,0,34.30751037597656,educator
198,333,3,883974016.0,F,0,28.758691787719727,student
877,484,4,886251520.0,M,1,32.90815734863281,other
487,715,3,888701568.0,M,1,25.719816207885742,engineer
624,367,4,880248064.0,M,1,19.30146598815918,student
417,321,2,882412416.0,F,1,32.0,other
417,1011,2,878866944.0,F,0,26.6237850189209,other
234,614,4,890921408.0,M,1,54.213584899902344,librarian
341,83,4,887661696.0,F,0,23.072011947631836,student
318,187,4,884006464.0,M,1,28.769826889038086,retired
674,188,4,881727040.0,F,0,19.91625213623047,student
450,7,4,884334208.0,F,0,40.0,educator
877,189,4,884454528.0,M,1,26.387874603271484,other
354,172,3,890513088.0,F,0,42.0,librarian
870,410,4,881013568.0,M,1,24.503049850463867,engineer
429,232,3,884064192.0,M,1,20.60053825378418,student
537,573,4,886205888.0,M,1,36.34857940673828,engineer
269,95,3,890610176.0,F,1,29.973312377929688,librarian
303,225,3,877833600.0,M,1,19.142362594604492,student
506,523,3,878995328.0,M,1,33.628440856933594,programmer
807,499,4,887220416.0,F,0,44.136409759521484,healthcare
328,301,4,889731776.0,M,1,37.556304931640625,administrator
684,170,4,876538048.0,M,1,27.439517974853516,student
880,577,5,881326528.0,M,1,19.657306671142578,student
835,181,4,886291648.0,F,0,33.80474090576172,executive
1,124,4,882211520.0,M,1,28.05936622619629,technician
595,1447,3,887031104.0,M,1,26.96006965637207,programmer
385,202,4,880710976.0,M,1,31.215187072753906,writer
487,496,5,883140416.0,M,1,28.809833526611328,administrator
207,428,3,881981376.0,M,1,34.037818908691406,marketing
142,764,4,886847872.0,M,1,26.04204559326172,other
392,269,5,885168128.0,M,1,39.24782943725586,writer
385,983,4,882083456.0,M,1,29.024917602539062,writer
537,637,3,886936832.0,M,1,38.68284225463867,engineer
293,177,3,886539648.0,M,1,27.547914505004883,writer
13,167,4,884488384.0,M,1,40.23808288574219,educator
265,988,5,884270720.0,M,1,25.190326690673828,other
521,696,3,885936192.0,M,1,18.189739227294922,student
417,323,3,879385024.0,F,0,27.29517936706543,other
363,751,4,883763136.0,M,1,21.867666244506836,student
488,362,5,889847872.0,M,1,36.348079681396484,technician
95,1118,3,883089280.0,M,1,27.95415687561035,administrator
373,231,3,879774336.0,F,0,31.70386505126953,other
916,481,3,882144256.0,M,1,34.695404052734375,engineer
464,405,3,878648128.0,M,1,53.0,marketing
416,203,4,883596032.0,F,0,23.0,student
561,188,4,885853696.0,M,1,26.62942886352539,engineer
276,475,1,877807488.0,M,1,25.652118682861328,writer
435,1285,2,882815872.0,M,1,27.313838958740234,engineer
193,271,2,890769472.0,M,1,20.934513092041016,student
291,15,5,876963520.0,M,1,21.787466049194336,student
459,294,3,879845504.0,M,1,19.94387435913086,student
336,264,4,879329280.0,M,1,24.581806182861328,salesman
535,8,4,883488576.0,F,0,37.77732467651367,educator
13,13,1,881674880.0,M,1,32.588340759277344,educator
883,479,4,886986112.0,M,1,47.881141662597656,librarian
650,511,3,893218752.0,M,1,38.918724060058594,engineer
311,238,4,882485824.0,M,1,32.273658752441406,technician
262,63,3,879130560.0,M,0,20.05074691772461,student
314,111,4,883267136.0,F,0,48.0,student
270,876,5,877708736.0,F,0,19.687225341796875,student
207,499,4,881367936.0,M,1,36.135494232177734,marketing
788,255,3,882642560.0,M,1,35.0,administrator
305,213,3,885578176.0,M,1,23.999998092651367,programmer
458,538,4,887720448.0,M,1,34.259883880615234,technician
521,97,4,882326912.0,M,1,23.761186599731445,student
154,322,4,880729216.0,M,1,28.43233299255371,executive
437,189,3,885847936.0,F,0,44.0,other
293,24,4,889377088.0,M,1,26.308385848999023,writer
3,340,4,890445376.0,M,1,35.72886657714844,writer
416,1043,2,887852032.0,F,0,21.31290054321289,student
711,255,5,884156992.0,F,0,30.754749298095703,student
314,741,1,879263552.0,F,0,19.50653839111328,other
110,1097,3,886323968.0,M,1,28.926334381103516,student
532,895,5,889174912.0,M,1,22.887332916259766,student
634,409,2,879218368.0,M,1,31.515382766723633,engineer
487,13,4,883260608.0,M,1,42.0,engineer
804,702,3,881388416.0,M,1,36.0,educator
518,494,5,882798080.0,F,0,43.236385345458984,writer
414,176,4,885032128.0,M,1,21.122404098510742,student
501,501,4,883857216.0,M,1,30.058425903320312,student
751,477,4,885894848.0,F,0,30.858779907226562,other
222,841,2,883289280.0,M,1,27.891796112060547,programmer
650,293,3,890728256.0,M,1,40.0862922668457,engineer
201,329,4,876404864.0,M,1,32.849578857421875,writer
495,1269,5,888437312.0,M,1,27.2711181640625,entertainment
393,203,4,891045440.0,M,1,20.395477294921875,student
90,845,3,889994048.0,M,1,38.0,educator
6,15,4,883149824.0,M,1,34.019439697265625,executive
299,52,4,883222464.0,M,1,34.495479583740234,doctor
548,275,4,876525952.0,M,1,35.7789192199707,writer
551,48,5,890106432.0,M,1,23.999998092651367,programmer
877,596,4,883375104.0,M,1,24.999998092651367,other
13,89,5,884536704.0,M,0,34.86046600341797,educator
452,79,4,882420736.0,M,1,32.91386795043945,administrator
462,354,4,885000576.0,F,0,18.925865173339844,student
691,328,3,879204800.0,M,1,38.364898681640625,educator
582,631,4,886043648.0,M,1,19.671585083007812,student
92,1628,4,881269824.0,M,1,29.767227172851562,entertainment
312,191,5,884613952.0,M,1,36.79576110839844,other
381,1107,2,889180480.0,M,1,26.636146545410156,artist
553,180,4,883307456.0,M,1,39.229244232177734,educator
25,186,4,881047808.0,M,1,31.674442291259766,engineer
643,258,3,886472384.0,M,1,30.95904541015625,scientist
880,395,2,881667776.0,M,1,20.965335845947266,student
325,731,3,886380672.0,M,1,30.745882034301758,technician
474,250,4,882472384.0,M,1,37.268123626708984,executive
380,511,4,884081408.0,M,1,30.250452041625977,engineer
542,11,4,885826176.0,M,1,21.478275299072266,student
793,475,3,877323776.0,M,1,23.43401336669922,student
894,451,3,884522176.0,M,1,33.44160842895508,educator
709,423,3,876408128.0,M,1,31.59977912902832,other
269,86,1,890970048.0,F,0,36.930267333984375,librarian
716,153,4,879730496.0,F,0,35.949989318847656,administrator
707,275,5,886288896.0,F,0,50.700843811035156,librarian
221,577,3,881379904.0,M,1,24.41611671447754,student
267,121,4,880943040.0,M,1,28.857831954956055,engineer
604,319,4,882075136.0,M,1,30.907407760620117,educator
442,1,4,882143424.0,M,1,20.201330184936523,student
892,156,5,888907968.0,M,1,31.0798397064209,other
563,492,4,886319104.0,F,0,45.688865661621094,librarian
457,111,4,880786432.0,M,1,28.70718002319336,salesman
247,208,5,886057792.0,M,1,28.799108505249023,engineer
486,713,2,880245184.0,M,1,28.78562355041504,educator
1,47,4,882390656.0,M,1,30.60158348083496,technician
481,165,5,886872576.0,M,1,44.0,retired
28,25,4,882074112.0,M,1,31.152008056640625,writer
874,474,4,885041088.0,M,1,34.031211853027344,scientist
417,763,1,883419136.0,F,0,25.16779327392578,other
621,418,1,883412800.0,M,1,18.649600982666016,student
419,300,5,886003712.0,M,1,33.44883728027344,lawyer
622,755,2,885682688.0,M,1,26.404142379760742,programmer
83,300,4,881286272.0,M,1,28.337690353393555,other
775,250,4,884102080.0,M,1,33.907657623291016,executive
328,194,4,884198400.0,M,1,46.462745666503906,administrator
7,238,4,890818688.0,M,1,41.36765670776367,administrator
901,64,4,881976576.0,M,1,42.0,executive
406,12,4,884160832.0,M,1,32.0,educator
788,652,5,883935616.0,M,1,34.89528274536133,administrator
90,179,4,891436672.0,M,1,35.23703384399414,educator
458,344,5,890400512.0,M,1,36.542667388916016,technician
399,137,4,882623296.0,M,1,28.56017303466797,other
601,665,4,884376832.0,M,1,25.21965789794922,artist
320,815,4,883385024.0,F,0,19.817062377929688,student
393,631,4,888229952.0,M,1,19.31661033630371,student
446,644,3,889323520.0,M,1,40.67502212524414,educator
661,111,4,877548672.0,M,1,27.20608139038086,programmer
911,269,5,888179712.0,F,0,34.10596466064453,writer
892,291,4,887314176.0,M,1,33.35842514038086,other
115,125,4,882107712.0,M,1,31.885042190551758,engineer
385,206,5,881034880.0,M,1,33.0,writer
842,275,5,884061376.0,F,0,35.797752380371094,writer
465,151,4,882347072.0,M,1,31.347023010253906,other
18,15,3,879731968.0,F,0,52.0,other
374,15,4,880825856.0,M,1,30.9196834564209,executive
500,384,5,882378560.0,M,1,24.913785934448242,administrator
94,685,4,883873984.0,M,1,26.999998092651367,student
682,1035,3,885868672.0,M,1,29.047962188720703,programmer
291,1284,4,878558848.0,M,1,28.736225128173828,student
749,419,4,881673728.0,M,1,29.154258728027344,other
127,531,4,885428160.0,M,1,35.88334655761719,executive
747,235,5,883629120.0,M,1,29.60567283630371,other
406,64,5,884246720.0,M,1,41.435787200927734,educator
339,313,5,889009856.0,M,1,32.03274917602539,lawyer
409,286,4,889480704.0,M,1,48.4703483581543,administrator
8,252,3,884424320.0,F,0,31.65903663635254,administrator
666,136,4,881492864.0,M,1,28.999998092651367,administrator
184,568,4,887903488.0,M,1,35.83650207519531,librarian
568,192,4,883294720.0,M,1,39.831748962402344,educator
694,8,4,881459712.0,M,1,39.080379486083984,programmer
550,294,4,881427776.0,F,0,21.361068725585938,student
758,50,5,884718080.0,M,0,21.645837783813477,student
487,324,5,884561152.0,M,1,40.0,engineer
592,346,5,883763136.0,M,1,24.185178756713867,student
62,739,3,881107776.0,F,0,29.06942367553711,administrator
44,313,4,885192640.0,M,1,29.37685203552246,technician
385,69,1,879977600.0,M,1,28.288284301757812,writer
849,127,5,879509376.0,F,0,31.121212005615234,other
758,172,4,881706240.0,M,1,23.796255111694336,student
305,652,4,884605440.0,M,1,30.1158504486084,programmer
405,421,1,885704256.0,F,0,26.1567440032959,healthcare
805,255,1,881875968.0,F,0,36.052764892578125,other
784,194,4,884258688.0,M,1,43.58837890625,administrator
198,237,3,875945920.0,F,0,20.61025047302246,student
380,222,4,883056192.0,M,1,27.8336238861084,engineer
49,974,3,885426816.0,F,0,19.537250518798828,student
456,12,3,882067584.0,M,1,27.41256332397461,technician
432,926,5,885753984.0,M,1,23.508859634399414,entertainment
397,156,4,884306752.0,M,1,18.097139358520508,student
503,751,5,886547456.0,F,0,35.56337356567383,writer
94,132,3,889219072.0,M,1,28.850126266479492,student
887,132,5,881346368.0,F,0,17.966196060180664,student
85,283,3,880174720.0,M,1,36.78202819824219,educator
238,492,5,884280704.0,F,0,29.217884063720703,administrator
347,588,5,884496768.0,M,1,28.759384155273438,student
452,151,4,876042560.0,M,1,26.505088806152344,administrator
200,313,4,883737152.0,M,1,33.12504959106445,programmer
38,272,5,882926656.0,F,0,28.410362243652344,other
868,995,4,883481600.0,M,1,25.600282669067383,programmer
307,14,4,880067392.0,M,1,23.28409767150879,student
151,216,4,879774656.0,F,0,38.967369079589844,administrator
543,180,3,884159872.0,M,1,31.66402244567871,scientist
642,853,5,885973440.0,F,0,23.0,student
653,262,3,884055552.0,M,1,32.955360412597656,executive
181,783,1,879469248.0,M,1,24.34953498840332,executive
573,517,4,887752576.0,M,1,53.234134674072266,retired
118,192,5,879792704.0,M,1,31.091533660888672,administrator
293,977,2,891462656.0,M,1,27.424509048461914,writer
684,282,3,877749632.0,M,1,20.71699333190918,student
617,763,1,883554816.0,F,0,28.189285278320312,writer
285,11,5,885173376.0,M,1,40.0,programmer
840,655,5,885301824.0,M,1,27.777061462402344,artist
455,1014,3,881616064.0,M,1,33.0,administrator
60,958,4,884759552.0,M,1,38.0,healthcare
6,480,4,883919104.0,M,1,34.021339416503906,executive
749,304,4,879781184.0,M,1,32.65627670288086,other
585,70,3,889236032.0,M,1,49.685211181640625,librarian
521,188,3,884622720.0,M,1,36.0,student
892,346,5,888359232.0,M,1,29.93391990661621,other
214,1642,5,889221632.0,F,0,37.30506896972656,librarian
263,12,5,888487168.0,M,1,33.75253677368164,programmer
500,245,2,891016576.0,M,1,30.995006561279297,administrator
661,471,4,878093440.0,M,1,35.0,programmer
604,487,4,882916928.0,M,1,40.9251594543457,educator
144,70,4,884756096.0,M,1,38.91579818725586,programmer
8,38,5,882016960.0,M,1,31.0,administrator
180,100,5,879919552.0,F,0,36.65888977050781,administrator
266,639,4,890431104.0,F,0,49.76893615722656,administrator
313,890,3,887127232.0,M,1,38.645713806152344,marketing
399,630,2,883920960.0,M,1,26.999998092651367,other
870,274,3,882460864.0,M,1,28.097400665283203,student
478,958,4,884745856.0,M,1,28.013118743896484,other
833,471,3,876947776.0,M,1,32.502227783203125,writer
592,475,5,883033984.0,M,1,20.62849235534668,student
650,1501,3,889285440.0,M,1,32.138973236083984,engineer
568,471,4,877299328.0,M,1,36.43016815185547,educator
280,751,3,886975168.0,F,0,56.0,librarian
846,1,4,878446016.0,M,1,31.131820678710938,lawyer
592,379,5,883559168.0,M,1,18.559661865234375,student
534,310,4,886041472.0,M,1,18.07366943359375,student
704,607,5,891888640.0,F,0,43.273860931396484,librarian
612,610,3,884184064.0,M,1,28.353004455566406,educator
354,603,3,891127872.0,F,0,33.525169372558594,librarian
933,1,2,876794944.0,M,1,20.62871551513672,student
710,194,4,882740672.0,M,1,24.08401870727539,student
530,79,4,880871168.0,M,1,26.500141143798828,engineer
23,98,2,878092032.0,F,0,30.46599769592285,artist
328,479,4,885099712.0,M,1,38.0,administrator
56,514,4,889919936.0,M,1,33.334075927734375,librarian
869,826,1,883439936.0,M,1,20.145164489746094,student
360,98,4,881664448.0,M,1,29.988309860229492,other
417,380,2,883571328.0,F,0,30.253084182739258,other
692,328,5,884381184.0,M,1,26.732696533203125,engineer
90,221,5,884641344.0,M,1,38.340599060058594,educator
244,164,4,884290880.0,M,1,26.315879821777344,technician
5,254,2,884280320.0,F,0,31.04654312133789,other
49,308,2,884156416.0,F,0,32.0,student
18,143,3,884753280.0,F,0,32.34820556640625,other
532,24,3,888933376.0,M,1,20.807247161865234,student
293,1197,4,885803008.0,M,1,27.073530197143555,writer
92,231,3,876369984.0,M,1,27.42856788635254,entertainment
846,485,3,887347136.0,M,1,28.135475158691406,lawyer
277,237,4,881329088.0,F,0,30.855117797851562,administrator
620,274,4,888471808.0,F,0,30.363134384155273,writer
213,282,4,880410432.0,M,1,30.410648345947266,executive
833,93,4,877743360.0,M,1,19.10871696472168,student
406,87,4,878705600.0,M,1,41.49592590332031,educator
305,86,3,887724864.0,M,1,33.90883255004883,programmer
453,789,4,879867648.0,M,1,19.814783096313477,student
927,655,4,885697472.0,M,1,25.290868759155273,programmer
382,284,4,879436416.0,F,0,35.037025451660156,engineer
793,775,2,880006144.0,M,1,25.92217445373535,librarian
763,1622,4,881352640.0,M,1,31.11920738220215,scientist
533,72,4,888210304.0,M,1,40.579952239990234,librarian
269,990,2,891070336.0,F,0,28.459678649902344,librarian
43,210,4,880190592.0,F,0,28.5871639251709,librarian
393,346,4,889258048.0,M,1,22.0,student
499,310,4,884139584.0,M,1,31.925430297851562,programmer
368,482,5,885754752.0,M,1,18.014190673828125,student
253,748,4,889910656.0,F,0,30.95003890991211,librarian
331,663,4,880479168.0,M,1,28.829221725463867,entertainment
250,282,3,880346240.0,M,1,29.047208786010742,executive
400,894,1,883614400.0,F,0,26.611249923706055,administrator
269,348,1,883471168.0,F,0,25.31615447998047,librarian
429,447,3,883754944.0,M,1,28.191396713256836,student
393,1043,4,889212032.0,M,1,19.804214477539062,student
405,1029,1,884417728.0,F,0,27.551057815551758,healthcare
831,98,5,884336896.0,M,1,29.216089248657227,other
682,509,3,887141632.0,M,1,26.29539680480957,programmer
452,432,4,882690880.0,M,1,31.0,administrator
416,496,5,883761088.0,F,0,28.060794830322266,student
367,142,1,882358656.0,M,1,19.757442474365234,student
897,176,4,879885696.0,M,1,28.48664665222168,other
328,307,3,888619456.0,M,1,39.33266830444336,administrator
32,827,5,883139328.0,F,0,18.0,student
224,451,4,888639808.0,F,1,36.22734069824219,educator
119,340,2,887843840.0,M,1,26.999998092651367,programmer
435,663,3,884420160.0,M,1,24.658790588378906,engineer
60,255,4,884609152.0,M,1,47.278533935546875,healthcare
886,88,4,876954176.0,M,1,27.42571258544922,student
660,288,4,890762048.0,M,1,28.82854461669922,student
130,82,3,884399808.0,M,1,24.697349548339844,none
523,845,5,880549568.0,F,0,42.69816970825195,administrator
504,77,4,884113280.0,F,0,31.951461791992188,writer
833,248,2,877882048.0,M,1,28.760698318481445,writer
655,972,3,888602752.0,F,0,46.02775192260742,healthcare
749,151,4,883967360.0,M,1,28.80093765258789,other
374,54,4,879828160.0,M,1,28.0906925201416,executive
883,970,5,884497024.0,M,1,44.83076477050781,librarian
526,181,5,885231424.0,M,1,24.999998092651367,marketing
222,797,4,880173312.0,M,1,26.44319725036621,programmer
13,519,5,884841408.0,M,1,40.9721794128418,educator
184,246,3,889779520.0,M,1,35.716983795166016,librarian
178,1025,4,887178112.0,M,1,23.79505729675293,other
409,178,4,882215424.0,M,1,37.01686477661133,administrator
756,328,3,879903104.0,M,1,27.110082626342773,none
130,137,2,875978624.0,M,1,25.193622589111328,none
870,772,4,885478528.0,M,1,20.744985580444336,student
459,405,4,879515712.0,M,1,20.076757431030273,student
592,179,4,883703360.0,M,1,30.080869674682617,student
295,480,4,882147712.0,M,1,28.911863327026367,educator
94,298,4,887066688.0,M,1,30.02593421936035,student
116,661,3,883647168.0,M,1,43.693389892578125,healthcare
592,393,5,882326784.0,M,1,27.999998092651367,student
804,307,4,884446208.0,M,1,37.209320068359375,educator
180,172,5,880686272.0,F,0,30.45099639892578,administrator
217,783,4,890282240.0,M,1,30.74018096923828,other
215,393,4,891204288.0,M,1,32.79331970214844,programmer
675,908,3,889068672.0,M,1,28.873123168945312,other
645,474,5,888432128.0,M,1,26.999998092651367,lawyer
892,483,5,886345856.0,M,1,28.562326431274414,other
318,1041,4,883769088.0,M,1,46.0,retired
199,1028,5,886104512.0,M,1,45.0,writer
655,694,3,887870912.0,F,0,39.279720306396484,healthcare
804,184,4,883040256.0,M,1,38.7162971496582,educator
830,174,4,884357888.0,M,1,24.82221221923828,programmer
328,294,4,887011904.0,M,1,32.40589904785156,administrator
632,825,3,879864960.0,M,1,23.365619659423828,student
110,652,2,884608960.0,M,1,21.516094207763672,student
279,399,4,881202496.0,M,1,25.174657821655273,programmer
47,678,4,885011392.0,M,1,31.292463302612305,marketing
456,172,4,882142208.0,M,1,27.007667541503906,technician
318,1022,4,884150336.0,M,1,46.63507080078125,retired
479,423,4,884022272.0,M,1,35.27796173095703,educator
751,419,4,884127680.0,M,0,32.203529357910156,other
327,82,4,887043840.0,M,1,19.761564254760742,student
559,261,3,888151872.0,M,1,52.0,executive
758,1168,5,883705984.0,M,1,20.72764015197754,student
694,526,4,880601152.0,M,1,38.94456100463867,programmer
399,101,2,883538368.0,M,1,34.083534240722656,other
299,321,4,883154688.0,M,1,31.093721389770508,doctor
385,1016,4,881817600.0,M,1,30.232730865478516,writer
99,480,4,883660096.0,M,1,18.048391342163086,student
684,168,4,879234880.0,M,1,28.86237907409668,student
548,566,4,885205376.0,M,1,32.53187561035156,writer
269,1537,3,890215680.0,F,0,29.711671829223633,librarian
311,174,5,884542528.0,M,1,31.139541625976562,technician
665,310,4,886564480.0,M,1,32.391422271728516,administrator
417,118,3,880598528.0,F,0,28.211685180664062,other
544,508,4,885567424.0,M,1,30.74470329284668,other
409,23,5,884373760.0,M,1,36.25347900390625,administrator
347,480,5,884566592.0,M,1,28.908161163330078,student
823,375,4,880954880.0,M,1,25.689359664916992,artist
450,98,4,884125632.0,F,0,36.594329833984375,educator
829,1278,5,887241664.0,M,1,32.56426239013672,writer
684,265,4,879150848.0,M,1,19.860164642333984,student
128,462,3,884480512.0,F,0,35.74700927734375,marketing
286,276,5,878017600.0,M,1,17.0,student
886,433,3,876897984.0,M,1,27.625030517578125,engineer
666,302,4,882375744.0,M,1,39.71553039550781,administrator
398,47,4,877922176.0,M,1,33.16474151611328,other
478,877,5,886132736.0,M,1,22.986419677734375,other
23,432,5,885362240.0,F,0,28.661989212036133,artist
422,186,4,880325248.0,M,1,30.931589126586914,entertainment
234,323,3,887592448.0,M,1,49.0,retired
698,199,4,883706560.0,F,0,30.35419464111328,programmer
380,10,4,885172544.0,M,1,28.481731414794922,engineer
105,169,3,883580096.0,M,1,28.849367141723633,scientist
506,8,4,879611008.0,M,1,31.883737564086914,programmer
347,96,4,883728192.0,M,1,26.051822662353516,student
782,294,3,884950784.0,F,0,36.0,administrator
484,485,5,882455040.0,M,1,19.265541076660156,student
13,548,1,887128640.0,M,1,38.36914825439453,educator
60,517,4,877112064.0,M,1,38.82615661621094,healthcare
380,188,4,884368896.0,M,1,28.815357208251953,engineer
405,295,3,885271744.0,F,0,38.03942108154297,healthcare
293,449,2,888803392.0,M,1,28.755306243896484,writer
461,300,4,886732224.0,M,1,26.49118423461914,student
659,307,4,888907904.0,M,1,37.945281982421875,educator
846,289,3,886594304.0,M,1,27.4228572845459,lawyer
158,333,4,884307328.0,M,1,40.41973876953125,educator
630,631,4,884470976.0,F,0,30.989351272583008,healthcare
354,19,5,889469440.0,F,0,37.842063903808594,librarian
194,143,3,882302592.0,M,1,30.3118896484375,administrator
869,140,1,884208128.0,M,1,19.715044021606445,student
634,371,2,877398848.0,M,1,34.23511505126953,engineer
864,47,2,884079104.0,M,1,29.0335693359375,programmer
758,300,5,886781632.0,M,1,20.431203842163086,student
442,195,4,883585344.0,M,1,18.327266693115234,student
923,975,4,886037312.0,M,1,23.0,student
655,1183,3,888227584.0,F,0,44.01829528808594,healthcare
892,1227,4,883964544.0,M,1,27.999998092651367,other
1,461,4,883544960.0,M,1,31.0,technician
901,237,5,884797056.0,M,1,32.91168212890625,executive
604,340,4,890413376.0,M,1,37.29682159423828,educator
201,670,4,885100288.0,M,1,29.174528121948242,writer
577,274,4,881133696.0,F,0,20.769771575927734,student
805,106,2,879446592.0,F,0,28.065216064453125,other
228,678,2,885274496.0,F,0,34.327110290527344,other
184,479,4,889120192.0,M,1,42.0,librarian
883,428,3,883491072.0,M,1,28.023517608642578,librarian
64,286,4,882794880.0,M,1,43.58013153076172,educator
397,824,5,883872768.0,M,1,18.93911361694336,student
815,153,5,879420224.0,M,1,32.12397384643555,other
846,47,3,883930752.0,M,1,28.469703674316406,lawyer
851,1031,1,885795968.0,M,1,22.301467895507812,other
582,941,4,879501632.0,M,1,20.736425399780273,student
486,274,4,879210496.0,M,1,38.27326965332031,educator
503,282,2,878250560.0,F,0,27.420944213867188,writer
747,367,5,886063424.0,M,1,18.017677307128906,student
458,11,4,891033792.0,M,1,31.371828079223633,technician
805,882,2,882589312.0,F,0,28.866436004638672,other
80,647,4,882174720.0,F,0,48.13996505737305,administrator
390,756,5,880701056.0,F,0,32.0528564453125,writer
216,57,5,880525312.0,M,1,27.280899047851562,engineer
889,196,4,884228416.0,M,1,29.75354766845703,technician
712,682,3,884413440.0,F,0,35.0,student
293,1541,4,886166656.0,M,1,31.652774810791016,writer
888,95,4,883641280.0,M,1,28.822750091552734,student
913,699,4,883370688.0,M,1,19.569568634033203,student
286,175,3,884329024.0,M,1,27.474754333496094,student
588,508,4,889363584.0,F,0,33.555171966552734,other
277,213,5,881183808.0,F,0,37.70441818237305,administrator
875,173,5,880493120.0,F,1,21.2512264251709,student
331,231,3,880787904.0,M,1,25.492420196533203,entertainment
885,877,2,882875392.0,F,0,30.639963150024414,other
479,548,4,883070976.0,M,1,20.0,educator
580,62,4,881559808.0,M,1,19.345703125,student
262,458,4,879658752.0,F,0,29.999998092651367,student
373,291,3,878519424.0,F,0,35.0,other
214,300,5,888399872.0,F,0,37.205711364746094,librarian
1,240,1,882223552.0,M,1,23.215688705444336,technician
26,208,3,883974656.0,M,1,28.85767364501953,engineer
380,364,2,886897152.0,M,1,24.620332717895508,engineer
782,934,3,886141184.0,M,0,26.761962890625,artist
187,7,4,879712960.0,M,1,36.3754997253418,educator
291,258,4,878210752.0,M,1,35.0,student
843,395,2,884052480.0,M,1,30.66290855407715,librarian
405,1400,1,884855296.0,M,0,27.14052963256836,healthcare
311,672,5,884324032.0,M,1,28.7390193939209,technician
796,956,4,890172224.0,F,0,34.47511672973633,writer
236,463,5,883545216.0,F,0,40.986228942871094,writer
28,273,4,881825280.0,M,1,31.43804168701172,writer
619,1679,4,883541184.0,M,1,24.999998092651367,student
79,595,5,886088640.0,F,0,35.86164855957031,administrator
489,234,4,891035392.0,M,1,32.54084014892578,other
167,908,1,888419392.0,M,1,29.18511390686035,other
291,249,4,878202880.0,M,1,21.198516845703125,student
892,558,5,886561216.0,M,1,28.859834671020508,other
655,1053,3,888421440.0,F,0,45.39278030395508,healthcare
639,847,2,890686400.0,F,0,38.776885986328125,librarian
551,58,5,888819136.0,M,1,29.29657745361328,programmer
527,479,5,887215168.0,M,1,43.27863693237305,librarian
758,82,4,884881024.0,M,1,21.86569595336914,student
627,230,4,882401408.0,M,1,26.640283584594727,engineer
711,118,5,883098432.0,F,0,22.160324096679688,student
158,321,2,883948096.0,M,1,45.176361083984375,educator
194,304,1,884183872.0,M,1,28.612722396850586,administrator
339,513,5,888952128.0,M,1,31.124656677246094,lawyer
666,135,4,879564672.0,M,1,37.92462158203125,administrator
442,172,4,883920128.0,M,1,17.0,student
201,561,4,884819520.0,M,1,30.11358070373535,writer
594,8,4,885943680.0,M,1,44.23450469970703,educator
299,271,4,883298112.0,M,1,30.005125045776367,doctor
907,318,5,884426432.0,F,0,34.887001037597656,other
308,644,4,887546816.0,M,1,40.70475769042969,retired
924,182,4,884388416.0,M,1,32.354618072509766,other
826,88,2,885174656.0,M,1,26.692127227783203,artist
542,271,2,887738048.0,M,1,21.150203704833984,student
381,88,4,887786112.0,M,1,26.39508056640625,artist
343,508,4,879986176.0,M,1,30.62973976135254,engineer
603,1165,4,884099520.0,M,1,28.77783203125,programmer
472,100,3,884365888.0,M,1,19.785736083984375,student
537,47,3,882772992.0,M,1,37.34131622314453,engineer
648,82,4,885831552.0,M,1,24.896804809570312,student
392,275,5,888107776.0,M,1,48.0,writer
747,23,5,884280832.0,M,1,27.046485900878906,other
533,479,4,884083584.0,M,1,28.9500732421875,librarian
280,654,4,884523712.0,F,0,33.83558654785156,librarian
639,616,4,889626368.0,F,0,42.0,librarian
700,690,4,887726464.0,M,1,32.45106506347656,programmer
922,207,3,886613504.0,F,0,34.453636169433594,administrator
932,404,4,889549760.0,M,1,37.72515106201172,educator
201,188,4,885016832.0,M,1,29.518659591674805,writer
483,187,3,882958016.0,M,1,29.694509506225586,scientist
7,708,5,892697920.0,M,1,44.008934020996094,administrator
758,196,5,882993216.0,M,1,28.93747329711914,student
210,134,5,892783040.0,M,1,35.55250549316406,engineer
417,254,1,880600000.0,F,0,24.38775062561035,other
621,68,4,880394752.0,M,1,18.69793701171875,student
222,252,2,879228096.0,F,1,25.369335174560547,programmer
435,540,2,883827264.0,M,1,24.635948181152344,engineer
932,656,1,890088128.0,M,1,42.04734802246094,educator
293,320,3,885226496.0,M,1,32.843387603759766,writer
397,288,4,886903168.0,M,1,21.89097785949707,student
297,228,2,878323840.0,F,0,40.0,educator
627,732,3,879793920.0,M,1,28.034748077392578,engineer
295,471,5,880891648.0,F,0,30.979482650756836,educator
214,728,5,890622400.0,F,0,33.30864715576172,librarian
763,100,4,886031744.0,M,1,33.38339614868164,scientist
773,1240,3,889173952.0,M,1,20.87258529663086,student
230,65,4,883914944.0,F,0,28.999998092651367,student
94,758,3,889180480.0,M,1,19.891447067260742,student
864,9,4,886713024.0,M,1,25.478389739990234,programmer
455,501,4,880486400.0,M,1,32.875877380371094,administrator
305,316,3,884101632.0,M,1,32.715492248535156,programmer
14,137,4,883797952.0,M,1,23.999998092651367,scientist
650,649,3,890477696.0,M,1,45.0,engineer
758,265,4,882624320.0,M,1,20.71689224243164,student
524,216,4,885430528.0,M,1,46.760536193847656,educator
363,616,5,884183040.0,M,1,21.98120880126953,student
620,300,3,889118016.0,F,0,30.807586669921875,writer
568,13,4,879663616.0,M,1,28.202783584594727,educator
650,408,4,890126144.0,M,1,36.11474609375,engineer
215,898,4,889678208.0,M,1,29.65411376953125,programmer
181,59,3,883724672.0,M,1,27.686145782470703,executive
283,50,5,884277056.0,M,1,29.715129852294922,programmer
380,94,4,882290240.0,M,1,28.456600189208984,engineer
393,556,3,886144256.0,M,1,24.999998092651367,student
393,1133,3,889738944.0,M,1,28.97325897216797,student
110,477,4,886531712.0,M,1,19.680625915527344,student
325,526,3,883566208.0,M,1,28.079288482666016,technician
621,482,4,882852544.0,M,1,18.88525390625,student
825,481,5,885011904.0,M,1,42.6743049621582,engineer
537,194,4,884238336.0,M,1,29.078596115112305,engineer
130,9,5,879809024.0,M,1,24.768814086914062,none
863,1074,4,889299136.0,M,1,19.843448638916016,student
886,111,4,877757376.0,M,1,27.613988876342773,student
521,156,3,884378048.0,M,1,18.01930809020996,student
101,1051,3,881633280.0,M,1,26.999998092651367,student
270,550,4,883118720.0,F,0,19.297637939453125,student
42,131,5,883438336.0,M,1,46.0017204284668,student
235,14,4,883556928.0,M,1,36.0,educator
664,168,4,883479296.0,M,1,28.772390365600586,engineer
504,1084,3,883896704.0,F,0,33.83443832397461,administrator
72,294,4,884331072.0,F,0,30.65245819091797,administrator
97,209,5,885493824.0,M,1,26.262483596801758,artist
307,840,4,877565184.0,M,1,23.0,programmer
751,553,5,885897664.0,F,0,27.63184928894043,other
320,150,3,884229952.0,M,1,19.69377899169922,student
637,772,1,884748352.0,M,1,23.58697509765625,other
201,271,2,885063296.0,M,1,30.13741683959961,writer
90,187,5,886203264.0,M,1,45.0,educator
316,1297,4,882326784.0,F,0,39.26923751831055,other
416,900,2,886819712.0,F,0,24.28949737548828,student
666,482,4,884111104.0,M,1,29.057283401489258,administrator
854,121,4,882250304.0,F,0,20.429492950439453,student
521,96,3,883617984.0,M,1,19.091989517211914,student
593,153,2,879659456.0,F,0,31.114545822143555,educator
690,182,4,880982784.0,M,1,31.55037498474121,salesman
504,321,4,883681472.0,F,0,30.744964599609375,administrator
650,607,4,887067072.0,M,1,41.11259460449219,engineer
90,436,5,888076928.0,M,1,41.42491912841797,educator
416,300,4,889894144.0,F,0,23.48969268798828,student
151,204,2,880251904.0,F,0,36.008033752441406,administrator
303,109,5,879349312.0,M,1,19.43805694580078,student
796,552,4,884314240.0,F,0,35.307861328125,writer
92,410,3,877552512.0,M,1,26.867048263549805,entertainment
565,67,5,889495808.0,M,1,29.55541229248047,student
85,327,4,878371392.0,M,1,40.735111236572266,educator
727,85,2,882607808.0,M,1,23.56764030456543,student
380,188,4,884448768.0,M,1,28.943883895874023,engineer
308,614,4,887493376.0,M,1,52.370365142822266,retired
249,550,5,884281024.0,M,1,23.071086883544922,student
268,1028,2,879192896.0,M,1,26.797895431518555,engineer
790,561,3,886379904.0,M,1,28.266313552856445,technician
633,222,4,882573440.0,M,1,31.6529483795166,programmer
293,679,3,890052608.0,M,1,25.06949806213379,writer
655,283,3,888410816.0,F,0,48.47038269042969,healthcare
436,1415,5,889173696.0,F,0,33.21031951904297,administrator
916,685,3,881277888.0,M,1,33.81582260131836,engineer
716,159,1,878922688.0,F,0,30.215429306030273,administrator
538,174,4,882908928.0,M,1,33.445037841796875,scientist
545,831,4,879650944.0,M,1,29.325016021728516,technician
314,894,4,883715264.0,F,0,18.92984390258789,student
446,982,3,888240896.0,M,1,37.53077697753906,educator
894,328,3,882643584.0,M,1,40.17920684814453,educator
524,69,4,886537792.0,M,1,50.118473052978516,educator
406,471,4,878083264.0,M,1,41.607826232910156,educator
25,526,4,883694208.0,M,1,33.96947479248047,engineer
279,52,4,882572352.0,M,1,25.798818588256836,programmer
1,520,4,879451456.0,M,1,23.0,technician
422,164,4,883053056.0,M,1,31.12200927734375,entertainment
792,684,4,879935616.0,M,1,28.488428115844727,programmer
788,498,4,885337472.0,M,1,42.0,administrator
879,213,4,881823488.0,F,0,35.0,administrator
643,747,3,886687744.0,M,1,44.0,scientist
842,275,5,886912064.0,M,1,31.49075698852539,writer
669,300,4,883600384.0,M,1,28.751567840576172,other
203,185,4,880654016.0,F,0,21.90430450439453,student
887,68,4,881342528.0,F,0,19.86005973815918,student
882,151,2,881270528.0,M,1,25.994155883789062,engineer
360,435,3,883740800.0,M,1,28.092140197753906,other
217,419,4,886295488.0,M,1,28.15836524963379,other
34,29,2,884100416.0,F,0,39.13327407836914,administrator
393,235,4,883599360.0,M,1,19.71794319152832,student
194,845,3,884701248.0,M,1,31.590795516967773,administrator
527,165,3,890588800.0,M,1,37.066261291503906,librarian
70,151,4,884302784.0,M,1,26.252599716186523,engineer
679,95,3,880714304.0,M,0,19.11019515991211,student
181,1079,1,881085760.0,M,1,25.23040008544922,executive
381,597,2,885479360.0,M,1,24.027362823486328,artist
343,532,4,881452608.0,M,1,33.872779846191406,engineer
619,579,1,884243904.0,M,1,26.5621280670166,student
727,720,3,883868608.0,M,1,28.026451110839844,student
727,230,4,883592768.0,M,1,19.165740966796875,student
314,42,4,878636096.0,F,0,29.999998092651367,student
198,1229,3,881061120.0,F,0,19.78652572631836,student
234,48,3,890709312.0,M,1,45.93524169921875,writer
521,197,3,881649728.0,M,1,19.84142303466797,student
483,289,3,883257152.0,M,1,28.921968460083008,scientist
747,300,5,891400192.0,M,1,36.33122253417969,other
472,28,4,880777664.0,M,1,17.981182098388672,student
276,249,4,881961664.0,M,1,19.893587112426758,student
200,217,4,888006208.0,M,1,33.20078659057617,programmer
716,916,5,882414080.0,F,0,37.05329132080078,administrator
574,328,3,891385856.0,M,1,37.44480895996094,educator
553,8,4,881853824.0,M,1,45.407772064208984,educator
145,581,1,883265152.0,M,1,25.910457611083984,entertainment
151,213,1,880338048.0,F,0,36.119728088378906,administrator
707,297,3,884370112.0,F,0,30.83941650390625,librarian
183,271,2,883309376.0,M,1,33.39191818237305,scientist
663,64,5,886566528.0,M,1,28.35988998413086,other
698,394,4,884052928.0,F,0,29.527254104614258,programmer
31,742,4,884135552.0,M,1,26.291866302490234,artist
704,311,3,888191552.0,F,0,48.0,librarian
880,760,2,882416192.0,M,1,19.631591796875,student
871,780,3,891409152.0,M,1,32.45526123046875,executive
75,271,5,885239168.0,M,1,26.713973999023438,entertainment
588,292,3,889615936.0,F,0,21.326156616210938,student
296,531,4,884266496.0,F,0,30.83014678955078,administrator
374,658,3,880709568.0,M,1,29.37476348876953,executive
90,505,5,884642944.0,M,1,44.473472595214844,educator
788,276,5,878942080.0,M,1,31.927352905273438,administrator
600,866,4,887481216.0,M,1,31.729473114013672,programmer
751,181,4,886045760.0,F,0,38.0,other
758,527,5,883628288.0,M,1,21.820899963378906,student
488,4,4,887171712.0,M,1,37.68269348144531,technician
843,281,2,887576512.0,M,1,44.0,librarian
752,50,4,886147840.0,M,1,50.75929641723633,retired
655,1193,3,886195200.0,F,0,46.59568786621094,healthcare
38,1256,5,888938880.0,F,0,29.31072425842285,other
417,294,3,884460160.0,F,0,35.19493865966797,other
360,98,4,883579328.0,M,1,35.96053695678711,other
208,172,4,883212672.0,M,1,35.69948196411133,engineer
261,197,5,885181952.0,M,1,37.154762268066406,marketing
483,117,4,882326144.0,M,1,29.81731414794922,scientist
201,568,3,883532480.0,M,1,25.886795043945312,writer
877,479,4,883966656.0,M,1,27.256553649902344,student
751,381,4,886461504.0,F,0,30.497629165649414,other
297,416,5,883073792.0,F,0,29.959030151367188,educator
223,477,3,884852544.0,F,0,18.84709358215332,student
128,97,3,888179712.0,F,0,38.40489196777344,marketing
378,95,3,883041664.0,M,1,39.0,student
844,79,4,882385536.0,M,1,27.251752853393555,engineer
771,92,3,884693760.0,M,1,25.709245681762695,student
846,50,4,883579456.0,M,1,25.277259826660156,student
554,755,3,878015104.0,M,1,24.98235321044922,scientist
262,68,4,874953792.0,F,0,20.03583526611328,student
85,487,3,880823552.0,M,1,38.375,educator
59,9,5,886501632.0,M,1,48.0,educator
878,258,4,884267776.0,F,0,30.841394424438477,educator
387,947,3,886026048.0,M,1,26.756656646728516,entertainment
585,1479,2,889066304.0,M,1,59.0,librarian
650,269,3,883995584.0,M,1,23.999998092651367,engineer
380,16,4,884066880.0,M,1,27.65756607055664,engineer
407,404,4,884945152.0,M,1,28.789886474609375,engineer
592,469,5,884400640.0,M,1,19.194049835205078,student
234,566,4,888245888.0,M,1,39.619972229003906,retired
201,51,2,887755840.0,M,1,32.38719940185547,writer
429,156,3,879786176.0,M,1,18.923133850097656,student
262,15,3,877391488.0,F,0,23.67308807373047,student
559,238,4,881653952.0,M,1,45.717620849609375,executive
650,1059,3,887307712.0,M,1,32.21758270263672,engineer
553,285,4,881697216.0,M,1,55.8062629699707,retired
846,148,4,885239168.0,M,1,28.735374450683594,lawyer
193,132,4,888791680.0,M,1,29.467416763305664,student
7,995,4,887198528.0,M,1,41.0,administrator
437,764,4,884735168.0,F,0,29.06529998779297,other
303,941,2,879117824.0,M,1,18.410709381103516,student
222,219,4,881037248.0,M,1,26.193614959716797,programmer
632,172,4,884252032.0,M,1,28.95097541809082,student
716,173,5,880477760.0,F,0,28.904109954833984,administrator
487,58,4,883129088.0,M,1,28.501371383666992,engineer
291,742,4,878531648.0,M,1,21.42768096923828,student
896,241,3,884772224.0,M,1,32.674827575683594,writer
488,751,4,891383168.0,M,1,40.273773193359375,technician
514,265,4,878717056.0,M,1,28.920394897460938,programmer
599,496,5,883353344.0,F,0,28.753347396850586,student
298,118,4,884639616.0,M,1,33.96758270263672,executive
318,178,4,884109248.0,M,1,28.713064193725586,technician
650,134,3,891056576.0,M,1,34.11619567871094,engineer
178,1027,1,884460160.0,M,1,24.3524112701416,other
655,241,3,888789312.0,F,0,52.0,healthcare
634,762,2,880048384.0,M,1,32.92387008666992,engineer
238,603,3,884130432.0,F,0,39.47136306762695,administrator
474,258,5,888327808.0,M,1,43.0,executive
921,126,2,880205568.0,F,0,22.12268829345703,student
454,498,2,884727168.0,M,1,44.93183135986328,other
659,215,4,883253632.0,M,1,29.519962310791016,educator
76,195,5,882970304.0,M,1,23.999998092651367,student
629,135,3,878594112.0,F,0,36.0,other
253,83,4,889206080.0,F,1,32.246829986572266,librarian
275,31,3,880289152.0,M,1,32.202545166015625,engineer
331,443,4,880138048.0,M,1,26.074230194091797,entertainment
474,900,3,888279040.0,M,1,38.68342971801758,executive
195,302,5,887020160.0,M,1,33.065589904785156,scientist
311,4,4,882843072.0,M,1,27.141693115234375,student
425,265,4,884017728.0,M,1,28.777442932128906,student
255,106,2,881970560.0,M,1,24.81441879272461,entertainment
442,288,5,887791744.0,M,1,19.592330932617188,student
897,151,5,882836736.0,M,1,28.16039276123047,other
462,172,4,885043776.0,F,0,22.675357818603516,student
559,521,5,891388096.0,M,1,34.41727828979492,healthcare
514,404,4,877995584.0,M,1,27.72504997253418,programmer
553,216,5,888066752.0,M,1,45.58844757080078,educator
311,64,4,883875904.0,M,1,30.515077590942383,technician
483,313,5,891699456.0,M,1,34.44916534423828,educator
720,186,4,880334016.0,F,0,28.66448211669922,administrator
301,24,3,884381056.0,M,1,28.00865364074707,student
119,1219,4,884087680.0,M,1,27.072046279907227,programmer
417,705,3,881516800.0,F,0,33.034385681152344,other
608,143,4,882520512.0,M,1,31.300308227539062,engineer
239,478,5,885916160.0,M,1,31.640850067138672,artist
749,151,4,884271872.0,M,1,29.952775955200195,other
286,1079,4,880870720.0,M,1,20.137001037597656,student
234,871,3,889097152.0,M,1,54.277217864990234,retired
629,168,4,884282176.0,F,0,36.437950134277344,other
288,527,3,883984832.0,M,1,37.39154052734375,marketing
38,548,5,890020032.0,F,0,29.911212921142578,other
474,275,5,886921984.0,M,1,29.68879508972168,executive
405,123,1,884749696.0,F,0,26.999998092651367,healthcare
437,880,5,884843712.0,F,0,29.250242233276367,other
39,202,4,884256000.0,M,1,31.0,entertainment
790,226,1,884050304.0,M,1,29.999998092651367,technician
83,28,4,884151680.0,M,1,30.03653335571289,other
833,15,4,877624512.0,F,1,33.21181869506836,writer
932,302,4,889060928.0,M,1,40.47539520263672,educator
747,50,5,886925952.0,M,1,24.877721786499023,other
727,250,2,880871168.0,M,1,18.619897842407227,student
429,156,3,884041792.0,M,1,20.0,student
487,708,4,885697472.0,M,1,27.171525955200195,engineer
96,146,5,881714944.0,F,0,29.365182876586914,none
145,628,5,880479232.0,M,1,26.277124404907227,entertainment
87,303,3,882987968.0,M,1,33.401580810546875,administrator
712,475,4,877300416.0,F,0,24.121904373168945,student
936,28,4,887103168.0,M,1,28.208248138427734,other
930,216,4,880432320.0,F,0,36.078697204589844,scientist
750,246,3,883299264.0,M,1,25.256929397583008,administrator
783,286,3,884386112.0,M,1,34.504180908203125,marketing
868,672,2,882610048.0,M,1,26.787052154541016,programmer
391,405,4,884145280.0,M,1,28.82703971862793,student
474,1021,5,888593856.0,M,1,47.315250396728516,executive
664,248,3,879876096.0,M,1,28.563690185546875,engineer
758,121,3,883285760.0,M,1,26.999998092651367,student
442,201,2,882582912.0,M,1,19.81829071044922,student
854,934,3,881316160.0,F,0,30.87057876586914,student
89,518,3,882438272.0,F,0,38.496376037597656,administrator
823,88,2,877131072.0,M,1,27.861553192138672,artist
620,19,4,884755328.0,F,0,34.144004821777344,writer
815,568,4,879687168.0,M,1,26.780441284179688,other
90,659,5,887482112.0,M,1,38.18307876586914,educator
2,211,4,887038912.0,F,0,42.38137435913086,other
757,96,3,884364800.0,M,1,22.9279842376709,student
67,173,5,881601792.0,M,1,24.151445388793945,student
125,510,5,887363776.0,M,1,31.070436477661133,lawyer
255,930,4,884084480.0,M,1,25.02911376953125,entertainment
727,401,2,881577024.0,M,1,27.32918930053711,student
405,369,1,884485312.0,F,0,25.941986083984375,healthcare
207,668,5,881161024.0,M,1,35.0,marketing
332,9,5,887089920.0,M,1,26.515640258789062,student
267,736,3,879821376.0,M,1,32.54582977294922,engineer
250,260,5,880235136.0,M,1,27.825769424438477,executive
676,300,4,890214400.0,M,1,28.900842666625977,programmer
190,79,4,884229760.0,M,1,31.086301803588867,administrator
847,404,3,879023424.0,M,1,21.639440536499023,student
429,410,3,879557760.0,M,1,21.178760528564453,student
727,313,2,887590144.0,M,1,19.9998779296875,student
56,133,3,884465792.0,F,0,33.1817741394043,librarian
217,767,4,883222528.0,M,1,29.999998092651367,other
308,88,4,884983936.0,M,1,38.0,retired
758,597,4,885158464.0,M,1,29.19154930114746,student
870,109,4,879954432.0,M,1,22.638479232788086,student
417,568,5,883913088.0,F,0,25.999998092651367,other
642,684,5,884003904.0,F,0,17.877246856689453,student
193,977,2,884088576.0,M,1,25.37990951538086,student
158,333,4,886083648.0,M,1,38.04328155517578,educator
585,4,3,889047104.0,M,1,37.42849349975586,librarian
452,628,4,879530176.0,M,1,30.415973663330078,administrator
206,1471,2,882792768.0,F,0,20.081796646118164,student
102,495,2,887140608.0,M,1,29.180835723876953,student
367,25,4,880108800.0,M,1,21.810970306396484,student
867,100,4,882137792.0,M,1,31.67113494873047,scientist
422,136,5,880773504.0,M,1,29.999998092651367,entertainment
897,180,5,882050880.0,M,1,27.15378189086914,other
882,187,5,878899072.0,M,1,32.09644317626953,engineer
765,207,2,885810240.0,M,1,30.293115615844727,student
883,303,5,890539264.0,M,1,45.0,librarian
521,117,3,881871296.0,M,1,20.0,student
788,208,5,881962176.0,M,1,28.882707595825195,administrator
319,618,1,886648704.0,M,1,28.417978286743164,programmer
774,682,3,885914816.0,M,1,19.084274291992188,student
853,78,3,883737792.0,M,1,27.793691635131836,writer
322,11,5,888599104.0,M,1,21.165607452392578,student
6,708,5,886604416.0,M,1,39.0,executive
500,1323,5,878962112.0,M,1,28.086801528930664,administrator
23,1120,4,883519488.0,F,0,33.73150634765625,artist
361,480,5,881821504.0,M,1,25.985197067260742,executive
280,97,5,890678656.0,F,0,29.386720657348633,librarian
62,289,3,885007488.0,F,0,36.461891174316406,administrator
25,79,4,884074112.0,M,1,28.836820602416992,engineer
472,76,5,884875968.0,M,1,26.999998092651367,writer
130,258,5,880513280.0,M,1,25.04808235168457,none
716,64,5,881017344.0,F,0,35.348663330078125,administrator
851,391,5,882639296.0,M,1,22.845211029052734,other
312,96,3,888442368.0,M,1,34.237361907958984,other
870,585,2,880490432.0,M,1,22.193143844604492,student
429,719,4,884313664.0,M,1,20.854583740234375,student
804,274,4,880516480.0,M,1,29.255430221557617,educator
503,416,5,881934144.0,F,1,28.86833381652832,writer
255,871,3,883963008.0,M,1,23.31181526184082,entertainment
804,823,4,882677760.0,M,1,38.761871337890625,educator
936,312,4,887610176.0,M,1,23.0,other
244,210,4,881845248.0,M,1,28.74076271057129,technician
902,63,3,882231296.0,F,0,29.681194305419922,artist
886,405,2,883916480.0,M,1,27.524608612060547,student
870,117,4,880794752.0,M,1,21.30078125,student
184,1511,3,889235264.0,M,1,36.87073516845703,librarian
436,286,4,886202112.0,F,0,47.169639587402344,administrator
279,995,4,883401024.0,M,1,25.74045753479004,programmer
567,134,5,885942592.0,M,1,25.799875259399414,entertainment
892,32,5,885728704.0,M,1,30.08517074584961,other
1,153,4,879714368.0,M,1,26.208925247192383,technician
846,150,3,881605696.0,M,1,27.525171279907227,lawyer
92,168,3,878336768.0,M,1,32.32971954345703,entertainment
389,362,4,881460608.0,F,0,41.06909942626953,writer
833,447,3,877985920.0,M,1,22.0,writer
608,673,5,884592832.0,M,1,26.495494842529297,other
276,958,4,876324544.0,M,1,19.842927932739258,student
262,225,3,875246016.0,F,0,20.761760711669922,student
200,210,4,887285248.0,M,1,32.56266784667969,programmer
933,53,1,876506496.0,M,1,20.383893966674805,student
837,1147,1,883323328.0,F,0,26.93067169189453,artist
531,347,4,885539520.0,F,0,29.235567092895508,salesman
196,1444,4,884485824.0,F,0,35.855079650878906,writer
194,678,2,882628864.0,M,1,36.91297912597656,administrator
860,517,4,884556224.0,F,0,54.0,retired
621,975,4,881260096.0,M,1,21.0,student
201,1153,2,885155456.0,M,1,31.89731216430664,writer
308,1210,1,885046784.0,M,1,30.071788787841797,retired
524,479,4,885059648.0,M,1,52.086158752441406,librarian
523,492,4,888407744.0,F,0,47.497764587402344,administrator
157,434,4,881075328.0,M,1,33.277679443359375,engineer
727,207,5,884408704.0,M,1,19.18861198425293,student
495,194,3,884063616.0,M,1,28.88549041748047,engineer
417,94,2,881834112.0,F,0,28.456024169921875,other
494,285,5,883765440.0,F,0,55.032440185546875,administrator
751,895,2,882841984.0,F,0,24.500553131103516,student
186,242,1,879530880.0,F,0,30.842561721801758,executive
299,588,4,883419968.0,M,1,30.981958389282227,doctor
347,64,5,883938304.0,M,1,18.0,student
654,582,4,888951808.0,F,0,24.939786911010742,student
479,209,4,883303616.0,M,1,28.20602035522461,educator
311,133,4,883600704.0,M,1,28.454408645629883,technician
311,2,4,887891008.0,M,1,32.21427536010742,technician
871,262,3,885604608.0,M,1,38.0,executive
236,610,5,884608960.0,M,0,43.602481842041016,writer
374,82,4,885473088.0,M,1,31.343271255493164,executive
201,117,2,884249600.0,M,1,30.422239303588867,writer
327,1160,4,881512640.0,M,1,26.999998092651367,student
405,1413,1,884906496.0,F,0,25.76194953918457,healthcare
870,230,4,883344832.0,M,1,20.913124084472656,student
13,610,1,883068160.0,M,1,38.82819366455078,educator
904,147,4,881602048.0,F,0,21.758949279785156,student
276,53,1,883216000.0,M,1,23.10741424560547,student
551,105,4,889065088.0,M,1,22.0,programmer
707,88,3,884088192.0,F,0,28.432003021240234,librarian
591,181,3,885054976.0,F,0,39.13722229003906,administrator
437,739,5,884391488.0,F,0,30.161996841430664,other
507,1039,5,891297216.0,F,0,31.67980194091797,writer
498,275,4,885361088.0,M,1,35.034278869628906,writer
181,457,1,884418368.0,M,1,26.268638610839844,executive
751,71,4,886074048.0,F,0,33.63755798339844,other
379,683,3,886504768.0,M,1,29.466510772705078,programmer
79,281,5,887760640.0,F,0,34.79021453857422,administrator
714,71,3,888860864.0,M,1,30.28614044189453,engineer
100,357,5,886326144.0,M,1,35.09668731689453,executive
807,333,4,889017728.0,F,0,35.0,healthcare
248,427,4,886541376.0,M,1,24.252044677734375,student
901,237,4,884104256.0,M,1,28.964509963989258,executive
666,151,4,884007040.0,M,1,30.29103660583496,administrator
417,477,1,882095680.0,F,0,26.65799331665039,other
254,1218,3,885159616.0,M,1,38.37541580200195,educator
334,1412,2,890811456.0,M,1,30.940448760986328,librarian
256,63,3,881043904.0,F,0,28.999998092651367,none
614,1005,3,884085696.0,M,1,41.40827178955078,educator
155,1023,2,881635072.0,F,0,30.094999313354492,other
478,208,4,884104576.0,M,1,29.397478103637695,other
288,180,5,882416640.0,M,1,36.51117706298828,marketing
918,887,4,888543488.0,M,1,31.064672470092773,engineer
908,222,3,884154624.0,F,0,42.245635986328125,librarian
627,223,3,880607552.0,M,1,33.0,engineer
854,24,3,881843520.0,F,0,20.0,student
54,628,4,880900288.0,M,1,31.55272674560547,executive
682,664,3,886916480.0,M,1,28.71976661682129,programmer
116,505,3,888342080.0,M,1,43.25136184692383,healthcare
279,591,4,884095488.0,M,1,25.653104782104492,programmer
130,218,4,878231360.0,M,1,28.70388412475586,none
271,265,4,883638720.0,M,1,31.83267593383789,engineer
532,172,5,886678656.0,M,1,31.57969856262207,student
892,322,3,881547776.0,M,1,35.40604782104492,other
152,225,4,882937664.0,F,0,32.995094299316406,educator
18,153,3,880172672.0,F,0,31.8458194732666,other
354,283,3,889195584.0,F,0,34.01568603515625,librarian
547,333,4,887608000.0,M,1,43.651065826416016,educator
643,969,4,885552128.0,M,1,31.108217239379883,scientist
116,1282,2,884369152.0,M,1,35.0,healthcare
270,148,5,879667776.0,F,0,18.645187377929688,student
102,845,4,886847552.0,M,1,29.30482292175293,programmer
655,945,3,887969856.0,F,0,41.0,healthcare
927,183,4,880796736.0,M,1,25.504209518432617,programmer
194,157,5,874965504.0,M,1,25.399616241455078,administrator
305,89,5,884608896.0,M,1,32.985252380371094,programmer
133,274,3,886526528.0,M,1,32.07804870605469,engineer
666,427,4,882767872.0,M,1,37.417022705078125,administrator
458,179,2,886469888.0,M,1,30.139841079711914,technician
450,345,5,885531456.0,F,0,37.882606506347656,educator
474,1050,5,886745024.0,M,1,39.12848663330078,executive
374,147,3,879641856.0,M,1,28.600543975830078,executive
449,139,1,883212608.0,M,1,30.712839126586914,librarian
462,601,5,884040320.0,F,0,20.495389938354492,student
391,684,4,876524928.0,M,1,20.744510650634766,student
889,168,4,881560256.0,M,1,26.885183334350586,technician
585,191,3,887771520.0,M,1,40.544795989990234,librarian
795,630,3,883819072.0,M,1,26.999998092651367,programmer
745,565,4,883827584.0,M,1,31.624839782714844,writer
234,664,3,889916800.0,M,1,50.0,retired
840,770,5,887574528.0,M,1,27.92660903930664,artist
313,53,3,885917760.0,M,1,34.58867263793945,marketing
665,209,4,882048576.0,M,1,27.40127182006836,administrator
92,1028,3,877934720.0,M,1,33.15765380859375,entertainment
618,995,3,888968448.0,F,0,27.99358558654785,student
392,151,4,884942528.0,M,1,32.594444274902344,writer
378,173,4,883812160.0,M,1,23.0,student
397,186,5,882975424.0,M,1,18.0,student
23,25,4,879736256.0,F,0,30.952489852905273,artist
393,806,3,884095808.0,M,1,19.738113403320312,student
10,289,4,884738112.0,M,1,38.0,lawyer
913,979,4,883017600.0,M,1,31.279647827148438,student
521,144,3,878739776.0,M,1,28.13898277282715,student
577,172,4,880578816.0,F,0,21.687992095947266,student
406,318,4,884817856.0,M,1,37.12990188598633,educator
193,294,4,889182656.0,M,1,28.657155990600586,administrator
639,662,4,890125312.0,F,0,42.15572738647461,librarian
262,70,3,879546816.0,F,0,20.464557647705078,student
442,578,2,882688256.0,M,1,19.608125686645508,student
617,406,3,885128000.0,F,0,31.097270965576172,writer
194,719,1,880728960.0,M,1,30.338699340820312,administrator
766,436,4,885821504.0,M,1,37.23689651489258,other
721,325,1,880201856.0,F,0,28.330429077148438,entertainment
406,794,4,880246400.0,M,1,41.53744125366211,educator
234,293,3,889927872.0,M,1,53.48270797729492,retired
537,392,3,885512704.0,M,1,38.619354248046875,engineer
759,118,2,880301888.0,F,0,24.011396408081055,student
217,323,4,887722176.0,M,1,24.999998092651367,other
795,322,3,883855936.0,M,1,26.999998092651367,programmer
633,168,4,879138816.0,M,1,28.47368621826172,programmer
291,24,3,882481088.0,M,1,19.91737937927246,student
295,15,5,881981632.0,M,1,38.68128204345703,educator
524,301,4,885266944.0,M,1,48.114200592041016,educator
34,340,4,884347008.0,F,0,41.00991439819336,administrator
504,984,4,885619200.0,F,0,34.7686767578125,writer
504,686,4,886346112.0,F,0,36.098575592041016,writer
60,1497,4,885767680.0,M,1,37.66737365722656,educator
504,4,3,882955968.0,F,0,34.61735534667969,writer
721,277,3,884342144.0,M,1,26.5643367767334,entertainment
711,204,5,879196800.0,F,0,30.708602905273438,student
750,1078,3,883929472.0,M,1,23.09225845336914,administrator
347,550,5,883712960.0,M,1,21.26352310180664,student
295,15,5,882085632.0,M,1,34.84886169433594,educator
837,304,4,883143488.0,F,0,29.43724822998047,artist
523,306,4,882585728.0,F,0,47.18529510498047,administrator
130,206,4,879387712.0,M,1,24.322418212890625,none
487,952,3,884145152.0,M,1,32.0,engineer
223,259,4,887954432.0,F,0,23.271909713745117,student
456,23,3,882316416.0,M,1,26.85647201538086,technician
174,445,2,885668288.0,F,0,34.50367736816406,administrator
343,175,5,883428864.0,M,1,29.369165420532227,engineer
201,252,3,882883328.0,M,1,29.650110244750977,writer
909,191,5,886421120.0,F,0,50.0,librarian
264,313,5,886659968.0,F,1,31.254247665405273,writer
378,508,3,884070208.0,M,1,28.927736282348633,student
92,527,3,878526592.0,M,1,37.172447204589844,entertainment
279,299,4,884038016.0,M,1,27.23757553100586,programmer
896,482,3,891037632.0,M,1,24.613393783569336,student
833,25,4,875063616.0,M,1,27.072813034057617,writer
666,531,4,884163328.0,M,1,36.24204635620117,administrator
62,118,2,882778240.0,F,0,37.776039123535156,administrator
770,692,4,880086528.0,M,1,17.0,student
644,183,4,886282496.0,M,1,51.02253341674805,retired
694,255,4,883481408.0,M,1,35.582847595214844,programmer
650,466,3,887313920.0,M,1,38.996429443359375,engineer
264,116,5,885057536.0,F,0,33.74817657470703,writer
650,573,3,889403392.0,M,1,28.999998092651367,engineer
118,276,5,878023808.0,M,1,31.820058822631836,administrator
417,1060,3,880984896.0,F,0,35.0,other
227,15,4,879473024.0,M,1,23.0,executive
450,716,4,883592064.0,F,0,37.727352142333984,educator
406,328,2,879281920.0,M,1,42.34053421020508,educator
11,26,4,887004352.0,F,0,38.56841278076172,other
509,1267,1,885114688.0,M,1,28.999998092651367,student
343,203,5,882055808.0,M,1,30.855134963989258,engineer
327,318,4,887230464.0,M,1,19.96320343017578,student
541,345,4,886117632.0,M,0,19.461519241333008,student
864,98,2,885748736.0,M,1,27.049182891845703,programmer
452,204,4,891354048.0,M,1,35.084434509277344,administrator
243,1143,3,877660224.0,M,1,38.21772384643555,educator
807,174,4,887716352.0,F,0,40.16244125366211,healthcare
115,7,5,880777280.0,M,1,29.97285270690918,engineer
936,250,4,891723712.0,M,1,34.7833137512207,other
121,736,5,887028224.0,M,1,45.02848434448242,librarian
826,91,4,888466496.0,M,1,28.580196380615234,artist
504,756,5,884458176.0,F,0,36.416908264160156,writer
252,162,2,887690688.0,M,1,42.737998962402344,engineer
500,294,3,886218240.0,M,1,30.984540939331055,administrator
405,422,1,883784384.0,F,0,26.999998092651367,healthcare
387,161,5,882379264.0,M,1,25.987197875976562,entertainment
216,276,2,884221120.0,M,1,27.817787170410156,engineer
54,261,3,881091456.0,M,1,28.00143814086914,executive
108,177,4,883625216.0,M,1,37.672515869140625,educator
311,651,5,884269824.0,M,1,28.69631004333496,technician
401,1448,4,887150848.0,F,0,41.98646926879883,healthcare
425,676,5,881114944.0,M,1,18.0,student
642,281,4,883513472.0,F,0,18.343246459960938,student
151,95,5,880626048.0,F,0,33.84345245361328,administrator
314,1284,4,879150400.0,F,0,19.408159255981445,student
279,508,1,884140672.0,M,1,24.091684341430664,programmer
487,549,4,884011648.0,M,1,29.024038314819336,engineer
193,271,2,889574592.0,M,1,22.607942581176758,student
795,546,3,882260160.0,M,1,26.974172592163086,programmer
795,1497,3,884206848.0,M,1,21.0,programmer
298,127,5,891384128.0,M,1,34.485687255859375,executive
758,82,4,885216448.0,M,1,21.489959716796875,student
298,919,5,884038848.0,M,1,33.93092346191406,executive
804,1149,4,880713216.0,M,1,30.04823875427246,educator
758,195,5,883592960.0,M,1,20.741046905517578,student
239,153,5,876250816.0,M,1,29.84705352783203,artist
465,147,4,880548096.0,M,1,31.28498649597168,other
449,638,4,887792128.0,M,1,40.86894226074219,librarian
486,823,2,882075072.0,M,1,23.0,educator
883,435,5,892920320.0,M,1,36.6285400390625,librarian
343,98,5,880043072.0,M,1,31.19927215576172,engineer
347,318,5,882972160.0,M,1,19.811107635498047,student
13,1128,3,885606336.0,M,1,37.563232421875,educator
437,660,4,884422784.0,F,0,30.846054077148438,other
286,109,4,879764544.0,M,1,19.47443389892578,student
916,492,3,883537728.0,M,1,32.059043884277344,engineer
64,302,4,888720128.0,M,1,32.2944221496582,student
380,432,4,886806848.0,M,1,31.0,engineer
517,1035,3,884327296.0,M,1,21.34008026123047,student
486,225,4,884102208.0,M,1,31.0,educator
303,393,4,883620608.0,M,1,19.640872955322266,student
110,346,4,888081024.0,M,1,31.0286808013916,student
537,1184,3,882343680.0,M,1,30.4732608795166,engineer
705,213,5,880531520.0,F,0,21.078506469726562,student
379,699,4,886043264.0,M,1,30.267284393310547,programmer
640,173,5,885253888.0,M,1,23.999755859375,student
545,719,3,881676672.0,M,1,25.571245193481445,technician
676,748,4,890955904.0,M,1,31.22826385498047,librarian
495,83,4,885662528.0,M,1,30.819992065429688,engineer
711,325,4,877442112.0,F,0,22.105695724487305,student
294,909,3,882032128.0,M,1,30.84488296508789,administrator
537,416,3,885278528.0,M,1,34.22604751586914,engineer
341,550,4,885307776.0,F,0,18.0,student
343,276,4,881981056.0,M,1,30.91573715209961,engineer
561,988,3,886594176.0,M,1,26.96063804626465,engineer
201,249,2,884948864.0,M,1,27.45897674560547,writer
351,286,4,880937728.0,F,0,45.52009963989258,educator
178,938,4,887277952.0,M,1,25.484834671020508,other
244,222,4,881491200.0,M,1,28.291913986206055,technician
323,173,3,880241856.0,M,1,25.807754516601562,student
806,333,4,882001024.0,M,1,24.999998092651367,marketing
234,960,2,890602816.0,M,1,44.0,retired
378,117,3,880649856.0,M,1,21.461883544921875,student
3,340,3,882955712.0,M,1,31.64608383178711,writer
882,154,4,881167616.0,M,1,28.818893432617188,engineer
249,959,5,885729472.0,M,1,23.049413681030273,student
889,515,3,883442176.0,M,1,28.670740127563477,technician
425,1510,3,884862336.0,M,1,21.408233642578125,student
399,111,3,884484416.0,M,1,29.739748001098633,other
109,69,4,883853184.0,M,1,26.999998092651367,other
270,64,4,879770112.0,M,1,21.607271194458008,student
330,98,5,880474496.0,F,0,28.667583465576172,educator
334,253,4,879466816.0,M,1,27.567991256713867,librarian
6,235,4,883905792.0,M,1,29.030689239501953,executive
15,118,4,882092544.0,F,0,33.39056396484375,educator
6,255,4,885213120.0,M,1,41.92124557495117,executive
246,385,4,881951680.0,M,1,19.007137298583984,student
745,531,4,881840064.0,M,1,30.912302017211914,writer
788,665,5,881024896.0,M,1,35.0,administrator
417,260,4,885295040.0,M,0,24.693225860595703,artist
30,117,3,878321600.0,M,1,18.0,student
473,1086,5,879170688.0,M,1,19.998233795166016,student
783,238,4,885073536.0,M,1,28.999998092651367,marketing
592,24,4,881988160.0,M,1,19.364608764648438,student
643,571,3,886200448.0,M,1,38.0,scientist
221,70,4,878043584.0,M,1,22.095853805541992,student
920,150,3,883357568.0,F,0,29.102279663085938,artist
293,252,3,889655488.0,M,1,33.83800506591797,writer
805,988,2,880078656.0,F,0,23.97434425354004,other
6,294,4,886251200.0,M,1,32.216514587402344,executive
330,276,5,876872192.0,M,1,28.91771697998047,educator
64,179,4,885978048.0,M,1,38.331520080566406,educator
713,294,3,886459072.0,F,0,39.0,other
1,238,4,884182912.0,M,1,29.409618377685547,technician
342,423,3,877883584.0,F,0,30.289636611938477,other
276,73,2,876535680.0,M,1,29.331777572631836,student
299,820,4,882977920.0,M,1,26.873371124267578,doctor
892,209,4,886202048.0,M,1,33.202392578125,other
610,790,4,888481536.0,M,1,21.12523651123047,student
763,100,4,881301632.0,M,1,32.272705078125,scientist
235,286,3,888182528.0,M,1,42.0,educator
22,222,4,881165056.0,M,1,29.648563385009766,technician
660,682,3,885321472.0,M,1,19.991682052612305,student
311,193,4,885444288.0,M,1,34.0,technician
92,737,3,880009856.0,M,1,27.378944396972656,entertainment
901,480,5,883042176.0,M,1,29.306447982788086,executive
13,245,3,891717376.0,M,1,34.74309158325195,educator
351,205,4,889069824.0,M,1,46.26482009887695,educator
684,8,5,883516288.0,M,1,19.006031036376953,student
118,761,4,882353664.0,M,1,36.72666931152344,administrator
939,155,5,884215168.0,F,0,19.717931747436523,student
279,1163,3,882422272.0,M,1,25.90625,programmer
346,25,2,879473024.0,M,1,24.999998092651367,other
109,69,4,884749312.0,F,1,30.931318283081055,other
521,132,4,886318592.0,M,1,31.02068328857422,student
92,741,4,880550208.0,M,1,31.062349319458008,entertainment
435,85,4,889909120.0,M,1,24.15366554260254,engineer
642,40,3,883326848.0,F,0,28.734416961669922,student
159,502,2,883016768.0,F,0,30.218067169189453,student
354,905,3,889811456.0,F,0,26.999998092651367,librarian
796,847,1,884499968.0,F,0,30.81669807434082,writer
456,182,4,882701312.0,M,1,29.70923614501953,student
83,208,4,882647296.0,M,1,30.03738021850586,other
198,216,4,883118656.0,F,0,21.116493225097656,student
559,332,3,887374336.0,M,1,49.0,executive
655,511,4,885032192.0,F,0,43.0,healthcare
181,741,4,879191360.0,M,1,27.041675567626953,executive
279,188,4,884165760.0,M,1,27.713424682617188,programmer
559,286,2,888955008.0,M,1,51.00575637817383,executive
494,716,4,881675392.0,F,0,37.5833854675293,administrator
655,382,3,885753664.0,F,0,36.03071212768555,healthcare
28,93,4,876736832.0,M,1,25.587167739868164,writer
407,13,4,880862592.0,M,1,26.795761108398438,engineer
336,216,4,880784256.0,M,1,29.324743270874023,salesman
371,100,4,883841920.0,M,1,28.999998092651367,engineer
455,185,4,886937472.0,M,1,50.0,administrator
883,505,3,883987584.0,M,1,43.755802154541016,librarian
916,455,3,883393728.0,M,1,28.53240966796875,engineer
514,50,4,879378240.0,M,1,28.520214080810547,programmer
221,443,4,883776000.0,M,1,18.119516372680664,student
265,56,5,879458176.0,M,1,28.43269920349121,executive
177,318,4,882812672.0,M,1,32.06970977783203,educator
921,379,2,875280384.0,F,1,27.254968643188477,student
343,1,4,878586816.0,F,0,30.7022647857666,engineer
890,187,5,884285248.0,M,1,39.0,student
130,383,5,878697792.0,M,1,23.265457153320312,none
416,307,4,889934208.0,F,0,23.97103500366211,student
882,79,4,883868544.0,M,1,25.999998092651367,engineer
854,447,4,883976576.0,F,0,21.63523292541504,student
64,286,4,886168640.0,M,1,40.115535736083984,educator
727,24,3,882595904.0,M,1,20.445419311523438,student
312,191,4,889870016.0,M,1,35.82740783691406,librarian
642,156,2,886276544.0,M,0,15.999999046325684,student
297,273,4,877455872.0,F,0,31.57683753967285,educator
655,709,3,889308480.0,F,0,33.52561950683594,healthcare
95,215,4,883227328.0,M,1,29.703548431396484,administrator
455,1281,2,880417856.0,M,1,38.434814453125,administrator
896,566,2,888451648.0,M,1,29.743131637573242,writer
932,141,3,890377664.0,M,1,45.47029495239258,educator
722,243,3,886167616.0,F,0,32.10258102416992,homemaker
361,95,4,880447360.0,M,1,25.469358444213867,student
913,750,4,888898240.0,M,1,22.894607543945312,student
500,155,1,886505408.0,M,1,26.3424072265625,administrator
871,108,3,884065728.0,M,1,28.402446746826172,executive
537,735,2,880119104.0,M,1,37.389312744140625,engineer
207,528,3,880914816.0,M,1,32.760475158691406,marketing
360,265,4,881704832.0,M,1,34.26332473754883,other
13,659,3,885241600.0,M,1,38.0,educator
712,44,3,878185536.0,F,0,20.699703216552734,student
293,402,3,884190848.0,M,1,32.699317932128906,writer
388,780,5,886797760.0,M,1,21.37944793701172,student
293,5,3,888942848.0,M,1,25.870473861694336,writer
346,218,3,877993792.0,M,1,28.152650833129883,other
327,522,4,886246336.0,M,1,20.508262634277344,student
497,95,4,875811456.0,M,1,25.3306941986084,student
42,94,2,881579648.0,M,1,30.0455265045166,administrator
738,357,4,883461440.0,M,1,28.953571319580078,technician
551,288,4,889859200.0,M,1,30.926122665405273,programmer
620,275,5,887822080.0,F,0,28.20473289489746,writer
207,15,4,882434304.0,M,1,33.70376968383789,marketing
235,303,4,889358400.0,M,1,27.999998092651367,educator
234,654,5,886168704.0,M,1,46.0,retired
591,584,3,887563712.0,F,0,44.8896369934082,librarian
296,367,4,884140864.0,F,0,30.922252655029297,administrator
880,1497,2,883890560.0,M,1,17.0,student
576,328,3,884281024.0,M,1,37.52602005004883,executive
894,7,4,881860032.0,M,1,38.46350860595703,educator
499,195,4,883449600.0,M,1,28.48663330078125,programmer
454,659,3,885538112.0,M,1,43.53820037841797,other
391,79,5,878013632.0,M,1,23.999998092651367,student
573,1501,5,888131136.0,M,1,56.43825912475586,retired
738,499,4,884289088.0,M,1,30.250486373901367,technician
525,845,3,880915968.0,F,0,28.891931533813477,administrator
747,9,5,884469440.0,M,1,25.05840301513672,other
738,17,4,883005504.0,M,1,29.91275978088379,technician
123,379,4,882023808.0,F,0,29.167606353759766,artist
269,139,1,889626304.0,F,0,31.64007568359375,librarian
457,64,5,880984512.0,F,0,30.686723709106445,salesman
60,471,2,881956672.0,M,1,42.1861686706543,healthcare
840,257,3,883880832.0,M,1,28.304412841796875,artist
572,164,4,877978752.0,M,1,37.819435119628906,educator
94,295,3,884890432.0,M,1,26.95395278930664,student
49,934,3,884902656.0,F,0,29.076332092285156,student
28,129,4,880590016.0,M,1,31.53200340270996,writer
371,71,4,879660864.0,M,1,31.66234016418457,engineer
804,466,4,879042688.0,M,1,36.4005241394043,educator
429,656,3,881548288.0,M,1,20.523056030273438,student
347,50,5,881514176.0,M,1,29.77035903930664,student
632,168,4,883609088.0,M,1,22.485923767089844,student
293,1267,4,887753792.0,M,1,28.316204071044922,writer
654,509,3,884369536.0,F,0,19.65719223022461,student
113,404,4,882774656.0,M,1,28.849590301513672,executive
634,121,4,878702208.0,M,1,30.816852569580078,engineer
452,421,4,885810112.0,M,1,27.911033630371094,administrator
174,258,5,885934208.0,F,0,31.76224136352539,administrator
208,214,4,880609984.0,M,1,38.0,engineer
640,549,4,881714304.0,M,1,20.208080291748047,student
109,380,3,884915008.0,M,1,27.817764282226562,other
184,528,4,889239680.0,M,1,40.2971076965332,librarian
727,554,2,883600832.0,M,0,25.463788986206055,student
707,528,3,885266112.0,F,0,46.83586120605469,librarian
468,423,4,878488960.0,M,1,27.34708595275879,engineer
629,161,3,886800640.0,F,0,28.7215576171875,other
871,78,3,883720576.0,M,1,27.790882110595703,other
648,509,3,885377408.0,M,1,38.0,engineer
254,333,4,883531520.0,M,1,39.716392517089844,educator
144,751,4,887158912.0,M,1,32.760765075683594,programmer
700,237,3,883201792.0,M,1,22.654369354248047,student
279,456,4,884125760.0,M,1,28.228097915649414,programmer
682,5,3,885089472.0,M,1,26.96341323852539,programmer
342,515,5,880787776.0,F,0,29.02350425720215,other
235,181,4,891037952.0,M,1,34.499305725097656,educator
692,22,5,881515200.0,M,1,34.398101806640625,educator
864,9,5,884850880.0,M,1,28.06288719177246,programmer
508,1,3,886209024.0,M,1,31.998525619506836,marketing
615,95,4,879654080.0,M,1,39.430152893066406,educator
454,429,3,886396032.0,M,1,36.88874053955078,other
846,343,5,887460288.0,M,1,28.177595138549805,lawyer
638,127,5,880211264.0,M,1,35.25536346435547,scientist
870,418,4,878377280.0,M,1,35.0,student
7,97,5,888176448.0,M,0,44.0,administrator
130,1233,4,891034176.0,M,1,24.891706466674805,none
412,4,5,884637888.0,M,1,45.37554168701172,educator
445,346,4,890472256.0,M,1,25.831409454345703,writer
155,374,3,884620416.0,F,0,30.55816650390625,other
29,549,3,883927680.0,M,1,27.65569496154785,programmer
694,223,4,883997312.0,M,1,29.72446060180664,programmer
534,186,4,882292416.0,M,1,20.226898193359375,student
13,984,2,884692608.0,M,1,30.8946590423584,educator
524,732,4,883752896.0,M,1,36.396209716796875,educator
406,216,5,880004352.0,M,1,24.999998092651367,educator
297,704,3,875729664.0,F,0,27.334976196289062,educator
823,188,4,885738496.0,M,1,28.791088104248047,artist
81,55,5,891354240.0,M,1,34.30517578125,student
262,411,3,880528768.0,F,0,18.09360122680664,student
173,157,4,878164096.0,M,1,25.68977928161621,other
455,294,4,882795840.0,M,1,40.200439453125,administrator
883,173,5,883972096.0,M,1,26.999998092651367,programmer
537,160,3,891209024.0,M,1,32.679359436035156,engineer
561,546,4,891038208.0,M,1,25.83555793762207,engineer
798,781,3,881822144.0,F,1,27.919343948364258,writer
342,255,3,879351872.0,F,0,32.854713439941406,other
506,302,4,883981696.0,M,1,35.63675308227539,programmer
705,588,5,883936832.0,F,0,17.251022338867188,student
394,157,3,884075968.0,M,1,28.77073860168457,administrator
328,531,4,882077568.0,M,1,38.71202087402344,administrator
455,237,3,880790080.0,M,1,38.399269104003906,administrator
10,333,4,884046464.0,M,1,34.292930603027344,lawyer
307,402,3,879481536.0,M,1,19.967836380004883,student
562,934,3,881701568.0,F,0,34.01373291015625,administrator
625,7,4,881800576.0,M,1,22.079120635986328,student
224,610,2,888744192.0,F,0,45.57918167114258,educator
638,97,2,879380864.0,M,1,29.25505256652832,engineer
474,238,4,883964864.0,M,1,28.824249267578125,executive
660,569,3,884207040.0,M,1,20.154067993164062,student
526,216,3,882045312.0,M,1,33.498573303222656,marketing
311,187,5,883232960.0,M,1,29.64834213256836,technician
428,487,4,891723264.0,M,1,26.840078353881836,student
269,81,2,889582848.0,F,0,31.355531692504883,librarian
49,877,3,885645120.0,F,0,18.606782913208008,student
287,470,3,880975552.0,M,1,22.98284149169922,salesman
276,928,5,875811136.0,M,1,19.103466033935547,student
7,595,4,887681088.0,M,1,40.940608978271484,administrator
395,289,3,884311168.0,M,1,36.541568756103516,other
60,178,4,885022656.0,M,1,44.45914840698242,healthcare
658,443,3,884438784.0,M,1,30.19179344177246,programmer
617,240,1,891388480.0,F,0,24.83940887451172,writer
921,756,2,875384960.0,F,0,22.383190155029297,student
450,1556,4,883802688.0,F,0,37.75408935546875,educator
370,1039,4,884372352.0,M,1,35.04939270019531,writer
537,591,2,884233984.0,M,1,32.366722106933594,engineer
790,108,3,878514176.0,M,1,26.56297492980957,technician
256,363,4,881384384.0,F,0,23.0,none
116,327,3,883451072.0,M,1,43.7598991394043,healthcare
514,47,4,882671424.0,M,1,26.999998092651367,student
606,1051,4,882283968.0,M,1,23.0,programmer
334,1018,4,888901248.0,M,1,35.006771087646484,librarian
184,510,4,890623040.0,M,1,34.304466247558594,librarian
851,1672,3,882435264.0,M,1,22.873004913330078,other
102,326,3,883750656.0,M,1,26.999998092651367,programmer
338,1105,4,887010816.0,F,0,46.210411071777344,librarian
321,216,4,880624896.0,F,0,42.81874465942383,educator
405,726,1,884590208.0,F,0,25.684635162353516,healthcare
650,751,3,884436736.0,M,1,28.286930084228516,engineer
393,1060,4,884648064.0,M,1,18.64769744873047,student
283,79,5,878619968.0,M,1,26.552919387817383,engineer
883,300,4,887751424.0,M,1,35.0,engineer
194,252,3,879388352.0,M,1,27.512426376342773,administrator
585,568,3,889114624.0,M,1,46.9554328918457,librarian
407,1008,4,882716928.0,M,1,29.466156005859375,engineer
90,705,5,887160512.0,M,1,30.443727493286133,educator
601,159,4,880534208.0,F,0,26.076284408569336,artist
863,224,2,889892992.0,M,1,18.0,student
459,546,2,879019200.0,M,1,20.743465423583984,student
381,597,4,888409280.0,M,1,26.90717315673828,artist
868,175,5,878282368.0,M,1,26.759239196777344,programmer
474,181,4,882994944.0,M,1,33.45005416870117,executive
498,1297,4,884311232.0,M,1,33.88316345214844,writer
500,481,3,878184000.0,M,1,27.79411506652832,administrator
458,234,4,886719744.0,M,1,34.44318389892578,technician
796,427,4,891698240.0,F,0,38.346595764160156,writer
387,273,4,881560960.0,M,1,26.6282901763916,entertainment
406,183,5,879635200.0,M,1,46.0,educator
622,472,4,885232768.0,M,1,29.117515563964844,programmer
834,317,4,890276352.0,M,1,31.540843963623047,other
608,697,4,882952384.0,M,1,25.727487564086914,other
655,650,3,888900096.0,F,0,51.30175018310547,healthcare
397,292,4,887694848.0,M,1,18.0,student
896,709,4,887857728.0,M,1,30.129047393798828,writer
293,271,2,884284224.0,M,1,25.251972198486328,writer
72,343,5,885024832.0,F,0,39.0,administrator
655,414,3,888631104.0,F,0,37.31107711791992,healthcare
447,419,1,880651520.0,M,1,29.230459213256836,administrator
23,8,4,880597824.0,F,0,29.47061538696289,artist
318,517,4,887839296.0,M,1,51.55438232421875,retired
663,509,5,888104192.0,M,1,27.096282958984375,other
361,196,3,882050432.0,M,1,21.937767028808594,student
532,271,5,889451968.0,M,1,29.1645565032959,student
62,418,4,879725888.0,F,0,38.0,administrator
198,433,3,884504064.0,F,0,29.786968231201172,student
884,549,4,886344320.0,M,1,31.127168655395508,engineer
184,96,2,889769152.0,M,1,34.1468505859375,librarian
314,1419,5,880453504.0,F,0,18.015548706054688,student
250,149,4,880737600.0,M,1,26.409536361694336,executive
804,873,3,881045760.0,M,1,34.82118606567383,educator
360,735,3,878696576.0,M,1,35.204261779785156,other
198,699,4,882547456.0,F,0,24.796520233154297,student
25,79,4,879208960.0,M,1,30.359909057617188,engineer
897,461,3,884967168.0,M,1,20.0,other
144,310,4,884113280.0,M,1,28.994205474853516,programmer
264,269,4,884881280.0,F,0,33.6797981262207,writer
932,705,4,887203776.0,M,1,44.08844757080078,educator
663,213,5,883160064.0,M,1,31.419832229614258,other
510,693,2,886191744.0,M,1,23.88829231262207,other
916,484,3,884388864.0,M,1,30.357378005981445,engineer
545,566,4,885588096.0,M,1,29.34781837463379,technician
450,286,4,884478592.0,F,0,30.72893714904785,educator
90,100,5,889691648.0,M,1,53.0,educator
90,187,4,891383424.0,M,1,34.99443435668945,educator
506,471,4,878728896.0,M,1,34.152339935302734,programmer
665,5,4,884960000.0,M,1,28.65285873413086,administrator
227,91,3,880395648.0,M,1,30.429344177246094,executive
270,477,4,883932928.0,F,0,32.09014129638672,student
887,892,1,884857856.0,F,0,26.498472213745117,student
823,79,4,883214400.0,M,1,18.07787322998047,student
825,188,5,881452544.0,M,1,30.452333450317383,engineer
110,365,2,883645120.0,M,1,18.139785766601562,student
505,294,3,887096704.0,F,0,50.0,other
92,410,3,882128320.0,M,1,35.0,entertainment
450,401,4,884497728.0,F,0,37.0921630859375,educator
249,265,5,883651392.0,M,1,18.198453903198242,student
52,174,4,883377152.0,M,1,32.02902603149414,student
99,462,5,886087232.0,M,1,18.044708251953125,student
705,433,3,882115904.0,F,0,20.443557739257812,student
234,566,4,886786624.0,M,1,55.51542663574219,retired
826,260,4,886438592.0,M,1,18.0,artist
670,85,4,882270528.0,M,1,25.496196746826172,technician
232,258,4,884922176.0,M,1,32.599464416503906,scientist
332,779,2,886490752.0,M,1,20.080791473388672,student
867,1053,5,882167296.0,M,1,47.0,scientist
451,240,3,880696704.0,M,1,23.040607452392578,student
393,346,3,888472384.0,M,1,19.795387268066406,student
94,510,4,889024832.0,M,1,22.64837074279785,student
758,176,4,884088704.0,M,1,22.35302734375,student
815,328,5,879211520.0,M,1,27.154293060302734,other
70,88,4,881472768.0,M,1,26.101301193237305,engineer
202,15,4,879337408.0,F,0,42.054405212402344,educator
708,294,3,884196352.0,F,0,31.910343170166016,homemaker
856,528,3,880314368.0,F,0,43.5344123840332,librarian
682,1134,4,887181696.0,M,1,25.402563095092773,programmer
615,200,4,876018496.0,F,0,27.346294403076172,educator
391,185,4,875296960.0,M,1,26.093263626098633,student
493,168,5,881341824.0,M,1,27.57040023803711,engineer
144,685,4,887308096.0,M,1,36.37256622314453,programmer
92,153,3,874953792.0,M,1,29.83544158935547,entertainment
642,956,5,886443456.0,F,0,17.884632110595703,student
3,114,5,885216512.0,M,1,27.858657836914062,writer
267,117,4,880726720.0,M,1,32.120487213134766,engineer
863,693,2,887573120.0,M,1,21.324609756469727,student
942,604,4,890319616.0,F,0,44.61437225341797,librarian
75,13,4,879425216.0,M,1,28.81064796447754,writer
180,44,5,882589888.0,F,0,31.023542404174805,administrator
7,303,4,884212672.0,M,1,39.97209548950195,administrator
221,282,3,876853440.0,M,1,21.071331024169922,student
380,403,4,884111872.0,M,1,29.59319496154785,engineer
665,300,4,888892032.0,M,1,33.024497985839844,student
246,54,4,882789248.0,M,1,20.360292434692383,student
478,239,4,888792320.0,M,1,25.33885383605957,other
456,188,4,881503872.0,M,1,28.851980209350586,technician
577,1129,4,880856832.0,F,0,21.12215232849121,student
511,58,3,886158912.0,M,1,18.644760131835938,student
399,449,3,887078144.0,M,1,25.999998092651367,other
660,358,4,888871616.0,M,1,24.412721633911133,student
617,264,1,884328960.0,F,0,26.475162506103516,writer
42,82,4,880373888.0,M,1,30.62210464477539,administrator
871,796,3,881514688.0,M,1,31.201595306396484,executive
90,191,5,889165504.0,M,1,45.73301315307617,educator
399,58,2,884140160.0,M,1,28.99863624572754,other
347,651,4,883799616.0,M,1,21.08206558227539,student
716,136,3,883709952.0,F,0,41.284950256347656,administrator
721,282,5,879344896.0,F,0,28.74798011779785,entertainment
848,496,5,887569280.0,M,1,33.70936584472656,engineer
494,204,5,882363712.0,F,0,32.151039123535156,administrator
943,458,4,883750528.0,M,1,19.982704162597656,student
718,780,4,882851328.0,M,1,30.952133178710938,technician
474,494,4,889190784.0,M,1,48.22444152832031,executive
375,349,3,889226240.0,M,1,39.2310676574707,retired
630,1019,4,883930496.0,M,1,28.045406341552734,programmer
793,258,4,880047680.0,M,1,25.92051124572754,none
804,647,3,884567360.0,M,1,35.743370056152344,educator
815,1,5,879713280.0,M,1,26.678977966308594,other
543,222,4,883331200.0,M,1,28.787216186523438,scientist
163,629,5,884772672.0,M,1,46.0,retired
644,954,3,886803520.0,M,1,51.208404541015625,retired
109,1009,4,883036800.0,M,1,25.61090660095215,other
416,582,5,886302080.0,F,0,21.86642074584961,student
585,510,4,890680512.0,M,1,45.0,librarian
401,751,3,888960960.0,F,0,38.15056228637695,healthcare
499,597,4,885483200.0,M,1,26.5673770904541,programmer
604,767,4,875812096.0,M,1,29.324134826660156,educator
747,1277,5,883920512.0,M,1,23.20475959777832,other
890,143,5,882770496.0,M,1,20.180892944335938,student
430,181,3,883225344.0,M,1,34.689849853515625,scientist
694,475,4,878873408.0,M,1,24.999998092651367,programmer
719,542,4,882875456.0,F,0,24.22028350830078,other
474,178,4,888001152.0,M,1,36.53858184814453,executive
234,461,4,891213760.0,M,1,48.265602111816406,retired
587,693,4,888231488.0,M,1,24.69240379333496,other
493,792,2,884098752.0,M,1,29.882970809936523,engineer
185,845,4,886067840.0,F,0,44.895164489746094,librarian
87,210,5,883300480.0,M,1,29.85454750061035,artist
429,307,3,885276224.0,M,1,22.62198257446289,student
70,79,3,886483904.0,M,1,25.567684173583984,engineer
477,458,1,880137984.0,F,0,22.02862548828125,student
92,1046,3,879519552.0,M,1,26.909242630004883,entertainment
44,22,4,881781504.0,M,1,26.999998092651367,technician
90,521,5,884518336.0,M,1,46.300193786621094,educator
486,164,1,878539136.0,M,1,37.56174850463867,educator
130,258,5,883968512.0,M,1,25.999998092651367,none
534,100,4,882349760.0,M,1,21.719337463378906,student
880,407,2,882428928.0,M,1,24.027097702026367,student
597,147,4,875653952.0,M,1,26.260452270507812,other
227,216,4,880352768.0,M,1,31.7138671875,executive
393,903,3,888612672.0,M,1,20.18954086303711,student
629,382,3,881961216.0,F,0,27.18123435974121,other
325,660,2,886636416.0,M,1,32.499481201171875,technician
624,307,4,884161280.0,M,1,29.86416244506836,student
658,237,5,878498112.0,M,1,29.888071060180664,executive
474,121,4,887515008.0,M,1,39.69487380981445,executive
381,294,2,888545728.0,M,1,26.38311195373535,artist
567,129,5,883354880.0,M,1,25.679227828979492,entertainment
255,399,2,879444864.0,M,1,27.080148696899414,entertainment
429,692,4,881747328.0,M,1,24.999998092651367,student
13,31,1,883709504.0,M,1,36.62381362915039,educator
798,229,3,877475648.0,M,1,31.136438369750977,writer
897,137,4,883922240.0,M,1,29.346759796142578,other
236,255,5,883766528.0,F,0,30.770505905151367,writer
230,174,4,881604416.0,F,0,20.819690704345703,student
311,195,5,883592320.0,M,1,29.35715675354004,technician
144,86,4,887255104.0,M,1,38.01448059082031,programmer
697,58,4,884283904.0,M,1,24.25511932373047,other
360,181,4,885530112.0,M,1,39.389404296875,educator
551,512,4,889153024.0,M,1,27.371089935302734,programmer
360,98,5,880919168.0,M,0,38.84016418457031,other
921,756,2,880440320.0,F,0,23.0,student
295,333,4,883131392.0,M,1,36.64243698120117,educator
314,251,4,880603392.0,F,0,18.918989181518555,student
405,1440,1,883144832.0,F,0,26.106109619140625,healthcare
472,559,5,882902912.0,M,1,21.364219665527344,student
430,97,5,882008064.0,M,1,32.997291564941406,scientist
85,4,4,885643264.0,M,1,42.0,educator
85,284,3,884081472.0,M,1,40.61849594116211,educator
708,678,4,884481088.0,F,0,30.906599044799805,homemaker
218,845,3,879822272.0,M,1,29.751054763793945,administrator
455,89,4,880840256.0,M,1,38.949928283691406,administrator
293,903,2,884075904.0,M,1,27.69194221496582,writer
328,127,4,884104704.0,M,1,41.0,administrator
188,218,4,878246592.0,M,1,26.999998092651367,student
194,120,2,884578176.0,M,1,30.720897674560547,administrator
181,585,1,879704512.0,M,1,25.709497451782227,executive
943,451,2,883576704.0,M,1,18.287700653076172,student
131,172,4,882024512.0,F,1,42.91288757324219,administrator
200,176,4,886933248.0,M,1,29.557165145874023,programmer
234,823,2,889133312.0,F,0,50.77653884887695,retired
144,709,4,886705344.0,M,1,38.189300537109375,programmer
90,654,5,886302272.0,M,1,44.45315933227539,educator
537,126,4,882763456.0,M,1,18.0,engineer
604,236,4,880244416.0,M,1,39.85635757446289,educator
393,808,1,887409792.0,M,1,18.067838668823242,student
280,518,2,889727552.0,F,0,29.80690574645996,librarian
270,969,3,879685312.0,F,0,20.019344329833984,student
378,28,3,880308224.0,M,1,24.053333282470703,student
321,370,4,882945856.0,F,0,49.07866668701172,educator
567,295,4,882088832.0,M,1,29.1605224609375,entertainment
405,1400,5,884565760.0,F,0,27.956567764282227,healthcare
49,739,2,885183296.0,F,0,20.021839141845703,student
90,1005,3,891199936.0,M,1,33.98463439941406,educator
305,322,4,888967488.0,M,1,35.780670166015625,programmer
658,168,4,879165824.0,M,1,29.693872451782227,programmer
804,122,4,879084224.0,M,1,25.999998092651367,educator
521,150,3,882755904.0,M,1,21.094778060913086,student
889,132,4,876406976.0,M,1,26.54263687133789,technician
766,583,4,885222208.0,M,1,26.472272872924805,other
647,14,4,881791232.0,M,1,40.35564041137695,educator
880,95,4,880501888.0,M,1,18.758243560791016,student
378,367,3,891205312.0,M,1,20.406749725341797,student
676,280,4,889212544.0,M,1,30.958084106445312,programmer
40,845,3,887242944.0,M,1,31.360017776489258,scientist
426,50,4,882471296.0,M,1,39.0,educator
234,488,1,891083008.0,M,1,48.904850006103516,retired
60,59,4,884818560.0,M,1,37.16365051269531,healthcare
870,995,4,880962816.0,M,1,20.826995849609375,student
592,1166,1,883521984.0,F,0,19.016010284423828,student
450,1626,4,885605760.0,F,0,31.46565055847168,educator
234,495,3,889483776.0,M,1,50.97907257080078,retired
721,781,1,883808192.0,F,0,28.74710464477539,entertainment
863,938,3,891192256.0,F,0,20.381038665771484,student
608,603,4,886029696.0,M,1,32.452232360839844,other
89,202,5,879443264.0,F,0,28.28669548034668,administrator
342,195,3,879648960.0,F,0,31.004064559936523,other
343,433,5,883862528.0,M,1,25.999998092651367,engineer
284,322,3,885900672.0,M,1,44.0,programmer
303,97,3,879186048.0,M,1,19.570438385009766,student
455,88,3,879339520.0,M,1,34.0,administrator
788,490,2,883360384.0,M,1,47.425350189208984,administrator
456,318,4,882817280.0,M,1,29.048725128173828,technician
500,582,3,885440000.0,M,1,27.9559326171875,administrator
426,181,4,885076672.0,M,1,50.0,other
821,573,3,881546560.0,M,1,32.64686584472656,engineer
634,125,3,879281472.0,M,1,35.0,engineer
756,159,3,879268544.0,F,0,26.790279388427734,none
864,395,3,887636544.0,M,1,25.277681350708008,programmer
618,246,4,889633024.0,F,0,20.85009002685547,student
55,778,4,877992320.0,M,1,24.697776794433594,programmer
523,286,4,880401536.0,F,0,44.906612396240234,administrator
709,1429,5,884312000.0,M,1,28.628803253173828,other
806,127,5,879633216.0,M,1,35.26033020019531,marketing
632,242,4,877227328.0,M,1,22.352455139160156,student
732,684,3,884068800.0,F,0,25.999998092651367,student
85,291,4,879316160.0,M,1,42.7494010925293,educator
637,991,1,885389632.0,M,1,24.84376335144043,other
661,23,4,879165056.0,M,1,29.775545120239258,programmer
825,276,4,879434624.0,M,1,29.816070556640625,engineer
669,124,4,890132800.0,M,1,30.84453010559082,other
848,72,3,889541376.0,M,1,36.288818359375,engineer
883,867,4,888586752.0,M,1,44.0,librarian
158,121,4,882243648.0,M,1,35.0,educator
416,381,2,886693248.0,F,0,21.452316284179688,student
3,313,3,889614144.0,M,1,32.341102600097656,writer
897,91,4,885158464.0,M,1,28.999998092651367,other
357,273,5,882874368.0,M,1,28.505599975585938,executive
152,679,5,882800896.0,F,0,35.0,educator
767,481,5,886071808.0,M,1,52.0,engineer
406,183,4,878000000.0,M,1,23.0,educator
642,806,4,886131136.0,F,0,17.616382598876953,student
155,323,2,882547776.0,M,0,27.290830612182617,other
290,1501,3,878961792.0,M,1,36.79393768310547,other
95,294,3,883336704.0,M,1,31.0,administrator
271,100,3,885426560.0,M,1,45.55110549926758,engineer
831,847,3,887438784.0,M,1,31.050647735595703,other
561,126,1,884289344.0,M,1,26.511362075805664,engineer
479,65,4,877697920.0,M,1,35.00215148925781,educator
585,70,3,880973952.0,M,1,42.67277145385742,librarian
542,208,4,885300992.0,M,1,20.901458740234375,student
593,736,3,874874048.0,F,0,29.440452575683594,educator
370,340,3,882450752.0,M,1,35.05481719970703,scientist
727,1007,2,884516288.0,M,1,21.0,student
653,781,3,879347264.0,M,1,31.29145622253418,executive
639,478,5,891446912.0,F,0,36.59130096435547,librarian
840,565,5,885401856.0,M,1,28.333890914916992,artist
934,265,4,885678784.0,M,1,42.83567428588867,engineer
637,297,1,886586752.0,M,1,27.999998092651367,other
521,526,5,885271808.0,M,1,28.824199676513672,student
618,591,4,889612032.0,F,0,19.482101440429688,student
130,117,4,884362944.0,M,1,29.769136428833008,none
347,184,4,878870528.0,M,1,24.540096282958984,student
85,327,3,878513664.0,M,1,38.80754852294922,educator
22,269,4,881476928.0,M,1,34.124168395996094,writer
38,71,5,884475776.0,F,0,28.24822235107422,other
878,610,3,883161856.0,F,0,41.05966567993164,other
429,252,3,883909504.0,M,1,27.751388549804688,student
574,404,4,887800640.0,M,1,44.02401351928711,educator
658,66,3,884042624.0,M,1,37.82960891723633,marketing
932,333,4,883740992.0,M,1,30.836925506591797,educator
302,1066,2,881814336.0,M,1,40.549407958984375,educator
618,267,3,884646208.0,F,0,24.098356246948242,student
653,405,2,884263232.0,M,1,26.50229835510254,executive
431,340,4,888538624.0,M,1,43.959930419921875,educator
417,294,3,880078464.0,F,0,32.86331558227539,other
151,427,5,880921472.0,F,0,30.736114501953125,administrator
870,13,4,879618944.0,M,1,28.17620277404785,student
374,1076,3,880633024.0,M,1,29.665742874145508,executive
201,230,4,884887936.0,M,1,26.847023010253906,writer
353,322,4,891177600.0,M,1,28.579633712768555,student
387,56,5,881603264.0,M,1,26.420475006103516,entertainment
115,367,5,880981632.0,M,1,28.692609786987305,engineer
184,198,2,889909120.0,M,1,35.83997344970703,librarian
479,864,4,879027328.0,M,1,36.02981948852539,educator
327,95,4,885597824.0,M,1,20.41676902770996,student
848,165,5,888755136.0,M,1,28.862918853759766,engineer
380,502,4,884014912.0,M,1,28.223257064819336,engineer
393,186,3,883706880.0,M,1,11.0,student
311,161,5,890971648.0,M,1,31.255428314208984,technician
896,230,4,884745152.0,M,1,32.05281448364258,writer
618,234,4,888550016.0,F,0,20.935789108276367,student
770,172,4,880350656.0,M,1,25.09669303894043,engineer
207,112,3,881451520.0,M,1,43.89837646484375,marketing
803,570,4,882141696.0,M,1,36.256065368652344,administrator
130,260,3,879950720.0,M,1,22.911588668823242,none
650,198,4,891754944.0,M,1,41.49753189086914,engineer
537,880,3,886412032.0,M,1,28.883745193481445,engineer
144,147,4,884084544.0,M,1,34.72623062133789,programmer
880,372,4,883556800.0,M,1,18.767620086669922,student
863,584,2,890529344.0,M,1,20.329103469848633,student
378,118,4,879793920.0,M,1,21.142635345458984,student
16,56,5,882429696.0,M,1,27.013702392578125,entertainment
28,230,2,883846080.0,M,1,30.160900115966797,writer
472,22,5,880498944.0,M,1,20.34192657470703,student
892,436,4,884287744.0,M,1,29.825027465820312,other
551,612,5,885142016.0,M,1,35.0,programmer
887,1136,1,881680832.0,F,0,19.271764755249023,student
634,185,4,881315456.0,M,1,30.061626434326172,engineer
181,1027,1,880008448.0,M,1,26.572345733642578,executive
630,1504,3,884197696.0,F,0,33.279632568359375,healthcare
16,1149,5,883823936.0,M,1,25.70878791809082,entertainment
270,402,4,879255424.0,F,0,23.999998092651367,student
293,1220,4,884276032.0,M,1,28.545080184936523,writer
160,237,5,884030592.0,M,1,28.5224666595459,programmer
405,1307,1,882054080.0,F,0,26.188676834106445,healthcare
363,541,3,887160448.0,M,1,17.471397399902344,student
751,8,4,888082560.0,F,0,34.27241134643555,other
655,726,2,885018368.0,F,0,33.87694549560547,healthcare
585,435,5,887747840.0,M,1,36.28034210205078,librarian
387,443,4,880072768.0,M,1,26.432645797729492,entertainment
464,230,5,882950592.0,M,1,33.50071716308594,writer
288,258,5,886275776.0,M,1,27.50066375732422,marketing
246,873,5,882828160.0,M,1,17.501571655273438,student
804,493,3,884063808.0,M,1,28.9962215423584,educator
270,458,1,881718208.0,F,0,21.40460205078125,student
455,274,3,885546368.0,M,1,37.396240234375,administrator
596,665,3,891035456.0,M,1,26.955137252807617,artist
276,73,4,882539776.0,M,1,20.310165405273438,student
301,974,4,882519744.0,M,1,20.915855407714844,student
889,513,4,883052736.0,M,1,24.999998092651367,technician
327,235,2,892957888.0,M,1,30.785518646240234,student
339,1560,1,883180736.0,M,1,30.514699935913086,lawyer
330,283,5,880162944.0,F,0,35.14591979980469,other
717,178,4,882887296.0,M,1,30.09531021118164,technician
536,175,5,880538752.0,M,1,32.05128479003906,engineer
13,864,3,883907840.0,M,1,29.999998092651367,educator
14,275,4,884191360.0,M,1,29.016193389892578,scientist
826,238,4,886024128.0,M,1,26.370487213134766,artist
297,118,3,878298368.0,F,0,32.30168151855469,educator
833,93,4,885265600.0,M,1,29.852231979370117,writer
198,50,5,884281152.0,F,1,20.736026763916016,student
422,186,4,882429312.0,M,1,30.003337860107422,entertainment
880,227,4,880777088.0,M,1,19.370386123657227,student
457,526,1,881393024.0,F,0,30.94655990600586,salesman
401,1165,4,886090560.0,F,0,37.64453887939453,healthcare
642,1103,2,884785472.0,F,0,23.0,student
889,1039,4,881505984.0,M,1,26.216890335083008,technician
941,50,5,881285888.0,M,1,25.999998092651367,student
676,347,4,892993920.0,M,1,29.02268409729004,programmer
328,215,3,886376256.0,M,1,27.982221603393555,administrator
350,172,4,884402112.0,M,1,27.04663848876953,student
548,272,5,887067648.0,M,1,33.32014083862305,writer
425,411,3,882999040.0,M,1,18.664398193359375,student
354,171,3,889778176.0,F,0,35.38322830200195,librarian
655,292,3,888081216.0,F,0,45.0,healthcare
553,632,5,883857600.0,M,1,45.24782943725586,educator
481,318,5,887857600.0,M,1,50.0,librarian
314,394,4,874813696.0,F,0,29.40584945678711,student
299,271,2,884303808.0,M,1,40.0,doctor
119,223,4,883889792.0,M,1,30.641016006469727,programmer
297,284,3,881315008.0,F,0,38.026710510253906,educator
221,541,3,882693632.0,M,1,19.9195499420166,student
795,186,3,881598592.0,M,1,28.28934669494629,programmer
646,815,3,884947392.0,F,0,27.96453094482422,student
862,174,5,883732864.0,M,1,30.647127151489258,executive
568,236,4,878176192.0,M,1,36.44725799560547,educator
758,151,5,883280576.0,M,1,28.58384895324707,student
11,735,3,886324416.0,F,0,40.632896423339844,other
346,1230,1,883295680.0,M,1,27.999998092651367,other
379,684,3,883856064.0,M,1,28.80447769165039,programmer
303,475,4,879183232.0,M,1,28.23811912536621,student
889,246,3,881914048.0,M,1,24.238950729370117,technician
99,24,4,881783040.0,M,1,20.657550811767578,student
846,200,4,883286464.0,M,1,31.16267967224121,lawyer
625,571,3,888074304.0,M,1,27.17951774597168,programmer
872,15,5,882426880.0,F,0,20.134920120239258,student
168,58,4,881818048.0,M,1,28.30826187133789,other
311,652,4,883529216.0,M,1,28.234710693359375,technician
297,168,3,877840320.0,F,0,31.756263732910156,educator
50,199,5,884837760.0,M,1,28.85685157775879,technician
79,313,5,890418048.0,F,0,34.85673522949219,administrator
347,693,5,886355584.0,M,1,18.0,student
592,451,5,884052672.0,M,1,28.830907821655273,student
682,501,4,885915584.0,M,1,28.180604934692383,programmer
239,510,5,884227392.0,M,1,28.51811981201172,artist
259,373,5,883065216.0,F,1,22.924243927001953,writer
260,1139,5,887865408.0,F,0,27.488929748535156,artist
796,275,5,884368256.0,F,0,33.26934814453125,writer
347,474,5,883680448.0,M,1,20.928457260131836,student
178,995,4,886491328.0,M,1,28.558610916137695,other
899,134,5,885214528.0,M,1,31.0,other
178,252,4,891449792.0,M,1,28.018964767456055,other
714,50,5,892336064.0,M,1,32.95317077636719,engineer
452,65,4,879776384.0,M,1,32.968605041503906,administrator
13,641,5,884705472.0,M,1,37.8743896484375,educator
455,88,3,880227840.0,M,1,36.976524353027344,administrator
405,728,4,884953536.0,F,0,26.119121551513672,healthcare
429,761,2,882101120.0,M,1,20.282630920410156,student
533,449,3,887553408.0,M,1,37.17790985107422,librarian
707,657,3,884617472.0,F,0,52.69990921020508,librarian
291,240,4,883713088.0,M,1,29.50808334350586,student
495,715,3,884347520.0,M,1,30.41362190246582,engineer
698,199,4,884065088.0,F,0,33.744075775146484,programmer
457,333,4,880938560.0,F,0,32.84441375732422,salesman
181,688,1,879601984.0,M,1,25.718568801879883,executive
629,154,3,882278208.0,F,0,36.3951530456543,other
478,292,4,884727296.0,M,1,29.415815353393555,other
738,474,4,881950272.0,M,1,28.51831817626953,technician
835,181,4,884183104.0,F,0,32.73828887939453,executive
374,789,4,880286464.0,M,1,30.320777893066406,executive
920,245,3,883794688.0,F,0,31.06058692932129,artist
308,70,3,885966336.0,M,1,50.58446502685547,retired
311,544,4,883088320.0,M,1,30.6945743560791,technician
213,11,5,882137472.0,M,1,29.24025535583496,executive
109,1009,4,874953728.0,M,1,28.373563766479492,other
581,521,2,885213504.0,M,1,29.14636993408203,other
934,679,3,887693824.0,M,1,28.148303985595703,engineer
788,266,3,882909376.0,M,1,36.55221939086914,administrator
468,228,3,879541376.0,M,1,31.534149169921875,administrator
863,239,2,889209280.0,M,1,19.418733596801758,student
622,327,2,884462016.0,M,1,27.845211029052734,programmer
436,887,4,884201408.0,F,0,30.888683319091797,administrator
474,187,5,884377856.0,M,1,32.64884567260742,executive
263,302,5,890312576.0,M,1,36.91045379638672,programmer
579,222,4,881678336.0,M,1,40.419734954833984,educator
393,468,4,888663552.0,M,1,20.410539627075195,student
618,685,3,883217216.0,F,0,20.089553833007812,student
643,549,4,884573184.0,M,1,28.821237564086914,scientist
268,741,1,880056448.0,M,1,28.331327438354492,engineer
870,235,4,884039488.0,M,1,29.6785888671875,student
925,260,1,886142720.0,F,0,24.46488380432129,artist
99,779,4,885204480.0,M,1,26.814722061157227,student
463,937,3,884423104.0,F,0,27.934974670410156,healthcare
738,969,4,884085952.0,M,1,31.525108337402344,technician
326,183,4,878944640.0,M,1,36.11399841308594,administrator
617,674,1,883751744.0,F,0,29.863618850708008,writer
291,206,4,875509824.0,M,1,20.012548446655273,student
58,975,4,891038400.0,M,1,26.736469268798828,programmer
387,349,3,887248192.0,M,1,28.799354553222656,entertainment
588,337,3,884559872.0,F,0,25.24941635131836,student
187,283,3,878462336.0,M,1,41.48140335083008,educator
145,1001,1,884450112.0,M,1,26.94424057006836,entertainment
727,886,2,883541440.0,M,1,27.402544021606445,student
133,23,5,888323392.0,M,1,29.564090728759766,engineer
499,11,4,884137344.0,M,1,27.877065658569336,programmer
936,475,4,887450304.0,M,1,27.83954429626465,other
7,285,4,887324480.0,M,1,49.57545852661133,administrator
235,318,4,885771968.0,M,1,40.72787094116211,educator
390,211,3,884407360.0,F,0,30.799558639526367,administrator
80,234,4,883448000.0,F,0,40.02804946899414,administrator
916,305,4,884261824.0,M,1,36.56317901611328,engineer
90,318,5,884289920.0,M,1,45.46333312988281,educator
326,218,5,879572352.0,M,1,30.47084617614746,administrator
347,273,3,882543168.0,M,1,27.886295318603516,student
672,1137,4,883148160.0,F,0,46.48983383178711,administrator
416,129,5,884131584.0,F,0,28.730693817138672,student
3,792,4,884913792.0,M,1,29.561660766601562,writer
655,86,3,888911872.0,F,0,30.73910903930664,healthcare
43,588,4,884252352.0,F,0,37.88214111328125,librarian
619,188,4,882424896.0,M,1,21.016555786132812,student
379,239,4,887845760.0,M,1,25.59651756286621,programmer
132,333,3,888145472.0,M,1,36.1534423828125,educator
667,235,4,886840064.0,M,1,36.23775863647461,engineer
60,70,4,884237824.0,M,1,46.30519485473633,healthcare
44,357,5,882824128.0,M,1,28.64439582824707,writer
690,11,4,887596288.0,M,1,27.80911636352539,salesman
286,168,5,884667584.0,M,1,18.279666900634766,student
586,468,3,885440896.0,M,1,19.654399871826172,student
132,1552,4,884065216.0,M,1,28.919368743896484,other
374,237,5,881080384.0,M,1,29.613100051879883,executive
194,1032,5,882626304.0,M,1,33.4122314453125,administrator
13,170,5,885104896.0,M,1,50.0,educator
288,463,5,883913600.0,M,1,38.63328552246094,marketing
694,1,4,878117888.0,M,1,23.0,programmer
606,83,4,883815360.0,M,1,29.387178421020508,programmer
620,565,5,883937728.0,F,0,27.860689163208008,writer
704,530,3,889671872.0,F,0,50.15070343017578,librarian
682,809,4,884087296.0,M,1,26.494401931762695,programmer
562,489,4,883327424.0,F,0,33.14159393310547,administrator
297,28,5,879182528.0,F,0,27.16895294189453,educator
144,434,4,885918080.0,M,1,36.45393371582031,programmer
208,127,4,879926144.0,M,1,33.90088653564453,engineer
503,100,5,885256192.0,F,0,41.62018966674805,writer
510,1060,1,885628224.0,M,1,25.40637969970703,other
293,307,4,885181568.0,M,1,32.959938049316406,writer
381,239,4,883349312.0,M,1,26.222124099731445,artist
283,276,3,880583232.0,M,1,27.726333618164062,programmer
16,262,5,882065856.0,M,1,25.860902786254883,entertainment
872,259,4,884120960.0,F,0,30.958940505981445,student
152,1110,5,881173440.0,F,0,32.1168212890625,educator
56,479,5,892776000.0,M,1,32.56946563720703,librarian
504,403,4,884326976.0,F,0,34.816619873046875,writer
121,1113,2,889901632.0,M,1,27.999998092651367,librarian
201,381,4,884965888.0,M,1,30.766014099121094,writer
454,1263,3,881706624.0,M,1,32.619834899902344,other
710,117,4,881764992.0,M,1,18.0,student
426,498,4,883996672.0,M,1,28.872453689575195,educator
514,186,4,875245056.0,M,1,27.844606399536133,programmer
757,408,3,884983168.0,M,1,20.87468719482422,student
314,1638,5,879585984.0,F,0,23.0,student
650,188,3,886074496.0,M,1,45.0,engineer
293,1240,2,888236864.0,M,1,24.722164154052734,writer
325,1108,3,888147840.0,M,1,33.339820861816406,technician
244,249,4,882560320.0,M,1,27.32001495361328,technician
550,423,3,880971520.0,F,0,19.815807342529297,student
725,168,5,881790080.0,M,1,22.662822723388672,student
798,934,2,884457344.0,F,0,33.40174865722656,writer
786,1168,4,881009920.0,M,1,38.0,engineer
378,132,4,887338432.0,M,1,21.081405639648438,student
613,480,5,891718912.0,M,1,41.027488708496094,executive
198,100,3,884260736.0,F,0,23.250595092773438,student
632,117,4,881479744.0,M,1,20.800888061523438,student
659,200,4,884239552.0,M,1,28.884206771850586,educator
776,651,2,888919744.0,M,1,29.107318878173828,librarian
773,880,3,886495488.0,M,1,28.211650848388672,student
880,544,4,880606528.0,M,1,31.002153396606445,student
889,1176,4,883793088.0,M,1,33.906925201416016,technician
213,493,2,878692224.0,M,1,37.80881118774414,educator
942,483,5,888421184.0,F,0,39.215660095214844,librarian
751,289,3,885727872.0,F,0,36.485679626464844,other
640,923,5,881240192.0,M,1,23.554990768432617,student
405,233,4,884378368.0,F,0,31.49833869934082,healthcare
618,1504,4,887753280.0,F,0,21.001903533935547,student
429,696,3,884266624.0,M,1,28.24748992919922,student
716,14,5,882846720.0,F,0,39.80221939086914,administrator
1,431,4,880373760.0,M,1,25.65962791442871,technician
28,332,4,881550400.0,M,1,32.134254455566406,writer
10,16,4,884041088.0,M,1,29.044370651245117,lawyer
698,449,2,885126272.0,F,0,30.215360641479492,programmer
459,568,2,879992384.0,M,1,18.01321029663086,student
773,370,2,883326464.0,M,1,22.694835662841797,student
283,168,5,876267264.0,M,1,27.742713928222656,programmer
311,132,4,885509184.0,M,1,31.423036575317383,technician
221,228,4,878605824.0,M,1,29.475645065307617,student
326,294,3,884349120.0,M,1,32.70753479003906,administrator
343,150,5,886063296.0,M,1,27.783512115478516,engineer
601,625,4,880860672.0,F,0,26.782913208007812,artist
194,995,1,881137984.0,M,1,31.60832977294922,administrator
347,592,4,884622016.0,M,1,20.126354217529297,student
437,210,3,882285440.0,F,0,29.112186431884766,other
517,288,4,887516736.0,M,1,20.97103500366211,student
301,451,4,883949632.0,M,1,18.676319122314453,student
58,216,4,884314176.0,M,1,28.879804611206055,programmer
416,582,5,887431424.0,F,0,21.801162719726562,student
892,235,4,884064896.0,M,1,26.999998092651367,other
650,121,3,888538240.0,M,1,39.024085998535156,engineer
295,507,5,880168320.0,M,0,35.449913024902344,educator
16,273,5,881959680.0,M,1,28.802282333374023,entertainment
437,1023,2,882446016.0,F,0,29.169042587280273,other
130,1231,4,879458368.0,M,1,39.0,none
234,467,3,887020672.0,M,1,53.63539505004883,retired
271,755,5,885435968.0,M,1,49.0,engineer
158,333,2,885760704.0,M,1,35.19025802612305,educator
864,528,5,888837376.0,M,1,24.426607131958008,student
903,607,5,888314304.0,M,1,37.55039978027344,educator
145,621,2,881395392.0,M,1,28.636465072631836,entertainment
653,412,2,881153024.0,M,1,28.604703903198242,executive
804,7,3,881157056.0,M,1,35.622535705566406,educator
312,292,5,889063552.0,M,1,34.62648010253906,other
429,1097,3,884822336.0,M,1,29.085538864135742,student
323,117,4,881165312.0,M,1,23.270477294921875,student
543,15,4,877833472.0,M,1,32.32797622680664,scientist
293,1068,2,888083776.0,M,1,28.93754768371582,writer
483,258,4,883740160.0,M,1,31.95022201538086,scientist
476,1608,4,883734784.0,M,1,19.617549896240234,student
585,216,4,889028800.0,M,1,46.861576080322266,librarian
618,568,3,882061632.0,F,0,18.756383895874023,student
932,292,3,889955392.0,M,1,45.54698944091797,educator
472,803,4,886875648.0,M,1,20.721036911010742,student
327,117,5,887392576.0,M,1,19.581899642944336,student
927,168,5,880182912.0,M,1,29.087064743041992,programmer
758,257,5,885071808.0,M,1,20.43032455444336,student
363,161,4,880143936.0,M,1,19.709697723388672,student
401,125,4,885797184.0,F,0,30.80569076538086,healthcare
757,11,3,886876416.0,M,1,11.0,student
344,1,4,884004992.0,F,0,31.369131088256836,librarian
18,283,3,882387072.0,F,0,36.51819610595703,other
385,1534,1,882500928.0,M,1,32.0,writer
308,481,4,886968960.0,M,1,50.15473556518555,retired
450,631,4,884211776.0,F,0,35.312068939208984,educator
373,276,4,878018368.0,F,0,31.891878128051758,other
92,325,4,877634944.0,M,1,30.675771713256836,entertainment
682,1537,4,886859904.0,M,1,27.120105743408203,programmer
731,155,3,886203456.0,F,0,39.27640151977539,educator
521,1014,3,883569536.0,M,1,20.074752807617188,student
497,723,3,883579008.0,M,1,25.677875518798828,student
276,581,2,877212032.0,M,1,21.502735137939453,engineer
514,276,5,884292608.0,M,1,28.990392684936523,programmer
269,748,5,890213056.0,F,0,29.3544979095459,librarian
484,699,4,891394688.0,M,1,23.537830352783203,student
256,117,3,881545280.0,F,0,28.061023712158203,none
936,749,3,887106688.0,M,1,33.00189971923828,other
222,1552,1,883661568.0,M,1,26.781902313232422,programmer
561,663,4,888319872.0,M,1,24.906354904174805,engineer
385,589,5,882144704.0,M,1,32.633689880371094,writer
763,819,4,879034240.0,M,1,29.449626922607422,scientist
936,274,4,886178368.0,M,1,28.703306198120117,other
752,517,4,886621888.0,M,1,52.48880386352539,retired
887,539,4,883624448.0,F,0,21.409622192382812,student
283,168,4,879215936.0,M,1,28.195486068725586,programmer
201,798,2,884656320.0,M,1,28.905630111694336,writer
421,199,5,887977920.0,F,0,33.8117790222168,programmer
710,1,4,880189760.0,M,1,20.18048095703125,student
389,589,4,880713536.0,F,0,43.97774887084961,writer
144,328,4,883703680.0,M,1,29.28983497619629,programmer
484,183,4,882747712.0,M,1,23.246164321899414,technician
246,179,4,886152000.0,M,1,18.08970832824707,student
704,289,4,888168448.0,F,0,50.0,librarian
158,573,3,889501696.0,M,1,34.99312210083008,educator
457,191,5,881769024.0,F,0,30.168323516845703,salesman
208,175,4,878615744.0,M,1,30.49264144897461,engineer
897,137,3,884120896.0,M,1,31.075284957885742,other
25,181,4,880377728.0,M,1,36.08293914794922,engineer
6,485,5,884493952.0,M,1,32.274375915527344,executive
387,56,4,884279296.0,M,1,28.27019691467285,entertainment
751,923,4,887534400.0,F,0,29.940168380737305,other
6,223,4,883864512.0,M,1,39.0,executive
280,1036,4,891254208.0,F,0,29.381549835205078,librarian
190,463,3,885148352.0,M,1,38.80602264404297,administrator
727,243,2,887902400.0,M,1,28.21320915222168,student
405,1584,1,885005056.0,F,0,25.8857421875,healthcare
758,50,4,881434624.0,M,1,23.583431243896484,student
446,521,2,882774336.0,M,1,42.27705764770508,educator
614,289,2,882372096.0,M,1,40.614715576171875,educator
99,343,4,889431040.0,M,1,28.749950408935547,student
472,50,5,880964992.0,M,1,21.084211349487305,student
301,928,4,880066624.0,M,1,21.85260009765625,student
28,7,4,885055680.0,M,1,29.275678634643555,writer
723,362,5,884746048.0,M,1,29.044706344604492,executive
445,303,4,886958976.0,M,1,29.870725631713867,writer
450,872,4,884168640.0,F,0,23.0,educator
798,321,3,881593984.0,F,0,36.45294952392578,writer
455,471,3,879011968.0,M,1,39.979793548583984,marketing
872,385,1,883473024.0,F,0,23.999998092651367,student
131,1021,4,884785088.0,F,0,50.23939895629883,administrator
758,655,4,885017984.0,M,1,21.137699127197266,student
276,877,3,877346304.0,M,1,28.76866340637207,student
312,124,3,891722304.0,M,1,34.34009552001953,other
181,563,1,879650304.0,M,1,25.085796356201172,executive
334,224,2,890769024.0,M,1,27.338584899902344,librarian
201,756,2,884652032.0,M,1,31.350126266479492,writer
878,25,4,878856896.0,F,0,44.298667907714844,educator
363,685,3,888426880.0,M,1,33.91184616088867,engineer
474,655,5,887716928.0,M,0,36.48942565917969,executive
587,391,2,884987904.0,M,1,25.931135177612305,other
806,307,4,890024448.0,M,1,37.457794189453125,marketing
815,100,5,891282752.0,M,1,26.623449325561523,other
627,137,3,878238208.0,M,1,28.953319549560547,engineer
340,100,5,883676864.0,M,1,31.415206909179688,engineer
889,357,3,882778752.0,M,1,25.74293327331543,technician
44,209,5,880580672.0,M,1,27.932668685913086,technician
585,510,4,889412992.0,M,1,50.0,librarian
308,48,4,883879808.0,M,1,51.888484954833984,retired
892,179,4,886419904.0,M,1,32.46910858154297,other
487,221,4,883948352.0,M,1,28.215862274169922,engineer
429,930,3,883969408.0,M,1,28.866464614868164,student
897,292,5,880892608.0,M,1,26.461822509765625,other
381,1047,4,884636480.0,M,1,23.15633773803711,artist
18,88,4,879058880.0,F,0,33.06597137451172,other
503,1028,5,881429888.0,F,0,39.03788375854492,writer
504,10,4,884687872.0,F,0,35.55031204223633,writer
727,28,2,883790784.0,M,1,25.999998092651367,student
865,53,1,880184512.0,M,1,21.414758682250977,artist
323,22,3,880821952.0,M,1,23.302810668945312,writer
393,1139,3,888297664.0,M,1,24.72768211364746,student
503,127,5,882112704.0,F,0,42.0,writer
401,751,4,884371840.0,F,0,42.17829132080078,healthcare
308,42,4,887292288.0,M,1,54.510047912597656,retired
334,517,4,890419392.0,M,1,33.0,librarian
621,569,4,882031808.0,M,1,19.506418228149414,student
591,516,4,887227200.0,F,0,54.31732940673828,healthcare
178,185,3,882620544.0,M,1,26.80177116394043,other
280,301,5,890685568.0,F,0,37.286842346191406,librarian
25,172,4,881966912.0,M,1,32.915611267089844,engineer
222,646,3,881636672.0,M,1,30.33567237854004,programmer
905,748,3,884330112.0,M,1,27.97553062438965,other
488,86,3,890124480.0,M,1,39.875633239746094,technician
666,8,4,884131776.0,M,1,31.69995880126953,administrator
215,833,4,887682176.0,M,1,26.999998092651367,programmer
102,70,2,885922624.0,M,1,31.036298751831055,programmer
140,300,4,888827392.0,F,0,20.741830825805664,student
671,357,2,884497920.0,M,1,27.743288040161133,programmer
193,178,4,887387136.0,M,1,23.999998092651367,technician
299,228,4,884360832.0,M,1,28.93318748474121,doctor
486,328,3,880691648.0,M,1,39.94771194458008,educator
297,15,2,877148096.0,F,0,33.43962097167969,educator
747,631,5,888451840.0,M,1,24.994890213012695,other
380,151,4,885520768.0,M,1,29.999998092651367,engineer
285,661,4,884118208.0,M,1,35.639991760253906,programmer
62,214,3,881420864.0,F,0,35.366336822509766,administrator
854,312,3,885184448.0,F,0,20.845813751220703,student
862,282,5,878675136.0,F,0,26.980342864990234,writer
481,199,5,885358592.0,M,1,56.0,retired
495,403,4,887825536.0,M,1,27.578914642333984,engineer
130,405,5,878946688.0,M,1,25.054166793823242,none
92,948,3,879543616.0,M,1,29.569665908813477,entertainment
361,1046,3,877984896.0,M,1,27.98897361755371,student
6,54,1,882505088.0,M,1,31.70319366455078,executive
385,273,5,885491200.0,M,1,29.16817855834961,writer
862,276,4,880233472.0,M,1,29.78416633605957,executive
805,1036,2,888517760.0,F,0,35.20093536376953,other
354,275,5,884432256.0,F,0,37.376808166503906,librarian
634,230,4,879397184.0,M,1,28.18515396118164,engineer
387,56,5,884673216.0,M,1,26.74549674987793,entertainment
426,735,5,883292096.0,M,1,36.9739875793457,educator
790,182,3,883469120.0,M,1,30.16189956665039,technician
567,481,5,883690560.0,M,1,26.54026222229004,entertainment
314,1276,4,879817664.0,F,0,20.343063354492188,student
293,443,3,887008256.0,M,1,26.329666137695312,writer
94,514,5,888330560.0,M,1,27.214324951171875,student
846,1501,4,884290240.0,M,1,28.89685821533203,lawyer
426,164,4,880844096.0,M,1,40.567813873291016,educator
382,126,3,881061888.0,M,1,33.35845184326172,engineer
381,238,4,888074560.0,M,1,26.57574462890625,artist
68,56,5,883639744.0,M,1,19.446327209472656,student
450,504,2,886471168.0,F,0,39.502079010009766,educator
548,179,5,888989184.0,M,1,36.095184326171875,writer
585,604,4,887698816.0,M,1,56.37033462524414,librarian
60,127,4,879972928.0,M,1,42.70791244506836,educator
1,886,5,880754752.0,M,1,24.099910736083984,technician
244,187,4,881110976.0,M,1,25.679553985595703,technician
314,1115,3,880843136.0,F,0,19.400480270385742,student
145,831,3,884516800.0,M,1,25.327085494995117,entertainment
747,693,5,886599808.0,M,1,20.151546478271484,other
680,150,4,884029888.0,M,1,35.00679016113281,lawyer
927,466,4,880740480.0,M,1,27.30221939086914,programmer
158,573,3,882257216.0,M,1,37.89122009277344,educator
302,242,2,877617856.0,M,1,30.623750686645508,educator
618,1060,4,892859136.0,F,0,22.80863380432129,student
8,997,1,881442112.0,M,1,28.20890998840332,administrator
295,755,5,881678976.0,M,1,32.048667907714844,educator
406,735,3,879517184.0,M,1,40.979862213134766,educator
279,789,1,881207232.0,M,1,33.0,programmer
429,165,4,884159936.0,M,1,19.502485275268555,student
174,302,5,885584832.0,F,0,27.999998092651367,administrator
246,472,3,884990592.0,M,1,20.647228240966797,student
442,748,4,885904384.0,M,1,19.486656188964844,student
194,87,4,881086976.0,M,1,30.253904342651367,administrator
407,1016,3,882495104.0,M,1,32.125144958496094,engineer
89,257,3,879765248.0,F,0,25.999998092651367,administrator
624,53,4,884081280.0,M,1,23.0,student
660,791,2,889610176.0,M,1,21.08565330505371,student
99,133,2,886637248.0,M,1,18.950862884521484,student
708,280,1,883136192.0,F,0,29.773536682128906,homemaker
892,179,5,887390656.0,M,1,30.265127182006836,other
90,89,5,884313408.0,M,1,46.35120391845703,educator
198,402,3,880868800.0,F,0,20.80949592590332,student
92,81,5,880432192.0,M,1,31.422311782836914,entertainment
617,1412,1,884915136.0,F,0,26.726011276245117,writer
927,840,2,880062400.0,M,1,25.433242797851562,programmer
305,844,3,886210688.0,M,1,32.00697326660156,programmer
916,455,3,880603776.0,M,1,32.427181243896484,engineer
442,150,4,883757952.0,M,1,18.143293380737305,student
506,111,3,877726144.0,M,1,30.079883575439453,programmer
382,824,2,879742272.0,M,1,28.018423080444336,engineer
363,315,4,891562752.0,M,1,20.983654022216797,student
435,915,3,883531840.0,M,1,22.50292205810547,student
104,235,3,884364800.0,M,1,29.854272842407227,student
385,129,4,884046976.0,M,1,30.27210807800293,writer
805,568,3,884130560.0,F,0,27.941186904907227,other
110,291,2,886844608.0,M,1,18.90542984008789,student
397,693,3,887103808.0,M,1,19.109024047851562,student
722,271,3,882896960.0,F,0,26.547883987426758,student
293,245,3,884820544.0,M,1,29.449867248535156,writer
454,762,2,883078272.0,M,1,37.35997009277344,healthcare
113,237,4,880270784.0,M,1,23.0,executive
327,392,4,884028032.0,M,1,24.249038696289062,student
21,995,1,881877824.0,M,1,26.81266975402832,writer
650,1411,3,884395200.0,M,1,30.91398811340332,engineer
346,475,4,877480384.0,M,1,26.244916915893555,other
328,301,4,887521856.0,M,1,43.80946350097656,administrator
151,657,4,880130816.0,F,0,37.3795280456543,administrator
747,1060,5,887219136.0,M,1,21.841312408447266,other
95,301,3,884353600.0,M,1,29.03951644897461,administrator
639,602,4,889206656.0,F,0,36.9089241027832,librarian
181,953,1,881773184.0,M,1,26.204265594482422,executive
201,151,4,884296256.0,M,1,23.998910903930664,writer
488,193,4,892958848.0,M,1,35.27311706542969,technician
897,98,5,877110272.0,M,1,27.5806827545166,administrator
537,749,3,885615744.0,M,1,37.26311111450195,engineer
870,1012,4,883642624.0,M,1,20.03182029724121,student
540,71,4,881865024.0,M,1,30.541696548461914,engineer
308,589,3,887306688.0,M,1,52.0,retired
279,188,4,884882112.0,M,1,27.6573543548584,programmer
276,763,4,881412032.0,M,1,21.30077362060547,student
89,131,3,878564992.0,F,0,40.99406433105469,administrator
503,416,3,880941248.0,F,0,33.3067626953125,writer
474,238,4,888518016.0,M,1,40.759727478027344,executive
897,79,2,884366400.0,M,1,26.699174880981445,other
25,13,4,881010240.0,M,1,28.73273468017578,engineer
481,285,5,887607296.0,M,1,53.99982833862305,retired
766,286,4,888452160.0,M,1,30.607053756713867,other
521,93,3,880366272.0,M,1,20.026351928710938,student
290,96,4,885697472.0,M,1,27.870298385620117,engineer
242,132,5,886147520.0,M,1,35.745948791503906,administrator
540,276,5,879874560.0,M,1,29.21713638305664,engineer
346,1407,2,877140928.0,M,1,25.415212631225586,other
710,186,4,881824896.0,M,1,32.124420166015625,student
239,357,5,883650880.0,M,1,29.053524017333984,artist
236,455,5,883088000.0,F,0,37.656005859375,writer
483,7,5,882327744.0,M,1,30.12944793701172,scientist
900,1211,3,884635584.0,M,1,52.576927185058594,retired
727,258,2,887069120.0,M,1,30.287153244018555,student
204,8,4,886838144.0,F,0,40.18330764770508,librarian
886,164,4,876981568.0,M,1,28.046998977661133,student
292,1073,2,884435264.0,F,0,31.740827560424805,programmer
405,931,1,884251904.0,F,0,31.162532806396484,healthcare
862,64,5,880448064.0,M,1,28.36880111694336,executive
360,257,3,886841536.0,M,1,46.0,other
450,699,4,884487936.0,F,0,29.999998092651367,educator
380,1101,3,886143552.0,M,1,28.877500534057617,engineer
159,988,3,884318720.0,F,1,20.22620964050293,student
879,269,3,884748672.0,F,0,30.064620971679688,student
488,611,3,889358080.0,M,1,43.70705032348633,technician
710,379,4,880582336.0,M,1,22.388683319091797,student
553,127,5,881410880.0,M,1,45.00202941894531,educator
913,31,4,876960960.0,M,1,22.142072677612305,student
716,64,4,884477312.0,F,0,38.314964294433594,administrator
13,1187,4,883408192.0,M,1,35.776519775390625,educator
790,305,3,889174912.0,M,1,33.611793518066406,technician
280,843,4,892776320.0,F,0,30.494796752929688,librarian
487,820,1,884303424.0,M,1,28.894807815551758,engineer
474,238,3,883920704.0,M,1,23.999998092651367,executive
405,1404,1,884976256.0,F,0,28.232162475585938,healthcare
583,73,4,880851584.0,M,1,31.89739418029785,engineer
373,419,2,884468224.0,F,0,31.336135864257812,other
658,550,4,880130816.0,M,1,25.838754653930664,programmer
181,1207,1,883854976.0,M,1,33.0,executive
303,273,5,879297216.0,M,1,18.363388061523438,student
427,498,4,884657024.0,M,1,50.76344299316406,scientist
592,273,4,882261888.0,M,1,22.0,student
474,326,5,891372224.0,M,1,31.0,executive
621,232,4,881391104.0,M,1,19.072956085205078,student
592,315,5,887046400.0,F,1,20.679397583007812,student
887,29,4,884484672.0,F,0,18.36066246032715,student
432,56,4,886427456.0,M,1,35.0,entertainment
308,430,3,884060672.0,M,1,49.36722183227539,retired
815,169,5,885723776.0,M,1,28.301586151123047,other
870,79,4,883817344.0,M,1,26.999998092651367,student
87,381,4,880903488.0,M,1,32.421138763427734,administrator
145,202,4,880886912.0,M,1,27.284624099731445,entertainment
871,34,3,887744640.0,M,1,30.059093475341797,executive
429,56,5,879295104.0,M,1,50.0,executive
180,204,5,879777792.0,F,0,30.20083999633789,administrator
299,462,4,884255680.0,M,1,32.863121032714844,doctor
457,176,5,880574400.0,F,0,52.0,salesman
224,478,3,887150528.0,F,0,34.26344299316406,educator
262,25,2,878805760.0,F,0,30.5826473236084,student
298,333,4,884739264.0,M,1,33.97527313232422,executive
534,100,5,882651392.0,M,1,21.01856803894043,student
642,215,2,885029440.0,F,0,19.329816818237305,student
551,1,5,887423552.0,M,1,20.0,programmer
201,673,2,884349248.0,M,1,27.506736755371094,writer
650,494,3,889589056.0,M,1,40.9870491027832,engineer
140,739,3,882105088.0,F,0,30.950468063354492,student
95,79,3,883383232.0,M,1,27.808109283447266,administrator
200,235,4,885954240.0,M,1,29.279081344604492,programmer
563,914,4,885983040.0,F,0,34.186866760253906,homemaker
299,742,4,888068864.0,M,1,32.11817169189453,doctor
156,193,4,886120192.0,M,1,43.345699310302734,educator
311,299,4,881141568.0,M,1,29.78645896911621,technician
207,559,5,884257792.0,M,1,36.96075439453125,marketing
158,173,4,880551424.0,M,1,33.0,educator
188,748,4,878431232.0,M,1,21.313018798828125,student
803,519,4,884727488.0,M,1,50.0,administrator
118,175,5,879195072.0,M,1,31.16181755065918,administrator
326,109,4,884381440.0,M,1,34.80229187011719,administrator
935,269,4,884382720.0,M,1,42.351192474365234,educator
271,126,3,883598976.0,M,1,33.624786376953125,engineer
618,215,3,884613952.0,F,0,19.616750717163086,student
642,402,3,883947584.0,F,0,18.0,student
174,1269,4,882919936.0,F,0,39.047088623046875,administrator
474,310,4,887060800.0,M,1,36.833343505859375,executive
345,4,4,886340352.0,F,0,43.52330017089844,librarian
548,177,4,887020032.0,M,1,38.102882385253906,writer
862,492,4,883235136.0,M,1,25.999998092651367,executive
627,1067,2,882186432.0,M,1,30.43809700012207,engineer
852,301,3,887282176.0,M,1,32.45479202270508,administrator
585,506,5,888955136.0,M,1,59.0,librarian
655,417,3,888796352.0,F,0,46.833900451660156,healthcare
279,1263,4,881463936.0,M,1,26.653196334838867,programmer
190,943,4,885096448.0,M,1,27.999998092651367,administrator
712,147,3,881592256.0,F,0,35.038368225097656,student
910,423,4,879547712.0,M,1,38.77867889404297,librarian
898,678,2,886692992.0,M,1,31.253713607788086,homemaker
500,58,3,885187328.0,M,1,28.490692138671875,administrator
453,28,4,880463808.0,M,1,19.74546241760254,student
661,692,3,880211200.0,M,1,27.823686599731445,programmer
537,112,3,884823808.0,M,1,38.0174560546875,engineer
239,208,5,887127296.0,M,1,27.680824279785156,artist
178,294,3,886519552.0,M,1,30.244659423828125,other
399,294,3,885095616.0,M,1,29.356796264648438,other
757,209,3,888178752.0,M,1,20.73886489868164,student
437,309,3,876538816.0,F,0,27.367708206176758,other
270,433,4,878267520.0,F,0,20.523405075073242,student
887,173,5,880809472.0,F,0,21.730388641357422,student
637,294,3,884115840.0,M,1,32.580055236816406,other
60,216,4,886832192.0,M,1,43.97643280029297,healthcare
650,510,4,890649472.0,M,1,42.11146545410156,engineer
329,311,3,888640128.0,M,1,41.84850311279297,educator
643,404,4,886433472.0,M,1,34.18730163574219,scientist
393,235,3,889558720.0,M,1,20.163570404052734,student
181,1032,1,882766144.0,M,1,26.64581871032715,executive
144,689,3,886210304.0,M,1,42.0,programmer
13,639,1,885383680.0,M,1,37.695045471191406,educator
158,566,4,886164416.0,M,1,28.817062377929688,educator
795,471,3,881858752.0,M,1,26.979251861572266,programmer
488,31,3,888230080.0,M,1,31.0,technician
429,17,4,882247424.0,M,1,20.687166213989258,student
381,1047,4,887910976.0,M,1,23.388545989990234,artist
10,275,4,884077696.0,M,1,34.74054718017578,lawyer
276,65,2,878210304.0,M,1,20.1899471282959,student
639,381,4,891017408.0,F,0,38.72175598144531,librarian
16,276,5,883973056.0,M,1,26.818939208984375,entertainment
903,650,4,884984000.0,M,1,29.897571563720703,educator
802,1612,4,883053888.0,M,1,31.62873077392578,administrator
405,374,1,886815552.0,F,0,35.20623779296875,healthcare
819,183,5,880669248.0,M,1,34.58251190185547,administrator
393,86,3,887181888.0,M,1,20.0,student
235,655,4,884396032.0,M,1,28.862878799438477,educator
437,549,5,883063488.0,F,0,33.151390075683594,other
49,308,5,887545344.0,F,0,19.576519012451172,student
326,188,4,883365568.0,M,1,29.76970100402832,administrator
469,187,4,883508224.0,M,1,39.2974967956543,educator
629,328,3,882575424.0,F,0,30.695674896240234,other
663,798,3,888230720.0,M,1,31.59911346435547,other
495,549,3,884492480.0,M,1,28.77597427368164,engineer
392,307,4,888663808.0,M,1,38.97119903564453,writer
643,10,3,888640448.0,M,1,43.60470199584961,educator
181,889,1,883034112.0,M,1,28.948928833007812,executive
298,131,5,884814400.0,M,1,34.130714416503906,executive
666,168,4,881042112.0,M,1,34.79706573486328,administrator
592,1239,4,882366464.0,M,1,18.743417739868164,student
184,527,5,884876928.0,M,1,38.0,librarian
295,173,4,882077312.0,M,1,28.71573829650879,educator
262,259,4,888877056.0,F,0,27.927698135375977,student
405,501,1,884209536.0,F,0,31.567163467407227,healthcare
932,177,3,888904704.0,M,1,42.0,educator
269,51,1,889609472.0,F,0,30.878538131713867,librarian
804,418,4,884358848.0,M,1,36.228721618652344,educator
406,293,4,879447168.0,M,1,45.05278778076172,educator
310,735,4,876404864.0,M,1,28.74184799194336,other
13,583,1,884405120.0,M,1,37.89337921142578,educator
262,1182,2,882325696.0,F,0,20.21126937866211,student
201,531,4,884409088.0,M,1,30.283061981201172,writer
648,217,4,881733376.0,M,1,31.416608810424805,engineer
836,260,4,886268416.0,M,1,15.0,artist
868,419,4,887093120.0,M,1,29.773548126220703,programmer
640,168,4,876032256.0,M,1,26.66176986694336,student
840,928,4,891369984.0,M,1,26.880088806152344,artist
773,313,5,891466560.0,M,1,26.284334182739258,student
407,231,4,880656896.0,M,1,31.082317352294922,engineer
653,1136,3,882658240.0,M,1,30.77509880065918,executive
445,774,1,885143104.0,M,1,26.606550216674805,writer
308,526,4,886937600.0,M,1,47.0,retired
911,576,4,886030784.0,F,0,30.71950912475586,writer
59,435,3,888103680.0,M,1,32.30239486694336,educator
682,444,3,884497792.0,M,1,28.661373138427734,programmer
178,678,4,886258048.0,M,1,28.913372039794922,other
199,713,3,885097600.0,M,1,28.76657485961914,writer
454,428,3,883490176.0,M,1,40.770713806152344,other
416,1039,4,886345280.0,F,0,24.498929977416992,student
670,317,2,884168512.0,M,1,31.949573516845703,technician
429,748,3,884341696.0,M,1,28.088817596435547,student
3,245,3,887550720.0,M,1,30.41623306274414,writer
170,660,3,889226432.0,F,0,41.891754150390625,librarian
500,33,3,880746240.0,M,1,28.310272216796875,administrator
727,931,2,883982720.0,M,1,28.8778076171875,writer
927,239,4,883148736.0,M,1,25.30784034729004,programmer
1,187,5,884377920.0,M,1,28.515539169311523,technician
399,1119,4,888639296.0,M,1,29.163291931152344,other
1,1153,4,884009536.0,M,1,31.0,technician
239,515,5,885598016.0,M,1,28.81472396850586,artist
456,184,4,882391040.0,M,1,25.762968063354492,technician
119,191,3,883940480.0,M,1,28.933353424072266,programmer
708,462,2,882655680.0,F,0,30.48147201538086,homemaker
771,228,4,884356224.0,M,1,28.949932098388672,programmer
503,215,5,881916032.0,F,0,44.11838150024414,programmer
588,402,4,887269184.0,F,0,18.0,student
710,172,4,882118016.0,M,1,20.982685089111328,student
144,708,4,885630080.0,M,1,40.578975677490234,programmer
650,150,4,890513152.0,M,1,30.847976684570312,engineer
311,10,4,883677696.0,M,1,35.1319580078125,technician
293,488,3,889688896.0,M,1,29.799236297607422,writer
514,833,2,880399296.0,M,1,21.090211868286133,programmer
852,333,4,891347392.0,M,1,39.26909637451172,marketing
504,64,5,885043968.0,F,0,37.023406982421875,writer
852,1249,3,887811072.0,M,1,36.1285285949707,administrator
588,50,4,884236672.0,F,0,22.0,student
90,180,5,887507072.0,M,1,52.0,educator
181,1094,1,880425984.0,M,1,26.160356521606445,executive
532,346,5,890791360.0,M,1,23.431575775146484,student
319,568,2,881706688.0,M,1,28.553821563720703,programmer
287,237,4,881092224.0,M,1,28.822509765625,salesman
880,772,2,880309952.0,M,1,21.089693069458008,student
311,4,4,884445504.0,M,1,33.008995056152344,technician
13,7,3,882655232.0,M,1,28.86407470703125,educator
26,1479,3,885605824.0,M,1,38.44879150390625,engineer
1,1155,4,880355584.0,M,1,22.323219299316406,technician
406,164,4,879874048.0,M,1,28.535268783569336,educator
245,315,4,890202432.0,M,1,23.543455123901367,student
916,968,4,882793472.0,M,1,31.940155029296875,engineer
276,692,4,881136576.0,M,1,22.808467864990234,student
361,50,5,884483072.0,M,1,21.92497444152832,student
487,61,4,883399232.0,M,1,28.894481658935547,engineer
880,3,3,881324032.0,M,1,23.62215232849121,student
346,1,2,884267328.0,M,1,27.25311279296875,other
837,473,4,881307456.0,F,0,28.267902374267578,artist
487,420,4,884404608.0,M,1,27.034832000732422,engineer
890,117,5,881105216.0,M,1,20.461177825927734,student
776,1078,2,890592640.0,M,1,32.768577575683594,librarian
775,312,3,888533824.0,M,1,33.5163688659668,executive
399,294,3,886590848.0,M,1,33.1572265625,other
880,470,2,882278912.0,M,1,19.642417907714844,student
771,153,4,879948544.0,M,1,28.59678077697754,student
682,105,2,886302784.0,M,1,26.403636932373047,programmer
833,93,2,878379648.0,M,1,30.251964569091797,writer
332,134,5,889523712.0,M,1,25.664608001708984,other
872,975,4,885645376.0,F,0,18.0,student
495,481,5,887899264.0,M,1,31.266260147094727,engineer
483,121,4,882817216.0,M,1,32.45679473876953,scientist
913,210,4,882316224.0,F,0,19.063674926757812,student
303,418,5,876267008.0,M,1,18.910940170288086,student
442,82,4,883391168.0,M,1,21.40953826904297,student
151,1045,4,880226496.0,F,0,38.34835433959961,administrator
265,28,4,880152640.0,M,1,28.32437515258789,executive
763,117,4,885468736.0,M,1,42.0,scientist
318,318,2,885508352.0,M,1,40.992557525634766,technician
465,121,4,882421888.0,M,1,37.83839797973633,other
52,222,4,878370304.0,F,0,24.999998092651367,student
743,515,5,886195136.0,M,1,23.531719207763672,programmer
269,309,1,890743936.0,F,0,30.419281005859375,librarian
537,83,4,884379520.0,M,1,32.067710876464844,engineer
670,238,5,883808832.0,M,1,28.999998092651367,technician
190,29,4,886943488.0,M,1,30.68876838684082,engineer
13,237,4,879916480.0,M,1,32.0,educator
63,79,5,875729792.0,M,1,32.47557830810547,administrator
539,504,4,883342144.0,F,0,50.0,administrator
387,109,4,884951808.0,M,1,25.915414810180664,entertainment
429,2,4,883312384.0,M,1,15.0,student
449,70,5,885226688.0,M,1,42.0,librarian
160,172,5,880549824.0,M,1,24.596881866455078,student
43,479,4,879641344.0,F,0,39.562171936035156,librarian
109,435,5,885055104.0,M,1,33.632286071777344,other
178,651,4,884140672.0,M,1,32.0,other
234,430,3,886620608.0,M,1,55.010684967041016,retired
89,294,3,879667136.0,F,0,41.898902893066406,administrator
92,216,3,878479808.0,M,1,35.20067596435547,entertainment
84,550,5,874953792.0,M,1,25.829877853393555,executive
503,667,2,882865344.0,F,0,39.660377502441406,writer
407,1102,4,881995520.0,M,1,24.2910099029541,scientist
480,422,4,887212224.0,M,1,50.902591705322266,retired
7,889,5,891548736.0,M,1,38.05577850341797,administrator
238,297,4,883730304.0,F,0,42.501136779785156,administrator
266,286,4,887032000.0,M,1,46.0,administrator
535,98,4,880036800.0,F,0,31.0,educator
790,824,5,883090944.0,M,1,24.59969711303711,technician
932,302,4,889299648.0,M,1,52.0,educator
303,153,4,879489600.0,M,0,28.81521224975586,student
710,209,4,882106048.0,M,1,20.891939163208008,student
504,596,4,884370304.0,F,0,33.788394927978516,writer
885,139,3,883681088.0,F,0,34.816261291503906,other
125,1498,3,884377280.0,M,1,25.272899627685547,lawyer
573,517,4,883720064.0,M,1,29.832284927368164,retired
285,15,4,880451072.0,M,1,33.83503341674805,programmer
90,132,5,889270080.0,M,1,34.0,educator
655,750,3,884564224.0,F,0,28.291963577270508,healthcare
682,1019,2,884194048.0,M,1,27.74570083618164,programmer
500,1049,1,879178560.0,M,1,35.407371520996094,administrator
307,88,4,884065216.0,M,1,20.98360824584961,student
585,482,3,891035712.0,M,1,48.46746826171875,librarian
716,89,5,882917440.0,F,0,36.15860366821289,other
362,326,4,888549440.0,F,0,38.12567901611328,healthcare
366,471,5,884569728.0,F,0,20.793140411376953,student
378,651,4,884343360.0,M,1,27.337963104248047,student
791,13,4,879341120.0,M,1,36.14454650878906,educator
847,237,4,883293760.0,M,1,23.103910446166992,student
3,485,3,884266816.0,M,1,30.636592864990234,writer
15,143,4,884326912.0,F,0,30.781850814819336,educator
712,121,5,878573184.0,F,0,19.46232032775879,student
474,178,4,885850496.0,M,1,42.0,executive
894,193,4,885535040.0,M,1,38.00196838378906,educator
387,732,2,884613440.0,M,1,27.342458724975586,entertainment
346,429,4,879735296.0,M,1,29.665010452270508,other
293,307,4,885028544.0,M,1,28.999998092651367,writer
144,178,4,884531392.0,M,1,37.19267654418945,programmer
815,419,4,875350144.0,M,1,26.568456649780273,other
807,404,4,884406784.0,F,0,41.472984313964844,healthcare
727,90,2,883946112.0,M,1,19.49729347229004,student
650,99,3,884284160.0,M,1,38.237064361572266,engineer
660,696,4,882359680.0,M,1,18.982105255126953,student
663,32,4,886822016.0,M,1,28.581539154052734,other
210,527,5,884399232.0,M,1,34.660499572753906,engineer
299,258,4,882733312.0,M,1,28.909027099609375,doctor
707,670,3,884291008.0,F,1,54.086021423339844,librarian
279,1227,1,885333504.0,M,1,26.40122413635254,programmer
634,919,3,878915904.0,M,1,33.90058135986328,engineer
36,156,4,885696768.0,F,0,21.858497619628906,student
389,610,4,882426368.0,F,0,42.83769989013672,writer
621,79,3,879824448.0,M,1,28.109989166259766,student
666,427,4,882922112.0,M,1,35.26280212402344,administrator
790,887,3,888249984.0,M,1,32.25086212158203,technician
863,201,3,889179520.0,M,1,19.51034927368164,student
235,690,4,887390976.0,M,1,44.582706451416016,educator
880,819,2,881175296.0,M,1,19.59726905822754,student
812,89,4,883956480.0,M,1,37.266632080078125,executive
246,545,1,882167616.0,M,1,19.76600456237793,student
488,484,4,891205184.0,M,1,34.3212890625,technician
393,651,3,884350528.0,M,1,19.804866790771484,student
113,78,4,880784832.0,M,1,29.44637107849121,executive
85,922,4,879017024.0,M,1,40.7266731262207,educator
763,289,3,882001280.0,M,1,33.79016876220703,educator
620,215,5,884969280.0,F,0,34.21808624267578,writer
474,238,4,882792704.0,M,1,33.121307373046875,executive
896,51,3,886842752.0,M,1,30.479970932006836,writer
673,284,3,883299968.0,M,1,41.525691986083984,educator
577,203,4,879991040.0,F,0,21.324203491210938,student
279,840,4,881938048.0,M,1,25.7125244140625,programmer
757,300,3,892958976.0,M,1,33.42988586425781,student
89,268,4,885810240.0,F,0,40.196434020996094,administrator
314,50,5,879237248.0,F,0,26.999998092651367,student
567,13,5,884467072.0,M,1,28.460384368896484,entertainment
95,578,4,874730240.0,M,1,30.910446166992188,administrator
271,607,5,886270592.0,M,1,38.02862548828125,engineer
561,1265,1,884312576.0,M,1,21.914382934570312,other
642,323,5,885651520.0,F,0,18.0,student
321,610,5,882337216.0,F,0,44.606658935546875,educator
20,331,4,885631872.0,F,0,34.83665466308594,homemaker
184,315,4,889848320.0,M,1,33.27851104736328,librarian
499,191,4,884378624.0,M,1,31.522018432617188,programmer
459,229,3,879264320.0,M,1,21.22166633605957,student
774,1162,1,880174784.0,M,1,24.772245407104492,student
660,354,4,889311872.0,M,1,22.539417266845703,student
253,515,5,875103872.0,F,0,37.85729217529297,librarian
361,79,4,877520576.0,M,1,23.31459617614746,student
28,275,4,884318976.0,M,1,33.08489227294922,writer
835,125,5,884600448.0,F,0,33.04498291015625,executive
532,300,5,884148736.0,M,1,21.966781616210938,student
276,88,4,875270528.0,M,1,27.840219497680664,student
409,197,4,884998720.0,M,1,34.708168029785156,administrator
887,581,4,877340160.0,F,0,27.14497184753418,student
234,501,3,889901696.0,M,1,54.033966064453125,retired
610,195,4,886151872.0,M,1,28.741092681884766,student
815,28,4,880073408.0,M,1,28.87966537475586,other
137,127,5,880364992.0,M,1,38.98027801513672,educator
336,56,5,882176192.0,M,1,51.0,artist
661,684,3,877978560.0,M,1,28.495546340942383,programmer
684,189,4,883585984.0,M,1,19.641590118408203,student
522,53,4,882708992.0,M,1,26.151203155517578,engineer
450,996,4,881475904.0,F,0,38.746177673339844,educator
843,1047,4,883678336.0,M,1,27.511730194091797,salesman
707,327,3,874871424.0,F,1,49.59285354614258,engineer
279,1046,4,880377600.0,M,1,31.714054107666016,programmer
346,28,4,878594880.0,M,1,26.413835525512695,other
538,172,4,888398336.0,M,1,34.27192687988281,scientist
871,243,3,887101504.0,M,1,27.902328491210938,executive
296,427,5,884310016.0,F,0,26.999998092651367,administrator
279,761,2,884094592.0,M,1,25.999998092651367,programmer
615,237,5,879498176.0,M,1,23.0,educator
483,150,3,882847872.0,M,1,23.0,scientist
13,279,3,885955392.0,M,0,31.0,educator
371,127,4,882047616.0,M,1,31.745206832885742,engineer
181,825,1,884379456.0,M,1,26.14691162109375,executive
478,173,5,884324800.0,M,1,25.804153442382812,other
496,418,3,883612992.0,F,0,19.519569396972656,student
290,127,3,879677632.0,M,1,28.341543197631836,engineer
592,346,5,887113536.0,M,1,23.320068359375,student
274,172,4,880512640.0,F,0,21.77117347717285,student
450,462,3,882059840.0,F,0,37.61573791503906,administrator
657,258,5,882471040.0,F,0,24.799053192138672,none
85,501,4,880690496.0,M,1,28.725730895996094,educator
486,471,4,883109312.0,M,1,39.0,educator
907,655,5,883249920.0,F,0,37.0,other
405,377,5,883274112.0,F,0,26.838056564331055,healthcare
617,138,1,884845056.0,F,0,29.500198364257812,writer
768,486,3,884170304.0,M,1,31.43524932861328,administrator
688,1109,5,887262464.0,F,0,35.37049102783203,writer
705,181,5,881567040.0,F,0,30.706634521484375,artist
298,174,3,884338752.0,M,1,32.60459899902344,executive
311,496,4,880176704.0,M,1,30.250886917114258,technician
676,751,5,889009408.0,M,1,27.70378875732422,programmer
943,17,4,885793984.0,M,1,20.581756591796875,student
311,427,5,879445056.0,M,1,28.140949249267578,technician
862,196,5,880958784.0,M,1,28.823017120361328,executive
535,1544,4,879676992.0,F,0,34.0,educator
537,62,4,889731328.0,M,1,26.578767776489258,engineer
655,617,3,887674112.0,F,0,40.09013366699219,healthcare
749,25,4,879494336.0,M,1,30.838472366333008,other
429,1118,4,881948160.0,M,1,20.448978424072266,student
431,234,4,886527296.0,M,1,25.04144859313965,student
303,246,4,882632896.0,M,1,18.0,student
536,168,3,882310784.0,M,1,25.999998092651367,engineer
145,449,1,883344832.0,M,1,27.032228469848633,entertainment
524,736,3,882262336.0,M,1,29.999998092651367,educator
823,222,4,885852096.0,M,1,28.00808334350586,artist
527,144,3,886338560.0,M,1,40.21577835083008,librarian
537,241,3,886966144.0,M,1,32.91303634643555,engineer
380,508,5,883661760.0,M,1,28.838424682617188,engineer
523,192,5,882001792.0,F,1,50.0,administrator
234,285,5,889169984.0,M,1,52.0,retired
514,168,4,878616512.0,M,1,27.528776168823242,programmer
184,295,4,884887040.0,M,1,34.88117218017578,librarian
697,250,2,886351360.0,M,1,24.78253936767578,other
291,1231,4,879962560.0,M,1,21.4486083984375,student
521,685,3,882772480.0,M,1,20.22022819519043,student
758,82,4,884495616.0,M,1,21.68555450439453,student
655,70,3,879857600.0,F,0,47.31267547607422,healthcare
316,285,5,883665408.0,F,0,44.82605743408203,administrator
512,134,4,887768000.0,M,1,27.273962020874023,programmer
846,50,3,886698496.0,M,1,27.999998092651367,lawyer
106,265,4,883272768.0,M,1,37.77008819580078,programmer
318,712,4,886085248.0,M,1,53.26255416870117,retired
328,549,3,886828352.0,M,1,28.025650024414062,administrator
927,427,4,880181184.0,M,1,25.913406372070312,programmer
501,7,3,882016704.0,M,1,25.5311279296875,student
378,392,4,888907264.0,M,1,19.572254180908203,student
503,93,4,884413376.0,F,0,35.220314025878906,writer
747,28,5,884670272.0,M,1,28.710412979125977,other
279,946,4,881146624.0,M,1,27.82744789123535,programmer
592,24,4,882720384.0,M,1,18.292295455932617,student
600,4,4,885606976.0,M,1,29.534900665283203,programmer
772,294,4,883948672.0,M,1,32.1755485534668,doctor
442,55,4,883085760.0,M,1,28.851930618286133,student
327,1048,4,888811264.0,M,1,20.352954864501953,student
313,232,3,883842688.0,M,1,26.999998092651367,marketing
551,709,5,891165184.0,M,1,29.999998092651367,programmer
711,535,4,880475328.0,F,0,26.455562591552734,student
883,208,5,888375744.0,M,1,34.881134033203125,librarian
497,33,3,880755712.0,M,1,19.203067779541016,student
727,720,2,882383808.0,M,1,20.113969802856445,student
332,270,5,887713088.0,M,1,20.30809783935547,student
870,174,3,881857728.0,M,1,22.719158172607422,student
396,515,5,879876736.0,M,1,30.513309478759766,engineer
405,866,1,884811456.0,F,0,26.130823135375977,healthcare
314,1115,4,882343232.0,F,0,19.813247680664062,student
59,750,2,889207808.0,M,1,35.538448333740234,educator
374,678,3,879405184.0,F,0,30.80825424194336,executive
279,768,3,883390784.0,M,1,24.06338119506836,programmer
832,404,3,885817408.0,M,1,30.488252639770508,technician
833,143,5,884736256.0,M,1,32.16436004638672,writer
929,134,4,884795840.0,M,1,29.745380401611328,scientist
863,1031,3,889380096.0,M,1,19.807559967041016,student
101,979,3,880391232.0,M,1,21.430435180664062,student
208,195,4,880298496.0,M,1,34.7241325378418,engineer
835,1558,4,885331200.0,F,0,33.55669403076172,executive
936,273,5,884424704.0,F,1,26.704614639282227,other
450,129,4,881815552.0,F,0,37.489585876464844,educator
846,846,1,888469120.0,M,1,27.999998092651367,lawyer
474,282,3,884836992.0,M,1,38.0,executive
95,122,1,881701248.0,M,0,27.395668029785156,administrator
769,294,4,882746688.0,M,1,33.64812469482422,executive
886,111,4,876798720.0,M,1,29.320409774780273,student
286,206,5,879364800.0,M,1,18.23982048034668,student
94,92,4,889110080.0,M,1,22.85163116455078,student
64,547,4,887087168.0,M,1,41.18173599243164,educator
773,548,2,889632640.0,M,1,23.775531768798828,student
869,710,4,883259456.0,M,1,20.212743759155273,student
484,269,4,887876800.0,M,1,28.745677947998047,student
125,751,3,884075648.0,M,1,28.89708709716797,lawyer
889,92,3,882100672.0,M,1,25.795053482055664,technician
14,340,5,886039808.0,M,1,37.485069274902344,scientist
435,385,4,883604864.0,M,1,24.82455825805664,engineer
561,55,3,883148032.0,M,1,28.345365524291992,engineer
450,2,4,885099136.0,F,0,36.61009979248047,educator
474,294,4,887148160.0,M,1,39.02232360839844,executive
402,265,3,881512512.0,M,1,29.289142608642578,engineer
65,286,4,880398528.0,F,0,39.294742584228516,educator
393,1378,4,883786816.0,M,1,20.1131591796875,student
235,193,4,882397504.0,M,1,41.2222900390625,educator
575,127,5,881630784.0,F,0,37.58500289916992,marketing
481,163,4,885747776.0,M,1,55.84093475341797,retired
468,168,4,877114944.0,M,1,31.678936004638672,engineer
667,919,3,887339840.0,M,1,38.500633239746094,librarian
42,1,5,880176832.0,M,1,29.788312911987305,administrator
104,1039,4,888470144.0,M,1,24.999998092651367,student
308,127,4,885786624.0,M,1,50.63742446899414,retired
521,201,2,884199232.0,M,1,27.750154495239258,student
303,273,4,883556224.0,M,1,19.877540588378906,student
727,321,2,880798144.0,M,1,24.180938720703125,student
145,381,5,879434368.0,M,1,27.96758270263672,entertainment
468,69,4,883404160.0,M,1,32.0,engineer
85,153,2,878387840.0,M,1,44.18533706665039,educator
645,195,4,882288448.0,M,1,28.753623962402344,programmer
230,993,4,882826240.0,F,0,23.4601993560791,student
292,15,4,884126208.0,F,0,32.594276428222656,programmer
347,56,5,883677696.0,M,1,19.72400665283203,student
532,346,5,879454656.0,M,1,20.305206298828125,student
270,431,5,875656064.0,F,0,19.938987731933594,student
435,410,1,884952256.0,M,1,26.8160343170166,engineer
42,490,5,884882624.0,M,1,41.90979766845703,administrator
537,739,4,882925568.0,M,1,33.999813079833984,engineer
320,188,4,883608384.0,M,1,18.061420440673828,student
48,1263,3,878085760.0,M,1,33.03934860229492,administrator
804,332,4,879355584.0,M,1,38.0,educator
541,7,3,883458432.0,F,0,28.970048904418945,student
286,276,5,877441728.0,M,1,20.786602020263672,student
229,124,4,890687232.0,F,0,35.966835021972656,librarian
417,97,2,884578176.0,F,0,30.982553482055664,other
90,320,5,889304384.0,M,1,42.0,educator
710,188,5,884305536.0,M,1,21.280628204345703,student
132,9,5,888459328.0,M,1,28.068559646606445,scientist
862,193,4,884283008.0,M,1,30.280982971191406,executive
774,573,1,884541056.0,M,1,19.62217140197754,student
622,1512,4,885569152.0,M,1,28.14889907836914,programmer
751,404,4,888153216.0,F,0,31.369863510131836,other
72,294,4,884327424.0,F,0,30.776744842529297,administrator
79,856,4,886240704.0,F,0,31.09261131286621,administrator
206,334,2,886160320.0,F,0,20.157840728759766,student
615,98,5,879841600.0,M,1,28.82672882080078,educator
624,157,3,878662784.0,M,1,20.94746208190918,student
99,925,3,882819648.0,M,1,25.018041610717773,student
49,1084,4,885680576.0,F,0,30.59578514099121,student
293,274,4,883957440.0,M,1,28.794979095458984,writer
537,495,3,885192768.0,M,1,39.034183502197266,engineer
381,245,4,883986624.0,M,1,28.821020126342773,artist
760,372,4,882389504.0,F,0,25.338510513305664,other
886,670,4,878346240.0,M,1,19.5812931060791,student
496,895,2,882111872.0,F,0,20.1137752532959,student
406,216,4,884373376.0,M,1,39.90788269042969,educator
665,50,5,883293952.0,M,1,25.33745574951172,student
450,685,4,884480512.0,F,0,41.441715240478516,educator
883,315,4,889618624.0,M,1,28.770471572875977,librarian
659,657,4,886488640.0,M,1,41.851619720458984,educator
886,222,4,877586560.0,M,1,22.227096557617188,student
295,174,4,883171456.0,M,1,36.082862854003906,educator
805,960,2,882632448.0,F,0,22.03265380859375,student
405,451,1,886594560.0,F,0,31.444217681884766,healthcare
396,179,3,883773568.0,M,1,34.075218200683594,engineer
312,127,5,880387456.0,M,1,28.664472579956055,other
276,210,4,877131136.0,M,1,20.976736068725586,student
93,181,4,886336960.0,M,1,40.81327819824219,executive
588,631,4,889183552.0,F,0,20.8155517578125,student
749,405,4,884398144.0,M,1,28.489723205566406,other
303,117,2,882324544.0,M,1,18.59530258178711,student
870,7,3,881064768.0,M,1,22.0,student
495,127,4,881964544.0,M,1,32.11201477050781,engineer
403,98,5,881589824.0,M,1,27.61968231201172,other
671,879,4,885673344.0,M,1,31.25867462158203,programmer
429,1101,3,882970176.0,M,1,18.04302215576172,student
868,1028,2,880003008.0,M,1,31.0,programmer
611,98,5,887574592.0,M,1,37.450225830078125,librarian
488,272,4,888476992.0,M,1,38.08702087402344,technician
665,479,4,886306944.0,M,1,47.626792907714844,administrator
417,151,4,884462272.0,F,0,28.728565216064453,other
5,558,3,879214720.0,F,0,27.022964477539062,other
205,50,4,888296704.0,M,1,32.351898193359375,lawyer
889,87,2,880804736.0,M,1,26.95269203186035,technician
292,237,4,884010496.0,F,0,32.979190826416016,programmer
751,436,4,886682432.0,M,1,30.897193908691406,other
248,188,4,885398912.0,M,1,22.985889434814453,student
523,739,4,880463424.0,F,0,27.999998092651367,administrator
833,249,4,878920896.0,M,1,27.612207412719727,writer
519,423,2,885086848.0,M,1,37.0,other
655,284,3,882385280.0,F,0,50.09248352050781,healthcare
807,292,4,891560960.0,F,0,42.71393585205078,healthcare
913,151,4,883633280.0,M,1,24.315645217895508,student
92,325,1,876933888.0,M,1,24.553531646728516,entertainment
393,2,4,888854656.0,M,1,19.772119522094727,student
194,443,2,883789760.0,M,1,31.698366165161133,administrator
661,201,5,878440896.0,M,1,24.536514282226562,programmer
89,101,2,879681152.0,F,0,40.219696044921875,administrator
151,132,4,884491008.0,F,0,30.898052215576172,administrator
727,567,2,884438400.0,M,1,19.38892936706543,student
396,191,3,883473344.0,M,1,33.67314147949219,engineer
889,197,5,883401344.0,M,1,25.862905502319336,technician
615,15,5,883568704.0,M,1,52.0,educator
903,1005,4,886138688.0,M,1,28.80604362487793,educator
338,956,5,884401664.0,F,0,41.065277099609375,librarian
330,14,5,881308224.0,F,0,40.54240798950195,educator
724,1097,4,883814848.0,M,1,30.550809860229492,executive
751,1376,3,887800832.0,F,0,29.074735641479492,other
297,237,4,877001216.0,F,0,29.09531021118164,educator
712,93,4,877541440.0,F,0,22.418899536132812,student
710,203,4,888853504.0,M,1,21.959026336669922,student
601,143,4,888804096.0,F,0,29.35492706298828,artist
890,265,5,881582592.0,M,1,21.40985870361328,student
271,520,4,891549184.0,M,1,38.70528030395508,engineer
413,222,3,884913728.0,M,1,38.0,educator
590,524,4,883663744.0,M,1,39.01234817504883,educator
763,431,4,881107776.0,M,1,31.196910858154297,scientist
458,971,5,887501440.0,M,1,37.16913604736328,technician
695,1159,4,888741120.0,M,1,33.52238845825195,writer
207,181,3,881759552.0,M,1,34.03696823120117,marketing
416,1014,5,886019072.0,F,0,20.95064926147461,student
659,285,4,875745536.0,M,1,43.9763298034668,educator
198,34,3,880916864.0,F,0,20.6995849609375,student
311,174,4,884561792.0,M,1,31.590625762939453,technician
940,501,4,887584192.0,M,1,31.497461318969727,administrator
368,152,5,887796864.0,M,1,21.467819213867188,student
747,100,5,887135424.0,M,1,24.995634078979492,other
509,238,5,887684288.0,M,1,25.48681640625,artist
245,1445,1,887797120.0,M,1,24.412296295166016,student
343,100,5,885605760.0,M,1,43.0,engineer
287,168,4,879791424.0,M,1,29.23964500427246,salesman
655,591,2,887943488.0,F,0,46.429359436035156,healthcare
311,313,5,884801600.0,M,1,31.93609046936035,technician
233,204,5,881309440.0,M,1,28.997501373291016,engineer
474,89,5,884626816.0,M,1,35.903831481933594,executive
456,988,3,883005952.0,M,1,26.866313934326172,technician
363,48,4,883673024.0,M,1,17.0,student
200,1,3,885680128.0,M,1,32.96549606323242,programmer
308,4,4,886411392.0,M,1,55.0,retired
385,57,4,881565760.0,M,1,28.713924407958984,writer
312,238,5,893081408.0,M,1,35.41637420654297,other
640,168,4,879982400.0,M,1,23.484060287475586,student
860,307,3,884143488.0,F,0,57.457801818847656,retired
83,199,5,882772800.0,M,1,37.20635986328125,other
648,597,2,885317184.0,M,1,25.999998092651367,engineer
178,179,4,886499456.0,M,1,29.533432006835938,other
1,240,5,882996160.0,M,1,25.41564178466797,technician
898,678,4,886787136.0,M,1,32.0,homemaker
262,825,3,880337152.0,F,0,20.099468231201172,student
916,1039,3,883712064.0,M,1,28.46977996826172,engineer
334,597,2,889975424.0,M,1,34.25969696044922,librarian
640,379,4,884132032.0,M,1,20.097139358520508,student
236,1065,2,884285504.0,F,0,40.770328521728516,writer
92,324,3,882362432.0,M,1,28.391828536987305,entertainment
537,715,2,883306624.0,M,1,31.657609939575195,engineer
292,716,4,883661568.0,M,0,28.018991470336914,programmer
699,1009,3,883694528.0,M,1,25.999998092651367,other
198,347,3,884198464.0,F,0,19.995243072509766,student
158,192,5,884495616.0,M,1,39.04091262817383,educator
854,124,4,882809600.0,F,0,21.49284553527832,student
617,78,1,884366272.0,M,0,29.201208114624023,writer
326,1160,4,881847424.0,M,1,35.672855377197266,administrator
18,432,4,882950464.0,F,0,33.018035888671875,other
159,895,2,888849088.0,F,0,19.73164939880371,student
545,665,3,880187264.0,M,1,25.101716995239258,technician
455,211,3,877533248.0,M,1,26.87742805480957,administrator
521,124,4,884330816.0,M,1,19.306941986083984,student
658,475,4,877886720.0,M,1,27.638286590576172,programmer
563,202,4,885257792.0,F,0,43.17720413208008,librarian
868,276,4,875384768.0,M,1,27.918611526489258,programmer
271,151,4,882956544.0,M,1,28.81655502319336,engineer
378,118,3,880323072.0,M,1,28.746498107910156,student
216,455,4,879148480.0,M,1,26.106643676757812,engineer
244,248,4,879296000.0,M,1,23.0,technician
13,521,2,885505664.0,M,1,39.381629943847656,educator
690,530,3,890345536.0,M,1,40.07590103149414,salesman
836,294,4,885995136.0,M,1,28.10470962524414,artist
897,423,5,886048064.0,M,1,30.862382888793945,other
152,173,4,881050240.0,F,0,35.63222122192383,educator
279,96,3,884990336.0,M,1,39.0,programmer
551,474,4,889486464.0,M,1,27.031822204589844,programmer
519,431,2,882895488.0,M,1,28.24491310119629,other
550,399,4,885598400.0,F,0,21.282840728759766,student
95,252,3,884093504.0,M,1,30.864377975463867,administrator
334,82,4,890243136.0,M,1,23.858110427856445,librarian
332,200,4,885038720.0,M,1,20.12066650390625,student
305,355,3,884039616.0,M,1,33.711631774902344,programmer
196,419,4,883347456.0,M,1,30.14840316772461,writer
99,235,2,886348032.0,M,1,19.239486694335938,student
487,636,3,882502400.0,M,1,25.308839797973633,engineer
880,541,3,884143552.0,M,1,19.051773071289062,student
771,1,4,880030464.0,M,1,25.361915588378906,student
274,168,4,879483712.0,F,0,28.690256118774414,student
521,96,3,884497856.0,M,1,20.519699096679688,student
770,218,4,882447552.0,M,1,19.001171112060547,student
144,662,4,887308544.0,M,1,36.96015930175781,programmer
197,529,5,887106880.0,M,1,37.939659118652344,technician
681,647,4,882731776.0,M,1,34.679222106933594,marketing
286,173,5,880493760.0,M,1,17.98080825805664,student
274,173,4,883954688.0,F,1,31.0,student
222,780,4,884572224.0,M,1,35.0,programmer
896,403,4,885023232.0,M,1,38.0,writer
392,288,4,884051008.0,M,1,31.41080665588379,writer
392,177,4,886453248.0,M,1,33.26464080810547,writer
435,175,2,883559424.0,M,1,28.87980842590332,engineer
537,70,3,880564032.0,M,1,32.22529602050781,engineer
875,1406,5,885170688.0,F,0,20.999900817871094,student
854,148,4,884443904.0,F,0,38.0,student
717,205,5,884538624.0,M,1,29.257978439331055,technician
566,62,2,882002752.0,M,1,19.84528160095215,student
405,898,1,885269440.0,F,0,21.0,healthcare
590,50,3,882626944.0,M,1,38.11040496826172,educator
293,143,4,887632768.0,M,1,24.585338592529297,writer
99,288,4,883486976.0,M,1,29.28312110900879,student
225,484,4,883779840.0,F,0,38.482391357421875,administrator
837,473,4,881541888.0,F,0,22.0,artist
826,597,3,885948928.0,M,1,28.872488021850586,artist
387,276,5,887737216.0,M,1,30.426734924316406,entertainment
548,10,4,891480128.0,M,1,34.57964324951172,writer
305,1282,3,886600320.0,M,1,31.004150390625,programmer
393,502,3,888075776.0,M,1,20.552371978759766,student
727,477,4,879109760.0,M,1,28.209009170532227,student
786,168,4,879955392.0,M,1,33.3797607421875,engineer
642,748,2,882365184.0,F,0,24.999998092651367,student
682,540,3,880168000.0,M,1,25.38756561279297,programmer
144,300,4,887664832.0,M,1,37.34721374511719,programmer
387,226,4,883997696.0,M,1,27.32634925842285,entertainment
326,792,5,881904000.0,M,1,37.198944091796875,administrator
207,328,3,881204672.0,M,1,25.999998092651367,marketing
5,57,3,879852288.0,F,0,33.54387664794922,other
551,124,4,889760448.0,M,1,35.03453826904297,programmer
291,195,4,878541120.0,M,1,22.22949981689453,student
535,153,3,877486976.0,F,0,36.42506408691406,educator
327,250,2,884365696.0,M,1,20.64379119873047,student
64,510,4,889488256.0,M,1,43.542049407958984,educator
430,127,5,884087040.0,M,1,32.817909240722656,scientist
43,133,5,884402048.0,F,0,29.7674560546875,librarian
429,235,4,879875072.0,M,1,19.78192138671875,student
829,510,4,888122880.0,M,1,38.95134353637695,writer
630,217,2,883521344.0,F,0,30.73470687866211,healthcare
201,806,2,884311808.0,M,1,27.687204360961914,writer
543,235,4,880786816.0,M,1,31.180984497070312,scientist
497,1073,3,878348352.0,M,1,19.738475799560547,student
379,651,5,884438144.0,M,1,27.163053512573242,programmer
868,672,4,883493184.0,M,1,22.0,programmer
286,109,4,880210304.0,M,1,20.28424835205078,student
618,146,4,885998272.0,F,0,30.760225296020508,student
214,132,4,884780864.0,F,0,38.35943603515625,librarian
49,963,1,891457408.0,F,0,19.748929977416992,student
660,343,2,890245952.0,M,1,20.48442840576172,student
615,523,2,880571840.0,M,1,40.751312255859375,educator
283,1,4,891031680.0,M,1,26.207298278808594,programmer
659,292,4,885759680.0,M,1,40.05519104003906,educator
109,248,4,879668224.0,M,1,27.88016700744629,other
495,226,4,888591488.0,M,1,28.230995178222656,engineer
11,529,3,889909632.0,F,0,31.67611312866211,other
378,258,3,884094528.0,M,1,29.083755493164062,educator
1,647,1,880328576.0,M,1,25.438961029052734,technician
619,824,5,880899328.0,M,1,25.999998092651367,student
56,472,4,890070464.0,M,1,28.271059036254883,librarian
916,473,3,884110592.0,M,1,26.2579288482666,engineer
881,662,3,879994112.0,M,1,31.177928924560547,marketing
178,393,4,885490304.0,M,1,22.25809097290039,student
537,94,3,885674560.0,M,1,42.0,engineer
374,813,1,880321600.0,M,1,28.666114807128906,executive
805,1177,2,881318656.0,F,0,23.999998092651367,other
279,421,4,883978560.0,M,1,27.472524642944336,programmer
406,523,4,882691328.0,M,1,40.53995132446289,educator
711,107,4,879397376.0,F,0,21.994384765625,student
85,100,3,885156032.0,M,1,42.11764144897461,educator
537,122,2,885221440.0,M,1,30.569677352905273,engineer
844,739,3,883788224.0,M,1,28.571592330932617,engineer
901,237,4,879818816.0,M,1,31.358638763427734,executive
916,185,4,880566720.0,M,1,31.78557586669922,engineer
459,195,4,884224576.0,M,1,20.473426818847656,student
318,178,4,885997440.0,M,1,49.79179763793945,retired
395,1009,4,881203904.0,M,1,28.158527374267578,other
18,332,3,884448960.0,F,0,30.830949783325195,other
16,813,5,881963200.0,M,1,24.674888610839844,entertainment
18,237,3,880036096.0,F,0,30.73085594177246,other
648,188,4,884066112.0,M,1,28.834335327148438,engineer
595,871,3,884385344.0,M,1,28.774702072143555,programmer
452,228,4,891449408.0,M,1,41.18731689453125,administrator
618,582,3,885320128.0,F,0,19.92694854736328,student
367,29,1,882609920.0,M,1,22.178791046142578,student
894,744,3,882008192.0,M,1,34.078460693359375,educator
60,482,4,885738752.0,M,1,43.84096908569336,healthcare
685,367,3,884244224.0,F,0,37.68217468261719,librarian
346,397,1,882176576.0,M,1,33.783756256103516,educator
852,347,3,890103232.0,M,1,32.33881759643555,administrator
381,294,4,883410368.0,M,1,27.91497039794922,artist
347,50,4,882627520.0,M,1,22.8438777923584,student
234,112,2,880573760.0,M,1,37.425071716308594,retired
264,269,4,883895488.0,F,0,26.999998092651367,writer
889,274,4,882410048.0,M,1,30.68159294128418,technician
639,221,5,884528256.0,F,0,36.767066955566406,librarian
536,318,4,881262528.0,M,1,32.03069305419922,engineer
256,678,5,882192768.0,F,0,27.88490867614746,none
721,216,4,880686528.0,F,0,37.75929260253906,entertainment
293,245,4,885230400.0,M,1,31.000276565551758,writer
487,268,4,884148736.0,M,1,32.0,engineer
198,1175,3,886180480.0,F,0,25.999998092651367,student
303,17,4,883025344.0,M,1,22.69994354248047,student
450,462,3,881462784.0,F,0,25.999998092651367,educator
270,755,5,879614528.0,F,0,19.048507690429688,student
788,186,4,879914688.0,M,1,37.070945739746094,administrator
90,895,5,891384704.0,M,1,34.797218322753906,educator
903,98,5,888299328.0,M,1,37.22160339355469,educator
58,226,4,884981376.0,M,1,29.999998092651367,programmer
297,787,3,878464576.0,F,0,30.213306427001953,educator
274,1009,4,880481216.0,F,0,21.507295608520508,student
545,357,3,880198464.0,M,1,25.54619598388672,technician
727,1047,2,883847040.0,M,1,22.0,student
23,202,4,879139520.0,F,0,30.82256317138672,student
468,423,4,877426816.0,F,1,31.94970703125,engineer
592,173,5,882636160.0,M,1,21.29576301574707,student
537,1545,2,886464704.0,M,1,32.73517990112305,engineer
223,959,4,883854656.0,F,0,18.0,student
453,117,2,883170624.0,M,1,19.384056091308594,student
303,470,4,879200512.0,M,1,18.015811920166016,student
865,260,1,883637632.0,F,0,22.684865951538086,artist
84,232,3,884510080.0,M,1,28.847864151000977,executive
65,463,5,881567104.0,F,0,48.74180603027344,administrator
682,825,3,889237312.0,M,1,33.556846618652344,programmer
731,1264,3,884623808.0,F,0,38.61412811279297,educator
72,318,4,883760768.0,F,0,34.20102310180664,administrator
236,167,2,884063616.0,F,0,38.0,writer
655,125,3,887167168.0,F,0,48.68431091308594,healthcare
1,427,4,879548928.0,M,1,26.999998092651367,technician
92,717,5,880481984.0,M,1,29.209739685058594,entertainment
308,1401,3,878866752.0,M,1,32.7924919128418,retired
559,205,3,885532544.0,M,1,39.0,executive
782,470,3,886043008.0,F,0,26.628681182861328,artist
59,133,2,885605760.0,M,1,43.918907165527344,educator
892,169,5,884005760.0,M,1,29.114974975585938,other
642,1232,2,885561024.0,F,0,20.374897003173828,artist
943,769,2,886781952.0,M,1,20.002710342407227,student
712,993,3,882440064.0,F,0,20.50948715209961,student
392,285,3,887686976.0,M,1,38.90171813964844,writer
790,780,3,885201600.0,M,1,24.999998092651367,technician
823,150,5,883097408.0,M,1,28.727270126342773,artist
655,493,3,885994048.0,F,0,36.820369720458984,healthcare
582,11,4,883998720.0,M,1,30.88137435913086,student
851,576,2,877126464.0,M,1,27.802473068237305,other
374,750,5,884270528.0,M,1,29.500913619995117,executive
816,181,4,890742784.0,M,1,36.06428527832031,other
13,284,1,882611968.0,M,1,39.235172271728516,educator
385,558,4,882075520.0,M,1,29.561412811279297,writer
892,106,2,881452416.0,M,1,30.770334243774414,other
232,100,5,884085120.0,M,1,32.0,writer
104,334,4,886007808.0,M,1,19.16636085510254,student
236,532,2,883848896.0,F,0,40.26434326171875,writer
552,328,3,884274496.0,M,1,35.849143981933594,other
417,1084,3,883607360.0,F,0,39.0,other
320,7,3,883231360.0,M,1,20.074264526367188,student
804,7,4,880789120.0,M,1,33.69579315185547,educator
110,62,5,882389504.0,M,1,20.837177276611328,student
457,1391,4,884312320.0,F,0,30.479068756103516,salesman
705,277,3,881907648.0,F,0,20.198413848876953,student
411,313,4,891059264.0,M,1,36.806785583496094,educator
805,469,2,884452352.0,F,0,28.229055404663086,other
57,932,4,881641280.0,M,1,25.25851058959961,none
109,185,5,884118976.0,M,1,27.917526245117188,other
474,657,4,883951232.0,M,1,39.367332458496094,executive
523,73,4,879652160.0,F,0,37.338226318359375,administrator
235,318,4,886078208.0,M,1,41.80072021484375,educator
75,841,4,884584640.0,M,1,28.21314239501953,entertainment
200,301,4,884140608.0,M,1,33.824337005615234,programmer
918,354,4,889927744.0,M,1,34.84160614013672,educator
572,286,3,879193280.0,F,0,40.38323974609375,educator
234,652,4,888405696.0,M,1,50.0,retired
87,50,5,880228864.0,M,1,35.23043441772461,educator
144,879,4,886090560.0,M,1,37.69306182861328,programmer
64,313,5,890645312.0,M,1,31.505903244018555,educator
387,544,4,882371072.0,M,1,28.616987228393555,entertainment
403,169,5,884433024.0,M,1,26.931257247924805,other
56,525,4,890175040.0,M,1,23.0,librarian
405,750,3,884748480.0,F,0,28.613107681274414,healthcare
210,176,5,885817920.0,M,1,34.014869689941406,engineer
500,1014,4,885141312.0,M,1,31.890573501586914,administrator
916,13,4,880737728.0,M,1,33.406150817871094,engineer
405,1068,1,884688768.0,F,0,27.619461059570312,healthcare
405,191,5,885023680.0,F,0,38.0,healthcare
429,2,3,884125632.0,M,1,29.051647186279297,student
721,406,5,881817408.0,F,0,28.184307098388672,healthcare
757,472,3,886859008.0,M,1,28.30097770690918,student
83,515,5,884070784.0,M,1,29.69936180114746,other
154,403,2,883538560.0,M,1,21.26139259338379,student
429,289,3,884337728.0,M,1,28.85736846923828,student
184,202,4,889383680.0,M,1,35.651329040527344,librarian
847,73,4,879066688.0,M,1,22.350879669189453,technician
339,117,4,884327232.0,M,1,29.006296157836914,lawyer
234,11,4,890312000.0,M,1,54.33432388305664,retired
323,684,4,880915136.0,M,1,20.726463317871094,student
932,752,3,887884992.0,M,1,43.724674224853516,educator
268,433,5,879148032.0,M,1,25.967798233032227,engineer
145,797,2,879751424.0,M,1,25.915271759033203,entertainment
392,333,4,885112960.0,M,1,32.658355712890625,writer
878,606,3,883850112.0,F,0,57.24602508544922,retired
634,471,4,878098240.0,M,1,33.609806060791016,engineer
43,1480,3,887949568.0,F,0,32.47540283203125,librarian
234,163,4,888963136.0,M,1,56.315391540527344,retired
782,259,3,887678720.0,F,0,26.999998092651367,artist
749,190,4,888905088.0,M,1,33.087799072265625,other
904,462,4,885409728.0,F,0,30.69444465637207,student
548,464,5,889590912.0,M,1,33.31035614013672,writer
381,301,2,889072000.0,M,1,29.717626571655273,artist
846,1,3,884148352.0,M,1,27.817108154296875,lawyer
201,403,4,885354304.0,M,1,30.32878875732422,writer
425,77,3,883529472.0,M,1,20.315479278564453,student
334,1216,4,889501888.0,M,1,32.78260803222656,librarian
682,152,5,886613440.0,M,1,26.39729118347168,programmer
178,301,4,883556096.0,M,1,22.0,other
92,475,3,878343552.0,M,1,26.441829681396484,entertainment
710,772,4,881713600.0,M,1,20.590070724487305,student
523,416,4,882992128.0,F,0,33.469764709472656,administrator
187,506,4,880532224.0,M,1,41.891841888427734,educator
359,427,4,887334656.0,M,1,22.790491104125977,student
542,622,5,885935360.0,M,1,24.9570255279541,student
406,1169,3,878726336.0,M,1,26.999998092651367,educator
840,432,5,887773184.0,M,1,27.39350700378418,artist
234,299,3,889292864.0,M,1,53.0,retired
819,136,1,884338560.0,M,1,37.940818786621094,administrator
592,363,4,883172992.0,M,1,18.526226043701172,student
110,509,4,890466368.0,M,1,36.134639739990234,programmer
830,824,4,886708800.0,M,1,25.69047737121582,programmer
843,125,2,885912000.0,M,1,36.303958892822266,librarian
606,1,4,880374784.0,M,1,31.120071411132812,programmer
391,144,4,878286272.0,M,1,19.757360458374023,student
207,546,3,880865280.0,M,1,31.307170867919922,marketing
223,366,4,884054848.0,F,0,31.0,student
504,742,4,882570752.0,F,0,40.0,writer
56,597,4,886988416.0,M,1,33.4168586730957,librarian
389,532,4,882512192.0,F,0,42.22917556762695,writer
733,323,2,883405376.0,F,0,27.999998092651367,other
634,79,2,883472128.0,M,1,31.18588638305664,engineer
855,428,3,887995200.0,M,1,43.26380920410156,librarian
246,203,4,882727872.0,M,1,18.328018188476562,student
13,301,5,887594944.0,M,1,43.0,educator
194,1091,3,884490432.0,M,1,29.564228057861328,administrator
892,429,5,886577152.0,M,1,33.109291076660156,other
291,95,4,881952896.0,M,1,11.0,student
425,118,4,885740544.0,M,1,29.79770851135254,programmer
312,201,5,884142656.0,M,1,25.866310119628906,other
926,70,3,882865088.0,M,1,26.316184997558594,programmer
535,162,2,884256000.0,F,0,46.830162048339844,educator
117,294,3,883600704.0,M,1,28.29469871520996,executive
405,619,2,884043328.0,F,0,20.0,healthcare
312,687,5,888857216.0,M,1,32.4532470703125,other
880,1234,1,882556608.0,M,1,22.0,student
840,204,5,882053888.0,M,1,27.019058227539062,artist
804,919,4,884207552.0,M,1,38.89604949951172,educator
620,290,4,889219328.0,F,0,28.57653045654297,writer
647,423,4,881892288.0,M,1,35.54846954345703,educator
504,451,4,885094848.0,F,0,36.8395881652832,writer
289,96,3,880708096.0,F,0,27.25310707092285,none
270,680,5,878461504.0,F,0,22.0,student
447,245,3,878962496.0,M,1,28.055809020996094,administrator
303,273,3,879436224.0,M,1,18.76407241821289,student
588,845,3,888464000.0,F,0,20.376941680908203,student
645,483,5,884206080.0,M,1,29.367568969726562,programmer
349,163,3,886491072.0,M,1,55.0,retired
880,334,2,883714496.0,M,1,19.69164276123047,student
697,419,4,884400704.0,M,1,22.79061508178711,other
752,516,3,887553408.0,M,1,56.3021354675293,retired
145,393,4,880016064.0,M,1,27.008058547973633,entertainment
89,874,2,882647168.0,F,1,39.519683837890625,administrator
222,840,2,880145664.0,M,1,28.857704162597656,programmer
298,118,3,886861760.0,M,1,56.0,executive
890,96,4,883235392.0,M,1,20.350814819335938,student
870,282,3,883963328.0,M,1,28.30121612548828,student
660,219,2,884335232.0,M,1,28.98997688293457,student
407,13,4,880770560.0,M,1,26.59044647216797,engineer
7,769,5,887140864.0,M,1,31.804580688476562,administrator
291,216,4,876197632.0,M,1,27.370569229125977,student
653,294,3,883830784.0,M,1,33.33566665649414,executive
297,433,3,889179520.0,M,0,40.93812561035156,educator
823,96,5,885659072.0,M,1,35.0,artist
653,260,2,881442752.0,M,1,32.41777038574219,executive
490,63,3,883400896.0,F,0,28.398242950439453,artist
201,1042,5,885585984.0,M,1,29.82988739013672,writer
320,222,3,883236864.0,M,1,19.900028228759766,student
629,210,3,882883136.0,F,1,26.596904754638672,other
522,496,4,885784896.0,M,1,26.782665252685547,entertainment
664,402,5,879619264.0,M,1,27.412147521972656,engineer
648,94,2,883601216.0,M,1,27.275407791137695,engineer
207,183,4,882238016.0,M,1,24.999998092651367,marketing
125,80,3,888418176.0,M,1,28.228958129882812,lawyer
664,402,4,879906048.0,M,1,18.0,engineer
405,723,1,884182784.0,F,0,36.81755065917969,healthcare
586,172,4,881953024.0,M,1,22.0,student
201,519,4,884903360.0,M,1,31.0,writer
387,443,3,885340416.0,M,1,27.293025970458984,entertainment
392,644,4,889710080.0,M,1,31.0,writer
312,655,4,889389056.0,M,1,39.0,other
854,955,3,880803968.0,F,0,19.332977294921875,student
216,121,4,883727936.0,M,1,23.0,engineer
574,293,4,888023616.0,M,1,52.33403015136719,educator
450,866,4,883797696.0,F,0,43.0,educator
200,1524,4,892079808.0,M,1,35.05512237548828,programmer
25,121,4,880992640.0,M,1,33.82585144042969,engineer
294,1205,3,884193408.0,M,1,31.5343074798584,technician
92,441,3,879368064.0,M,1,28.012378692626953,entertainment
122,689,3,883509376.0,F,0,31.379375457763672,writer
373,433,4,879198848.0,F,0,30.205196380615234,other
648,228,5,882213184.0,M,1,29.999998092651367,engineer
642,254,4,885326976.0,F,0,19.651132583618164,student
305,357,4,883823552.0,M,1,28.775005340576172,programmer
221,219,3,878982016.0,M,1,19.294923782348633,student
393,346,3,889735488.0,M,1,20.69938850402832,student
201,294,3,885690560.0,M,1,33.36524963378906,writer
766,552,4,883906496.0,M,1,29.999998092651367,other
279,410,4,880337344.0,M,1,29.328250885009766,programmer
474,493,4,887723008.0,M,1,35.0,executive
805,748,4,880512256.0,F,0,25.893447875976562,other
585,634,4,884101504.0,M,1,49.88267517089844,librarian
387,1039,4,884858944.0,M,1,39.0,entertainment
85,257,5,881096320.0,F,0,46.0,other
394,98,5,883752320.0,M,1,23.999998092651367,administrator
339,151,4,888733376.0,M,1,25.587167739868164,lawyer
474,261,4,883290560.0,M,1,28.93209457397461,executive
721,960,3,880175552.0,F,0,23.999998092651367,entertainment
391,117,4,880304448.0,M,1,20.108623504638672,student
417,214,3,879881472.0,F,0,30.055009841918945,other
495,514,4,888262464.0,M,1,39.07487869262695,engineer
109,88,2,879445696.0,M,1,28.03465461730957,other
347,813,4,884035968.0,M,1,20.829532623291016,student
642,148,2,884533952.0,F,0,18.53704071044922,student
276,39,5,876805376.0,M,1,19.398298263549805,student
913,222,4,881170944.0,M,1,21.466930389404297,student
543,109,3,878585600.0,M,1,27.82236099243164,educator
314,1034,4,876521600.0,F,0,19.46294593811035,student
643,150,3,883195200.0,M,1,29.386682510375977,scientist
144,214,4,879991680.0,M,1,37.982887268066406,programmer
392,275,4,887910784.0,M,1,36.11830139160156,writer
234,642,2,889476416.0,M,1,51.20003128051758,retired
328,879,4,883737728.0,M,0,34.75861740112305,administrator
880,105,2,881574720.0,M,1,20.0,student
932,490,4,883325632.0,M,1,42.0,educator
551,235,5,889355264.0,M,1,25.165935516357422,programmer
44,271,5,880749504.0,M,1,25.673095703125,technician
184,426,3,888754560.0,M,1,29.783897399902344,librarian
396,319,4,883769600.0,M,1,34.62377166748047,engineer
551,72,4,890751488.0,M,1,35.26249694824219,programmer
620,382,3,888004224.0,F,0,25.010351181030273,student
85,147,3,878893568.0,M,1,33.638484954833984,educator
23,117,2,879087936.0,F,0,30.304893493652344,artist
264,523,5,875962176.0,F,0,27.29286766052246,writer
416,895,2,884176320.0,F,0,30.782424926757812,student
200,196,4,882800768.0,M,1,22.0,programmer
655,1038,3,880951360.0,F,0,47.03251266479492,healthcare
826,1118,3,886301120.0,M,1,24.379568099975586,artist
624,227,4,880787456.0,M,1,19.929805755615234,student
814,7,4,883979328.0,M,1,29.999998092651367,other
521,96,3,883480256.0,M,1,33.0,student
637,783,4,882900672.0,M,1,23.068132400512695,other
736,286,5,884382016.0,F,0,36.805904388427734,writer
682,226,4,884848064.0,M,1,26.723834991455078,programmer
537,265,3,884348224.0,M,1,36.11555480957031,engineer
48,157,3,878168320.0,F,0,25.999998092651367,administrator
492,1098,4,881967168.0,M,1,35.361572265625,educator
85,507,3,882597568.0,M,1,42.91553497314453,educator
486,1231,3,878616192.0,M,1,32.01546859741211,educator
445,810,4,887358976.0,M,1,26.681093215942383,writer
188,656,4,883848000.0,M,1,35.84632873535156,student
429,526,2,882777088.0,M,1,22.26025390625,student
395,190,4,879724224.0,M,1,28.852420806884766,engineer
393,768,3,883520448.0,M,1,19.712448120117188,student
393,322,4,889488768.0,M,1,17.955692291259766,student
291,958,4,877794432.0,M,1,20.0878963470459,student
573,166,4,884675648.0,M,1,52.649410247802734,retired
10,315,4,891956032.0,M,1,36.57078552246094,marketing
772,421,4,883965952.0,M,1,30.841556549072266,writer
256,258,4,881773760.0,F,0,27.54354476928711,none
586,403,4,884589696.0,M,1,28.872241973876953,student
738,1381,4,882644416.0,M,1,34.40856170654297,technician
286,1030,1,883009792.0,M,1,18.15869903564453,student
397,258,4,884998720.0,M,1,22.0866756439209,student
244,1038,2,884246592.0,M,1,27.18892478942871,technician
314,628,4,879129408.0,F,0,20.270902633666992,student
399,331,4,886304000.0,M,1,32.4842414855957,other
125,259,1,889496640.0,M,1,26.95407485961914,lawyer
661,423,5,877216832.0,M,1,27.849132537841797,programmer
721,99,3,878216128.0,F,0,24.13591766357422,student
474,2,5,892493568.0,M,1,38.568763732910156,executive
537,649,4,884224320.0,M,1,29.062816619873047,engineer
450,1451,3,884006592.0,F,0,35.70721435546875,educator
293,323,2,889062208.0,M,1,25.285053253173828,writer
711,367,4,878456256.0,F,0,21.297061920166016,student
42,367,5,878086976.0,M,1,27.81951332092285,educator
270,102,5,878721920.0,F,0,25.999998092651367,student
875,100,5,882887616.0,F,0,30.82914924621582,student
682,347,4,888625920.0,M,1,26.954757690429688,programmer
661,423,4,878044544.0,M,1,28.425365447998047,programmer
788,482,5,884836736.0,M,1,38.0,administrator
6,191,3,884398656.0,M,1,34.75282287597656,executive
508,712,3,887128640.0,M,1,31.303049087524414,lawyer
868,54,1,884744192.0,M,1,24.097177505493164,programmer
453,392,4,882896768.0,M,1,18.57522201538086,student
307,222,3,883944512.0,M,1,28.85519027709961,student
664,176,4,883280128.0,M,1,29.089693069458008,engineer
548,595,3,888373760.0,M,1,23.999998092651367,writer
85,628,4,884097600.0,M,1,30.01746368408203,educator
897,188,5,880952448.0,M,1,26.661819458007812,other
339,132,3,889085056.0,M,1,20.0,lawyer
442,150,3,881308416.0,M,1,19.391101837158203,student
903,1028,4,887278144.0,M,1,37.895896911621094,educator
456,250,4,882363712.0,M,1,28.937284469604492,technician
551,750,5,889280896.0,M,1,28.16738510131836,programmer
405,1580,1,883970368.0,F,0,27.027803421020508,healthcare
265,433,5,880441408.0,M,1,35.0,other
57,748,5,884381504.0,M,1,25.891708374023438,none
457,508,4,880776448.0,M,0,31.07840347290039,salesman
363,806,4,890973056.0,M,1,21.342105865478516,student
128,284,5,882439104.0,F,0,36.27348327636719,marketing
214,289,3,887473856.0,F,0,30.876571655273438,librarian
474,58,5,884363712.0,M,1,35.0,other
112,1446,3,880966912.0,M,1,29.029041290283203,salesman
44,271,5,882197312.0,M,1,27.069013595581055,administrator
880,486,2,883865856.0,M,1,26.77157974243164,student
429,772,4,883128960.0,M,1,18.001508712768555,student
887,24,5,884094336.0,F,0,21.0,student
271,193,3,886490432.0,M,1,42.12584686279297,engineer
880,369,2,880917248.0,M,1,20.769088745117188,student
712,418,4,878957312.0,F,0,22.10025978088379,student
399,58,3,879545792.0,M,1,28.905654907226562,other
345,51,3,888075520.0,F,0,36.168067932128906,librarian
499,514,4,883996608.0,M,1,28.160795211791992,programmer
931,484,4,888888512.0,M,1,30.917375564575195,educator
663,771,4,885098688.0,M,1,26.999998092651367,other
60,1159,4,887665408.0,M,1,43.32683563232422,healthcare
236,528,4,885807232.0,F,0,45.39894104003906,writer
741,273,3,888122880.0,M,1,27.96111488342285,writer
64,423,4,883028864.0,M,1,37.96581268310547,educator
130,180,4,878674880.0,M,1,25.597272872924805,none
3,215,3,884770688.0,F,1,32.090431213378906,writer
387,338,4,885553920.0,M,1,28.78653335571289,entertainment
407,47,4,880807808.0,M,1,28.915603637695312,engineer
766,315,4,890859648.0,M,1,36.101318359375,other
178,1171,3,886610624.0,M,1,33.94096755981445,other
653,106,2,884141312.0,M,1,27.48377799987793,executive
931,1120,4,890160128.0,M,1,28.81024169921875,educator
514,188,4,875038720.0,M,1,26.72860336303711,programmer
716,302,4,875659264.0,F,0,40.99839401245117,administrator
601,88,4,884527872.0,F,0,27.537025451660156,artist
428,315,5,887519872.0,M,1,21.963218688964844,student
665,301,4,885655872.0,M,1,27.999998092651367,administrator
833,455,4,878006720.0,M,1,29.754926681518555,writer
559,900,3,886367488.0,M,1,52.0,executive
106,302,4,886351296.0,M,1,49.74647903442383,retired
398,15,4,877616640.0,M,1,28.827173233032227,other
929,98,2,883670848.0,M,1,34.846031188964844,scientist
472,56,5,879430272.0,M,1,20.647764205932617,student
661,265,4,884372160.0,M,1,27.158546447753906,programmer
536,150,4,882980672.0,M,1,27.557334899902344,engineer
312,83,5,888329536.0,M,1,20.0,other
221,684,3,880046656.0,M,1,22.8437557220459,student
788,1010,3,880435072.0,M,1,33.89884948730469,administrator
280,843,3,890425152.0,F,0,31.302268981933594,librarian
239,485,5,887944192.0,M,1,28.5737361907959,artist
788,131,3,881339584.0,M,1,42.24757385253906,administrator
10,186,4,884395328.0,M,1,30.77187728881836,lawyer
578,300,4,890254784.0,M,1,33.82801055908203,librarian
297,284,3,882259712.0,F,0,37.39789581298828,educator
207,419,5,880703040.0,M,1,33.500396728515625,marketing
70,210,4,883187008.0,M,1,26.573043823242188,engineer
182,238,4,886481728.0,M,1,34.064971923828125,programmer
537,194,3,884096128.0,M,1,28.9974422454834,engineer
887,44,4,883732736.0,F,0,18.662548065185547,student
851,123,1,883364224.0,M,1,22.9895076751709,other
650,16,3,884411840.0,M,1,38.96367645263672,engineer
552,121,3,882023488.0,M,1,36.01193618774414,other
913,455,4,880977984.0,M,1,19.636371612548828,student
328,845,3,884534592.0,M,1,32.495399475097656,administrator
899,184,4,884837632.0,M,1,24.291093826293945,other
804,242,3,879111488.0,M,1,37.705345153808594,educator
23,328,4,883327808.0,F,0,32.12187957763672,artist
2,606,4,881956864.0,F,0,45.284542083740234,other
854,588,3,884376000.0,F,0,19.576753616333008,student
535,283,3,878870528.0,F,0,44.73810958862305,educator
916,524,3,880987200.0,M,1,33.97999954223633,engineer
655,604,3,886936000.0,F,0,50.0,healthcare
890,50,5,882828992.0,M,1,20.24768829345703,student
474,2,4,887649600.0,M,1,38.379310607910156,executive
588,877,4,889479232.0,F,0,20.268901824951172,student
747,215,5,885966976.0,M,1,33.71059036254883,other
457,729,1,879905024.0,F,0,30.676490783691406,salesman
617,558,1,883509568.0,F,0,28.655651092529297,writer
151,210,5,881554816.0,F,0,24.999998092651367,administrator
637,622,1,880134784.0,M,1,28.552967071533203,other
500,209,4,887745984.0,M,1,28.67873191833496,administrator
401,1368,3,888290560.0,F,0,50.0,healthcare
642,423,2,882334592.0,F,0,24.999998092651367,student
295,237,5,882481600.0,M,1,38.52008819580078,educator
627,151,4,883399936.0,M,1,26.13079833984375,engineer
521,316,3,877636736.0,M,1,20.952024459838867,student
13,789,1,882928064.0,M,1,29.092201232910156,educator
399,357,3,891170752.0,M,1,29.16002655029297,other
10,258,4,884231040.0,M,1,34.68849182128906,lawyer
213,98,5,879659264.0,M,1,31.203933715820312,executive
682,1014,3,886282112.0,M,1,23.0,programmer
135,1239,3,878765632.0,M,1,21.19034194946289,student
393,67,4,883337664.0,M,1,23.0,student
870,274,3,884308096.0,M,1,21.12540626525879,student
188,228,3,878055680.0,M,1,28.227819442749023,student
833,248,2,878304640.0,M,1,30.24580192565918,writer
3,177,2,885156352.0,M,1,33.69860076904297,writer
374,83,5,880894016.0,M,1,23.999998092651367,executive
211,98,5,882505024.0,M,1,38.50592041015625,librarian
521,99,3,884277696.0,M,1,27.981840133666992,student
698,684,4,883954240.0,F,0,28.802221298217773,programmer
109,294,3,883068672.0,M,1,28.758691787719727,other
456,181,4,883463936.0,M,1,28.111637115478516,technician
595,1207,3,884854912.0,M,1,28.4840145111084,programmer
4,178,4,886985472.0,M,1,32.12208557128906,technician
627,159,1,884224256.0,M,1,33.14891815185547,writer
85,237,4,878481280.0,M,1,27.999998092651367,educator
931,177,4,889757120.0,M,1,27.999998092651367,educator
551,1518,4,884064384.0,M,1,26.81293296813965,programmer
514,302,4,883910528.0,M,1,28.813762664794922,programmer
56,358,2,890533312.0,M,1,20.0,librarian
177,189,4,884223936.0,M,1,28.176498413085938,programmer
18,125,3,880622912.0,F,0,38.677268981933594,other
381,82,3,892685376.0,M,1,26.716163635253906,artist
495,685,3,884237824.0,M,1,30.957494735717773,engineer
189,432,3,888688320.0,M,1,26.005369186401367,artist
450,308,4,885150848.0,F,0,39.50578689575195,educator
343,1,5,880573440.0,M,1,27.916717529296875,engineer
533,301,2,884351360.0,M,1,41.29232406616211,librarian
153,411,5,881167040.0,M,1,21.53200912475586,student
198,72,3,883635008.0,F,0,27.612152099609375,student
206,1246,2,887435968.0,F,0,20.10572052001953,student
493,895,3,884452480.0,M,1,24.909643173217773,engineer
234,285,4,886376320.0,M,1,54.72584533691406,retired
682,1,4,886934464.0,M,1,26.999998092651367,programmer
314,433,3,878416512.0,F,0,18.658905029296875,student
617,33,4,884172864.0,F,0,33.30577850341797,writer
298,274,3,883827008.0,M,1,42.0,executive
416,313,5,888456960.0,F,0,21.366634368896484,student
198,507,4,881809792.0,F,0,22.414443969726562,student
694,423,4,884133568.0,M,1,35.924686431884766,programmer
276,1529,3,876753664.0,M,1,20.402767181396484,student
1,112,4,884053184.0,M,1,26.2932186126709,technician
627,1039,3,880754880.0,M,1,20.55473518371582,student
500,754,4,885446144.0,M,1,31.68132972717285,administrator
435,1467,3,886383104.0,M,1,26.51820182800293,engineer
694,216,4,881266432.0,M,1,33.773521423339844,programmer
222,653,4,880288256.0,M,1,25.2745304107666,programmer
682,550,4,884913536.0,M,1,21.903175354003906,programmer
579,89,5,886805056.0,M,1,39.628726959228516,librarian
292,237,4,883628352.0,F,0,33.03313064575195,programmer
514,228,4,879405440.0,M,1,28.259052276611328,programmer
297,486,3,884288000.0,F,0,34.334930419921875,educator
782,631,2,886449792.0,F,0,26.915491104125977,artist
844,175,2,878799808.0,M,1,25.363422393798828,engineer
162,76,4,883567424.0,M,1,26.42997169494629,other
311,132,5,888392960.0,M,1,31.871980667114258,technician
615,168,5,879630208.0,M,1,37.693939208984375,educator
389,265,4,882422656.0,F,0,23.0,writer
262,242,3,876802560.0,F,0,30.438861846923828,student
90,435,3,887737664.0,M,1,45.53874588012695,educator
543,743,4,877821504.0,M,1,39.0,scientist
639,302,4,890741376.0,F,0,41.0,librarian
110,80,2,886602304.0,M,1,17.939788818359375,student
239,182,5,886613952.0,M,1,29.110464096069336,artist
474,270,5,891628672.0,M,1,36.09333038330078,executive
474,238,4,886016512.0,M,1,29.413589477539062,executive
393,323,3,884395456.0,M,1,25.543292999267578,student
416,597,2,887237056.0,F,0,30.678813934326172,student
892,192,5,884252352.0,M,1,36.214202880859375,other
346,111,2,877371520.0,M,1,23.999998092651367,other
298,149,4,882833664.0,M,1,32.19861602783203,executive
487,584,4,888484544.0,M,1,32.91815948486328,engineer
321,14,4,882653440.0,F,0,46.08437728881836,educator
105,1220,5,882665152.0,M,1,31.810565948486328,engineer
49,988,2,883709504.0,F,0,18.19088363647461,student
393,709,3,884084224.0,M,1,20.0,student
479,157,4,879572608.0,M,1,36.68431854248047,educator
198,402,3,882854592.0,F,0,28.5489444732666,student
600,2,3,887060800.0,M,1,29.694412231445312,programmer
756,94,3,884076032.0,M,0,28.51620101928711,none
633,423,4,878975424.0,M,1,30.15178680419922,programmer
8,271,2,884065280.0,M,1,32.85913848876953,administrator
830,210,2,887381888.0,M,1,28.782052993774414,programmer
416,895,2,883390208.0,F,0,20.91946792602539,student
256,294,4,881536128.0,F,0,28.441492080688477,none
913,52,2,883947456.0,M,1,19.110837936401367,student
532,513,5,889869440.0,M,1,22.328662872314453,student
398,735,4,877799232.0,M,1,29.999998092651367,other
883,515,5,891381568.0,M,1,34.65192794799805,other
848,47,5,887629504.0,M,1,39.018062591552734,engineer
795,780,4,883897152.0,M,1,27.41806411743164,programmer
880,62,2,884183744.0,M,1,27.526540756225586,student
169,515,5,884502528.0,F,0,30.92430305480957,other
566,596,4,883654208.0,M,1,19.482707977294922,student
531,93,1,883726336.0,F,0,26.59535026550293,salesman
666,423,4,880088000.0,M,1,31.278179168701172,administrator
216,151,4,878747520.0,M,1,25.165376663208008,engineer
663,169,5,886595968.0,M,1,21.0,other
145,277,2,878125632.0,M,1,41.0,entertainment
533,289,3,887272704.0,M,1,56.0,librarian
698,840,5,884420672.0,F,0,27.057025909423828,programmer
392,478,5,884996800.0,M,1,42.713565826416016,writer
94,427,4,888621440.0,M,1,26.627883911132812,administrator
670,12,4,883382464.0,M,1,30.659610748291016,technician
405,660,5,884336704.0,F,1,28.100465774536133,healthcare
291,405,3,877305664.0,M,1,28.813753128051758,student
57,333,3,883654784.0,M,1,25.17654037475586,none
12,8,4,884066752.0,F,0,38.89680099487305,librarian
503,1084,5,884828864.0,F,0,38.58222579956055,writer
141,683,3,884910720.0,M,1,29.59191131591797,programmer
758,71,5,882401152.0,M,1,20.096446990966797,student
534,181,4,883464576.0,M,1,28.999998092651367,student
363,895,2,890126528.0,M,1,20.963218688964844,student
387,831,3,892151488.0,M,1,26.985225677490234,entertainment
863,386,2,885044416.0,M,1,19.35491180419922,student
455,121,4,882126656.0,M,1,38.431724548339844,administrator
46,603,5,885072448.0,F,0,42.8717041015625,administrator
774,338,1,887524864.0,M,1,18.801464080810547,student
715,164,4,880800640.0,M,1,27.534156799316406,technician
332,404,4,888649536.0,M,1,21.014183044433594,student
302,182,4,877849728.0,M,1,39.02263259887695,educator
118,23,5,882412544.0,M,1,27.079734802246094,administrator
722,313,4,889654784.0,F,0,21.0,student
406,19,4,882728192.0,M,1,42.7827033996582,educator
200,111,4,883864000.0,M,1,29.114450454711914,programmer
510,157,1,879614976.0,M,1,25.622047424316406,salesman
435,230,3,879530624.0,M,1,29.8760929107666,engineer
87,955,3,882385600.0,M,1,30.2271785736084,administrator
459,39,4,883851200.0,M,1,31.301788330078125,student
215,54,4,887989312.0,M,0,28.209787368774414,programmer
130,117,2,879335680.0,M,1,25.006750106811523,none
295,258,4,886340800.0,M,1,28.781566619873047,educator
387,460,3,886634176.0,M,1,24.598474502563477,entertainment
198,609,3,884739648.0,F,0,17.93862533569336,student
804,72,3,882856256.0,M,1,38.457855224609375,educator
422,318,4,881585216.0,M,1,28.8244686126709,entertainment
378,952,3,881388032.0,M,1,20.255889892578125,student
222,48,4,883342976.0,M,1,28.756694793701172,programmer
234,505,3,891337152.0,M,1,46.393760681152344,retired
507,100,5,886119360.0,F,0,30.446006774902344,writer
246,826,4,881134080.0,M,1,45.0,student
592,480,1,883627968.0,M,1,23.0,student
650,510,3,882416128.0,M,1,30.428760528564453,engineer
527,50,4,884281792.0,M,1,39.931644439697266,librarian
215,144,4,888069632.0,M,1,28.897457122802734,programmer
698,937,5,891033920.0,F,0,27.84001922607422,programmer
786,228,4,880928192.0,F,0,29.946447372436523,engineer
181,131,1,879729536.0,M,1,26.864574432373047,executive
178,294,4,886348160.0,M,1,29.713939666748047,other
405,682,1,884802816.0,F,0,25.913410186767578,healthcare
454,15,4,878928064.0,M,1,44.062889099121094,programmer
871,209,3,884262016.0,M,1,28.78813362121582,executive
437,764,1,883653376.0,F,0,26.493202209472656,other
270,197,4,879689920.0,F,0,20.562196731567383,student
279,245,3,883156096.0,M,1,21.0,programmer
697,151,4,889908480.0,M,1,25.537364959716797,other
180,754,5,884484800.0,F,0,31.755064010620117,administrator
464,403,4,887046784.0,M,1,49.0,writer
406,694,4,878652288.0,M,1,34.0,educator
747,558,5,884407488.0,M,1,28.447175979614258,other
94,203,4,889487296.0,M,1,22.532962799072266,student
456,179,4,883583744.0,M,1,26.999998092651367,technician
843,597,2,886625152.0,M,1,34.0728759765625,librarian
666,187,5,882184128.0,M,1,35.70356750488281,administrator
84,327,1,883707072.0,M,1,32.83399963378906,executive
650,179,4,887646976.0,M,1,34.02395248413086,engineer
194,930,3,880393664.0,M,1,28.43609046936035,administrator
456,250,4,883455552.0,M,1,28.8443546295166,technician
184,652,2,889807424.0,M,1,34.03519058227539,librarian
174,937,5,884993792.0,F,0,37.31977844238281,administrator
25,188,4,881930496.0,M,1,32.71055603027344,engineer
592,200,4,882650304.0,M,1,19.262447357177734,student
506,1141,3,879541504.0,F,0,38.291908264160156,educator
640,182,3,881670656.0,M,1,28.79248046875,student
468,222,4,883293888.0,M,1,32.31996536254883,engineer
296,411,4,879439104.0,F,0,44.40265655517578,administrator
592,591,5,884064896.0,M,1,20.279348373413086,student
106,4,4,886973056.0,M,1,50.0,retired
102,1181,3,886245504.0,M,1,28.025135040283203,programmer
540,208,3,882753536.0,M,1,30.373743057250977,engineer
933,168,3,884170880.0,M,1,22.909286499023438,student
276,546,4,876378048.0,M,1,25.582233428955078,student
531,422,1,885865856.0,F,0,27.36916732788086,salesman
840,1,5,885450176.0,M,1,27.729358673095703,artist
576,333,3,885262784.0,M,1,28.915023803710938,executive
201,307,4,884542848.0,M,1,31.660982131958008,writer
710,188,4,881419200.0,M,1,22.05556869506836,student
621,71,3,880115328.0,M,1,19.688133239746094,student
823,498,3,883961792.0,M,1,29.518205642700195,artist
807,30,4,892871552.0,F,0,35.234092712402344,healthcare
645,301,4,885958720.0,M,1,27.999998092651367,executive
630,1416,3,885584320.0,F,0,35.337928771972656,healthcare
243,131,4,880604864.0,M,1,47.451473236083984,educator
627,367,4,879911488.0,M,1,26.012025833129883,engineer
44,647,2,884242816.0,M,1,28.079174041748047,technician
184,709,3,888088576.0,M,1,31.85433006286621,librarian
708,681,3,883822720.0,F,0,30.64643096923828,homemaker
532,56,4,882716864.0,M,1,21.685245513916016,student
535,732,4,879564992.0,F,0,43.46354293823242,educator
90,512,5,888677120.0,M,1,38.47130584716797,educator
63,294,4,882050496.0,M,1,32.125938415527344,marketing
561,1014,4,885687680.0,M,1,32.466312408447266,engineer
934,255,3,887156672.0,M,1,54.0,engineer
872,568,4,882510592.0,F,0,19.465961456298828,student
869,743,1,888905792.0,M,1,23.01741600036621,student
839,1,4,879329920.0,F,0,31.20842933654785,entertainment
422,186,4,879264064.0,M,1,28.070556640625,entertainment
70,69,3,882870976.0,M,1,31.464191436767578,engineer
450,847,4,885175360.0,F,0,32.83245849609375,educator
47,683,3,879012736.0,M,1,31.540273666381836,marketing
5,1206,4,881100608.0,F,0,26.65450096130371,other
731,923,3,884234496.0,F,0,39.14723587036133,educator
577,118,5,879034624.0,F,0,20.919200897216797,student
151,25,4,879927808.0,F,0,36.82175064086914,administrator
481,216,4,886110464.0,M,1,50.0,retired
256,301,4,885675264.0,F,0,35.1944694519043,student
379,200,4,883115136.0,M,1,29.357059478759766,programmer
363,880,3,890441536.0,M,1,21.25954818725586,student
292,191,5,883958464.0,F,0,32.51746368408203,programmer
427,286,5,884060160.0,M,1,34.36062240600586,doctor
721,762,3,881749120.0,F,0,31.01807975769043,entertainment
295,1147,4,881634816.0,M,1,38.10498046875,educator
18,150,4,882011008.0,F,0,34.41455078125,other
532,161,3,890044736.0,M,1,20.531105041503906,student
601,304,4,880341184.0,F,0,29.163915634155273,artist
568,6,4,879861696.0,M,1,32.38960266113281,educator
186,107,4,882360896.0,M,0,30.25881004333496,executive
308,430,4,887258176.0,M,1,51.223575592041016,retired
429,725,3,882811840.0,M,1,21.364124298095703,student
151,933,5,879439168.0,F,0,37.52359390258789,administrator
256,1374,4,881541120.0,F,0,27.953683853149414,none
387,685,4,886997312.0,M,1,31.95816993713379,entertainment
823,69,4,883583552.0,M,1,25.999998092651367,artist
279,1214,4,884098432.0,M,1,28.87755584716797,programmer
804,676,3,884269376.0,M,1,37.660343170166016,educator
305,245,3,886443904.0,M,1,31.271364212036133,programmer
16,1,4,884355968.0,M,1,26.95357322692871,entertainment
276,218,3,883862400.0,M,1,28.092973709106445,student
514,1028,3,878151104.0,M,1,28.175954818725586,programmer
541,294,4,879445888.0,F,1,20.89582061767578,student
326,526,3,884391808.0,M,1,32.29570007324219,administrator
296,321,5,882069696.0,F,0,45.98515701293945,administrator
239,748,3,882318400.0,M,1,28.39879035949707,administrator
307,183,3,880322176.0,M,1,29.14413070678711,marketing
658,11,4,883868416.0,M,1,28.304780960083008,programmer
518,100,5,883433344.0,M,1,39.5391960144043,writer
90,493,5,889024832.0,M,1,39.867591857910156,educator
508,245,3,887730368.0,M,1,31.00120735168457,marketing
481,70,3,884866304.0,M,1,54.225440979003906,retired
207,678,4,882503360.0,M,1,35.00767517089844,marketing
916,168,3,881348416.0,M,1,28.887611389160156,engineer
207,435,3,882380544.0,M,1,23.0,marketing
757,231,3,890069440.0,M,1,21.279775619506836,student
148,1,3,878837888.0,M,1,24.55426597595215,engineer
606,276,4,880268736.0,M,1,29.28063201904297,programmer
245,71,5,882231808.0,M,1,28.790895462036133,student
210,515,5,885578688.0,M,1,33.05103302001953,engineer
666,498,4,883198208.0,M,1,31.676586151123047,engineer
722,340,4,884909056.0,F,0,32.066654205322266,homemaker
271,654,4,888026304.0,M,1,48.08174133300781,engineer
863,134,2,890134208.0,M,1,20.88870620727539,student
684,82,4,884963776.0,M,1,23.56542205810547,student
682,628,4,886394048.0,M,1,28.035511016845703,programmer
65,8,4,881707840.0,F,0,30.85109519958496,educator
804,418,4,876550784.0,M,1,36.958824157714844,educator
328,81,2,887376832.0,M,1,50.0,administrator
894,58,3,883166208.0,M,1,38.78272247314453,educator
321,690,4,884194688.0,F,0,46.68541717529297,educator
378,873,3,881989632.0,M,1,22.275177001953125,student
795,1012,4,882989184.0,M,1,31.280757904052734,programmer
400,51,5,882117824.0,F,0,37.26695251464844,administrator
868,89,4,881824192.0,M,1,25.050891876220703,programmer
654,307,4,887417216.0,F,0,20.96280860900879,student
279,470,4,881804096.0,M,1,25.051166534423828,programmer
328,900,3,887617280.0,M,1,40.385013580322266,administrator
870,347,4,884274624.0,M,1,20.101276397705078,student
308,481,5,887379648.0,M,1,49.68913650512695,retired
66,230,4,884408320.0,M,1,20.166057586669922,student
642,989,5,884155776.0,F,0,20.130535125732422,student
301,181,3,883768896.0,M,1,19.758682250976562,student
314,216,4,877196800.0,F,0,20.13088607788086,student
16,182,3,883039616.0,M,1,26.999998092651367,entertainment
889,187,4,882210496.0,M,1,31.94351577758789,technician
228,278,3,890224768.0,F,0,24.0358943939209,none
289,678,1,883225600.0,M,1,28.10077476501465,marketing
207,183,3,883777152.0,M,1,29.999998092651367,marketing
585,701,4,893214080.0,M,1,40.350345611572266,librarian
119,474,4,884111680.0,M,1,24.999998092651367,programmer
642,90,3,884561472.0,F,0,18.367416381835938,student
454,69,2,883951616.0,M,1,28.940689086914062,other
897,455,2,879094080.0,M,1,26.639535903930664,other
159,1297,4,883498752.0,F,0,25.90635108947754,student
747,169,5,888298112.0,M,1,25.599300384521484,other
497,87,3,878931584.0,M,0,19.7301025390625,student
393,208,4,889425920.0,M,1,20.77508544921875,student
711,1230,5,884365696.0,F,0,30.699081420898438,student
181,406,1,879787712.0,M,1,24.61711311340332,executive
587,1020,4,889212160.0,M,1,26.290864944458008,other
58,380,4,887674496.0,M,1,28.867658615112305,programmer
389,38,2,880839808.0,F,0,39.90789794921875,writer
94,226,4,889134656.0,M,1,22.55232810974121,student
315,269,4,881643776.0,M,1,34.51811218261719,educator
361,204,3,878850304.0,M,1,20.97464370727539,student
426,286,4,885739200.0,M,1,44.79750061035156,educator
913,496,4,883584704.0,M,1,21.18297004699707,student
191,257,3,883567936.0,M,1,29.845518112182617,administrator
727,682,2,883300608.0,M,1,19.424903869628906,student
393,2,3,882509952.0,M,1,20.771221160888672,student
437,413,3,882999552.0,F,0,28.28200912475586,other
871,609,3,886446912.0,M,1,31.678443908691406,executive
280,420,3,888174016.0,F,0,31.18973731994629,librarian
606,81,4,880715136.0,M,1,29.782196044921875,programmer
60,1251,4,885134272.0,M,1,44.37995910644531,healthcare
381,1510,5,888680512.0,M,1,25.646249771118164,artist
48,127,5,878706176.0,M,1,31.078035354614258,administrator
227,79,3,879643648.0,M,1,31.844289779663086,executive
233,168,5,880735168.0,M,1,30.859203338623047,engineer
593,581,4,877739008.0,F,0,32.2342529296875,educator
705,282,3,883090048.0,F,0,29.44815444946289,student
608,13,4,881962112.0,M,1,24.182893753051758,student
130,291,4,878954944.0,M,1,26.230009078979492,none
216,47,4,877635904.0,M,1,26.22188377380371,engineer
318,522,4,886277056.0,M,1,48.601436614990234,retired
363,61,4,891371136.0,M,1,24.482114791870117,student
244,501,4,884084352.0,M,1,28.316598892211914,technician
283,483,4,884340032.0,M,1,28.93892478942871,programmer
5,42,3,877513792.0,F,0,27.8609619140625,other
276,229,3,875086272.0,M,1,26.695140838623047,student
889,111,3,881878080.0,M,1,25.27293586730957,technician
606,157,4,878151552.0,M,1,27.328092575073242,programmer
454,205,3,885003968.0,M,1,44.46034622192383,other
819,177,4,884338368.0,M,1,36.75553512573242,administrator
561,609,1,885322048.0,M,1,27.999998092651367,engineer
634,741,3,879434752.0,M,1,32.06904220581055,engineer
888,15,5,886290688.0,M,1,46.0,educator
308,546,4,887360832.0,M,1,53.884891510009766,retired
514,1,4,880873664.0,M,1,27.710514068603516,programmer
328,1195,3,888880960.0,M,1,40.15614700317383,administrator
515,662,2,887115520.0,M,1,41.0770263671875,marketing
354,1578,3,890407616.0,F,0,31.58135414123535,librarian
398,673,4,884176768.0,M,1,21.0,other
532,320,5,889731264.0,M,1,23.850502014160156,student
819,61,4,886661952.0,M,1,38.6392822265625,administrator
393,60,3,883663488.0,M,1,27.973731994628906,student
346,475,4,880182336.0,M,1,26.801259994506836,other
487,591,4,882735104.0,F,0,26.400842666625977,engineer
519,393,4,882844032.0,M,1,30.733776092529297,other
535,14,3,879884480.0,F,0,39.079463958740234,educator
398,88,5,878972608.0,M,1,27.35254669189453,other
880,1,4,883737344.0,M,1,19.181705474853516,student
561,416,3,886310336.0,M,1,26.983461380004883,engineer
676,348,1,889621184.0,M,1,28.572969436645508,lawyer
43,135,4,883446592.0,F,0,25.999998092651367,librarian
379,514,5,887852480.0,M,1,32.149078369140625,programmer
733,69,4,881060160.0,F,0,35.71923065185547,other
293,271,2,887093696.0,M,1,27.900169372558594,writer
577,490,3,880578560.0,F,0,21.0,student
38,988,2,885556096.0,F,0,29.88176155090332,student
312,515,5,885852416.0,M,1,37.46532440185547,other
864,96,5,884727872.0,M,1,27.603261947631836,programmer
101,932,4,876524480.0,M,1,21.821208953857422,student
321,1,4,879948288.0,F,0,45.41603088378906,educator
136,429,5,885652928.0,M,1,38.5430793762207,other
747,156,2,885926336.0,M,1,23.0,other
700,408,3,884771072.0,M,1,19.88256072998047,student
912,257,4,882600832.0,M,1,35.0,other
158,519,2,884320192.0,M,1,45.40018081665039,educator
546,121,4,891732544.0,M,1,32.048828125,executive
314,562,3,878543488.0,F,0,19.582523345947266,student
774,271,2,887327296.0,M,1,20.27813148498535,student
605,191,4,883309440.0,M,1,37.413848876953125,engineer
897,866,5,885427904.0,M,1,27.35994529724121,other
526,79,4,880055424.0,M,1,34.01603317260742,marketing
528,300,4,888071424.0,M,1,21.98564910888672,student
160,181,4,880789440.0,M,1,31.0947322845459,programmer
506,48,4,884117760.0,M,1,32.0,programmer
406,136,5,878771968.0,M,1,28.869970321655273,educator
524,436,3,886748032.0,M,1,45.0,educator
698,871,4,884574656.0,F,0,28.020998001098633,programmer
648,74,5,887104448.0,M,1,30.73029136657715,engineer
535,740,4,884341696.0,F,0,45.639095306396484,educator
16,100,4,878846656.0,M,1,28.071176528930664,entertainment
758,151,5,882023168.0,M,1,18.69034194946289,student
835,286,4,891250048.0,F,0,37.713375091552734,executive
313,316,3,883666048.0,M,1,50.0,marketing
744,194,4,882147072.0,M,1,36.56555938720703,marketing
13,1110,4,883927872.0,M,1,30.4428768157959,educator
707,276,4,882118080.0,F,0,37.451988220214844,librarian
181,1628,1,878709184.0,M,1,24.70867156982422,executive
243,237,4,877210688.0,M,1,36.611392974853516,educator
514,508,4,878962688.0,M,1,27.454608917236328,programmer
67,109,5,879943680.0,M,1,21.806880950927734,student
66,300,4,883734528.0,M,1,17.95035743713379,student
648,403,2,884616512.0,M,1,45.0,engineer
3,1098,3,883889920.0,M,1,28.056482315063477,writer
60,216,4,882554176.0,M,1,29.759504318237305,healthcare
5,111,3,878285312.0,F,0,27.43471336364746,other
833,377,4,879691200.0,M,1,29.510799407958984,writer
589,539,1,888044928.0,M,1,29.999998092651367,lawyer
13,1205,3,884771392.0,M,1,38.617061614990234,educator
710,173,4,884270528.0,M,1,28.911849975585938,student
754,211,3,885007104.0,F,0,46.5198974609375,librarian
757,161,3,889188672.0,M,1,20.48598289489746,student
639,198,4,888134144.0,F,0,39.50696563720703,librarian
207,615,3,874953920.0,M,1,32.32170867919922,marketing
276,443,4,874815808.0,M,1,26.258153915405273,student
151,50,4,878973248.0,F,0,37.241554260253906,administrator
617,723,1,883851648.0,F,0,26.493850708007812,writer
87,180,5,880583360.0,M,1,32.94831848144531,administrator
151,172,4,882203008.0,F,0,35.934539794921875,administrator
806,121,5,882503552.0,M,1,28.783405303955078,marketing
682,420,4,887034560.0,M,1,25.861217498779297,programmer
536,112,3,880824448.0,M,1,35.131690979003906,engineer
398,179,4,885067584.0,M,1,29.129833221435547,other
913,252,4,881302464.0,M,1,20.748245239257812,student
416,795,4,889816064.0,F,0,20.49140167236328,student
795,1025,3,884579584.0,M,1,27.066017150878906,programmer
753,69,5,880738112.0,M,1,30.268157958984375,salesman
823,628,5,883118528.0,M,1,28.082578659057617,artist
325,9,4,883452800.0,M,1,23.999998092651367,technician
771,652,5,883760256.0,M,1,20.658504486083984,student
812,655,4,884447296.0,M,1,25.762407302856445,student
935,333,4,891636160.0,M,1,35.25786590576172,doctor
392,529,4,884030848.0,M,1,28.999998092651367,writer
181,1054,1,878266176.0,M,1,28.365610122680664,executive
468,168,5,884131776.0,M,1,28.08724021911621,engineer
533,514,4,887491648.0,M,1,42.01961135864258,librarian
450,423,4,882090880.0,F,0,33.99375915527344,educator
297,7,3,878231168.0,F,0,30.783620834350586,educator
409,285,4,883293568.0,M,1,45.869808197021484,administrator
312,205,5,892678528.0,M,1,50.16309356689453,other
633,4,4,880217152.0,M,1,28.13885498046875,programmer
361,1269,4,879092608.0,F,0,21.906442642211914,student
184,1180,2,890005248.0,M,1,35.20656967163086,librarian
223,363,4,886035904.0,M,0,23.0,student
727,384,2,881108224.0,M,1,19.80678939819336,student
933,53,5,875298496.0,M,1,19.455015182495117,student
764,242,3,881710208.0,F,0,38.050506591796875,educator
532,313,5,889848960.0,M,1,22.94424819946289,student
92,182,2,882709184.0,M,1,27.041248321533203,entertainment
622,944,1,884708288.0,M,1,26.08953094482422,programmer
514,118,4,877952704.0,M,1,28.383426666259766,programmer
711,475,4,882773504.0,F,0,30.87451934814453,student
296,589,4,882051904.0,F,0,44.92035675048828,administrator
934,1118,3,886939200.0,M,1,48.9868278503418,engineer
6,191,4,884956224.0,M,1,35.24016571044922,executive
521,433,3,881300928.0,M,1,22.18195343017578,student
457,423,5,880812224.0,F,0,30.791013717651367,salesman
184,746,4,891075584.0,M,1,31.969635009765625,librarian
85,1065,4,878392576.0,M,1,46.342437744140625,educator
875,50,5,883426304.0,F,0,19.25342559814453,student
325,161,4,888088064.0,M,1,28.960630416870117,technician
392,977,5,887822400.0,M,1,32.60321044921875,writer
756,294,4,883045184.0,F,0,17.93381118774414,student
184,231,3,888410048.0,M,1,36.09589385986328,librarian
253,514,4,887957632.0,F,0,34.794586181640625,librarian
110,122,3,881174016.0,M,1,20.0,student
896,338,5,886801920.0,M,1,29.9277286529541,writer
892,1406,5,884606528.0,M,1,28.67953109741211,other
504,763,4,884595328.0,F,0,35.32994079589844,writer
854,449,3,884326208.0,F,0,29.043771743774414,student
640,100,4,880732736.0,M,1,25.394723892211914,student
897,193,5,883087360.0,M,1,26.605066299438477,other
495,455,3,886256320.0,M,1,27.394306182861328,engineer
224,1053,1,886140352.0,F,0,26.589998245239258,student
468,79,4,882145408.0,M,1,32.05009078979492,engineer
878,507,3,882078912.0,F,0,39.08610153198242,educator
85,95,4,882108608.0,M,1,38.43732452392578,educator
826,631,4,885679872.0,M,1,27.726917266845703,artist
828,262,2,889572736.0,M,1,31.965763092041016,librarian
130,185,2,879422528.0,M,1,24.92478370666504,none
565,550,5,884350592.0,M,1,23.813764572143555,student
527,70,5,884350080.0,M,1,41.54863357543945,librarian
633,87,4,880263680.0,M,1,27.728473663330078,programmer
913,679,4,884185216.0,M,1,21.544593811035156,student
130,172,4,880626816.0,M,1,27.021310806274414,none
478,873,3,879221888.0,M,1,25.63529396057129,other
39,161,4,884328832.0,M,1,28.8349666595459,entertainment
481,126,4,885638016.0,F,1,52.44828796386719,retired
803,20,4,883815360.0,M,1,41.7901611328125,administrator
43,509,4,884864256.0,F,0,45.0,student
795,239,3,884244608.0,M,1,26.265750885009766,programmer
620,1615,3,884621696.0,F,0,48.0,writer
712,318,4,884061696.0,F,0,23.0,student
256,258,2,881416064.0,F,0,28.105812072753906,none
293,13,4,883294528.0,M,1,28.823137283325195,writer
450,322,4,882716672.0,F,0,39.06999588012695,educator
622,576,3,884127872.0,M,1,25.573638916015625,programmer
870,54,4,880250560.0,M,1,21.872150421142578,student
630,489,3,882790464.0,F,0,27.99732208251953,programmer
311,100,5,884361728.0,M,1,28.86298370361328,technician
379,326,4,883769536.0,M,1,35.560203552246094,programmer
7,601,5,889494720.0,M,1,40.812767028808594,administrator
276,157,3,878824640.0,M,1,28.083049774169922,student
861,134,4,884068480.0,F,0,23.61811065673828,student
661,276,5,878020992.0,M,1,27.134628295898438,programmer
13,674,3,885985088.0,M,1,37.38075256347656,educator
782,259,3,886988096.0,F,0,26.52835464477539,artist
295,129,4,880177280.0,M,1,34.33704376220703,educator
700,100,5,883505088.0,M,1,29.831127166748047,programmer
268,581,1,883271104.0,M,1,26.527084350585938,engineer
71,162,4,883458560.0,M,1,32.03160095214844,scientist
125,234,3,887891968.0,M,1,28.684595108032227,lawyer
94,346,4,889095232.0,M,1,22.167457580566406,student
425,41,4,883582528.0,M,1,20.560924530029297,student
942,856,4,884706176.0,F,1,46.0,librarian
758,196,5,884073472.0,M,1,21.280689239501953,student
262,87,2,879541184.0,F,1,17.0,student
378,172,4,883941120.0,M,1,21.232341766357422,student
194,834,3,884356992.0,M,1,28.13654899597168,administrator
796,640,3,884367936.0,F,0,33.528114318847656,writer
244,176,5,883231552.0,M,1,28.656753540039062,technician
525,127,4,880348096.0,F,0,37.40166473388672,administrator
18,210,3,882462592.0,F,0,28.997365951538086,other
180,530,5,882031552.0,F,0,31.15477752685547,administrator
354,148,5,889257024.0,F,0,28.50387954711914,librarian
733,57,2,879635328.0,F,0,30.971921920776367,other
398,118,3,880933184.0,M,1,30.466468811035156,other
299,1378,4,882836032.0,M,1,29.287729263305664,doctor
38,288,1,888736064.0,F,0,29.179845809936523,healthcare
328,1469,1,892696576.0,M,1,39.55366516113281,administrator
593,7,4,878978816.0,F,0,31.984519958496094,educator
868,550,2,881711360.0,M,1,26.044681549072266,programmer
533,10,4,885156032.0,M,1,33.29119873046875,librarian
147,313,4,887653184.0,F,0,32.25898742675781,homemaker
468,202,4,877689728.0,M,1,28.925668716430664,engineer
892,945,2,884304832.0,M,1,28.854551315307617,other
749,508,2,884290240.0,M,1,29.35247039794922,other
633,144,4,878029376.0,M,1,28.240928649902344,programmer
658,191,5,881978816.0,M,1,29.160512924194336,programmer
283,69,4,880910528.0,M,1,22.0,programmer
334,597,4,888932480.0,M,1,31.90125846862793,librarian
542,364,2,885936704.0,M,1,23.814613342285156,student
95,665,1,882865920.0,M,1,30.936447143554688,administrator
18,655,3,882681856.0,F,0,35.194435119628906,other
72,257,5,884372288.0,F,0,45.0,administrator
333,431,3,888370368.0,M,1,36.618927001953125,other
559,531,3,888248192.0,M,1,25.999998092651367,executive
360,7,3,883204800.0,F,1,34.22426223754883,other
481,500,4,885483520.0,M,1,55.41844940185547,retired
512,151,4,882712192.0,M,1,20.431297302246094,student
313,205,4,886137088.0,M,1,30.93925666809082,marketing
913,151,4,882826240.0,M,1,20.537433624267578,student
312,12,5,884603136.0,M,1,28.722570419311523,other
308,83,4,886227840.0,M,1,48.914222717285156,retired
880,741,3,883655936.0,M,1,18.97238540649414,student
42,374,5,882961088.0,M,1,29.814725875854492,administrator
704,937,3,888184128.0,F,0,41.509613037109375,librarian
877,282,4,884140608.0,M,1,32.0,other
189,97,5,888956416.0,M,1,26.20649528503418,artist
311,357,5,884354944.0,M,1,29.144817352294922,technician
854,684,3,881814272.0,F,0,11.0,student
202,127,4,878961792.0,F,0,45.5626220703125,administrator
224,659,3,886374144.0,F,0,39.083824157714844,educator
469,12,5,887073728.0,M,1,52.0,executive
805,917,2,875908672.0,F,0,31.473487854003906,other
535,923,4,884129984.0,F,0,43.006248474121094,educator
184,736,3,888958656.0,M,1,34.485599517822266,librarian
533,371,3,887306880.0,M,1,42.49599838256836,librarian
381,597,4,887099328.0,M,1,23.917131423950195,artist
72,412,3,884887104.0,F,0,31.415159225463867,administrator
913,4,4,883946112.0,M,1,28.918025970458984,engineer
312,429,5,883601088.0,M,1,34.15000915527344,other
378,28,4,880425728.0,M,1,21.024150848388672,student
532,5,5,889160832.0,M,1,22.638837814331055,student
880,53,3,879578880.0,M,1,17.835506439208984,student
267,116,5,881508096.0,M,1,29.572586059570312,engineer
62,433,3,880414336.0,F,0,32.378662109375,administrator
224,815,3,885165184.0,F,0,32.99876403808594,educator
432,16,3,885413440.0,M,1,25.233539581298828,entertainment
642,776,4,891478528.0,F,0,20.900245666503906,student
698,326,2,890081216.0,F,0,25.82797622680664,student
790,1187,1,879116544.0,M,1,26.41131591796875,technician
87,181,4,881837120.0,M,1,30.985933303833008,administrator
160,183,4,878975040.0,M,1,27.138652801513672,programmer
452,185,4,882346496.0,M,1,25.999998092651367,administrator
862,480,5,881786496.0,M,1,30.133996963500977,executive
378,1017,3,878682368.0,M,1,21.921092987060547,student
749,472,4,884188928.0,M,1,30.496417999267578,other
523,131,4,879201984.0,F,0,44.59690475463867,administrator
5,25,3,876232000.0,F,0,28.481843948364258,other
90,64,5,887129920.0,M,1,44.62540054321289,educator
798,476,3,880578368.0,F,0,34.62345504760742,writer
25,151,4,883709504.0,M,1,27.559677124023438,engineer
880,1239,3,880605952.0,M,1,20.69312286376953,student
210,1014,5,886658752.0,M,1,28.735370635986328,engineer
682,226,5,878775680.0,M,1,24.208240509033203,programmer
726,823,4,882990720.0,M,1,33.53044509887695,executive
236,792,5,882995584.0,F,0,37.83379364013672,writer
334,148,2,891549632.0,M,1,34.36823272705078,librarian
288,181,5,882900160.0,M,1,35.67047119140625,marketing
85,328,3,879127936.0,M,1,41.63815689086914,educator
328,89,3,887143808.0,M,1,39.34783172607422,administrator
346,28,1,884851200.0,M,1,24.601303100585938,other
582,963,5,878738944.0,M,1,19.847187042236328,student
234,272,5,891956800.0,M,1,46.554237365722656,retired
661,183,4,879888384.0,M,1,36.0,programmer
503,661,5,881607936.0,F,0,44.95917510986328,writer
224,300,3,884306688.0,F,0,34.0,educator
271,925,4,886648320.0,M,1,41.0,engineer
13,735,3,883838464.0,M,0,39.82864761352539,educator
776,1048,2,890393280.0,M,1,33.919368743896484,librarian
314,458,3,878604288.0,F,0,20.116230010986328,student
137,557,4,882506944.0,M,1,49.0,educator
871,286,4,887160640.0,M,1,37.23068618774414,executive
913,265,4,884040832.0,M,1,20.064083099365234,student
290,113,4,883724224.0,M,1,32.50022888183594,engineer
591,736,3,887782080.0,F,1,44.44097900390625,librarian
429,1035,3,882163392.0,M,1,28.86098861694336,student
668,7,4,886689344.0,F,0,36.54497528076172,writer
666,294,4,884056000.0,M,1,35.045562744140625,administrator
637,918,1,884145664.0,M,1,29.8023681640625,other
774,160,4,886252096.0,M,1,18.13481903076172,student
435,62,2,884951040.0,M,1,24.272581100463867,engineer
780,343,4,888440192.0,M,1,29.045116424560547,programmer
437,660,3,885615040.0,F,0,31.525251388549805,other
487,380,4,882105088.0,M,1,32.204681396484375,engineer
425,1017,3,882422656.0,M,1,21.69129180908203,student
318,1166,3,885561344.0,M,1,23.999998092651367,retired
705,631,5,877755136.0,F,0,20.718345642089844,student
234,322,4,889399488.0,M,1,49.77207565307617,retired
216,230,4,879459968.0,M,1,27.99441909790039,engineer
603,1442,4,884038976.0,M,1,28.844213485717773,programmer
655,712,3,888152576.0,F,0,47.399410247802734,healthcare
270,237,5,882074368.0,F,0,30.74224090576172,student
943,434,4,884570752.0,M,1,22.71937370300293,student
447,608,5,883503424.0,M,1,31.29682731628418,marketing
75,109,4,883193216.0,M,1,27.203611373901367,entertainment
468,188,4,879459776.0,M,1,27.962478637695312,engineer
13,526,3,884553920.0,F,1,29.252614974975586,educator
653,1087,2,880487296.0,M,1,31.399085998535156,executive
472,56,5,880566464.0,M,1,20.358333587646484,student
536,206,3,881373824.0,M,1,31.955699920654297,engineer
276,405,4,876375552.0,M,1,21.016357421875,student
846,474,4,886118784.0,M,1,33.66046142578125,lawyer
393,156,5,883971392.0,M,1,22.99717140197754,student
523,193,5,880163776.0,F,0,42.9600830078125,administrator
542,628,4,883327488.0,M,1,28.79261016845703,executive
207,1607,1,881323456.0,M,1,32.92863464355469,marketing
452,471,4,882303680.0,M,1,32.60363006591797,administrator
279,424,1,884036544.0,M,1,24.156038284301758,programmer
627,143,3,879495232.0,M,1,25.970077514648438,engineer
429,257,4,884101568.0,M,1,21.0,student
882,518,4,882371712.0,M,1,35.0,engineer
758,334,2,882876288.0,M,1,19.819799423217773,student
91,333,4,886135232.0,M,1,40.396297454833984,marketing
303,431,4,883132864.0,M,1,19.806875228881836,student
846,474,5,885959744.0,M,1,26.64293098449707,lawyer
622,1518,4,886223552.0,M,1,29.40643882751465,programmer
704,332,4,886686976.0,F,0,23.0,librarian
145,781,2,882348544.0,M,1,28.964649200439453,entertainment
202,328,3,880931392.0,F,0,42.184303283691406,educator
650,494,3,891040768.0,M,1,39.54824447631836,engineer
667,479,5,887034496.0,M,1,40.43122100830078,librarian
593,879,5,877973568.0,F,0,31.863420486450195,educator
164,687,3,887203456.0,M,1,41.06070327758789,healthcare
288,180,4,881127488.0,M,1,36.178348541259766,marketing
605,508,3,882960960.0,M,1,34.8048095703125,other
99,1056,4,885983552.0,M,1,27.18619155883789,student
303,240,1,880845248.0,M,1,19.69809341430664,student
447,196,5,881208448.0,M,1,30.396427154541016,administrator
389,191,3,882149376.0,F,0,30.691749572753906,writer
331,327,4,879177088.0,M,1,30.69378662109375,entertainment
409,147,4,884063808.0,M,1,37.355621337890625,administrator
650,1185,3,889054208.0,M,1,44.0,engineer
899,318,5,886206336.0,M,1,36.035560607910156,other
486,475,5,884141312.0,M,1,30.430192947387695,educator
870,28,4,878972928.0,M,1,27.625442504882812,student
399,91,4,885045952.0,M,1,29.735950469970703,other
810,528,3,883969792.0,F,0,38.90192413330078,other
151,328,3,879572928.0,F,0,37.83506774902344,administrator
391,1,5,879400832.0,M,1,26.18394660949707,student
554,55,4,877733312.0,M,1,31.90557098388672,scientist
326,214,3,883010048.0,M,1,32.21388244628906,administrator
238,294,3,882146752.0,F,0,40.4749641418457,administrator
290,150,4,884267840.0,M,1,29.639713287353516,engineer
632,95,5,879528896.0,M,1,19.300148010253906,student
85,275,3,879517952.0,M,1,38.13259506225586,educator
628,211,5,875971968.0,M,1,27.186412811279297,student
600,9,5,888068608.0,M,1,30.41586685180664,programmer
639,83,2,890232000.0,F,0,30.68941879272461,librarian
360,168,5,879857856.0,M,1,27.48906898498535,other
312,315,5,889208256.0,M,1,34.20764923095703,other
855,1397,3,888175232.0,M,1,42.57857131958008,librarian
618,1067,3,888253184.0,F,0,20.08104133605957,student
470,12,5,884124608.0,M,1,32.05672073364258,programmer
532,1091,2,884746496.0,M,1,29.158477783203125,student
674,333,4,884984000.0,F,0,22.939937591552734,student
314,591,4,879817984.0,F,0,19.21131706237793,student
312,187,5,888520384.0,M,1,29.07723045349121,other
458,1044,4,884111040.0,M,1,30.710445404052734,technician
472,50,5,881545536.0,M,1,20.996368408203125,student
380,549,4,886987328.0,M,1,30.75775718688965,engineer
312,508,4,888273344.0,M,1,28.27979850769043,other
458,527,3,886903616.0,M,1,27.8448429107666,technician
747,746,5,884184384.0,M,1,32.0,other
758,99,4,882688704.0,M,1,18.0,student
554,222,3,882262080.0,M,1,27.87871742248535,scientist
387,109,4,878975808.0,M,1,26.77886962890625,entertainment
788,481,4,884005760.0,M,1,40.80134201049805,administrator
308,506,4,883990400.0,M,1,52.569252014160156,retired
90,853,5,889880192.0,M,1,43.0296745300293,educator
320,655,5,884270272.0,M,1,20.06349754333496,student
184,260,1,890277632.0,M,1,29.79551887512207,librarian
665,196,4,883948224.0,M,1,23.0,student
474,333,4,883918400.0,M,1,29.933305740356445,executive
343,98,4,879524352.0,M,1,31.797534942626953,engineer
339,1148,5,886863232.0,M,1,33.12490463256836,lawyer
615,237,5,879673856.0,M,1,28.855037689208984,educator
312,9,5,888737088.0,M,1,31.35814666748047,other
417,151,5,882643456.0,F,0,27.635604858398438,other
655,235,2,880356032.0,F,0,37.18067169189453,healthcare
508,289,3,884838208.0,M,1,32.48235321044922,marketing
374,24,5,879385536.0,M,1,28.347837448120117,executive
457,629,5,880776896.0,F,0,28.712242126464844,salesman
54,129,1,879645440.0,M,1,34.07637405395508,executive
391,127,4,878089280.0,M,1,19.800392150878906,student
72,286,5,889629760.0,F,0,48.75688552856445,administrator
59,302,4,882886336.0,M,1,43.465057373046875,educator
459,105,2,880052928.0,M,1,18.982582092285156,student
128,64,3,884467648.0,F,0,35.70137405395508,marketing
201,284,4,884406720.0,M,1,30.368873596191406,writer
308,4,3,886710784.0,M,1,44.0,retired
751,880,5,886235712.0,F,0,32.711692810058594,other
59,705,4,891188480.0,M,1,37.861968994140625,educator
262,401,3,879837824.0,F,0,26.663835525512695,student
409,204,4,881539008.0,M,1,31.697879791259766,administrator
300,286,4,882371776.0,F,0,42.0,executive
537,837,3,891031936.0,M,1,41.650882720947266,engineer
503,25,5,881418880.0,F,0,38.462646484375,writer
312,300,3,883833024.0,M,1,34.223541259765625,other
749,742,4,883195008.0,M,1,31.061918258666992,other
405,1578,1,885430016.0,F,0,37.462440490722656,healthcare
374,25,2,878676608.0,M,1,30.79882049560547,executive
299,258,4,876036032.0,M,1,30.076290130615234,doctor
892,226,1,887394816.0,M,1,27.642719268798828,other
592,265,5,880980032.0,M,1,28.845857620239258,student
437,492,4,884258752.0,F,0,30.77120018005371,other
392,272,5,888873024.0,M,1,35.147151947021484,writer
234,349,2,886464576.0,M,1,35.67450714111328,retired
766,660,3,887901952.0,M,1,32.75148010253906,other
82,448,3,881195456.0,M,1,32.765953063964844,programmer
75,1101,4,886484224.0,M,1,31.645309448242188,entertainment
909,794,5,884175040.0,F,0,29.999998092651367,educator
634,627,3,884137856.0,M,1,31.55577278137207,engineer
181,1095,1,880246912.0,M,1,25.148468017578125,executive
923,7,4,882250880.0,M,1,19.632461547851562,student
85,45,3,883787200.0,M,1,45.072078704833984,educator
374,237,3,883935552.0,F,1,28.121212005615234,executive
889,318,4,882322432.0,M,1,29.234113693237305,technician
279,228,4,884049088.0,M,1,27.636295318603516,programmer
883,615,5,885745664.0,M,1,37.71653747558594,healthcare
207,127,5,881520960.0,M,1,34.524070739746094,marketing
326,202,5,879482304.0,M,1,37.73765182495117,administrator
592,324,4,883833280.0,M,1,18.011947631835938,student
908,1381,3,886115200.0,F,0,46.918731689453125,librarian
430,137,3,879840512.0,M,1,32.27129364013672,scientist
13,154,3,882787328.0,M,1,33.71849060058594,educator
406,237,4,879434688.0,M,1,38.789527893066406,educator
64,293,4,884072192.0,M,1,29.516185760498047,educator
25,791,4,881396288.0,M,1,27.999998092651367,engineer
76,200,5,881757888.0,M,1,28.53880500793457,student
620,1017,5,884635776.0,F,0,28.000709533691406,writer
429,401,4,882115264.0,M,1,19.49917221069336,student
694,8,4,881372800.0,M,1,35.72771453857422,programmer
904,95,4,881332608.0,F,0,21.173030853271484,student
776,156,5,890106688.0,M,1,27.39984893798828,librarian
440,100,5,886471552.0,M,1,29.789247512817383,other
122,70,5,881640192.0,F,0,38.48341369628906,writer
382,79,4,889241408.0,M,1,30.34200096130371,engineer
389,220,2,880886656.0,F,0,43.239234924316406,writer
325,205,3,887518464.0,M,1,28.88106346130371,technician
325,274,3,886951616.0,M,1,28.999998092651367,technician
670,300,5,883534208.0,M,1,30.17987632751465,technician
754,514,4,884367104.0,F,0,48.454105377197266,librarian
90,970,5,886988416.0,M,1,51.91373062133789,educator
758,97,4,883297216.0,M,1,23.660873413085938,student
381,117,4,889218176.0,M,1,26.42955207824707,artist
536,100,5,884603648.0,M,1,36.814117431640625,engineer
943,234,4,885044288.0,M,1,21.0,student
222,282,4,879009600.0,M,1,35.0,programmer
487,727,2,883369408.0,M,1,30.795818328857422,engineer
346,735,5,882359360.0,M,1,39.645565032958984,other
573,86,4,886320064.0,M,1,39.973594665527344,retired
405,266,1,884691584.0,F,0,25.623626708984375,healthcare
413,887,5,889733120.0,M,1,43.251930236816406,educator
671,751,3,884193408.0,M,1,26.75711441040039,programmer
661,66,4,879706752.0,M,1,27.71826171875,programmer
780,181,4,884622272.0,M,1,29.380197525024414,programmer
533,602,3,887898944.0,M,1,35.76696014404297,librarian
334,39,4,889823488.0,M,1,32.34807586669922,librarian
896,455,3,885213312.0,M,1,29.551773071289062,writer
916,306,3,884038016.0,M,1,34.26628494262695,engineer
197,792,5,887621504.0,M,1,32.76972961425781,technician
308,972,3,885776640.0,M,1,45.0,retired
815,257,4,879043136.0,M,1,27.3546085357666,other
269,158,1,889269632.0,F,0,26.252614974975586,student
815,150,5,879849664.0,M,1,26.4625244140625,other
326,79,4,879622144.0,M,1,25.962053298950195,administrator
360,200,4,884164352.0,M,1,29.15998077392578,other
699,301,4,885628096.0,M,1,31.490459442138672,other
532,242,5,892697984.0,M,1,24.924816131591797,student
627,546,3,880780672.0,M,1,26.794906616210938,engineer
405,551,1,884690496.0,F,0,25.999998092651367,healthcare
840,204,5,879827968.0,M,1,29.085325241088867,engineer
714,509,2,883588928.0,M,1,34.23295211791992,engineer
360,186,5,884170432.0,M,1,36.32229995727539,other
666,531,4,883882880.0,M,1,31.312110900878906,administrator
351,286,4,882191744.0,M,1,40.89885330200195,educator
456,333,2,882319040.0,M,1,29.054840087890625,technician
279,636,4,880797952.0,M,1,25.64071273803711,programmer
83,479,4,884689280.0,M,1,37.979270935058594,other
521,90,3,883943616.0,M,1,27.999998092651367,student
629,87,3,880424640.0,F,0,31.928752899169922,administrator
92,123,4,884017920.0,M,1,32.93745803833008,entertainment
618,346,4,883596032.0,F,0,18.544172286987305,student
6,204,5,877552640.0,M,1,32.949954986572266,executive
64,318,4,883817536.0,M,1,28.711299896240234,educator
387,953,1,887147072.0,M,1,26.929962158203125,entertainment
455,1160,3,880934144.0,M,1,35.43307113647461,administrator
216,419,4,880430656.0,M,1,29.390596389770508,engineer
786,100,4,880053120.0,F,0,30.871240615844727,educator
940,245,4,887598400.0,M,1,28.887598037719727,administrator
805,323,3,884319744.0,F,0,32.27643585205078,other
279,4,4,884410624.0,M,1,28.833192825317383,programmer
8,1132,2,880368128.0,M,1,30.400896072387695,administrator
712,815,3,877966976.0,F,0,26.624229431152344,student
746,179,4,881894400.0,M,1,32.61976623535156,engineer
864,61,4,887914624.0,M,1,25.442813873291016,programmer
271,238,4,884210944.0,M,1,43.34246826171875,engineer
569,328,4,882193856.0,M,1,42.64183044433594,educator
806,211,4,879991232.0,M,1,29.799829483032227,marketing
514,393,4,882391616.0,M,1,30.52804946899414,programmer
934,194,4,886592000.0,M,1,45.595340728759766,engineer
834,519,4,889047808.0,M,1,29.752803802490234,other
450,1451,4,883929600.0,F,0,39.42612075805664,educator
151,147,4,880667520.0,F,0,36.37177276611328,administrator
500,234,4,882337600.0,M,1,31.80426025390625,administrator
934,318,4,887965312.0,M,1,48.99987030029297,engineer
70,291,4,880905216.0,M,1,28.00855255126953,engineer
553,508,2,882916160.0,M,1,48.564083099365234,educator
104,689,4,885952576.0,M,1,26.001184463500977,executive
246,984,1,883476160.0,M,1,18.633930206298828,student
354,367,5,889316352.0,F,0,33.916404724121094,librarian
892,511,5,883971904.0,M,1,33.34693145751953,other
454,291,3,883867392.0,M,1,35.407413482666016,other
262,339,2,879738688.0,F,0,21.878793716430664,student
269,951,1,889383424.0,F,0,28.171857833862305,librarian
303,418,4,879206592.0,M,1,18.838176727294922,student
42,97,2,881335232.0,M,1,27.791019439697266,administrator
648,583,2,884400896.0,M,1,28.809703826904297,engineer
303,1132,3,879398784.0,M,1,18.0,student
406,222,3,878760512.0,M,1,28.769882202148438,educator
823,762,5,883568256.0,M,1,27.284929275512695,artist
339,258,5,888505344.0,M,1,32.322418212890625,lawyer
671,550,3,885127744.0,M,1,28.091867446899414,programmer
641,137,5,881941056.0,M,1,28.81254005432129,administrator
387,161,3,885866688.0,M,1,26.859603881835938,entertainment
222,1,4,879460160.0,M,1,28.268468856811523,programmer
450,480,4,881978496.0,F,1,29.967527389526367,educator
708,331,1,884448320.0,F,1,45.0,homemaker
782,1051,3,885526400.0,F,0,25.791776657104492,artist
711,204,5,878609088.0,F,0,21.461021423339844,student
507,298,5,888451520.0,F,0,30.84701919555664,writer
493,210,5,875972416.0,M,1,28.422082901000977,engineer
710,265,4,880644480.0,M,1,20.162811279296875,student
201,709,4,885859008.0,M,1,33.13995361328125,writer
233,12,5,883922624.0,M,1,29.3992919921875,engineer
796,709,2,891445376.0,F,0,33.23941421508789,writer
635,1,5,884592512.0,M,1,31.080371856689453,other
354,525,5,889723584.0,F,1,38.9742431640625,educator
666,268,4,884401984.0,M,1,28.899974822998047,administrator
721,159,3,879927616.0,F,1,27.34928321838379,entertainment
435,179,2,879442688.0,M,1,27.136018753051758,engineer
334,239,4,890893568.0,M,1,30.629562377929688,librarian
711,196,5,878310336.0,F,0,23.002084732055664,student
660,751,4,891216128.0,M,1,22.379859924316406,student
207,678,3,882865728.0,M,1,33.14905548095703,marketing
363,156,3,889810816.0,M,1,20.801376342773438,student
523,181,4,885140352.0,F,0,43.724769592285156,administrator
642,527,4,887244096.0,F,0,21.901981353759766,student
312,300,4,890368384.0,M,1,35.78485107421875,other
499,499,4,878759552.0,M,1,28.13624382019043,programmer
173,156,4,883662464.0,M,1,21.32681655883789,student
109,655,5,881107712.0,M,1,28.418848037719727,other
330,423,4,879918784.0,F,0,36.15210723876953,educator
292,197,4,882963136.0,F,0,31.8347225189209,programmer
378,95,3,878104256.0,M,1,27.110031127929688,student
621,323,3,879980608.0,M,1,21.07564353942871,student
378,411,4,883728576.0,M,1,18.0,student
705,845,3,884388544.0,M,0,21.746294021606445,student
1,441,2,880079488.0,M,1,29.975360870361328,technician
499,176,4,884527872.0,M,1,31.84262466430664,programmer
303,29,5,879460864.0,M,1,18.189199447631836,student
286,403,4,882045376.0,M,1,18.998958587646484,student
305,1124,4,888306304.0,M,1,37.37233352661133,programmer
484,346,4,888638912.0,M,1,21.957012176513672,student
889,262,3,886166016.0,M,1,30.01216697692871,technician
454,69,2,882712896.0,M,1,33.52776336669922,other
905,300,3,884201024.0,M,1,33.0,other
181,222,4,880645824.0,M,1,28.831064224243164,executive
431,4,4,892784128.0,M,1,41.97212600708008,marketing
774,1105,1,888019008.0,M,1,21.309982299804688,student
313,333,4,888690368.0,M,1,40.847984313964844,programmer
22,234,5,883485440.0,M,1,29.47758674621582,writer
311,134,5,886035200.0,M,1,32.54351043701172,technician
214,302,3,888592320.0,F,0,40.6219482421875,librarian
189,241,3,886975040.0,M,1,25.279726028442383,artist
874,28,4,882049728.0,M,1,31.01909637451172,scientist
693,1479,3,881612608.0,F,0,42.71725845336914,healthcare
577,129,4,878883264.0,F,0,21.360427856445312,student
279,831,1,884749120.0,M,1,25.978660583496094,programmer
618,72,4,884858304.0,F,0,21.188093185424805,student
327,290,4,884409600.0,M,1,28.955242156982422,student
639,1489,5,884403584.0,F,0,29.29239273071289,librarian
682,895,3,888217792.0,M,1,42.0,programmer
334,623,3,890482240.0,M,1,31.072498321533203,librarian
634,57,3,884794752.0,M,1,33.44856262207031,engineer
703,1207,2,884613632.0,M,1,33.046504974365234,educator
805,597,2,885205184.0,F,0,26.6218204498291,other
345,153,4,889877824.0,F,0,35.80621337890625,librarian
429,930,3,880018048.0,M,1,24.44755744934082,student
533,499,4,887513216.0,M,1,43.77051544189453,librarian
210,602,4,884849408.0,M,1,33.19688415527344,engineer
18,208,3,882800320.0,F,0,34.42502212524414,other
44,969,4,881224064.0,M,1,21.0,technician
275,546,3,880461184.0,M,1,28.82916831970215,engineer
907,181,5,884027840.0,F,0,25.999998092651367,other
506,56,5,878945984.0,M,1,27.7987003326416,programmer
398,527,3,880185408.0,M,1,33.69020080566406,other
354,89,5,889842496.0,F,0,36.26802062988281,librarian
455,204,4,881286464.0,M,1,27.28936004638672,administrator
102,312,4,889398464.0,M,1,29.80218505859375,programmer
936,91,5,886724160.0,M,1,28.911237716674805,other
12,168,4,878586432.0,F,0,28.459218978881836,salesman
417,250,4,881782016.0,M,1,25.312238693237305,other
348,269,4,886233728.0,F,0,24.871034622192383,student
796,243,3,888889472.0,F,0,28.829395294189453,writer
774,245,3,887400448.0,M,1,31.021738052368164,writer
804,7,4,882983424.0,M,1,36.0,educator
666,531,4,883148352.0,M,1,38.618690490722656,administrator
521,684,4,882730752.0,M,1,19.09063720703125,student
8,207,4,880353024.0,M,1,30.42841339111328,administrator
196,614,4,884129408.0,M,1,37.82975769042969,writer
911,558,5,888254272.0,F,0,36.63788604736328,writer
5,371,4,883670016.0,F,0,29.999998092651367,other
426,100,5,882289280.0,M,1,23.999998092651367,educator
279,157,4,881665088.0,M,1,29.33096694946289,programmer
405,48,1,884370240.0,F,0,30.888351440429688,healthcare
715,222,3,875964608.0,M,1,26.93653106689453,technician
655,457,3,885787392.0,F,0,44.73472213745117,healthcare
322,172,3,882754432.0,M,1,23.17812728881836,student
867,100,5,884073280.0,M,1,29.027421951293945,scientist
92,202,4,884481600.0,M,1,34.554779052734375,entertainment
96,137,5,881896832.0,F,0,30.10538673400879,artist
887,40,1,880302080.0,F,0,17.94402313232422,student
312,56,5,886410688.0,M,1,28.10167121887207,other
642,443,3,884017152.0,F,0,18.0,student
308,506,4,887101056.0,M,1,48.60435485839844,retired
