user_id,item_id,rating,timestamp,gender,gender_binary,age,occupation
195,373,2,878219392,F,0,32,administrator
726,233,1,884691712,M,1,44,administrator
195,753,2,879956224,F,0,42,administrator
720,160,2,885020992,F,0,44,administrator
730,211,1,883193664,M,1,29,administrator
712,166,1,880946432,M,1,34,administrator
730,97,1,878197888,F,0,26,artist
508,119,1,888856192,M,1,31,artist
447,315,1,888297472,F,0,33,administrator
730,224,2,878197888,F,0,28,artist
195,473,1,878229824,F,0,31,administrator
369,168,1,878887616,M,1,44,administrator
730,759,1,885250496,M,1,34,artist
670,208,2,885437504,M,1,44,administrator
195,340,1,878587904,M,1,26,administrator
195,757,1,879264512,F,0,29,administrator
670,178,2,888372352,M,1,44,artist
195,490,1,887699136,F,0,44,administrator
730,105,2,878197888,M,1,30,artist
195,526,2,878198272,F,0,32,administrator
195,727,1,888724992,F,0,31,administrator
195,196,1,879079936,F,0,34,administrator
195,185,1,878817536,M,1,32,artist
196,128,1,878198080,M,1,26,administrator
237,202,1,879128768,M,1,30,administrator
730,713,1,879459584,M,1,44,administrator
730,758,1,881214464,M,1,36,administrator
444,103,1,878232576,M,1,41,artist
195,403,1,878397056,F,0,40,administrator
195,273,1,888810368,F,0,43,administrator
195,705,2,888788928,F,0,32,artist
730,293,1,888723008,F,0,32,administrator
728,281,1,888859520,F,0,27,administrator
729,489,1,878219328,F,0,32,administrator
195,750,1,880370880,F,0,29,administrator
195,214,1,888623552,F,0,32,administrator
247,151,2,878754240,F,0,32,administrator
195,197,1,888682944,M,1,42,administrator
195,458,1,888441664,F,0,44,administrator
195,681,1,888849280,F,0,30,administrator
719,116,1,878197888,M,1,25,administrator
195,626,1,878201408,F,0,29,administrator
730,416,2,878197888,F,0,32,administrator
704,257,2,878204416,F,0,44,administrator
195,537,1,878383936,F,0,29,administrator
248,206,1,879134656,F,0,33,administrator
730,635,2,879081792,M,1,39,administrator
670,236,1,887861952,F,0,32,administrator
202,122,1,878197952,M,1,27,administrator
730,731,1,888164480,F,0,29,administrator
195,466,1,880899200,M,1,28,administrator
730,98,2,878197888,F,0,34,artist
195,264,2,878197952,F,0,37,administrator
720,218,1,878204800,M,1,29,administrator
233,106,1,878198080,M,1,28,administrator
730,289,1,888218816,F,0,29,artist
730,757,1,883433600,M,1,26,administrator
195,483,1,882270976,F,0,29,administrator
218,236,1,878639488,F,0,27,artist
729,359,2,888859392,M,1,39,artist
727,268,1,879053760,F,0,31,administrator
725,511,1,884853696,M,1,42,administrator
195,403,1,888813056,F,0,30,administrator
195,512,1,885679232,F,0,29,administrator
730,97,2,878197888,F,0,29,artist
276,106,2,888859520,M,1,44,artist
730,755,2,878268672,F,0,29,artist
712,259,1,888382464,M,1,44,administrator
730,726,1,878206144,M,1,27,artist
195,632,1,881584640,M,1,44,administrator
195,702,1,878215616,M,1,27,administrator
722,127,2,879373952,F,0,44,administrator
730,98,2,878197888,M,1,27,artist
195,673,1,878201280,F,0,31,artist
195,394,1,888013952,F,0,40,administrator
730,309,1,878214784,F,0,30,artist
195,288,1,888851712,F,1,44,administrator
730,758,2,879355904,M,1,44,administrator
723,138,1,885492288,M,1,44,artist
195,553,1,888078400,F,0,29,administrator
728,149,1,884907200,M,1,44,administrator
257,222,1,878378304,F,0,44,administrator
730,97,1,878201536,M,1,27,artist
195,689,2,878462528,F,0,44,administrator
212,140,1,888331264,F,0,44,administrator
199,198,1,888831360,F,0,30,administrator
730,110,1,878197888,M,1,25,artist
195,377,1,878281728,M,1,30,administrator
195,305,1,881363456,M,1,44,administrator
195,663,1,888252160,F,0,32,administrator
195,643,1,878197888,F,0,28,administrator
730,461,1,879499712,M,1,44,administrator
730,383,2,878481984,F,0,32,administrator
730,619,1,880460736,M,1,43,administrator
195,597,2,878320512,F,0,33,administrator
195,728,1,878341568,F,0,43,administrator
730,592,1,880205696,M,1,44,administrator
730,255,2,878199296,F,0,31,artist
195,450,2,888859520,M,1,44,artist
730,99,1,878197888,M,1,25,artist
195,118,1,878197888,M,1,26,artist
195,712,1,888858304,F,0,30,administrator
196,444,1,887233984,M,1,44,administrator
272,187,1,888859392,M,1,44,artist
559,140,1,878234048,F,0,32,administrator
195,543,1,878877120,M,1,30,artist
308,122,1,888859520,F,0,43,artist
398,244,1,880113600,M,1,27,administrator
730,358,2,878197888,M,1,44,artist
195,361,1,879692160,F,0,29,administrator
195,364,1,884329600,F,0,32,administrator
730,397,1,886211968,F,0,40,administrator
730,601,2,888302272,F,0,32,administrator
195,588,2,878199296,F,0,34,administrator
730,441,2,888859520,F,0,28,artist
730,759,2,888859520,M,1,26,artist
195,175,1,883704768,M,1,29,administrator
197,177,1,888838976,F,0,44,administrator
256,206,2,888158080,F,0,32,administrator
197,182,2,888859520,F,0,29,administrator
195,178,2,878251392,F,0,31,artist
730,122,1,880517952,M,1,27,artist
730,757,1,884651648,M,1,44,administrator
195,737,2,880190272,F,0,35,administrator
729,470,1,879980864,M,1,44,administrator
195,277,2,888859456,F,0,39,administrator
730,623,2,888767360,M,1,44,artist
195,604,2,878256704,F,0,44,administrator
195,422,1,888859456,F,0,30,artist
436,105,1,888859520,M,1,39,artist
728,354,1,888217792,M,1,27,administrator
728,300,1,878692416,M,1,32,administrator
730,232,2,878220416,F,0,36,administrator
709,305,1,878996864,M,1,44,administrator
730,607,2,878200320,M,1,25,artist
730,715,2,887521792,F,0,35,administrator
702,312,1,884095552,F,0,30,administrator
195,239,1,888859520,M,1,35,artist
729,121,2,887113792,M,1,33,artist
729,121,2,878197888,F,0,32,artist
716,189,1,878408128,M,1,44,administrator
726,231,1,878200192,F,0,33,administrator
707,193,1,888359232,M,1,31,administrator
730,435,1,878247936,M,1,44,administrator
730,548,1,878353280,M,1,32,administrator
726,269,1,882254272,M,1,31,administrator
195,298,1,878772224,F,0,30,administrator
195,510,2,878217472,M,1,44,administrator
195,513,1,888858304,F,0,31,artist
195,757,1,880209664,F,0,29,administrator
195,660,1,886811904,F,0,29,administrator
725,131,1,878234176,M,1,31,administrator
730,454,2,888297536,M,1,44,artist
195,163,1,888858624,F,0,30,administrator
730,759,1,888859520,M,1,25,artist
195,747,1,888776896,F,0,30,administrator
195,575,1,888126016,F,0,44,administrator
723,247,1,887229824,M,1,28,administrator
492,195,2,878886272,F,0,31,administrator
197,165,1,887328832,M,1,28,administrator
195,685,2,888245504,F,0,44,administrator
195,215,1,878301376,F,0,39,administrator
730,605,1,878240384,M,1,29,administrator
448,240,1,888850368,F,0,34,administrator
580,138,2,878217600,F,0,44,administrator
730,575,2,879095296,F,0,32,administrator
202,294,1,888858112,M,1,44,artist
195,452,1,888548864,F,0,31,administrator
195,708,2,878243584,F,0,33,administrator
195,404,1,879447232,M,1,43,administrator
730,333,1,878197888,F,0,31,administrator
730,328,1,878197888,F,0,25,artist
196,258,1,878602816,F,0,30,administrator
211,260,1,888846464,F,0,40,administrator
730,618,1,888558848,F,0,32,administrator
730,749,1,878699712,M,1,24,administrator
728,360,1,888859520,F,0,28,administrator
195,421,1,878199488,M,1,27,administrator
729,217,2,878255104,M,1,44,administrator
195,564,1,884361920,F,0,44,administrator
730,731,1,879789120,M,1,44,administrator
195,135,1,878197888,F,0,30,administrator
403,197,1,881882368,M,1,44,administrator
195,487,1,878226112,M,1,44,administrator
730,163,1,888854656,M,1,27,artist
730,758,1,880486592,M,1,26,administrator
730,210,2,878204800,F,0,32,artist
304,495,1,888833664,F,0,32,administrator
730,698,2,878198016,F,0,32,artist
730,744,1,878213056,M,1,25,administrator
730,459,2,888859264,F,0,32,artist
314,232,1,878513792,M,1,38,administrator
268,208,1,879504384,F,0,44,administrator
730,139,1,888858112,M,1,28,artist
730,200,2,878355584,F,0,35,administrator
730,208,2,878207232,M,1,44,administrator
195,729,1,884445248,M,1,28,administrator
728,560,1,886349184,M,1,29,administrator
315,138,1,878197952,F,0,34,administrator
195,520,1,881462784,M,1,44,administrator
730,758,1,888395776,F,0,29,administrator
730,726,2,888853696,F,0,29,administrator
730,710,1,878228416,M,1,26,administrator
409,206,1,878322112,M,1,44,administrator
728,165,2,878528256,F,0,44,administrator
195,479,1,885140672,M,1,35,administrator
730,759,1,888483712,M,1,23,artist
708,162,2,888811584,F,0,31,administrator
730,339,2,887876352,F,0,42,administrator
730,754,1,888850048,M,1,26,artist
730,486,1,888818368,F,0,30,administrator
730,480,1,881181120,M,1,41,artist
196,110,1,885253568,M,1,32,artist
730,671,1,884558336,M,1,43,administrator
730,758,2,878212736,F,0,37,administrator
730,758,2,878228736,M,1,26,administrator
730,529,1,887171648,F,0,30,administrator
730,700,1,888857152,M,1,44,artist
196,352,2,885517504,F,0,31,administrator
730,475,1,878197888,M,1,23,artist
730,585,1,878313344,F,0,31,administrator
195,593,1,878478848,F,0,30,administrator
730,235,2,878202368,F,0,25,artist
195,448,1,881215168,F,0,30,administrator
730,516,1,879447808,M,1,44,administrator
708,121,1,878197888,F,0,29,artist
730,708,1,878278592,M,1,44,administrator
195,444,1,887845312,M,1,44,administrator
195,112,2,888859520,M,1,41,artist
730,601,2,878201344,F,0,29,artist
730,570,1,888857344,F,0,33,administrator
198,280,1,888842496,F,0,31,administrator
730,708,1,885953856,M,1,44,administrator
195,672,1,878303296,F,0,44,administrator
727,141,2,878198848,F,0,40,artist
195,713,1,878411840,F,0,29,administrator
730,656,1,881609472,M,1,44,administrator
195,596,2,888853888,F,0,34,administrator
195,339,1,878957248,F,0,44,administrator
730,136,2,878197888,F,0,32,artist
730,402,1,881304192,F,0,44,administrator
730,709,1,878987264,F,0,31,administrator
195,306,1,888859520,M,1,39,administrator
195,364,2,888624704,F,0,43,administrator
727,383,2,888783104,M,1,44,artist
195,268,1,888755584,F,0,32,administrator
196,374,2,878234112,F,0,44,administrator
730,641,1,878727168,M,1,44,administrator
195,300,2,888859456,F,0,31,artist
207,190,1,882557440,M,1,44,administrator
195,257,1,881425920,F,0,30,administrator
195,104,2,888859520,M,1,44,artist
195,383,1,878585344,F,0,41,administrator
195,374,1,888773440,F,0,29,administrator
195,507,1,878210048,F,0,30,administrator
730,648,2,879100672,F,0,44,administrator
719,183,2,878239232,F,0,37,administrator
596,206,1,878453120,M,1,28,administrator
195,307,1,878249408,F,0,29,administrator
546,320,2,888841536,F,0,29,artist
195,745,1,879605504,F,1,29,administrator
730,732,1,879706624,M,1,44,administrator
200,166,1,878794816,M,1,44,administrator
722,225,2,888441344,F,0,30,administrator
195,615,1,878198080,F,0,28,administrator
195,299,2,878812096,F,0,36,administrator
730,757,2,888551872,F,0,28,artist
730,231,1,888561664,M,1,44,administrator
195,594,1,888833472,F,0,44,administrator
730,757,1,888489472,M,1,43,artist
195,151,1,878235904,F,0,32,administrator
229,109,1,888858560,M,1,31,artist
730,303,2,888859456,M,1,28,artist
195,758,1,888769344,F,0,32,administrator
728,130,1,878197888,F,0,27,artist
730,759,1,879440512,M,1,44,administrator
195,351,1,879822016,M,1,35,administrator
218,143,1,888352128,F,0,44,administrator
195,362,1,878243904,F,0,32,administrator
195,728,1,878451136,F,0,44,administrator
646,147,1,879685888,F,0,44,administrator
730,112,1,878198784,M,1,28,artist
195,457,2,878197952,F,0,31,administrator
195,609,1,879370368,M,1,27,administrator
313,189,1,878325248,M,1,44,administrator
730,97,2,878197888,M,1,29,artist
720,402,1,878766464,F,0,31,administrator
195,161,1,878197888,F,0,31,administrator
707,163,1,881897792,M,1,44,administrator
195,514,2,887583936,F,0,44,administrator
730,109,1,878197888,F,0,26,artist
728,187,1,878197952,F,0,31,administrator
195,726,2,884699648,F,0,44,administrator
200,255,1,888858688,F,0,42,administrator
730,109,1,878197888,F,0,28,artist
730,495,2,878241856,M,1,32,administrator
457,217,1,888855232,M,1,31,administrator
730,709,1,885074112,F,0,27,artist
730,611,2,878198272,F,0,31,artist
195,718,1,878886144,F,0,30,administrator
730,106,2,878197888,F,0,32,artist
730,758,2,878197888,F,0,34,artist
730,759,2,878216192,M,1,38,administrator
729,137,2,878198528,F,0,33,artist
195,646,1,888371264,F,0,30,administrator
195,744,1,880827904,F,0,30,administrator
209,134,1,878201728,M,1,29,administrator
195,505,1,878200704,F,0,28,artist
212,284,1,879439744,F,0,34,administrator
730,144,2,878201216,F,0,44,administrator
730,136,2,878219776,F,0,44,administrator
730,723,1,885619584,M,1,37,administrator
730,169,2,878249792,F,0,26,artist
730,218,1,878236480,M,1,44,administrator
730,695,2,888859520,F,0,26,administrator
195,459,1,884864448,F,0,29,administrator
195,689,1,888772928,F,0,35,administrator
730,759,1,878596672,M,1,41,administrator
730,431,1,879531776,F,0,32,administrator
730,757,1,878239424,M,1,26,administrator
730,759,1,878206592,M,1,40,administrator
195,753,1,880237504,F,0,29,administrator
663,158,2,886010752,F,0,44,administrator
195,437,1,878344384,F,0,42,administrator
730,204,1,878199168,F,0,31,artist
730,759,2,878380224,M,1,44,administrator
729,151,2,878395584,M,1,44,administrator
195,670,1,878615424,F,0,29,administrator
259,140,1,878641216,F,0,44,administrator
730,600,1,882767296,M,1,44,administrator
730,379,1,878215104,F,0,31,artist
730,169,1,878197888,M,1,26,administrator
730,758,1,881926592,M,1,23,artist
730,97,1,878197888,M,1,25,artist
730,759,1,888814784,M,1,27,artist
195,306,1,887883072,F,0,31,administrator
730,750,1,878197952,M,1,24,artist
195,212,1,888445568,M,1,44,administrator
198,131,2,878197888,F,0,32,administrator
729,398,1,879151552,F,0,30,artist
196,267,1,879962240,M,1,29,administrator
208,108,1,888371648,M,1,33,artist
730,701,2,886616896,M,1,44,administrator
728,151,2,878202816,F,1,44,administrator
730,242,1,878197888,F,0,26,artist
730,753,2,888856384,F,0,29,administrator
730,705,2,878199872,M,1,38,artist
196,102,1,878197888,F,0,26,artist
701,131,1,878244800,M,1,43,administrator
195,741,1,878219136,F,0,30,administrator
730,98,2,886673792,M,1,27,artist
730,311,1,878703488,M,1,44,administrator
730,122,2,878203136,F,0,35,administrator
195,207,1,879495552,F,0,31,administrator
730,124,1,878197888,F,0,31,artist
514,210,1,888850688,F,0,31,administrator
196,138,1,888850048,F,0,29,administrator
204,163,1,888770880,M,1,31,artist
730,732,2,888858048,F,0,32,administrator
195,544,2,888838208,F,0,30,administrator
195,756,1,888238976,F,0,30,administrator
218,278,2,888297472,F,0,30,administrator
730,758,2,880696960,M,1,44,artist
730,228,1,878197888,M,1,29,administrator
730,130,1,878197888,M,1,26,artist
195,198,1,878243200,M,1,29,administrator
730,251,2,878887360,F,0,33,administrator
195,327,2,878306496,F,0,33,administrator
730,723,1,888859392,F,0,39,administrator
197,113,2,888848128,M,1,42,artist
730,727,1,888859264,F,0,29,administrator
195,224,1,878197888,M,1,28,administrator
730,729,2,888849536,M,1,44,artist
195,461,1,878197888,F,0,30,administrator
195,711,1,878215488,F,0,29,administrator
697,143,2,882818560,F,0,32,administrator
196,140,1,888859456,M,1,33,artist
195,277,1,883128704,F,0,31,administrator
730,750,2,888859136,M,1,34,artist
195,229,1,888858176,F,0,30,artist
205,133,1,878198208,M,1,29,administrator
195,360,2,878423040,F,0,35,administrator
195,165,1,878197888,F,0,29,administrator
730,136,1,878197888,M,1,25,artist
729,450,1,879871872,M,1,41,administrator
729,230,1,878284032,M,1,27,administrator
730,580,2,888858688,F,0,31,artist
475,143,2,887935872,F,0,30,artist
195,740,2,888846528,F,0,44,administrator
195,730,1,878518080,F,0,30,administrator
730,166,2,888858624,F,0,31,administrator
195,216,1,878197888,F,0,29,administrator
730,759,1,878197888,M,1,22,artist
341,213,1,878217344,M,1,30,administrator
382,209,1,883475584,M,1,27,administrator
730,744,2,878259392,F,0,44,administrator
730,141,1,878216704,M,1,26,administrator
730,739,2,878203392,M,1,44,administrator
197,237,2,878246848,F,0,33,administrator
195,756,2,879281280,F,0,44,administrator
729,103,2,878197888,F,0,35,artist
195,448,1,882171008,F,0,40,administrator
195,747,1,888844096,M,1,43,artist
205,249,1,879373568,M,1,44,administrator
712,114,1,888857408,F,0,44,administrator
730,294,2,878198016,F,0,44,administrator
195,295,1,887919296,M,1,33,administrator
272,108,1,878197888,F,0,24,artist
730,731,1,888705344,M,1,29,administrator
195,743,1,888197504,M,1,43,administrator
718,167,2,883796288,F,0,38,administrator
730,169,1,878197952,F,0,30,administrator
730,536,1,880098496,M,1,44,administrator
730,742,1,888859520,M,1,28,artist
730,152,1,881470400,M,1,29,artist
730,685,2,878293248,M,1,44,administrator
199,201,1,878576192,M,1,28,administrator
195,738,1,883648448,F,0,31,administrator
195,292,1,879151360,M,1,41,administrator
195,677,1,888686848,F,0,30,administrator
195,274,1,888859520,M,1,44,artist
730,759,1,888802432,M,1,44,artist
730,578,1,878464192,M,1,44,administrator
195,119,1,888850624,M,1,35,administrator
730,649,1,878198784,F,0,31,administrator
730,758,2,888829440,M,1,22,artist
268,237,1,878197952,M,1,31,administrator
730,323,2,887663744,F,0,35,administrator
730,561,1,878204416,M,1,26,administrator
195,295,1,888483072,M,1,43,administrator
730,759,2,878270976,M,1,44,administrator
195,216,1,878376512,F,0,44,administrator
195,541,1,888859520,M,1,43,artist
195,739,1,881998144,F,0,31,administrator
195,384,2,888858944,F,0,30,artist
730,156,2,878284800,F,0,44,administrator
729,134,1,882504640,F,0,44,administrator
730,521,1,878227712,M,1,27,administrator
197,220,2,878239296,F,0,44,administrator
464,132,1,888601408,F,0,31,administrator
195,521,2,888854400,M,1,44,artist
582,313,2,888856128,M,1,44,administrator
730,363,1,879233792,M,1,29,administrator
723,149,2,878482048,F,0,44,administrator
195,753,1,888846976,F,0,32,artist
729,145,1,880552896,F,0,29,artist
728,247,1,878197952,M,1,29,administrator
730,298,1,888858752,F,0,29,administrator
195,510,1,886193664,M,1,44,administrator
195,683,1,888477184,F,0,32,artist
720,160,1,879475968,F,0,30,artist
430,140,1,888611008,M,1,44,administrator
730,229,1,878201280,M,1,43,artist
730,283,2,878202112,F,0,37,administrator
195,372,1,878230464,F,0,30,administrator
195,146,1,878274432,M,1,30,artist
195,758,2,888857152,F,0,35,administrator
195,512,1,888827072,F,0,31,artist
195,314,1,888859456,M,1,44,artist
730,702,1,878979520,M,1,38,administrator
196,245,1,878507584,M,1,44,administrator
195,565,1,878257792,F,0,30,administrator
195,665,1,878203840,F,0,29,administrator
730,582,1,878598336,M,1,44,artist
730,758,2,888851200,M,1,24,artist
195,464,1,878251904,M,1,29,administrator
730,377,2,881743296,M,1,34,administrator
726,181,1,878202048,M,1,30,administrator
730,97,2,878197888,F,0,26,artist
691,145,1,878824320,M,1,44,administrator
579,127,1,878613056,M,1,44,administrator
244,143,1,878198016,M,1,30,administrator
198,275,2,878208832,F,0,32,administrator
729,303,1,878294336,M,1,27,administrator
704,164,1,878205376,F,0,26,artist
730,759,2,879225920,M,1,41,administrator
204,183,1,888013824,M,1,44,artist
195,612,1,888630656,F,0,30,administrator
195,220,1,878208064,F,0,29,artist
195,159,1,888858048,F,0,30,administrator
246,111,1,878197952,F,0,33,administrator
197,225,2,888848640,M,1,44,administrator
199,177,1,888849920,F,0,43,artist
727,154,1,878198208,F,0,28,administrator
730,110,1,878197888,M,1,25,artist
195,524,1,878198592,M,1,28,administrator
730,102,1,878205120,M,1,27,artist
730,631,1,878757184,M,1,29,administrator
201,134,2,882004352,F,0,32,administrator
195,554,1,880475520,M,1,42,administrator
729,492,1,878866048,M,1,28,administrator
730,116,2,878692288,F,0,35,administrator
239,184,1,888859520,M,1,40,artist
195,754,1,878213760,F,0,29,artist
195,446,2,878206336,F,0,32,administrator
195,192,2,878493184,F,0,31,administrator
612,354,1,888721472,M,1,44,artist
195,335,1,878207168,F,0,44,administrator
195,721,2,879956800,F,0,34,administrator
626,195,1,886898880,M,1,44,administrator
730,748,1,888859392,M,1,42,artist
260,186,2,878198144,F,0,35,administrator
239,291,1,881549184,M,1,44,administrator
729,211,1,878424384,M,1,44,administrator
195,542,1,878198400,M,1,28,artist
195,206,1,888852032,M,1,44,administrator
730,607,2,888008512,F,0,30,artist
730,99,2,878197888,F,0,37,artist
236,296,1,888853888,M,1,44,administrator
730,756,1,878859008,M,1,44,administrator
451,135,1,878197888,F,0,27,administrator
720,109,2,888792640,M,1,30,artist
455,136,1,878247424,M,1,28,administrator
647,397,1,888011520,M,1,29,administrator
197,210,1,886958080,M,1,44,administrator
195,598,2,878205504,F,0,38,administrator
195,413,1,882605888,F,0,30,administrator
195,124,1,888511616,F,0,38,administrator
195,173,1,878199424,F,0,31,administrator
730,369,2,888857536,F,0,29,administrator
195,191,2,888859520,F,0,31,administrator
195,488,1,888061568,M,1,44,administrator
730,248,2,888859520,F,0,29,artist
710,373,2,887656064,F,0,31,artist
730,140,1,878857152,M,1,27,artist
730,107,1,878198016,F,0,28,artist
730,719,1,888324160,F,0,28,artist
729,235,1,878419520,M,1,44,administrator
730,522,1,885891200,M,1,44,administrator
724,138,1,888859456,M,1,43,artist
730,568,1,885895808,M,1,44,administrator
202,454,1,879192832,M,1,44,administrator
195,626,1,878285568,M,1,30,administrator
195,508,1,880767936,F,0,32,administrator
730,683,1,881792448,M,1,44,administrator
195,597,1,880997504,F,0,29,administrator
702,524,2,888858624,M,1,44,artist
730,149,1,878201664,M,1,25,artist
195,205,1,884171456,F,0,31,administrator
195,222,1,888853056,F,0,39,administrator
195,749,1,878269696,F,0,28,administrator
730,222,2,886464896,M,1,43,artist
441,445,2,880700352,F,0,32,administrator
730,101,1,878197888,F,0,28,artist
699,356,1,888752960,M,1,44,administrator
730,485,1,878197888,F,0,29,administrator
234,347,1,881701120,M,1,44,administrator
316,268,2,878205696,F,0,36,administrator
730,669,1,878681280,M,1,27,administrator
195,476,2,888859200,M,1,44,artist
195,487,1,878197952,F,0,29,administrator
402,191,1,888858880,M,1,30,administrator
720,249,1,878202048,M,1,28,administrator
730,610,1,878200640,M,1,29,administrator
195,375,1,878203456,F,0,29,administrator
730,747,1,878321216,M,1,27,artist
729,107,2,888859520,F,0,28,artist
525,118,1,888837376,M,1,32,artist
195,442,1,888068608,F,0,30,administrator
730,315,2,878765632,F,0,34,administrator
730,198,2,888429184,F,0,44,administrator
195,502,1,878985088,F,0,27,artist
730,492,1,878217280,M,1,43,administrator
730,146,2,878197888,F,0,44,administrator
730,473,1,888834816,F,0,29,administrator
730,759,1,886562624,M,1,44,artist
730,642,2,888799104,M,1,44,administrator
195,552,1,878205376,F,0,27,artist
195,342,1,878200512,F,0,30,administrator
221,150,1,888820032,M,1,37,administrator
253,122,1,878197888,F,0,25,artist
730,260,2,878341632,F,0,44,administrator
730,525,2,878959872,F,0,27,artist
195,727,1,878278272,F,0,30,administrator
727,430,2,888836928,M,1,44,administrator
730,758,1,883359744,M,1,29,administrator
730,346,1,878197888,M,1,24,artist
730,178,2,888675200,F,0,25,artist
195,618,2,878203904,M,1,44,administrator
195,321,1,886010944,M,1,44,administrator
728,157,1,878648896,M,1,44,administrator
730,758,1,878222912,M,1,23,artist
195,758,2,879232512,F,0,31,administrator
197,267,1,885460352,F,0,31,administrator
195,198,1,878197888,F,0,30,administrator
197,120,1,878197888,F,0,32,administrator
730,131,2,888764352,F,0,29,administrator
195,635,1,888807680,F,0,35,administrator
414,409,1,888635840,M,1,38,administrator
316,108,1,884632448,M,1,43,artist
201,205,1,878908544,M,1,28,administrator
267,188,1,878410304,M,1,44,administrator
198,166,1,888432960,F,0,39,artist
195,538,2,887203200,F,0,39,administrator
724,580,1,879017664,M,1,44,administrator
722,120,1,878198080,F,0,28,artist
730,688,1,888703360,M,1,33,administrator
195,221,1,888858880,M,1,41,artist
730,110,1,878197888,M,1,26,administrator
511,164,1,878869760,M,1,44,administrator
195,204,1,888518976,F,0,30,administrator
196,293,1,878225088,F,0,31,administrator
730,139,2,888851456,F,0,30,administrator
195,167,1,888859520,F,0,30,administrator
730,740,2,888857728,M,1,27,artist
195,403,2,879450944,F,0,27,artist
721,107,1,878199360,M,1,26,artist
730,370,1,888859520,M,1,28,artist
717,372,1,878206016,F,0,32,administrator
195,627,1,878197888,F,0,28,artist
485,142,1,888155648,F,0,35,administrator
718,296,1,878313600,M,1,29,administrator
730,308,2,886476928,F,0,31,artist
730,694,1,878198720,M,1,24,artist
550,108,2,878197888,F,0,38,administrator
195,211,1,887411840,F,0,32,administrator
197,165,1,888775296,F,0,44,administrator
730,481,2,881847744,M,1,29,artist
234,386,2,888428416,M,1,41,administrator
195,200,1,888595968,F,0,29,administrator
195,754,1,888842752,F,0,44,administrator
728,178,1,884769728,M,1,29,administrator
699,172,1,878198016,F,0,31,administrator
195,362,1,878230144,F,0,31,administrator
729,466,2,878669760,M,1,44,administrator
195,303,1,878257216,F,0,38,administrator
725,155,1,888832576,F,0,35,administrator
201,130,2,888859392,M,1,44,artist
333,171,1,879116864,M,1,44,administrator
195,327,1,878237184,F,0,30,artist
730,130,2,888859520,F,0,32,artist
195,508,2,878213696,F,0,34,artist
195,184,1,878197888,F,0,28,administrator
730,747,1,878198080,F,0,28,administrator
724,157,1,878272768,M,1,44,administrator
196,493,1,878340224,M,1,44,administrator
722,140,2,888831680,F,0,31,administrator
328,174,2,885829440,F,0,34,artist
730,103,1,878197888,F,0,32,artist
195,496,1,878395712,M,1,44,administrator
697,195,1,886913152,M,1,33,artist
730,667,2,887043392,F,0,44,administrator
730,754,2,887596864,F,0,29,administrator
195,414,1,882197504,F,0,44,administrator
730,747,1,881219776,M,1,39,administrator
195,109,1,878197888,F,0,24,artist
730,223,2,878397376,F,0,44,administrator
195,492,2,878366016,F,0,33,administrator
195,198,1,888837568,M,1,31,administrator
730,381,2,881340864,M,1,44,artist
195,286,1,878378560,M,1,27,administrator
195,161,2,887492864,F,0,30,administrator
730,306,1,886509952,M,1,44,administrator
730,488,2,878198144,M,1,36,administrator
195,748,1,886771392,M,1,34,administrator
698,116,2,878197888,F,0,29,artist
195,641,2,878819072,F,0,32,administrator
730,268,2,878197952,F,0,32,artist
730,655,1,887080320,M,1,27,administrator
315,112,1,881568320,F,0,44,administrator
195,317,1,888833856,M,1,44,artist
730,99,1,878197888,M,1,23,artist
261,376,2,886982080,F,0,37,administrator
716,161,1,878197888,F,0,29,artist
730,759,2,888846272,F,0,27,artist
195,417,1,881727872,F,0,44,artist
195,688,1,886729664,M,1,44,administrator
195,661,2,878278720,F,0,34,artist
730,751,1,888669696,F,0,27,artist
195,754,1,888846016,F,0,44,administrator
730,101,2,878199424,F,0,28,artist
730,150,1,879198784,M,1,25,artist
730,176,2,887829888,F,0,27,artist
730,558,1,888447168,F,0,28,administrator
214,120,1,878197888,F,0,25,artist
195,758,1,883477120,F,0,44,administrator
730,745,1,878404544,M,1,28,artist
195,358,2,887906112,F,0,34,administrator
730,758,1,884393280,M,1,44,administrator
195,378,1,881341184,F,0,30,administrator
728,101,1,881846528,M,1,29,artist
730,727,2,888820288,M,1,42,administrator
730,263,2,878238912,F,0,44,administrator
434,123,1,886342528,M,1,28,artist
730,97,2,878197888,F,0,24,artist
325,203,1,878360064,F,0,44,administrator
730,735,1,878963584,M,1,44,administrator
195,630,1,888859392,M,1,34,artist
730,570,1,888333440,M,1,44,administrator
195,202,1,881510016,F,0,30,administrator
730,737,1,888835264,F,0,26,artist
195,278,1,878197952,F,0,29,administrator
730,202,2,888612864,F,0,30,administrator
730,113,1,878197888,F,0,23,artist
195,360,2,878197888,F,0,33,administrator
195,175,1,878197952,F,0,29,artist
205,179,1,878199872,F,0,29,administrator
201,187,1,888735552,F,0,41,administrator
196,155,1,878213376,F,0,32,administrator
195,673,1,878431040,M,1,27,administrator
195,329,1,878350784,M,1,42,administrator
730,645,1,879985792,M,1,43,administrator
251,191,1,882237952,F,0,41,administrator
195,758,2,888857664,F,0,32,artist
195,466,2,878198080,F,0,32,administrator
197,279,1,888829504,F,0,31,administrator
584,103,2,878197888,F,0,33,artist
195,233,1,878197888,F,0,31,administrator
730,148,2,878452160,F,0,34,administrator
718,157,1,888331584,F,0,33,administrator
195,541,2,880606400,F,0,33,administrator
730,102,1,878237440,M,1,30,artist
730,487,1,878370240,M,1,44,administrator
730,118,1,878197888,M,1,25,artist
195,199,1,888670912,F,0,30,administrator
727,139,1,882617984,F,0,29,artist
339,196,2,878361472,F,0,40,administrator
730,357,1,881682176,M,1,44,administrator
195,139,2,888859520,M,1,44,artist
195,757,2,888859520,F,0,35,artist
319,173,1,878247744,M,1,37,administrator
195,277,1,887121024,M,1,33,administrator
728,305,1,882387712,M,1,44,administrator
312,118,1,888647296,F,0,43,administrator
195,739,2,878300416,F,0,31,administrator
306,153,2,878206656,F,0,35,administrator
195,538,1,888859136,F,0,31,artist
365,216,1,878733888,F,0,38,administrator
583,169,1,878199232,F,0,32,administrator
730,276,1,888822400,M,1,43,artist
729,185,1,888655360,F,0,32,administrator
730,149,2,878197888,F,0,34,artist
721,161,1,878199296,F,0,32,administrator
730,101,1,878198656,M,1,27,artist
195,270,1,888859328,F,0,31,administrator
195,480,1,888859392,F,0,44,administrator
195,741,1,888859392,M,1,31,artist
730,101,1,878197888,F,0,30,artist
195,759,1,888834816,F,0,31,artist
729,343,1,878197952,M,1,30,administrator
729,155,1,878253248,M,1,44,administrator
195,176,1,882433728,M,1,44,administrator
730,757,2,886442432,M,1,44,artist
195,504,1,878732672,F,0,30,administrator
195,136,1,888681728,F,0,43,administrator
730,331,1,888843072,F,0,30,administrator
195,617,1,878197888,F,0,29,administrator
713,237,1,878966272,F,0,43,administrator
196,160,1,878197952,F,0,30,administrator
195,376,1,882863488,F,0,29,administrator
195,430,1,878246784,M,1,44,administrator
195,500,1,888601472,F,0,42,administrator
217,154,1,888859008,F,0,40,administrator
405,200,1,878371392,M,1,40,administrator
730,759,2,878237184,M,1,22,artist
730,634,2,888859136,F,0,27,artist
730,745,1,878377024,M,1,44,administrator
730,99,1,878197952,M,1,30,artist
730,609,2,878271744,M,1,31,artist
195,577,2,878234432,F,0,42,administrator
195,210,1,878197952,F,0,27,artist
730,758,1,879697728,M,1,44,administrator
197,101,1,878197888,F,0,26,artist
730,222,1,882538560,F,0,44,administrator
726,125,1,878198080,F,0,26,artist
195,135,1,887895552,M,1,44,administrator
196,521,1,883150976,F,0,30,administrator
195,187,1,878525184,F,0,32,administrator
195,672,1,878229568,F,0,30,administrator
730,686,1,888796800,M,1,44,artist
730,275,1,878197888,M,1,23,artist
698,126,1,878762304,M,1,44,administrator
195,751,1,885335616,F,0,30,administrator
730,758,2,881657408,F,0,42,administrator
730,753,1,888852672,F,0,25,artist
195,428,2,888858176,F,0,38,administrator
195,737,1,888858048,F,0,32,administrator
195,430,1,885640704,F,0,34,administrator
730,670,1,888788288,M,1,28,administrator
730,103,1,878198208,M,1,30,artist
196,157,1,887134912,F,0,44,administrator
730,224,2,878236992,F,0,44,administrator
195,756,1,885785536,M,1,43,administrator
195,197,1,888836992,M,1,38,administrator
195,758,2,888128256,F,0,42,artist
729,493,1,879333888,M,1,44,administrator
663,104,1,878197888,F,0,26,artist
195,679,1,878204800,F,0,30,administrator
409,179,1,888846080,M,1,44,artist
730,104,1,878197888,M,1,27,artist
717,172,1,888849920,M,1,44,administrator
195,626,1,878197888,F,0,27,administrator
729,115,2,878198208,F,0,33,administrator
730,664,2,888859520,F,0,29,artist
730,386,1,888858432,F,0,30,administrator
730,121,1,878333888,M,1,30,artist
696,229,1,881768512,M,1,44,administrator
730,758,1,888825984,M,1,25,administrator
669,137,1,878197888,F,0,33,administrator
730,432,1,878931840,M,1,43,administrator
195,187,1,878895552,F,0,31,administrator
730,757,1,884861184,M,1,44,administrator
656,294,1,888796672,F,0,29,administrator
196,257,1,881915648,F,0,29,artist
730,104,2,878217664,F,0,28,artist
730,102,1,878197888,M,1,24,artist
730,379,1,878547264,M,1,35,administrator
713,149,2,888859520,F,0,32,artist
195,471,1,885619136,F,0,31,administrator
725,98,1,878197952,M,1,26,administrator
730,535,2,878281024,F,0,37,administrator
706,327,2,888222784,F,0,30,administrator
195,438,1,878711296,F,0,29,artist
730,720,1,878596544,M,1,44,administrator
269,342,2,878856064,F,0,34,administrator
195,719,2,878203776,F,0,34,administrator
685,179,1,878613824,F,0,32,administrator
702,178,1,888820096,F,0,44,administrator
730,334,2,888859520,F,1,26,artist
730,406,1,882716992,M,1,44,administrator
280,132,1,879245248,M,1,44,administrator
214,127,1,888859520,M,1,31,artist
195,708,2,888853952,F,0,37,artist
585,123,2,878232384,F,0,30,artist
684,142,1,887086912,M,1,44,artist
730,120,2,886888448,F,0,43,administrator
730,394,2,888793792,M,1,44,artist
195,538,1,883751552,F,0,29,administrator
730,722,2,885710336,F,0,37,administrator
730,100,1,878197888,F,0,26,artist
730,708,1,878247104,M,1,29,administrator
730,162,1,878198080,F,0,43,administrator
713,221,1,878197952,F,0,30,administrator
210,171,2,878198272,F,0,33,administrator
730,682,1,878198208,M,1,43,administrator
730,745,1,884036928,M,1,41,administrator
195,673,1,879693184,F,0,30,administrator
195,194,1,878203136,F,0,31,administrator
730,626,1,878197952,M,1,30,artist
379,105,1,878197888,F,0,26,artist
195,245,1,878295104,F,0,36,administrator
197,150,1,888856512,F,0,31,administrator
209,165,1,878197888,F,0,29,artist
195,748,1,878197888,F,0,25,artist
195,213,1,888812992,M,1,40,artist
195,599,2,878396672,F,0,34,administrator
730,759,2,879045184,M,1,44,administrator
730,507,2,879320832,M,1,44,administrator
730,577,1,880880896,M,1,28,administrator
730,587,1,878224000,M,1,30,administrator
730,659,1,878202752,M,1,39,administrator
197,270,1,880410112,F,0,43,administrator
730,101,2,878197888,M,1,23,artist
195,338,2,878249408,F,0,32,administrator
195,524,2,888858048,F,0,44,administrator
195,364,1,878261184,M,1,30,administrator
730,579,1,885807040,M,1,44,administrator
730,110,1,878408320,M,1,32,artist
730,492,1,878275328,M,1,26,administrator
195,694,1,888153664,F,0,30,administrator
630,287,1,880159296,M,1,44,administrator
195,508,1,878259200,F,0,31,administrator
195,200,1,884120256,F,0,30,artist
730,109,1,878309888,F,0,27,artist
730,445,2,888859520,M,1,30,artist
264,106,1,888859520,M,1,44,artist
730,448,2,878430080,F,0,26,artist
729,313,1,885381120,F,0,30,administrator
730,668,1,878198016,F,0,29,administrator
730,125,1,888631872,M,1,33,artist
725,167,1,888852224,M,1,34,artist
729,275,2,888812672,F,0,44,administrator
730,708,2,878202560,F,0,31,artist
730,368,2,878825536,F,0,34,administrator
730,116,1,878197888,M,1,25,artist
195,714,2,888292416,F,0,32,administrator
730,398,2,888859200,F,0,26,artist
730,759,1,881979840,M,1,44,administrator
724,137,2,888846720,F,0,28,administrator
730,215,2,888859520,M,1,28,artist
195,293,1,887832448,F,0,30,administrator
195,299,1,878197888,F,0,26,artist
730,724,1,880729728,M,1,44,administrator
195,630,1,884499968,M,1,30,administrator
195,290,1,878197888,F,0,27,administrator
730,723,1,881345984,M,1,44,administrator
730,712,1,880683776,M,1,44,administrator
195,490,1,886379200,F,0,35,administrator
727,255,1,878667456,M,1,44,administrator
730,113,1,878197888,F,0,26,artist
195,743,1,878481344,F,0,30,administrator
730,306,1,878205824,M,1,32,administrator
730,757,2,878953984,M,1,26,administrator
730,687,1,878507648,M,1,25,artist
673,205,1,888772736,M,1,39,artist
305,188,2,878273984,F,0,43,administrator
724,122,1,878592832,M,1,44,administrator
730,97,2,878197888,M,1,25,artist
730,748,2,878314688,F,0,30,artist
630,117,1,888707456,M,1,32,artist
195,277,1,888859520,F,0,30,administrator
666,163,1,878335744,M,1,43,administrator
195,713,1,888698240,F,0,30,administrator
730,101,2,878197888,F,0,33,artist
195,274,2,888857664,M,1,34,artist
195,185,1,879048960,F,0,31,administrator
227,117,1,878197888,M,1,28,administrator
730,758,2,878202176,F,0,27,artist
195,224,1,888858560,F,0,44,administrator
196,168,1,881504384,M,1,32,administrator
195,263,1,888564160,M,1,43,artist
208,113,1,878198016,M,1,29,administrator
195,755,1,884372352,F,0,31,administrator
730,635,2,888845632,M,1,41,artist
195,471,1,880192576,M,1,36,administrator
730,168,2,878925376,F,0,44,administrator
730,746,2,878197888,F,0,25,artist
711,121,2,878211712,F,0,44,administrator
195,731,1,878220608,F,0,33,artist
730,115,1,878197888,M,1,22,artist
203,243,1,885738944,F,0,31,administrator
726,265,2,878198592,M,1,44,administrator
195,694,1,878455424,F,0,31,administrator
256,183,1,878197888,F,0,31,administrator
730,733,2,888850880,M,1,34,artist
685,131,1,884390272,M,1,44,administrator
730,699,1,878198336,M,1,25,administrator
730,758,2,888549568,F,0,30,artist
730,442,1,887817280,M,1,41,administrator
730,759,1,878278336,M,1,39,administrator
195,725,1,883296384,F,0,29,administrator
195,716,2,878197888,F,0,32,administrator
195,464,1,888587328,F,0,29,administrator
206,106,2,888748800,M,1,34,artist
630,204,1,888859456,F,0,30,artist
730,753,2,888803968,F,0,28,administrator
195,118,1,888859520,M,1,42,artist
195,202,1,881106624,F,0,30,administrator
213,210,1,885858560,F,0,37,administrator
730,214,2,878670464,F,0,44,administrator
730,324,1,888852800,M,1,44,artist
195,531,1,884619776,F,0,38,administrator
720,154,2,878238784,M,1,44,administrator
730,394,1,879079680,M,1,29,administrator
730,436,2,888759040,F,0,31,administrator
730,582,1,881500608,F,0,44,administrator
195,717,1,878220928,F,0,30,administrator
232,139,1,878204416,M,1,42,administrator
730,511,1,879462016,M,1,33,administrator
195,758,1,886944320,F,0,29,administrator
195,488,1,888859328,F,0,33,administrator
730,230,1,879349696,M,1,44,administrator
730,381,2,888859328,F,0,27,administrator
195,711,1,878359232,F,0,36,administrator
728,371,2,880613632,F,0,42,administrator
730,718,1,880121792,M,1,44,administrator
730,388,1,878198848,M,1,25,administrator
195,751,1,886795584,M,1,44,administrator
206,200,1,882222976,F,0,41,administrator
730,197,1,878199296,M,1,29,administrator
730,435,1,878229056,M,1,44,administrator
730,97,2,878197888,F,0,25,artist
195,480,1,878753600,F,0,30,administrator
195,355,2,879918784,F,0,35,administrator
730,179,1,887547136,F,0,33,administrator
318,317,1,883965440,F,0,33,administrator
195,169,1,888855424,F,0,35,administrator
730,232,2,887952384,F,0,32,administrator
730,755,1,885591360,M,1,44,administrator
195,657,2,878582400,F,0,33,administrator
730,225,2,888859264,F,0,29,administrator
195,712,2,880989632,F,0,32,administrator
199,565,2,879335552,F,0,40,administrator
730,110,1,878197888,M,1,23,artist
730,123,1,878205504,M,1,28,artist
201,173,1,878257280,F,0,29,administrator
730,273,1,878197888,F,0,27,artist
730,727,1,888859520,F,0,28,administrator
195,174,1,883618816,M,1,36,artist
699,121,1,878198016,M,1,27,administrator
730,635,2,878427328,F,0,28,artist
195,750,1,882071616,F,0,29,administrator
730,155,2,886509696,F,0,44,administrator
195,206,2,888859520,F,0,31,administrator
730,399,2,878211072,F,0,36,administrator
730,197,1,878251520,M,1,44,administrator
195,279,1,884923136,M,1,30,artist
694,201,1,888053248,F,0,42,administrator
660,136,1,888859520,M,1,32,artist
730,407,2,878353664,F,0,33,administrator
730,216,1,888491648,F,0,28,artist
195,563,1,878224704,F,0,30,administrator
730,710,2,878199872,M,1,34,administrator
320,144,2,888858304,F,0,30,administrator
730,592,2,878820608,F,0,44,administrator
730,623,1,878381760,M,1,44,administrator
195,583,1,878198080,F,0,30,administrator
204,147,1,878211904,F,0,31,administrator
195,464,2,887662720,F,0,36,artist
719,371,2,879054656,F,0,39,administrator
723,143,2,878200768,F,0,35,administrator
727,412,1,878756352,M,1,28,administrator
583,131,2,888859520,F,0,30,administrator
195,385,2,882765248,M,1,34,administrator
558,144,1,886802304,M,1,44,administrator
729,249,1,878354880,M,1,44,administrator
394,179,1,888311104,M,1,44,administrator
730,303,2,887820672,F,0,32,administrator
730,481,2,888550592,F,0,30,administrator
730,175,1,878197888,M,1,25,artist
196,269,1,888732096,M,1,44,artist
730,518,2,888726336,F,0,31,administrator
393,246,1,878197888,F,0,29,administrator
729,169,2,878828160,F,0,38,administrator
726,458,1,887510080,M,1,44,administrator
195,263,1,887794176,F,0,41,administrator
195,333,2,878216384,F,0,27,artist
236,138,1,878378816,F,0,30,artist
684,356,1,886587136,M,1,44,administrator
643,157,1,878259328,M,1,42,administrator
195,398,2,888859520,M,1,41,artist
442,125,2,888682048,F,0,30,administrator
730,580,1,878197888,M,1,43,administrator
195,503,2,878218752,F,0,32,administrator
195,484,1,888815680,F,0,30,administrator
730,757,1,888796480,M,1,42,artist
195,278,1,878198400,F,0,28,administrator
195,459,1,878197952,F,0,29,administrator
195,517,1,882433088,M,1,42,administrator
674,265,1,887299840,F,0,31,administrator
730,191,2,888116736,F,0,32,administrator
195,305,1,885118912,F,0,30,administrator
730,734,1,878225728,M,1,24,artist
730,248,1,878198720,M,1,29,artist
730,495,2,888835456,M,1,31,artist
730,522,1,887212288,M,1,44,administrator
195,228,1,878200064,F,0,28,artist
195,151,1,886802624,F,0,43,administrator
205,183,1,885755264,F,0,44,administrator
197,481,2,888178112,F,0,44,administrator
195,152,1,879014144,F,0,31,administrator
202,194,2,878199104,F,0,36,administrator
195,269,2,878225600,F,0,32,administrator
195,696,1,879046016,F,0,29,administrator
730,106,2,878209856,F,0,35,administrator
375,126,1,878915776,F,0,44,administrator
713,174,2,878480640,F,0,44,administrator
195,559,2,878203200,F,0,38,administrator
730,331,2,888850432,M,1,29,artist
195,319,1,888853312,F,0,30,administrator
730,431,2,887076096,F,0,29,artist
730,495,1,888085248,M,1,44,artist
718,132,2,878197952,F,0,33,administrator
730,106,1,878198720,M,1,26,artist
730,735,2,888832192,M,1,44,artist
730,238,2,888796864,M,1,35,administrator
730,758,1,883790912,M,1,25,administrator
730,166,2,878198208,F,0,44,administrator
195,714,2,888701504,F,0,34,artist
730,131,2,878205248,M,1,24,artist
195,627,1,882080512,F,0,30,administrator
730,746,2,878457664,F,1,26,artist
196,195,1,883829056,F,0,44,administrator
339,164,1,878198400,F,0,31,artist
664,173,1,878505728,M,1,44,administrator
195,248,2,888859520,F,0,42,artist
729,199,1,888859520,F,0,31,artist
195,470,1,878973824,F,0,44,administrator
202,132,1,887006592,M,1,44,administrator
730,734,1,888773888,M,1,27,administrator
730,195,2,878236416,F,0,44,administrator
195,261,1,881343552,F,0,44,administrator
730,758,1,883009536,M,1,44,administrator
730,759,1,886510336,M,1,44,administrator
422,103,1,880274432,M,1,29,artist
195,635,2,880124800,F,0,34,administrator
688,134,1,885574720,M,1,44,administrator
625,148,1,888773760,F,0,43,administrator
730,732,2,878198080,M,1,27,artist
715,145,2,888850560,F,0,30,administrator
195,524,1,878967936,F,0,44,administrator
730,97,2,878197952,M,1,26,artist
730,171,2,888689536,F,0,41,administrator
730,159,2,878197888,F,0,28,artist
730,275,2,888859520,F,0,31,artist
195,205,1,878447616,M,1,27,administrator
195,483,1,878199552,F,0,30,administrator
730,743,1,878203072,M,1,26,artist
730,492,1,888842496,F,0,29,administrator
195,500,2,888859136,F,0,44,administrator
196,353,1,879446528,M,1,30,administrator
730,212,1,888817024,M,1,28,administrator
195,198,1,887051968,F,0,33,administrator
730,595,1,878208128,M,1,27,artist
730,759,1,882354240,M,1,44,administrator
231,228,1,888836736,F,0,30,administrator
196,146,1,885949056,F,0,43,administrator
195,153,1,888828800,F,0,29,administrator
195,536,1,878204864,F,0,30,administrator
195,501,1,878198400,M,1,26,administrator
195,521,1,878795712,M,1,28,administrator
730,525,2,880806592,M,1,44,administrator
195,461,2,888855424,F,0,44,artist
197,333,2,878719168,M,1,32,administrator
730,281,2,878224896,F,0,34,administrator
730,744,1,885397568,M,1,27,administrator
195,728,2,878470528,F,0,44,administrator
195,231,1,879265792,M,1,30,administrator
201,185,1,888857792,F,0,29,administrator
195,718,1,880484608,F,0,29,administrator
730,724,1,884746368,M,1,44,artist
195,757,1,888857024,F,0,38,administrator
199,171,1,884746944,F,0,31,artist
195,722,1,880198080,F,0,30,administrator
669,107,2,878197888,F,0,38,administrator
730,158,2,878201984,F,0,44,administrator
730,128,1,878197888,F,0,26,artist
729,114,2,878201664,F,0,44,administrator
730,451,1,878198336,M,1,25,administrator
195,416,2,888859520,M,1,44,artist
195,649,2,878198912,F,0,33,administrator
207,218,1,888836736,F,0,40,administrator
730,758,1,878198144,M,1,23,administrator
729,120,1,878270912,F,0,31,artist
195,132,1,886685888,F,0,44,administrator
195,731,1,880893888,F,0,29,administrator
195,607,1,878340864,F,0,30,administrator
195,420,2,878197888,F,0,32,administrator
195,258,2,888859520,M,1,44,artist
730,748,2,878233088,M,1,44,administrator
195,695,1,888789056,F,0,29,administrator
360,177,1,879631872,M,1,29,administrator
730,753,1,878558912,M,1,44,administrator
730,711,2,881009472,M,1,44,artist
197,449,2,888769792,F,0,35,artist
730,527,2,888858880,F,0,32,artist
713,148,1,878697216,F,0,33,administrator
730,703,2,880477504,M,1,44,administrator
730,759,2,878712896,F,0,37,administrator
730,282,2,878197888,F,0,25,artist
730,111,1,878197888,M,1,25,artist
195,408,1,888801984,F,0,30,artist
725,124,2,878197888,F,0,33,artist
613,138,1,888116992,M,1,44,administrator
718,356,1,888093696,M,1,35,administrator
730,713,1,888833664,F,0,30,artist
730,711,1,888683648,M,1,42,administrator
730,384,1,886050496,M,1,44,artist
728,140,1,880042752,M,1,44,administrator
643,150,1,880038848,M,1,44,administrator
196,115,2,878197888,F,0,34,administrator
695,203,2,883099264,F,0,33,artist
196,135,2,888859520,F,0,31,artist
730,757,1,884267840,M,1,25,artist
730,753,1,888817536,F,0,43,administrator
730,362,2,878261184,M,1,34,administrator
198,131,1,881928768,M,1,43,administrator
197,147,2,878198016,F,0,36,administrator
730,755,1,884636672,M,1,44,administrator
714,265,1,888182528,F,0,32,artist
660,188,1,880131776,M,1,36,administrator
730,210,2,886800256,F,0,36,artist
204,193,2,878205568,F,0,44,administrator
533,192,2,878202048,F,0,33,administrator
730,753,2,878218432,F,0,35,administrator
562,112,1,888856128,M,1,33,artist
195,109,1,888858432,F,0,44,administrator
730,738,2,882425216,M,1,29,artist
195,687,1,882088384,F,0,29,administrator
730,726,1,888859328,M,1,27,administrator
195,755,1,880601280,F,0,44,administrator
196,366,1,881214592,M,1,38,administrator
195,156,1,878243072,F,0,29,administrator
730,103,1,878214400,M,1,32,artist
730,232,1,888855040,M,1,44,artist
716,290,1,879737024,M,1,44,administrator
730,98,2,878197888,M,1,26,artist
730,136,2,878197888,M,1,44,administrator
730,116,2,878199680,F,0,38,artist
730,177,2,880545920,F,0,44,administrator
195,758,2,888858432,F,0,34,administrator
664,128,1,878317696,F,0,27,artist
195,756,1,884551616,M,1,29,administrator
631,117,2,885247488,F,0,44,administrator
730,735,2,886979648,M,1,27,artist
195,235,2,883883264,F,0,32,administrator
417,140,2,878202368,F,0,44,administrator
195,161,1,878197888,M,1,27,administrator
730,535,2,878212416,F,0,35,administrator
195,672,2,883692160,F,0,33,administrator
195,191,2,888859328,M,1,32,artist
730,733,1,878200064,M,1,44,artist
730,325,2,878345024,F,0,34,administrator
730,601,1,881160128,M,1,44,administrator
730,170,2,882516864,F,0,33,artist
195,384,1,878219264,F,0,35,administrator
195,291,1,888029184,F,0,30,artist
730,594,1,888675712,M,1,44,administrator
661,205,2,882625664,M,1,43,administrator
400,130,1,878197952,F,0,31,administrator
730,273,1,878197952,F,0,30,administrator
730,185,1,888859008,M,1,30,administrator
730,649,1,878343104,M,1,43,administrator
195,219,1,888831168,F,0,29,administrator
730,466,2,878197888,F,0,29,artist
204,253,1,888793856,F,0,32,administrator
195,234,1,882762304,F,1,30,administrator
471,135,2,885540544,M,1,44,administrator
195,728,2,886025472,F,0,39,administrator
730,191,2,878305344,F,0,29,artist
202,200,2,880869248,M,1,33,administrator
730,534,1,888859520,F,0,29,administrator
730,640,1,878197888,M,1,22,artist
200,210,1,882034880,F,0,44,administrator
730,759,2,882482496,M,1,22,artist
553,144,1,888825920,F,0,29,administrator
730,104,1,878204416,M,1,24,artist
730,746,1,888841152,M,1,44,artist
195,339,1,880423744,F,0,30,administrator
699,109,2,878199808,F,0,44,administrator
693,171,1,878197952,F,0,27,artist
270,448,2,885495552,M,1,44,administrator
255,108,2,878197888,F,0,31,artist
195,750,1,878993344,F,0,29,administrator
378,123,1,888708288,F,0,30,administrator
278,215,1,888372096,F,0,30,administrator
226,197,1,888234624,M,1,44,artist
195,440,1,888859520,M,1,37,artist
730,345,2,882982912,F,0,31,administrator
547,125,1,888858240,M,1,44,artist
368,127,1,878197888,F,0,27,artist
730,154,1,884919232,M,1,27,artist
730,663,1,885734080,M,1,29,administrator
730,756,1,888844800,M,1,30,administrator
730,381,2,888859008,F,0,32,administrator
291,217,2,886876800,F,0,31,administrator
221,150,2,887062336,M,1,44,administrator
195,519,1,883142400,M,1,37,artist
730,450,2,888859520,M,0,29,artist
195,445,1,878288320,F,0,28,administrator
730,482,2,878227328,F,0,35,administrator
730,99,1,878197888,M,1,25,artist
728,144,1,888859520,F,0,43,artist
196,306,1,884435520,F,1,33,artist
195,267,1,888816128,F,0,31,administrator
195,188,1,887034944,F,0,30,administrator
730,301,1,888850048,F,0,34,administrator
730,261,2,878459136,F,0,44,administrator
195,142,1,878540544,F,0,43,administrator
242,183,1,878223552,F,0,28,artist
195,393,1,888858432,M,1,44,administrator
196,584,2,878765184,F,0,44,administrator
730,423,2,878756480,M,1,44,administrator
730,759,2,888850112,F,0,27,artist
195,749,1,887010432,F,0,36,administrator
195,113,1,878197888,M,1,27,administrator
484,214,1,878316672,F,0,31,administrator
610,566,2,885376192,M,1,33,administrator
729,252,2,879329408,F,0,44,administrator
730,744,2,888818112,F,0,31,administrator
201,116,1,878198656,F,0,42,administrator
729,179,1,878404224,M,1,28,administrator
730,108,2,878201280,M,1,44,administrator
195,196,1,878197888,F,0,29,administrator
730,697,2,888859520,F,0,31,artist
195,709,1,879195200,F,0,29,administrator
730,97,1,878197888,F,0,23,artist
544,111,1,887602816,M,1,30,administrator
730,758,1,888858304,F,0,27,administrator
730,668,1,878208768,M,1,27,artist
730,759,2,888807680,F,0,29,administrator
217,186,1,888857728,F,0,33,administrator
195,376,1,878299008,M,1,26,administrator
730,739,1,881128064,M,1,44,administrator
730,620,2,887655872,F,0,33,administrator
730,376,1,878197888,M,1,26,artist
195,706,1,885088960,M,1,44,administrator
195,605,1,888149696,F,0,44,administrator
195,142,1,878197888,F,0,25,artist
730,485,2,878203776,F,0,34,administrator
195,280,1,888850688,F,0,29,administrator
195,225,2,878220992,F,0,32,administrator
730,687,1,886706240,M,1,44,administrator
730,409,2,878350400,F,0,42,administrator
200,154,1,888858432,F,0,40,administrator
730,212,1,880972352,M,1,28,administrator
730,434,1,878198208,M,1,34,administrator
272,231,2,886505280,M,1,44,administrator
195,743,1,885885888,F,0,37,administrator
196,256,2,888857856,F,0,33,administrator
730,748,2,878197888,M,1,23,artist
195,268,2,888225600,F,0,32,administrator
730,670,1,881412736,M,1,42,administrator
730,363,1,878198016,M,1,29,administrator
730,258,1,888302016,M,1,25,artist
730,706,1,878775232,F,0,30,administrator
195,241,1,878198336,F,0,30,artist
195,608,1,888074304,F,0,29,artist
730,245,2,878357888,F,0,39,administrator
253,122,1,878206208,F,0,44,administrator
195,725,2,888824704,F,0,42,administrator
195,206,1,878198976,F,0,29,administrator
730,754,1,881537536,M,1,44,administrator
195,494,1,878197888,F,0,29,administrator
730,231,1,882597184,M,1,44,administrator
730,299,1,878692288,M,1,44,administrator
227,101,1,878197888,M,1,26,administrator
195,168,1,888859200,M,1,43,administrator
730,249,2,878198656,F,0,38,administrator
195,246,1,879251136,M,1,29,administrator
195,345,1,878197888,F,0,27,administrator
695,193,2,878688768,F,0,37,administrator
233,150,1,888576576,F,0,30,artist
730,759,1,888546944,M,1,23,artist
195,200,1,888848768,M,1,44,administrator
730,239,1,879276736,M,1,26,administrator
730,759,1,882519616,M,1,43,administrator
195,697,1,888857664,F,0,31,administrator
195,734,2,885643456,F,0,34,administrator
195,624,1,883731328,F,0,43,administrator
210,107,1,878197888,F,0,30,artist
195,342,2,878495424,F,0,32,administrator
195,595,1,879621120,M,1,44,administrator
195,743,2,878198528,F,0,36,administrator
276,107,1,888859264,F,0,31,administrator
730,282,1,888699008,F,0,37,administrator
205,200,2,888280896,F,0,32,administrator
730,310,1,888851328,F,0,31,administrator
195,730,1,878199552,F,0,30,administrator
195,200,1,888828736,F,0,30,administrator
195,639,1,883549760,F,0,30,administrator
195,640,1,878207552,F,0,29,administrator
730,598,2,878325056,F,0,34,administrator
729,101,2,885189824,F,0,34,artist
730,100,1,878199040,M,1,23,artist
195,520,2,888819200,M,1,44,artist
730,585,1,888830592,M,1,44,administrator
196,178,1,888767424,F,0,39,administrator
622,133,1,888850688,M,1,44,artist
725,113,2,878199040,F,0,39,administrator
195,287,1,888559040,M,1,29,administrator
196,221,1,880778880,M,1,29,administrator
273,122,1,880335872,F,0,44,administrator
195,713,2,888225984,F,0,42,artist
195,159,1,888369728,F,0,31,administrator
195,608,1,888846336,F,0,29,administrator
726,159,1,887909312,F,0,42,administrator
195,155,1,888858816,F,0,29,administrator
730,728,1,888223360,M,1,44,administrator
730,411,1,878230784,M,1,39,administrator
682,141,2,878326912,F,0,43,administrator
730,284,1,888859456,F,0,29,administrator
729,199,1,878204032,F,0,33,artist
730,97,1,878197888,M,1,26,artist
317,135,2,888856960,F,0,44,administrator
249,129,1,888855168,M,1,44,administrator
730,498,1,878197888,M,1,29,administrator
730,519,2,878413312,M,1,44,administrator
692,234,1,878361216,M,1,44,administrator
195,684,1,888859392,M,1,43,artist
730,759,2,879696768,M,1,32,artist
199,116,1,878197888,F,0,29,administrator
730,739,1,878197888,M,1,22,artist
214,151,1,878197888,F,0,32,administrator
672,245,1,878771328,M,1,41,artist
730,692,1,888805440,M,1,39,administrator
730,593,2,878588608,F,0,28,artist
196,444,1,887920768,M,1,44,administrator
699,127,2,878504512,F,0,44,administrator
730,739,1,878205120,M,1,26,administrator
730,694,1,878215296,M,1,33,administrator
195,238,1,878596608,F,0,30,administrator
665,122,1,878218816,F,0,43,administrator
730,100,2,878197888,F,0,32,artist
195,330,1,878648640,F,0,29,administrator
195,244,1,888843648,F,0,44,administrator
728,175,1,888680256,M,1,44,administrator
505,235,2,888854272,F,0,43,artist
730,759,2,888808640,M,1,29,artist
496,213,2,886995328,F,0,32,administrator
195,630,1,884120960,M,1,44,administrator
438,115,1,878275584,M,1,30,artist
195,466,2,878699136,F,0,38,artist
729,244,2,888859456,M,1,42,artist
195,273,1,878208960,F,0,30,administrator
195,750,1,879265856,F,0,36,administrator
718,218,1,888782912,F,0,31,administrator
348,129,1,878387456,F,0,44,administrator
195,746,1,878200576,F,0,30,administrator
712,221,2,888524672,F,0,34,administrator
195,514,1,878205440,F,0,29,administrator
196,131,2,888859520,F,0,33,artist
196,119,2,888859264,M,1,32,artist
203,376,1,880135808,M,1,30,administrator
715,139,2,888859520,M,1,32,artist
730,758,2,878199424,F,0,24,artist
728,302,1,878198912,M,1,25,administrator
195,737,1,878310144,F,0,31,administrator
200,239,1,878480256,M,1,44,administrator
730,693,2,878201600,M,1,44,administrator
730,112,1,878197888,M,1,24,artist
574,236,1,878198208,F,0,32,administrator
195,648,1,878197888,F,0,28,artist
629,246,1,887638976,M,1,29,artist
730,405,1,878197888,F,0,24,artist
730,507,2,878974464,F,0,43,administrator
195,413,1,886801856,F,0,29,artist
197,104,2,878197888,F,0,33,artist
195,238,1,878388672,F,0,33,administrator
196,221,1,882327168,F,0,43,administrator
195,140,1,888858176,F,0,30,administrator
730,673,1,878197952,M,1,25,administrator
196,255,1,878943808,M,1,44,administrator
730,253,2,878197952,F,0,36,administrator
730,382,1,888780224,M,1,39,artist
663,169,1,887388416,F,0,30,administrator
196,160,1,888859200,F,0,30,administrator
707,377,1,888859520,M,1,37,artist
730,321,2,885453504,F,0,31,administrator
195,318,1,887910528,F,0,40,administrator
730,315,1,878278592,M,1,26,administrator
730,231,1,878200768,M,1,27,administrator
195,202,1,878205504,F,0,31,administrator
722,245,2,881143104,M,1,44,administrator
202,122,1,883611328,F,0,30,administrator
196,256,1,878349120,M,1,35,administrator
195,155,1,878197888,F,0,26,administrator
712,170,1,878198016,M,1,26,administrator
730,129,2,878198016,F,0,31,artist
730,588,1,878199680,F,0,32,administrator
195,139,2,878197888,F,0,29,administrator
730,165,2,878197888,F,0,37,administrator
195,503,2,888859520,M,1,44,artist
730,759,2,878330752,M,1,26,artist
195,267,1,878369152,F,0,30,administrator
195,665,1,886265920,M,1,30,administrator
730,569,2,878215232,M,1,43,administrator
730,646,1,878378240,M,1,26,administrator
195,264,1,888507520,F,0,35,administrator
195,491,1,878198144,F,0,30,administrator
730,510,1,888834496,M,1,25,administrator
730,750,1,878804032,M,1,44,administrator
195,650,2,884208384,F,0,44,administrator
195,750,2,878455808,F,0,33,administrator
730,621,2,880973312,M,1,44,administrator
730,725,1,878681280,M,1,44,administrator
195,215,1,883391552,M,1,30,administrator
196,157,1,888856960,F,0,30,administrator
301,249,1,878200576,F,0,30,administrator
730,758,2,888859520,F,0,25,administrator
195,741,2,880679360,F,0,35,artist
195,747,1,878200576,F,0,30,administrator
196,119,1,888823616,F,0,30,artist
730,759,2,888363200,M,1,25,administrator
730,99,1,878197888,M,1,23,artist
197,286,1,878785664,F,0,44,administrator
577,172,2,888857088,F,0,30,administrator
730,99,1,879556928,M,1,28,artist
730,758,1,879379264,F,0,25,artist
730,106,2,881354944,M,1,29,artist
201,547,2,881342272,M,1,43,artist
195,151,1,878197888,F,0,29,administrator
195,330,1,879152128,M,1,30,administrator
198,111,2,888859520,M,1,44,artist
730,464,2,878241408,F,0,44,administrator
195,701,2,881713344,F,0,41,administrator
195,742,1,888859456,M,1,36,administrator
195,203,2,878197888,F,0,33,administrator
730,580,1,878773952,M,1,44,administrator
730,738,1,878225984,M,1,44,administrator
307,122,1,887285120,M,1,38,administrator
195,757,1,878412288,F,0,29,administrator
730,758,1,878239296,F,0,24,artist
730,607,1,887999744,F,0,29,artist
730,493,2,887183872,F,0,35,administrator
725,140,1,888859456,F,0,29,administrator
730,667,1,879193792,F,0,32,administrator
730,100,1,878197888,F,0,26,artist
195,447,1,888620224,M,1,44,administrator
730,502,1,879326592,M,1,41,administrator
195,478,2,878252800,F,0,32,administrator
730,651,1,881635200,M,1,44,administrator
195,163,1,878197888,F,0,41,administrator
640,195,1,888856832,F,0,31,administrator
195,743,1,887558400,F,0,35,administrator
730,759,2,878886400,M,1,44,administrator
195,357,1,888682368,F,0,29,administrator
730,314,2,878387456,F,0,33,administrator
730,625,1,879933760,F,0,28,administrator
416,196,1,888280704,M,1,33,administrator
669,97,1,878197888,M,1,26,artist
730,754,1,887331776,M,1,44,artist
195,189,1,881468096,M,1,30,artist
730,731,2,878279360,F,0,35,administrator
195,693,1,878197888,F,0,25,artist
730,525,1,888853888,F,0,28,artist
210,211,1,886703232,F,0,31,administrator
195,263,2,888859520,F,0,32,administrator
195,421,1,883776128,F,0,42,administrator
688,117,1,878201408,M,1,27,artist
195,635,1,887474816,F,0,29,administrator
195,694,1,885563648,F,0,30,administrator
730,166,2,878753408,F,0,44,administrator
665,151,1,885904832,M,1,44,artist
730,567,2,888459392,F,0,28,artist
195,720,1,879110976,F,0,29,administrator
195,256,1,880668608,F,0,30,administrator
730,513,1,878197952,M,1,38,administrator
730,497,2,878266240,M,1,44,administrator
482,573,2,888859520,M,1,44,artist
195,183,2,879392448,F,0,32,administrator
195,242,1,888859456,M,1,32,artist
730,756,2,888792768,M,1,25,administrator
222,173,1,887451008,M,1,28,artist
300,193,1,884333312,M,1,43,administrator
730,720,1,888843136,M,1,44,artist
195,738,1,879336640,F,0,29,administrator
730,729,1,887702400,M,1,43,administrator
198,155,1,888836544,F,0,32,administrator
197,122,1,878197888,F,0,25,artist
698,199,1,888795264,F,0,30,administrator
730,726,1,888783168,F,0,29,administrator
195,307,1,888854400,M,1,44,artist
730,714,1,888481344,M,1,28,administrator
730,421,1,886757952,F,0,32,administrator
730,748,2,888114432,M,1,26,administrator
730,380,1,888291328,M,1,44,artist
195,248,1,878248576,M,1,36,administrator
690,254,1,884607744,M,1,44,administrator
195,172,1,884996928,M,1,40,administrator
730,280,1,878197888,M,1,25,artist
726,450,2,887713920,M,1,44,artist
730,758,1,887520448,F,0,27,administrator
730,387,2,887666688,F,0,44,administrator
195,326,1,880294784,F,0,30,administrator
195,197,1,878198144,F,0,33,administrator
195,463,1,888859456,M,1,42,artist
195,578,2,888859520,F,0,44,artist
730,102,1,878197888,F,0,24,artist
730,660,1,888851264,M,1,42,administrator
730,641,1,888628736,M,1,43,administrator
676,129,2,888839488,F,0,29,artist
195,744,1,878393920,F,0,29,administrator
195,152,1,878201536,M,1,26,administrator
195,298,1,879861696,F,0,44,administrator
195,322,1,886894272,F,0,40,administrator
195,169,1,878197888,F,0,28,administrator
730,386,1,888343232,F,0,27,administrator
730,756,1,888488960,M,1,25,administrator
730,740,2,885623616,M,1,31,artist
730,725,1,878198848,M,1,23,artist
730,758,1,878231296,M,1,25,artist
730,351,2,878207680,F,0,44,administrator
195,680,1,879188608,F,0,30,administrator
730,461,2,878213312,M,1,43,artist
195,656,1,885654080,F,0,44,administrator
195,307,1,888843328,M,1,43,administrator
195,134,1,878197888,M,1,24,administrator
730,258,2,888795776,F,0,37,administrator
195,359,1,878429696,F,0,30,administrator
198,348,2,883054592,M,1,44,administrator
198,491,2,881646592,M,1,43,administrator
195,290,1,888859200,F,0,31,administrator
195,444,2,888858688,F,0,31,administrator
195,357,1,888259328,M,1,30,administrator
195,510,2,878354176,F,0,31,administrator
195,234,1,888859456,M,1,34,artist
711,117,2,888848704,F,0,36,administrator
730,206,1,878208896,M,1,27,administrator
626,159,2,878523008,F,0,31,administrator
691,320,1,883997440,M,1,33,administrator
730,404,2,878205056,F,0,30,artist
730,508,2,878896832,F,0,44,administrator
236,240,1,886493632,F,0,30,artist
730,683,2,888859520,F,0,29,artist
730,120,1,878197888,F,0,26,artist
730,244,2,878488448,F,0,28,artist
195,387,1,879453824,M,1,29,administrator
730,757,2,879318848,M,1,44,administrator
195,300,1,888859072,F,1,44,administrator
730,594,1,878288960,F,0,31,administrator
195,576,1,878523520,M,1,31,administrator
726,219,2,878200896,F,0,44,administrator
195,122,1,888859456,M,1,41,administrator
370,143,2,878198080,F,0,32,artist
730,177,1,878197888,M,1,27,administrator
651,137,1,878415232,M,1,44,administrator
705,115,2,878235392,F,0,44,administrator
195,725,1,888618880,M,1,43,artist
414,120,1,878211328,M,1,29,administrator
721,98,1,886803520,M,1,43,artist
729,199,2,888183616,M,1,44,artist
730,579,1,887942528,M,1,44,administrator
730,245,2,888799488,F,0,31,administrator
216,247,1,878298432,M,1,44,administrator
195,284,1,884441216,F,0,29,administrator
730,98,1,878197888,F,0,27,artist
730,755,2,888484288,F,0,28,administrator
195,353,1,885396992,F,0,32,administrator
199,155,1,878197888,F,0,31,administrator
195,758,2,888858112,F,0,43,administrator
195,738,2,878200576,F,0,31,administrator
195,188,1,878197952,M,1,28,administrator
730,377,2,888859520,F,0,28,artist
208,128,1,878197888,F,0,28,artist
730,755,2,885090496,M,1,44,artist
730,702,1,878198336,M,1,25,administrator
195,274,1,887824256,F,0,30,administrator
730,305,2,888102784,F,0,44,administrator
195,500,2,884189632,F,0,38,administrator
730,744,2,888859520,F,0,28,artist
730,699,2,888858176,F,0,27,administrator
195,747,1,878421824,F,0,29,administrator
199,120,1,878715200,F,0,30,artist
730,758,1,880795584,M,1,26,administrator
200,224,1,878532736,M,1,31,administrator
195,490,1,888814656,F,0,30,administrator
730,735,2,882229248,F,0,28,administrator
730,143,2,878197888,F,0,37,artist
195,229,1,888439936,F,0,42,administrator
345,119,1,887263104,F,0,33,administrator
730,425,1,878755648,M,1,29,administrator
195,522,2,887937408,F,0,44,administrator
730,542,2,888030656,F,0,31,artist
195,419,1,878198976,F,0,29,administrator
730,299,1,878550464,M,1,44,administrator
725,142,1,888853696,F,0,30,administrator
200,125,2,888859520,M,1,34,artist
730,590,1,878199296,F,0,30,administrator
195,672,1,878226752,F,0,30,administrator
730,497,2,888841728,F,0,29,administrator
195,754,2,879074112,F,0,32,artist
195,447,1,888772288,F,0,29,administrator
195,426,1,878205376,F,0,30,administrator
195,758,1,888551360,F,0,31,artist
722,185,1,881283008,M,1,44,administrator
195,713,2,878266496,F,0,31,administrator
730,728,2,878203520,F,0,44,administrator
730,171,1,888702528,F,0,30,artist
195,641,1,888834752,F,0,32,administrator
723,250,1,878198336,M,1,27,administrator
195,410,1,878200576,F,0,27,artist
730,759,1,888834496,M,1,26,administrator
721,234,2,888850560,F,0,31,artist
195,205,1,878633792,F,0,31,administrator
195,284,2,878646464,F,0,32,administrator
730,755,2,878399360,M,1,44,administrator
515,220,1,888856896,M,1,44,artist
730,742,1,878198144,M,1,22,artist
205,410,1,887094592,F,0,31,administrator
196,216,1,885994688,M,1,44,administrator
730,155,2,878197888,F,0,29,artist
730,716,1,878302144,F,0,25,artist
730,734,1,878362752,M,1,26,artist
730,346,1,888672640,F,0,32,artist
195,543,1,878200576,M,1,28,administrator
195,656,2,878772928,F,0,38,artist
195,668,1,879685696,F,0,29,administrator
730,307,1,888853440,M,1,28,artist
730,232,1,878197888,M,1,25,administrator
200,104,1,878397312,F,0,31,administrator
200,134,1,880071488,F,0,44,administrator
730,107,2,878352640,M,1,25,artist
291,115,1,878198528,M,1,25,administrator
209,123,1,882518144,F,0,30,administrator
315,379,1,886412928,M,1,28,administrator
730,114,1,888859200,M,1,27,artist
730,124,1,882022656,M,1,25,artist
730,125,1,878198080,M,1,30,administrator
730,108,2,878197888,F,0,28,artist
195,759,2,885717312,F,0,38,administrator
198,170,1,878201664,M,1,28,artist
195,706,1,888170624,F,0,40,administrator
730,187,2,878197888,M,1,30,artist
195,142,1,878197888,F,0,31,administrator
195,734,1,888004352,F,0,31,administrator
195,216,1,886225536,F,0,40,administrator
288,165,1,887139776,M,1,44,administrator
730,105,1,878197888,F,0,27,artist
725,120,1,878197888,F,0,30,artist
639,116,1,878197888,F,0,28,artist
730,290,1,878202560,F,0,30,artist
730,103,1,878197888,M,1,22,artist
195,272,1,879796608,F,0,43,administrator
673,121,2,878200000,F,0,36,administrator
645,145,1,888852096,F,0,30,artist
195,674,2,878197888,F,0,27,artist
209,136,1,888847424,M,1,42,administrator
674,165,2,884861504,F,0,35,administrator
198,380,1,888755648,M,1,44,artist
195,420,1,878201664,F,0,30,administrator
195,608,2,886001280,F,0,33,administrator
195,297,1,878197888,F,0,31,administrator
730,759,2,878855424,F,0,30,administrator
730,722,1,886143232,M,1,42,administrator
195,234,1,880261312,F,0,43,administrator
720,423,1,886918336,F,0,31,administrator
196,282,2,888859520,F,0,40,artist
455,129,2,888859200,F,0,36,administrator
730,590,2,888856832,M,1,42,artist
730,466,1,878323456,M,1,43,administrator
202,256,1,888122752,F,0,34,administrator
730,149,2,878197888,F,0,34,artist
730,727,1,878305536,M,1,44,administrator
242,162,1,878301184,F,0,44,administrator
730,113,2,882729792,F,0,44,administrator
709,123,2,878199104,F,0,43,administrator
699,162,2,888438528,F,0,32,administrator
195,755,2,887410752,F,0,44,artist
613,181,1,880280896,F,0,30,artist
730,343,2,878198208,F,0,33,artist
730,758,1,878304448,M,1,44,administrator
195,745,2,888814144,M,1,44,artist
730,388,1,878197888,F,0,26,artist
730,415,1,887367872,F,0,29,artist
218,401,1,878387392,M,1,29,administrator
195,338,1,888545024,F,0,30,artist
195,470,1,888814272,F,0,30,administrator
195,147,1,882336960,F,0,39,administrator
730,124,1,878197888,M,1,29,administrator
730,750,1,878197952,M,1,24,artist
727,282,1,878197952,M,1,27,administrator
703,143,1,878197888,M,1,28,administrator
730,172,2,878454272,F,0,30,artist
730,719,2,878801664,F,0,44,administrator
730,740,1,878197888,M,1,24,artist
195,738,1,878375680,F,0,29,administrator
730,147,1,880076736,F,0,30,artist
730,235,1,888833280,M,1,29,artist
730,109,2,888235648,F,0,43,administrator
730,739,2,879612416,F,0,29,artist
195,552,1,885066176,F,0,31,administrator
730,651,1,878237824,M,1,44,administrator
729,465,2,879859456,F,0,37,administrator
730,558,1,878197888,M,0,26,administrator
729,444,1,878249024,M,1,27,administrator
195,146,1,878199936,F,0,32,administrator
195,375,1,878533504,F,0,40,administrator
201,303,1,879067712,F,0,31,administrator
626,109,1,878345536,M,1,44,administrator
730,325,1,878201536,M,1,26,artist
725,114,2,888492032,F,0,32,artist
195,322,1,878198720,M,1,38,administrator
730,222,1,878197952,F,0,32,administrator
730,638,1,878199616,F,0,30,administrator
195,297,1,878763776,M,1,28,artist
195,135,2,888121984,F,0,32,administrator
730,750,2,878197952,F,0,29,artist
730,583,2,878197888,M,1,23,artist
195,363,2,878292352,F,0,44,administrator
232,315,2,888854528,F,0,31,artist
730,437,2,879705856,M,1,40,artist
730,99,1,878197888,F,0,27,artist
730,714,2,878197888,F,0,35,artist
195,247,1,881893440,M,1,27,administrator
266,188,1,878540288,F,0,44,administrator
244,168,2,888856128,F,0,41,administrator
730,741,1,888079936,M,1,25,artist
195,383,2,878198592,F,0,32,administrator
195,511,2,878197888,F,0,33,administrator
195,308,1,878206592,F,1,29,administrator
730,450,2,888731008,F,0,30,administrator
730,759,1,888516672,M,1,23,artist
195,745,2,878198464,F,0,30,administrator
730,591,2,879408064,F,0,42,administrator
730,411,2,878717696,M,1,44,administrator
728,162,2,886185408,F,0,33,administrator
196,163,1,888271744,M,1,44,administrator
195,241,1,878356864,F,0,27,artist
728,97,1,878197888,M,1,27,artist
730,743,1,886749760,F,0,26,artist
730,635,2,879272448,F,0,33,administrator
730,440,2,878348352,M,1,44,administrator
706,205,1,879566528,M,1,41,administrator
730,343,2,888859520,F,0,36,artist
730,759,1,878197888,F,0,23,artist
202,127,2,888708224,F,0,31,administrator
195,757,2,888857088,F,0,33,artist
730,387,2,888156544,F,0,32,administrator
730,455,1,880715584,F,0,30,administrator
195,139,1,885193344,F,0,44,administrator
196,264,1,888560960,M,1,32,artist
195,236,1,878971136,F,0,44,administrator
730,149,2,888850240,F,0,33,artist
730,436,2,887936000,F,0,43,administrator
730,191,1,878197888,F,0,29,artist
271,181,1,883394752,M,1,44,administrator
718,262,2,878198080,F,0,44,administrator
469,122,1,878204224,M,1,43,administrator
728,303,1,888785152,M,1,30,administrator
730,603,2,888859520,F,0,44,artist
567,123,1,880171328,M,1,30,artist
730,719,2,884367680,F,0,43,administrator
225,172,1,882521728,M,1,29,administrator
424,382,1,880438784,M,1,44,administrator
195,206,1,878228992,M,1,30,administrator
730,727,2,888859520,M,1,27,administrator
730,337,2,888820928,F,0,44,artist
730,692,1,888823808,M,1,44,administrator
452,221,1,885914624,M,1,44,administrator
198,153,1,885456192,F,0,36,administrator
682,194,2,888120064,M,1,44,administrator
211,122,1,878197888,F,0,30,artist
195,515,2,888405504,F,0,30,administrator
195,527,2,878326912,F,0,38,administrator
714,388,1,878366336,M,1,29,administrator
196,396,2,886773056,F,0,32,administrator
195,758,2,888314624,M,1,37,administrator
730,710,2,881304960,M,1,43,administrator
730,701,1,878360960,M,1,27,artist
195,304,1,878291008,F,0,32,administrator
195,433,2,887523520,F,0,42,administrator
730,674,1,881540800,M,1,44,administrator
195,728,1,887351744,F,0,31,administrator
195,200,1,888802368,M,1,30,administrator
730,759,1,888855360,M,1,30,artist
730,759,2,888789248,F,0,28,administrator
195,244,1,878197888,F,0,28,artist
633,111,1,887484672,M,1,29,artist
730,703,2,888859520,F,0,26,artist
730,100,1,878402816,M,1,39,artist
729,196,1,878539968,M,1,44,administrator
195,648,1,878205120,F,0,29,administrator
646,237,2,888859456,F,0,31,administrator
195,710,2,888859520,F,0,44,artist
730,727,1,878198080,M,1,26,artist
656,259,2,878520576,F,0,33,administrator
198,206,2,888855808,F,0,29,administrator
195,438,1,878495360,F,0,30,administrator
730,297,1,885450048,M,1,44,administrator
730,147,1,883493696,M,1,29,artist
295,248,1,882185792,M,1,28,administrator
195,182,1,888825536,F,0,29,administrator
518,138,1,878198144,F,0,28,artist
195,584,1,888859520,M,1,41,artist
729,539,1,885020672,F,0,41,administrator
195,187,1,886527296,F,0,30,administrator
730,261,2,879306432,F,0,44,administrator
728,270,1,888707968,F,0,31,administrator
677,132,2,887861120,F,0,39,administrator
712,407,1,883994752,M,1,29,administrator
197,156,2,878197888,F,0,31,administrator
730,97,1,878198016,M,1,25,artist
515,163,1,878275328,M,1,44,administrator
195,419,1,878609472,M,1,40,administrator
730,725,1,878790016,M,1,44,administrator
730,572,1,880543872,M,1,44,administrator
730,741,1,885062400,M,1,44,administrator
730,102,1,878227008,M,1,24,artist
195,352,2,888859392,M,1,44,artist
195,728,1,879883968,M,1,27,administrator
195,174,1,878197888,M,1,26,administrator
730,291,2,887712448,M,1,27,artist
722,112,1,878197888,F,0,26,artist
196,137,2,878197888,F,0,28,artist
195,357,1,878387456,M,1,27,administrator
195,564,2,888049408,F,0,31,administrator
195,245,1,888791808,M,1,44,administrator
509,112,2,878209728,F,0,44,administrator
385,137,1,888859136,F,0,29,administrator
195,665,2,878829248,F,0,35,administrator
730,308,2,878198144,F,0,30,artist
195,718,1,888579008,F,0,31,administrator
730,758,1,878610240,M,1,44,administrator
724,497,2,884520512,M,1,41,administrator
197,140,2,888858944,F,0,32,artist
730,641,1,878787776,M,1,44,administrator
730,143,2,878223168,M,1,34,artist
730,490,1,888527808,F,0,44,administrator
200,163,1,881638272,M,1,27,administrator
730,426,1,878201920,M,1,39,administrator
730,671,1,878236864,F,0,44,administrator
730,745,2,883668672,M,1,27,artist
730,751,2,888859520,M,1,27,artist
195,233,1,888857984,F,0,31,administrator
195,232,2,888859456,F,0,33,artist
730,183,1,887030144,M,1,44,administrator
730,200,1,878197888,F,0,28,artist
195,717,1,878461248,M,1,30,administrator
195,213,1,888156544,M,1,33,administrator
730,662,2,888741440,M,1,44,administrator
195,175,1,880187584,F,0,31,administrator
195,155,2,878197952,F,0,32,administrator
730,605,2,878212608,M,1,30,administrator
280,170,1,878198336,M,1,27,administrator
661,134,1,878198400,F,0,33,administrator
430,155,1,878591104,M,1,44,administrator
677,111,1,878197888,M,1,26,artist
195,513,1,887740288,F,0,44,administrator
720,236,1,878259456,F,0,44,administrator
195,457,2,888837632,M,1,44,administrator
730,722,2,880829440,F,0,30,administrator
730,106,2,878198208,F,0,31,artist
643,187,1,878434048,M,1,44,administrator
277,227,1,878802752,F,0,44,administrator
728,208,1,888849920,M,1,41,administrator
730,99,2,884280960,M,1,27,artist
716,122,1,878202944,M,1,29,artist
195,340,1,878300608,F,0,30,administrator
729,308,2,884288000,F,0,44,administrator
195,207,1,879305728,F,0,43,administrator
728,207,1,885244032,F,0,44,administrator
730,583,1,878198016,M,1,23,administrator
195,372,1,888204224,F,0,29,administrator
195,560,1,888858240,F,0,30,administrator
730,117,2,878198272,F,0,32,artist
730,501,1,879313664,M,1,26,administrator
730,145,2,888856448,F,0,31,artist
276,448,2,879028736,F,0,44,administrator
680,178,1,878421184,F,0,27,artist
730,757,1,885604288,M,1,44,administrator
195,754,2,878198336,F,0,33,administrator
730,186,1,878197888,M,1,22,artist
197,196,1,878216576,F,0,30,artist
376,121,1,888814464,F,0,44,administrator
730,127,1,878303936,M,1,28,artist
730,441,2,878530752,F,0,33,artist
536,276,1,882537280,M,1,44,administrator
195,193,1,878197888,F,0,28,artist
195,708,1,878477376,F,0,30,administrator
730,639,2,888430464,M,1,44,administrator
195,122,1,888859520,F,0,44,artist
195,416,1,878197952,F,0,28,artist
195,272,1,888662720,F,0,42,administrator
195,463,1,888859520,M,1,34,artist
196,182,1,888582848,M,1,29,administrator
195,744,1,878198336,F,0,30,administrator
195,325,1,888856768,M,1,44,artist
730,758,1,878217600,M,1,24,artist
200,152,2,878198016,F,0,33,administrator
195,572,2,878198080,F,0,32,administrator
678,259,1,888658688,F,0,30,administrator
195,525,1,879203648,F,0,30,administrator
195,470,2,888859520,F,0,32,artist
195,400,1,888858944,M,1,35,artist
213,131,2,888859520,F,0,43,administrator
730,756,2,888791808,M,1,30,artist
195,289,1,888342528,F,0,35,administrator
730,730,2,888859520,M,1,32,artist
255,121,1,878197888,F,0,25,artist
730,749,2,884276864,M,1,26,artist
730,748,1,886965504,M,1,30,administrator
195,249,2,878469056,F,0,32,artist
576,328,1,887885312,M,1,35,administrator
195,411,1,878198592,F,0,31,artist
730,759,2,888771968,F,0,30,administrator
264,124,1,878742592,F,0,32,administrator
354,157,1,879300480,M,1,28,administrator
197,473,2,878272832,F,0,44,administrator
730,240,1,878327040,F,0,40,administrator
195,338,1,888859008,M,1,34,artist
198,409,1,878372032,M,1,44,administrator
662,161,1,878197888,F,0,28,artist
730,226,2,888859520,M,1,29,artist
195,606,2,878198144,F,0,32,administrator
730,666,1,883040640,M,1,40,administrator
247,139,1,888859392,F,0,31,administrator
730,278,1,888677056,F,0,37,administrator
195,497,1,878198656,F,0,30,administrator
729,156,2,878613888,F,0,37,administrator
729,457,1,879426368,M,1,44,administrator
730,132,2,888859392,M,1,27,artist
195,756,1,886146304,F,0,44,administrator
730,759,2,878559360,M,1,44,administrator
195,226,1,878198336,F,0,31,administrator
237,171,2,879897024,F,0,35,administrator
195,744,2,878292096,F,0,31,administrator
730,316,1,883217728,F,0,44,administrator
730,759,2,882861632,M,1,43,administrator
730,719,1,881734592,M,1,44,administrator
730,216,2,888800128,F,0,32,administrator
195,370,2,878199040,F,0,44,administrator
730,692,1,879028608,M,1,43,administrator
195,279,2,888852864,M,1,44,artist
195,190,1,888691200,F,0,31,administrator
730,756,1,888837440,M,1,28,administrator
730,428,2,887859008,F,0,29,artist
195,576,1,888854400,M,1,39,administrator
730,109,2,878197888,F,0,28,artist
727,405,2,888859392,M,1,33,artist
195,190,2,888859520,M,1,41,artist
714,207,1,888701696,M,1,44,administrator
195,256,1,878198144,M,1,28,administrator
730,753,1,878215616,F,0,26,artist
722,158,2,878198528,F,0,33,administrator
195,286,1,888856640,M,1,43,administrator
730,123,1,878198080,M,1,27,artist
730,732,1,879481856,M,1,44,administrator
195,194,1,888856896,M,1,43,artist
730,144,1,878197888,M,1,29,administrator
729,355,1,878214976,F,0,30,administrator
195,491,1,878219648,F,0,30,administrator
195,192,1,888562176,M,1,44,administrator
730,669,1,878594240,M,1,39,administrator
730,152,1,878595776,F,0,27,artist
281,118,1,878197888,M,1,25,administrator
195,402,2,878211392,F,0,34,administrator
195,690,1,888803392,M,1,44,administrator
195,230,1,888846720,F,0,31,administrator
729,141,2,878222400,F,0,44,administrator
730,519,1,888823488,M,1,29,artist
730,662,1,888768896,M,1,44,artist
195,706,1,878292288,F,0,28,administrator
730,127,2,878197888,F,0,27,artist
730,759,1,878215296,M,1,26,administrator
728,207,1,878198464,M,1,29,administrator
195,302,1,884932736,F,0,44,administrator
195,735,1,878627968,F,0,42,administrator
195,267,1,888856832,M,1,42,administrator
730,757,1,878355328,M,1,44,administrator
716,166,1,879943744,M,1,44,administrator
730,613,1,887270464,M,1,30,administrator
195,414,1,884577920,M,1,28,administrator
730,404,1,888696896,M,1,44,administrator
726,107,1,878198528,F,0,30,artist
195,305,1,879072640,M,1,29,administrator
195,734,1,888858432,M,1,44,artist
196,135,2,878197888,F,0,33,administrator
730,347,1,881119488,M,1,42,administrator
730,611,2,878197888,M,1,40,administrator
195,212,1,878197952,F,0,25,artist
730,103,1,878197888,M,1,26,artist
195,675,1,880464960,M,1,30,artist
722,172,1,879811328,M,1,28,administrator
730,759,1,887702720,M,1,42,artist
724,211,1,880097216,M,1,44,administrator
196,178,1,878202688,M,1,30,administrator
730,99,1,878197888,M,1,25,artist
202,108,2,878197888,F,0,34,artist
195,710,1,878901056,M,1,44,administrator
597,412,2,878333248,M,1,44,administrator
195,716,1,878201408,F,0,28,administrator
300,290,1,888693440,F,0,31,administrator
730,755,1,878201728,M,1,26,administrator
478,216,2,881179200,F,0,39,administrator
197,105,1,878197888,F,0,27,artist
260,114,2,888859520,F,0,28,administrator
730,758,1,883976960,M,1,41,administrator
640,358,1,880011968,M,1,28,administrator
195,244,1,878199552,M,1,28,administrator
452,193,2,878284160,F,0,34,administrator
724,477,1,882618880,M,1,37,administrator
195,379,1,879376704,F,0,30,administrator
730,735,2,884403648,F,0,30,administrator
570,169,1,888309824,F,0,30,artist
730,179,1,878229632,M,1,44,artist
730,109,1,878197888,F,0,26,artist
696,148,2,888859520,F,0,31,artist
730,597,2,887306560,F,0,29,administrator
195,589,1,887179712,M,1,44,administrator
697,208,1,878705600,M,1,43,administrator
730,758,2,878992192,M,1,38,administrator
195,714,2,878276032,M,1,44,administrator
195,486,2,888859520,M,1,44,artist
730,102,1,878197888,F,0,28,artist
195,487,1,878618304,F,0,31,administrator
195,406,2,878214272,F,0,32,administrator
195,285,1,880865472,F,0,30,administrator
195,687,1,887695872,F,0,30,artist
212,168,1,883565696,F,0,33,administrator
730,314,2,883693696,F,0,41,administrator
730,755,1,878592384,M,1,28,administrator
730,752,2,888859200,F,0,27,administrator
719,172,2,886540416,F,0,39,administrator
730,668,1,878214592,M,1,43,artist
729,97,1,888859520,M,1,42,artist
204,192,1,881800960,M,1,44,administrator
195,598,1,878197888,F,0,28,administrator
510,115,1,878315200,F,0,29,artist
229,158,2,878197952,F,0,35,administrator
730,329,1,888669184,F,0,26,artist
730,759,2,879250752,M,1,23,artist
730,289,1,878197888,F,0,29,artist
195,200,1,888720448,M,1,31,administrator
195,370,1,883209472,F,0,29,administrator
494,167,1,878207872,F,0,31,administrator
730,347,2,878197888,F,0,25,artist
726,339,1,886937536,M,1,43,administrator
727,99,1,878197888,M,1,27,artist
195,399,1,880749248,M,1,28,administrator
195,704,1,878372608,F,0,30,administrator
195,488,1,878318400,F,0,44,administrator
327,115,1,878198336,M,1,44,administrator
201,122,1,888840576,M,1,32,artist
195,654,1,886494400,M,1,42,artist
730,232,1,878601152,M,1,44,administrator
730,138,1,878197888,M,1,24,artist
666,160,1,878237440,M,1,29,artist
576,550,2,882272640,M,1,44,administrator
730,274,2,888852352,F,0,30,administrator
195,547,1,888764096,M,1,30,administrator
195,300,2,887729920,M,1,44,administrator
578,201,1,888830592,M,1,44,artist
230,135,1,881766016,F,0,44,administrator
730,735,1,881904896,M,1,27,artist
195,244,1,888525440,F,0,29,artist
730,569,1,888584384,M,1,44,administrator
195,404,1,885431936,F,0,29,administrator
679,134,1,888577152,F,0,38,administrator
730,155,1,878197888,M,1,26,artist
730,154,2,885619264,F,0,32,administrator
730,753,2,878217088,F,0,39,administrator
195,685,1,885072576,F,0,30,administrator
583,162,1,878224064,F,0,32,administrator
726,195,2,887232448,F,0,32,administrator
195,599,2,878488128,F,0,32,administrator
730,484,2,878197888,F,0,29,artist
541,149,1,878205568,M,1,26,administrator
196,352,2,881316800,F,0,33,administrator
730,731,1,880269760,M,1,35,administrator
730,672,1,878197888,M,1,25,administrator
730,759,1,878543168,M,1,24,artist
196,306,1,878199104,F,0,30,administrator
730,576,1,888784576,F,0,44,administrator
728,180,1,888851008,F,0,43,administrator
725,208,1,888809664,F,0,29,administrator
195,445,2,887926016,F,0,44,administrator
195,734,2,888340544,F,0,44,administrator
730,197,1,888859264,M,1,30,artist
195,331,1,888813056,F,0,44,administrator
195,202,1,878200064,F,0,31,administrator
730,303,1,878198784,M,1,30,administrator
730,716,1,880056576,M,1,44,artist
730,143,1,878197888,M,1,24,artist
233,236,1,883221696,F,0,32,administrator
195,585,2,878584448,F,0,44,administrator
195,743,1,878749824,F,0,44,administrator
195,457,2,878197888,F,0,36,administrator
730,738,2,888847936,M,1,43,artist
723,205,1,878208704,M,1,26,administrator
195,687,2,878313344,F,0,41,administrator
730,644,1,878201920,M,1,23,artist
195,691,1,888046976,F,0,38,administrator
264,115,1,878897600,M,1,43,administrator
195,227,1,879573056,F,0,30,administrator
720,124,1,878197888,F,0,25,artist
722,126,2,888859456,F,1,30,artist
196,135,1,878255040,M,1,36,administrator
728,106,2,878197888,F,0,31,administrator
730,753,1,878803392,M,1,43,artist
195,160,1,878273856,F,0,30,administrator
730,552,2,888590272,F,0,43,administrator
195,174,1,888825728,F,0,31,artist
725,307,1,878333248,M,1,36,administrator
195,758,2,881529536,F,0,33,administrator
729,609,1,880613056,M,1,29,administrator
730,740,2,878690880,M,1,44,administrator
195,431,1,878287232,F,0,31,artist
729,214,2,878213760,F,0,31,administrator
195,152,1,878829312,F,0,31,administrator
730,259,1,888778496,M,1,35,administrator
730,759,2,878324544,F,0,44,administrator
730,758,1,879917952,M,1,26,administrator
198,161,2,888859520,F,0,32,artist
730,314,2,887979136,M,1,29,artist
730,740,1,888858432,M,1,27,artist
730,758,2,888859520,F,0,25,artist
730,150,2,878204032,F,0,44,administrator
730,290,2,881763648,F,0,32,administrator
195,452,1,878311104,F,0,35,administrator
730,689,1,878198784,M,1,27,artist
730,459,1,887577216,M,1,28,administrator
730,313,1,878302848,F,0,33,administrator
729,146,2,880670208,F,0,44,administrator
195,758,2,888764800,F,0,33,artist
364,231,2,880148032,F,0,40,administrator
285,329,1,879663168,F,0,43,administrator
730,102,2,878197888,F,0,37,artist
729,145,2,887225280,F,0,44,administrator
197,247,2,888795520,F,0,44,administrator
729,110,2,878197888,F,0,36,artist
195,658,2,888830528,F,0,35,administrator
730,758,1,881382464,M,1,40,administrator
703,285,2,878270784,F,0,38,administrator
195,189,1,878206976,M,1,27,administrator
195,337,1,879130944,F,0,29,administrator
730,317,1,888858432,M,1,32,administrator
245,125,1,879819456,M,1,29,administrator
730,263,1,878198784,M,1,26,artist
195,617,1,878938240,F,0,29,administrator
730,695,2,878202944,M,1,44,administrator
730,149,2,878197952,F,0,38,administrator
722,188,1,878956224,M,1,44,administrator
730,590,2,888134080,M,1,44,administrator
195,618,1,883113216,F,0,29,administrator
195,179,1,888557952,F,0,30,administrator
730,266,1,878198272,M,1,27,artist
681,179,1,888292736,M,1,44,administrator
730,759,2,888651584,M,1,29,artist
195,529,1,878561472,F,0,30,administrator
195,140,1,888817920,M,1,44,administrator
404,206,1,880530368,M,1,44,administrator
195,558,2,888349056,F,0,31,administrator
729,306,1,888858560,M,1,38,administrator
201,147,1,878198080,F,0,28,artist
195,444,1,878198656,F,0,28,administrator
195,736,1,878225408,F,0,30,administrator
195,224,2,887663936,F,0,33,artist
195,302,1,878732352,F,0,36,administrator
195,755,1,880673216,M,1,30,administrator
216,398,1,885641024,F,0,32,administrator
195,326,1,878198784,F,0,30,administrator
195,362,1,878197888,F,0,26,artist
727,164,1,878197888,F,0,25,artist
195,191,1,888856896,F,0,28,administrator
730,302,2,880394944,F,0,33,administrator
730,754,2,885930944,F,0,29,artist
195,679,1,878199104,F,0,29,administrator
684,405,2,888487616,F,0,33,administrator
195,443,1,888800960,F,0,30,administrator
195,655,1,888735872,F,0,44,administrator
197,175,2,885613760,F,0,32,administrator
195,599,1,888022272,F,0,39,administrator
198,123,2,881725504,F,0,33,artist
730,735,1,878197888,F,0,26,artist
195,295,2,888843584,F,0,44,administrator
320,149,1,888333824,F,0,33,administrator
730,757,2,888859520,M,1,29,artist
266,150,2,878945472,F,0,44,administrator
628,298,1,880068864,M,1,29,administrator
220,265,2,888859520,M,1,31,administrator
730,697,2,888844288,M,1,28,artist
220,155,1,879716928,M,1,44,administrator
730,753,1,882624832,M,1,36,artist
729,196,1,879913536,M,1,44,administrator
258,187,1,878841344,M,1,44,administrator
195,129,2,888859328,M,1,43,artist
265,197,1,888856768,F,0,29,administrator
730,758,2,888847488,M,1,39,artist
720,119,2,888854784,M,1,28,artist
195,143,1,878197888,F,0,25,artist
730,640,1,879171648,M,1,35,administrator
722,232,1,888856448,F,0,44,administrator
196,117,1,888807680,F,0,36,administrator
727,239,1,888859008,M,1,32,administrator
730,273,2,888816576,F,0,29,administrator
195,108,2,878197888,F,0,33,administrator
551,293,2,883909120,F,0,44,administrator
195,211,2,879488192,F,0,32,administrator
197,264,1,878243712,F,0,31,administrator
728,272,1,885646080,F,0,43,administrator
709,119,1,878197888,F,0,30,artist
195,448,1,888731648,F,0,35,administrator
195,470,2,888846528,F,0,32,administrator
730,511,1,884351808,M,1,44,administrator
197,157,1,886655040,F,0,44,administrator
205,265,2,878298048,F,0,44,administrator
730,582,1,883888768,M,1,44,artist
195,556,2,888859264,F,0,32,artist
720,130,1,881584960,M,1,44,administrator
625,123,2,885351488,F,0,43,administrator
730,717,1,879817856,M,1,44,administrator
195,168,1,888859520,F,0,41,artist
730,170,1,878344192,M,1,28,administrator
203,138,1,878205504,M,1,28,administrator
730,346,1,888834368,M,1,44,administrator
730,755,1,878199552,M,1,25,administrator
195,474,1,882601152,F,0,30,administrator
728,481,2,888859520,M,1,37,artist
195,749,1,878901888,F,0,29,administrator
475,289,2,880564160,M,1,44,administrator
201,109,1,888859136,M,1,43,administrator
195,256,2,888859136,F,0,33,administrator
232,127,1,878197888,F,0,27,artist
384,266,1,879123264,M,1,44,administrator
730,268,1,878197888,M,1,29,artist
195,402,1,886606720,M,1,43,administrator
210,279,1,888859520,M,1,43,artist
402,140,1,887736960,F,0,32,administrator
730,318,1,878197888,M,1,27,artist
195,198,1,878199744,F,0,32,administrator
637,154,1,888522304,F,0,43,administrator
730,586,1,887971968,M,1,24,artist
195,355,2,878198656,F,0,36,administrator
730,538,1,879600768,M,1,44,administrator
730,747,2,887719040,M,1,37,artist
730,758,1,879468736,M,1,44,administrator
730,134,2,878212160,M,1,25,artist
195,489,1,888859328,M,1,40,administrator
730,747,1,884496192,F,0,28,artist
575,163,2,888856768,F,0,30,administrator
196,176,1,878198784,M,1,31,administrator
730,630,2,878197888,M,1,28,artist
207,318,1,878197888,F,0,29,artist
196,403,2,888857280,M,1,39,administrator
195,228,1,878458624,F,0,36,administrator
730,726,2,888852288,F,0,26,artist
728,239,1,878198400,F,0,28,artist
205,275,1,878202880,F,0,31,administrator
523,157,1,888859456,F,0,31,artist
589,154,2,880177856,F,0,44,administrator
730,411,2,882601408,M,1,32,artist
730,327,2,888830336,M,1,26,artist
341,141,2,888525312,F,0,44,administrator
729,123,2,888859520,F,0,28,administrator
195,338,1,878204736,M,1,28,administrator
276,237,2,888855744,F,0,34,artist
730,451,1,887458560,M,1,44,administrator
730,700,1,878198336,F,0,28,artist
195,276,1,878197888,F,0,29,administrator
641,205,1,888828672,F,0,30,administrator
729,416,2,880518272,M,1,44,administrator
725,222,1,878209664,F,0,31,administrator
730,119,1,878206784,M,1,25,artist
730,98,2,878198720,M,1,25,artist
195,238,1,878197888,M,1,29,administrator
195,758,1,878865536,F,0,40,administrator
730,385,1,878198400,M,1,43,administrator
703,133,1,878277760,M,1,44,administrator
730,235,1,888818944,F,0,30,administrator
730,285,2,888859520,F,0,30,artist
591,268,1,879750528,F,0,31,administrator
195,662,2,888859520,F,0,43,artist
195,228,1,886459392,F,0,29,administrator
730,502,2,888716224,M,1,43,artist
730,656,1,888433088,F,0,30,administrator
195,282,1,878197888,F,0,28,administrator
195,297,1,888803072,F,0,43,administrator
730,517,1,878197888,M,1,28,artist
435,267,1,883875968,F,0,42,administrator
679,246,2,878198272,M,1,44,administrator
730,322,1,878450240,M,1,37,administrator
195,707,1,886521920,F,0,43,administrator
195,572,1,884703424,F,0,30,administrator
291,159,2,888859520,F,0,30,artist
203,236,1,888673984,F,0,31,administrator
195,429,1,888763072,M,1,30,administrator
725,508,2,888843008,M,1,44,artist
195,312,1,884168640,F,0,30,administrator
217,142,1,888855488,F,0,37,administrator
730,204,1,878200000,F,0,32,artist
195,725,1,888857728,F,0,33,administrator
391,342,2,886856256,M,1,43,administrator
728,308,2,888789952,F,0,38,administrator
211,214,1,888771584,F,0,31,administrator
730,237,2,888849152,M,1,28,artist
195,737,1,878216000,F,0,28,administrator
680,409,1,888799168,M,1,32,administrator
195,284,1,879313152,F,0,30,administrator
195,738,1,880279424,M,1,42,administrator
195,334,1,888858368,M,1,29,administrator
730,759,2,888252864,M,1,29,artist
195,447,2,878365248,F,0,33,administrator
195,749,1,886870080,M,1,31,artist
730,757,1,887010048,M,1,33,administrator
208,254,1,878421440,F,0,30,administrator
729,119,2,888753536,F,0,30,administrator
337,166,1,878198272,F,0,31,administrator
195,228,1,888859328,F,0,32,artist
710,102,1,888840960,M,1,40,artist
195,315,2,878705664,F,0,34,administrator
195,410,1,880678912,F,0,30,administrator
730,689,1,878203264,M,1,29,administrator
730,517,2,878238592,M,1,28,administrator
730,351,2,878214464,F,0,32,administrator
200,129,2,888859520,F,0,32,artist
195,544,1,878600512,M,1,32,administrator
195,165,1,887915520,F,0,30,administrator
730,758,2,880644416,F,0,26,artist
195,128,1,878197888,M,1,29,administrator
195,567,1,888408128,F,0,31,administrator
660,135,1,886433728,F,0,35,administrator
195,268,2,878198144,F,0,34,administrator
195,668,2,878200064,F,0,44,administrator
195,155,1,878197888,F,0,28,artist
704,229,1,880486144,M,1,44,administrator
729,158,1,887702080,F,0,44,administrator
730,188,2,878199552,F,0,26,artist
195,649,1,888511296,F,0,30,administrator
195,626,1,880235712,M,1,44,administrator
195,721,2,888859520,F,0,44,artist
195,538,1,885601792,M,1,40,administrator
730,752,1,878208128,M,1,29,artist
727,162,2,888810240,M,1,44,artist
626,211,2,888859520,M,1,44,artist
729,323,1,887969664,M,1,33,artist
730,758,2,881476480,M,1,44,administrator
199,101,1,887144448,M,1,31,artist
730,656,2,888779456,F,0,31,artist
195,380,1,878316096,F,0,28,administrator
282,220,1,879957120,M,1,43,administrator
730,758,1,885098816,M,1,25,artist
195,685,1,878201600,F,0,35,administrator
730,759,1,886844992,M,1,44,administrator
728,142,2,888859200,F,0,28,administrator
730,656,1,888415744,M,1,29,administrator
730,304,2,878230848,F,0,31,artist
730,178,2,878289344,F,0,44,administrator
195,758,1,888539008,F,0,42,administrator
730,749,1,878198464,M,1,24,artist
195,409,1,878551296,F,0,30,administrator
730,746,1,882869312,M,1,26,administrator
730,702,2,878197888,M,1,37,administrator
730,549,1,878225856,F,0,29,administrator
195,364,1,878768960,M,1,27,administrator
195,702,2,887384576,F,0,33,administrator
195,293,1,878212352,M,1,27,administrator
729,145,1,878211648,F,0,27,artist
197,104,2,888859520,M,1,34,artist
195,244,1,888458432,F,0,31,artist
730,724,2,878204096,M,1,25,artist
208,135,1,878197888,F,0,30,administrator
730,104,1,884099008,M,1,44,artist
195,547,1,878340288,F,0,39,administrator
730,107,1,878197888,M,1,24,artist
195,677,2,887954944,F,0,44,administrator
730,756,1,882439488,M,1,44,administrator
730,617,2,888852480,F,0,26,artist
730,759,2,880642944,M,1,44,administrator
195,465,1,878198208,F,0,28,artist
195,372,2,878208064,F,0,31,administrator
730,240,2,880203904,F,0,33,administrator
195,142,1,878197888,F,0,27,artist
195,193,1,888840960,F,0,30,administrator
730,693,1,885215232,M,1,44,administrator
730,747,2,888549824,M,1,44,artist
195,423,1,878616000,M,1,39,administrator
688,197,1,878954368,M,1,44,administrator
730,609,1,885592704,F,0,43,administrator
223,132,1,878210496,M,1,29,administrator
730,350,1,878525376,F,0,34,administrator
195,421,1,878846784,F,0,44,administrator
730,666,1,878198464,M,1,25,artist
730,466,1,880883136,M,1,42,administrator
195,261,1,888572416,M,1,32,artist
726,165,1,881302592,F,0,37,administrator
730,155,1,879247936,M,1,26,artist
730,326,2,888817024,F,0,34,artist
195,207,1,882948480,F,0,31,administrator
730,475,2,888859520,F,0,27,artist
730,232,2,878391296,F,0,34,administrator
199,157,2,879271232,F,0,34,administrator
729,441,1,879273280,M,1,44,administrator
235,255,1,888413824,F,0,32,artist
730,324,2,888859520,F,0,28,artist
730,758,1,888332288,M,1,44,administrator
730,138,1,878197888,F,0,25,artist
722,180,1,888850624,M,1,44,artist
730,362,1,878197888,M,1,26,administrator
678,173,1,878219392,F,0,32,administrator
730,350,2,888594880,F,0,31,administrator
730,166,1,878419200,F,0,26,artist
195,160,1,888822784,F,0,40,administrator
268,136,1,878197952,M,1,29,artist
730,759,2,887433408,M,1,31,artist
730,286,1,878197888,M,1,23,artist
730,317,1,888795776,F,0,44,administrator
730,758,2,878239168,M,1,44,administrator
726,306,1,881178496,F,0,30,administrator
730,133,2,878197888,F,0,23,artist
725,238,2,888856384,F,0,29,administrator
730,225,1,878197888,F,0,32,administrator
195,293,1,888859520,F,0,44,administrator
730,105,1,878197888,M,1,28,administrator
195,162,2,887201216,F,0,30,administrator
195,584,1,880231296,F,0,29,administrator
708,244,1,878472576,M,1,29,administrator
730,357,2,883678912,F,0,44,administrator
195,759,2,878294912,F,0,33,administrator
195,636,2,888595328,M,1,33,administrator
195,657,1,888223616,F,0,30,administrator
195,338,1,884941376,M,1,31,administrator
730,603,1,878197888,F,0,24,artist
730,704,1,878899840,M,1,44,administrator
730,742,1,879738240,M,1,24,administrator
195,444,1,878206528,M,1,27,administrator
730,692,2,888855552,F,0,28,artist
201,121,1,888810816,F,0,44,administrator
730,99,1,878197888,M,1,26,artist
730,138,2,878281664,F,0,35,administrator
714,163,1,879203008,M,1,44,administrator
730,443,2,888859392,M,1,29,artist
730,495,2,878632384,F,0,42,administrator
198,317,2,878207168,F,0,33,administrator
719,328,1,881779264,M,1,44,administrator
347,103,1,888858112,M,1,42,artist
641,215,1,878331456,M,1,44,administrator
195,167,1,878390592,F,0,43,artist
730,100,1,878197888,M,1,25,artist
730,714,2,878211136,F,0,44,administrator
320,152,1,888846464,M,1,30,administrator
730,674,1,884101824,M,1,38,administrator
730,283,2,888859456,F,0,30,artist
195,139,2,878197888,F,0,33,administrator
730,686,1,887144384,M,1,44,artist
195,166,1,878197888,F,0,29,administrator
197,156,1,879257280,F,0,44,administrator
730,272,2,878209024,M,1,44,administrator
195,317,1,878198016,F,0,31,administrator
195,321,1,888859520,M,1,44,artist
195,497,1,878661696,F,0,34,administrator
582,108,2,878197888,F,0,36,administrator
730,219,1,888859520,M,1,27,artist
240,313,1,879821632,M,1,44,administrator
195,711,1,880059840,F,0,33,administrator
730,755,2,878198272,M,1,44,administrator
730,488,1,878220928,M,1,28,administrator
195,128,2,878197888,F,0,32,administrator
655,190,2,888689600,M,1,44,administrator
195,257,1,888674048,M,1,40,artist
730,227,2,888854400,M,1,44,artist
606,136,2,878359296,F,0,43,administrator
195,678,1,888778944,F,0,30,administrator
195,202,1,878270784,F,0,29,administrator
195,692,2,878197888,F,0,31,administrator
730,174,1,878198208,M,1,24,artist
195,233,1,888837312,F,0,36,administrator
195,679,1,878481088,F,0,29,administrator
730,445,2,888013504,M,1,26,artist
366,144,1,888858816,F,0,33,administrator
730,540,2,880086528,F,0,32,administrator
602,136,1,888845184,F,0,30,administrator
244,114,1,888251008,M,1,39,administrator
567,132,2,886326592,F,0,44,administrator
724,224,2,878213696,M,1,44,administrator
730,640,1,879182848,F,0,30,administrator
195,275,2,880688448,F,0,43,administrator
195,540,1,887015488,M,1,44,administrator
195,743,1,878320064,F,0,31,administrator
195,731,2,878198144,F,0,31,administrator
730,759,2,880724800,F,0,27,administrator
730,703,2,888620416,F,0,31,administrator
730,361,1,880010560,F,0,44,administrator
195,461,1,881084992,F,0,41,administrator
699,235,1,888856896,F,0,29,administrator
730,721,2,887354880,M,1,28,administrator
730,369,1,878216448,M,1,26,administrator
725,180,2,878198720,M,1,36,administrator
195,675,1,887138752,F,0,29,administrator
730,728,2,888858688,M,1,44,administrator
730,462,2,878197888,M,1,23,artist
730,743,1,878198208,M,1,24,artist
195,492,1,880126336,F,0,37,administrator
196,120,1,878198144,M,1,29,artist
730,246,2,888856128,F,0,31,artist
195,203,1,888820864,F,0,31,administrator
213,140,2,888831872,F,0,40,administrator
728,424,1,886194624,F,0,38,administrator
195,700,1,888841344,F,0,32,administrator
195,725,1,879373952,F,0,30,administrator
730,330,2,878217088,F,0,36,administrator
195,400,1,878205120,F,0,30,administrator
724,339,1,878409024,F,0,33,administrator
195,679,2,888521088,F,0,33,administrator
730,756,2,882730112,M,1,33,artist
730,756,2,885928384,M,1,43,administrator
271,125,2,885266048,F,0,35,administrator
195,481,1,879482240,M,1,28,administrator
730,715,1,888859072,M,1,44,artist
198,143,1,878197888,M,1,28,administrator
421,143,1,878219840,M,1,30,artist
330,269,2,888858560,F,0,29,administrator
730,337,1,879633792,F,0,32,administrator
196,275,1,888828608,F,0,31,administrator
730,350,2,878465152,F,0,44,administrator
195,745,1,887980992,M,1,41,administrator
195,440,1,888859520,F,0,34,artist
195,546,2,888859520,F,0,35,artist
195,339,1,888844160,M,1,30,administrator
730,126,1,888822464,M,1,44,artist
239,117,1,888859520,M,1,44,artist
201,309,1,888859200,M,1,33,administrator
195,125,1,888859520,M,1,32,artist
730,759,1,888800128,M,1,33,artist
195,477,1,888648256,M,1,29,administrator
726,221,2,878213504,F,0,44,administrator
730,377,2,878349440,F,0,34,administrator
196,511,2,878232704,F,0,34,administrator
730,136,1,878197888,M,1,22,artist
730,457,2,888859520,M,1,29,artist
720,106,1,878197888,F,0,26,artist
730,759,2,888582464,M,1,38,administrator
195,398,1,887373760,F,0,43,administrator
730,723,2,878355328,F,0,34,administrator
195,275,1,878536640,M,1,29,administrator
676,187,1,878820480,M,1,44,administrator
197,333,2,888545472,F,0,44,administrator
730,97,2,878197888,M,1,28,artist
730,728,1,878206784,M,1,27,administrator
730,109,1,878197888,F,0,26,artist
726,399,1,878206656,F,0,32,administrator
726,129,1,878197888,F,0,33,administrator
403,115,1,882585088,F,0,44,administrator
195,585,1,888839424,M,1,44,administrator
195,628,1,878199040,M,1,26,administrator
730,728,2,881749440,F,0,42,administrator
250,481,2,879338176,M,1,44,administrator
208,282,2,878450880,F,0,41,administrator
195,263,1,883974464,F,0,30,administrator
195,404,2,880761024,F,0,32,administrator
218,157,2,881113408,F,0,44,administrator
700,196,1,888859392,F,0,29,administrator
195,583,2,878197952,F,0,32,artist
730,669,1,878487168,M,1,44,administrator
195,303,1,878200704,M,1,29,administrator
196,198,1,888859456,F,0,30,administrator
730,668,2,878503360,M,1,44,administrator
195,210,1,885509568,F,0,37,administrator
195,750,1,878197888,F,0,29,administrator
195,731,1,878551424,F,0,30,administrator
730,756,1,887828480,F,0,27,administrator
195,462,1,885584064,M,1,41,administrator
730,371,2,882555328,M,1,44,administrator
196,277,1,884004352,F,0,31,artist
730,759,2,885095744,M,1,32,administrator
195,736,1,888613504,F,0,43,artist
711,178,1,878305664,F,0,31,administrator
730,184,2,878942016,M,1,44,administrator
718,116,1,878241920,F,0,44,administrator
730,755,1,878849920,M,1,44,administrator
728,244,2,878304896,F,0,34,administrator
195,755,2,886296960,M,1,44,administrator
195,236,1,883880512,F,0,29,administrator
195,317,1,878275200,F,0,31,administrator
730,682,2,878202112,M,1,44,administrator
195,584,1,881546944,F,0,35,administrator
547,359,1,880188096,F,0,28,administrator
730,178,2,888857344,F,0,34,administrator
728,101,1,888859392,M,1,33,artist
730,758,1,878437952,M,1,44,administrator
730,535,1,879115584,M,1,26,administrator
730,754,2,881929536,M,1,44,administrator
537,174,2,888857536,M,1,31,artist
195,211,2,888857216,M,1,44,administrator
195,431,1,885642880,F,0,32,administrator
196,160,1,878197888,F,0,29,administrator
195,374,2,878197952,F,0,32,administrator
203,188,1,878198400,F,0,29,administrator
195,191,1,878631552,M,1,31,artist
195,457,1,887849088,M,1,37,artist
730,633,2,888457152,M,1,43,administrator
730,608,2,888859520,F,0,28,artist
195,274,2,888858688,F,0,35,administrator
730,111,2,878210816,F,0,44,administrator
195,388,1,884592064,M,1,41,administrator
730,718,1,880777152,F,0,40,administrator
442,253,1,879856256,F,0,31,administrator
246,106,1,878213504,M,1,29,artist
195,728,1,878197952,F,0,28,administrator
195,408,1,884167488,F,0,29,administrator
195,327,1,888441856,F,0,29,administrator
195,336,1,888778560,F,0,29,administrator
730,127,1,878197888,M,1,27,artist
195,468,1,883519040,F,0,29,administrator
225,165,1,879400448,M,1,31,administrator
195,230,1,888766336,M,1,38,administrator
201,164,1,879829760,F,0,31,administrator
730,287,1,888859008,M,1,28,administrator
728,114,2,888842240,M,1,30,artist
730,544,2,878663104,M,1,44,administrator
730,757,2,886074048,M,1,26,administrator
730,632,1,881030528,M,1,27,artist
730,654,1,878197888,M,1,25,artist
730,325,1,878209408,F,0,24,artist
195,197,1,888789568,F,0,30,administrator
727,262,2,888291840,M,1,44,administrator
463,127,2,888858048,M,1,44,artist
730,757,2,888695616,F,0,29,administrator
195,757,1,887911808,F,0,34,administrator
195,753,1,878202560,F,0,28,administrator
195,442,1,888846336,M,1,32,administrator
725,296,1,878531968,M,1,44,administrator
195,735,1,888835136,F,0,30,administrator
195,398,1,878201920,M,1,27,administrator
730,669,1,884099968,M,1,44,administrator
195,308,2,888859520,M,1,44,artist
722,153,2,888759872,M,1,29,administrator
195,602,2,887036352,F,0,32,administrator
495,252,1,880193408,M,1,37,administrator
730,604,2,878197888,F,0,30,artist
195,663,2,884702336,F,0,32,administrator
730,697,2,888859520,F,0,28,artist
195,215,1,879014528,F,0,32,administrator
195,232,1,882168064,F,0,31,administrator
730,471,1,878199040,M,1,24,artist
728,263,1,887794944,F,1,31,administrator
729,238,2,879128064,F,0,35,artist
199,179,1,878279040,M,1,29,administrator
195,152,1,878197888,M,1,27,administrator
730,687,1,878214656,F,0,28,administrator
195,577,1,878197888,M,1,27,administrator
730,297,1,888813440,F,0,31,administrator
730,145,2,888859520,M,1,29,artist
195,389,1,888845632,F,0,30,administrator
730,758,2,878479552,F,0,33,administrator
681,160,1,881081280,M,1,44,administrator
727,197,2,884534656,F,0,33,administrator
195,184,2,888859520,M,1,44,artist
238,138,2,888859392,F,0,33,administrator
195,554,1,882349376,F,0,34,administrator
210,263,1,886183552,M,1,44,administrator
730,368,2,888838592,F,0,29,administrator
565,182,1,884491200,F,0,30,administrator
730,597,2,886842240,F,0,31,administrator
447,229,1,879401792,F,0,43,administrator
195,439,1,878205632,F,0,29,administrator
195,380,1,878925504,F,0,44,administrator
730,739,1,878200896,M,1,24,administrator
730,736,1,884594240,M,1,44,administrator
282,189,2,888469056,F,0,31,administrator
195,654,1,878197888,F,0,31,administrator
730,718,2,878531648,M,1,26,artist
730,282,2,888859008,F,0,30,administrator
730,711,1,880655104,M,1,43,administrator
727,477,2,878689600,M,1,44,administrator
730,689,2,878502912,M,1,36,artist
195,656,1,888859456,F,0,33,administrator
730,98,1,878197888,M,1,28,artist
195,759,1,884475008,F,1,31,administrator
195,196,1,888558016,M,1,41,administrator
195,723,2,888859520,M,1,44,artist
730,112,2,878429056,F,0,44,administrator
195,185,1,879552640,F,0,30,administrator
195,182,1,878197888,F,0,27,artist
195,254,2,888859328,M,1,35,administrator
730,348,2,884627648,M,1,32,artist
730,135,1,878555136,M,1,26,artist
195,322,1,888574080,F,0,30,administrator
195,208,1,879773824,F,0,30,administrator
728,340,2,878216832,M,1,32,administrator
730,224,1,886284032,M,1,44,artist
251,134,1,878197888,F,0,25,artist
730,583,2,878239808,M,1,44,administrator
195,192,1,888859520,F,0,33,administrator
195,750,1,882362176,F,0,28,administrator
730,98,1,878219200,M,1,28,artist
730,757,1,878228544,M,1,24,administrator
195,112,2,878197888,F,0,26,artist
728,507,2,888859456,M,1,29,artist
279,367,1,878270720,F,0,31,administrator
201,129,1,883535808,F,0,44,administrator
658,224,1,881888320,M,1,44,administrator
730,260,2,888859072,F,0,28,administrator
259,158,2,878200768,F,0,32,administrator
730,753,2,888747136,M,1,44,administrator
195,681,2,888859136,M,1,43,artist
195,466,1,878201664,F,0,29,administrator
195,742,1,887205696,F,0,30,artist
245,202,1,880806784,M,1,38,administrator
195,284,2,880419648,F,0,33,administrator
730,210,2,878241920,F,0,29,artist
698,148,2,888830272,F,0,42,administrator
195,136,1,888859520,M,1,44,administrator
195,303,1,888775936,F,0,29,administrator
195,151,1,885617024,F,0,31,administrator
729,686,2,888850432,M,1,44,administrator
730,540,1,878795776,M,1,44,administrator
614,239,2,878359616,F,0,44,administrator
730,748,1,878197952,M,1,23,artist
285,137,1,878201344,M,1,28,administrator
212,159,1,878198848,M,1,37,administrator
198,178,1,881340224,F,0,33,administrator
730,754,2,888859456,M,1,44,artist
243,261,1,888461504,M,1,44,administrator
195,483,1,879417152,F,0,29,administrator
321,201,1,888858624,F,0,30,administrator
730,319,2,879723456,M,1,41,administrator
195,758,1,884652928,F,0,41,administrator
730,617,1,888844608,F,0,30,administrator
198,164,1,881556032,M,1,32,administrator
195,682,1,887072960,M,1,44,administrator
195,399,1,886844032,M,1,44,administrator
730,524,1,878204480,M,1,25,administrator
469,392,1,879470528,M,1,44,administrator
195,313,1,878197952,F,0,28,artist
730,623,2,885437568,M,1,38,administrator
195,186,2,888859520,M,1,40,artist
195,129,1,878197888,M,1,28,artist
195,596,1,886358976,F,0,30,administrator
636,159,1,888856128,F,0,30,administrator
195,678,1,881602368,F,0,29,administrator
196,175,1,879199232,F,0,39,administrator
195,559,1,878208448,F,0,31,administrator
730,757,1,878529792,M,1,34,administrator
730,757,2,878663040,M,1,44,administrator
705,190,1,878198848,M,1,26,administrator
730,572,1,887621376,M,1,44,artist
728,195,2,887609984,M,1,44,administrator
545,146,1,888662528,M,1,32,artist
730,696,1,888762176,F,0,30,administrator
195,326,1,878535552,M,1,36,administrator
215,119,1,878198144,M,1,24,administrator
195,291,2,888533184,F,0,44,administrator
730,553,1,878756352,M,1,44,administrator
195,736,2,886515840,F,0,32,administrator
195,481,1,878372608,F,0,31,administrator
198,159,1,888859456,M,1,44,artist
529,227,1,879112064,M,1,43,administrator
195,215,1,878199744,M,1,28,administrator
195,272,1,885527936,F,0,34,administrator
195,312,1,878216768,M,1,28,administrator
195,608,1,879667904,F,0,30,administrator
730,145,1,878197888,M,1,25,artist
730,627,1,878442304,M,1,44,administrator
196,311,1,878203136,M,1,26,administrator
196,339,2,878566464,F,0,37,administrator
730,759,1,878444736,M,1,44,artist
730,725,1,886877824,M,1,31,administrator
195,639,1,888455552,F,0,33,administrator
730,126,1,888638144,F,0,33,administrator
241,175,2,888150464,F,0,36,administrator
730,298,1,880083072,M,1,36,administrator
730,745,1,888701120,M,1,26,artist
730,304,1,879662656,F,0,44,administrator
730,177,1,878428480,M,1,24,artist
275,123,1,883529152,M,1,44,administrator
195,452,1,878201920,M,1,30,administrator
195,676,1,888853632,M,1,40,administrator
195,318,1,878197888,F,0,30,administrator
289,104,1,878197888,M,1,25,administrator
240,382,2,888859520,F,0,31,artist
195,208,1,888859136,M,1,31,administrator
730,719,1,880308672,M,1,44,artist
240,615,2,888703104,M,1,44,artist
195,746,1,884346816,F,0,29,administrator
195,307,1,878198784,M,1,28,administrator
195,683,1,888847552,F,0,32,artist
730,234,1,882732992,F,0,44,administrator
195,750,2,888858880,F,0,33,administrator
716,112,2,878545088,M,1,31,artist
195,514,1,888859520,F,0,41,administrator
729,337,2,879410304,M,1,44,administrator
729,132,2,887735616,F,0,33,administrator
730,228,1,878197888,M,1,25,artist
730,387,1,878206208,M,1,28,administrator
730,700,1,878198976,M,1,43,artist
730,99,1,878372416,M,1,29,artist
202,176,2,882641984,F,0,32,administrator
195,675,1,879262912,F,0,44,administrator
199,173,1,888858368,M,1,36,administrator
730,635,1,888502976,M,1,26,artist
730,758,2,879360064,M,1,44,administrator
730,737,2,888798784,F,0,31,artist
474,107,1,878197952,F,0,28,artist
203,204,1,879711232,M,1,34,administrator
195,389,1,888130240,M,1,33,administrator
726,239,2,878502272,F,0,44,administrator
730,117,1,888582912,M,1,27,artist
730,715,1,878446208,M,1,30,artist
730,106,1,878197888,F,0,26,artist
730,163,2,887575296,F,0,32,administrator
728,197,1,885568960,M,1,44,administrator
730,670,2,888859520,M,1,44,artist
195,757,1,878197888,F,0,27,administrator
426,168,1,878197888,F,0,32,administrator
195,565,1,878648960,F,0,30,administrator
448,132,2,878357248,F,0,34,administrator
195,289,1,888782848,F,0,30,administrator
729,224,1,878197952,F,0,34,administrator
198,261,1,878349248,M,1,43,administrator
730,435,1,883382592,M,1,44,administrator
195,292,1,878197888,F,0,30,administrator
195,743,1,878992576,F,0,30,administrator
658,383,1,888277888,M,1,34,artist
730,756,1,880952960,M,1,44,administrator
730,579,2,878224832,F,0,36,administrator
195,734,1,878221504,M,1,33,artist
722,319,1,888584448,M,0,41,administrator
196,151,1,878225408,F,0,44,administrator
197,268,2,878790464,M,1,34,artist
195,315,1,878553344,M,1,30,artist
195,226,1,888859520,M,1,41,artist
195,221,2,878869824,F,0,33,administrator
195,706,1,878300288,F,0,29,administrator
195,758,1,879823680,F,0,29,administrator
195,573,1,887916480,M,1,33,artist
730,210,2,883439168,M,1,36,artist
205,222,1,888593856,M,1,30,administrator
730,661,1,878920896,M,1,43,administrator
721,268,2,878246976,M,1,44,administrator
730,737,2,888858368,F,0,32,administrator
195,368,2,878197888,F,0,35,administrator
730,635,1,878197952,M,1,23,artist
196,140,1,887812608,F,0,30,administrator
195,670,1,888465280,F,0,29,administrator
730,564,2,885507456,F,0,44,administrator
730,611,2,878197888,M,1,28,artist
195,176,2,888856256,F,0,30,administrator
729,341,1,878198208,M,1,26,administrator
195,211,1,888845440,M,1,31,administrator
200,168,1,878529856,M,1,40,administrator
730,583,1,888775232,M,1,41,administrator
730,326,1,884029120,M,1,31,artist
730,759,2,887712768,M,1,44,administrator
730,314,2,888859520,F,0,27,administrator
730,683,2,888859520,F,0,26,artist
195,317,1,878482240,F,0,30,administrator
196,132,1,888542656,M,1,38,administrator
730,101,2,887698176,M,1,26,artist
195,229,1,888704320,F,0,31,administrator
195,573,2,888740096,M,1,44,artist
613,152,2,886312832,F,0,31,administrator
677,177,1,879984960,M,1,44,administrator
196,168,1,888003392,M,1,29,administrator
730,758,1,878198720,F,0,29,artist
730,660,1,887211840,M,1,43,administrator
195,178,1,883536640,F,0,29,administrator
730,364,1,878208576,M,1,30,administrator
719,106,2,878880768,F,0,44,administrator
495,312,2,884990720,M,1,44,administrator
201,126,1,888858176,F,0,30,administrator
195,743,1,880209536,M,1,37,administrator
195,739,1,888696640,F,0,31,administrator
730,751,2,888855104,M,1,43,administrator
730,97,1,878197888,M,1,23,artist
625,115,2,878441792,F,0,43,administrator
730,728,1,888849920,F,0,42,administrator
195,248,2,878202368,F,0,34,artist
730,117,1,878197888,F,0,32,artist
195,756,1,883988480,F,0,29,administrator
195,362,1,888566656,F,0,31,artist
730,754,2,886570688,M,1,25,artist
730,97,2,878197888,F,0,29,artist
195,754,1,888265088,F,0,36,administrator
195,310,1,886213696,F,0,38,administrator
195,260,1,888823488,M,1,34,administrator
730,105,1,878197888,F,0,25,artist
198,496,1,888516032,M,1,39,administrator
730,756,2,878197888,F,0,27,artist
730,727,2,887456960,F,0,30,administrator
195,525,1,888848384,F,0,44,administrator
195,754,1,878843968,F,0,29,administrator
730,150,2,878197888,F,0,25,artist
195,671,2,888824704,M,1,41,artist
730,698,2,878206848,M,1,44,administrator
199,214,1,878586304,M,1,44,administrator
730,304,2,884933632,F,0,32,administrator
195,283,2,888850752,F,0,43,administrator
250,140,2,878198528,F,0,44,administrator
730,671,2,881955584,M,1,44,administrator
730,231,2,878203776,F,0,36,artist
195,284,1,878762560,F,0,42,administrator
724,238,1,880971392,M,1,43,administrator
195,310,1,878319808,F,0,31,administrator
195,453,1,887138816,F,0,32,administrator
730,159,2,878197888,F,0,35,administrator
680,105,2,878197888,F,0,28,artist
267,237,1,888859520,F,0,29,artist
730,97,1,878197888,M,1,29,artist
310,517,2,879528960,M,1,44,administrator
195,756,2,887508416,F,0,40,administrator
195,569,2,878480256,F,0,31,artist
730,713,2,883684928,F,0,35,administrator
195,728,1,888051648,F,0,31,administrator
195,746,1,880672512,F,0,30,administrator
195,437,1,886385728,F,0,29,administrator
730,733,2,884637504,M,1,44,artist
730,758,2,888851712,M,1,42,administrator
195,396,2,888700736,M,1,44,administrator
730,542,1,887225152,M,1,30,administrator
730,220,2,880142336,M,1,27,artist
730,141,2,879261504,F,0,44,administrator
196,182,1,884625600,M,1,29,administrator
195,507,1,878197888,F,0,29,administrator
730,735,1,882194496,M,1,35,administrator
729,227,1,879418112,F,0,44,administrator
214,113,2,878197888,F,0,36,administrator
195,544,1,886860992,F,0,29,administrator
195,672,2,888859520,F,0,34,artist
730,114,2,878202560,F,0,35,artist
722,404,1,888859392,M,1,44,artist
730,296,1,878198336,F,0,31,administrator
730,496,1,878299200,M,1,28,administrator
195,499,1,888611904,F,0,44,administrator
213,408,1,878209984,M,1,44,administrator
195,112,1,878197888,F,0,28,artist
730,412,1,878500352,M,1,28,administrator
196,276,2,888859136,F,0,37,administrator
195,544,1,888665024,F,0,30,administrator
584,161,1,879202880,M,1,44,administrator
195,587,1,879440704,F,0,29,administrator
195,708,2,878197888,F,0,29,administrator
195,181,1,878198144,M,1,27,administrator
730,110,1,885126080,M,1,27,artist
631,132,2,885145664,F,0,42,administrator
333,396,1,886806016,M,1,30,administrator
730,759,1,878216640,M,1,23,administrator
195,431,1,885781760,M,1,30,administrator
730,125,1,879695360,M,1,28,artist
729,361,1,887629568,M,1,28,administrator
494,196,2,887935808,F,0,31,administrator
240,145,1,878200192,M,1,27,administrator
730,123,1,878197888,M,1,26,artist
730,758,2,878209536,M,1,37,administrator
730,108,1,878197888,M,1,26,artist
642,194,1,881011456,F,0,32,administrator
195,188,1,878197888,F,0,24,artist
195,752,1,878742912,F,0,30,administrator
195,543,1,888859520,M,1,44,administrator
195,328,2,885263296,F,0,33,administrator
195,616,2,888777792,F,0,31,administrator
703,214,2,888856704,M,1,44,artist
195,678,1,888492864,F,0,30,administrator
730,759,1,878654592,M,1,23,artist
195,435,1,879028736,M,1,28,administrator
195,528,1,887535424,F,0,31,administrator
730,419,1,878197888,M,1,24,administrator
195,364,1,878254592,F,0,32,administrator
195,269,1,878199488,F,0,30,administrator
413,185,1,888736832,F,0,30,administrator
203,181,2,888850496,F,0,43,administrator
207,159,1,878289984,M,1,32,administrator
730,502,1,878197888,M,1,25,artist
195,549,2,878504896,F,0,32,administrator
730,694,1,888297344,M,1,44,administrator
730,735,2,888790656,M,1,41,artist
292,215,2,878211264,F,0,44,administrator
727,97,2,878197888,M,1,31,artist
195,199,1,880030144,F,0,31,administrator
195,444,2,878361216,F,0,36,administrator
730,197,1,878226304,M,1,44,administrator
730,677,1,888634944,M,1,34,administrator
195,594,1,888845760,F,0,33,artist
195,223,1,888859520,M,1,33,artist
195,456,1,878198016,F,0,42,artist
730,750,2,888859264,F,0,27,administrator
730,569,2,888700416,F,0,43,administrator
730,569,1,878200640,F,0,30,artist
230,132,2,878199680,F,0,29,artist
727,264,2,883656128,M,1,44,artist
730,745,2,878476480,M,1,44,administrator
195,495,2,888856384,F,0,31,administrator
730,598,2,888852288,F,0,29,administrator
669,168,1,878208128,M,1,43,artist
730,351,1,878243776,M,1,44,administrator
730,157,1,887040512,M,1,31,artist
199,116,1,878198784,F,0,32,administrator
710,139,2,878222656,F,0,44,administrator
233,115,1,888859520,M,1,44,artist
199,149,1,879844160,F,0,44,administrator
730,759,2,888858112,F,0,26,administrator
730,394,1,878198080,M,1,28,artist
195,217,1,886772480,F,0,31,administrator
730,549,1,878503104,M,1,44,administrator
730,758,1,880102336,M,1,44,administrator
730,758,2,882186816,M,1,27,administrator
729,548,2,879289472,F,0,40,administrator
730,218,1,888821696,M,1,29,artist
195,174,1,886436224,F,0,32,administrator
730,623,1,885599360,F,0,29,artist
730,97,1,878197888,M,1,25,artist
230,143,2,886969728,F,0,44,administrator
195,238,1,878282368,F,0,32,administrator
203,167,1,884420864,M,1,30,artist
726,118,1,888726080,F,0,44,administrator
222,183,2,879178304,F,0,44,administrator
195,393,2,878326656,F,0,35,administrator
195,220,1,887413248,F,0,31,administrator
730,454,1,888840896,F,0,29,administrator
730,737,1,878793472,M,1,25,artist
195,370,1,880584192,M,1,28,administrator
301,251,1,878804800,M,1,28,administrator
195,682,1,878358272,F,1,29,administrator
195,155,2,878197888,F,0,34,administrator
698,183,1,884884224,F,0,44,administrator
195,639,1,886815616,F,0,30,administrator
195,283,1,878197888,F,0,31,administrator
195,337,1,878201024,M,1,28,administrator
460,176,2,887144256,M,1,35,artist
730,460,1,878433536,M,1,44,administrator
730,232,2,888806592,M,1,26,artist
730,647,1,879535872,M,1,25,artist
195,662,1,878399424,F,0,29,administrator
195,686,1,878198208,F,0,30,administrator
195,716,2,888704960,F,0,31,administrator
195,174,1,879218432,F,0,31,administrator
730,289,1,878466816,M,1,44,administrator
730,105,1,878206336,M,1,28,artist
727,302,1,888858304,F,0,31,artist
195,392,1,879466304,F,0,44,administrator
730,259,2,888843136,F,0,32,administrator
730,416,1,887453824,F,0,44,administrator
730,749,1,878308608,M,1,29,administrator
195,756,1,883386880,M,1,36,administrator
195,758,1,888543744,F,0,43,administrator
600,201,1,888840000,M,1,41,administrator
195,193,1,888859072,F,0,38,administrator
730,756,1,878493440,M,1,43,artist
730,730,2,888808896,M,1,29,artist
195,381,1,886760768,M,1,35,administrator
197,299,1,885698688,F,0,44,administrator
195,246,1,885555456,M,1,29,administrator
730,213,2,880207616,F,0,32,artist
195,338,1,878227264,F,0,29,artist
517,189,1,880548672,M,1,44,administrator
730,655,1,878200384,F,0,30,artist
730,134,2,888791360,M,1,28,artist
195,407,1,881205376,F,0,43,administrator
254,190,2,888030080,M,1,44,administrator
730,140,1,878197888,F,0,28,artist
730,696,1,887536960,M,1,44,administrator
195,461,2,886580224,F,0,31,administrator
730,752,1,879024384,M,1,38,administrator
203,207,1,887889024,F,0,43,administrator
730,238,2,888528576,M,1,30,artist
195,418,1,888555712,F,0,36,administrator
207,157,1,878197888,F,0,31,administrator
195,376,1,878208960,F,0,29,administrator
730,228,1,888783360,M,1,44,artist
195,539,1,878198336,F,0,29,administrator
728,179,2,878224256,M,1,44,administrator
730,271,1,888795456,F,0,41,administrator
195,275,1,878197888,F,0,30,administrator
195,751,1,878204544,F,0,30,administrator
198,131,1,880190208,F,0,44,administrator
729,165,2,878244032,F,0,44,administrator
730,707,1,888793920,M,1,44,artist
730,100,1,878197888,M,1,25,artist
195,490,1,881627904,M,1,30,administrator
213,234,1,878198720,F,0,29,administrator
730,713,2,888859456,M,1,28,artist
195,646,1,881640832,F,0,44,administrator
730,98,2,878197888,F,0,25,artist
730,368,2,883915008,F,0,34,administrator
195,460,1,878866240,F,0,30,administrator
730,576,1,883599616,M,1,31,administrator
730,134,2,888719808,F,0,29,artist
730,313,2,888859520,M,1,29,artist
208,261,2,888859456,M,1,44,artist
730,758,1,888526592,M,1,28,artist
195,361,2,888845952,F,0,29,administrator
195,235,2,888797120,F,0,32,administrator
730,365,2,888857024,F,0,43,administrator
195,318,2,878309504,F,0,33,administrator
730,132,2,878212608,F,0,44,administrator
730,173,2,880472192,F,0,35,administrator
730,361,2,886711488,F,0,32,artist
730,103,2,878198784,F,0,44,administrator
195,233,2,878197952,F,0,36,administrator
195,384,1,888510080,F,0,30,administrator
195,561,1,879375744,M,1,44,administrator
730,136,1,878197888,M,1,27,administrator
195,716,1,881352768,F,0,43,administrator
695,260,1,888859392,F,0,32,artist
730,727,2,888858752,M,1,44,artist
730,158,1,878197888,M,1,27,administrator
195,474,1,878837376,F,0,30,administrator
730,733,1,888859200,M,1,44,administrator
195,198,2,878648768,F,0,33,administrator
195,479,1,885184192,M,1,28,administrator
730,740,1,878718656,M,1,44,administrator
195,739,1,884753152,F,0,31,administrator
730,120,1,878197888,M,1,24,artist
195,158,1,878199808,F,0,28,artist
212,206,1,888546688,M,1,30,administrator
730,97,1,878197888,M,1,23,artist
195,670,1,882920704,F,0,29,administrator
205,209,1,887885184,F,0,36,administrator
535,516,2,888518784,F,0,32,administrator
717,104,1,886507712,M,1,44,artist
692,147,1,884437696,F,0,31,administrator
200,231,1,887932672,F,0,31,administrator
730,153,2,887857920,F,0,41,administrator
195,122,1,888859328,F,0,37,administrator
195,183,1,888859520,M,1,40,artist
730,758,1,887945088,F,0,26,administrator
195,584,1,887745344,F,0,30,administrator
229,497,2,878322112,F,0,44,administrator
195,287,2,888854336,F,0,34,administrator
730,727,1,886992576,M,1,44,artist
195,648,1,885533696,F,0,30,administrator
195,537,1,888124032,F,0,29,administrator
730,97,1,878197888,M,1,25,artist
730,377,1,878202816,F,0,28,artist
197,227,2,888857984,F,0,43,administrator
195,743,1,888859072,M,1,44,artist
195,487,1,878505408,F,0,44,administrator
212,122,1,888857152,M,1,44,artist
195,164,1,878197888,F,0,28,artist
195,742,1,885473024,F,0,33,administrator
727,191,1,878198208,F,0,26,artist
196,209,2,878300352,F,0,42,administrator
730,317,1,887815808,M,1,44,administrator
730,758,1,881574528,M,1,44,administrator
195,175,1,878197888,F,0,29,administrator
730,122,1,878197888,F,0,27,artist
730,205,1,878197888,M,1,25,administrator
195,640,1,888842368,M,1,44,artist
195,694,2,887232576,F,0,31,administrator
195,593,2,887541184,F,0,33,artist
195,456,1,888807744,F,0,43,administrator
727,385,1,888857088,F,0,29,administrator
195,754,1,888827968,F,0,30,administrator
195,302,1,887363648,F,0,31,administrator
195,278,2,881735424,F,0,32,administrator
195,716,2,883539456,F,0,33,administrator
195,698,1,888707840,M,1,44,administrator
195,662,1,888859456,F,0,33,administrator
728,243,2,888187008,M,1,28,administrator
730,201,1,878197888,M,1,24,artist
261,181,2,878243200,F,0,44,administrator
195,614,2,878198272,F,0,33,administrator
730,186,1,884423936,M,1,27,artist
195,264,1,881392768,M,1,28,administrator
730,350,2,888230784,F,0,44,administrator
730,513,1,878380416,M,1,28,administrator
195,335,1,878241024,M,1,29,administrator
198,127,1,880524416,F,0,44,administrator
195,277,1,878200320,F,0,30,administrator
195,686,1,878205696,F,0,29,administrator
723,160,2,878197888,F,0,35,administrator
730,122,2,878197888,F,0,37,artist
730,718,1,888583296,M,1,37,administrator
730,756,1,878357504,M,1,37,administrator
330,173,1,883478528,M,1,33,administrator
730,461,2,882493568,M,1,29,administrator
726,174,1,888652160,M,1,44,administrator
714,235,1,886996160,M,1,44,administrator
195,633,1,887665088,F,0,32,administrator
730,758,1,883181632,M,1,27,administrator
730,759,2,888853696,M,1,26,artist
195,224,1,879683200,F,0,29,administrator
195,702,2,887406016,M,1,44,artist
730,157,2,878404992,F,0,35,administrator
730,402,2,888859520,F,0,29,administrator
196,229,1,888856896,F,0,30,artist
729,232,1,880305408,F,0,44,administrator
195,651,1,882877056,M,1,44,administrator
678,126,1,881509056,F,0,44,administrator
730,141,1,878197888,M,1,23,artist
716,154,1,878324224,F,0,42,administrator
730,253,2,886848064,F,0,44,administrator
730,268,2,880483584,F,0,44,administrator
210,202,2,878198144,F,0,33,artist
728,181,1,880408064,F,0,34,administrator
399,320,2,878202112,F,0,36,administrator
730,731,1,878463104,M,1,36,artist
195,643,1,887468480,F,0,30,administrator
195,609,1,878200064,F,0,30,administrator
730,268,2,878198400,M,1,30,administrator
730,131,2,878197888,M,1,30,artist
730,622,1,878198208,M,1,42,artist
730,374,1,878267904,M,1,28,administrator
195,661,2,887431936,M,1,44,administrator
730,634,1,888858688,F,0,27,administrator
730,674,1,881615232,M,1,27,administrator
730,759,2,881928000,M,1,43,administrator
730,755,2,878200256,F,0,27,artist
195,491,2,887771264,F,0,33,administrator
686,340,1,878200384,F,0,28,administrator
730,622,2,878333760,M,1,25,administrator
308,273,1,888734400,F,0,29,administrator
195,236,1,884559744,M,1,38,administrator
730,497,1,888823936,M,1,41,artist
198,183,2,886876800,F,0,34,administrator
730,609,1,878197952,M,1,24,artist
730,639,1,888859328,F,0,29,artist
730,140,2,884055680,F,0,32,administrator
195,755,1,881670528,F,0,29,administrator
730,98,1,878197888,M,1,24,artist
195,732,1,888560128,F,0,30,administrator
730,599,1,888859520,M,1,44,administrator
405,504,2,880759616,F,0,44,administrator
220,180,1,888841920,M,1,44,administrator
195,567,1,887901376,F,0,30,administrator
730,127,1,878197888,M,1,30,artist
195,145,1,878197888,M,1,25,administrator
730,733,1,878337792,F,0,25,artist
195,229,1,879608512,F,0,29,administrator
730,750,1,878369920,M,1,28,artist
195,726,1,882590208,M,1,44,administrator
195,687,2,878198784,F,0,32,artist
195,753,2,888859520,M,1,44,artist
730,733,2,880858432,M,1,44,administrator
195,501,1,878197952,F,0,26,artist
730,665,2,878340608,F,0,40,administrator
224,215,2,888859072,M,1,43,artist
195,190,1,878198016,F,0,30,administrator
726,398,2,887224576,M,1,44,artist
195,162,1,888859520,M,1,34,artist
730,101,2,878197952,M,1,25,artist
195,553,1,885092096,F,0,30,administrator
195,218,1,888859200,F,0,29,administrator
197,282,1,878203328,M,1,29,administrator
248,244,1,883209024,F,0,30,administrator
195,217,1,878197888,F,0,25,artist
730,518,1,878205888,M,1,43,administrator
729,514,1,879210432,M,1,44,administrator
723,255,1,888859520,M,1,28,artist
195,641,1,878199168,F,0,29,administrator
721,126,2,879433600,F,0,44,administrator
195,325,1,879190400,M,1,29,administrator
730,752,2,888604608,M,1,30,administrator
730,465,1,878205888,F,0,32,administrator
730,754,2,879751808,M,1,44,administrator
730,544,2,878198784,F,0,43,administrator
730,195,2,888809408,M,1,29,artist
590,224,1,878211328,M,1,27,administrator
195,463,1,888848256,F,0,29,administrator
195,628,1,880055488,F,0,43,administrator
730,259,2,888859456,F,0,29,administrator
197,434,2,888859072,M,1,41,administrator
730,745,2,888859520,M,1,29,artist
197,216,1,878198528,M,1,27,administrator
730,313,1,888858752,F,0,28,administrator
730,379,1,878199296,M,1,30,administrator
195,143,1,879239424,F,0,32,administrator
730,691,1,878197888,M,1,23,artist
730,757,2,878399744,M,1,43,administrator
197,129,1,886516480,F,0,30,artist
195,178,2,884734144,F,0,34,administrator
730,333,1,886757248,M,1,43,administrator
730,370,1,888858432,F,0,28,administrator
730,741,1,888829568,F,0,27,administrator
195,126,2,888854912,M,1,43,artist
196,218,1,888857024,F,0,30,administrator
350,150,1,878197952,F,0,25,artist
545,335,1,879198208,F,0,32,administrator
730,386,1,878199296,F,0,31,administrator
195,189,1,878197888,F,0,27,artist
730,758,1,878403776,M,1,36,administrator
730,714,1,888680832,F,0,29,administrator
195,143,1,888841088,F,0,32,administrator
730,374,1,888590912,M,1,44,artist
195,619,2,878887616,F,0,40,administrator
195,569,1,882652736,F,0,31,administrator
729,189,1,878287744,F,0,32,administrator
195,321,1,880416832,F,0,31,administrator
195,157,1,888831552,F,0,31,administrator
195,561,1,883605632,F,0,30,administrator
445,105,1,888859456,F,0,30,artist
730,731,2,878198144,F,0,33,administrator
730,408,2,878222016,F,0,44,administrator
730,732,1,878197888,M,1,26,artist
195,298,1,888859520,M,1,44,artist
195,749,1,888838528,M,1,32,artist
195,279,1,885860480,F,0,43,administrator
195,710,1,878238528,F,0,29,administrator
195,265,1,878197888,F,0,27,artist
730,718,1,878644416,M,1,44,administrator
730,759,1,885526464,M,1,44,administrator
195,210,1,888858944,F,0,29,administrator
730,750,1,878199040,M,1,25,artist
195,723,1,888857920,F,0,31,artist
721,120,2,878198080,F,0,44,administrator
730,260,1,888793088,M,1,43,artist
195,366,1,888859520,M,1,39,artist
195,170,1,888833664,F,0,31,administrator
710,107,1,888543040,F,0,44,administrator
730,516,1,888859136,M,1,28,administrator
195,433,2,888859520,F,0,36,artist
195,482,2,879685824,F,0,33,administrator
195,372,2,888857600,M,1,44,artist
197,113,1,888811392,F,0,29,administrator
730,759,1,888830272,M,1,23,artist
197,167,2,888650944,F,0,30,administrator
204,140,1,878231552,F,0,44,administrator
724,404,2,888680512,M,1,44,administrator
496,273,1,888859520,F,0,29,artist
730,144,1,878197888,M,1,26,artist
195,574,1,882280192,F,0,30,administrator
730,757,2,888826240,M,1,26,artist
730,209,2,887687424,F,0,31,administrator
730,188,1,882190656,M,1,44,administrator
730,546,1,878807616,M,1,44,administrator
195,680,1,883708416,M,1,29,administrator
712,245,1,878288256,M,1,28,administrator
730,143,1,878198528,M,1,27,artist
730,579,1,878198016,M,1,26,administrator
726,228,1,878317888,M,1,44,administrator
713,138,1,878198208,M,1,25,administrator
195,743,1,878198080,F,0,29,administrator
195,637,1,888578752,F,0,30,administrator
730,757,2,878205760,M,1,44,administrator
195,739,1,888848448,F,0,38,administrator
195,194,1,888850368,F,0,43,administrator
730,235,2,887575616,F,0,30,artist
730,666,2,878314880,M,1,44,administrator
195,510,1,878198976,F,0,30,administrator
195,314,1,887440768,F,0,30,administrator
730,97,1,878197888,M,1,22,artist
730,582,2,878256896,F,0,44,administrator
195,201,1,878848256,F,0,31,administrator
195,565,2,888433536,F,0,33,administrator
195,743,1,886685184,M,1,31,administrator
730,712,1,888766400,M,1,36,artist
730,97,2,878197888,F,0,25,artist
730,147,1,886989312,M,1,29,artist
728,298,1,878199808,M,1,39,administrator
195,219,1,888730496,M,1,30,administrator
195,758,1,880796928,F,0,44,administrator
201,137,1,888015296,M,1,34,artist
195,514,1,885605376,F,0,31,administrator
730,759,2,888859264,F,0,29,artist
730,315,1,879979712,F,0,32,administrator
730,728,1,884453760,M,1,44,administrator
195,446,1,878337984,M,1,29,administrator
386,556,2,879683264,M,1,34,administrator
195,575,2,878197888,F,0,32,administrator
730,226,1,878200064,M,1,27,administrator
337,309,1,888858624,F,0,31,administrator
730,378,1,878749760,M,1,36,administrator
195,634,1,878417600,F,0,44,administrator
302,221,2,878197888,F,0,39,artist
715,171,1,878461568,M,1,44,administrator
196,247,1,878250048,M,1,39,administrator
730,604,1,879728960,M,1,44,administrator
218,150,2,888859520,F,0,28,artist
730,708,1,878231424,F,0,30,administrator
195,257,1,888859520,F,0,31,artist
195,332,1,878207296,M,1,27,administrator
195,452,1,878200128,F,0,32,administrator
552,286,2,888859520,F,0,29,artist
195,218,1,878197888,M,1,28,administrator
729,305,2,888857664,M,1,33,artist
730,293,2,878197952,F,0,35,administrator
730,117,2,878197952,M,1,31,artist
730,133,1,888818816,M,1,26,artist
716,231,1,878312192,M,1,28,administrator
195,561,1,888706944,F,0,30,administrator
730,749,1,888334464,F,0,28,administrator
730,671,1,878597696,M,1,38,administrator
730,244,2,878894208,F,0,44,administrator
195,309,2,878198272,F,0,32,administrator
195,272,1,878204736,M,1,28,administrator
722,116,1,878813248,M,1,44,administrator
195,517,1,878678400,F,0,31,administrator
730,98,1,878197888,F,0,26,artist
345,143,2,880691904,F,0,44,administrator
195,375,1,888819072,F,0,30,artist
196,163,1,888849664,M,1,31,artist
195,263,1,878198016,F,0,31,administrator
195,187,1,878203072,F,0,41,administrator
198,173,1,888799488,F,0,30,artist
197,128,1,879381376,F,0,32,administrator
196,447,1,883192064,F,0,32,administrator
195,192,2,888824896,F,0,31,administrator
730,105,2,878198592,M,1,35,artist
730,374,2,883686720,M,1,28,artist
730,451,1,888478144,M,1,44,administrator
195,370,2,878921984,F,0,34,administrator
730,536,1,878700544,M,1,44,administrator
730,300,2,879096960,F,0,44,administrator
730,152,2,878197888,F,0,25,artist
195,278,1,878212352,M,1,26,administrator
195,609,1,888846400,M,1,32,artist
730,97,2,878197888,F,0,28,artist
730,444,1,888367936,F,0,25,artist
730,118,2,878197888,F,0,35,artist
224,269,1,878203328,M,1,26,administrator
216,217,1,888859008,M,1,31,artist
730,758,1,878198016,M,1,25,administrator
195,226,2,878209344,F,0,34,administrator
730,758,1,879131776,M,1,34,administrator
195,363,1,878199040,F,0,32,administrator
728,133,2,878233536,F,0,44,administrator
730,664,1,888858304,F,0,28,administrator
493,166,1,888859520,F,0,30,artist
195,319,1,878197952,F,0,29,administrator
730,161,1,878648256,F,0,44,administrator
197,129,1,885409984,F,0,44,administrator
578,154,1,879846784,F,0,44,administrator
199,116,2,886405888,F,0,30,artist
730,733,2,878740736,M,1,44,administrator
230,135,2,878262400,F,0,38,administrator
723,147,2,878198784,F,0,29,artist
730,356,2,888856960,M,1,29,artist
195,200,1,888859328,F,0,44,administrator
204,264,2,888857728,F,0,41,administrator
195,177,1,878205120,F,0,32,administrator
717,226,1,879121536,F,0,42,administrator
195,622,2,884820608,F,0,31,administrator
195,197,1,884242560,M,1,41,administrator
491,148,2,878210688,F,0,44,administrator
730,756,1,887210752,M,1,44,artist
730,699,2,878198080,F,0,31,administrator
195,469,1,888751424,M,1,44,administrator
195,109,2,888859520,F,0,30,artist
726,137,1,878197888,F,0,29,artist
730,487,2,888859456,F,0,29,artist
195,632,2,878205824,F,0,37,administrator
730,470,1,878200512,M,1,25,administrator
198,339,1,878242048,M,1,44,administrator
369,143,1,888710464,F,0,38,administrator
730,136,2,878197888,F,0,26,artist
730,759,2,879632896,M,1,26,administrator
586,272,1,878520704,M,1,28,administrator
730,650,1,878734912,M,1,44,administrator
730,103,1,878197888,M,1,23,administrator
275,142,2,888799168,F,0,32,administrator
730,641,1,880151296,M,1,26,administrator
229,298,1,886290560,M,1,44,administrator
730,709,2,879009792,M,1,44,administrator
195,195,1,878198144,F,0,31,administrator
730,112,2,882445568,F,0,44,administrator
729,208,2,878231296,F,0,37,administrator
730,97,1,878197888,M,1,25,artist
195,396,1,879407296,F,0,30,administrator
202,227,2,888850368,F,0,32,administrator
196,325,1,878460288,M,1,26,administrator
205,213,2,888818368,F,0,29,administrator
654,266,1,878806720,M,1,37,administrator
195,236,1,878197888,F,0,27,administrator
195,623,1,880595520,M,1,29,administrator
730,759,2,880711808,M,1,24,artist
195,562,1,878207232,F,0,28,administrator
710,134,1,887859136,F,0,30,administrator
730,188,2,888821376,F,0,43,administrator
730,756,2,888729728,F,0,30,administrator
258,248,2,878571840,F,0,44,administrator
195,746,1,888785408,F,0,43,administrator
722,256,1,878216320,M,1,28,administrator
730,756,2,888835776,F,0,27,administrator
611,305,2,887735936,M,1,42,administrator
730,97,2,878197888,F,0,22,artist
247,232,1,888800960,M,1,42,administrator
195,391,1,888858304,F,0,32,administrator
199,182,1,887149248,M,1,41,administrator
195,226,2,878197888,F,0,31,artist
195,660,1,878468224,F,0,30,administrator
195,745,1,887776000,F,0,36,administrator
195,247,1,888546112,F,0,30,administrator
195,518,2,881496320,F,0,33,administrator
730,445,1,878421504,F,0,30,administrator
730,409,1,878204160,M,1,44,artist
730,754,2,884815488,F,0,28,administrator
195,289,2,888859520,F,0,32,administrator
195,174,1,888859520,F,0,29,administrator
730,753,2,878542784,M,1,44,administrator
214,150,1,878199936,F,0,32,administrator
632,170,2,878344704,F,0,34,administrator
199,132,1,885359488,F,0,44,administrator
730,165,2,878197888,F,0,43,administrator
730,727,2,878231680,M,1,44,administrator
730,701,1,878198272,M,1,25,administrator
195,714,1,879029760,M,1,30,administrator
195,579,1,878209664,F,0,30,administrator
730,748,2,878197888,M,1,27,artist
726,375,2,879007360,M,1,44,administrator
668,218,1,878576320,M,1,30,administrator
730,452,1,888752384,F,0,26,artist
730,758,1,878239552,M,1,23,artist
201,216,2,888859520,M,1,35,artist
730,321,1,878199104,M,1,31,administrator
195,186,1,888791808,F,0,30,administrator
195,759,1,888498496,F,0,39,administrator
198,136,1,878197952,M,1,28,artist
730,97,1,878197888,M,1,22,artist
730,377,1,878198656,M,1,29,administrator
730,735,1,880258816,F,0,44,administrator
730,118,1,878197888,F,0,25,artist
730,741,1,878197888,M,1,22,artist
197,135,1,878197888,F,0,25,artist
290,152,2,888243776,F,0,44,administrator
195,724,2,878199808,F,0,30,artist
195,709,1,888584256,F,0,29,administrator
730,100,1,878197888,M,1,26,artist
490,191,2,888859520,F,0,30,artist
563,123,2,878286464,F,0,32,administrator
195,248,1,878224448,F,0,29,administrator
452,107,1,888850304,F,0,31,artist
730,280,2,880121856,M,1,26,artist
195,426,1,888859520,M,1,42,artist
273,176,1,888850880,M,1,44,administrator
343,159,2,888859392,F,0,44,artist
729,435,2,884340992,F,0,43,administrator
730,101,1,878197888,F,0,26,artist
195,158,1,878207808,M,1,30,artist
195,758,2,888856768,F,0,44,artist
195,341,1,888859520,M,1,44,artist
730,123,1,878197888,F,0,31,artist
195,654,1,882469696,M,1,30,artist
195,176,2,878200192,F,0,33,administrator
195,321,1,878983168,M,1,30,administrator
195,634,1,878468480,M,1,28,administrator
195,543,1,888470656,F,0,32,administrator
730,758,2,888837952,M,1,27,administrator
195,594,1,888238784,F,0,44,administrator
195,466,1,878214592,F,0,30,administrator
730,726,2,878210880,F,0,30,administrator
196,149,1,878197888,F,0,26,artist
730,468,1,885065152,M,1,31,artist
707,111,2,879649600,F,0,44,administrator
195,215,1,888859520,F,0,44,administrator
730,309,2,888858496,F,0,30,artist
195,669,1,880079360,M,1,29,administrator
730,98,1,878197888,F,0,25,artist
730,704,1,886024000,M,1,27,administrator
730,625,1,888836864,F,0,30,administrator
195,157,1,878243072,M,1,27,artist
195,476,1,888857216,F,1,44,administrator
195,725,2,885745728,F,0,44,administrator
725,304,1,878200064,M,1,27,administrator
668,120,1,878197888,F,0,30,administrator
682,337,1,879732480,M,1,32,administrator
195,755,1,881940864,F,0,29,administrator
730,210,2,888857984,F,0,29,administrator
730,162,1,878251392,F,0,27,artist
195,258,1,887879680,F,0,31,administrator
730,732,2,878279168,M,1,28,artist
195,657,1,886375424,F,0,43,administrator
679,151,1,888847616,M,1,31,artist
195,577,1,888859520,F,0,32,administrator
195,386,1,878298496,F,0,31,administrator
726,176,1,879582208,M,1,44,administrator
195,261,1,878206400,F,0,29,administrator
730,393,1,879354560,F,0,40,administrator
195,208,1,888859008,F,0,32,artist
730,757,2,878198208,M,1,28,administrator
716,136,1,882298112,M,1,44,artist
730,122,2,878197888,F,0,30,artist
195,415,1,888469504,F,0,44,administrator
730,424,2,888563456,F,0,31,administrator
730,246,1,878197888,M,1,26,administrator
208,218,1,883616896,M,1,41,administrator
195,612,1,879568768,M,1,34,administrator
195,318,1,878448896,M,1,28,administrator
705,269,1,879733888,M,1,34,administrator
224,127,2,888818880,F,0,31,administrator
195,733,1,879624960,F,0,29,administrator
195,477,1,885902208,F,0,31,administrator
195,455,1,888726720,F,0,31,administrator
195,389,1,884386624,F,0,40,administrator
730,747,2,878198464,F,0,27,artist
195,519,1,878246656,F,0,29,administrator
195,209,1,887864704,F,0,31,administrator
473,271,1,878269312,M,1,43,administrator
727,247,2,879277760,M,1,44,administrator
208,269,2,878225984,F,0,30,artist
730,244,2,888730240,F,0,31,administrator
417,115,1,887676416,F,0,33,administrator
654,158,1,888845440,F,0,30,administrator
195,311,1,888859264,M,1,42,artist
212,153,1,878199488,M,1,27,administrator
201,145,1,888209216,M,1,44,administrator
195,309,1,888849856,F,0,44,administrator
195,527,2,888380352,M,1,44,administrator
690,104,1,884752704,F,0,44,administrator
730,695,1,878197888,M,1,22,artist
730,739,1,888854400,F,0,28,administrator
710,184,1,878252608,M,1,26,administrator
195,318,1,878197888,F,0,26,artist
195,183,1,878207232,M,1,29,administrator
195,213,1,888812480,M,1,30,administrator
197,122,1,888859200,F,0,30,administrator
195,260,1,878487168,M,1,29,administrator
195,334,1,878207680,F,0,32,administrator
723,289,2,878734720,F,0,43,administrator
195,191,2,887478528,F,0,43,administrator
730,438,2,878291520,F,0,28,artist
198,355,2,888796480,F,0,35,artist
480,218,1,878507648,M,1,43,administrator
730,690,2,888858944,M,1,28,artist
730,164,1,878198144,M,1,27,artist
730,118,1,878341824,M,1,25,artist
195,145,1,888829312,F,0,30,administrator
308,227,1,881045760,M,1,39,administrator
195,247,1,888859456,F,0,38,administrator
195,236,1,885079104,F,0,31,administrator
730,705,2,878198336,F,0,33,artist
730,755,2,883052096,M,1,44,administrator
730,617,2,878313216,F,0,44,administrator
195,339,2,878197888,F,0,36,administrator
195,421,1,878579456,F,0,29,administrator
195,308,1,878269888,M,1,29,artist
195,163,2,888859520,M,1,35,artist
695,149,1,878398272,M,1,44,administrator
195,711,1,878371584,F,0,37,administrator
241,168,1,887738560,F,0,44,administrator
195,416,2,888834944,F,0,31,artist
730,670,2,878768064,F,0,32,administrator
195,196,1,878199104,F,0,31,administrator
195,292,2,878202496,F,0,33,administrator
673,146,2,878198080,F,0,37,administrator
195,342,1,878197888,M,1,28,administrator
195,554,1,882883584,M,1,29,administrator
195,207,2,878197888,F,0,31,administrator
725,143,1,888730560,F,0,30,administrator
730,684,2,878557056,M,1,44,administrator
195,627,1,878427840,F,0,30,artist
708,337,2,888832320,F,0,31,administrator
730,759,1,887974784,M,1,25,artist
220,122,1,888856896,M,1,32,administrator
195,259,1,888859328,F,0,30,administrator
195,368,1,888825280,F,0,30,administrator
730,560,1,880676608,M,1,44,administrator
730,182,1,878240768,F,0,30,artist
195,322,1,888793024,F,0,30,administrator
195,141,2,888859520,F,0,32,artist
727,314,1,881375296,M,1,38,administrator
196,153,1,888734848,F,0,38,administrator
196,152,2,882609088,F,0,32,administrator
195,507,1,879349440,F,0,30,administrator
730,655,2,878244736,M,1,44,administrator
723,193,2,881162176,M,1,44,administrator
299,185,1,887466304,M,1,44,administrator
195,277,2,878197888,F,0,32,artist
730,645,2,881327936,M,1,44,artist
730,236,2,878197888,F,0,22,artist
195,132,1,878569920,F,0,32,administrator
717,220,1,888850240,F,0,28,artist
730,720,1,878198080,M,1,24,artist
195,497,1,878354112,F,0,44,administrator
730,390,1,878581952,M,1,44,administrator
730,276,2,888854784,F,0,28,administrator
195,223,1,878550656,M,1,28,administrator
728,133,1,878579392,M,1,44,administrator
726,374,2,886158592,M,1,44,administrator
658,135,1,881044288,F,0,32,administrator
726,216,2,888286912,M,1,44,artist
195,750,1,888859520,M,1,35,artist
195,251,1,878211776,F,0,30,administrator
212,141,2,888583680,F,0,33,artist
195,146,1,878258112,M,1,29,artist
200,325,2,888859520,M,1,42,artist
730,519,2,888625728,M,1,30,artist
730,392,1,879264832,M,1,28,artist
730,759,1,881526464,F,0,26,administrator
730,759,2,888840512,M,1,26,artist
195,447,1,878238528,F,0,29,administrator
195,486,1,878213120,F,0,44,administrator
195,228,1,888856960,F,0,32,administrator
730,506,1,878259392,M,1,33,administrator
195,741,1,886577024,F,0,32,administrator
195,252,1,878208320,F,0,32,administrator
215,118,1,888859520,M,1,32,artist
730,737,1,878857472,M,1,27,administrator
730,134,1,878366336,M,1,25,artist
531,151,1,878450304,F,0,31,administrator
663,148,1,878198080,F,0,28,artist
195,749,1,888859328,F,0,33,artist
196,107,2,888859520,M,1,34,artist
248,166,1,882317440,F,0,31,administrator
730,103,1,878200320,M,1,28,artist
727,300,2,885008704,F,0,43,administrator
730,107,1,878197888,M,1,24,artist
571,112,1,884649664,F,0,44,administrator
195,694,1,878330944,F,0,30,artist
730,678,2,888857152,M,1,25,artist
195,551,1,878200576,F,0,28,administrator
195,330,1,878626944,F,0,44,administrator
730,331,2,878213888,F,0,33,artist
730,734,1,880706688,M,1,44,administrator
730,238,2,878755840,F,0,31,artist
195,114,1,878221056,M,1,29,artist
730,129,1,878204544,M,1,28,artist
227,190,1,888180160,F,0,44,administrator
730,232,2,878221504,F,0,35,administrator
730,440,1,878198912,F,0,29,artist
730,231,1,887826880,M,1,44,administrator
730,759,1,878504320,M,1,44,administrator
195,230,1,878197888,F,0,32,administrator
730,603,2,878808320,M,1,34,administrator
195,736,2,878198144,F,0,34,administrator
308,163,2,879508800,F,0,35,administrator
730,430,1,888828288,F,0,41,administrator
730,713,1,878202880,M,1,27,administrator
730,759,2,888772608,M,1,28,administrator
730,648,1,878198976,F,0,26,artist
421,247,1,879119744,M,1,30,administrator
730,594,2,878552064,M,1,44,administrator
472,120,1,878219008,M,1,44,administrator
730,334,1,888858688,F,0,28,artist
730,620,2,888859392,M,1,27,artist
730,755,1,883828352,M,1,28,administrator
195,164,2,878313600,F,0,35,administrator
730,98,2,878197888,F,0,25,artist
446,378,1,878198912,F,0,30,administrator
201,134,1,888859520,M,1,34,artist
200,321,2,887990144,F,0,29,artist
199,197,1,888340416,F,0,44,administrator
195,346,1,888855296,F,0,30,artist
730,170,1,878295808,M,1,44,administrator
195,150,1,879972864,F,0,31,administrator
195,304,2,888859328,F,0,34,artist
730,123,2,878240896,F,0,27,artist
730,659,2,878309312,F,0,43,administrator
205,537,2,880597440,M,1,44,administrator
730,319,2,878527808,F,0,44,administrator
197,133,1,878284160,M,1,28,artist
730,622,2,888661632,F,0,42,administrator
730,758,1,885771520,M,1,43,artist
730,750,1,878418624,M,1,26,artist
730,293,2,878227584,F,0,44,administrator
730,157,2,878198272,F,0,44,administrator
196,153,1,878429184,M,1,26,administrator
705,293,1,878952640,M,1,41,administrator
730,758,2,878767936,F,0,44,administrator
730,415,2,878240512,F,0,26,artist
728,161,1,887989312,F,0,32,artist
295,157,2,888605760,M,1,44,artist
730,755,1,879389696,M,1,44,administrator
688,254,2,878776512,M,1,44,administrator
725,169,2,888859520,F,0,32,artist
730,434,2,887581568,F,0,44,administrator
197,159,1,888374592,F,0,42,administrator
730,759,1,888739136,M,1,25,administrator
730,694,1,878601088,F,0,40,administrator
358,198,2,888444032,M,1,44,administrator
730,759,2,887542784,F,0,26,artist
721,274,1,880751936,M,1,44,administrator
719,421,1,879224576,M,1,29,administrator
199,127,1,878199360,M,1,36,administrator
559,128,1,878198848,M,1,29,administrator
195,617,1,885967424,M,1,44,administrator
195,347,1,885132096,F,0,30,administrator
730,681,2,878254912,M,1,44,administrator
730,708,1,882773120,M,1,28,administrator
195,664,2,878197952,F,0,31,administrator
730,145,2,888859520,F,0,28,artist
730,746,2,888352448,F,0,24,artist
730,97,1,878197888,M,1,27,artist
730,275,2,878528320,F,0,33,administrator
730,99,1,878197888,F,0,27,artist
195,532,2,880572160,F,0,31,administrator
196,194,2,888856320,F,0,31,administrator
730,97,2,878197888,F,0,25,artist
195,360,1,878277760,M,1,30,administrator
678,213,1,878219648,M,1,44,administrator
204,211,1,888858240,F,0,31,administrator
730,740,2,878310784,F,0,44,administrator
195,676,1,878367168,F,0,43,administrator
730,721,2,880940160,F,0,29,artist
730,729,1,878198208,M,1,22,artist
195,582,1,880905024,M,1,33,administrator
196,125,2,888719680,F,0,44,administrator
195,740,1,888858880,F,0,32,administrator
730,751,2,878675264,F,0,32,administrator
201,165,2,888859392,F,0,32,artist
524,120,1,878372224,F,0,31,administrator
195,192,1,880031616,F,0,32,administrator
730,758,1,888694848,M,1,27,administrator
195,644,1,888388672,M,1,41,administrator
711,191,1,882578624,M,1,44,administrator
195,738,1,888773056,F,0,31,administrator
195,261,2,885781504,F,0,31,administrator
730,757,2,879405440,F,0,31,administrator
730,759,2,888859520,M,1,40,artist
729,429,1,878301888,M,1,30,administrator
195,602,1,878252352,F,0,30,administrator
730,166,2,888859520,M,1,29,artist
457,166,1,888783168,F,0,30,administrator
195,662,1,888224768,F,0,30,administrator
195,171,1,878208896,F,0,31,administrator
693,338,2,878233856,F,0,44,administrator
195,600,2,888514112,F,0,32,administrator
195,561,1,878210944,F,0,29,administrator
730,552,2,888858944,M,1,35,artist
195,160,1,878266624,F,0,30,administrator
730,751,1,878197888,M,1,22,artist
730,715,2,878350464,M,1,44,administrator
196,179,1,878199232,F,0,38,administrator
270,141,2,878354240,F,0,32,administrator
678,173,2,878208576,M,1,44,administrator
730,224,2,878198016,F,0,28,artist
195,339,1,886105152,F,0,30,administrator
195,222,1,878930560,F,0,44,administrator
730,612,2,884590144,F,0,30,artist
684,136,1,878292032,F,0,44,administrator
730,621,1,878322816,M,1,44,administrator
730,191,2,878198208,F,0,36,administrator
730,101,1,878197952,M,1,27,artist
195,719,1,888807616,M,1,44,administrator
195,231,1,888859072,M,1,44,artist
730,115,2,878206784,F,0,44,administrator
195,757,1,884021248,M,1,30,administrator
388,120,2,888646656,F,0,33,administrator
730,168,2,878260160,F,0,34,artist
195,732,1,878210048,F,0,31,administrator
730,258,1,888854464,F,0,31,artist
250,146,1,888661376,M,1,42,administrator
730,97,2,878197888,M,1,27,artist
730,395,1,879185024,M,1,28,administrator
730,752,1,879195264,F,0,27,artist
196,219,1,878413888,M,1,29,administrator
730,236,1,878197888,F,0,25,artist
679,453,1,888521984,M,1,28,administrator
195,188,1,878197888,F,0,26,artist
730,123,2,888400064,F,0,33,administrator
729,122,1,879658880,M,1,29,administrator
730,387,1,888859520,F,0,29,administrator
195,593,1,884501568,F,0,30,administrator
195,528,2,878211520,F,0,34,artist
195,143,1,888859520,M,1,44,artist
730,750,2,888859520,F,0,27,artist
730,753,2,885907136,F,0,29,administrator
198,476,2,878202240,M,1,44,administrator
730,758,2,878197888,M,1,27,administrator
730,758,2,878199296,M,1,22,artist
727,148,2,888859520,F,0,30,artist
195,245,1,878424512,F,0,31,administrator
195,379,1,878200128,F,0,30,administrator
195,757,1,878827520,F,0,29,administrator
725,211,1,888858688,F,0,29,administrator
619,152,1,878198016,F,0,32,administrator
304,173,1,878197888,F,0,30,administrator
317,136,1,878378560,F,0,35,administrator
332,253,1,878334464,M,1,44,administrator
726,114,1,878197888,F,0,29,artist
205,192,1,885144704,M,1,31,administrator
691,153,1,880514176,M,1,44,administrator
195,388,1,878332352,F,0,30,administrator
195,697,1,878240064,M,1,27,administrator
196,399,1,879811968,F,0,30,administrator
730,120,2,878197888,F,0,30,artist
730,342,2,878324672,F,0,44,administrator
195,431,1,878197888,F,0,28,administrator
210,111,1,885659648,M,1,29,administrator
375,189,1,888654464,M,1,28,administrator
730,696,2,878209216,M,1,28,artist
730,97,2,878197888,F,0,26,artist
722,145,1,888690624,F,0,40,administrator
195,146,1,888812032,F,0,31,administrator
195,180,2,878305600,F,0,33,administrator
212,267,1,878483520,F,0,35,administrator
700,105,1,878197888,F,0,27,artist
195,164,1,888673600,M,1,30,administrator
730,126,1,878201536,F,0,28,artist
730,757,2,888858368,F,0,29,artist
195,685,2,878199424,F,0,34,artist
195,151,1,884518976,F,0,36,administrator
730,252,1,878202752,F,0,27,artist
730,492,1,878197888,M,1,26,administrator
679,191,2,879692480,F,0,41,administrator
676,252,2,882479552,M,1,44,artist
730,708,1,888790976,F,0,31,administrator
730,388,1,888622336,F,0,31,administrator
195,201,2,878205632,F,0,44,administrator
195,514,1,888859520,M,1,44,artist
730,207,1,888557504,F,0,31,administrator
195,261,1,888847360,M,1,35,artist
730,478,1,881248064,F,0,38,administrator
195,411,1,887869504,M,1,44,administrator
724,474,1,879420864,F,0,31,administrator
672,107,1,888702656,F,0,44,administrator
195,758,2,888853376,F,0,31,artist
195,365,1,881746624,F,0,30,administrator
726,226,1,884984192,M,1,44,administrator
195,174,2,888856448,F,0,33,administrator
730,536,2,883143488,F,0,32,administrator
289,129,2,878198336,F,0,35,administrator
195,758,2,888859520,M,1,44,artist
730,391,1,878204672,M,1,28,artist
195,237,1,878375040,M,1,28,administrator
730,759,2,888857792,M,1,44,artist
730,707,1,888859520,F,0,28,administrator
730,232,2,888677248,F,0,32,administrator
195,174,1,888829184,F,0,30,artist
195,231,1,878328192,F,0,32,administrator
730,180,1,878197888,M,1,24,artist
202,124,1,886819008,M,1,31,administrator
730,758,2,878679296,M,1,25,administrator
730,670,1,878671552,M,1,25,administrator
196,293,1,878204672,M,1,28,administrator
730,633,2,888243328,F,0,32,artist
195,758,2,888851136,F,0,40,administrator
730,99,1,878197888,M,1,28,artist
195,653,2,879134656,F,0,44,administrator
195,725,2,878217344,F,0,31,administrator
209,182,1,878644800,M,1,44,administrator
730,108,2,878197888,F,0,28,artist
709,255,1,878303744,M,1,33,administrator
204,127,1,888859264,F,0,31,administrator
730,700,2,878630720,F,0,44,administrator
730,707,1,878261248,M,1,33,administrator
281,110,2,878202816,F,0,34,administrator
195,663,1,885880512,F,0,29,administrator
730,653,2,888758592,F,0,27,administrator
195,324,1,888778240,M,1,44,administrator
730,103,1,878224064,M,1,26,artist
730,100,1,878197888,F,0,22,artist
197,475,2,885605248,M,1,44,artist
211,160,2,887051328,M,1,44,administrator
195,376,2,888859520,F,0,44,administrator
730,133,2,888661568,F,0,31,artist
195,547,1,878197952,F,0,29,administrator
195,754,2,878215936,F,0,33,administrator
487,254,1,888846912,M,1,37,administrator
195,617,1,888300544,F,0,29,administrator
195,232,2,878419072,F,0,34,administrator
699,404,1,879244096,M,1,44,administrator
730,697,2,878198080,M,1,26,artist
730,729,1,879750784,M,1,43,administrator
224,126,1,878277312,M,1,29,administrator
195,739,2,878198272,F,0,37,administrator
195,169,2,888857280,F,0,29,administrator
730,651,1,885053568,M,1,30,administrator
285,110,1,878197888,M,1,27,artist
730,661,1,888522688,F,0,30,administrator
730,103,2,878197888,F,0,32,artist
196,203,2,888859520,F,0,43,artist
730,740,2,879188224,F,0,27,artist
195,518,1,888859520,F,0,32,artist
730,229,1,878198528,F,0,28,artist
198,165,2,888851776,F,0,44,administrator
195,303,1,879496320,M,1,40,administrator
725,483,2,886624704,F,0,44,administrator
730,107,1,878199104,M,1,25,artist
730,693,2,888859520,F,0,28,artist
195,565,1,888838208,F,0,42,artist
730,298,2,881853824,F,0,42,administrator
195,743,1,888859264,M,1,42,artist
195,341,1,878198336,F,0,36,administrator
700,146,1,878840640,M,1,44,administrator
195,297,1,888792256,F,0,31,artist
730,134,1,878197888,F,0,26,artist
195,253,1,888857856,F,0,30,administrator
195,354,1,878206528,F,0,30,administrator
195,713,2,879903552,F,0,42,administrator
195,623,1,882706816,F,0,30,administrator
214,182,1,879838464,M,1,44,administrator
730,605,1,888856128,F,0,29,administrator
242,224,2,878248320,F,0,32,administrator
730,720,2,888859520,F,0,27,artist
198,239,1,886068608,F,0,32,administrator
553,179,1,885433536,F,0,35,administrator
195,694,1,878215232,F,0,29,administrator
195,748,2,887672128,F,0,33,artist
195,251,1,888012224,F,0,30,administrator
195,476,1,884130880,M,1,32,administrator
195,758,2,879333184,F,0,34,artist
691,133,2,878222144,F,0,34,administrator
730,717,2,888859456,M,1,27,artist
730,606,2,879686912,M,1,27,artist
195,735,1,878260608,M,1,37,administrator
195,205,1,886394560,F,0,30,administrator
730,588,2,878357760,M,1,27,administrator
195,376,1,886196800,M,1,31,artist
195,301,1,878205632,F,0,32,administrator
669,254,1,881567616,M,1,44,administrator
198,183,1,888858240,F,0,30,artist
730,156,2,878337152,F,0,38,administrator
727,211,2,878290368,M,1,44,administrator
379,119,1,883177920,F,0,32,administrator
727,135,2,888854400,F,0,29,administrator
730,378,1,878253440,M,1,27,administrator
200,143,1,878249856,F,0,29,artist
269,167,2,888292864,F,0,44,administrator
195,293,1,878197888,F,0,30,administrator
730,739,2,878198016,M,1,30,administrator
712,167,1,878578112,F,0,31,administrator
716,534,2,880020992,M,0,44,administrator
195,201,1,888726976,F,0,30,administrator
195,187,1,878197888,M,1,27,administrator
198,138,2,888838272,F,0,29,administrator
730,128,2,883332480,M,1,29,artist
195,241,1,888858368,M,1,34,administrator
409,196,1,879360640,M,1,28,administrator
730,120,2,878206272,F,0,44,administrator
195,385,1,878341184,M,1,44,administrator
195,726,2,888855104,F,0,35,administrator
586,128,1,878222016,F,0,29,artist
730,97,1,878197888,M,1,23,artist
195,169,2,888803136,M,1,44,administrator
198,190,2,878197952,F,0,34,administrator
667,224,1,888454144,M,1,32,administrator
730,634,1,886167168,F,0,33,administrator
730,485,1,888859520,F,0,30,administrator
730,670,1,878210496,M,1,39,administrator
730,647,2,883399488,F,0,27,artist
730,672,1,888843968,F,0,28,administrator
730,250,2,878209088,F,0,44,administrator
226,104,1,878235008,M,1,29,artist
239,156,1,878224384,M,1,42,artist
211,159,1,878536832,M,1,44,administrator
195,241,1,888380160,F,0,30,administrator
730,362,1,879716352,M,1,29,administrator
730,169,2,885597184,F,0,33,artist
412,156,1,878198592,F,0,31,administrator
195,130,1,878197888,F,0,25,artist
553,100,1,888851840,M,1,44,artist
723,137,2,878979904,F,0,32,administrator
730,242,1,888617920,M,1,43,artist
729,149,1,882557632,M,1,30,artist
724,191,2,880434112,F,0,44,administrator
730,478,2,878233600,F,0,34,administrator
730,312,1,880984768,F,0,44,administrator
195,632,1,887930688,M,1,30,administrator
730,265,1,888858624,F,0,28,administrator
682,177,1,888859456,F,0,31,administrator
232,115,1,878214592,F,0,32,administrator
195,397,1,878198016,M,1,29,administrator
729,236,1,881411904,M,1,44,administrator
730,758,2,888858496,M,1,44,administrator
730,759,1,878198528,M,1,27,administrator
195,379,1,883915968,F,0,30,administrator
730,721,1,888826304,F,0,28,administrator
195,402,1,888857920,M,1,43,artist
208,113,2,878197888,F,0,36,administrator
195,669,2,879765696,F,0,35,administrator
195,498,1,888858048,F,0,30,administrator
195,239,1,882967616,F,0,31,administrator
195,187,1,878198080,M,1,26,administrator
730,757,1,878198016,M,1,44,administrator
195,310,1,878200128,F,0,28,administrator
730,383,2,878197888,M,1,35,administrator
195,210,1,878197952,F,0,31,administrator
730,692,1,888772992,F,0,28,artist
730,758,2,886706752,M,1,44,administrator
730,210,1,879397696,M,1,44,administrator
195,566,2,886512960,F,0,31,administrator
730,412,2,878197888,M,1,22,artist
195,527,2,888859456,F,0,30,artist
195,371,1,880961280,F,0,30,administrator
730,680,1,878198080,M,1,23,artist
728,105,1,888859520,M,1,37,artist
729,301,2,878197952,F,0,32,administrator
195,635,1,879137024,M,1,44,administrator
642,374,1,878859776,M,1,44,administrator
197,355,1,880795840,F,0,31,administrator
730,758,1,878215424,M,1,27,administrator
195,652,1,888705664,F,0,33,artist
195,754,1,888763328,F,0,33,artist
195,751,1,888610368,F,0,39,administrator
197,119,2,888859520,M,1,43,artist
730,759,2,888752064,M,1,43,administrator
409,375,2,878243072,M,1,44,administrator
195,748,1,888859520,M,1,41,administrator
729,327,2,887230080,F,0,33,artist
195,398,1,879186432,F,0,44,administrator
195,285,1,879339392,M,1,44,administrator
504,143,2,878197888,F,0,33,administrator
730,99,1,888777600,M,1,31,artist
706,120,1,878686656,F,0,44,administrator
725,146,1,888859264,M,1,26,administrator
480,123,1,878198080,F,0,29,administrator
725,100,2,879500544,M,1,30,artist
195,742,1,888792192,F,0,31,administrator
328,300,2,878217792,F,0,44,administrator
729,118,2,888859520,M,1,28,artist
726,173,2,883426624,F,0,44,administrator
651,106,1,881414144,M,1,34,artist
729,320,2,879087936,F,0,33,administrator
730,209,2,878342784,F,0,27,artist
730,183,1,888838464,F,0,44,administrator
730,759,2,878446912,M,1,23,artist
730,758,1,878198528,M,1,26,administrator
729,149,1,878198080,F,0,27,artist
730,669,1,878200640,M,1,24,artist
195,376,1,888858176,F,0,32,artist
247,120,1,888658048,F,0,33,administrator
730,749,1,881232960,M,1,44,administrator
730,752,2,886375808,F,0,30,administrator
730,507,2,888858240,F,0,27,administrator
730,492,1,878214720,M,1,29,administrator
727,198,1,878203328,F,0,30,administrator
195,675,1,885517952,F,0,41,administrator
195,284,1,888859520,M,1,34,administrator
730,585,2,878197888,M,1,31,administrator
195,164,1,888859392,F,0,30,administrator
730,759,2,883498368,M,1,44,administrator
195,319,2,878198208,F,0,32,administrator
730,759,1,888842176,M,1,32,artist
195,223,1,879036992,M,1,26,administrator
730,672,1,878198208,M,1,26,administrator
195,454,1,888342464,M,1,44,administrator
195,380,2,878215936,F,0,37,administrator
730,758,2,888854208,F,0,28,administrator
253,190,1,888038912,F,0,31,administrator
195,569,1,879036416,F,0,30,administrator
730,699,1,878251264,M,1,28,artist
195,311,2,878224000,F,0,30,artist
195,352,2,888858752,M,1,31,administrator
692,130,1,878931648,M,1,43,administrator
730,556,2,888800512,F,0,29,administrator
195,701,1,878203840,F,0,30,administrator
263,242,1,878197952,F,0,31,administrator
195,217,2,878217408,F,0,32,administrator
730,759,2,888859008,M,1,35,artist
730,374,1,879578688,M,1,27,administrator
730,106,1,878197952,F,0,30,artist
434,168,2,878222784,F,0,44,administrator
730,134,2,878200832,F,0,44,administrator
730,116,2,878198528,F,0,33,artist
730,591,2,888588032,F,0,44,administrator
728,192,2,885299712,F,0,42,administrator
730,284,1,888827776,F,0,35,artist
486,128,1,888856832,F,0,43,administrator
195,329,1,887902272,F,0,31,administrator
195,257,1,888308736,F,0,29,administrator
730,751,1,878200192,M,1,44,administrator
730,547,2,887730304,F,0,32,artist
717,222,1,888859520,F,0,39,administrator
195,537,1,878199104,F,0,29,administrator
730,758,2,880209344,M,1,44,administrator
730,685,2,878197888,M,1,22,artist
730,758,1,879290624,M,1,43,administrator
196,165,1,884500544,M,1,30,administrator
730,409,1,878214080,F,0,31,administrator
730,476,1,878199360,M,1,24,artist
730,759,2,878298240,M,1,28,administrator
690,158,1,881463168,M,1,44,administrator
730,318,1,888858624,F,0,28,administrator
730,153,1,880138048,M,1,44,administrator
196,154,2,878200320,F,0,35,artist
730,697,1,878394880,M,1,28,administrator
195,185,1,878197952,F,0,30,administrator
195,252,1,879065216,F,0,30,administrator
517,281,1,888474496,F,0,32,administrator
195,698,1,882930304,F,0,34,administrator
195,537,1,886470976,M,1,32,artist
195,752,1,888858496,M,1,41,administrator
730,105,1,878197888,F,0,26,artist
601,129,1,878198080,F,0,28,artist
579,146,1,888859520,M,1,33,artist
217,138,2,878230912,F,0,44,administrator
730,642,1,879080448,M,1,28,administrator
195,743,2,888716416,M,1,44,artist
195,738,1,878199040,F,0,28,administrator
197,205,1,878360192,F,0,31,administrator
201,262,1,878202432,F,0,29,administrator
195,166,1,878200384,M,1,27,administrator
730,354,1,878204672,M,1,27,administrator
195,294,1,888776384,M,1,29,administrator
727,252,2,888859520,F,0,27,artist
418,170,1,883853760,M,1,44,administrator
730,697,1,878234496,M,1,25,artist
513,116,2,887507392,F,0,43,administrator
730,707,1,886747968,M,1,29,administrator
195,582,1,887563648,M,1,44,administrator
730,98,1,878197888,M,1,26,artist
195,746,1,888805312,F,0,31,administrator
195,272,2,887188416,F,0,33,administrator
730,755,1,887696704,M,1,38,administrator
195,611,2,888852672,M,1,35,artist
730,717,1,883316928,M,1,44,administrator
195,441,2,888852992,F,0,33,administrator
654,169,2,884922432,M,1,44,administrator
197,135,1,888688832,F,0,29,administrator
730,652,1,878292288,F,0,32,artist
195,599,2,888558336,F,0,44,administrator
195,263,2,878614592,F,0,32,administrator
730,758,1,884184128,F,0,43,administrator
482,203,1,885174208,M,1,44,administrator
730,99,1,878198080,M,1,26,artist
195,390,2,878197952,F,0,36,administrator
715,203,1,884993280,M,1,36,administrator
195,710,1,878203264,F,0,29,administrator
417,117,1,878748736,F,0,44,administrator
730,617,1,878199488,F,0,30,artist
195,146,1,888859520,M,1,43,artist
195,444,1,883807360,F,0,44,administrator
730,130,1,878197888,M,1,24,artist
229,151,2,878220992,F,0,44,administrator
548,110,1,878197888,F,0,29,artist
730,755,1,878198720,M,1,43,administrator
195,572,1,888810944,F,0,32,administrator
730,428,2,878247872,M,1,44,administrator
730,585,1,885970240,F,0,44,administrator
720,132,1,878602624,M,1,30,administrator
728,192,1,888858688,M,1,44,artist
197,185,1,888390848,F,0,44,administrator
195,662,1,888754688,M,1,44,administrator
195,376,1,878216128,M,1,28,administrator
730,718,1,878198592,M,1,27,administrator
195,324,1,880914944,F,0,29,administrator
730,270,1,878198208,F,0,28,artist
195,295,1,887190144,M,1,28,administrator
196,111,1,878197888,F,0,28,artist
730,687,2,878230208,F,0,43,administrator
729,377,1,878607360,M,1,44,administrator
730,151,1,881051584,M,1,32,artist
730,450,2,878266816,M,1,44,administrator
723,97,1,878197888,M,1,27,artist
730,759,2,879904384,M,1,32,administrator
730,758,1,886940608,M,1,27,administrator
195,164,1,878852736,F,0,39,administrator
401,136,2,878261440,F,0,44,administrator
730,98,1,878197888,F,0,28,artist
730,102,2,878197888,F,0,30,artist
195,281,1,888093696,F,0,30,administrator
730,173,2,887188864,F,0,34,administrator
730,314,1,878398592,M,1,28,administrator
730,470,2,888817600,F,0,34,artist
195,418,1,888709056,F,0,32,administrator
730,758,1,878456448,F,0,28,administrator
730,577,2,888826560,F,0,29,artist
729,569,1,882185024,M,1,34,administrator
195,473,1,878770624,M,1,34,administrator
195,270,1,878197952,F,0,30,administrator
730,397,2,878489600,F,0,32,artist
195,722,1,879059200,M,1,28,administrator
350,171,2,887529216,F,0,32,administrator
730,706,1,878197888,M,1,23,administrator
729,218,2,878349888,F,0,34,artist
318,477,1,881595648,M,1,39,administrator
730,759,2,878207040,F,0,44,administrator
730,743,1,878197888,M,1,25,artist
196,137,2,888798528,F,0,34,administrator
200,208,1,888859520,M,1,33,artist
730,104,1,878197888,F,0,24,artist
210,110,1,888842048,M,1,44,administrator
730,465,2,878197888,F,0,31,artist
730,757,2,878198144,M,1,44,artist
201,354,1,879351168,M,1,44,administrator
730,97,1,878197888,M,1,29,artist
730,111,1,878202624,M,1,36,artist
516,198,1,878223808,M,1,43,administrator
210,175,1,886479616,M,1,44,administrator
730,317,2,878199744,F,0,36,administrator
730,743,2,882722496,M,1,26,artist
195,461,1,888858816,F,0,29,administrator
730,690,1,883605824,M,1,44,administrator
195,366,1,888823808,F,0,41,administrator
195,164,1,888613696,F,0,31,administrator
372,185,2,882115456,F,0,42,administrator
195,751,1,886062976,F,0,29,administrator
195,106,1,888859520,F,0,30,artist
676,351,1,887976192,M,1,44,administrator
195,701,1,878357632,M,1,28,administrator
730,750,1,879671936,M,1,29,administrator
195,757,1,878198912,F,0,31,artist
728,97,1,878197888,M,1,25,artist
730,107,1,878199488,M,1,26,artist
195,747,1,879274304,F,0,44,administrator
667,112,1,888329664,M,1,30,artist
609,236,1,888859392,M,1,29,administrator
730,103,1,878197888,F,0,27,artist
730,253,2,881304448,F,0,30,artist
203,175,2,888859520,F,0,31,artist
729,296,1,888431808,M,1,44,administrator
730,469,1,878298624,M,1,42,administrator
195,260,1,886745216,F,0,33,administrator
728,463,2,888859136,M,1,40,artist
729,287,2,888857600,F,0,32,administrator
730,222,1,878198144,F,0,30,administrator
730,607,1,878935680,F,0,33,administrator
423,136,2,878254528,F,0,44,administrator
195,613,1,878204736,F,0,31,administrator
730,106,1,878197888,F,0,26,artist
195,738,1,878932224,F,0,31,administrator
730,110,1,878197888,M,1,25,artist
195,274,1,888858752,M,1,32,administrator
393,422,2,881698688,M,1,44,administrator
689,98,1,878197888,M,1,26,artist
373,221,1,878200704,F,0,32,administrator
198,148,2,888859328,F,0,44,administrator
730,547,1,878197952,F,0,30,administrator
730,497,1,879130560,M,1,44,administrator
719,213,1,878236224,M,1,33,administrator
730,551,2,887089600,F,0,35,administrator
730,98,2,878197888,M,1,26,artist
195,694,1,878240896,F,0,29,administrator
200,156,1,888854272,F,0,39,administrator
195,127,1,888553280,M,1,32,artist
730,752,1,882093248,M,1,42,administrator
195,711,1,883690432,M,1,43,administrator
198,159,1,878199104,F,0,31,administrator
730,722,1,878234304,M,1,25,artist
195,466,1,878248512,F,0,38,administrator
729,111,1,878201600,F,0,28,artist
730,121,2,878197888,F,0,31,administrator
195,272,1,888859520,M,1,44,artist
195,396,1,878764480,M,1,44,administrator
195,530,2,888859520,F,0,30,artist
730,109,1,878197888,M,1,26,artist
726,197,2,888785280,M,1,44,artist
195,152,1,888747328,F,0,31,administrator
529,158,2,885504704,F,0,44,administrator
274,303,1,888253568,M,1,30,administrator
681,136,1,878508928,M,1,31,administrator
200,195,1,878202112,F,0,30,administrator
535,472,1,887559488,F,0,31,administrator
730,102,1,878197888,M,1,24,artist
304,242,2,888859520,F,0,32,artist
730,758,1,886449344,M,1,43,administrator
195,400,1,880728896,M,1,44,administrator
195,633,1,878203456,F,0,29,administrator
730,649,1,878306112,M,1,42,administrator
195,534,2,887662464,F,0,35,administrator
195,750,1,888489728,F,0,30,administrator
195,314,1,888825920,F,0,30,administrator
321,268,2,888695616,M,1,44,artist
730,638,2,878392320,M,1,44,administrator
730,109,1,878200448,M,1,23,artist
730,409,1,878236544,M,1,39,administrator
195,683,1,878838016,M,1,44,administrator
727,406,2,878597696,F,0,32,administrator
195,468,1,878205440,M,1,27,administrator
195,541,1,880350016,F,0,32,administrator
195,563,1,878485824,F,0,30,administrator
730,756,2,878234496,F,0,26,artist
728,531,1,888859520,M,1,42,artist
195,210,1,883168960,F,0,35,administrator
730,727,1,881271872,M,1,42,administrator
195,444,2,887702400,F,0,33,administrator
723,119,2,888716864,F,0,43,administrator
730,303,1,883243264,M,1,35,administrator
730,755,2,880042368,M,1,44,administrator
195,319,1,878531648,F,0,29,artist
730,314,1,878504512,M,1,38,artist
730,716,1,888853312,F,0,29,administrator
730,745,2,888678976,M,1,43,artist
730,291,2,888856640,F,0,44,administrator
730,107,2,880035904,F,0,36,administrator
730,365,1,878200768,M,1,28,administrator
195,744,1,878254592,F,0,29,administrator
549,153,1,878198080,F,0,33,administrator
195,509,1,885259584,F,0,43,administrator
496,175,1,888822656,M,1,43,artist
195,338,1,884122880,F,0,44,administrator
729,147,1,878348480,M,1,44,administrator
726,367,1,878338112,M,1,30,administrator
730,423,1,888857472,F,0,29,administrator
195,295,1,888846976,F,0,39,artist
195,539,1,880201216,M,1,44,administrator
366,183,1,886577600,M,1,43,administrator
730,694,2,888859200,M,1,28,artist
730,352,1,879162496,M,1,42,administrator
195,208,1,888859008,M,1,44,artist
195,628,1,888859328,F,0,43,administrator
730,100,1,888087232,M,1,26,artist
730,419,1,878311360,M,1,31,artist
641,114,1,878202176,F,0,28,artist
195,754,2,886928704,F,0,43,administrator
195,154,1,878278912,F,0,31,administrator
195,429,1,878222400,M,1,29,administrator
730,357,2,878198976,F,0,36,administrator
195,758,1,888859392,F,0,32,artist
195,689,1,886996352,F,0,30,administrator
198,219,1,878199680,F,0,32,administrator
328,141,2,880023936,F,0,44,administrator
195,566,1,885524608,M,1,43,administrator
570,101,1,878454848,M,1,27,artist
195,170,1,888701888,F,0,30,administrator
585,114,1,878219584,M,1,44,administrator
730,573,2,888857984,F,0,29,administrator
195,370,1,888413376,F,0,32,administrator
195,756,1,888847168,F,0,30,administrator
730,237,2,878206464,F,0,33,artist
730,754,1,878197888,M,1,22,artist
713,142,2,884488448,F,0,35,artist
195,707,1,880502528,F,1,44,administrator
730,759,1,888375040,M,1,26,administrator
195,566,1,888444992,F,0,32,administrator
571,163,1,878460864,F,0,44,administrator
730,727,2,878697920,M,1,44,administrator
195,582,1,878521856,F,0,29,administrator
730,326,1,878460672,M,1,42,administrator
730,488,1,878198592,F,0,33,administrator
195,661,2,887585536,M,1,33,administrator
195,363,1,878200576,F,0,28,administrator
730,621,2,888852032,F,0,30,administrator
730,643,2,888697792,F,0,30,administrator
730,653,1,879186368,M,1,43,administrator
195,351,1,888550528,F,0,30,administrator
730,399,1,888859520,F,0,29,administrator
730,359,1,879199936,F,0,34,administrator
730,376,1,878198144,M,1,31,administrator
196,267,2,888852160,F,0,33,artist
730,538,2,883449088,M,1,31,artist
234,299,2,881175360,F,0,32,artist
195,485,1,888706816,M,1,33,administrator
207,317,2,886154624,F,0,44,administrator
195,758,2,881087296,F,0,33,administrator
730,97,2,878198144,M,1,30,artist
730,720,1,888363072,M,1,44,administrator
730,134,2,880464832,F,0,34,artist
195,736,2,878689600,M,1,44,administrator
195,203,1,888084224,F,0,43,administrator
195,200,1,888850112,F,0,29,administrator
730,129,1,878439424,M,1,27,artist
730,507,2,880330880,M,1,44,administrator
730,676,2,878198976,M,1,44,administrator
730,664,2,878245632,M,1,44,administrator
730,630,1,884056256,M,1,44,administrator
195,585,1,888181696,M,1,44,administrator
697,353,2,888831552,M,1,43,administrator
730,756,1,879854528,M,1,44,administrator
195,737,1,878198656,F,0,29,administrator
679,511,2,888859520,M,1,44,artist
730,234,1,878197888,F,0,29,artist
697,206,1,883444992,M,1,44,administrator
195,539,1,878206848,M,1,28,administrator
195,335,1,888795584,M,1,44,administrator
195,244,1,888854528,F,0,29,administrator
195,671,2,880349312,F,0,31,administrator
730,253,1,878197952,M,1,29,administrator
298,113,1,888850496,M,1,44,artist
728,211,1,878224960,F,0,43,administrator
195,745,1,883402496,F,0,30,administrator
730,326,1,884021504,F,0,29,administrator
195,541,2,888736192,F,0,44,administrator
730,611,1,879122560,F,0,34,administrator
195,675,2,880139072,F,0,31,administrator
730,706,2,888858496,F,0,27,administrator
730,100,2,880683392,F,0,44,administrator
195,280,2,878198656,F,0,36,administrator
730,181,1,878336128,M,1,28,artist
730,747,2,888730368,M,1,27,artist
730,250,1,888859520,M,1,39,artist
730,166,1,878997824,F,0,44,administrator
195,489,1,888710912,F,0,44,administrator
730,655,2,878201088,M,1,44,administrator
195,646,1,887001216,F,0,40,administrator
709,113,1,878231616,M,1,44,administrator
195,138,1,888859520,M,1,41,artist
204,413,2,888165504,F,0,38,administrator
195,758,1,888815232,F,0,32,administrator
195,339,1,882970432,F,0,40,administrator
195,575,1,878958592,M,1,33,administrator
729,266,1,880819968,M,1,44,administrator
195,442,2,888859456,F,0,44,artist
552,122,1,881939968,M,1,44,artist
550,150,1,878298176,M,1,44,administrator
195,182,1,888802240,F,0,31,administrator
195,580,1,879113344,F,0,32,administrator
730,378,1,878198336,M,1,28,administrator
199,157,2,887656896,F,0,43,administrator
730,169,1,888858304,M,1,28,artist
195,752,1,888683712,M,1,42,administrator
730,142,2,888859008,M,1,33,artist
214,249,1,879591168,M,1,44,administrator
730,530,1,888751488,M,1,41,administrator
195,708,1,879508672,F,0,30,administrator
724,362,1,879213120,M,1,32,administrator
201,237,1,888856448,F,0,29,administrator
197,155,1,888309376,F,0,30,administrator
195,517,2,878474112,F,0,35,administrator
730,235,1,878257408,M,1,37,artist
730,106,1,878197888,F,0,23,artist
195,112,1,888403776,M,1,30,artist
277,194,1,878257280,M,1,27,administrator
224,179,1,882967936,F,0,34,administrator
730,164,1,878486528,M,1,26,artist
730,117,2,888859520,M,1,29,artist
519,141,1,888817792,F,0,29,administrator
730,669,1,884030400,F,0,38,administrator
730,758,1,878244096,M,1,22,artist
630,201,2,888412800,F,0,37,administrator
730,179,2,885751232,F,0,44,administrator
309,155,1,888782016,F,0,31,administrator
684,266,2,884264256,F,0,44,administrator
730,276,2,887401728,F,0,40,administrator
195,749,1,888857472,M,1,44,administrator
195,211,1,878198272,F,0,30,administrator
195,342,1,878370816,F,0,29,artist
195,623,1,879709760,F,0,44,administrator
195,248,1,878219264,M,1,28,administrator
195,693,2,878203520,F,0,36,administrator
195,118,1,888789824,M,1,44,artist
727,344,2,879038080,M,1,35,administrator
210,316,2,878399552,F,0,33,administrator
195,322,2,887152512,F,0,37,artist
195,266,1,888818816,M,1,43,artist
730,749,1,878794304,M,1,44,administrator
197,527,2,888830080,M,1,44,artist
730,398,1,888847040,F,0,30,administrator
195,211,2,888859200,F,0,36,administrator
195,172,2,888859392,F,0,32,artist
195,146,1,884073792,F,0,44,administrator
215,265,1,881451648,M,1,27,administrator
443,154,1,878198336,M,1,27,administrator
730,455,2,888859520,M,1,28,artist
730,589,2,878197888,F,0,34,artist
730,752,2,878242176,M,1,23,artist
730,741,2,886699136,M,1,37,administrator
689,131,2,879091840,F,0,43,administrator
195,194,1,878200192,M,1,27,administrator
229,179,1,884082304,M,1,30,administrator
730,748,1,888853888,F,0,27,administrator
211,283,2,887555136,F,0,44,administrator
195,183,1,881137792,F,0,30,administrator
195,361,2,878248512,F,0,44,administrator
730,322,2,888858112,F,1,27,artist
464,109,1,878198464,F,0,31,administrator
730,381,1,880524096,F,0,31,administrator
195,638,2,888859456,F,0,34,artist
195,643,1,879752384,F,0,31,administrator
730,108,1,879110976,F,0,29,artist
220,205,1,885675904,M,1,28,administrator
730,145,2,888784448,F,0,38,administrator
730,103,2,878725440,M,1,25,artist
730,449,2,888859392,M,1,44,artist
730,316,1,884606208,M,1,44,artist
370,125,1,888859200,F,0,30,administrator
195,370,2,885145792,F,0,44,administrator
728,300,1,878325248,F,0,28,artist
730,758,1,888630464,M,1,43,administrator
730,101,2,878197888,F,0,32,artist
243,167,1,888859520,M,1,40,artist
730,446,2,879461952,M,1,39,administrator
195,589,1,888583872,F,0,30,administrator
730,748,1,886939200,M,1,38,administrator
730,188,1,879444800,M,1,26,artist
728,104,1,885709312,F,0,32,artist
195,470,1,882039104,F,0,31,administrator
340,130,2,883877120,F,0,32,administrator
730,306,2,888390592,F,0,30,artist
195,242,1,888124992,F,0,29,artist
730,351,1,878205120,M,1,26,administrator
730,758,1,888858944,F,0,27,administrator
215,195,1,888635008,M,1,37,administrator
728,365,1,878199296,F,0,32,administrator
730,97,1,878197888,M,1,25,artist
195,392,1,884618368,F,0,31,administrator
730,757,2,885918656,M,1,31,administrator
195,743,2,888513920,F,0,39,administrator
306,226,1,878382016,M,1,44,administrator
727,411,1,879197056,F,0,40,administrator
195,658,1,878200512,F,0,29,artist
730,308,2,887441920,F,0,41,administrator
730,716,1,888744064,M,1,44,administrator
730,98,1,878198080,M,1,25,artist
201,201,1,879265984,M,1,43,administrator
195,528,1,888838208,F,0,43,administrator
730,739,1,878199552,M,1,28,administrator
730,750,2,888858432,M,1,29,artist
651,172,1,880983680,M,1,29,administrator
730,656,1,878198144,F,0,29,administrator
729,302,1,884369152,M,1,44,administrator
730,193,1,878197888,M,1,25,administrator
730,738,1,878198272,M,1,28,administrator
202,418,2,878201152,F,0,44,administrator
195,748,2,888717696,F,0,31,administrator
195,420,2,883201088,M,1,44,administrator
730,755,1,888539968,M,1,28,administrator
196,103,1,878200832,M,1,30,artist
195,276,1,887356992,F,0,30,administrator
195,367,2,887275904,F,0,31,artist
729,462,1,879143872,M,1,26,administrator
199,202,1,878198784,F,0,29,administrator
195,353,1,878200896,F,0,32,administrator
195,163,1,888859520,F,0,35,artist
730,368,2,880492480,F,0,32,administrator
730,684,1,887749568,M,1,29,administrator
730,739,2,878230912,F,0,27,artist
257,143,1,878318080,F,0,44,administrator
576,161,1,878317952,M,1,44,administrator
730,758,2,888846656,M,1,34,administrator
197,195,1,888859520,F,0,31,administrator
730,758,1,884493568,M,1,44,administrator
698,156,1,880777856,F,0,43,administrator
730,194,1,879977408,F,0,44,administrator
707,231,1,879092160,M,1,44,administrator
197,343,2,888424576,F,0,36,artist
195,413,2,878231040,F,0,33,administrator
195,734,1,888126016,F,0,33,artist
196,276,1,882370816,F,0,33,administrator
196,185,1,878202688,F,0,29,administrator
195,549,1,883275520,F,0,29,administrator
730,191,1,885805632,F,0,44,administrator
730,759,1,888794048,M,1,44,artist
730,264,2,888856320,M,1,27,artist
195,695,1,888859520,F,0,34,artist
730,265,1,888720256,F,0,40,administrator
724,345,1,879883328,M,1,44,administrator
730,246,1,888859200,M,1,39,artist
195,194,1,883239744,F,0,31,administrator
730,312,1,888859008,F,0,28,administrator
730,499,2,878375488,M,1,44,administrator
729,272,1,886715008,F,0,44,administrator
348,178,2,880627968,F,0,44,administrator
195,674,2,888859200,F,0,31,administrator
730,698,2,878226752,M,1,43,administrator
228,206,1,879240320,M,1,44,administrator
248,138,1,878451008,F,0,31,administrator
195,620,2,888772608,M,1,43,administrator
730,758,1,879227008,M,1,44,administrator
195,288,1,879788672,M,1,28,administrator
195,164,1,878197888,F,0,29,administrator
195,670,2,888856448,F,0,36,artist
730,759,2,886660224,M,1,44,administrator
730,752,2,888856768,F,0,30,artist
730,494,1,878199040,M,1,27,administrator
195,160,1,888799360,F,0,30,administrator
195,147,1,888859200,F,0,30,administrator
724,139,2,878221312,F,0,44,administrator
195,132,1,888658560,F,0,29,administrator
730,758,1,878254976,M,1,33,administrator
725,154,1,878864192,M,1,44,administrator
199,162,1,888786624,M,1,38,administrator
682,211,2,887927808,F,0,33,administrator
730,706,2,878225408,M,1,44,administrator
456,101,1,878197888,F,0,25,artist
195,628,1,878198272,F,0,28,administrator
204,295,1,888853056,F,0,33,administrator
195,758,1,888762688,F,0,31,administrator
196,135,2,878215424,F,0,34,administrator
195,482,1,888411008,F,0,31,administrator
730,469,1,878197952,M,1,23,artist
730,134,2,887575488,M,1,29,artist
195,313,1,878485248,M,1,44,administrator
730,223,1,878198912,M,1,26,administrator
730,119,1,878353408,M,1,28,artist
606,228,2,888859328,F,0,29,administrator
629,316,1,881829632,M,1,43,administrator
719,489,1,888423808,F,0,37,administrator
195,746,1,888648448,M,1,43,administrator
666,104,1,878197952,F,0,32,administrator
730,755,1,878252096,M,1,24,artist
195,385,1,878198720,M,1,28,administrator
730,97,1,878197888,M,1,23,artist
195,447,1,878273728,M,1,39,administrator
730,108,2,878197952,M,1,27,artist
196,254,1,887650176,F,0,30,administrator
730,97,1,878197888,M,1,25,artist
730,590,2,888859456,M,1,28,artist
730,458,1,878199744,F,0,29,artist
195,424,1,888813824,M,1,30,administrator
730,751,1,888676032,F,0,27,administrator
338,269,2,878258176,F,0,33,administrator
730,682,1,878198720,M,1,26,administrator
199,154,2,888852992,M,1,44,artist
242,308,1,888858624,M,1,31,administrator
195,272,1,878198592,F,0,31,administrator
729,240,2,879974144,F,0,43,administrator
204,109,1,878213824,F,0,31,administrator
210,102,1,878536192,M,1,29,artist
730,364,1,878197888,M,1,24,artist
730,547,1,878226112,M,1,28,administrator
730,633,2,888849024,F,0,28,administrator
195,746,1,888374464,F,0,44,administrator
724,134,2,878199168,F,0,43,administrator
723,213,1,888843968,M,1,44,administrator
727,568,1,882497024,M,1,30,administrator
195,473,1,878266496,M,1,38,administrator
730,121,2,879367744,F,0,33,administrator
216,166,1,888859456,F,0,43,administrator
195,199,1,878406784,M,1,28,administrator
730,746,2,878250048,F,0,33,administrator
229,581,2,888828992,F,0,39,artist
195,332,1,878213632,F,0,29,administrator
196,196,1,878198016,M,1,28,administrator
729,166,1,878197888,F,0,26,artist
205,129,1,888859456,F,0,30,administrator
520,325,1,878208832,M,1,27,administrator
730,332,1,878198080,F,0,30,administrator
730,116,1,878207040,F,0,31,artist
195,740,1,878244032,M,1,27,administrator
730,569,2,884110336,F,0,29,artist
201,304,1,878404480,F,0,44,administrator
195,181,1,888858368,F,0,29,administrator
730,742,1,888853568,M,1,44,artist
678,225,1,879916864,M,1,44,administrator
195,521,2,878198016,F,0,35,artist
195,594,1,885655104,F,0,29,administrator
730,419,1,888851520,F,1,32,artist
197,191,1,888637440,M,1,44,administrator
730,433,1,887534272,M,1,44,artist
197,328,1,885519616,M,1,44,administrator
195,585,1,886962944,F,0,29,administrator
195,682,1,878275904,F,0,44,administrator
195,317,1,888851264,F,0,34,administrator
730,107,1,878197952,M,1,25,artist
195,716,2,878210240,F,0,44,administrator
730,137,2,888859520,F,0,29,artist
195,372,2,888852480,F,0,30,administrator
723,153,2,888859520,M,1,32,artist
730,636,1,888859200,F,0,27,administrator
730,593,2,878237632,F,0,36,artist
703,231,1,888815360,M,1,31,artist
195,160,1,882384960,F,0,31,administrator
522,141,1,888857344,M,1,33,artist
195,208,1,888045056,F,0,29,administrator
206,138,2,888856640,F,0,44,administrator
195,622,2,888858816,F,1,44,artist
590,145,1,884217280,F,0,41,administrator
233,146,1,888859264,F,0,31,administrator
729,227,1,879539712,F,0,30,administrator
196,252,1,878259072,M,1,30,administrator
195,325,2,887946752,F,0,31,administrator
195,317,1,878198464,F,0,30,administrator
197,275,2,878766144,F,0,39,administrator
730,527,1,882215872,M,1,44,administrator
628,436,1,886917632,F,0,30,artist
730,637,2,878218496,F,0,41,administrator
209,132,2,878198976,F,0,44,administrator
195,203,1,878201600,F,0,30,administrator
195,489,2,878805504,F,0,32,artist
730,715,1,888858624,M,1,27,administrator
730,164,1,878197888,F,0,26,artist
265,117,1,878197888,F,0,28,artist
729,134,1,878197888,F,0,29,artist
207,219,1,878898112,F,0,43,administrator
730,718,1,884259648,M,1,44,administrator
730,100,2,888428864,M,1,27,artist
195,504,1,878197888,F,0,28,administrator
195,743,2,878212096,F,0,44,administrator
195,588,1,882093312,F,0,28,administrator
195,210,1,878316672,F,0,44,administrator
195,713,1,888850944,M,1,44,administrator
598,221,1,878688960,F,0,33,administrator
579,134,2,880486400,F,0,42,administrator
730,194,1,878206528,M,1,34,administrator
729,503,1,888811712,M,1,42,administrator
730,127,1,878197888,F,0,24,artist
196,230,1,882549632,M,1,43,administrator
248,365,2,878234112,M,1,35,administrator
730,101,1,878197888,F,0,26,artist
195,697,1,888250816,M,1,44,administrator
730,167,1,883499264,M,1,33,artist
195,122,1,888859456,M,1,44,artist
195,758,2,878452160,F,0,36,administrator
730,537,2,878202496,M,1,43,administrator
730,758,1,878789760,M,1,44,administrator
282,145,1,881294464,F,0,44,administrator
730,758,1,878498432,M,1,44,administrator
730,102,2,878198016,M,1,29,artist
730,756,1,881582208,M,1,44,administrator
730,572,1,879584192,M,1,44,administrator
699,195,1,879571776,M,1,30,administrator
276,282,2,887160000,F,0,31,administrator
730,699,1,887398656,M,1,28,administrator
698,185,1,878481856,M,1,44,administrator
195,288,1,885360448,F,0,37,administrator
730,437,2,878215296,F,0,44,administrator
730,97,1,878197888,F,0,27,artist
195,724,1,878371136,F,0,44,administrator
730,753,1,878448896,M,1,44,administrator
195,753,1,878827264,F,0,36,administrator
197,200,1,888369280,F,0,32,administrator
730,576,1,879539776,M,1,44,administrator
195,434,2,888844992,M,1,34,artist
730,168,2,878220480,F,0,44,administrator
195,657,1,878306944,F,0,29,administrator
730,416,1,878349952,F,0,31,administrator
195,448,1,888857728,F,0,30,administrator
196,312,1,879314496,F,0,31,administrator
195,528,1,878198144,F,0,30,administrator
197,146,1,878630592,M,1,44,administrator
730,99,2,878197888,M,1,26,artist
195,384,1,887206400,F,0,29,administrator
730,570,2,888840256,F,0,29,administrator
730,327,1,879092416,M,1,29,administrator
730,585,2,878740352,M,1,44,artist
195,230,1,886775232,F,0,30,administrator
195,396,2,878403264,F,0,34,administrator
730,759,2,878304896,M,1,44,administrator
197,118,1,878910400,F,0,31,administrator
635,224,1,883213504,M,1,29,administrator
195,309,1,888850624,M,1,33,artist
347,205,2,878234496,F,0,33,administrator
200,153,1,878197888,F,0,26,artist
195,277,1,878200128,M,1,26,administrator
195,268,1,888827008,M,1,44,artist
195,207,1,878197952,F,0,31,administrator
730,653,1,879719360,M,1,44,administrator
195,600,1,888778112,F,0,43,administrator
290,120,2,888779456,F,0,34,artist
195,203,2,878197888,F,0,37,artist
730,536,1,878198656,M,1,24,administrator
383,278,1,888859392,F,0,33,artist
678,161,1,887711168,F,0,43,administrator
195,561,1,880615616,M,1,44,administrator
195,117,1,888859520,F,0,34,administrator
195,613,2,888762176,F,0,32,administrator
195,291,1,879472896,M,1,30,artist
200,248,2,888431552,F,0,43,administrator
421,213,1,888859520,M,1,31,artist
730,212,1,878197888,F,0,30,artist
195,709,1,878202752,F,0,28,administrator
195,647,1,888858112,M,1,35,artist
730,699,1,888859520,M,1,26,artist
195,734,1,878364096,F,0,30,administrator
730,300,1,878257152,F,0,28,artist
729,135,1,888014272,F,0,33,administrator
195,666,1,888857472,F,0,32,artist
730,141,1,878204992,M,1,28,artist
195,367,1,881039744,F,0,29,administrator
452,127,1,878209024,F,0,32,artist
730,207,1,878198912,F,1,31,administrator
195,433,2,886659072,F,0,42,administrator
195,574,1,884738880,F,0,29,administrator
730,652,1,878455808,M,1,42,artist
195,746,1,880209216,M,1,41,administrator
730,630,1,883660224,M,1,30,administrator
693,138,2,881516928,F,0,34,administrator
195,296,2,883568640,F,0,34,administrator
726,471,1,886961600,M,1,32,administrator
730,757,1,880229440,M,1,44,administrator
195,247,2,887659392,F,0,33,administrator
730,759,2,888859520,F,0,25,artist
730,610,1,878199552,M,1,25,artist
730,603,1,878708416,M,1,36,administrator
195,754,2,888782528,M,1,44,administrator
195,198,1,887295424,F,0,30,administrator
726,298,1,878210752,F,0,30,administrator
730,106,1,878197888,F,0,24,artist
313,144,1,888768704,F,0,29,artist
730,624,1,878500672,M,1,44,administrator
195,706,1,887195520,F,0,30,administrator
195,609,1,880078080,M,1,44,administrator
195,126,1,878218560,F,0,44,administrator
206,229,1,878345984,M,1,44,administrator
198,346,1,883867392,M,1,44,administrator
730,756,2,888850880,M,1,32,administrator
723,204,1,878307072,M,1,44,administrator
195,709,1,888859520,F,0,33,artist
730,747,1,879306432,M,1,33,administrator
730,702,1,878406464,M,1,25,administrator
197,162,1,881559424,F,0,31,administrator
730,124,1,878299008,M,1,44,administrator
195,758,1,880258880,M,1,28,administrator
195,694,2,878395072,F,0,32,administrator
730,757,1,879532800,M,1,44,administrator
195,339,1,878197888,F,0,28,administrator
286,248,2,878470848,F,0,35,administrator
195,732,1,878198848,F,0,29,administrator
195,247,2,878580736,F,0,31,administrator
210,120,2,878203200,M,1,37,artist
195,254,1,888855680,M,1,31,artist
729,100,1,878197888,F,0,28,artist
195,249,1,888855808,F,0,30,administrator
195,303,1,879351424,F,0,44,administrator
341,238,1,888811904,F,0,43,administrator
537,133,1,878197888,F,0,29,administrator
730,109,2,888829824,F,0,31,administrator
195,347,1,879883136,M,1,31,administrator
195,613,1,881075904,M,1,28,administrator
730,743,1,878198336,M,1,43,artist
195,480,2,888857280,F,0,32,artist
195,736,2,878230336,F,0,41,administrator
195,354,1,880378944,F,0,31,administrator
730,100,1,878197888,F,0,26,artist
730,137,1,887247680,F,0,34,artist
727,186,2,878646592,F,0,44,administrator
711,118,1,888858048,F,0,30,administrator
730,757,1,878197888,M,1,22,artist
195,317,1,888843072,F,0,29,administrator
195,613,1,879913728,F,0,31,administrator
195,759,2,888776512,F,0,37,artist
730,98,1,878197888,M,1,25,artist
195,244,1,878556928,F,0,43,administrator
195,579,2,888857600,F,0,44,administrator
195,339,1,879109056,F,0,32,administrator
195,562,2,881294848,F,0,39,administrator
730,758,1,879180736,M,1,27,administrator
195,281,1,888858560,F,0,29,administrator
201,140,1,878197888,M,1,28,administrator
730,500,2,878199168,M,1,25,artist
730,723,1,888857408,F,0,28,administrator
344,111,1,878197888,M,1,26,administrator
195,515,1,878203712,F,0,29,administrator
708,170,1,886087744,M,1,44,administrator
730,98,2,878197888,F,0,26,artist
729,301,1,878675840,F,0,37,administrator
730,495,1,879897408,F,0,28,artist
433,150,1,878198016,M,1,28,administrator
195,333,1,888859456,F,0,41,administrator
730,213,2,882212864,F,0,31,administrator
730,612,2,878521792,F,0,44,administrator
198,134,1,888751360,M,1,44,administrator
730,759,1,888857728,M,1,42,artist
730,487,1,879441472,M,1,44,administrator
195,547,1,880588096,M,1,44,administrator
196,192,1,883654464,F,0,44,administrator
195,735,1,882030848,M,1,29,administrator
195,546,1,888848064,F,0,41,administrator
195,698,2,885501824,F,0,31,administrator
730,389,2,878205952,F,0,33,administrator
730,249,2,878272512,F,0,35,administrator
195,693,2,878743168,F,1,44,administrator
730,346,2,888859520,M,1,31,artist
730,560,2,878204864,F,0,29,artist
730,321,2,888858304,F,0,30,artist
730,153,2,887677312,F,0,27,artist
730,717,2,888100864,F,0,33,administrator
195,235,1,878324032,M,1,27,administrator
730,181,2,879084160,F,0,35,administrator
195,635,1,882389248,M,1,40,administrator
195,552,2,888859520,F,1,44,artist
730,759,2,888857664,M,1,32,artist
730,756,2,878198080,M,1,24,artist
730,565,1,878213184,M,1,44,administrator
730,97,2,878197888,M,1,25,artist
730,196,2,878271296,F,0,44,administrator
195,377,1,888853952,F,0,38,administrator
195,606,1,878993280,F,0,41,administrator
730,293,1,888859456,F,0,30,administrator
730,446,1,878197888,M,1,25,administrator
509,194,1,878536192,F,0,32,administrator
196,557,2,879799680,M,1,44,administrator
195,307,1,887817216,F,0,32,administrator
195,492,1,887980992,F,0,42,administrator
730,757,1,887841408,M,1,44,artist
701,128,1,878197888,M,1,27,administrator
730,758,1,879061120,M,1,36,administrator
728,186,1,878271232,M,1,44,administrator
195,692,1,885407936,F,0,30,administrator
730,653,1,878221376,M,1,24,administrator
195,152,1,878197888,F,0,25,artist
606,106,1,878477184,M,1,32,artist
694,219,1,883043456,M,1,44,administrator
645,156,2,878232576,F,0,44,administrator
196,419,1,878334208,F,0,29,artist
195,698,1,885856128,F,0,30,administrator
730,683,1,882371776,M,1,39,administrator
195,153,2,888859456,M,1,44,artist
730,668,1,880126656,M,1,30,administrator
730,425,2,888822592,F,0,43,administrator
720,98,1,886894272,M,1,28,artist
195,202,1,888243776,F,0,30,administrator
730,285,2,878346240,F,0,44,administrator
730,759,2,888859456,M,1,44,artist
195,683,1,878198464,F,0,30,administrator
195,355,1,888842368,F,0,33,administrator
195,401,1,883924544,F,0,31,administrator
730,588,1,888811520,F,0,30,administrator
730,590,1,888625600,M,1,26,artist
195,411,1,886901888,F,0,30,administrator
195,190,1,878198784,F,0,31,administrator
195,195,1,878215936,M,1,41,administrator
730,321,1,887656832,F,0,32,artist
730,758,1,878218240,M,1,25,administrator
272,276,1,883932992,F,0,39,administrator
684,131,1,888855936,F,0,30,administrator
730,439,1,880239552,M,1,43,administrator
197,208,1,878321472,M,1,31,administrator
730,470,1,878679232,M,1,44,administrator
730,172,1,878198016,M,1,28,artist
727,136,1,885131456,M,1,44,administrator
730,244,1,878200576,M,1,30,administrator
730,718,1,887913920,M,1,43,administrator
291,153,1,878373184,M,1,44,administrator
195,227,1,888849280,M,1,31,artist
195,663,1,886285568,M,1,44,administrator
224,103,1,888859520,M,1,36,artist
203,196,2,888859520,F,0,33,artist
196,186,2,878197952,F,0,36,administrator
730,711,2,888798080,M,1,38,artist
196,139,2,878197888,F,0,39,artist
236,177,1,878220672,M,1,38,administrator
726,167,1,886963136,M,1,37,artist
730,756,2,878209536,M,1,44,administrator
727,485,1,878812352,M,1,42,administrator
195,620,1,880541440,F,0,30,administrator
195,606,2,888859328,F,0,30,administrator
730,465,1,878357504,M,1,26,administrator
195,193,1,887446336,F,0,44,administrator
676,274,1,878198016,F,0,30,administrator
195,167,1,883381696,F,0,31,administrator
730,248,1,878198464,M,1,27,artist
730,478,1,883006848,M,1,30,artist
730,482,2,880605696,F,0,27,artist
195,256,1,879300352,M,1,29,administrator
195,242,1,878735744,F,0,31,administrator
729,132,1,888853312,M,1,43,administrator
372,388,2,878437440,F,0,34,artist
730,417,1,888859136,M,1,26,artist
195,401,1,878201088,M,1,29,administrator
697,312,2,888859136,F,0,31,administrator
195,191,2,888859520,F,0,42,administrator
730,309,2,888858496,F,0,41,administrator
730,722,1,882784192,M,1,28,administrator
730,737,2,888858880,F,0,28,administrator
730,209,2,883542016,F,0,31,administrator
722,122,2,888859456,F,0,29,artist
730,757,1,878542080,M,1,26,administrator
725,185,2,887828864,M,1,32,artist
730,627,1,878468288,M,1,44,administrator
195,134,1,878197888,F,0,29,administrator
195,628,1,879082624,F,0,28,administrator
313,240,2,878979520,F,0,33,administrator
196,156,1,888859520,F,0,28,artist
730,759,1,885191040,M,1,27,administrator
195,320,1,888803520,F,0,30,administrator
730,235,1,886101888,M,1,44,administrator
730,103,2,878199680,F,0,30,artist
730,98,1,878197888,F,0,24,artist
730,609,2,888858496,M,1,28,artist
297,162,1,878219904,F,0,27,artist
730,758,1,878420672,M,1,44,artist
198,267,1,882779904,M,1,43,administrator
469,106,1,878197952,M,1,31,artist
199,204,2,878210688,F,0,35,administrator
730,744,1,887432064,M,1,44,administrator
196,238,1,888848512,M,1,33,administrator
200,150,1,888381120,F,0,40,administrator
272,277,1,888843648,F,0,30,administrator
730,757,2,878740096,M,1,44,administrator
730,708,2,888808384,F,0,30,administrator
359,253,1,888850816,F,0,36,administrator
730,465,1,885903552,F,0,28,administrator
729,314,1,883822976,M,1,44,administrator
730,681,2,878560128,M,1,31,administrator
195,208,1,888850304,M,1,30,administrator
207,321,1,884709440,F,0,33,administrator
726,116,2,883765696,F,0,34,artist
730,381,1,878238464,F,0,27,artist
587,169,2,888859328,F,0,43,administrator
240,223,2,888822080,M,1,33,artist
571,488,1,878377472,M,1,26,administrator
729,444,1,878617088,M,1,44,administrator
730,583,2,882769216,F,0,44,administrator
730,463,1,888450880,M,1,44,administrator
730,752,2,888859520,M,1,27,artist
195,639,1,885713792,F,0,29,administrator
214,285,1,878358016,M,1,44,administrator
195,179,1,878864128,M,1,43,administrator
730,158,1,878204736,F,0,26,artist
196,186,1,878655296,M,1,38,administrator
195,179,2,878197888,F,0,33,administrator
202,210,1,879131392,F,0,30,administrator
730,110,2,878201344,F,0,44,administrator
195,320,1,888465024,M,1,44,administrator
195,138,1,878197888,F,0,28,administrator
666,158,1,887234752,M,1,41,administrator
730,170,1,878220736,F,0,29,artist
730,756,2,879171584,M,1,44,administrator
726,184,1,879702464,M,1,44,administrator
730,587,1,878411584,M,1,44,administrator
195,163,1,888859520,M,1,43,artist
730,755,2,888780352,M,1,30,artist
195,344,1,878302528,F,0,30,administrator
195,343,1,878197888,F,0,31,administrator
195,367,1,878197888,F,0,26,artist
424,118,1,880040192,F,0,44,administrator
195,635,2,878203328,F,0,36,administrator
260,160,1,878258496,M,1,44,administrator
196,444,1,879371968,M,1,44,administrator
195,749,1,888852864,F,0,31,artist
284,136,1,888859520,F,0,31,administrator
195,255,2,885544128,F,0,44,administrator
730,449,1,888081920,M,1,44,administrator
195,273,2,878198464,F,0,32,artist
730,119,1,878197888,F,0,25,artist
195,702,1,888859264,F,0,31,administrator
715,376,1,883325696,M,1,29,administrator
420,161,2,880568640,F,0,32,administrator
730,388,2,878913280,F,0,32,administrator
730,110,2,878197888,F,0,34,artist
730,759,1,888725696,M,1,30,artist
195,495,1,882006784,M,1,42,administrator
195,685,2,888401024,F,0,31,administrator
196,333,2,882745152,F,0,31,administrator
653,149,2,888690496,F,0,31,administrator
389,101,2,888799872,M,1,39,artist
730,540,1,881563008,M,1,44,administrator
244,264,2,879959552,F,0,33,administrator
608,110,2,878197888,F,0,32,administrator
729,346,1,882136448,M,1,44,administrator
195,587,1,879867968,F,0,29,administrator
730,419,1,879084608,M,1,41,administrator
668,327,1,883821696,M,1,44,administrator
697,170,1,879211776,M,1,44,administrator
534,151,1,878207360,M,1,28,administrator
196,105,2,878197888,F,0,34,administrator
196,197,1,883811776,F,0,31,administrator
195,426,1,888392000,F,0,40,administrator
195,756,2,880284480,F,0,44,administrator
195,637,2,878502080,F,0,34,administrator
310,144,2,888859328,F,0,43,artist
195,442,1,878200000,M,1,28,administrator
195,241,1,888838144,F,0,29,administrator
730,183,2,879787968,M,1,29,artist
730,732,1,879949504,M,1,44,administrator
730,754,1,888844224,M,1,43,administrator
730,106,2,878197888,M,1,29,artist
212,110,1,878199488,M,1,34,administrator
251,283,2,878232384,F,0,43,administrator
195,298,1,878697600,F,0,34,administrator
583,107,1,878197888,F,0,29,artist
730,555,2,886446848,F,0,29,administrator
730,758,2,888858304,M,1,34,artist
195,383,1,887495360,F,0,35,administrator
196,107,1,888852352,M,1,44,administrator
730,758,1,882659776,M,1,42,administrator
730,756,2,878482176,M,1,44,administrator
195,342,2,878199104,F,0,30,artist
195,270,2,888859520,F,0,32,artist
730,393,2,888859520,M,1,32,artist
730,182,1,878415040,M,1,44,administrator
197,293,1,884610880,F,0,30,administrator
701,143,1,887023552,F,0,29,administrator
575,103,1,878197888,M,1,24,artist
730,562,1,878197888,M,1,24,artist
699,239,2,888853184,F,0,31,administrator
730,554,2,878903936,F,0,32,artist
730,759,2,879381056,M,1,41,administrator
195,402,2,878203072,F,0,33,administrator
195,515,2,878549824,F,0,44,administrator
195,521,1,888810816,F,0,31,administrator
198,214,1,879363328,F,0,30,administrator
228,234,1,888075136,M,1,30,administrator
730,108,2,878197888,F,0,25,artist
730,726,2,880859968,F,0,43,administrator
195,565,1,888858304,M,1,34,administrator
730,335,1,878248768,M,1,44,administrator
260,234,2,884161664,F,0,34,administrator
730,303,2,888859328,F,0,40,administrator
208,105,1,878197888,F,0,24,artist
195,252,1,886409472,F,0,32,administrator
697,153,1,878198848,F,0,30,administrator
730,611,1,878431616,M,1,24,artist
195,183,1,888859520,M,1,40,artist
730,243,1,878603904,M,1,44,administrator
708,516,1,887832768,M,1,31,administrator
195,739,1,878230528,F,0,30,administrator
730,260,2,888859520,F,0,28,artist
730,758,1,884877440,M,1,44,administrator
201,109,2,878197888,F,0,34,administrator
195,647,1,878213824,F,0,29,administrator
195,269,1,878205184,M,1,29,artist
208,264,1,878827456,M,1,28,administrator
195,166,1,888857280,M,1,42,artist
195,690,1,888859072,M,1,44,artist
730,293,1,880916672,F,0,40,administrator
730,293,2,888806720,F,0,31,administrator
730,125,1,888045440,F,0,26,artist
730,758,2,888858752,M,1,24,artist
195,163,1,878664320,M,1,44,administrator
195,160,1,888856320,M,1,32,artist
726,103,1,888201344,F,0,44,administrator
199,140,1,888762432,F,0,39,administrator
195,709,1,888445184,F,0,30,administrator
730,269,1,887288704,M,1,35,artist
715,126,1,878704832,F,0,31,artist
195,272,1,888846144,F,0,30,administrator
340,209,2,887492160,F,0,34,administrator
684,248,1,886931520,F,0,31,administrator
195,238,1,883492672,F,0,31,administrator
195,160,2,878198208,F,0,33,administrator
195,130,1,888297664,F,0,42,administrator
730,725,1,878197888,M,1,23,artist
730,149,1,884447040,M,1,30,artist
730,722,1,884466048,M,1,44,administrator
261,178,1,888561728,F,0,32,administrator
730,106,2,878197888,F,0,25,artist
204,168,1,888767680,F,0,29,administrator
730,403,1,888859136,M,1,30,artist
195,693,1,887405824,F,0,31,administrator
730,302,2,888859520,F,0,29,artist
730,504,1,880722176,F,0,33,administrator
730,141,2,878197888,F,0,33,artist
730,754,1,878198080,M,1,27,administrator
218,239,2,888859328,M,1,44,artist
730,104,2,878197888,F,0,29,artist
729,298,1,878791040,F,0,32,administrator
730,222,1,878198144,M,1,26,artist
195,619,1,883196992,F,0,30,administrator
195,185,1,878270080,M,1,29,administrator
196,217,1,888804416,M,1,44,artist
724,174,2,878481088,F,0,42,administrator
730,523,2,878197888,M,1,29,administrator
195,293,1,888134848,F,0,32,administrator
195,444,1,878353792,M,1,41,artist
195,466,1,885879104,M,1,30,administrator
730,662,1,878197888,M,1,24,artist
730,657,2,888844096,F,0,30,artist
195,678,2,878208512,F,0,31,administrator
195,248,1,878198336,M,1,28,administrator
241,226,2,888646592,F,0,33,administrator
730,604,1,880303296,M,1,27,administrator
195,221,1,878393664,M,1,37,artist
730,735,2,880894016,F,0,39,administrator
276,196,1,878330304,M,1,32,administrator
195,738,2,878198592,F,0,35,administrator
195,684,2,881123136,M,1,44,administrator
727,287,1,883275968,M,1,44,administrator
725,182,2,878984768,F,0,32,administrator
195,236,1,886092992,F,0,32,administrator
730,98,2,878197888,M,1,26,artist
730,575,1,878248896,M,1,27,administrator
195,660,1,878228608,F,0,30,administrator
730,756,2,888859520,M,1,39,artist
195,301,1,888857984,F,0,44,administrator
196,202,1,885116352,M,1,44,administrator
195,224,1,879019200,M,1,29,administrator
730,240,2,879025664,F,0,33,administrator
730,555,2,888725184,F,0,30,administrator
726,207,1,878198336,F,0,26,artist
730,99,1,878197888,F,0,26,artist
726,146,1,878272704,M,1,44,administrator
195,678,1,881378048,F,0,31,administrator
730,224,2,878197888,F,0,36,artist
650,125,1,878197888,F,0,30,artist
196,185,1,888859328,M,1,30,administrator
730,101,1,878197888,F,0,24,artist
199,160,2,888489600,F,0,32,artist
195,355,1,879361408,M,1,42,administrator
730,115,2,887916544,F,0,30,administrator
195,338,1,888857728,M,1,33,administrator
730,485,1,878863232,M,1,24,artist
195,290,1,888090880,F,0,33,administrator
730,757,2,886315776,M,1,44,administrator
696,123,1,878203840,F,0,33,administrator
730,749,2,880904320,M,1,44,administrator
209,273,2,880316864,M,1,30,artist
729,429,1,888287680,M,1,41,administrator
729,512,1,886795072,F,0,30,administrator
730,97,1,878197888,M,1,27,artist
195,390,2,887508736,F,0,44,administrator
195,272,1,882093184,F,0,31,administrator
718,228,1,888776576,F,0,34,administrator
196,119,1,888859520,F,0,30,artist
195,229,1,881651904,F,0,34,administrator
195,698,2,878678016,F,0,32,administrator
195,233,1,878201728,F,0,31,administrator
195,257,2,878320000,F,0,33,administrator
728,97,1,878197888,M,1,26,artist
730,106,1,878197888,F,0,29,artist
730,733,2,878199936,M,1,27,artist
730,751,1,888857984,F,0,44,administrator
730,104,2,878197888,F,0,28,artist
730,757,1,888851264,M,1,30,artist
730,754,1,878198336,M,1,25,artist
195,127,1,878197888,F,0,30,administrator
206,115,2,878197888,F,0,35,artist
218,115,1,888859328,F,0,33,administrator
198,125,1,888859520,M,1,32,artist
729,278,1,883095552,M,1,42,administrator
195,138,1,878198272,M,1,28,administrator
195,261,2,886008384,F,0,31,administrator
730,351,2,878197888,F,0,33,administrator
212,299,1,878201536,M,1,27,administrator
199,121,2,888841216,F,0,33,artist
716,260,2,880174016,M,1,44,administrator
514,167,2,886440384,F,0,44,administrator
195,138,1,888843392,M,1,44,administrator
729,113,1,878197888,F,0,25,artist
195,717,1,887155840,F,0,42,administrator
195,715,2,888800064,F,0,31,administrator
730,595,1,880723712,M,1,28,administrator
195,742,1,888859328,F,0,32,artist
195,677,1,888744192,F,0,29,administrator
730,127,2,878197888,F,0,36,artist
730,614,2,888857856,M,1,29,artist
730,752,1,888850304,M,1,44,administrator
727,362,1,886456000,M,1,36,administrator
195,313,1,878689344,F,0,30,administrator
726,127,1,878197888,F,0,27,artist
730,98,1,878197888,F,0,26,artist
195,623,1,888823744,F,1,31,administrator
730,271,2,878208256,F,0,35,administrator
195,736,1,888858432,M,1,41,artist
730,337,2,888785536,F,0,32,administrator
523,157,1,883321088,F,0,32,administrator
195,737,1,887722176,M,1,32,artist
730,132,1,878504064,M,1,30,artist
614,690,2,888858176,M,1,44,artist
730,686,2,878233920,M,1,44,administrator
195,409,1,878204032,M,1,28,administrator
730,591,1,880044864,M,1,44,administrator
730,273,1,878353088,M,1,26,administrator
197,471,2,879539008,F,0,31,administrator
195,170,2,878198208,F,0,27,artist
730,245,2,878812544,M,1,28,artist
730,692,1,878210496,M,1,44,administrator
195,649,1,878253440,M,1,26,administrator
666,121,1,878300480,F,0,44,administrator
730,757,1,878288064,F,0,25,administrator
730,498,1,878318784,M,1,44,administrator
251,126,1,878433344,M,1,42,administrator
722,145,1,880323008,F,0,42,administrator
195,497,2,888859520,M,1,36,artist
663,129,1,888859520,M,1,36,artist
196,127,1,882719936,F,0,31,artist
195,353,2,888859520,F,0,31,artist
195,281,2,887556288,F,0,44,administrator
195,742,2,879085504,F,0,44,administrator
730,117,2,878840832,M,1,27,artist
202,151,1,887350400,F,0,31,administrator
195,377,1,878210816,F,0,31,administrator
730,759,1,882902016,M,1,25,artist
195,684,1,878482880,F,0,44,administrator
195,171,1,888775104,F,0,43,administrator
724,133,2,878202432,F,0,44,administrator
730,263,2,878197888,F,0,34,artist
199,550,2,879084352,M,1,43,administrator
730,302,1,882287808,M,1,36,administrator
730,122,1,878208832,M,1,26,artist
195,636,1,886948672,F,0,29,administrator
730,571,1,888819136,F,0,30,administrator
195,654,1,888611456,M,1,32,administrator
730,518,2,888123328,F,0,30,administrator
730,139,1,878197888,F,0,25,artist
730,734,2,878351488,F,0,44,administrator
204,125,1,888722112,M,1,44,administrator
730,127,1,878197888,F,0,27,artist
728,487,1,878343744,M,1,28,administrator
230,115,1,878946688,M,1,31,artist
730,373,2,878272064,M,1,44,administrator
395,197,1,888859008,F,0,41,administrator
670,526,2,888291328,M,1,44,artist
728,118,2,888803200,F,0,32,administrator
730,100,1,878197888,F,0,23,artist
730,759,1,878200256,M,1,22,artist
730,288,2,878247360,M,1,44,administrator
195,723,1,878224704,M,1,27,administrator
729,234,1,881868224,M,1,44,administrator
728,114,1,878294784,F,0,29,artist
730,431,1,885930304,M,1,44,administrator
730,724,2,888593088,F,0,32,artist
730,759,2,886246912,M,1,31,administrator
195,135,1,887377920,F,0,38,administrator
195,278,1,878218752,M,1,30,administrator
195,475,1,878445440,F,0,28,artist
635,100,1,878197888,F,0,25,artist
195,483,1,888857984,M,1,44,artist
195,744,1,879029888,F,0,29,administrator
730,114,1,878198144,F,0,32,artist
195,502,2,878653824,F,0,44,administrator
730,140,2,878197888,F,0,32,artist
730,254,2,878221760,F,0,33,administrator
195,444,2,888859456,F,0,33,artist
197,285,1,888107328,M,1,44,administrator
730,754,1,878198208,M,1,32,artist
195,372,1,888821376,F,0,30,administrator
730,734,1,888556288,M,1,29,artist
470,171,2,888703872,F,0,30,administrator
636,168,1,883705920,F,0,44,administrator
195,490,1,878737408,F,0,29,administrator
195,716,1,888857088,F,0,42,administrator
730,536,1,879305728,M,1,44,administrator
550,222,1,888855232,F,0,30,administrator
195,756,2,882141248,F,0,36,artist
730,759,1,888857088,F,0,24,artist
195,174,1,878197888,F,0,30,administrator
472,264,2,888840384,F,0,38,administrator
730,741,1,886175744,M,1,44,administrator
195,207,1,888858176,F,0,44,administrator
195,724,1,878662016,F,0,30,administrator
729,549,1,880853952,M,1,39,administrator
730,587,1,888858624,F,0,28,administrator
195,427,1,879335296,F,0,32,artist
730,412,2,878201472,M,1,37,administrator
730,144,1,878198400,M,1,27,artist
195,439,2,888851520,F,0,44,administrator
730,665,1,878210176,M,1,23,artist
409,173,1,878695424,M,1,29,administrator
195,641,1,886973632,F,0,31,administrator
730,472,1,888492480,M,1,44,administrator
730,611,1,884135936,M,1,33,administrator
730,116,1,878197888,F,0,25,artist
630,189,1,879143936,M,1,32,administrator
730,756,1,878794496,M,1,44,administrator
730,739,1,880046400,M,1,35,administrator
195,738,1,880867456,F,0,29,administrator
730,202,2,888680960,F,0,33,administrator
210,296,1,881210240,M,1,26,administrator
720,130,1,885917440,M,1,44,administrator
710,130,1,887836096,F,0,44,administrator
730,759,2,888847552,M,1,29,artist
195,388,1,878281664,F,0,29,administrator
730,591,2,878307072,M,1,43,administrator
195,335,1,878526080,F,0,29,administrator
730,718,1,888257664,M,1,44,administrator
730,756,2,888814208,M,1,24,artist
730,607,1,881352320,M,1,44,administrator
196,152,2,878229888,F,0,30,artist
222,99,1,878197888,M,1,25,artist
195,381,1,879146688,F,0,43,administrator
730,258,2,879742080,F,0,39,administrator
195,669,1,888763456,F,0,32,administrator
696,186,1,879283584,M,1,44,administrator
196,160,2,888859520,F,0,31,artist
730,753,2,888859456,M,1,26,artist
730,393,1,882447488,M,1,39,administrator
730,690,2,878249792,M,1,29,administrator
196,218,2,881567168,F,0,33,administrator
195,175,1,880958720,F,0,31,administrator
730,378,1,882163584,M,1,43,administrator
259,146,1,888603456,M,1,44,administrator
195,758,1,878223488,F,0,28,administrator
500,249,1,888815680,F,0,30,administrator
559,103,2,878197888,F,0,31,artist
195,155,2,888859520,F,0,30,administrator
195,570,1,888859520,M,1,44,artist
730,320,2,878798848,F,0,32,administrator
504,351,2,888416768,F,0,31,administrator
195,478,1,887077888,M,1,44,administrator
197,308,1,878735488,M,1,44,administrator
195,148,1,878197888,F,0,30,administrator
198,161,1,881873984,F,0,31,administrator
626,210,1,879293312,M,1,44,administrator
195,677,1,885217728,M,1,42,administrator
729,186,2,888858624,F,0,29,artist
546,165,1,888859520,F,0,30,administrator
708,134,2,880004096,F,0,32,administrator
325,185,1,878209920,M,1,30,administrator
730,758,2,888859520,M,1,43,artist
195,751,1,888858560,M,1,44,artist
730,757,2,888711872,M,1,44,administrator
730,741,1,878365312,M,1,31,administrator
195,714,1,888859520,F,0,42,administrator
730,663,1,878338112,F,0,28,artist
198,132,2,878198080,F,0,37,administrator
730,405,2,888327616,M,1,43,artist
195,198,1,878356160,F,0,31,administrator
730,237,1,878298880,F,0,32,artist
697,150,1,888857152,F,0,30,administrator
195,117,1,878197888,F,0,25,artist
730,240,2,882598208,F,0,33,administrator
729,147,1,878197888,F,0,31,artist
195,472,2,882258752,F,0,31,administrator
727,279,2,884841920,F,0,40,administrator
198,242,2,886469440,F,0,44,administrator
587,197,1,878996544,M,1,44,administrator
730,722,1,888857984,F,0,28,administrator
195,217,2,878244224,F,0,31,artist
195,198,2,878197952,F,0,30,administrator
195,119,1,888852864,M,1,30,artist
195,412,2,878974016,F,0,31,administrator
730,591,1,878197952,M,1,22,artist
195,727,2,888859328,F,0,44,administrator
195,241,1,887247488,F,0,44,administrator
724,209,2,888848896,F,0,29,administrator
195,323,1,888859328,F,0,31,administrator
711,294,1,879597248,M,1,44,administrator
195,143,1,888798528,M,1,43,administrator
730,698,2,878204352,M,1,44,administrator
195,756,1,888857472,M,1,33,artist
730,759,1,878515264,F,0,24,artist
730,105,1,878197888,M,1,24,artist
730,756,2,879083648,F,0,29,administrator
730,458,1,878201472,M,1,29,administrator
730,757,2,887959232,M,1,34,administrator
727,275,1,878328896,M,1,36,administrator
726,105,1,888858624,M,1,44,artist
730,629,2,888817792,F,0,33,administrator
195,126,1,888574272,M,1,30,artist
700,283,2,888856256,M,1,44,artist
195,513,1,878576576,F,0,30,administrator
195,737,1,888534848,F,1,31,artist
730,693,1,880865536,F,0,28,artist
730,156,1,878197888,M,1,26,administrator
730,629,1,888808896,F,0,43,administrator
700,309,1,878227840,M,1,29,administrator
205,210,1,880164096,F,0,31,artist
730,180,1,878197888,F,0,29,artist
730,562,1,881641152,M,1,29,administrator
195,744,1,883440320,F,0,41,administrator
437,208,1,879975488,M,1,43,administrator
726,126,2,878201216,F,0,29,artist
195,242,1,878198016,F,0,29,artist
720,109,2,878199104,F,0,44,administrator
730,736,1,883970752,M,1,44,administrator
299,111,1,888849280,M,1,29,administrator
730,362,2,878203264,F,0,35,administrator
730,746,1,878208256,M,1,44,administrator
195,748,1,888730752,F,0,30,administrator
719,120,1,888341248,M,1,44,administrator
730,759,1,882848640,M,1,24,administrator
730,758,2,878550336,M,1,44,administrator
195,649,1,888818432,F,0,44,administrator
196,313,1,878277568,M,1,43,administrator
195,445,1,878526912,F,0,30,administrator
195,196,2,888788416,F,0,31,administrator
195,647,1,878200192,F,0,30,administrator
730,745,1,878235968,M,1,27,administrator
195,122,2,878197888,F,0,36,administrator
729,206,1,888452992,M,1,44,administrator
730,719,1,888839360,M,1,30,artist
730,100,2,878197888,F,0,30,artist
730,531,1,883992960,M,1,27,artist
208,153,1,888437312,F,0,30,administrator
195,747,1,888859456,M,1,44,artist
727,577,1,879803008,M,1,29,administrator
492,259,2,882701760,F,0,32,administrator
195,207,1,878289984,F,0,31,administrator
195,149,1,878198912,M,1,27,artist
195,673,1,886365504,M,1,30,administrator
196,146,1,878197888,F,1,28,administrator
730,758,1,878218112,M,1,44,artist
459,232,1,882285312,M,1,43,administrator
195,223,1,888643136,M,1,36,artist
196,341,1,879356672,F,0,40,administrator
195,337,2,888859456,M,1,44,artist
195,287,1,886474432,M,1,42,administrator
716,480,1,878694656,M,1,27,administrator
730,274,2,878975616,F,0,32,artist
195,482,1,888531072,F,0,44,administrator
278,178,1,888845568,M,1,44,administrator
195,141,1,887156992,F,0,30,administrator
195,742,1,878537600,F,0,30,administrator
730,155,2,884131072,F,0,43,administrator
195,706,1,878863552,M,1,29,administrator
201,315,1,879240000,M,1,29,administrator
195,297,1,878197888,F,0,28,administrator
729,129,1,888431168,M,1,44,artist
197,193,2,888859520,F,0,30,artist
197,349,2,878250624,F,0,36,administrator
195,600,1,879067456,M,1,44,administrator
195,406,2,887422912,F,0,44,administrator
730,174,1,878197888,F,0,26,artist
278,279,1,886175616,F,0,31,administrator
195,656,1,878730688,F,0,31,administrator
195,575,2,888857920,F,0,32,administrator
730,756,2,878750528,M,1,31,administrator
195,209,1,888551040,F,0,30,artist
730,163,2,888830976,F,0,30,artist
730,615,2,879583104,F,0,39,administrator
255,214,1,888792960,M,1,28,administrator
195,650,2,887020992,F,0,43,administrator
730,417,1,886113344,M,1,44,artist
730,419,1,878199360,F,0,31,artist
195,607,1,878335040,M,1,27,administrator
195,633,1,888854144,M,1,44,administrator
730,341,2,888825216,M,1,27,artist
195,166,1,888043904,M,1,39,administrator
729,351,2,888851968,F,0,42,administrator
195,131,1,878235648,F,0,26,artist
195,228,1,878201216,M,1,29,administrator
730,759,1,878210816,M,1,33,artist
609,259,1,883882816,F,0,31,administrator
420,279,1,884152704,M,1,44,administrator
730,601,1,878198720,M,1,29,administrator
195,632,1,888859264,F,0,31,administrator
204,280,1,879915328,M,1,44,administrator
723,375,2,878886336,F,0,33,administrator
196,172,1,888859456,M,1,32,artist
195,159,1,878197888,F,0,29,administrator
195,402,1,887472640,F,0,35,administrator
730,245,1,878335552,M,1,44,administrator
730,270,2,878215936,F,0,44,administrator
478,169,2,888857088,F,0,44,administrator
195,571,2,878674304,M,1,44,administrator
195,547,1,884446720,M,1,44,administrator
213,142,1,888857600,M,1,33,administrator
724,172,1,878197888,M,1,30,administrator
195,325,1,888859456,F,0,39,administrator
730,303,2,878203008,F,0,44,administrator
200,377,1,885191168,M,1,44,administrator
730,149,2,880780992,F,0,33,administrator
198,230,1,878949888,F,0,31,administrator
730,568,1,888232512,M,1,44,artist
730,188,2,888756608,F,0,32,artist
195,725,1,878487552,F,0,30,administrator
730,106,2,878197952,F,0,35,artist
730,141,1,879133760,M,1,29,artist
377,237,1,878251584,F,0,33,administrator
195,213,1,888845888,M,1,37,administrator
195,725,1,878357568,F,0,29,administrator
241,147,2,885098688,M,1,44,administrator
730,574,2,887145280,F,0,34,administrator
196,173,1,888848000,M,1,44,artist
600,174,2,888638144,F,0,32,administrator
677,146,1,885280128,F,0,43,administrator
211,132,2,878197888,F,0,35,artist
195,697,1,884767616,F,0,31,administrator
198,256,1,886547392,F,0,42,administrator
195,710,1,888859392,F,0,43,administrator
729,138,1,878205184,F,0,44,administrator
730,110,1,878197888,M,1,28,administrator
195,593,1,878266752,M,1,26,administrator
730,731,2,888846656,M,1,44,artist
730,132,2,878197888,F,0,25,artist
718,324,1,888859456,F,0,29,administrator
195,483,1,879151744,F,0,40,administrator
730,401,2,878965760,M,1,44,administrator
200,136,1,878197888,F,0,27,artist
195,397,1,880548352,M,1,44,administrator
195,378,1,888639104,F,0,30,administrator
195,411,1,878421376,F,0,30,administrator
195,515,1,880226880,M,1,44,administrator
195,573,2,882348480,F,0,32,administrator
195,275,1,888434176,F,0,31,artist
730,192,2,878197888,F,0,36,administrator
730,168,2,885220160,F,0,31,administrator
730,464,1,878197888,M,1,28,administrator
195,182,1,888857536,M,1,44,artist
196,172,1,879503744,F,0,28,artist
195,602,1,884006784,M,1,44,administrator
728,221,2,882186752,M,1,43,administrator
730,755,1,878226752,M,1,23,artist
195,151,1,888476800,F,0,39,administrator
196,370,1,887576960,M,1,44,administrator
479,102,1,878200448,M,1,42,administrator
730,758,2,878727552,M,1,23,artist
730,758,2,878727680,F,0,44,administrator
195,208,1,878197888,F,0,27,artist
195,744,1,888317248,F,0,31,administrator
195,752,2,878200256,F,0,31,administrator
195,699,2,885502016,F,0,44,administrator
195,101,2,888859520,M,1,44,artist
195,399,1,878199488,F,0,29,administrator
730,542,1,878244800,F,0,32,administrator
730,743,2,878866368,F,0,30,administrator
730,715,2,878217792,M,1,44,administrator
730,758,1,887879360,M,1,40,administrator
424,186,2,881668352,M,1,44,administrator
730,193,2,885982336,F,0,41,administrator
730,759,1,888841088,M,1,34,artist
195,304,1,888858560,F,0,31,administrator
201,157,1,888776064,F,0,31,administrator
670,110,2,878198912,F,0,38,artist
730,711,1,878199104,M,1,24,administrator
195,308,1,888855808,F,0,29,artist
195,748,1,878322112,F,0,29,administrator
457,164,1,878507712,F,0,34,administrator
701,225,1,883202688,M,1,43,administrator
730,104,1,878258112,M,1,27,artist
195,504,1,878395584,F,0,30,administrator
730,706,2,888855488,M,1,44,artist
730,586,1,878199168,M,1,25,administrator
202,208,1,878198144,F,0,29,administrator
195,615,2,878511552,M,1,44,administrator
195,252,1,878595200,M,1,43,administrator
195,231,1,888859520,M,1,34,artist
728,433,1,879493952,M,1,29,administrator
195,613,2,878445760,F,0,32,administrator
730,489,1,879010688,M,1,44,administrator
730,469,2,888859520,M,1,42,artist
195,223,1,878565632,F,0,30,administrator
641,267,1,882200768,M,1,44,administrator
249,175,1,878844672,F,0,44,administrator
195,237,1,888026752,F,0,43,administrator
200,556,2,878994496,F,0,33,administrator
730,715,1,881468096,F,0,33,administrator
730,472,1,878197888,M,1,25,administrator
223,139,1,888859200,F,0,31,artist
729,229,1,887883072,M,1,44,artist
703,159,1,878861120,M,1,44,administrator
730,453,1,881669824,M,1,28,administrator
730,759,2,887699520,M,1,44,artist
722,126,1,878197888,F,0,29,artist
197,168,1,888858368,M,1,44,administrator
520,311,1,888857920,F,0,28,administrator
502,165,2,888853056,F,0,30,artist
532,311,2,881694144,F,0,44,administrator
195,737,1,888859456,F,0,44,artist
195,195,1,888858240,F,0,39,administrator
730,201,2,885583232,F,0,33,administrator
635,152,2,888858496,F,0,31,administrator
196,161,1,888797952,M,1,44,administrator
730,399,1,878224448,M,1,43,administrator
730,469,1,878510912,M,1,26,administrator
730,240,1,878197952,M,1,28,artist
195,586,1,888858432,F,0,32,administrator
195,249,2,888859520,M,1,44,artist
195,685,2,888852736,F,0,34,artist
729,103,1,878197888,F,0,26,artist
729,696,1,888859520,M,1,44,artist
730,258,1,880087616,M,1,35,artist
730,462,2,880862400,M,1,44,administrator
235,162,1,881584256,M,1,26,administrator
195,521,1,878230912,F,0,28,administrator
730,470,2,878211904,M,1,44,administrator
730,97,1,878197888,M,1,25,artist
730,299,1,888851712,M,1,27,artist
727,255,1,878198016,F,0,29,administrator
730,140,1,878198144,M,1,27,artist
195,704,2,879248576,F,0,35,administrator
195,751,1,888496576,F,0,44,administrator
715,117,1,878289856,M,1,29,artist
267,128,1,888851136,M,1,29,administrator
195,362,1,880773568,F,0,31,administrator
195,347,1,888859008,F,0,30,administrator
195,475,1,888668096,F,0,29,administrator
195,663,1,878197888,F,0,29,administrator
728,343,1,879696704,M,1,44,administrator
730,497,2,888813120,M,1,44,artist
730,753,2,878845824,M,1,44,artist
730,722,1,887042368,M,1,40,administrator
195,685,1,878197888,F,0,30,administrator
730,520,1,878568000,M,1,44,administrator
195,751,1,888859520,M,1,44,artist
698,221,1,885086336,M,1,44,administrator
195,736,1,878197888,F,0,29,administrator
730,743,2,887124480,M,1,24,artist
353,261,1,878476928,M,1,44,administrator
730,726,1,878749184,M,1,40,administrator
730,757,2,879743168,F,0,31,administrator
195,221,1,885861376,F,0,29,administrator
195,330,1,878836864,F,0,31,administrator
730,107,2,878229952,M,1,30,artist
195,442,1,888748288,M,1,31,administrator
730,115,1,878197888,F,0,25,artist
195,152,1,888768960,M,1,36,administrator
730,695,1,878354624,M,1,44,administrator
730,683,2,884188672,M,1,44,administrator
195,684,2,878210304,F,1,44,administrator
195,286,1,888801344,M,1,42,administrator
730,758,1,887300736,M,1,34,administrator
195,193,1,888765376,F,0,31,administrator
726,326,1,886393536,M,1,40,administrator
730,469,2,878320256,M,1,44,administrator
201,257,1,878280512,F,0,29,administrator
730,238,2,880648384,F,0,44,administrator
730,757,1,888640896,M,1,25,administrator
729,163,2,880158528,F,0,32,administrator
730,735,1,878308224,F,0,28,administrator
195,749,1,878198208,F,0,28,artist
730,696,2,878263424,F,0,36,administrator
196,205,1,888843008,M,1,44,administrator
730,505,1,885045952,F,0,31,administrator
615,157,2,878384320,F,0,35,administrator
196,276,2,878300864,F,0,34,administrator
195,660,2,887914496,F,0,44,administrator
198,197,2,888822784,F,0,43,administrator
730,436,1,878201536,M,1,28,administrator
195,753,1,882524608,F,0,30,artist
195,709,2,878198336,F,0,32,administrator
730,714,1,878197952,M,1,25,administrator
502,364,1,878802112,M,1,30,administrator
195,453,1,878197888,F,0,28,administrator
730,758,1,888859264,M,1,42,artist
730,395,2,885759936,F,0,36,administrator
730,123,2,888859520,M,1,29,artist
195,178,1,878217536,F,0,28,artist
725,104,2,887762816,M,1,33,artist
730,758,2,884438336,F,0,30,administrator
195,483,1,888798912,F,0,28,administrator
730,107,2,878197888,F,0,33,artist
394,176,2,879615296,F,0,35,administrator
727,333,2,888859520,F,0,32,administrator
195,728,1,878706688,F,0,30,administrator
196,431,2,888721984,F,0,44,administrator
195,724,1,878199168,F,0,30,administrator
195,436,1,878200704,F,0,32,administrator
730,755,1,888820416,M,1,44,administrator
730,730,1,878238336,M,1,25,administrator
208,250,1,878200640,M,1,26,administrator
730,627,1,878246720,F,0,31,administrator
662,274,1,880945600,F,0,31,administrator
730,166,2,888851456,F,0,29,administrator
451,144,1,888859520,M,1,31,artist
730,627,1,888859520,F,0,26,artist
729,459,1,879837312,M,1,44,administrator
195,206,2,888748992,F,0,30,administrator
195,502,1,888852928,M,1,44,artist
198,136,1,881728960,F,0,29,artist
730,730,2,881413184,M,1,44,administrator
730,423,1,878197952,M,1,26,artist
730,617,2,888840576,F,0,27,artist
200,189,1,880373888,M,1,44,administrator
196,152,1,888859520,F,0,31,administrator
195,333,1,885296384,M,1,29,administrator
730,646,1,888837248,M,1,36,administrator
195,717,1,878452544,M,1,28,administrator
730,702,1,878209728,M,1,26,artist
730,333,1,888858560,M,1,27,artist
257,229,1,888854592,M,1,44,artist
725,217,1,887449536,M,1,44,administrator
729,130,2,878201408,F,0,36,administrator
346,228,2,878534720,F,0,35,administrator
730,645,2,878379904,F,0,36,administrator
730,129,2,878201728,F,0,44,administrator
727,139,2,878217088,M,1,44,administrator
730,114,2,878224768,F,0,44,administrator
698,452,1,888597952,F,0,31,administrator
730,152,2,878219840,F,0,34,administrator
730,753,1,878198336,M,1,24,administrator
730,708,1,878199232,M,1,25,administrator
196,381,1,886916608,M,1,28,administrator
730,726,1,888746176,F,0,30,administrator
330,110,1,878198592,M,1,25,administrator
377,525,2,888859520,F,0,43,artist
308,293,2,878794048,F,0,43,administrator
545,356,2,881392896,F,0,36,administrator
730,480,2,888783808,F,0,44,administrator
195,695,1,888260608,F,0,28,administrator
730,668,2,888859520,M,1,27,artist
195,544,2,888859264,M,1,35,artist
730,536,1,880872000,M,1,43,administrator
730,263,1,879555008,M,1,35,administrator
195,740,1,878197888,F,0,28,administrator
730,647,1,888085376,M,1,24,administrator
195,224,2,878710208,F,0,35,artist
730,99,1,878197888,F,0,24,artist
195,419,1,888846016,F,0,30,administrator
730,759,2,878199424,M,1,25,artist
374,224,2,888859520,F,0,44,administrator
725,134,2,888846464,F,0,39,artist
215,241,1,878197952,F,0,29,administrator
730,268,2,878566272,F,0,32,administrator
730,749,2,878756736,M,1,39,administrator
704,185,1,888027840,M,1,44,artist
289,152,1,888734080,F,0,30,administrator
195,336,1,888845888,M,1,44,artist
725,576,1,883894400,M,1,27,administrator
730,721,2,878614784,F,0,32,artist
730,634,1,887667392,M,1,44,artist
730,481,1,887230528,M,1,43,administrator
195,417,2,880002432,F,0,42,administrator
197,334,1,883235264,F,0,30,administrator
199,204,1,888826944,F,0,31,administrator
197,462,2,888709504,F,0,36,administrator
195,755,1,878199424,F,0,30,administrator
720,380,2,882624064,M,1,44,artist
195,129,1,879291456,M,1,29,administrator
730,107,1,878197888,M,1,24,artist
677,192,1,879358336,M,1,32,administrator
535,145,2,888825536,F,0,30,administrator
730,752,2,878818432,M,1,38,administrator
196,450,1,878368064,M,1,44,administrator
199,124,1,888844736,M,1,40,administrator
195,535,2,887885952,F,0,43,administrator
729,270,1,878197952,F,0,29,artist
730,107,1,878197888,M,1,26,artist
234,122,1,888813312,F,0,44,administrator
730,451,1,879825408,M,1,44,administrator
730,688,2,878197888,M,1,23,artist
195,171,1,878197888,M,1,28,administrator
712,116,1,888770688,F,0,44,administrator
195,456,1,888157952,M,1,44,administrator
730,268,2,878355904,F,0,35,administrator
195,389,1,878202816,F,0,31,administrator
730,281,2,878236480,F,0,27,artist
195,315,1,885985216,F,0,30,administrator
730,363,2,887712192,M,1,27,artist
195,657,1,878355520,F,0,30,administrator
566,213,1,888489600,M,1,44,artist
723,423,1,888859008,M,1,28,administrator
195,241,1,878197888,F,0,28,administrator
730,738,2,888859520,M,1,26,artist
725,149,1,888831488,F,0,43,administrator
196,175,2,878219584,F,0,33,administrator
195,456,1,878228544,F,0,30,administrator
730,647,2,878381760,F,0,44,administrator
730,290,2,888859392,M,1,44,artist
657,178,2,878608256,F,0,39,administrator
195,736,1,886613888,M,1,43,administrator
195,641,1,878203264,F,0,29,administrator
198,239,2,888858560,F,0,34,artist
195,757,1,878217216,F,0,42,administrator
730,646,1,878455360,F,0,36,administrator
730,154,1,883556608,M,1,44,artist
730,734,2,888857600,F,0,29,administrator
534,275,2,878339328,M,1,44,administrator
195,116,1,888859072,F,0,44,administrator
730,752,2,888221760,M,1,44,administrator
730,211,1,878278016,F,0,27,artist
725,269,1,885542528,M,1,42,administrator
730,716,1,888129984,M,1,27,administrator
730,642,2,882535808,F,0,32,administrator
195,648,1,878198016,F,0,29,administrator
730,227,1,878197888,M,1,24,artist
195,465,1,880831168,F,0,31,artist
730,588,1,882319040,M,1,43,administrator
655,198,2,888840192,F,0,29,administrator
730,542,2,888286336,F,0,34,administrator
730,344,1,878202944,F,0,29,administrator
196,219,1,878264512,M,1,44,administrator
730,162,2,885915072,F,0,44,administrator
730,97,1,878197888,M,1,23,artist
730,291,1,888250112,M,1,44,artist
195,669,1,880346368,F,0,41,administrator
195,283,1,888833344,F,0,29,administrator
214,223,1,878216512,M,1,43,administrator
195,363,1,880015232,F,0,29,administrator
730,736,2,888838656,F,0,33,artist
730,581,2,882814656,F,0,30,administrator
195,518,2,878197952,F,0,31,administrator
730,168,2,878197952,F,0,32,artist
195,731,2,883687872,F,0,34,artist
730,117,2,878247168,F,0,44,administrator
730,759,2,888605056,F,0,27,administrator
730,616,2,885235072,M,1,29,artist
195,420,2,878198528,F,0,36,artist
196,232,1,878216576,F,0,30,administrator
195,356,2,887938176,F,0,32,administrator
195,699,1,878896960,F,0,30,administrator
730,439,2,881760768,F,0,43,administrator
730,123,1,883674240,M,1,30,artist
195,287,1,881542464,F,0,30,administrator
309,178,1,878198272,F,0,30,administrator
195,381,1,879313280,F,0,42,administrator
730,757,2,888859136,F,0,26,artist
730,145,2,887459584,F,0,32,administrator
730,363,1,878245184,M,1,44,administrator
292,242,1,883002432,M,1,33,administrator
730,220,2,885212544,F,0,31,administrator
195,421,1,888858240,F,0,31,artist
375,191,1,879658752,M,1,27,artist
195,250,1,878197888,F,0,28,artist
204,379,1,888852608,M,1,33,artist
730,194,1,879981056,F,0,36,administrator
195,156,1,884630016,F,0,30,administrator
195,287,2,888836864,M,1,44,artist
195,173,1,882647040,F,0,29,administrator
196,150,1,888833024,F,0,42,administrator
195,663,1,887406208,F,0,44,administrator
730,527,2,878875840,F,0,43,administrator
730,748,1,881635200,M,1,44,administrator
214,497,2,887928000,F,0,41,administrator
195,754,1,878226496,F,0,28,administrator
730,527,1,888835456,F,0,30,administrator
368,285,1,878199424,M,1,30,administrator
730,296,2,878716032,F,0,44,administrator
317,214,1,886446016,M,1,28,administrator
428,145,1,888859520,F,0,44,administrator
729,163,2,878198080,F,0,30,artist
730,481,1,878226176,M,1,44,artist
195,732,1,878285952,F,0,43,administrator
396,170,1,888858944,M,1,44,artist
729,520,1,878252480,F,0,33,administrator
195,168,1,885876480,F,0,42,administrator
196,418,2,878198656,F,0,39,administrator
200,311,2,888831168,M,1,43,administrator
195,161,1,888849472,F,0,31,administrator
730,758,1,883637824,M,1,44,administrator
195,748,2,880181568,F,0,32,artist
730,612,2,879526656,M,1,25,artist
195,472,1,888354496,F,0,31,administrator
443,268,1,880339840,M,1,28,administrator
730,610,2,886871744,F,0,35,administrator
205,124,1,888801856,M,1,44,administrator
195,605,1,878347392,F,0,31,administrator
730,752,1,881746688,M,1,40,administrator
730,360,2,880210944,F,0,44,administrator
198,213,1,882000256,F,0,40,administrator
730,758,2,888636736,M,1,38,administrator
195,322,1,888705280,F,0,30,artist
195,757,1,878641536,F,0,31,administrator
633,228,2,878201344,F,0,34,administrator
730,135,2,878197888,F,0,31,artist
196,188,1,888694912,M,1,31,administrator
697,146,1,879388352,M,1,44,administrator
714,296,1,888824768,M,1,32,administrator
730,97,2,878197888,F,0,28,artist
196,164,1,879917824,F,0,31,administrator
730,470,1,887913600,M,1,28,administrator
195,251,2,888859520,F,0,32,artist
195,451,1,878282304,F,0,30,administrator
730,191,2,878197888,F,0,25,artist
721,111,1,878198976,M,1,44,administrator
200,153,2,878198272,F,0,37,administrator
195,255,1,884500160,M,1,31,artist
730,611,1,884975744,F,0,29,administrator
730,176,1,878197888,M,1,27,artist
195,310,2,878220160,M,1,33,artist
728,314,2,878801664,F,0,32,artist
730,693,1,879321792,M,1,27,administrator
574,378,1,880653888,M,1,27,administrator
730,143,2,887079168,F,0,35,administrator
730,245,1,878200384,M,1,25,artist
727,197,1,880728384,M,1,44,administrator
730,260,1,878315968,M,1,44,artist
729,214,2,888092480,F,0,35,administrator
730,128,1,879456576,M,1,40,artist
730,297,1,878203008,M,1,33,administrator
729,309,1,878254016,M,1,39,administrator
195,749,2,878899200,F,0,31,administrator
730,705,1,885512320,M,1,37,administrator
213,173,2,888853376,F,0,31,artist
195,223,1,888710400,M,1,42,artist
195,752,2,878471168,F,0,30,administrator
195,160,1,878486016,F,0,31,administrator
359,115,1,888858176,M,1,44,artist
725,144,1,888225664,M,1,44,administrator
195,563,1,878197888,F,0,25,artist
730,101,1,878197952,M,1,29,artist
730,98,2,878197888,M,1,23,artist
195,739,1,878273408,F,0,29,administrator
195,198,1,888792384,F,0,30,administrator
720,271,1,882392640,M,1,44,administrator
211,162,1,888277248,F,0,43,administrator
195,701,1,878198016,F,0,28,administrator
424,165,1,887071744,F,0,32,administrator
730,328,1,878197952,M,1,31,administrator
730,646,1,887187776,F,0,29,administrator
719,127,2,878207616,F,0,44,administrator
195,240,1,888859456,F,0,31,administrator
722,300,1,888817344,M,1,38,administrator
195,428,1,878199168,F,0,31,administrator
615,248,1,888456576,M,1,36,administrator
195,343,1,884505728,F,0,31,administrator
730,732,2,879853760,F,0,36,administrator
730,105,1,878217856,M,1,25,artist
730,625,2,888859456,F,0,27,administrator
195,645,1,878518336,M,1,31,administrator
730,189,1,888854592,M,1,31,artist
429,151,1,888859264,F,0,29,administrator
730,128,1,878197888,F,0,32,administrator
730,575,1,878239680,M,1,44,administrator
195,188,1,888859392,F,0,30,administrator
730,125,2,888859520,M,1,28,artist
209,175,1,887595264,M,1,44,administrator
195,254,1,882505280,F,0,29,administrator
730,362,1,878540928,F,0,44,administrator
195,136,1,879099456,F,0,31,administrator
730,508,2,878220608,M,1,44,administrator
730,126,2,888859520,M,1,29,artist
195,296,1,878198784,M,1,24,administrator
195,243,1,888500160,F,0,30,administrator
202,180,1,888665280,F,0,41,administrator
660,104,1,878197952,F,0,38,administrator
195,224,1,888810624,M,1,30,administrator
730,137,2,888859520,F,0,27,artist
195,717,1,888858752,M,1,42,administrator
195,722,1,887330944,F,0,30,administrator
195,675,2,888439936,F,0,31,artist
729,403,1,878687936,M,1,44,administrator
208,182,2,878198080,F,0,34,administrator
195,581,2,888856704,M,1,32,artist
497,204,1,878197952,F,0,30,administrator
195,336,2,888859456,F,0,31,administrator
195,268,1,878573248,F,0,31,administrator
195,151,1,881425472,F,0,43,administrator
730,282,1,882122048,M,1,44,artist
730,686,1,878197888,M,1,23,artist
730,114,2,878197888,M,1,37,artist
195,692,2,888029376,F,0,33,administrator
195,413,1,887318400,M,1,44,administrator
201,230,1,878255744,M,1,30,administrator
730,755,1,886759232,F,0,43,administrator
205,213,1,887054080,M,1,29,administrator
351,234,2,884998976,F,0,31,administrator
195,251,1,882098112,F,0,29,administrator
730,759,2,878217600,M,1,44,administrator
730,97,2,878216384,M,1,32,artist
321,377,1,888859008,M,1,44,artist
195,374,1,888225984,F,0,44,administrator
730,740,1,888859136,M,1,34,artist
195,527,1,888585472,M,1,44,administrator
730,98,2,888254208,M,1,32,artist
730,98,1,878197888,M,1,25,artist
730,161,2,878393664,F,0,44,administrator
213,267,1,878198080,F,0,29,administrator
730,271,2,888859520,F,0,28,administrator
195,367,1,878197888,F,0,26,artist
195,483,1,878198016,F,0,29,administrator
195,210,1,888292352,F,0,31,administrator
730,759,2,878205760,M,1,25,artist
195,406,1,878843968,F,0,40,administrator
195,349,2,888859200,F,0,31,administrator
195,132,1,878197888,M,1,26,administrator
634,215,1,885784256,M,1,27,administrator
730,164,1,879041920,M,1,29,administrator
195,753,1,882013376,M,1,37,administrator
195,386,1,880540928,M,1,28,administrator
723,156,2,878466432,F,0,44,administrator
228,183,2,883563968,F,0,31,artist
730,338,2,883960512,F,0,36,administrator
674,342,2,883679104,F,0,31,administrator
195,379,2,878201920,F,0,29,artist
195,235,1,878298688,M,1,28,administrator
240,159,1,888191488,F,0,42,administrator
197,177,1,884651200,F,0,41,administrator
730,759,1,878620288,M,1,44,administrator
195,158,1,880154304,M,1,44,administrator
730,601,2,878197888,F,0,25,artist
705,306,1,880038528,M,1,44,administrator
730,752,1,888858048,F,0,27,administrator
730,750,1,878543872,M,1,44,administrator
729,387,1,887213248,M,1,29,administrator
657,180,2,878200832,F,0,44,administrator
621,157,1,888748416,F,0,31,administrator
730,748,1,878593024,M,1,44,administrator
195,431,1,878566912,F,0,30,administrator
730,167,1,878197888,M,1,28,administrator
730,751,2,888231104,M,1,44,administrator
730,150,1,878197888,M,1,27,artist
730,144,2,888642368,F,0,39,administrator
195,671,1,880082176,F,0,30,administrator
195,714,1,888859520,F,0,30,artist
195,574,1,888483776,M,1,32,artist
215,296,2,888856512,F,0,33,administrator
730,561,1,880706304,M,1,40,administrator
730,283,1,878197888,M,1,28,artist
200,573,2,888130752,F,0,33,administrator
730,717,1,885709632,M,1,31,artist
195,550,2,887485568,F,0,44,administrator
730,743,1,887711680,M,1,25,artist
730,274,1,878197888,M,1,25,administrator
730,129,2,878197888,M,1,24,artist
729,530,1,888268992,F,0,41,administrator
195,321,1,878406656,M,1,27,administrator
730,744,1,887369024,M,1,34,administrator
195,497,1,888859264,F,0,43,artist
397,159,1,888853632,M,1,29,administrator
196,248,2,878197888,F,0,36,administrator
195,645,1,888773440,M,1,43,administrator
195,744,1,887868800,F,0,34,administrator
207,145,1,888848448,M,1,29,administrator
499,128,1,878288768,M,1,44,administrator
195,124,2,878197888,F,0,34,administrator
703,143,2,878216960,F,0,35,administrator
730,759,1,888832896,M,1,24,administrator
730,254,1,888858368,F,0,31,administrator
542,134,2,878197888,F,0,32,administrator
730,149,1,880752512,M,1,44,artist
195,272,1,886613120,F,0,31,administrator
195,419,2,884520576,F,0,36,administrator
195,252,1,878197888,F,0,29,administrator
195,570,1,887484288,F,0,32,administrator
195,250,1,878292672,M,1,28,administrator
195,322,2,887974656,F,0,44,administrator
198,223,1,878198208,F,0,27,artist
730,718,1,880274816,F,0,38,administrator
730,458,1,886945728,F,0,31,administrator
730,755,2,878419776,M,1,44,administrator
195,484,2,888857152,F,0,44,artist
195,656,1,888850304,M,1,44,administrator
195,620,1,888838016,F,0,30,administrator
690,147,2,888859520,F,0,28,artist
195,191,1,882082368,F,0,31,administrator
195,233,1,888859392,M,1,38,artist
730,756,1,888440256,M,1,37,artist
195,752,1,878331840,M,1,30,artist
195,212,2,888859456,F,0,30,administrator
223,137,1,878199296,M,1,29,administrator
439,166,2,878299712,F,0,33,administrator
705,175,1,888849152,F,0,44,administrator
730,259,1,878197952,F,0,26,artist
195,577,2,879233920,F,0,44,administrator
196,332,2,878211392,F,0,44,administrator
719,158,2,879554048,M,1,44,administrator
195,745,1,886018752,F,0,30,administrator
730,675,2,881635904,F,0,28,artist
310,191,2,888135424,M,1,44,artist
195,238,2,878273792,F,0,35,administrator
730,510,1,887264704,F,0,30,administrator
440,205,1,882453440,M,1,28,administrator
372,194,1,878202304,F,0,28,artist
195,271,2,888856000,F,0,31,administrator
730,745,2,888859520,M,1,44,artist
722,565,2,881552256,M,1,44,administrator
730,758,1,879006912,M,1,22,artist
730,503,1,880743552,M,1,43,administrator
730,660,2,887844864,M,1,41,administrator
195,725,1,878305792,F,0,29,administrator
199,226,1,878599360,F,0,30,administrator
730,362,1,879138560,M,1,44,administrator
195,188,1,888856192,F,0,29,administrator
195,758,1,888859520,F,0,33,administrator
730,758,2,888826560,F,0,35,administrator
195,650,1,878315776,F,0,30,administrator
374,132,1,880011904,M,1,28,administrator
195,754,1,888857152,F,0,31,administrator
368,557,1,879243840,F,0,28,administrator
195,424,1,884128320,F,0,30,administrator
730,650,1,888216960,M,1,27,artist
220,121,1,888855552,F,1,31,artist
617,200,1,883432768,M,1,41,administrator
730,467,1,879413184,M,1,44,administrator
200,106,2,888858112,M,1,32,artist
195,238,1,878328064,F,0,30,administrator
195,302,2,878197888,F,0,36,administrator
730,758,2,879309440,F,0,36,administrator
219,219,1,888858816,M,1,44,administrator
730,207,2,888855168,F,0,35,artist
730,143,2,878214720,F,0,35,administrator
598,403,1,884744320,F,0,30,administrator
650,164,1,886585280,F,0,44,administrator
198,132,2,888855360,F,0,29,administrator
730,162,1,878197952,M,1,42,administrator
730,758,1,888725248,F,0,25,artist
195,158,1,883571840,F,0,33,artist
197,140,1,878255744,F,0,28,artist
195,681,2,884711104,F,0,32,administrator
276,218,1,878198592,F,0,31,administrator
730,710,1,878566016,M,1,44,administrator
730,757,1,888859072,M,1,30,administrator
730,737,1,881328512,F,0,28,artist
730,737,2,888784896,F,0,29,administrator
730,153,1,878197888,M,1,40,administrator
198,231,1,888785664,M,1,42,administrator
195,197,1,888457408,F,0,31,administrator
730,316,2,888647424,F,0,31,administrator
677,440,2,888798976,M,1,44,artist
195,248,1,878202816,F,0,40,administrator
198,242,1,888760768,F,0,44,administrator
200,308,1,884492864,M,1,30,administrator
730,138,2,878630208,F,0,34,artist
203,354,1,885742848,F,0,33,artist
730,459,2,888804032,F,0,30,administrator
323,223,1,878215808,F,0,32,administrator
197,305,1,888674304,F,0,33,administrator
195,211,1,878202624,F,0,43,administrator
197,105,2,888854848,F,0,32,artist
730,759,1,888119104,M,1,44,administrator
730,305,1,888801600,M,1,44,administrator
730,108,2,878226688,F,0,27,artist
195,717,2,884336192,F,0,32,administrator
195,216,1,888859520,F,0,31,administrator
730,103,1,878197888,F,0,24,artist
224,214,1,878239680,F,0,34,administrator
730,519,2,878198528,F,0,44,administrator
730,390,1,888713920,M,1,28,artist
195,493,2,879082816,F,0,33,administrator
730,758,1,878197888,M,1,23,artist
196,282,1,878845248,M,1,29,administrator
211,372,1,878672768,M,1,28,administrator
195,127,1,888859520,M,1,38,artist
195,371,1,888780224,F,0,44,administrator
379,101,1,878197888,F,0,28,artist
195,316,1,888844544,F,0,29,administrator
729,661,2,888817792,M,1,44,artist
730,98,1,878204544,M,1,24,artist
195,421,1,878207168,F,0,30,administrator
195,754,2,887704448,F,0,31,artist
195,338,1,888725888,M,1,30,administrator
195,758,2,878211328,F,0,32,administrator
730,753,2,888859520,F,0,26,administrator
730,302,2,888859072,F,0,28,artist
203,215,1,878334720,M,1,44,administrator
195,729,2,880584640,F,0,42,administrator
729,187,2,880970368,F,0,31,administrator
195,495,1,885614592,F,0,30,administrator
195,758,2,884316032,F,0,44,administrator
730,746,1,878630016,M,1,42,administrator
195,476,1,878812288,F,0,34,administrator
195,755,2,879245760,M,1,44,administrator
723,401,1,879855360,M,1,27,administrator
675,101,2,878197888,F,0,33,administrator
468,257,1,878197888,F,0,32,artist
730,154,1,878197888,M,1,35,administrator
195,403,1,878198272,F,0,30,administrator
195,370,1,878328896,F,0,31,artist
381,120,1,888366976,F,0,44,administrator
195,704,2,888828352,F,0,32,administrator
195,371,1,888858368,M,1,30,artist
195,682,1,888355072,M,1,36,artist
730,753,1,886480768,F,0,28,administrator
730,100,1,878197888,F,0,27,artist
730,744,1,878200000,M,1,24,administrator
721,97,1,878198592,M,1,28,artist
195,183,1,888854912,F,0,31,administrator
708,109,2,881795264,F,0,30,artist
195,723,1,884973376,F,0,32,administrator
730,124,2,879005696,F,0,30,artist
195,222,1,888840640,F,0,30,artist
195,624,2,878198016,F,0,31,administrator
197,232,1,885227520,F,0,36,administrator
705,175,1,878562112,M,1,44,administrator
730,637,1,878198464,M,1,24,artist
195,168,2,885720064,F,0,35,artist
730,719,2,878232128,F,0,28,artist
195,758,2,888859520,F,0,42,artist
195,704,1,878429120,F,0,31,administrator
730,559,1,880088832,M,1,44,administrator
709,144,1,878256256,F,0,34,administrator
730,226,2,887060352,M,1,32,artist
195,511,1,888638912,M,1,32,administrator
195,290,1,888708800,F,0,31,administrator
722,441,1,878533696,M,1,44,administrator
730,759,1,878237440,M,1,23,artist
269,199,2,878857472,F,0,42,administrator
730,613,2,878211584,F,0,28,artist
730,759,2,888851904,M,1,29,artist
196,293,2,888523584,F,0,32,administrator
730,124,1,878197888,M,1,27,administrator
195,198,1,878238784,M,1,29,administrator
730,581,1,878607936,M,1,44,administrator
201,243,1,879752448,M,1,44,administrator
195,565,1,888648704,F,0,44,administrator
195,695,1,878312320,M,1,28,administrator
195,714,2,883801920,F,0,40,administrator
730,727,2,878198912,F,0,31,artist
730,673,2,888768256,M,1,33,artist
730,703,1,878671232,M,1,44,administrator
393,141,1,888641344,M,1,44,administrator
730,758,2,878197888,F,0,33,administrator
730,729,1,886381952,M,1,44,administrator
400,209,1,888741760,F,0,29,administrator
730,382,2,886784128,F,0,29,artist
195,706,1,888856512,F,0,33,administrator
728,340,1,888847168,M,1,44,artist
730,168,1,878300672,F,0,28,artist
195,577,2,878231616,F,0,33,administrator
195,200,1,878341312,F,0,30,administrator
195,114,1,888858240,F,0,44,administrator
593,155,2,888821888,F,0,30,administrator
195,589,1,887307776,M,1,44,administrator
195,757,2,878205696,F,0,33,administrator
195,205,2,878197952,F,0,32,administrator
195,518,1,883360768,M,1,40,administrator
195,114,1,888859520,M,1,44,artist
195,549,1,881980032,F,0,40,administrator
195,722,1,878440128,M,1,44,administrator
195,555,1,878197888,F,0,29,administrator
195,671,1,888859136,F,0,40,administrator
730,141,2,884016704,F,0,44,administrator
683,154,1,881071616,M,1,44,administrator
730,711,2,888859520,M,1,42,artist
730,240,2,888077632,M,1,44,administrator
195,461,1,878217984,F,0,32,administrator
730,641,2,888855104,F,0,39,administrator
310,152,2,888856064,F,0,30,administrator
195,479,1,885260288,M,1,44,administrator
483,220,2,880569984,F,0,32,administrator
730,261,2,878228544,F,0,36,administrator
195,368,1,878271360,F,0,30,administrator
670,164,2,878758848,M,1,44,administrator
730,661,1,879124224,M,1,44,administrator
197,173,2,888859520,F,0,39,administrator
730,759,2,888843136,M,1,43,artist
195,745,2,884874240,F,0,31,administrator
727,170,1,878262848,F,0,44,administrator
195,511,1,878202624,M,1,31,administrator
730,386,2,878228800,F,0,44,administrator
730,675,2,879842624,M,1,22,artist
202,231,2,878219904,F,0,44,administrator
730,135,2,888546688,F,0,33,administrator
730,758,1,886065216,M,1,24,administrator
730,301,1,878657664,M,1,44,administrator
723,119,1,878218112,M,1,27,artist
695,274,2,888834880,M,1,44,administrator
195,175,1,878198144,M,1,27,administrator
195,578,1,888615680,F,0,30,administrator
195,752,2,878423552,F,0,44,administrator
730,594,2,878443520,M,1,41,administrator
195,202,1,885065152,F,0,30,administrator
703,251,2,878439296,F,0,31,administrator
404,152,1,878220160,M,1,42,administrator
195,138,1,888859328,F,0,30,administrator
195,304,1,888794752,F,0,29,administrator
195,560,1,878198272,F,0,30,administrator
195,751,2,878589632,F,0,44,administrator
730,657,1,888657024,F,0,29,administrator
729,539,1,880201984,M,1,43,administrator
730,128,2,878220608,F,0,44,administrator
730,746,1,879044160,M,1,44,administrator
725,181,1,888859136,F,0,30,administrator
195,421,1,888761984,M,1,37,administrator
197,248,2,878201664,F,0,35,administrator
729,100,1,886212288,M,1,43,artist
730,502,2,888847872,F,0,30,artist
730,758,1,888856448,F,0,28,administrator
730,378,1,888859200,M,1,28,artist
567,369,1,878231744,F,0,33,administrator
195,234,1,888859328,M,1,38,administrator
730,226,1,888859264,F,0,27,artist
730,174,2,878844544,F,0,44,administrator
730,529,1,878251776,F,0,31,administrator
195,756,1,888683904,F,0,30,administrator
197,150,1,888858752,F,0,28,administrator
730,745,2,888114304,M,1,26,administrator
195,309,1,888858816,F,0,42,administrator
195,736,1,878210496,F,0,30,administrator
304,178,1,885540608,M,1,29,administrator
215,147,1,888389568,F,0,39,administrator
211,151,1,881119232,M,1,36,administrator
195,537,2,878513024,F,0,32,administrator
730,756,2,888859456,M,1,41,artist
728,98,1,878197888,M,1,25,artist
287,356,1,888733824,M,1,44,artist
729,556,1,878877248,M,1,30,administrator
195,619,2,887821952,F,0,41,administrator
273,215,2,886636992,F,0,30,administrator
195,240,1,882974592,F,0,30,administrator
722,262,1,878687616,M,1,34,administrator
730,738,1,879123392,F,0,30,administrator
327,264,1,888597696,F,0,29,administrator
730,759,2,879484480,M,1,42,administrator
680,147,2,888858176,M,1,32,artist
730,518,1,883536128,F,0,32,administrator
730,424,2,879856256,M,1,44,administrator
204,290,1,878448704,F,0,32,administrator
195,753,1,888796288,F,0,31,artist
730,235,2,888780160,F,0,44,administrator
730,639,2,888859520,M,1,31,artist
729,97,1,878197888,M,1,26,artist
729,460,1,888857664,M,1,28,administrator
730,398,2,878207808,F,0,33,artist
290,178,1,886966464,F,0,34,administrator
195,213,2,888859520,M,1,44,artist
730,695,1,888859136,M,1,31,administrator
195,186,1,888829248,F,0,33,administrator
195,214,1,888859392,F,0,33,administrator
728,209,2,878785152,M,1,44,administrator
195,317,1,878199872,F,0,31,artist
730,730,1,888286400,M,1,36,administrator
730,149,2,887541952,F,0,40,administrator
195,200,1,878307328,M,1,31,administrator
195,549,2,879560128,F,0,32,administrator
195,302,1,878200000,M,1,30,administrator
195,510,1,884397312,M,1,44,administrator
195,427,1,888855936,M,1,44,administrator
276,214,1,888772160,F,0,29,administrator
730,221,1,878198080,M,1,28,administrator
730,187,1,878197888,M,1,25,artist
730,243,1,888130816,F,0,30,administrator
581,231,1,881726720,M,1,43,administrator
730,104,1,878197888,F,0,27,artist
730,742,1,879579392,M,1,28,administrator
730,734,1,886434304,M,1,24,artist
726,375,2,888859328,M,1,29,artist
442,155,1,888855872,M,1,32,artist
207,149,2,888859520,F,0,30,artist
730,668,1,878199296,M,1,23,artist
209,181,1,878298176,M,1,43,administrator
730,314,2,888859520,F,0,31,artist
730,739,2,878292800,M,1,33,administrator
195,290,2,888859520,M,1,44,artist
730,501,2,878197952,M,1,31,administrator
195,753,1,885912064,F,0,37,administrator
195,491,1,888857408,M,1,40,artist
655,163,2,878399040,F,0,40,administrator
730,225,2,888856448,F,0,31,administrator
195,130,1,878197888,M,1,28,administrator
621,180,1,882530944,M,1,41,administrator
197,265,1,881960832,F,0,30,administrator
730,202,2,880815424,F,0,33,administrator
195,147,1,878216000,F,0,31,administrator
730,565,2,888859520,F,0,28,artist
621,194,2,888852352,F,0,41,administrator
730,143,1,878197888,M,1,26,administrator
730,720,2,878200192,M,1,44,administrator
199,223,1,887852864,F,0,30,administrator
730,103,1,878197888,F,0,25,artist
195,581,1,878198144,F,0,29,administrator
196,141,1,888508992,M,1,44,administrator
195,741,2,878198080,F,0,44,administrator
195,149,1,888797376,F,0,30,administrator
730,703,2,880875520,F,0,26,artist
718,136,1,881147776,M,1,42,administrator
195,189,1,888710016,F,0,29,administrator
730,640,1,888819776,M,1,44,artist
730,106,1,878197888,F,0,30,artist
195,264,2,888684416,F,0,44,artist
730,231,1,878197888,F,0,32,administrator
727,349,1,878203136,F,0,30,administrator
195,165,1,888858816,F,0,32,artist
729,148,2,878246784,M,1,33,administrator
730,151,2,879934912,F,0,44,administrator
730,752,1,878197888,M,1,26,artist
195,649,1,883142016,F,0,29,administrator
730,721,2,888030144,F,0,29,administrator
730,478,2,888858624,F,0,30,administrator
196,428,2,878411072,M,1,44,administrator
314,194,1,878199552,F,0,33,administrator
195,148,1,878197888,F,0,27,artist
195,754,1,878239168,F,0,29,administrator
713,156,1,888857792,F,0,29,administrator
212,129,1,878257344,M,1,26,administrator
697,171,2,878984000,F,0,36,administrator
195,319,1,878197888,F,0,27,administrator
729,124,1,880154816,M,1,40,administrator
295,136,1,878200384,M,1,30,administrator
195,236,1,888858304,F,0,30,administrator
195,506,1,888736320,F,0,30,administrator
730,583,2,878200384,F,0,25,artist
730,573,1,878199104,M,1,25,artist
504,197,2,878199168,F,0,35,administrator
196,188,1,878199872,M,1,42,administrator
195,239,1,888822848,M,1,44,administrator
195,745,1,888828736,F,0,32,artist
730,644,1,878427648,M,1,26,administrator
373,249,1,888265920,F,0,29,administrator
730,430,2,888859328,F,0,31,administrator
195,576,1,886241536,F,0,31,administrator
730,568,1,878568320,M,1,44,administrator
195,474,1,880959616,M,1,44,administrator
195,543,2,887595008,F,0,32,administrator
195,465,1,881127296,F,0,43,administrator
730,234,2,878259776,F,0,41,administrator
195,529,1,888839040,F,0,37,administrator
279,402,2,878278464,F,0,44,administrator
730,539,2,888859520,F,0,40,artist
195,552,2,886776128,F,0,44,administrator
730,758,2,878258624,M,1,43,administrator
195,380,1,878834496,F,0,30,administrator
195,305,1,878337792,M,1,44,administrator
721,466,1,878201088,F,0,31,administrator
213,121,1,878197888,F,0,30,administrator
730,581,2,878198080,F,0,36,administrator
730,465,2,878197888,F,0,24,artist
195,181,1,878210304,F,0,31,administrator
197,174,1,878205952,F,0,34,administrator
195,135,1,888856896,F,0,29,administrator
195,708,1,878529472,F,0,29,administrator
195,726,2,878197888,F,0,35,administrator
730,474,1,879287616,M,1,40,administrator
195,701,1,887935296,F,0,44,administrator
730,701,2,881904384,M,1,31,administrator
730,285,2,888546816,F,0,32,administrator
195,659,1,878529984,M,1,40,administrator
195,696,2,878201344,F,0,43,administrator
730,469,1,888859328,F,0,27,artist
640,127,2,878197952,F,0,31,artist
730,493,1,878602176,M,1,44,administrator
730,288,2,878279168,F,0,35,administrator
730,644,2,888852544,F,0,28,administrator
195,545,1,881525504,F,0,30,administrator
195,757,1,887228032,M,1,30,administrator
707,215,2,879535040,F,0,44,administrator
198,119,1,888848512,F,0,31,administrator
195,467,1,888859392,M,1,33,artist
195,450,1,878211264,F,0,29,administrator
229,257,1,879149376,M,1,44,administrator
730,759,2,878378752,M,1,27,administrator
730,269,2,887401088,M,1,24,artist
195,442,1,888859520,F,0,32,administrator
196,120,1,878614144,M,1,31,artist
730,758,1,879055168,M,0,44,administrator
730,757,1,888564480,M,1,26,administrator
730,102,1,878197888,M,1,27,artist
730,606,2,888859520,F,0,27,artist
195,478,1,878227520,F,0,29,administrator
729,143,2,888857664,F,0,29,administrator
196,396,1,886381888,M,1,44,administrator
197,120,1,878667456,F,0,44,administrator
730,98,1,878197888,F,0,28,artist
715,336,1,888857088,M,1,31,artist
195,261,1,886012160,F,0,31,administrator
328,152,2,878200320,F,0,29,artist
222,324,2,888859520,F,0,32,artist
730,744,1,888423232,M,1,28,administrator
195,292,1,887083968,M,1,31,administrator
540,141,1,888289216,M,1,44,artist
730,97,1,878197888,M,1,22,artist
266,100,1,878197888,F,0,25,artist
195,630,1,878351040,F,0,31,administrator
729,307,2,888612224,F,0,30,administrator
434,231,2,878238016,F,0,43,administrator
728,189,1,888784064,F,0,32,administrator
199,214,1,888100032,M,1,44,administrator
195,209,1,888849856,F,0,44,administrator
729,542,1,878220736,M,1,28,administrator
195,222,1,878198720,F,0,44,administrator
210,131,1,878367488,M,1,28,administrator
195,224,1,888833856,F,0,39,administrator
730,680,1,878215680,F,0,30,administrator
730,735,1,878197888,M,1,23,artist
730,545,1,878985216,M,1,44,administrator
371,157,1,888835584,F,0,30,administrator
195,756,1,878198016,F,0,29,administrator
730,385,1,888835456,F,0,39,administrator
195,460,2,878197952,F,0,34,administrator
195,231,1,878200192,F,0,30,administrator
730,104,2,888267968,F,0,30,artist
730,519,2,888859520,F,0,28,artist
730,120,1,888549376,M,1,31,artist
196,154,1,886273088,M,1,27,administrator
195,397,1,878197888,F,0,28,artist
706,199,1,881753024,M,1,44,administrator
302,116,1,888859520,M,1,44,artist
195,149,1,878197888,F,0,29,artist
727,221,2,888041984,M,1,41,administrator
730,754,1,878280640,M,1,23,administrator
730,214,2,888859264,F,0,30,artist
728,135,1,878203136,F,0,28,artist
730,754,2,888857920,M,1,28,artist
730,476,1,878514496,M,1,25,administrator
208,115,1,878197888,F,0,27,artist
195,615,1,888852928,F,0,31,administrator
730,417,1,884475328,M,1,44,administrator
729,432,2,888793088,F,0,33,artist
730,404,2,880957504,F,0,37,administrator
730,737,2,878304384,M,1,44,administrator
730,719,2,878554624,F,0,44,administrator
730,97,1,878307136,M,1,31,artist
730,675,2,878330752,M,1,27,artist
195,626,1,885329280,F,1,29,administrator
195,182,1,888216832,F,0,31,administrator
730,756,1,878200192,M,1,24,administrator
730,736,1,879073984,M,1,44,administrator
197,164,1,887923456,M,1,39,administrator
504,121,1,878197888,F,0,29,artist
726,165,1,879538944,M,1,44,administrator
594,136,1,878272768,F,0,32,administrator
195,738,2,881619712,F,0,32,administrator
730,329,2,888601216,M,1,27,artist
549,97,1,888859520,M,1,30,artist
730,313,1,882280576,M,1,44,artist
195,332,1,888788288,F,0,30,administrator
195,294,1,878197888,F,0,27,artist
196,176,1,883463104,M,1,44,administrator
730,719,1,878198656,M,1,25,administrator
730,112,2,878197888,F,0,39,administrator
694,118,2,878197888,F,0,35,artist
195,599,1,878783616,F,0,30,administrator
200,281,1,882961984,M,1,32,administrator
206,352,1,878712064,F,0,32,administrator
195,541,1,878197888,F,0,28,administrator
195,178,2,887099904,F,0,32,administrator
195,127,1,878197888,M,1,28,administrator
720,136,1,881068352,M,1,44,administrator
195,641,2,878198144,F,0,35,administrator
730,745,1,878198336,M,1,25,administrator
195,587,1,884657728,F,0,30,administrator
536,205,1,888854144,F,0,34,administrator
714,194,1,878258240,M,1,43,administrator
195,343,1,888856320,M,1,44,administrator
730,757,1,883607616,M,1,25,administrator
730,753,1,878248448,M,1,24,artist
730,115,1,878197888,F,0,24,artist
195,753,1,888632192,F,0,44,administrator
728,164,1,884611840,F,0,44,administrator
730,758,2,881608960,M,1,44,administrator
195,752,2,888276160,F,0,44,administrator
195,491,1,888748672,F,0,29,administrator
730,758,1,881360128,M,1,44,administrator
201,270,1,878197888,F,0,30,administrator
195,528,1,878214976,M,1,28,administrator
730,745,1,880687552,M,1,44,administrator
195,269,1,887958336,F,0,30,administrator
730,115,1,878197888,M,1,27,administrator
730,657,1,878827648,M,1,37,administrator
730,259,2,888859520,M,1,27,artist
730,245,1,882082944,M,1,41,administrator
195,608,1,888859008,F,0,38,administrator
730,289,2,878335296,M,1,44,administrator
195,607,1,878366656,F,0,29,administrator
730,124,2,878203328,M,1,26,artist
195,125,2,878197888,F,0,28,artist
730,99,2,878197888,F,0,27,artist
730,227,2,885808640,F,0,33,administrator
728,133,2,887804032,F,0,32,administrator
195,173,1,878201344,M,1,28,administrator
730,163,2,878279680,F,0,44,administrator
730,237,1,879095360,M,1,30,administrator
195,744,2,879354560,M,1,44,administrator
712,268,1,878568320,M,1,44,administrator
506,128,2,888855616,F,0,29,administrator
197,432,2,888855936,F,0,31,artist
195,531,2,888857920,M,1,44,artist
196,242,1,880470144,F,0,30,administrator
730,712,1,882763840,M,1,44,administrator
730,662,1,888528960,F,0,43,administrator
195,258,1,884637824,M,1,29,administrator
730,98,1,878197888,F,0,23,artist
730,391,1,878795264,F,0,33,administrator
447,121,1,878197888,M,1,27,artist
195,718,1,884773312,M,1,44,administrator
195,129,1,888859456,M,1,44,artist
196,466,1,886526720,F,0,44,administrator
195,213,1,878197952,M,1,27,administrator
203,235,1,878203136,F,0,32,administrator
336,152,1,888859520,F,0,34,administrator
730,241,1,884076608,M,1,31,administrator
730,591,1,888700288,M,1,28,administrator
730,158,2,887219520,F,0,34,artist
195,616,1,888859072,F,0,31,administrator
197,163,1,878197888,F,0,32,administrator
730,308,1,878360192,M,1,44,administrator
195,198,2,878474944,M,1,35,artist
195,267,1,878205632,F,0,31,administrator
727,307,1,878474304,M,1,31,administrator
730,723,1,886993216,M,1,25,administrator
195,710,1,887172672,M,1,44,administrator
195,242,1,878378432,M,1,28,administrator
196,164,1,881936384,F,0,32,administrator
195,231,1,880754112,M,1,27,administrator
730,626,1,878344704,F,0,28,administrator
730,753,1,878306560,M,1,31,artist
195,248,1,888848000,F,0,31,administrator
662,161,1,882898368,M,1,44,administrator
730,734,1,881897920,M,1,44,administrator
730,160,1,878197888,F,0,26,artist
730,190,2,888859520,F,0,29,artist
730,498,1,878565568,M,1,27,artist
730,662,2,879167296,M,1,44,administrator
195,147,2,888693440,F,0,30,administrator
195,491,1,888821760,M,1,44,administrator
730,729,1,878331904,F,0,27,administrator
195,453,2,888783232,F,0,31,administrator
730,278,2,878339008,F,0,33,administrator
206,169,1,888813248,M,1,43,administrator
195,260,1,878197888,F,0,25,artist
730,209,1,878197888,F,0,28,artist
195,721,1,888666240,M,1,44,administrator
195,727,1,888857856,M,1,42,artist
195,331,1,884930112,F,0,31,administrator
195,713,1,887398976,M,1,42,administrator
730,116,1,878197888,M,1,25,artist
195,236,1,878201664,F,0,31,administrator
195,738,2,886521920,M,1,44,administrator
730,608,2,883839232,M,1,44,administrator
195,750,1,887557952,F,0,30,administrator
730,221,1,887908480,F,0,43,administrator
730,437,2,881212032,M,1,44,artist
657,124,1,888368192,F,0,44,administrator
195,262,1,888843520,F,0,29,administrator
199,180,1,878218240,F,0,32,administrator
195,707,2,878573952,F,0,33,administrator
730,723,1,880385664,M,1,39,administrator
730,737,1,883851136,M,1,27,administrator
725,195,2,878199872,F,0,44,administrator
730,759,1,884036224,M,1,25,administrator
730,759,2,881746112,M,1,42,administrator
195,643,2,883598784,F,0,34,artist
727,378,1,878416192,F,0,30,artist
730,105,2,882667776,M,1,31,artist
730,246,1,878394688,F,0,28,artist
195,683,1,880616064,M,1,29,administrator
730,518,1,880938560,M,1,25,artist
195,374,1,878216320,M,1,30,administrator
209,195,2,881764864,F,0,38,administrator
643,164,1,885316992,F,0,31,administrator
730,195,2,883924672,F,0,32,artist
197,177,1,885573312,F,0,44,administrator
195,362,1,879339392,F,0,30,administrator
730,638,1,882084416,M,1,41,administrator
198,157,1,886308608,M,1,33,administrator
728,107,2,885880192,F,0,32,artist
730,649,2,887558720,M,1,44,administrator
195,450,2,888859520,F,0,33,artist
730,512,1,878541824,F,0,31,administrator
567,138,2,888270336,F,0,30,artist
730,759,2,888466752,M,1,41,artist
256,137,2,878197952,M,1,32,administrator
195,701,1,886873536,M,1,34,administrator
195,693,2,878275328,F,0,43,administrator
252,216,2,888450560,F,0,29,administrator
198,116,1,878197888,M,1,27,artist
195,755,1,879402048,M,1,30,administrator
195,661,1,878251584,F,0,29,artist
195,408,1,878434048,F,0,30,administrator
195,183,1,888858944,F,0,32,administrator
195,305,1,881901760,F,0,44,administrator
195,365,2,878197888,F,0,25,artist
195,168,2,881861632,F,0,32,artist
730,146,2,878219520,M,1,29,artist
639,141,2,883533760,F,0,44,administrator
195,329,1,885094272,F,0,30,administrator
487,244,2,886377216,M,1,44,administrator
730,751,1,878242048,M,1,44,administrator
730,755,1,878564992,M,1,28,administrator
292,161,2,888793408,F,0,44,administrator
195,529,2,878200064,F,0,36,administrator
201,211,1,880928448,M,1,44,administrator
195,412,1,888829184,M,1,43,artist
195,756,2,878201792,F,0,32,administrator
730,490,1,887187968,M,1,44,administrator
195,192,1,888859456,F,0,30,administrator
728,330,1,879066816,M,1,44,administrator
195,233,1,888399744,F,0,29,administrator
532,192,2,878198592,F,0,36,administrator
195,742,1,878206656,F,0,28,administrator
197,134,2,878209728,F,0,32,artist
195,758,2,885858496,F,0,33,administrator
244,268,1,888723456,F,0,29,artist
730,759,1,880454208,M,1,44,administrator
197,245,2,878519936,F,0,33,administrator
195,248,1,888859520,F,0,31,artist
195,678,2,878416448,F,0,31,administrator
730,693,2,888656192,F,0,30,artist
195,210,1,878200896,F,0,30,artist
730,641,2,888789696,F,0,28,artist
730,109,2,878197888,F,1,28,artist
195,254,1,878197888,F,0,25,artist
235,213,1,878209664,M,1,27,administrator
195,273,1,883628672,F,0,29,administrator
195,663,1,880247104,M,1,39,administrator
196,139,1,887083776,F,0,36,administrator
292,176,1,878825344,M,1,44,administrator
721,165,2,888855488,F,0,29,administrator
726,404,2,888843520,F,0,29,administrator
730,450,1,888822272,F,0,33,administrator
730,245,2,878213952,F,0,34,artist
730,759,2,879122560,M,1,44,artist
197,184,1,880137088,M,1,27,administrator
195,673,1,878259776,F,0,43,administrator
730,381,1,878336960,M,1,44,artist
730,759,2,878232064,M,1,43,administrator
730,214,1,878272768,M,1,44,administrator
295,172,2,887468160,F,0,44,administrator
195,706,1,878209536,F,0,29,administrator
211,245,1,878305984,F,0,35,administrator
195,482,1,882885696,M,1,44,administrator
730,757,1,878198528,M,1,24,administrator
730,750,2,888858752,M,1,44,artist
730,323,1,878202368,F,0,30,administrator
370,132,1,878328320,F,0,33,administrator
195,738,1,888830784,F,0,44,administrator
726,202,1,888859200,F,0,28,administrator
730,159,1,878197952,M,1,28,administrator
195,186,1,878197888,F,0,28,administrator
204,296,1,884453824,M,1,36,administrator
730,580,1,878344768,M,1,33,administrator
222,168,1,888792640,M,1,44,artist
327,242,1,888142400,M,1,36,administrator
195,261,1,882258368,F,0,31,administrator
730,215,1,888607296,F,0,34,artist
419,116,1,879935296,M,1,31,administrator
195,337,1,887070528,F,0,39,administrator
730,421,1,878197888,M,1,23,artist
730,561,1,884474432,F,0,40,administrator
212,172,1,880855104,F,0,44,administrator
238,302,1,879651648,M,1,34,administrator
730,661,1,883038208,M,1,32,administrator
195,565,2,878313152,F,0,32,administrator
728,106,2,878209728,F,0,44,administrator
640,102,1,878197888,F,0,25,artist
195,199,2,885654656,F,0,31,administrator
195,195,1,888408960,F,0,32,administrator
195,731,1,878205056,F,0,29,administrator
200,126,1,878197888,F,0,27,artist
730,700,1,878197952,M,1,24,artist
247,140,1,878197888,M,1,27,artist
730,211,1,878197888,F,0,30,administrator
195,149,1,887291520,F,0,44,administrator
195,441,2,888859520,M,1,44,artist
229,133,1,888826944,F,0,31,administrator
730,711,1,878201088,M,1,36,administrator
729,170,2,888859200,F,0,28,administrator
729,180,2,888747392,F,0,32,administrator
730,305,1,878201984,F,0,28,artist
563,259,2,888362688,M,1,44,artist
195,559,2,878768064,F,0,33,administrator
682,131,1,888855744,M,1,44,artist
195,758,2,885741312,F,0,32,administrator
417,118,1,878308608,M,1,28,administrator
195,649,1,887901504,F,0,44,administrator
195,483,1,887088384,F,0,30,administrator
195,285,2,878197888,F,0,38,administrator
730,473,1,886719872,M,1,44,administrator
729,331,1,888484928,M,1,43,administrator
195,149,2,888859456,F,0,35,artist
195,263,1,878197888,F,0,30,administrator
215,229,2,878418432,F,0,34,administrator
220,205,1,885260736,F,0,31,administrator
198,152,1,888859520,M,1,33,artist
730,299,2,888759552,F,0,30,administrator
195,224,1,878198144,F,0,30,administrator
195,283,1,879415552,F,0,30,administrator
195,431,1,878882624,F,0,29,administrator
195,166,1,888833408,F,0,41,administrator
195,187,2,888859520,M,1,44,artist
195,599,2,878264576,F,0,30,artist
195,274,1,878205824,M,1,27,administrator
730,340,1,878197888,M,1,29,artist
730,736,2,888746688,F,0,28,administrator
195,392,1,878198336,F,0,30,administrator
691,239,1,888731584,M,1,44,administrator
730,113,1,878197888,F,0,26,artist
195,745,2,878244096,F,0,39,administrator
719,276,1,878562944,M,1,31,administrator
195,723,1,878366208,F,0,29,administrator
195,153,1,888561856,M,1,32,administrator
195,366,2,878198848,F,0,34,administrator
195,488,1,878319936,F,0,30,administrator
730,489,1,878285952,M,1,37,administrator
730,722,2,878197888,F,0,28,artist
196,180,1,888859456,F,0,30,artist
195,635,2,880801472,F,0,33,administrator
490,151,1,888684800,F,0,30,artist
195,217,1,878772928,F,0,31,administrator
196,592,2,888378752,F,0,38,administrator
195,313,2,878253504,F,0,35,administrator
730,696,1,878535488,M,1,24,administrator
728,266,2,878224128,F,0,39,administrator
195,742,2,888855872,F,0,44,administrator
730,670,2,878347264,F,0,42,administrator
729,109,1,888526720,M,1,29,artist
730,721,1,878607104,M,1,44,administrator
711,359,1,888859520,M,1,31,artist
729,98,1,878197888,M,1,26,artist
730,757,1,888719168,M,1,31,administrator
195,258,2,888859520,M,1,34,artist
195,212,1,878235136,F,0,44,administrator
201,232,2,888859456,M,1,42,artist
195,592,1,878197888,F,0,29,administrator
730,305,1,888857856,F,0,32,administrator
542,311,2,878807616,M,1,36,administrator
326,150,2,880967616,F,0,29,artist
241,221,1,878197952,F,0,28,artist
195,187,2,878199040,F,0,33,administrator
730,758,2,888374976,M,1,39,administrator
195,503,1,888859456,F,0,43,administrator
730,707,2,884046464,F,0,39,administrator
221,303,1,887597056,F,0,33,artist
502,126,1,879910528,F,0,44,administrator
690,407,1,885932160,M,1,37,administrator
195,293,1,888856320,M,1,41,artist
195,477,2,888657408,F,0,30,administrator
195,369,2,878228160,F,0,33,administrator
195,240,1,885614528,F,0,31,administrator
195,335,1,888854464,M,1,34,artist
195,530,2,879003776,F,0,44,administrator
727,112,2,878197952,F,0,38,administrator
729,461,1,888559744,F,0,28,administrator
730,152,1,883237888,F,0,30,artist
730,583,1,888644160,M,1,44,administrator
195,532,1,879175296,M,1,43,administrator
247,104,1,878197888,F,0,30,artist
278,221,1,888844224,F,0,31,administrator
730,701,2,880774272,M,1,44,administrator
195,231,1,888858624,F,0,32,administrator
211,274,1,878266496,M,1,43,administrator
195,312,1,878870720,M,1,29,administrator
730,752,1,885847168,M,1,44,administrator
714,385,2,888847744,M,1,31,artist
707,183,2,888846464,F,0,30,administrator
195,167,1,878203776,F,0,31,administrator
195,352,1,878197888,F,0,28,administrator
195,509,1,881553664,M,1,32,administrator
195,335,1,881088896,M,1,40,administrator
730,340,1,879101248,M,1,44,administrator
730,684,2,882972352,F,0,44,artist
195,433,1,879422336,F,0,34,administrator
195,151,1,888831744,M,1,44,administrator
195,739,2,882146944,M,1,44,administrator
195,743,1,878854144,F,0,31,administrator
195,758,1,878692416,F,0,29,administrator
195,345,2,878461440,F,0,32,administrator
200,263,1,885898816,M,1,44,administrator
730,716,2,888451712,F,0,28,administrator
197,222,1,878201024,M,1,26,administrator
692,123,1,886393728,M,1,44,artist
216,273,1,887008512,M,1,30,administrator
195,647,2,881289664,F,0,44,administrator
195,678,1,885271680,F,1,30,administrator
730,751,1,881330432,M,1,40,administrator
730,112,1,878197888,M,1,24,artist
195,410,1,888431104,F,0,30,administrator
195,332,1,888156800,F,0,30,administrator
215,144,1,888812096,F,0,30,administrator
201,202,1,888859520,F,0,43,artist
201,367,1,886096064,M,1,33,artist
226,239,2,884704512,F,0,33,artist
195,357,2,884103360,F,0,31,administrator
730,97,1,878197888,M,1,23,artist
195,321,1,878203520,M,1,30,administrator
195,177,1,880611584,F,0,30,administrator
709,145,1,879829504,M,1,44,administrator
730,735,2,888856256,M,1,41,administrator
730,636,2,888760000,F,0,29,administrator
209,141,1,888810176,M,1,44,administrator
195,728,1,878321792,F,0,33,administrator
195,758,1,888774400,F,0,32,administrator
195,393,1,878201472,F,0,33,administrator
303,161,1,886864064,F,0,30,administrator
730,164,1,888835904,M,1,43,artist
195,418,1,878198464,F,0,30,administrator
730,105,1,878197888,M,1,27,artist
730,731,1,888497280,M,1,40,administrator
211,220,1,879367936,M,1,29,administrator
258,159,2,888784960,F,0,30,administrator
218,106,1,878197888,M,1,28,administrator
195,258,1,878200320,M,1,28,administrator
195,211,1,888846592,F,0,30,administrator
730,758,1,887185024,M,1,44,administrator
279,128,1,878197888,F,0,25,artist
699,130,1,888853696,F,0,31,administrator
719,194,1,878198400,F,0,28,artist
729,109,2,885611200,F,0,32,administrator
730,516,2,888859520,F,0,29,artist
195,360,1,888073024,M,1,44,artist
212,146,1,881982272,F,0,44,administrator
195,473,2,878202432,F,0,44,administrator
730,369,2,887168832,M,1,43,artist
195,546,1,878205248,F,0,28,administrator
700,294,1,885878912,M,1,27,administrator
707,197,2,888859264,F,0,31,artist
730,618,2,879908096,M,1,30,administrator
730,758,1,878538176,M,1,28,administrator
218,102,1,888859456,M,1,32,artist
196,156,1,878247872,F,0,44,administrator
195,301,1,878198336,F,0,31,administrator
207,168,1,878316544,M,1,44,administrator
730,709,1,878198272,M,1,25,administrator
715,179,1,878865152,F,0,44,administrator
195,269,1,878198016,F,0,30,administrator
195,182,1,878197952,F,0,30,administrator
730,118,2,882495552,F,0,32,administrator
714,135,1,882413888,M,1,44,administrator
195,553,1,878197952,F,0,28,administrator
196,360,1,888428160,F,0,30,artist
195,752,2,888858688,M,1,37,artist
730,756,2,878764800,M,1,28,administrator
432,105,1,878197888,F,0,27,artist
730,759,1,881273216,M,1,44,administrator
195,528,1,878227392,F,0,28,administrator
195,234,1,888705344,F,0,40,administrator
195,142,1,888859456,F,0,31,administrator
729,140,2,878420416,F,0,44,administrator
195,284,1,878198208,M,1,30,administrator
729,97,1,878197888,F,0,22,artist
730,292,2,878582336,F,0,44,administrator
195,308,1,878924928,F,0,44,administrator
195,203,2,886938176,F,0,33,artist
195,182,1,888851776,F,0,41,administrator
195,510,1,878357696,F,0,30,administrator
195,698,1,878775936,F,0,29,administrator
730,104,1,882627328,M,1,30,artist
195,190,1,887852992,F,0,33,administrator
730,758,2,878650496,M,1,25,artist
195,230,1,878214080,F,0,36,administrator
726,100,1,878197888,M,1,26,administrator
321,198,1,888504960,F,0,30,administrator
730,503,2,878331136,M,1,44,administrator
589,178,1,888473536,F,0,44,administrator
303,158,2,878208448,F,0,44,administrator
730,157,2,888846848,F,0,31,artist
730,162,2,878197888,F,0,36,administrator
315,351,2,878202816,F,0,44,administrator
730,624,2,878428480,F,0,28,administrator
195,599,2,888110976,F,0,44,administrator
195,308,1,878201024,M,1,29,administrator
195,304,2,885584384,F,0,31,administrator
730,241,2,888846208,F,0,31,artist
195,759,1,885213568,F,0,31,administrator
195,268,1,878602176,F,0,32,administrator
730,621,1,879718016,M,1,43,administrator
730,694,2,888849088,F,0,28,administrator
724,519,1,878757504,M,1,30,administrator
195,192,1,878197888,F,0,28,administrator
195,327,1,878206144,F,0,35,administrator
195,466,2,888425344,F,0,32,administrator
717,436,2,887913984,M,1,44,artist
195,701,1,888859520,M,1,36,artist
730,161,1,878197888,M,1,28,artist
195,449,1,888840960,F,0,33,artist
704,131,1,888853696,F,0,42,administrator
195,151,1,878197888,F,0,29,administrator
195,186,1,885883328,F,0,31,administrator
195,309,1,888470912,F,0,43,administrator
730,119,1,878213824,M,1,26,artist
200,240,2,888685824,F,0,44,administrator
195,759,1,888714048,F,0,44,artist
195,465,1,888766592,M,1,44,administrator
195,457,1,879752000,M,1,44,administrator
195,336,1,878219584,F,0,30,administrator
730,265,2,888859200,F,0,26,artist
729,155,2,888823680,F,0,32,administrator
200,187,1,878198080,F,0,30,administrator
730,750,2,880522368,M,1,43,administrator
195,205,2,878209088,F,0,37,administrator
195,572,1,878772352,M,1,42,administrator
195,362,1,879588736,F,0,30,administrator
729,320,2,888377408,F,0,34,administrator
729,229,2,887191552,F,0,44,administrator
195,341,1,878199872,M,1,32,administrator
195,434,1,878198592,F,0,26,artist
730,100,1,878197888,M,1,23,artist
195,245,2,888858752,M,1,35,artist
724,175,2,888857920,M,1,44,administrator
214,290,2,878209664,F,0,31,administrator
492,99,1,888611392,M,1,30,artist
195,194,1,888859520,M,1,33,artist
728,189,2,888859520,F,0,31,administrator
687,125,1,878329984,M,1,29,administrator
195,491,1,888853504,M,1,44,artist
721,268,1,888314624,M,1,30,administrator
259,155,2,888857792,F,0,35,administrator
195,681,1,880983168,F,0,30,administrator
689,269,1,885246912,M,1,28,administrator
317,202,1,888621888,M,1,44,artist
195,249,1,878201856,M,1,28,administrator
347,340,2,878304320,M,1,44,administrator
195,212,1,888781376,F,0,30,administrator
195,164,2,888859520,M,1,44,artist
195,736,1,878198080,F,0,28,artist
729,271,2,878204224,F,0,44,administrator
730,611,1,884311808,M,1,44,administrator
728,293,1,886779328,F,0,32,administrator
195,691,1,887640576,F,0,44,administrator
730,684,1,878508928,M,1,25,artist
195,738,1,878245312,F,0,30,administrator
195,146,1,888859520,F,0,31,administrator
730,759,1,879748224,M,1,24,administrator
195,248,1,878198336,F,0,29,administrator
730,570,2,880901056,M,1,27,artist
730,352,1,878197888,F,0,29,artist
209,175,1,888858048,F,0,32,administrator
195,153,1,885857664,F,0,30,administrator
729,228,1,882235456,M,1,44,administrator
730,666,2,880417600,M,1,44,artist
195,339,1,882830784,M,1,28,administrator
730,680,2,883537344,M,1,44,administrator
195,441,1,888842880,M,1,44,administrator
195,704,1,878673600,M,1,43,administrator
195,468,1,887854016,F,0,29,administrator
213,180,1,878204544,M,1,29,administrator
730,438,1,880975552,M,1,44,administrator
195,299,1,878341760,F,0,30,administrator
277,182,2,888859520,F,0,31,artist
719,192,2,888859520,F,0,29,administrator
196,149,1,878202304,M,1,40,administrator
195,756,2,884592384,F,0,32,administrator
729,286,1,878198016,M,1,28,administrator
195,141,1,878197888,F,0,28,artist
730,120,1,878197952,M,1,28,administrator
198,180,1,888859520,M,1,44,artist
704,666,2,887734528,F,0,40,administrator
604,120,1,886584640,F,0,44,administrator
730,501,1,878321088,M,1,43,administrator
730,100,2,878197952,F,0,26,artist
730,754,1,888229632,M,1,41,administrator
195,497,1,887751872,F,0,42,administrator
730,235,2,888105792,F,0,32,administrator
726,354,1,888762816,M,1,28,administrator
724,200,1,881317120,F,0,31,administrator
730,690,2,883060608,F,0,30,administrator
197,308,2,888859520,F,0,32,artist
722,476,2,878198848,F,0,44,administrator
195,253,1,878986432,M,1,28,administrator
197,141,1,878199168,F,0,33,administrator
195,290,1,884479168,F,0,30,administrator
730,758,1,879653504,M,1,24,artist
730,666,1,888252224,F,0,29,administrator
730,225,1,878197888,M,1,26,artist
730,441,1,878280960,M,1,44,administrator
196,156,1,888166208,M,1,42,administrator
195,255,1,878207232,F,0,32,administrator
195,757,2,884288704,F,0,44,administrator
195,186,1,888845696,F,0,44,administrator
195,179,1,878197888,F,0,27,administrator
195,135,1,887280000,F,0,44,administrator
730,465,1,878393792,M,1,29,administrator
195,385,2,878832832,F,0,31,administrator
195,293,2,888859392,F,0,31,artist
195,262,2,879994624,F,0,34,administrator
730,151,2,878199680,F,0,37,administrator
195,369,1,878483008,M,1,29,administrator
195,653,2,878252800,F,0,31,administrator
195,696,1,878217920,F,0,35,administrator
195,176,1,888346240,F,0,29,artist
721,230,1,878198976,F,0,31,administrator
270,225,1,886491840,M,1,44,artist
730,548,1,878200576,M,1,30,administrator
195,154,2,878197888,F,0,31,artist
195,546,1,888845760,F,0,30,administrator
730,98,1,888135232,M,1,34,artist
517,135,1,888680704,F,0,43,administrator
207,179,1,880865408,M,1,44,administrator
195,136,1,878197888,M,1,26,artist
195,457,1,879150272,M,1,27,administrator
730,251,2,878198080,F,0,31,artist
209,172,2,888859456,F,0,32,administrator
730,740,2,888859072,F,0,29,artist
242,319,2,879274752,M,1,44,administrator
195,275,1,878451456,F,0,30,administrator
730,704,1,886273344,M,1,27,administrator
195,314,1,878233856,M,1,30,artist
730,118,2,878617024,M,1,26,artist
395,213,1,878207360,F,0,31,administrator
727,352,2,878214720,F,0,35,administrator
198,216,1,878292416,M,1,28,administrator
207,327,1,878417856,F,0,31,administrator
195,106,1,888859520,M,1,34,artist
729,118,2,886594496,F,0,33,administrator
195,713,1,886267456,F,0,30,administrator
203,131,1,888833984,M,1,29,administrator
730,707,2,878712512,M,1,28,administrator
730,126,2,878200768,F,0,36,artist
730,340,1,878204096,M,1,27,artist
195,226,1,879719104,F,0,30,administrator
195,713,1,888814656,F,0,35,administrator
442,146,2,878612864,F,0,44,administrator
195,201,1,878198144,M,1,27,administrator
224,189,1,888804160,F,0,34,administrator
730,546,1,888816000,F,0,27,artist
730,352,2,878197888,F,0,39,artist
195,559,1,888658176,F,0,30,administrator
730,758,1,879218944,M,1,43,administrator
195,479,1,878197888,F,0,29,artist
196,191,1,888831040,M,1,43,administrator
730,162,2,888859456,F,0,28,administrator
195,299,1,879096064,M,1,29,administrator
730,750,1,878200320,M,1,29,administrator
195,431,1,888859264,M,1,43,administrator
195,168,1,888569344,M,1,31,administrator
721,113,1,878197952,F,0,31,artist
195,668,1,878300608,F,0,30,administrator
730,759,1,878630400,M,1,24,administrator
195,247,1,888612864,M,1,41,artist
730,237,1,878379648,F,0,29,artist
196,152,1,888808000,M,1,44,administrator
204,134,1,879423296,F,0,31,administrator
195,277,1,888852800,F,0,30,administrator
730,433,2,888234240,M,1,33,artist
730,757,2,888859520,M,1,33,artist
729,472,1,878283712,F,1,29,administrator
370,168,1,888780608,F,0,34,administrator
196,140,1,888856448,F,0,34,administrator
196,126,1,888667840,M,1,31,administrator
195,619,1,878280896,F,0,29,administrator
730,678,2,884350400,M,1,28,administrator
730,758,1,878220480,M,1,23,artist
196,157,1,888859072,F,0,29,administrator
195,237,2,878197888,F,0,32,administrator
195,737,1,886258880,F,0,30,administrator
195,313,2,888859520,F,0,33,artist
195,759,2,886502144,F,0,34,artist
195,242,1,888302912,F,0,38,administrator
195,677,1,888632256,F,0,30,administrator
195,758,1,880675840,F,0,31,administrator
716,121,1,878201344,F,0,28,artist
195,400,1,888859520,F,0,44,artist
212,116,1,878199616,M,1,29,administrator
730,185,2,878831424,F,0,44,administrator
197,177,1,878227584,M,1,27,administrator
730,314,1,888380416,M,1,44,administrator
196,216,2,879123456,F,0,42,administrator
235,190,2,888853888,F,0,30,administrator
730,171,1,878205056,M,1,27,administrator
720,166,1,879379008,M,1,44,administrator
725,124,2,888855680,F,0,30,administrator
195,669,2,888857344,F,1,44,administrator
730,215,2,878409984,F,0,44,administrator
203,198,1,888835008,F,0,30,administrator
722,143,1,888859520,F,0,31,administrator
730,754,2,886302208,F,0,38,administrator
709,414,2,883155072,M,1,31,administrator
730,686,1,884097856,M,1,27,administrator
730,687,1,888238400,M,1,29,administrator
196,431,2,888858688,M,1,43,artist
226,113,1,888786688,F,0,34,administrator
195,411,1,888849920,M,1,33,administrator
195,743,1,878895872,F,0,30,administrator
197,145,1,878280768,F,0,42,administrator
730,138,2,878277568,F,0,43,administrator
199,136,1,888859456,M,1,44,administrator
730,217,1,878210240,M,1,44,administrator
195,189,2,878233984,F,0,31,administrator
201,141,2,887447808,F,0,33,artist
730,752,2,888857344,M,1,42,administrator
195,259,1,878197888,F,0,29,administrator
730,99,1,878216448,M,1,25,artist
195,733,1,885024320,F,0,43,administrator
196,201,1,878199424,M,1,30,administrator
730,298,1,888859520,M,1,28,artist
195,292,1,878233728,F,0,30,administrator
730,750,1,888431040,F,0,28,administrator
730,107,1,878197888,M,1,27,artist
724,114,2,878915264,F,0,32,administrator
195,164,1,878197888,F,0,30,administrator
200,266,1,888828928,F,0,32,administrator
729,708,2,888581504,M,1,41,administrator
195,741,1,888859456,M,1,34,administrator
195,208,1,878200064,F,0,30,administrator
195,579,1,878346688,M,1,44,administrator
195,563,2,888802752,F,0,31,artist
195,149,1,888772736,F,0,31,administrator
207,187,1,878534912,M,1,27,administrator
730,281,2,878197888,F,0,33,administrator
195,257,1,878403200,M,1,28,administrator
730,97,1,878197888,M,1,25,artist
544,241,1,884947328,M,1,44,administrator
195,747,1,878200000,F,0,29,administrator
730,560,1,887802240,M,1,44,administrator
729,206,2,878270720,F,0,39,administrator
202,183,1,887677248,F,0,44,administrator
682,160,2,878704000,F,0,44,administrator
195,479,1,878197952,F,0,30,administrator
196,245,1,883054400,F,0,32,administrator
195,716,1,888802176,M,1,35,administrator
196,176,1,878197888,F,0,30,artist
195,539,2,880405184,F,0,39,administrator
196,154,1,878197888,F,0,28,administrator
729,110,2,878247872,F,0,35,administrator
195,425,1,878451392,F,0,40,administrator
195,733,1,880923520,F,0,31,administrator
195,182,2,888855808,F,0,28,artist
195,406,2,888815616,F,0,34,administrator
195,753,1,885874176,M,1,44,administrator
195,261,1,878770432,F,0,43,administrator
686,133,1,878197888,M,1,28,administrator
195,755,1,888859072,F,0,30,artist
730,712,1,888763456,M,1,27,artist
195,728,1,879706560,F,0,44,administrator
708,209,1,885095552,M,1,44,administrator
730,568,1,884453952,F,0,29,administrator
707,123,1,888859392,M,1,44,artist
664,173,2,878198400,F,0,34,administrator
730,460,1,888858944,M,1,28,artist
195,306,1,878197952,F,0,30,administrator
730,728,2,878205824,M,1,43,administrator
195,755,1,881276544,F,0,29,administrator
730,504,2,878410432,F,0,44,administrator
196,347,1,878207552,M,1,29,administrator
730,504,2,878198144,M,1,34,administrator
200,210,2,888734720,F,0,44,administrator
730,757,1,878242752,M,1,44,artist
730,100,1,878197888,M,1,23,artist
730,759,2,887567424,M,1,44,administrator
674,205,2,878235136,M,1,44,administrator
730,758,2,888855424,M,1,34,artist
195,593,1,879404608,F,0,30,administrator
195,661,1,888816768,M,1,43,artist
730,755,2,888859328,M,1,42,artist
545,144,2,888859456,F,0,30,administrator
730,758,2,878198016,M,1,28,administrator
730,169,1,878197888,M,1,26,artist
212,161,1,888854784,M,1,44,administrator
730,681,2,878233216,M,1,44,administrator
195,165,1,888859008,M,1,32,administrator
195,394,1,888155840,M,1,44,administrator
195,367,1,878210176,F,0,31,administrator
195,694,1,888724352,F,0,30,artist
730,706,2,878216640,M,1,26,artist
567,151,1,878273408,M,1,28,administrator
726,154,2,878198592,M,1,44,administrator
428,97,1,878197888,M,1,24,artist
730,741,1,888002432,M,1,28,administrator
195,685,2,878207360,F,0,32,administrator
730,98,1,878202240,M,1,27,artist
730,198,2,888499648,F,0,37,administrator
730,758,1,882485248,M,1,42,administrator
730,121,2,879143104,F,0,33,administrator
730,147,2,878508672,F,0,44,administrator
195,440,1,882352320,M,1,29,administrator
195,354,1,878279488,M,1,28,administrator
196,113,1,878197888,F,0,26,artist
238,278,1,878669184,M,1,44,administrator
203,291,2,881676608,F,0,44,administrator
195,203,2,888859520,M,1,43,administrator
730,98,1,878197888,F,0,26,artist
195,190,2,888859520,M,1,44,artist
729,315,1,888849664,F,0,29,administrator
195,112,1,885315264,M,1,30,artist
195,561,2,878200832,F,0,35,administrator
730,449,2,878207936,F,0,44,administrator
730,758,1,888859072,M,1,24,artist
730,695,1,888855296,F,0,28,administrator
195,361,1,878869760,F,0,30,administrator
195,226,1,878206656,F,0,29,administrator
195,193,1,878224064,F,0,31,administrator
202,174,1,878527296,F,0,44,administrator
730,130,2,888858304,F,0,30,artist
730,384,1,888859520,M,1,29,artist
646,194,1,878216000,M,1,25,administrator
195,371,2,878219392,F,0,30,administrator
730,753,1,888834240,F,0,27,administrator
710,514,1,878199424,F,0,30,administrator
730,724,2,888858944,F,0,29,administrator
195,721,2,878354560,F,0,33,administrator
195,714,1,888599680,F,0,29,artist
728,138,1,878208448,M,1,31,administrator
469,112,1,878197888,F,0,25,artist
195,466,1,878452288,F,0,31,administrator
721,121,2,878349696,F,0,33,administrator
195,723,1,888720896,F,0,31,administrator
730,407,1,879371584,M,1,44,administrator
195,516,1,881400064,F,0,30,administrator
195,706,1,879672576,F,0,31,administrator
199,206,2,878218496,F,0,35,administrator
195,140,1,887474688,F,0,29,administrator
730,260,1,878226432,M,1,27,artist
195,268,2,888859520,F,0,31,artist
266,115,1,878199808,F,0,31,administrator
309,192,1,878216832,F,0,32,administrator
730,177,1,878198272,F,0,28,artist
198,274,1,887274624,F,0,32,administrator
730,480,2,886800256,F,0,37,administrator
730,343,1,888677504,F,0,44,administrator
200,126,1,888777472,M,1,39,artist
195,224,1,878213632,F,0,31,administrator
730,759,1,878252992,M,1,23,administrator
196,146,1,878199488,F,0,44,administrator
729,385,1,888859520,F,0,29,administrator
195,134,1,878197888,F,0,24,artist
195,339,1,887130688,M,1,30,administrator
709,122,1,878319168,F,0,44,administrator
664,187,1,888831424,F,0,30,administrator
718,559,1,888859456,M,1,44,artist
198,277,1,885666752,M,1,44,administrator
196,196,1,884700352,F,0,32,administrator
730,644,1,888797312,F,0,43,administrator
730,581,1,878334080,M,1,28,administrator
195,748,1,885696064,M,1,43,administrator
195,702,1,879589504,F,0,29,administrator
669,142,2,878211584,F,0,44,administrator
196,215,1,888859328,M,1,44,artist
196,276,2,888814272,F,0,42,artist
730,759,2,888859520,M,1,22,artist
730,758,2,888850688,M,1,44,artist
195,507,1,878494848,F,0,31,administrator
195,609,1,878198080,F,0,30,administrator
195,228,1,888859520,M,1,38,artist
195,751,1,887551936,F,0,30,administrator
195,432,1,888790080,M,1,44,administrator
730,310,1,878205760,F,0,30,administrator
195,231,1,878210176,M,1,30,administrator
694,427,2,888859520,M,1,44,artist
729,211,2,879619584,F,0,44,administrator
730,136,1,881290560,M,1,30,artist
730,745,1,878538944,M,1,25,artist
195,749,1,888858240,M,1,44,artist
730,757,1,878696448,M,1,44,administrator
195,259,1,888851456,F,0,30,administrator
730,618,2,878202112,F,0,33,administrator
198,188,1,887944000,M,1,30,artist
195,403,1,883917376,F,0,41,administrator
730,564,1,878198464,M,1,23,artist
730,561,2,888855104,F,0,30,administrator
730,179,2,887893056,F,0,33,administrator
195,248,1,888814016,M,1,44,artist
316,445,2,888518656,F,0,33,artist
692,402,2,878572608,F,0,29,artist
710,367,2,878198336,F,0,44,administrator
199,130,1,888833280,F,0,31,administrator
730,370,1,878197888,F,0,29,artist
435,280,2,878850176,F,0,32,administrator
721,180,1,887017344,F,0,35,administrator
195,737,1,884032000,F,0,29,administrator
730,543,1,888859520,F,0,32,artist
729,625,1,880170944,F,0,32,administrator
730,363,1,888858880,F,0,29,artist
728,101,2,878197888,F,0,32,artist
683,291,1,881354112,F,0,31,administrator
730,564,2,888854528,F,0,43,administrator
730,230,1,878209664,F,0,29,artist
729,238,2,884494336,F,0,44,administrator
730,98,1,878197888,M,1,22,artist
730,111,1,878197888,F,0,27,artist
195,663,1,885409536,F,0,32,administrator
730,146,1,878197888,M,1,29,administrator
729,430,1,878199680,F,0,33,administrator
730,650,2,878232576,F,0,30,artist
242,250,2,878198080,F,0,44,administrator
195,196,1,888859200,M,1,44,artist
730,740,2,888797568,F,0,39,administrator
730,353,1,886085312,M,1,27,administrator
730,759,2,882174272,M,1,44,administrator
235,298,2,878197888,M,1,40,administrator
730,280,2,888704896,F,0,33,artist
196,528,2,878258432,F,0,34,artist
196,143,1,888658112,M,1,42,administrator
195,178,1,888858944,M,1,35,artist
195,561,2,888859520,F,0,34,artist
195,134,1,888857472,F,0,41,administrator
724,218,1,882393728,M,1,44,administrator
730,745,2,878375616,M,1,41,administrator
538,106,1,878198720,M,1,27,artist
195,650,1,887167168,M,1,44,administrator
199,166,1,888848448,F,0,29,administrator
713,361,1,880285888,F,0,34,administrator
195,253,2,888859072,F,0,44,administrator
195,296,1,878197888,F,0,42,administrator
195,727,1,886223552,F,0,34,administrator
195,569,2,887863232,F,0,30,administrator
730,477,2,878198144,M,1,44,administrator
730,635,1,888859520,F,0,27,artist
730,584,1,886946240,M,1,44,artist
730,242,1,878197888,M,1,24,artist
730,752,1,888859008,M,1,25,artist
195,198,1,888859456,M,1,44,artist
730,755,1,888795776,M,1,37,administrator
195,171,1,888796352,M,1,32,artist
199,291,1,878588864,F,0,31,administrator
730,116,2,888052544,F,0,43,administrator
730,342,2,878240512,F,0,44,administrator
195,223,1,888808960,F,0,29,administrator
195,279,1,879517376,F,0,31,administrator
200,188,1,888688384,F,0,37,administrator
555,102,2,888859520,M,1,33,artist
195,354,1,878489856,F,0,31,administrator
729,150,2,881929024,F,0,43,administrator
195,423,1,878744704,F,0,30,administrator
501,360,1,879394944,M,1,40,administrator
475,272,1,886667264,M,1,29,administrator
195,283,1,878197888,F,0,29,administrator
195,250,1,888859520,F,0,34,artist
730,713,2,880216960,F,0,38,administrator
195,754,1,883140416,F,0,30,administrator
195,491,1,878197888,F,0,27,artist
730,746,2,878300608,F,0,37,administrator
195,645,1,878229952,M,1,28,administrator
706,280,1,878989888,M,1,42,administrator
730,270,1,878243968,M,1,25,administrator
195,136,1,888846912,F,0,30,artist
730,492,1,879457024,M,1,44,administrator
730,687,2,885677696,M,1,44,artist
730,749,1,879638336,M,1,33,administrator
730,645,2,881338496,F,0,44,administrator
195,134,1,878531712,F,0,31,administrator
195,662,2,878200448,F,0,34,administrator
729,552,1,884887808,M,1,26,administrator
423,192,1,887542208,M,1,43,administrator
715,305,1,881174016,M,1,44,administrator
195,233,2,878400192,F,0,33,artist
727,278,1,878228608,F,0,33,administrator
730,744,1,878218112,M,1,27,administrator
206,143,1,888650432,F,0,30,administrator
196,169,1,885708672,M,1,27,administrator
195,644,2,888859520,F,0,44,artist
674,120,1,888511744,M,1,44,administrator
196,212,1,878210688,M,1,26,administrator
263,275,1,878245312,F,0,31,administrator
200,328,1,878205568,M,1,29,administrator
195,225,1,888859392,M,1,32,administrator
195,304,1,878786432,F,0,30,administrator
730,304,2,878215680,F,1,44,administrator
196,347,1,883780544,F,0,32,administrator
195,214,1,888859456,F,0,30,artist
730,759,2,888750848,M,1,44,artist
730,114,1,878197888,F,0,25,artist
730,740,1,879154048,M,1,44,administrator
730,119,2,888519232,F,0,30,administrator
730,306,1,888859136,F,0,28,administrator
729,156,2,878524288,F,0,44,administrator
730,99,1,878197888,M,1,24,artist
730,759,1,888846848,M,1,27,administrator
195,401,1,878854848,F,0,31,administrator
730,584,2,886958144,F,0,30,administrator
293,198,2,888094272,F,0,30,administrator
405,187,1,882102528,M,1,44,administrator
729,120,2,888716288,M,1,44,artist
195,332,1,887471040,F,0,30,administrator
730,406,2,878217216,F,0,31,artist
195,538,1,882531328,F,0,31,administrator
719,234,1,888717568,M,1,28,administrator
730,241,1,878198016,F,0,26,artist
730,731,1,888855296,M,1,29,administrator
351,110,1,883438464,F,0,44,administrator
730,450,1,888859264,F,0,29,administrator
730,132,2,888724544,F,0,30,administrator
210,453,1,888840384,M,1,44,administrator
730,613,1,882320064,M,1,44,administrator
195,324,1,888846272,M,1,31,artist
195,191,2,878298368,F,0,31,administrator
223,337,2,888137664,M,1,43,administrator
730,112,2,879953216,F,0,35,administrator
730,434,2,882615104,M,1,44,administrator
730,511,2,878197888,F,0,29,artist
610,98,2,878783616,F,0,33,artist
199,131,1,883155328,M,1,44,artist
196,227,1,878385088,F,0,30,administrator
730,758,1,888859520,M,1,27,artist
707,120,1,878585600,F,0,44,administrator
195,658,1,881973888,F,0,31,artist
730,180,2,878200192,F,0,44,administrator
598,197,1,887388736,M,1,44,administrator
730,107,1,878198016,M,1,24,artist
654,188,1,880900928,M,1,44,administrator
195,589,1,886440896,F,0,30,administrator
699,246,1,878573568,M,1,44,administrator
730,305,2,878245184,F,0,44,administrator
195,480,2,888125696,F,0,34,administrator
730,702,1,878200512,M,1,25,administrator
195,550,1,888726336,F,0,30,administrator
196,184,1,885361728,M,1,29,artist
195,550,1,888858624,M,1,38,administrator
730,260,2,888853568,F,0,28,administrator
205,139,1,888849408,F,0,44,administrator
730,213,1,878281216,F,0,31,artist
195,458,2,888859520,F,0,43,artist
730,461,1,887625216,M,1,44,administrator
198,256,2,886446272,F,0,34,administrator
195,262,1,888812352,M,1,38,artist
730,490,1,878217856,M,1,27,administrator
329,227,1,885253568,M,1,44,administrator
730,117,1,878197888,M,1,28,administrator
339,109,1,878197888,F,0,31,administrator
219,174,1,878315456,M,1,44,administrator
195,239,1,888859520,M,1,44,artist
212,277,1,878225984,F,0,30,administrator
195,713,1,878233856,F,0,29,administrator
195,162,1,888859392,M,1,44,artist
195,689,2,888858112,F,0,44,administrator
198,251,1,880128768,M,1,44,administrator
195,570,2,880318912,F,0,35,administrator
195,229,1,888779776,F,0,30,administrator
730,604,1,878197888,F,0,25,artist
199,144,1,883557056,M,1,28,administrator
195,144,1,888858304,F,0,32,administrator
730,754,2,878200768,M,1,27,artist
561,228,1,887726848,M,1,44,administrator
730,755,2,878804736,M,1,44,administrator
226,300,1,878385536,M,1,29,administrator
213,320,2,888799424,M,1,44,artist
709,167,1,878205440,F,0,30,artist
724,116,2,878251392,F,0,44,administrator
195,363,1,880684544,F,0,31,administrator
729,244,1,880043520,M,1,44,administrator
195,300,1,884648896,F,0,31,administrator
195,757,1,879380736,F,0,29,administrator
364,300,2,878211008,F,0,42,administrator
730,412,1,878201984,F,0,27,artist
195,493,2,878503744,F,0,33,administrator
730,757,2,887451328,M,1,23,artist
728,304,2,878986176,F,0,37,administrator
730,759,1,888444800,M,1,44,artist
195,205,1,878197888,M,1,28,administrator
730,746,1,888772800,M,1,41,administrator
730,452,2,888190912,F,0,44,administrator
727,289,1,887870592,M,1,44,artist
195,310,1,888859456,F,0,40,administrator
195,330,1,888833216,M,1,44,artist
730,755,2,888313856,M,1,26,artist
457,125,2,888859520,M,1,44,artist
204,302,1,878296640,M,1,44,administrator
234,164,1,881714240,M,1,29,administrator
195,344,1,882832000,M,1,29,administrator
195,671,1,888859264,F,1,34,administrator
234,148,1,888857152,M,1,29,administrator
195,280,1,888265728,F,0,44,administrator
195,481,2,878207040,F,0,31,administrator
196,429,1,879682112,F,0,32,administrator
730,196,2,888256128,F,0,39,administrator
195,492,2,887551808,M,1,44,administrator
427,379,2,883825792,M,1,44,administrator
730,628,1,878217024,M,1,44,administrator
195,758,1,878216384,F,0,30,administrator
195,692,1,888115776,F,0,29,administrator
195,503,1,879354432,F,0,43,administrator
730,739,1,878371008,M,1,27,administrator
730,696,2,880057920,M,1,42,administrator
729,380,1,882607872,M,1,44,administrator
722,115,1,886179328,F,0,44,administrator
195,308,2,888855168,F,0,31,administrator
730,666,1,879707072,M,1,27,artist
664,251,1,888858880,M,1,33,administrator
704,167,2,887106816,F,0,44,administrator
195,196,1,878199424,M,1,26,administrator
728,580,1,883517696,M,1,44,administrator
195,241,1,888859008,M,1,44,artist
730,749,2,888856576,M,1,37,administrator
195,674,1,884022720,M,1,44,administrator
730,759,1,878198720,M,1,34,administrator
196,354,2,888845056,F,0,34,administrator
195,357,2,878335168,F,0,32,administrator
196,192,1,878198208,M,1,26,administrator
730,532,1,888405696,F,0,29,administrator
195,707,1,878204992,F,0,29,administrator
730,374,1,878686016,M,1,44,administrator
195,173,2,888859520,F,0,29,artist
730,250,1,888859520,F,0,36,administrator
730,736,2,888811776,F,0,30,administrator
728,326,1,879635008,M,1,44,administrator
730,753,2,888706112,F,0,30,administrator
730,739,1,878416384,M,1,44,administrator
195,223,1,888859392,F,0,34,administrator
195,606,1,878358272,M,1,27,administrator
217,194,1,879070592,M,1,44,administrator
200,523,2,885202048,F,0,44,administrator
730,733,1,888369600,M,1,44,administrator
730,741,1,888753536,M,1,24,artist
730,758,2,888859008,M,1,41,artist
212,126,2,888859072,F,0,44,administrator
195,412,1,888244608,F,0,29,administrator
730,751,2,888326208,M,1,27,administrator
228,126,1,878199488,M,1,28,administrator
195,387,1,878201216,F,0,29,administrator
195,276,1,878198208,M,1,26,administrator
730,239,1,878197952,F,0,27,artist
730,147,2,878198208,F,0,32,artist
198,379,1,878294528,M,1,36,administrator
196,224,2,888859200,M,1,44,artist
250,104,1,878197888,M,1,27,artist
729,397,1,880351616,M,1,42,administrator
649,206,1,878213632,F,0,30,administrator
730,395,2,884408768,M,1,26,artist
730,751,2,878312832,M,1,34,administrator
197,188,2,888859008,F,0,35,artist
730,739,1,888818048,M,1,44,artist
196,156,2,878197888,F,0,34,artist
728,197,1,878266752,M,1,44,administrator
411,138,2,888859136,M,1,44,artist
730,757,2,883056256,M,1,28,administrator
461,183,1,885626688,M,1,36,administrator
195,394,1,885721344,F,0,44,administrator
730,495,1,878303616,M,1,44,administrator
730,97,1,878197888,M,1,24,artist
195,202,1,878644160,F,0,31,administrator
195,751,2,878388608,F,0,33,artist
195,737,1,882289984,M,1,38,artist
195,623,1,878246016,F,0,30,administrator
195,219,1,888859520,F,0,36,administrator
719,98,2,878197888,F,0,29,artist
730,306,2,878870848,M,1,41,administrator
195,221,2,878197952,F,0,33,administrator
730,745,2,888831488,M,1,26,artist
730,751,2,887922368,M,1,44,administrator
730,115,2,886167040,F,0,40,administrator
353,229,1,878413824,M,1,44,administrator
730,758,1,886438080,M,1,42,administrator
195,413,2,878197888,F,0,32,administrator
195,670,2,878245248,F,0,44,administrator
195,746,1,888816960,F,0,33,administrator
730,691,2,888859136,M,1,30,administrator
710,211,2,879426304,F,0,33,administrator
625,204,1,884044928,F,0,31,administrator
211,117,1,878197952,F,0,26,artist
195,174,1,888706048,M,1,32,administrator
730,216,1,888859520,F,0,27,administrator
730,675,2,888815680,M,1,44,administrator
195,417,2,880961664,F,0,35,artist
577,198,2,878844992,F,0,37,administrator
730,703,1,878197888,M,1,21,artist
728,186,1,882836928,F,0,40,administrator
195,719,1,878201600,F,0,29,administrator
195,257,2,879465984,F,0,35,administrator
195,255,1,878202816,M,1,29,administrator
195,370,1,882850944,F,0,44,administrator
730,432,1,888759488,M,1,39,artist
730,266,1,878288640,F,0,33,administrator
195,309,2,885153152,F,0,32,administrator
195,706,1,888859520,F,1,34,artist
730,172,1,878259584,F,0,28,artist
730,756,1,879320576,M,1,44,administrator
730,179,2,885491136,F,0,33,administrator
730,144,1,878218432,M,1,34,artist
712,129,2,881766848,F,0,32,administrator
730,716,2,888855744,F,0,29,administrator
730,106,1,878197888,M,1,25,artist
728,379,1,888859392,F,0,30,administrator
730,280,2,888103168,F,0,39,administrator
195,258,1,888859520,F,0,31,artist
195,340,1,878198016,F,0,29,administrator
195,676,1,878249024,M,1,27,administrator
195,339,1,878197888,F,0,30,administrator
730,734,1,878212672,F,0,43,administrator
730,267,1,878200512,M,1,41,administrator
211,169,2,888857984,M,1,44,artist
195,143,1,888750784,F,0,30,administrator
730,709,1,882468032,M,1,28,administrator
730,708,1,880628800,M,1,44,administrator
478,176,1,878205888,F,0,30,administrator
195,215,1,888817280,M,1,31,administrator
730,100,1,878198272,M,1,26,artist
730,200,1,878197888,M,1,28,artist
730,344,1,882685184,F,0,44,administrator
195,424,1,881890432,F,0,29,administrator
195,404,2,888859520,F,0,33,artist
730,647,2,887483328,F,0,32,administrator
730,527,1,888726656,M,1,28,artist
195,254,1,878207616,F,0,28,administrator
195,301,1,878201408,F,0,29,administrator
730,679,2,878261760,M,1,44,administrator
730,150,2,888844992,F,0,30,administrator
195,180,1,878412224,F,0,43,administrator
730,759,1,879546048,M,1,43,administrator
730,756,2,878225280,M,1,44,administrator
730,688,1,878230272,M,1,26,artist
730,755,2,879884416,M,1,44,administrator
730,681,1,887367040,M,1,25,administrator
730,290,2,888848960,F,0,44,artist
195,548,1,888377728,F,0,37,administrator
730,399,1,878750400,M,1,41,artist
730,568,1,880296512,M,1,44,administrator
195,420,1,887390784,M,1,44,administrator
730,759,2,888564416,M,1,43,administrator
730,364,1,878202560,F,0,33,artist
195,743,2,878197888,F,0,35,artist
730,177,1,878205824,F,0,27,artist
195,180,1,878197888,F,0,30,administrator
730,735,1,885631040,M,1,44,administrator
729,578,2,880011648,M,1,44,administrator
257,134,1,878197888,F,0,27,artist
730,180,2,878607744,F,0,44,administrator
730,758,2,881636736,M,1,44,administrator
363,113,2,878198080,F,0,39,administrator
207,110,2,878197888,F,0,34,administrator
730,413,2,878488512,F,0,34,administrator
195,130,1,878197888,F,0,25,artist
522,321,1,888531584,F,0,28,administrator
566,426,2,888748352,F,0,42,administrator
730,99,1,878363648,M,1,27,artist
730,730,1,879802048,M,1,32,administrator
195,537,1,878198016,F,0,29,administrator
727,320,2,886574464,M,1,44,administrator
602,139,2,885874176,F,0,33,administrator
240,201,2,878197888,F,0,34,administrator
195,294,1,878961472,M,1,31,administrator
730,714,2,878332416,F,0,31,administrator
195,420,1,878248000,F,0,30,administrator
195,149,1,888686656,F,0,30,administrator
730,163,2,888859392,F,0,29,administrator
196,201,1,878257792,F,0,27,artist
399,265,1,883970048,M,1,43,administrator
730,556,1,887869568,F,0,30,administrator
729,316,2,886850560,M,1,43,artist
195,334,1,888814784,F,0,28,artist
730,755,1,878197888,M,1,22,artist
195,197,1,888406336,F,0,30,administrator
730,758,2,887625344,M,1,26,administrator
196,210,1,878411264,M,1,28,administrator
195,124,1,888831296,M,1,35,administrator
730,169,1,878202560,F,0,29,artist
195,134,1,888392896,F,0,32,administrator
201,165,2,878841664,F,0,44,administrator
195,759,1,880003968,M,1,29,administrator
196,165,1,878197952,F,0,31,administrator
206,182,1,885879616,F,0,31,administrator
730,519,1,878637824,M,1,43,administrator
730,251,2,888856512,F,0,44,administrator
381,297,2,888859072,F,0,32,artist
730,578,1,878203840,M,1,29,artist
197,179,1,878390080,F,0,38,administrator
730,179,1,878197888,M,1,24,artist
671,250,1,888859520,F,0,30,administrator
271,290,2,878954752,F,0,44,administrator
730,105,1,878197888,F,0,25,artist
730,740,2,882020096,F,0,32,administrator
726,130,2,888859520,M,1,27,artist
730,152,1,883831744,M,1,44,administrator
230,175,2,878764416,F,0,30,artist
728,361,1,878263680,M,1,29,administrator
730,758,1,878197888,M,1,22,artist
195,250,1,887919744,F,0,31,administrator
696,112,2,879083840,F,0,31,artist
685,98,1,878197888,M,1,28,artist
730,264,1,884004160,M,1,31,artist
195,156,1,888757568,F,0,36,administrator
730,249,2,878199936,F,0,35,administrator
730,693,1,881997504,F,0,29,administrator
199,139,1,888788800,F,0,32,administrator
195,207,1,886598976,M,1,41,administrator
195,183,2,885742464,F,0,32,administrator
195,555,1,888834368,M,1,40,administrator
197,183,1,882536448,M,1,30,administrator
195,182,1,884121984,M,1,27,administrator
730,750,2,878200704,F,0,26,artist
195,316,2,888195392,F,0,30,administrator
730,759,2,882990400,M,1,29,administrator
271,175,1,888454016,F,0,36,administrator
195,426,2,878221056,F,0,33,artist
702,112,1,888859520,M,1,31,artist
383,205,2,884869952,F,0,44,administrator
195,310,1,878677184,F,0,30,administrator
683,430,1,878347072,M,1,27,administrator
199,177,1,888817600,M,1,44,administrator
195,252,1,878197888,F,0,28,administrator
730,759,1,888472128,M,1,44,artist
730,448,1,879030784,M,1,28,artist
195,749,1,878198464,F,0,29,administrator
241,314,2,878198016,F,0,37,administrator
256,166,1,888062016,M,1,42,administrator
729,513,1,880220416,M,1,27,administrator
730,135,1,879108736,M,1,27,artist
195,667,1,878664256,F,0,44,administrator
210,174,1,884253376,M,1,44,administrator
195,718,1,885276800,M,1,44,administrator
195,204,1,888365632,F,0,32,administrator
730,252,2,888859392,M,1,44,artist
225,161,1,882354816,F,0,30,administrator
730,450,2,888859520,F,0,29,artist
730,118,2,878197888,M,1,27,artist
730,586,2,878234752,M,1,24,artist
730,732,2,883782784,F,0,44,administrator
195,619,1,878207808,F,0,30,administrator
730,203,2,878197888,F,0,28,artist
195,732,1,878678592,M,1,44,administrator
730,755,1,878588928,M,1,44,administrator
195,393,1,888493632,F,0,43,administrator
198,388,1,888164800,M,1,39,artist
730,110,1,878197888,F,0,25,artist
195,165,2,878282432,F,0,32,administrator
257,130,1,888748032,F,0,44,administrator
624,299,1,887874944,M,1,40,administrator
195,596,1,878203328,F,0,31,administrator
730,325,1,878279040,M,1,44,administrator
195,174,1,878197952,M,1,25,administrator
730,389,2,888451392,F,0,33,administrator
220,126,2,888859456,M,1,33,artist
730,753,1,878230848,M,1,23,artist
195,221,1,888553664,F,0,30,administrator
723,97,1,878197888,M,1,27,artist
195,366,1,880184512,F,0,29,administrator
195,187,1,878197888,M,1,26,artist
722,156,1,879257472,M,1,44,administrator
227,243,1,879763520,M,1,44,administrator
195,251,2,878213440,F,0,35,administrator
195,153,1,888095936,M,1,30,administrator
730,230,1,888859456,M,1,26,artist
726,137,1,878302080,M,1,44,administrator
195,754,1,888794112,F,0,31,administrator
200,227,1,879806592,F,0,32,administrator
730,187,1,888857344,F,0,31,administrator
195,431,1,878205120,F,0,30,administrator
195,390,1,878701888,M,1,30,administrator
195,233,2,888859520,M,1,44,artist
195,438,1,880128064,F,0,44,administrator
195,369,1,882428928,F,0,42,administrator
730,744,1,880573632,M,1,44,administrator
195,205,1,888859520,F,0,43,artist
385,116,1,888852352,M,1,32,artist
195,747,1,878237888,M,1,27,administrator
195,673,1,879990528,M,1,44,administrator
195,553,1,888760000,F,0,31,administrator
730,749,1,878198272,M,1,23,artist
195,384,1,880686848,F,0,31,administrator
730,757,1,878197952,M,1,22,artist
730,98,2,878197888,F,0,24,artist
730,299,1,878866368,M,1,44,administrator
400,163,2,888811840,M,1,44,artist
730,110,1,878197888,F,0,28,artist
292,158,1,888858048,F,0,43,administrator
730,248,2,878205312,M,1,37,artist
719,210,2,888797504,F,0,34,artist
195,167,1,878197888,F,0,29,administrator
322,149,1,888859520,F,0,31,administrator
196,303,1,878198528,F,1,29,administrator
730,758,1,883156032,M,1,32,administrator
667,124,1,878229632,M,1,44,administrator
195,411,2,887693248,F,0,30,administrator
195,428,2,878200640,F,0,34,administrator
195,377,1,878198720,F,0,29,administrator
729,390,1,888859520,M,1,44,artist
195,258,1,880994432,M,1,37,administrator
227,129,1,888116096,F,0,44,administrator
195,159,1,878197888,F,0,30,artist
728,133,2,878197952,F,0,32,artist
271,205,1,888859392,F,0,31,administrator
708,153,2,878199232,F,0,43,administrator
714,184,2,879092736,F,0,37,artist
661,510,1,887312704,F,0,42,administrator
195,687,1,878480832,M,1,44,administrator
730,211,1,878197888,F,0,35,administrator
195,412,2,888859520,M,1,44,artist
195,758,1,888737408,F,0,30,artist
721,292,2,888859328,F,0,31,administrator
729,438,1,882194688,M,1,35,administrator
195,331,1,878536512,F,0,31,administrator
730,749,2,879272576,F,0,42,administrator
515,105,2,886384512,M,1,29,artist
728,465,1,878421440,M,1,37,administrator
195,186,1,878197888,F,0,31,administrator
730,632,1,888699776,M,1,26,artist
468,143,1,888857216,F,0,38,administrator
204,475,2,879875968,F,0,38,administrator
730,112,2,878197888,F,0,30,artist
195,162,1,887978688,F,0,43,administrator
203,152,1,878197888,F,0,33,administrator
730,757,1,888844288,F,0,44,administrator
238,138,2,878264256,F,0,44,administrator
195,489,1,879138432,M,1,32,administrator
195,510,1,878266944,F,0,31,administrator
197,136,1,888734528,F,0,42,administrator
200,134,1,878234880,M,1,30,administrator
730,735,1,878914304,M,1,44,administrator
195,297,1,884266432,F,0,30,administrator
699,153,2,888849856,M,1,30,artist
196,138,1,888095424,F,0,43,administrator
730,703,1,878339968,M,1,29,administrator
197,250,1,878468864,M,1,29,administrator
730,730,1,888842176,F,0,28,artist
730,759,1,878865024,M,1,35,administrator
195,690,2,878329408,F,0,30,administrator
730,757,2,884230208,F,0,44,administrator
195,219,1,887828608,F,0,30,administrator
195,755,2,881602688,F,0,36,artist
730,287,1,879921984,M,1,42,artist
730,713,2,883949760,F,0,28,artist
730,283,2,879059072,F,0,43,administrator
729,134,2,878201024,F,0,44,administrator
730,203,1,878250304,F,0,30,artist
195,663,2,888853120,F,0,44,administrator
677,222,2,880851968,F,0,44,administrator
726,138,2,881962880,F,0,44,administrator
730,118,1,878198080,M,1,33,artist
730,758,1,885137216,M,1,40,administrator
730,296,2,878200448,F,0,37,administrator
730,499,2,878275968,M,1,44,administrator
195,636,1,878345472,F,0,30,administrator
399,112,1,878197888,F,0,30,artist
730,97,2,878197888,M,1,26,artist
352,186,1,888128832,M,1,32,administrator
195,255,1,888855296,F,0,30,administrator
730,609,2,888035648,F,0,44,administrator
730,133,2,886888384,F,0,44,administrator
195,273,1,879174336,F,0,31,administrator
729,518,2,885127488,M,1,44,administrator
197,174,2,887368960,F,0,31,administrator
730,157,1,878221696,M,1,29,administrator
195,169,1,878514880,M,1,30,administrator
195,395,1,886344512,F,0,30,administrator
730,754,1,888859520,M,1,25,artist
730,244,2,888851648,F,0,44,administrator
195,547,1,878198144,F,0,29,administrator
195,758,1,888851264,F,0,32,administrator
628,159,1,888859456,M,1,44,artist
729,443,1,878548480,M,1,42,administrator
730,497,1,880007744,F,0,32,administrator
195,628,2,888859456,F,0,36,artist
195,581,2,888859520,F,0,33,artist
195,713,1,888859456,M,1,40,artist
195,356,2,888859520,M,1,44,artist
494,376,1,881206976,M,1,44,administrator
730,757,2,878568768,M,1,40,administrator
730,620,2,885857664,M,1,44,administrator
195,752,2,887874688,F,0,33,administrator
195,758,1,878948992,F,0,30,administrator
713,234,1,888855040,M,1,32,administrator
726,332,1,888817024,M,1,44,artist
730,653,2,878197888,F,0,31,artist
730,326,1,878238336,F,0,30,administrator
727,108,1,878964864,M,1,44,artist
395,122,1,886204864,F,0,44,administrator
206,159,1,886769024,F,0,31,administrator
729,223,2,878216768,F,0,44,administrator
730,756,1,886509952,M,1,40,administrator
195,649,2,888858368,M,1,35,artist
730,166,1,878197888,M,1,25,artist
730,619,2,878290944,M,1,44,administrator
195,196,1,888859520,F,0,44,administrator
196,280,1,887811072,M,1,44,administrator
730,107,2,886993088,M,1,28,artist
204,166,1,888822656,M,1,42,administrator
730,757,1,878197888,M,1,39,artist
730,111,2,878197952,F,0,30,artist
730,287,1,888859520,M,1,27,artist
730,759,2,878197888,M,1,23,artist
730,737,2,878197888,M,1,25,artist
195,608,1,888859392,M,1,43,artist
730,289,1,878721664,F,0,30,artist
730,283,2,878319168,F,0,25,artist
730,750,1,882736128,M,1,23,artist
197,205,1,878197888,F,0,29,administrator
730,115,2,888859520,M,1,38,artist
195,324,1,878698560,M,1,26,administrator
195,262,1,878205888,F,0,30,administrator
223,328,1,884729472,M,1,29,administrator
730,719,2,880154176,M,1,44,administrator
195,140,1,878197888,F,0,29,administrator
730,722,1,878366848,F,0,33,administrator
195,422,1,879608704,M,1,44,administrator
195,359,2,888855680,M,1,44,artist
730,423,2,888819584,F,0,31,administrator
730,756,1,878258496,M,1,44,artist
730,153,2,888118144,M,1,29,artist
730,192,1,878358336,M,1,44,administrator
196,182,1,888840576,F,0,31,administrator
730,550,1,878198400,M,1,27,administrator
725,130,1,878197952,F,0,28,artist
195,154,1,878197888,M,1,26,administrator
195,314,1,878796864,M,1,28,administrator
276,198,1,879658176,M,1,44,administrator
238,151,1,878197888,F,0,28,artist
195,738,2,888856128,F,0,31,artist
730,742,1,883655872,M,1,44,administrator
197,187,1,878326592,M,1,44,administrator
730,759,1,878804544,M,1,28,artist
535,106,1,888319872,M,1,31,artist
605,576,2,888859136,M,1,44,administrator
708,203,1,887424768,F,0,41,administrator
730,406,1,878242240,M,1,43,artist
196,161,1,878203264,M,1,27,administrator
195,280,1,883473984,F,0,31,administrator
207,261,2,888503744,F,0,31,administrator
195,536,1,878836800,F,0,29,administrator
684,271,1,880685312,F,0,30,administrator
730,751,2,879201984,M,1,43,administrator
730,682,2,887375296,M,1,24,artist
363,231,1,878739968,F,0,33,administrator
724,416,1,886590784,M,1,44,administrator
228,125,1,888851712,M,1,30,administrator
195,208,1,878243328,M,1,44,administrator
708,245,2,879660544,M,1,44,administrator
730,511,2,888859328,F,0,28,administrator
195,302,1,883592000,M,1,44,administrator
210,220,1,878386432,M,1,44,administrator
730,665,1,886563136,M,1,44,administrator
657,137,1,878574080,F,1,44,administrator
730,147,2,887532224,F,0,33,administrator
197,156,2,878197888,F,0,32,administrator
730,755,1,878422464,M,1,24,artist
721,324,2,888859520,F,0,27,administrator
730,482,1,888859264,F,0,42,administrator
233,260,1,878199936,F,0,29,artist
197,99,1,888859264,M,1,39,artist
711,293,1,888840832,F,0,39,administrator
656,307,1,878198208,M,1,27,artist
543,313,1,878626944,M,1,44,administrator
730,379,1,878197888,M,1,23,artist
730,394,1,878198400,M,1,34,administrator
730,742,1,881972672,M,1,43,administrator
730,420,1,880161024,M,1,44,administrator
730,758,2,878690432,F,0,31,administrator
329,114,1,888834624,F,0,43,administrator
195,324,1,888859328,F,0,44,artist
195,655,2,888859520,F,0,44,artist
195,217,1,878336512,M,1,28,administrator
195,397,1,880087872,M,1,43,administrator
730,502,1,887435712,M,1,44,administrator
195,251,1,878198016,F,0,29,administrator
721,124,1,878198848,M,1,38,administrator
195,435,2,883945344,F,0,44,administrator
195,618,1,888846848,F,0,29,administrator
727,151,1,888858112,F,0,31,administrator
244,188,2,882063296,F,0,31,artist
222,221,1,878668672,M,1,44,administrator
730,118,1,878261888,M,1,29,artist
637,119,2,883276032,F,0,44,administrator
730,747,2,878386176,M,1,27,artist
202,168,2,878258304,F,0,33,administrator
232,113,1,878197888,F,0,27,artist
195,269,1,878221056,F,0,29,administrator
195,620,1,878262528,F,0,29,administrator
682,101,1,878197888,M,1,32,administrator
195,379,1,878770688,F,0,30,administrator
195,685,1,881108160,F,0,30,administrator
195,756,2,888262144,F,0,41,administrator
195,603,1,879034880,M,1,44,administrator
730,735,2,878216384,F,0,44,administrator
195,578,2,878197888,F,0,36,administrator
730,653,2,878595776,M,1,44,administrator
730,606,1,888855552,F,0,32,administrator
729,505,1,887300608,M,1,42,administrator
730,755,1,878609536,M,1,24,administrator
730,153,2,878208768,F,0,44,administrator
303,185,2,878302080,F,0,44,administrator
730,120,2,886723136,F,0,43,administrator
195,754,1,878201984,F,0,30,administrator
730,285,2,888859392,F,0,31,administrator
195,678,1,888856576,F,0,29,administrator
730,403,1,888735552,M,1,27,administrator
195,217,1,878560640,M,1,29,administrator
200,272,1,880757952,F,0,31,administrator
730,387,1,886044672,F,0,31,administrator
195,661,2,879236800,F,0,32,artist
195,262,2,885789504,F,0,44,administrator
195,290,1,878280256,F,0,30,administrator
200,128,1,878198976,F,0,28,artist
195,722,1,886958016,M,1,44,administrator
730,750,1,887475968,M,1,26,administrator
203,186,1,881968960,M,1,44,artist
195,749,1,885817280,F,0,28,artist
630,114,1,878197888,M,1,28,administrator
708,320,1,878959040,M,1,44,administrator
647,205,1,878406848,M,1,29,administrator
730,713,1,888859520,M,1,42,artist
208,182,1,886838400,M,1,28,administrator
663,97,2,888859520,M,1,34,artist
730,210,1,881665152,F,0,29,artist
195,175,2,878197888,F,0,34,artist
730,381,2,880591872,M,1,44,administrator
730,747,2,878208512,F,0,32,administrator
195,250,2,888810048,F,0,32,administrator
195,717,1,888859456,M,1,39,artist
197,190,1,887974656,F,0,37,administrator
730,669,2,878748672,M,1,44,administrator
205,308,1,887290304,M,1,44,administrator
201,161,2,878197888,F,0,44,administrator
198,297,2,888859200,F,0,34,administrator
195,472,1,878197888,F,0,24,artist
195,156,2,888859520,M,1,44,artist
730,173,2,878197888,F,0,31,administrator
195,550,2,880440064,F,0,34,administrator
233,115,2,878197888,F,0,34,administrator
730,591,1,888835456,M,1,30,administrator
195,164,1,878197888,F,0,27,administrator
730,518,2,882378624,F,0,30,administrator
266,224,2,881200512,M,1,44,administrator
516,402,1,887334144,M,1,28,administrator
730,711,1,878197888,M,1,26,artist
729,133,1,883805440,F,0,44,administrator
724,579,1,888859520,F,0,38,artist
195,744,1,878702464,F,0,44,administrator
196,135,1,878416832,F,0,33,administrator
195,754,1,888859200,M,1,44,artist
729,193,1,879038848,M,1,40,administrator
730,718,2,888531520,F,0,31,administrator
729,394,1,878762432,M,1,36,administrator
730,704,1,886674816,M,1,26,administrator
206,155,1,881723200,M,1,44,administrator
730,703,1,878320768,F,0,41,administrator
195,218,1,878200960,M,1,27,administrator
195,757,2,888851904,F,0,32,artist
206,161,1,888737024,M,1,44,administrator
730,758,2,888295808,M,1,44,artist
490,102,1,878197888,F,0,25,artist
195,734,1,879375744,F,0,44,administrator
730,720,2,878321280,F,0,44,administrator
730,585,1,878985472,M,1,44,administrator
730,284,1,879240128,F,0,44,administrator
730,663,1,878197888,M,1,23,artist
730,721,1,879074688,M,1,43,administrator
289,152,2,888855872,M,1,44,administrator
195,736,2,881217600,F,0,30,administrator
196,207,1,878222080,M,1,30,administrator
730,517,2,879042496,M,1,44,artist
460,173,1,887995904,F,0,31,administrator
729,395,2,878245824,F,0,35,administrator
730,258,1,878198208,F,0,33,administrator
195,728,1,888858752,F,0,31,administrator
195,340,2,888851264,M,1,32,artist
730,687,2,879808576,F,0,31,administrator
202,231,1,887522816,F,0,28,artist
237,132,1,888833984,F,0,36,administrator
202,348,2,883089984,F,0,44,administrator
195,105,1,878197888,F,0,27,artist
730,97,1,878197888,F,0,23,artist
730,97,2,878197888,F,0,26,artist
730,742,1,888732032,M,1,24,artist
221,111,1,878197888,M,1,30,administrator
195,745,1,888743872,F,0,34,administrator
730,114,2,878206208,F,0,44,administrator
723,245,2,878257984,F,0,44,administrator
730,759,1,886339072,M,1,30,administrator
730,355,1,878209024,M,1,43,artist
730,758,2,878213248,M,1,44,administrator
196,207,1,884753536,M,1,31,administrator
729,412,1,882532224,M,1,31,administrator
730,103,2,878197888,M,1,30,artist
195,713,1,878429248,F,0,44,administrator
730,618,1,881624064,M,1,31,administrator
195,716,1,878231104,F,0,30,administrator
195,604,2,878201664,F,0,26,artist
584,147,1,878199616,M,1,29,administrator
730,641,1,888429760,M,1,44,administrator
730,387,2,888815104,F,0,32,artist
214,410,2,886704384,M,1,44,administrator
195,339,2,888859520,F,0,32,artist
730,739,2,882356032,F,0,44,administrator
730,616,1,879552128,M,1,44,administrator
730,97,2,878197888,F,0,23,artist
268,149,2,883426944,F,0,30,artist
272,108,2,878197888,F,0,28,artist
195,187,1,888707072,F,0,44,administrator
717,141,2,880969792,F,0,42,administrator
730,404,1,879326656,M,1,44,administrator
195,262,1,883970880,F,0,41,administrator
196,324,1,880872640,M,1,43,administrator
730,544,2,878205760,F,1,29,artist
195,221,2,888859456,F,0,44,artist
709,377,1,883825472,M,1,44,administrator
195,755,1,888508928,F,0,32,administrator
730,751,1,882217344,M,1,28,artist
197,263,1,882943616,M,1,44,administrator
698,127,1,878197888,F,0,29,administrator
203,150,1,884857536,F,0,44,administrator
730,147,1,878202816,F,0,32,artist
195,696,1,878337920,F,0,29,administrator
200,464,2,878221632,F,0,36,administrator
195,215,1,878198144,F,0,30,administrator
195,282,2,888855488,F,0,30,administrator
730,651,1,878197888,F,0,24,artist
730,98,1,878850624,M,1,29,artist
730,678,1,878209216,M,1,26,administrator
730,623,2,880031680,F,0,44,administrator
730,521,2,880716032,F,0,28,artist
730,748,2,886809856,F,0,29,artist
380,136,1,878347072,M,1,44,administrator
730,532,1,878197888,F,0,29,artist
725,368,1,882672960,M,1,38,administrator
196,161,2,878197888,F,0,33,administrator
195,628,1,878409088,F,0,30,administrator
195,604,1,878218304,M,1,29,administrator
627,233,1,888768320,M,1,40,artist
730,310,1,878455232,F,0,44,administrator
195,309,1,878198144,F,0,29,administrator
195,422,1,888825024,F,0,30,administrator
607,438,2,884053056,M,1,44,administrator
730,717,1,888859072,M,1,26,artist
730,756,1,888827328,M,1,27,administrator
730,629,1,881585792,M,1,44,administrator
195,219,2,885608576,F,0,35,artist
730,754,1,888651776,M,1,36,artist
730,749,1,878782784,M,1,29,administrator
195,570,2,888843776,F,0,34,artist
725,357,2,878314624,F,0,44,administrator
195,380,1,888543296,F,0,30,artist
730,683,1,878327296,M,1,42,administrator
195,509,2,888859392,F,0,32,artist
677,155,1,885403840,M,1,44,administrator
195,643,2,878198976,F,0,34,administrator
195,100,2,888859520,M,1,44,artist
730,142,2,883189312,F,0,33,administrator
730,204,2,888459904,F,0,31,administrator
226,277,2,878201536,F,0,44,administrator
217,209,1,878205248,F,0,31,administrator
195,196,1,878199168,F,0,31,administrator
730,640,1,878197888,M,1,23,administrator
195,211,1,878197888,F,0,27,artist
363,176,1,878198272,F,0,31,administrator
730,394,1,888857536,F,0,39,administrator
282,211,1,888859520,M,1,43,artist
195,690,1,888859328,F,0,33,artist
195,315,1,878316544,M,1,29,administrator
195,425,1,878270720,M,1,28,administrator
235,196,1,882647616,F,0,31,administrator
195,157,1,888859520,M,1,40,artist
195,155,1,888859520,F,0,29,artist
730,497,1,878197888,F,0,27,artist
195,195,1,888850112,F,0,30,administrator
199,350,1,888755392,F,0,30,administrator
195,346,1,878344000,F,0,31,administrator
195,639,2,878210560,F,0,32,administrator
553,133,2,884327168,F,0,34,administrator
730,572,1,878197888,M,1,24,administrator
198,215,1,878197952,M,1,26,administrator
198,208,2,878198208,F,0,34,administrator
196,270,1,888859392,F,0,31,administrator
197,393,2,888858688,F,0,32,administrator
730,100,1,878197888,M,1,28,artist
195,638,1,888825728,F,0,30,administrator
195,758,1,881392896,F,0,30,administrator
725,114,2,878197952,F,0,33,artist
730,435,1,879796288,M,1,24,artist
490,257,1,888749568,F,0,31,administrator
195,672,1,878239808,F,0,28,administrator
195,462,1,888472640,M,1,44,artist
195,315,1,880157760,F,0,31,administrator
685,180,2,878197952,F,0,36,administrator
195,742,1,878318464,M,1,28,administrator
730,98,1,878211840,M,1,24,artist
196,223,1,881444416,F,0,43,administrator
730,521,2,888847680,F,0,31,administrator
224,148,1,888856128,M,1,40,artist
196,237,2,888859520,F,0,30,artist
730,750,1,884052352,M,1,26,artist
195,736,1,878382144,F,0,33,administrator
730,704,2,878198080,M,1,26,artist
195,395,1,888837504,M,1,33,artist
195,378,1,878309568,F,0,33,administrator
195,202,1,879672512,F,0,36,administrator
195,725,1,888614400,F,0,31,artist
730,759,2,888397056,M,1,44,artist
712,122,1,878197888,F,0,25,artist
195,699,2,883360832,F,0,31,artist
730,458,2,878198144,M,1,44,artist
730,758,2,879452032,M,1,26,artist
730,647,2,879155264,M,1,44,artist
195,223,1,888739072,F,0,30,administrator
195,157,2,888859520,M,1,44,artist
195,518,1,878342592,F,0,30,administrator
195,718,2,888792192,F,0,34,artist
729,157,2,888859520,M,1,29,artist
195,339,1,885920448,F,0,30,administrator
227,203,1,888859520,F,0,29,artist
195,753,2,878198656,F,0,33,administrator
230,192,2,888673408,F,0,31,administrator
655,554,1,888048256,M,1,43,artist
696,158,1,888859072,M,1,42,administrator
706,269,1,883112640,M,1,44,administrator
195,418,1,884487808,F,0,44,administrator
730,196,2,888854144,F,0,29,artist
450,317,2,878249728,F,0,37,administrator
195,739,1,878298432,F,0,44,administrator
195,495,1,878248832,F,0,31,administrator
195,327,1,878206144,M,1,31,administrator
262,189,2,878215104,F,0,44,administrator
195,318,1,879780032,F,0,44,administrator
717,138,2,886985728,F,0,38,administrator
726,104,2,878197888,F,0,34,administrator
725,447,1,879292480,M,1,27,administrator
720,113,2,888855040,F,0,42,administrator
730,735,1,879152384,M,1,41,administrator
195,166,1,888813376,F,0,42,administrator
363,235,1,881731968,F,0,31,administrator
730,758,2,888768512,M,1,32,administrator
730,350,2,878200192,M,1,44,administrator
195,176,1,878209280,M,1,27,administrator
730,758,2,878635136,M,1,44,administrator
730,561,1,888859520,F,0,26,artist
203,130,1,878470208,M,1,27,administrator
730,376,1,878206784,M,1,30,administrator
730,151,1,878197888,F,0,30,artist
202,270,2,879443072,F,0,44,administrator
195,470,1,878198016,M,1,25,administrator
195,499,1,879928064,M,1,28,administrator
531,164,1,888102464,M,1,44,administrator
730,214,1,888592960,M,1,30,artist
195,734,1,888500224,F,0,29,administrator
674,532,1,887497856,F,0,32,administrator
195,516,1,878197888,F,0,28,administrator
566,304,2,888704000,F,0,44,administrator
728,177,1,888838784,M,1,44,administrator
355,166,1,878197888,F,0,28,artist
730,167,1,878197888,M,1,27,artist
730,729,2,878530240,F,0,44,administrator
730,677,1,888838848,M,1,30,administrator
730,628,1,878815040,M,1,44,administrator
730,439,2,881064000,F,0,42,administrator
195,281,1,878197888,F,0,29,administrator
195,331,1,883035840,F,0,31,administrator
195,736,2,887529216,F,0,32,administrator
727,115,1,878198976,M,1,27,administrator
195,582,2,883472320,F,0,32,administrator
730,698,2,878441216,M,1,44,administrator
195,234,1,878198592,F,0,29,administrator
203,128,1,878198016,M,1,28,artist
195,236,1,878197888,F,0,26,artist
195,576,1,888859520,M,1,35,artist
729,110,1,888763264,F,0,33,artist
205,150,1,879990336,M,1,44,administrator
730,433,2,878197952,F,0,30,artist
195,123,1,888843776,F,0,35,administrator
730,112,1,878197888,F,0,26,artist
730,115,1,878287552,M,1,28,artist
195,734,1,878586176,M,1,44,administrator
209,165,2,885940288,F,0,36,administrator
730,133,2,879271104,F,0,42,administrator
730,138,2,878203328,F,0,33,administrator
195,756,1,888074688,F,0,31,artist
195,622,1,888858624,F,0,30,administrator
730,466,2,888842112,F,0,33,administrator
195,253,1,878298368,F,0,31,administrator
254,100,1,888761600,M,1,35,artist
730,392,1,878198144,F,0,29,administrator
730,613,1,888789568,F,0,44,administrator
197,549,2,878200192,F,0,44,administrator
344,158,2,888859456,F,0,31,administrator
730,750,1,878209216,F,0,30,administrator
195,143,1,878197888,F,0,30,administrator
267,151,1,878459584,F,0,30,artist
551,176,1,878409472,M,1,44,administrator
730,266,2,878204992,F,0,44,administrator
730,311,2,878284032,F,0,28,artist
729,573,1,888835392,M,1,29,administrator
195,292,1,878453248,M,1,44,administrator
730,605,2,888859392,M,1,44,artist
195,739,1,878212928,F,0,30,administrator
244,133,2,878197888,F,0,32,administrator
730,424,2,888841280,F,0,28,artist
195,267,1,878204672,M,1,27,administrator
195,758,2,888854528,M,1,38,artist
715,193,1,888856000,F,0,43,artist
730,751,1,878218240,M,1,29,administrator
195,507,1,888859520,F,0,33,artist
730,754,2,882192000,M,1,43,administrator
205,244,1,878932096,M,1,36,administrator
730,160,1,878199680,M,1,25,artist
195,138,1,878197888,F,0,28,administrator
195,270,1,888485184,F,0,40,administrator
195,503,1,878197952,F,0,28,administrator
196,259,2,878260928,F,0,34,administrator
730,100,2,878197888,F,0,36,artist
195,172,1,878197888,F,0,29,administrator
730,314,1,879813120,M,1,43,administrator
730,518,1,878253440,F,0,32,administrator
195,376,1,880517696,F,0,31,administrator
195,199,2,878229376,F,0,36,administrator
195,709,2,883249024,F,0,41,administrator
730,759,1,888681792,M,1,44,administrator
730,432,2,878365312,M,1,44,administrator
567,160,1,888859520,M,1,33,administrator
532,181,1,888855424,M,1,44,artist
730,758,2,888847360,F,0,27,administrator
195,730,1,878747840,F,0,30,administrator
244,125,2,888859456,M,1,44,administrator
195,758,1,888362752,F,0,29,administrator
730,423,1,878251392,F,0,32,administrator
195,463,1,882176896,M,1,28,administrator
730,228,1,878197888,M,1,30,administrator
730,342,2,885603776,F,0,43,administrator
199,224,1,888859520,M,1,37,artist
195,715,1,878201408,F,0,30,administrator
195,475,1,888855808,F,0,31,administrator
201,160,1,878199360,F,0,31,artist
697,211,1,878198592,M,1,26,administrator
195,280,2,878207296,F,0,32,administrator
730,528,1,880947840,F,0,32,administrator
195,256,1,878212416,F,0,30,administrator
195,373,1,888858944,M,1,40,artist
195,602,1,888841280,F,0,44,administrator
195,118,2,878198016,F,0,34,administrator
195,724,2,878283264,F,0,34,administrator
195,148,1,888859328,M,1,34,artist
730,397,1,878233600,F,0,29,administrator
730,447,2,878199104,F,0,29,artist
729,104,1,878197888,M,1,26,artist
195,226,1,888820416,F,0,29,administrator
730,737,1,878214592,M,1,24,administrator
730,754,2,878260416,M,1,44,administrator
730,413,2,888859520,M,1,33,artist
195,278,2,887857024,F,0,43,administrator
715,610,1,888806272,M,1,33,administrator
730,707,1,883042432,M,1,38,administrator
730,750,1,878385856,M,1,37,administrator
601,212,2,878240384,F,0,34,administrator
195,743,1,878281152,F,0,44,administrator
195,530,1,878626688,F,0,30,administrator
728,234,1,878197888,M,1,28,administrator
728,236,1,879030976,M,1,44,administrator
195,657,2,879159552,F,0,30,administrator
195,328,2,888858752,M,1,44,artist
730,103,2,878197888,F,0,31,artist
348,322,2,880739520,M,1,44,administrator
210,103,2,888859520,F,0,33,artist
347,209,2,887665664,F,0,30,administrator
730,629,2,888807040,F,0,30,artist
729,550,1,888578880,M,1,44,artist
730,111,2,878230080,F,0,44,administrator
645,123,1,878385152,F,0,44,administrator
196,150,1,888624064,F,0,30,administrator
195,212,1,888830464,F,0,34,administrator
728,105,2,878200000,F,0,33,artist
195,454,1,888556864,M,1,32,administrator
195,217,2,888859264,M,1,35,artist
195,302,1,888859456,M,1,32,administrator
730,724,1,888849408,F,0,28,administrator
730,473,2,878203392,F,0,33,administrator
195,704,1,888859520,F,0,41,artist
218,187,1,888043584,M,1,30,administrator
716,308,1,888846976,F,0,33,administrator
730,675,2,884092672,F,0,30,artist
223,196,1,878585536,F,0,31,administrator
730,757,1,879836352,M,1,44,administrator
730,756,2,888859520,M,1,43,artist
196,565,2,878574016,F,0,36,administrator
730,557,2,878464000,M,1,44,administrator
195,292,1,888828672,F,0,43,administrator
195,755,1,888859392,F,0,32,administrator
728,99,1,878197952,M,1,33,artist
195,151,1,888857024,F,0,29,administrator
195,625,2,884153152,M,1,44,administrator
195,690,1,879657472,F,0,30,administrator
730,590,1,885452288,F,0,29,artist
730,121,1,878262656,M,1,26,artist
195,160,1,888859520,M,1,34,artist
730,758,2,884909504,M,1,37,artist
329,125,2,878197952,F,0,35,artist
195,330,2,888829696,F,1,44,administrator
195,233,1,888859392,F,0,33,administrator
195,744,2,878769344,F,0,33,administrator
730,365,2,878317568,F,0,44,administrator
195,237,2,883015616,F,0,34,administrator
717,168,1,881205312,M,1,44,administrator
730,143,1,888518656,M,1,37,artist
490,205,1,881271296,M,1,41,administrator
195,619,1,878573056,M,1,28,administrator
195,205,1,888045056,F,0,29,administrator
221,297,1,888857408,M,1,28,administrator
730,110,2,888858624,M,1,30,artist
195,673,2,878283072,F,0,44,administrator
730,591,2,880413760,F,0,29,administrator
201,256,1,878306368,M,1,29,administrator
730,131,1,888747392,M,1,43,artist
195,616,1,888577088,F,0,30,administrator
730,714,2,878845632,M,1,32,administrator
730,271,1,878199360,F,0,31,administrator
726,334,2,879092096,F,0,44,administrator
195,262,1,878210112,F,0,31,administrator
195,102,2,878197888,F,0,26,artist
730,751,1,888747520,F,0,26,artist
498,333,1,888848128,M,1,44,administrator
730,757,1,878198592,M,1,29,administrator
730,521,2,888859008,F,0,38,artist
195,253,1,887785024,F,0,30,administrator
381,305,2,888571264,M,1,44,administrator
223,450,1,878599552,M,1,43,administrator
195,744,1,886383104,F,0,44,administrator
195,754,1,888531520,F,0,31,artist
319,170,1,878197888,M,1,26,administrator
730,603,1,881439552,F,0,30,artist
195,650,2,888859520,M,1,42,artist
195,512,1,888235840,F,0,29,administrator
195,743,2,879470720,F,0,31,administrator
195,695,1,888372992,F,0,31,administrator
730,733,2,881754560,F,0,38,administrator
196,270,1,882047296,M,1,33,administrator
730,742,1,884407360,M,1,27,administrator
730,759,2,879626496,M,1,44,administrator
195,183,2,888173376,F,0,34,administrator
714,132,1,878523264,M,1,26,artist
195,179,1,888859200,F,0,30,administrator
730,612,2,888798144,F,0,35,administrator
549,103,1,878197888,F,0,25,artist
730,183,2,878197952,F,0,31,artist
195,640,1,884982976,F,0,30,administrator
524,137,1,878204096,M,1,38,administrator
195,256,1,878197888,F,0,29,administrator
730,505,1,886807360,F,0,31,artist
730,575,2,878203328,F,0,34,administrator
689,224,1,878260096,F,0,32,administrator
298,223,1,880908224,F,0,31,administrator
195,157,1,888859520,F,0,44,artist
197,174,1,878198016,F,0,31,administrator
730,708,1,878312192,M,1,36,artist
730,612,2,888714560,M,1,26,artist
195,331,2,878241664,F,0,32,administrator
730,385,2,878197888,F,0,29,artist
655,165,1,888832320,F,0,32,administrator
705,505,2,887456832,F,0,30,administrator
333,154,1,888844608,F,0,28,administrator
195,400,1,885490176,M,1,35,administrator
730,259,1,878197888,M,1,24,artist
195,225,1,884797056,F,0,31,artist
730,359,1,882865216,M,1,29,artist
721,187,2,880092672,F,0,43,administrator
195,592,1,880377600,F,0,30,administrator
730,209,2,888859520,F,0,29,artist
425,157,1,888378752,M,1,30,administrator
195,376,1,887127872,F,0,29,administrator
195,191,1,888552320,F,0,31,administrator
195,624,1,878379840,F,0,28,administrator
730,717,2,888858944,F,0,28,administrator
730,380,2,878226112,F,0,31,artist
730,729,2,878610880,M,1,44,administrator
195,742,1,878696640,F,0,31,administrator
721,200,1,888835008,M,1,44,artist
210,102,1,878197888,F,0,28,artist
730,274,1,878198208,F,0,29,artist
195,757,1,885792768,M,1,34,administrator
730,489,2,888859520,M,1,43,artist
195,347,1,878368000,F,0,30,administrator
730,301,1,878657344,M,1,44,administrator
730,755,2,888608704,M,1,44,artist
195,347,1,882274368,M,1,44,administrator
195,495,1,878261504,F,0,31,administrator
730,507,2,886463168,F,0,30,administrator
624,143,1,878340416,M,1,44,administrator
730,324,2,878199552,F,0,31,administrator
730,743,1,878448320,M,1,27,administrator
730,510,1,878203968,M,1,23,artist
195,437,1,886709760,F,0,29,administrator
730,758,1,878313472,M,1,41,administrator
639,160,1,885511616,M,1,37,administrator
195,722,2,888851712,F,0,38,administrator
730,693,2,888859456,M,1,44,artist
730,517,1,888410624,F,0,29,artist
197,290,1,878793600,M,1,44,administrator
195,460,2,888859456,F,0,33,administrator
730,665,2,888858880,F,0,30,artist
195,530,1,878197888,F,0,27,administrator
487,348,1,878266880,M,1,34,administrator
195,180,1,888859520,M,1,44,artist
730,757,1,878414400,M,1,44,administrator
730,106,2,878197952,F,0,34,administrator
730,261,2,888843584,F,0,41,administrator
195,216,1,878200192,F,0,35,administrator
730,704,1,888775360,M,1,29,administrator
390,176,2,878841472,M,1,32,administrator
195,129,1,878214080,F,0,43,administrator
195,633,1,888346624,F,0,44,administrator
730,333,2,882056000,F,0,30,administrator
730,119,2,879859648,F,0,44,administrator
203,147,1,888476608,M,1,43,administrator
730,144,2,887352448,F,0,28,artist
727,208,2,878731008,M,1,44,administrator
730,699,1,878197888,M,1,43,administrator
195,745,1,887625600,F,0,30,administrator
195,753,2,888859456,F,0,35,artist
730,677,2,884151040,F,0,27,artist
197,259,2,878202496,F,0,32,administrator
195,580,2,888758528,F,0,33,administrator
395,334,2,887143104,M,1,44,administrator
730,246,1,878210432,M,1,26,artist
730,102,1,878197888,F,0,24,artist
726,174,1,879690688,F,0,30,artist
195,465,1,888571776,F,0,31,administrator
730,724,2,878213504,F,0,40,artist
730,759,2,888859520,M,1,26,artist
195,472,2,886409664,F,0,31,administrator
730,669,1,878197952,M,1,26,administrator
280,258,2,878333184,M,1,44,administrator
200,662,2,878197952,F,0,44,administrator
200,245,1,878392576,F,0,44,administrator
730,758,2,881185920,M,1,44,administrator
195,281,1,878204736,F,0,33,administrator
730,725,1,878427840,M,1,26,administrator
195,177,1,888859520,F,0,30,administrator
195,685,1,878199680,F,0,30,administrator
195,716,2,878197888,F,0,35,artist
725,178,2,878201792,F,0,42,administrator
569,122,2,878265664,F,0,33,administrator
195,282,1,888852864,F,0,30,administrator
716,478,1,878357312,M,1,29,administrator
195,133,1,888859520,F,0,31,administrator
721,398,2,878309952,F,0,34,administrator
217,128,1,886572864,F,0,44,administrator
719,101,1,878198528,M,1,29,artist
730,682,2,888598912,M,1,42,artist
584,131,1,878200512,M,1,30,administrator
195,713,1,880006272,F,0,31,administrator
730,757,2,885775360,M,1,40,administrator
209,117,1,878197888,M,1,28,artist
195,587,1,883482432,M,1,28,administrator
730,731,1,888859264,F,0,26,artist
730,742,1,878199936,M,1,44,artist
730,638,2,886002624,F,0,34,administrator
730,758,1,887554624,M,1,28,administrator
195,675,1,878242496,F,0,29,artist
195,266,1,878206784,F,0,31,administrator
195,476,2,878197952,F,0,33,administrator
195,148,1,888741312,F,0,44,administrator
320,147,1,888859520,F,0,32,administrator
195,387,2,878199168,F,0,30,artist
195,505,2,888859520,F,0,32,artist
721,145,1,878197888,M,1,26,administrator
570,165,1,878197888,F,0,29,artist
730,114,1,878197888,F,0,28,artist
730,346,1,878362176,M,1,41,administrator
721,189,1,878197888,F,0,30,administrator
730,758,1,887999552,M,1,39,administrator
195,356,1,885739968,F,0,36,administrator
208,101,1,878198592,M,1,26,administrator
730,724,2,888858688,F,0,27,administrator
729,183,2,878247744,M,1,44,administrator
730,759,1,878204352,M,1,44,administrator
195,331,1,878197888,F,0,29,administrator
196,143,2,888854976,F,0,44,administrator
730,740,2,878991360,M,1,44,administrator
245,158,1,878197888,M,1,27,administrator
196,129,1,888854080,F,0,44,administrator
195,755,2,888857280,F,0,36,administrator
615,205,1,879002880,M,1,30,administrator
202,123,1,888777152,M,1,43,administrator
204,158,2,880198208,M,1,34,artist
729,418,1,879021056,M,1,27,administrator
730,751,1,878264512,M,1,44,artist
204,384,1,888705152,M,1,44,administrator
297,143,2,880939776,F,0,40,administrator
711,174,2,878604736,M,1,31,administrator
730,625,1,878407808,M,1,44,administrator
730,354,1,879637632,M,1,44,administrator
195,731,1,887595136,F,0,31,administrator
195,366,1,879258560,F,0,31,administrator
730,745,2,878210304,M,1,23,artist
719,146,1,883259328,F,0,32,administrator
236,314,1,878203520,F,0,31,administrator
730,759,2,883320512,M,1,44,administrator
196,159,1,878198272,F,0,33,administrator
281,301,1,882643520,M,1,43,administrator
221,208,1,888835968,M,1,30,administrator
195,578,1,878199360,F,0,39,administrator
195,755,2,880591680,F,0,44,administrator
730,393,2,888859520,F,0,29,artist
730,97,1,878197888,M,1,27,artist
332,190,1,878836864,M,1,44,administrator
730,705,1,879208384,M,1,24,artist
730,388,1,878243136,F,0,30,artist
195,610,2,878275456,F,0,44,administrator
730,758,1,878647424,M,1,44,administrator
730,614,1,888589376,F,0,34,administrator
195,627,1,888854976,F,0,31,administrator
725,208,2,888357120,F,0,44,administrator
729,470,1,879000704,M,1,44,administrator
195,244,1,888845696,F,0,30,administrator
730,759,2,882680256,M,1,31,artist
195,347,1,883568000,F,0,30,administrator
730,267,1,878198272,F,0,31,administrator
730,164,2,878426368,F,0,44,administrator
246,218,1,881225216,F,0,44,administrator
730,708,2,888673216,M,1,42,administrator
730,703,1,879254208,M,1,44,administrator
195,202,1,878201408,M,1,26,administrator
238,184,2,882915264,F,0,30,administrator
195,279,1,878240640,F,0,31,administrator
730,323,1,878257984,F,0,32,administrator
726,184,1,878201728,M,1,31,administrator
217,185,2,878198656,F,0,43,administrator
195,751,2,885799872,F,1,44,administrator
196,158,1,878393664,M,1,27,artist
365,122,1,883619392,M,1,29,administrator
725,179,1,883298176,M,1,44,administrator
195,99,1,878197888,F,0,23,artist
195,465,1,888647552,M,1,31,artist
304,220,1,878252096,M,1,43,administrator
729,209,1,878202496,F,0,32,artist
730,731,1,888473536,M,1,28,administrator
201,144,1,878197888,F,0,28,artist
197,391,1,878770560,M,1,44,administrator
246,347,1,879319744,M,1,33,administrator
195,345,1,887510464,F,0,42,administrator
195,442,1,888833600,F,0,44,administrator
730,740,2,888859520,M,1,44,artist
557,172,1,879869184,M,1,44,administrator
195,690,2,888859520,F,0,33,artist
237,423,2,888806592,M,1,44,administrator
195,463,1,878198016,F,0,29,administrator
717,355,2,878514176,M,1,44,administrator
730,220,2,878305792,F,0,44,administrator
730,181,1,888858880,M,1,29,artist
730,639,1,888859392,F,0,28,administrator
241,307,2,888858944,F,0,30,artist
278,135,1,878197888,F,0,31,administrator
197,535,2,888622848,M,1,44,artist
373,102,1,878197888,M,1,28,artist
195,270,1,879873216,F,0,44,administrator
254,181,1,878623424,M,1,37,administrator
209,210,1,888821376,M,1,42,artist
195,588,2,880606208,F,0,44,administrator
600,115,1,878577152,F,0,44,administrator
218,171,1,888771072,M,1,44,administrator
195,408,1,888857536,F,0,30,administrator
730,99,1,878197888,F,0,26,artist
730,102,1,888506944,M,1,31,artist
195,550,2,878249088,F,0,32,administrator
195,737,1,878452992,F,0,29,administrator
692,127,1,879094336,M,1,44,administrator
195,291,1,885602112,M,1,28,administrator
730,105,1,878218944,F,0,27,artist
195,178,2,888859520,M,1,38,artist
195,434,2,878377472,F,0,33,artist
210,315,2,888859520,F,0,30,artist
201,184,1,888342016,M,1,29,administrator
707,201,1,882369792,M,1,36,artist
195,668,2,878281600,F,0,44,administrator
726,122,1,888854144,F,0,30,administrator
720,203,1,878754624,M,1,44,administrator
197,125,1,879017792,F,0,38,administrator
195,440,1,888858752,F,0,36,administrator
195,755,1,888402432,F,0,30,artist
195,297,1,878477376,F,0,44,administrator
730,759,1,888088256,M,1,26,administrator
195,545,1,888498496,M,1,31,administrator
195,203,1,880170304,M,1,30,administrator
730,167,2,888621632,F,0,31,artist
195,299,1,878197952,F,0,28,administrator
729,486,2,885194368,M,1,44,administrator
195,757,2,888542528,F,0,44,administrator
730,638,1,878377152,M,1,44,administrator
195,180,1,888720064,M,1,28,administrator
730,759,2,882317760,M,1,38,administrator
332,112,2,878209088,F,0,31,artist
730,373,2,878852928,F,0,44,administrator
384,113,1,878197888,F,0,24,artist
195,477,1,878198016,M,1,27,administrator
195,513,1,878985664,F,0,30,administrator
730,759,2,880081792,M,1,44,artist
195,753,1,882366784,M,1,44,administrator
195,161,1,878600896,F,0,29,administrator
730,393,1,888729472,F,0,37,administrator
195,262,1,888655744,F,0,31,administrator
728,112,1,888858368,M,1,44,artist
195,493,2,888843712,F,0,44,administrator
195,163,1,878403200,M,1,30,administrator
730,97,1,878197888,M,1,25,artist
212,202,2,878533184,F,0,44,administrator
730,551,2,888823744,M,1,44,administrator
195,756,2,878199360,F,0,34,artist
195,208,1,888298176,F,0,30,administrator
195,473,1,878463168,F,0,28,artist
730,285,2,888852160,F,0,36,administrator
585,174,1,878207936,M,1,32,administrator
730,705,2,878357504,M,1,44,administrator
195,553,1,880249664,M,1,28,administrator
730,737,1,888723072,M,1,27,artist
195,364,1,884169600,F,0,29,administrator
195,747,1,878515712,F,0,30,administrator
211,296,2,888859392,F,0,32,artist
709,276,1,878198080,F,0,29,administrator
195,322,2,888625280,F,0,31,administrator
195,428,2,888859520,F,0,44,administrator
195,522,1,879346560,F,0,31,administrator
730,704,1,888059136,F,0,29,administrator
730,473,1,878382016,M,1,44,administrator
195,759,1,888858176,F,0,44,administrator
195,209,1,885028352,F,0,30,administrator
730,115,2,878197888,M,1,32,artist
195,212,1,888858816,F,0,32,administrator
195,166,1,878271552,M,1,28,administrator
714,171,1,878452992,M,1,44,administrator
195,345,2,888859520,F,0,36,administrator
730,518,2,887789504,F,0,30,artist
727,113,2,888484416,F,0,30,administrator
195,716,1,878671296,F,0,32,administrator
730,348,2,882758656,M,1,28,artist
724,143,2,888835712,F,0,32,administrator
195,388,1,882634624,F,0,29,administrator
730,159,2,878198144,F,0,31,artist
195,562,1,888704896,M,1,44,administrator
247,169,1,878198336,M,1,34,administrator
195,321,2,878229952,F,0,33,administrator
730,750,2,888004032,F,0,31,administrator
195,459,1,884286912,M,1,31,administrator
730,187,2,878208640,F,0,36,administrator
730,736,1,888526272,M,1,38,administrator
195,512,2,886942464,F,0,33,administrator
730,758,1,884163072,M,1,26,administrator
196,205,1,878199936,M,1,26,administrator
195,398,1,878200320,M,1,28,administrator
261,180,2,888857280,F,0,31,artist
505,148,1,888118208,M,1,44,administrator
195,288,2,885840576,F,0,33,artist
195,753,2,878608000,F,0,41,administrator
728,138,1,879702272,F,0,44,administrator
195,309,2,878202880,F,0,34,administrator
195,460,1,888535360,F,0,43,administrator
584,156,1,879966208,M,1,44,administrator
730,748,2,883619264,M,1,36,administrator
195,247,1,883475264,F,0,43,administrator
204,140,2,888850240,F,0,44,administrator
730,572,1,878264384,M,1,30,administrator
730,758,1,888858944,M,1,30,artist
730,731,1,887216640,M,1,44,administrator
730,759,2,880301312,M,1,44,administrator
195,133,1,888858496,M,1,33,artist
730,758,2,878249024,M,1,25,administrator
730,756,1,888685056,M,1,25,artist
730,97,1,878197888,M,1,22,artist
200,138,2,881864256,F,0,43,administrator
195,754,1,888858880,F,0,30,artist
195,358,1,880948032,M,1,29,administrator
195,288,1,881116800,M,1,29,administrator
730,733,1,879489280,M,1,27,administrator
608,164,2,879034496,F,0,44,administrator
195,379,2,888855936,F,0,42,administrator
208,192,1,885575872,F,0,30,administrator
730,699,1,888859328,F,0,27,artist
730,159,1,878197888,M,1,25,administrator
730,750,2,887777152,F,0,40,administrator
722,123,1,888859520,M,1,29,artist
730,752,2,878413184,M,1,42,administrator
195,191,2,878338496,F,0,33,administrator
730,362,2,887828224,F,0,30,administrator
195,571,2,878207808,F,0,36,administrator
730,169,1,878197888,M,1,24,artist
195,566,1,878597120,F,0,29,administrator
730,159,1,878211008,M,1,39,artist
195,728,1,888859200,F,0,32,administrator
729,636,1,887032512,M,1,29,administrator
597,176,2,878212736,F,0,43,administrator
730,458,1,878197888,M,1,28,administrator
195,685,1,878359168,F,0,31,administrator
725,124,1,881345984,M,1,44,administrator
198,313,1,878413184,M,1,38,administrator
195,239,2,888859520,M,1,35,artist
677,308,1,878282496,F,0,31,administrator
725,208,1,888793792,F,0,30,administrator
730,479,1,879284672,M,1,44,administrator
730,342,1,888844608,F,0,44,administrator
195,522,1,888856512,M,1,34,artist
730,360,1,878211712,M,1,44,administrator
195,751,2,888840384,F,0,43,artist
730,473,2,888859392,F,0,27,administrator
195,701,1,880119552,F,0,29,administrator
730,650,2,887603264,M,1,44,artist
730,130,1,888859520,M,1,30,artist
199,170,1,878197888,F,0,32,administrator
730,612,1,878723968,F,0,44,administrator
509,166,1,878202048,F,0,32,administrator
195,525,1,887118080,F,0,29,administrator
730,500,2,885468224,M,1,44,artist
730,759,2,878219648,M,1,27,administrator
698,101,1,878197952,M,1,28,artist
724,115,1,878197888,F,0,31,artist
195,564,1,878201472,F,0,30,administrator
730,694,1,888696832,F,0,31,administrator
716,200,1,880194560,F,0,31,administrator
730,506,1,888859328,M,1,29,artist
726,185,1,879053568,M,1,44,administrator
730,747,1,878646720,M,1,44,administrator
195,112,1,878197888,M,1,25,administrator
730,615,1,878428928,M,1,27,administrator
730,532,1,878201536,M,1,28,administrator
728,183,1,878964352,M,1,44,administrator
730,193,2,878203008,F,0,30,artist
195,184,1,878200128,F,0,32,administrator
730,164,1,878198016,M,1,34,administrator
195,749,1,888857600,F,0,31,artist
195,416,2,888846976,F,0,31,administrator
195,221,2,878294656,F,0,34,artist
730,729,2,888857920,F,0,27,administrator
729,259,1,888759296,M,1,30,artist
729,157,1,878203072,M,1,29,administrator
730,98,1,878197888,F,0,23,artist
195,304,1,878267904,F,0,30,administrator
343,136,1,885818560,M,1,30,administrator
727,189,2,888858944,M,1,44,artist
730,576,1,888859072,M,1,28,administrator
195,757,1,885893504,F,0,29,administrator
728,134,1,888019840,F,0,43,administrator
730,492,2,878219904,F,0,41,administrator
730,549,1,888849344,F,0,30,administrator
195,272,1,888855552,F,0,30,administrator
195,604,1,879881344,F,0,31,administrator
688,264,1,887098624,M,1,44,administrator
730,758,1,879421568,M,1,44,administrator
614,298,2,885054528,M,1,44,administrator
537,411,1,888857728,M,1,36,administrator
195,209,1,878197888,M,1,27,artist
730,759,2,878198272,M,1,28,administrator
729,517,1,879354688,F,0,30,administrator
730,160,2,878198208,F,0,33,artist
730,759,2,888859008,M,1,44,artist
304,411,2,878231232,F,0,44,administrator
195,461,1,878197888,F,0,26,artist
605,172,1,879280128,M,1,44,administrator
730,512,1,888745152,F,0,30,administrator
195,735,1,886152320,M,1,44,administrator
688,119,2,878199040,F,0,44,administrator
730,122,1,886386304,F,0,30,artist
202,180,1,888544256,M,1,30,administrator
195,596,1,888767616,M,1,40,administrator
314,145,1,888853312,M,1,33,artist
730,469,2,888859520,F,0,26,artist
195,667,1,879100992,F,0,44,administrator
195,737,1,885676544,F,0,31,administrator
730,591,1,878552704,M,1,26,artist
730,101,2,888859520,F,0,28,artist
730,218,1,878197888,M,1,28,artist
709,258,1,878837056,M,1,44,administrator
730,640,2,878935744,F,0,32,administrator
722,446,1,888791040,F,0,33,artist
730,474,2,888826368,F,0,30,artist
195,359,1,878269184,F,0,32,administrator
195,758,2,888859456,F,0,36,administrator
195,130,1,878197952,M,1,29,artist
730,473,1,881116928,M,1,24,artist
730,136,2,878197888,F,0,35,artist
195,365,1,888768704,F,0,29,administrator
195,182,1,888842816,M,1,44,administrator
195,468,1,880051776,F,0,30,administrator
195,323,1,878256128,F,0,30,administrator
729,108,2,878382656,F,0,44,administrator
195,385,1,881499776,F,0,30,administrator
730,215,2,880993344,F,0,29,artist
207,135,1,878197888,M,1,26,administrator
195,388,1,888859200,M,1,34,artist
730,759,1,885967488,M,1,24,artist
730,519,1,878197888,F,0,27,artist
433,151,1,888807872,F,0,32,administrator
730,380,1,882702080,F,0,44,administrator
206,245,1,888858816,F,0,31,administrator
195,183,1,878197888,M,1,26,administrator
730,533,1,878197888,F,0,27,artist
730,585,2,878198208,F,0,30,administrator
730,98,1,878198912,M,1,26,artist
195,149,1,878197888,F,0,29,artist
730,752,1,888377408,F,0,39,administrator
283,193,1,888844096,F,0,32,administrator
723,113,2,878203200,F,0,44,administrator
196,132,2,878197888,F,0,36,administrator
195,415,1,887742272,M,1,44,administrator
195,172,2,878197952,F,0,26,artist
730,318,1,879875776,F,0,28,artist
730,204,1,878273280,M,1,25,artist
718,227,1,878202432,M,1,32,administrator
195,262,1,888554368,F,0,44,administrator
730,337,1,878198400,M,1,29,artist
730,758,2,888324928,F,0,27,artist
730,439,1,888859520,F,0,30,artist
730,759,1,878197952,M,1,24,administrator
196,169,2,881334720,F,0,27,artist
195,503,1,887627008,F,0,30,administrator
730,189,1,880668224,M,1,26,artist
195,582,1,888859392,M,1,42,artist
730,612,1,878203200,M,1,28,administrator
195,696,2,888447296,M,1,44,administrator
195,654,2,888859456,F,0,34,artist
195,526,1,888063680,F,0,30,artist
195,748,1,878212096,F,0,28,administrator
683,122,2,888859520,F,0,32,artist
532,137,1,878201408,F,0,29,administrator
195,666,1,880595136,F,0,44,administrator
730,120,2,884601472,F,0,44,administrator
195,255,1,878197888,F,0,25,artist
195,545,1,878197952,F,0,31,administrator
727,255,1,878880640,M,1,29,administrator
730,378,1,881468224,F,0,43,administrator
195,565,2,884523456,F,0,36,administrator
195,231,2,888770560,F,0,31,administrator
195,248,1,888857024,F,0,30,administrator
730,196,2,888852608,F,0,30,administrator
195,313,2,878199168,F,0,36,administrator
195,659,1,878341248,M,1,29,administrator
730,754,2,888859136,M,1,29,artist
720,296,1,888769856,F,0,34,administrator
197,188,1,883763072,F,0,34,administrator
195,311,1,878303936,M,1,27,administrator
727,129,1,878197888,M,1,26,artist
730,733,1,878197952,M,1,24,artist
666,151,1,878241536,F,0,44,administrator
195,204,2,888859520,F,0,32,administrator
730,662,2,888858496,F,0,32,administrator
715,205,2,887726848,M,1,43,administrator
726,205,1,881812288,F,0,32,administrator
195,143,1,888848768,M,1,38,administrator
362,221,2,878677568,M,1,44,administrator
195,334,2,878197888,F,0,34,administrator
195,398,1,879060928,F,0,44,administrator
195,270,1,888644224,F,0,31,administrator
195,217,1,888859328,M,1,33,administrator
730,756,1,878215232,F,0,28,administrator
729,192,2,885751808,F,0,34,administrator
195,752,2,878205504,F,0,35,administrator
678,231,1,881794752,M,1,39,administrator
730,721,1,878197888,M,1,25,artist
730,758,1,880201408,M,1,25,administrator
195,195,1,888858176,M,1,32,artist
195,426,2,879291840,F,0,31,administrator
195,197,1,888429568,F,0,38,administrator
406,364,2,883024064,F,0,35,administrator
730,662,2,887575680,M,1,26,artist
195,524,2,878347008,F,0,35,administrator
482,178,2,880174464,M,1,44,artist
729,157,2,878232768,F,0,44,administrator
613,149,1,878444992,M,1,42,administrator
204,147,1,888534592,F,0,32,administrator
730,389,2,888712960,F,0,30,administrator
704,235,2,878271808,F,0,44,administrator
195,313,1,878223616,F,1,31,administrator
195,266,1,878197888,F,0,31,administrator
730,736,2,878764800,F,0,32,administrator
730,449,1,880553472,F,0,31,administrator
730,124,1,878197888,F,0,27,artist
195,596,1,878380608,F,0,30,administrator
730,724,1,879606848,M,1,26,administrator
366,178,2,879677568,F,0,44,administrator
195,752,1,878344384,F,0,30,administrator
195,535,1,878316352,F,0,29,administrator
730,288,1,878268928,M,1,44,administrator
730,674,1,878209600,F,0,31,administrator
195,381,1,878197888,F,0,30,administrator
195,714,1,883739456,F,0,29,administrator
427,153,1,878198208,F,0,30,artist
195,174,2,888582272,M,1,40,artist
195,295,1,878200192,M,1,28,administrator
196,325,1,881771200,M,1,29,administrator
195,757,2,888857088,F,0,44,artist
730,711,2,878197952,F,0,30,artist
195,376,2,878243584,F,0,44,administrator
197,306,2,888722496,F,0,44,artist
347,179,2,886316032,F,0,43,administrator
730,616,1,878450048,M,1,30,artist
195,393,1,884696256,M,1,42,administrator
195,250,1,888858432,F,0,32,artist
195,684,1,888859520,F,0,34,artist
195,563,1,886764736,M,1,34,administrator
195,156,1,888859456,F,0,30,administrator
730,287,1,878309056,F,0,32,administrator
199,103,2,878355648,F,0,34,artist
199,160,2,888858176,F,0,29,administrator
195,624,1,884155072,F,0,29,administrator
195,334,1,880654080,F,0,44,administrator
195,668,1,888842112,F,0,29,administrator
195,452,1,878203520,F,0,29,administrator
331,124,1,888353088,M,1,43,administrator
730,107,2,878197888,F,0,30,artist
195,757,2,888859520,M,1,44,artist
674,527,2,888851008,F,0,31,administrator
195,206,1,878220480,F,0,29,administrator
730,688,1,878197888,M,1,28,administrator
730,644,2,878333312,F,0,42,administrator
199,207,2,888859456,F,0,32,administrator
195,241,1,878550720,F,0,29,administrator
195,737,1,879759360,F,0,44,administrator
195,718,2,888858304,F,0,38,administrator
195,728,1,886826688,F,0,27,artist
730,759,1,888101376,F,0,43,administrator
730,143,1,878203456,M,1,27,artist
729,261,1,878704512,F,0,32,artist
253,519,2,888150848,F,0,39,administrator
195,253,1,888859264,F,0,34,administrator
197,197,1,878224448,M,1,43,administrator
303,222,1,878237824,M,1,30,administrator
195,473,2,879274176,F,0,42,administrator
195,611,1,888859456,M,1,41,artist
730,577,2,885991488,F,0,32,administrator
638,129,1,878197888,F,0,28,artist
730,197,1,878197952,M,1,29,artist
195,164,1,878230912,F,0,31,administrator
229,460,2,882453440,M,1,44,administrator
195,745,1,884183488,M,1,29,administrator
195,732,1,878271360,F,0,43,administrator
730,162,2,888859136,F,0,44,administrator
195,192,1,888187712,F,0,30,administrator
195,245,1,878198464,F,0,29,administrator
730,181,2,879061312,F,0,34,administrator
195,375,2,888859520,M,1,44,artist
730,116,2,879392320,F,0,43,administrator
730,484,2,878198336,F,0,32,administrator
730,757,1,878368704,M,1,26,administrator
195,755,2,879380160,F,0,33,administrator
721,308,1,888849088,F,0,44,administrator
195,289,1,888848000,F,0,30,artist
730,694,1,879292608,M,1,44,administrator
730,564,2,878574016,M,1,44,administrator
730,686,1,878351936,M,1,26,artist
730,98,1,878197888,M,1,24,artist
195,745,1,879620672,F,0,44,administrator
725,143,1,878566400,M,1,44,administrator
730,110,1,878197888,F,0,27,artist
523,161,1,888859520,M,1,30,artist
730,99,1,886858496,M,1,41,artist
195,756,2,879089792,F,0,44,administrator
195,361,1,888857088,F,0,32,administrator
198,154,2,884347328,F,0,31,administrator
196,204,1,880419648,M,1,44,administrator
200,131,2,888859392,F,0,44,administrator
382,253,1,884295232,F,0,30,administrator
196,187,1,888836928,M,1,44,administrator
728,133,1,882951360,F,0,32,administrator
200,160,1,878197952,M,1,27,administrator
195,115,1,888858944,F,0,41,administrator
730,271,1,878197888,M,1,26,artist
195,248,1,878598400,F,0,34,administrator
196,223,2,886967360,F,0,32,administrator
195,201,1,878197888,F,0,27,artist
539,327,1,879387968,M,1,29,administrator
196,168,2,888786944,F,0,39,administrator
195,592,1,878240640,F,0,29,administrator
195,650,1,878376640,M,1,31,administrator
195,150,2,888859520,F,0,29,administrator
195,755,2,879138176,F,0,44,administrator
730,688,1,882606528,M,1,44,administrator
722,157,2,878211264,F,0,34,administrator
374,198,1,878197888,F,0,30,administrator
730,161,1,878197952,M,1,27,artist
228,146,2,878211776,F,0,32,artist
195,174,1,888718272,F,0,31,administrator
195,729,1,888858944,M,1,43,artist
730,577,2,888859520,F,0,28,artist
730,735,1,880272768,M,1,44,administrator
195,662,2,878217024,F,0,36,administrator
730,225,1,888859520,M,1,29,artist
690,141,2,888448640,F,0,33,administrator
200,147,1,885072000,F,0,44,administrator
730,114,1,878197952,M,1,26,artist
410,104,1,878197888,F,0,26,artist
217,186,1,879626880,F,0,32,administrator
730,758,1,886773632,M,1,30,administrator
225,143,1,883311104,M,1,43,administrator
730,382,2,888820480,F,0,29,administrator
730,100,1,878197952,M,1,25,artist
730,278,1,878197888,F,0,25,artist
727,291,1,888859072,F,0,33,administrator
730,182,2,878197888,F,0,28,artist
730,120,1,878197888,M,1,25,administrator
195,661,1,888858432,F,0,36,administrator
730,99,1,878197888,F,0,26,artist
195,424,1,878197888,F,0,28,administrator
730,217,1,878215872,F,0,29,artist
730,754,1,881846272,M,1,44,administrator
730,100,2,878197888,M,1,31,artist
730,113,1,878198016,M,1,26,administrator
730,755,2,879333120,M,1,44,administrator
202,236,1,880395328,M,1,27,administrator
469,249,1,885970560,M,1,28,administrator
518,147,1,879065728,F,0,42,administrator
195,244,1,888856768,F,0,32,artist
730,758,2,878200832,F,0,26,artist
730,754,2,878197888,F,0,25,artist
730,696,1,879593152,M,1,29,administrator
730,238,2,888846400,F,0,30,administrator
195,152,1,886990848,F,0,30,administrator
195,319,1,878198336,F,0,30,administrator
195,755,1,878227968,F,0,29,administrator
195,744,2,888848832,M,1,44,administrator
195,302,1,878717312,M,1,29,artist
195,428,2,888085248,F,0,35,administrator
730,663,1,884325056,F,0,41,administrator
729,144,2,878351744,F,0,33,administrator
714,258,2,887631744,M,1,44,artist
195,660,1,888852992,M,1,31,administrator
195,382,1,884600960,F,0,31,administrator
195,181,1,878198080,M,1,26,administrator
730,146,2,888859392,M,1,32,artist
675,224,1,878240960,M,1,31,administrator
205,436,2,888396800,F,0,32,administrator
730,118,1,878202496,M,1,44,administrator
195,424,1,887739008,F,0,30,administrator
730,205,2,878301504,F,0,34,artist
725,120,1,878199552,F,0,31,artist
196,132,1,878836032,F,0,44,administrator
730,166,1,878198016,M,1,26,artist
730,320,1,878507072,F,0,33,administrator
631,105,1,878197888,M,1,26,administrator
195,245,1,878339904,M,1,36,administrator
195,455,2,882618944,F,0,32,administrator
195,534,1,888853184,F,0,33,administrator
730,109,2,888522944,F,0,33,artist
197,455,1,882728128,M,1,44,administrator
408,324,1,882525824,M,1,42,administrator
195,183,2,888859456,F,0,31,administrator
195,418,1,888727232,F,0,44,administrator
730,181,1,878197888,M,1,25,administrator
204,180,2,888859520,F,0,34,artist
730,431,1,878226112,F,0,32,administrator
730,758,2,883129408,M,1,44,administrator
195,643,1,880374400,F,0,29,administrator
195,525,1,888454720,M,1,44,administrator
730,707,2,884985984,M,1,23,artist
730,107,1,878197888,F,0,28,artist
730,758,1,878197888,M,1,21,artist
730,159,1,878197888,M,1,24,artist
195,277,2,888836288,F,0,32,administrator
695,141,1,878875840,M,0,44,administrator
730,114,2,878460160,F,0,33,administrator
730,751,2,888839360,F,0,28,artist
729,286,1,879119872,M,1,41,administrator
195,124,1,878197888,F,0,27,artist
730,452,2,888859520,M,1,29,artist
195,621,1,883966336,F,0,32,administrator
730,698,1,887582528,F,0,29,administrator
730,275,1,878201152,M,1,29,administrator
195,739,2,888859520,F,0,44,artist
730,458,1,878224768,F,0,31,administrator
195,726,1,878206656,F,0,30,administrator
195,621,1,879627648,F,0,31,administrator
195,404,1,878767232,M,1,44,administrator
727,136,1,878250048,M,1,30,artist
195,204,1,878197888,F,0,31,administrator
197,152,1,878198528,F,0,33,administrator
730,432,2,888859520,M,1,29,artist
730,758,1,883937536,M,1,24,artist
699,196,2,882216640,F,0,44,administrator
195,741,2,882297088,F,0,32,administrator
730,756,2,888853760,F,0,27,administrator
730,491,1,878207168,F,0,32,administrator
216,126,1,888510464,M,1,44,administrator
195,494,1,878410816,M,1,39,administrator
195,245,2,880361664,F,0,43,administrator
204,240,2,878198592,F,0,37,administrator
195,597,1,881390528,F,0,28,artist
211,283,2,878282688,M,1,30,administrator
195,499,1,878621696,F,0,30,artist
195,341,1,878510336,F,0,31,administrator
730,98,1,878197888,M,1,25,artist
727,460,2,886053248,M,1,44,administrator
730,323,1,878217152,M,1,25,artist
202,349,2,885096704,F,0,41,administrator
195,225,2,878231552,F,0,34,administrator
355,104,1,878203392,M,1,28,artist
195,477,1,878218560,F,0,29,administrator
730,451,1,878200256,M,1,27,administrator
730,400,2,888853376,F,0,30,administrator
730,757,1,878201088,M,1,26,administrator
195,755,1,878320896,M,1,28,administrator
730,753,1,878597056,M,1,44,administrator
730,557,1,878198272,F,0,30,administrator
730,617,1,887433472,M,1,44,artist
195,154,1,884225216,M,1,42,administrator
728,123,2,888601472,F,0,41,administrator
205,227,2,878332736,F,0,44,administrator
195,745,2,878198400,F,0,33,administrator
730,140,2,888842048,F,0,31,administrator
730,746,2,878198336,M,1,44,administrator
195,756,1,886978112,M,1,35,administrator
606,108,2,878197888,F,0,28,artist
684,105,1,878197888,F,0,27,artist
730,97,1,878199232,M,1,29,artist
536,164,2,888841856,F,0,29,administrator
730,748,1,887728384,M,1,24,artist
730,129,2,878197952,F,0,37,artist
201,214,1,880959808,M,1,39,administrator
730,105,2,878216128,M,1,27,artist
195,402,1,888698496,F,0,30,administrator
195,546,2,880142464,F,0,32,administrator
195,403,2,878216320,F,0,33,administrator
195,251,1,881951808,F,0,41,administrator
195,714,2,888798272,F,0,31,administrator
730,759,2,878201600,F,0,26,administrator
195,265,1,888390720,F,0,35,administrator
195,657,1,878409408,F,0,30,administrator
195,294,2,888200896,F,0,42,administrator
730,692,1,883773888,M,1,44,administrator
195,218,1,883622592,M,1,35,administrator
195,141,1,888602688,F,0,41,administrator
730,667,1,888593536,M,1,27,administrator
257,125,1,878197888,F,0,29,artist
195,257,1,886023488,F,0,44,administrator
730,725,1,888665600,F,0,26,administrator
727,154,2,878198656,F,0,44,administrator
202,238,1,878389120,M,1,31,administrator
236,251,2,888767488,M,1,44,administrator
730,614,1,883899712,M,1,44,administrator
335,156,1,883725312,F,0,32,administrator
727,215,1,878206528,F,0,30,administrator
195,173,1,882662208,F,0,31,administrator
730,608,1,878749568,M,1,29,administrator
730,759,1,880785856,M,1,24,administrator
195,757,1,888859520,M,1,38,artist
628,291,2,878239552,F,0,34,administrator
730,753,2,878380160,M,1,44,administrator
195,619,2,888655744,F,0,32,administrator
195,261,1,878274048,M,1,26,administrator
730,759,1,878875648,M,1,44,administrator
195,723,2,878197888,F,0,31,artist
730,138,1,878197888,M,1,26,administrator
195,734,2,878553152,F,0,32,administrator
433,266,1,878787776,M,1,34,administrator
205,168,2,888827264,F,0,35,administrator
195,214,1,888859520,F,0,42,artist
195,280,1,888858816,F,0,33,artist
723,259,2,888835584,F,0,43,administrator
730,759,2,882216448,M,1,41,administrator
195,497,1,881209920,F,0,44,administrator
730,462,1,878220480,M,1,26,administrator
205,309,1,879085056,M,1,44,administrator
730,759,1,878412928,M,1,24,administrator
723,242,1,880355264,M,1,37,administrator
730,320,2,884832256,F,0,31,administrator
195,757,2,886853120,F,0,32,administrator
728,130,1,879298816,M,1,32,artist
730,755,2,885569664,M,1,41,administrator
730,277,2,887476416,F,0,33,administrator
195,218,1,888855936,F,0,30,administrator
195,600,1,883098496,M,1,44,administrator
195,143,1,888857408,F,0,31,administrator
289,147,1,888858368,M,1,44,administrator
195,443,2,888859456,M,1,33,artist
195,151,1,888292224,M,1,31,administrator
195,757,2,886048128,F,0,44,administrator
730,677,1,885079872,M,1,44,administrator
730,759,1,884988928,M,1,24,administrator
706,438,2,884873728,F,0,44,administrator
197,429,1,878709248,M,1,44,administrator
195,172,1,878198016,F,0,30,administrator
195,650,2,878373120,F,0,35,administrator
730,616,1,880048064,M,1,36,administrator
730,687,1,878916608,M,1,44,administrator
195,376,2,888859520,F,0,32,artist
201,239,1,884094528,M,1,44,administrator
563,146,2,878197888,F,0,35,administrator
730,525,2,878200128,F,0,44,administrator
199,151,1,878197888,F,0,26,artist
197,286,1,884758848,M,1,44,administrator
711,296,1,879504896,M,1,25,administrator
195,198,1,888859520,M,1,35,artist
723,109,2,888858688,F,0,28,artist
200,135,2,878197888,F,0,30,administrator
195,232,2,888855808,F,0,29,administrator
195,472,1,881777536,M,1,28,administrator
433,202,1,878225600,M,1,28,administrator
730,756,2,887375488,F,0,30,administrator
196,123,2,878205952,F,0,32,administrator
730,419,1,879876864,M,1,44,administrator
195,485,1,878329216,F,0,29,administrator
730,745,1,878197888,F,0,26,artist
195,401,1,878197888,M,1,27,administrator
726,99,1,878200256,M,1,29,artist
730,225,2,880325120,F,0,36,administrator
730,211,1,878200512,F,0,33,administrator
195,160,2,878197888,F,0,36,administrator
730,195,2,880396800,F,0,27,artist
195,703,1,878250880,M,1,29,administrator
730,729,1,888608192,M,1,29,administrator
195,162,1,888846720,F,0,31,artist
195,529,2,878764480,F,0,31,artist
195,188,1,879943808,F,0,43,administrator
730,741,1,888766784,F,0,28,administrator
723,133,1,879004480,M,1,29,artist
195,405,1,878200064,F,0,29,artist
657,522,2,888470592,F,0,32,administrator
195,233,1,888324096,F,0,43,administrator
195,352,1,879647360,M,1,29,artist
195,723,1,888859520,M,1,44,administrator
730,254,2,888584960,F,0,29,administrator
730,759,2,878304768,M,1,44,administrator
195,395,1,883458880,M,1,28,administrator
195,664,2,888805696,F,0,33,artist
730,395,1,885907584,M,1,35,administrator
730,718,1,878456896,M,1,29,administrator
195,634,2,888856512,F,0,33,artist
697,122,1,878287872,M,1,27,administrator
195,242,1,878457152,F,0,32,administrator
605,115,2,878197888,F,0,34,administrator
195,436,1,878434368,F,0,29,administrator
729,660,1,888787392,M,1,44,administrator
727,214,1,878257472,F,0,37,administrator
195,659,1,878653568,F,0,30,administrator
730,731,2,878222144,F,0,43,administrator
195,263,1,884081792,F,0,29,administrator
195,388,1,886714496,M,1,32,artist
195,742,1,888232256,F,0,39,administrator
195,667,1,878222976,F,0,31,administrator
730,703,1,878277632,M,1,28,administrator
195,548,1,878859520,F,0,44,administrator
730,394,1,888374208,M,1,42,artist
730,107,2,878197888,F,0,34,artist
730,757,1,881351872,F,0,27,artist
241,179,2,878705216,F,0,33,administrator
195,642,2,878197888,F,0,32,administrator
730,170,1,879274176,M,1,44,administrator
730,221,2,888828736,M,1,27,artist
196,450,2,878248192,F,0,44,administrator
730,757,2,878425344,F,0,30,administrator
195,745,1,881854336,F,0,29,administrator
730,110,2,878197888,F,0,25,artist
195,659,1,888393024,F,0,30,artist
730,631,1,878684992,M,1,44,administrator
730,724,2,883775360,F,0,35,administrator
730,146,2,878197888,M,1,26,artist
726,228,1,887257536,F,0,30,administrator
730,759,1,882492992,M,1,25,administrator
195,249,1,887230784,M,1,44,administrator
343,205,2,882253760,F,0,36,administrator
196,126,1,888456000,M,1,44,administrator
203,176,1,885076480,F,0,30,administrator
195,740,1,879855488,F,0,31,administrator
195,584,1,888840960,F,0,30,administrator
195,105,1,888859328,M,1,39,artist
196,147,1,888542464,F,0,44,administrator
730,260,1,878387392,M,1,44,administrator
195,758,1,888842048,F,0,33,administrator
570,159,2,878198016,F,0,32,artist
729,363,2,878478464,M,1,44,administrator
229,177,1,879050880,F,0,32,administrator
729,315,2,878313088,M,1,44,administrator
418,275,2,888859520,F,0,30,artist
730,624,1,885973376,M,1,30,administrator
195,455,1,883552768,F,0,34,administrator
195,475,2,888859520,F,0,33,artist
730,757,2,880880256,M,1,43,administrator
631,117,1,878197888,F,0,30,administrator
730,263,1,888843200,M,1,27,artist
195,396,2,878251904,F,0,32,administrator
730,684,1,887083392,F,0,31,administrator
730,454,1,881627520,M,1,44,administrator
730,682,1,879636672,F,0,28,administrator
730,580,1,883489792,M,1,44,artist
730,660,1,887432640,F,0,30,administrator
195,758,1,878613120,F,0,31,administrator
730,708,2,878226816,F,0,35,administrator
601,166,2,879473536,F,0,42,administrator
709,158,1,888832000,F,0,33,administrator
208,169,1,878515584,M,1,44,administrator
195,551,2,886122048,F,0,32,administrator
720,186,2,878454848,F,0,44,administrator
195,758,1,888857792,M,1,33,administrator
704,201,2,888526464,F,0,33,administrator
197,170,1,882561856,F,0,44,administrator
730,737,2,878198016,M,1,28,administrator
195,228,2,888859520,F,0,42,artist
730,754,1,884692288,M,1,25,administrator
532,127,2,888512256,F,0,42,administrator
730,324,2,888849792,F,0,29,administrator
195,285,1,888806464,M,1,44,administrator
195,451,2,878197888,F,0,35,administrator
730,102,1,878197888,F,0,26,artist
459,170,1,878973952,F,0,44,administrator
195,708,1,888824000,M,1,32,artist
312,121,1,878197888,F,0,27,artist
195,701,1,887037632,M,1,30,administrator
197,297,2,878989120,F,0,41,administrator
195,589,2,878197888,F,0,29,artist
195,278,1,887394048,F,0,29,administrator
730,395,2,882121344,M,1,44,administrator
197,281,2,888819968,M,1,44,administrator
730,757,1,879772544,M,1,25,administrator
195,739,1,888030144,F,0,30,administrator
730,120,1,878197888,M,1,28,artist
730,101,1,878197888,M,1,24,artist
370,168,2,887228416,F,0,40,administrator
714,141,2,878490496,F,0,44,administrator
195,335,2,878268800,F,0,44,administrator
730,362,2,888859328,F,0,28,administrator
730,104,1,887794496,M,1,30,artist
538,224,1,888671744,F,0,31,administrator
730,230,2,888255104,F,0,31,administrator
730,733,1,887504704,M,1,44,artist
195,228,1,888276608,M,1,44,administrator
730,417,2,878241024,F,0,30,artist
195,366,1,885416832,F,0,30,administrator
205,179,1,887266816,M,1,44,administrator
435,280,1,878271040,M,1,44,administrator
195,549,1,878938816,F,0,29,administrator
195,353,1,878197888,F,0,29,administrator
730,735,2,885835008,F,0,29,artist
195,604,1,878332608,F,0,30,administrator
647,111,1,880131456,M,1,29,artist
195,758,2,888850944,F,0,44,administrator
728,521,1,888080960,F,0,31,administrator
195,232,1,880666688,F,0,37,administrator
730,638,1,878238400,F,0,30,administrator
730,756,2,878778240,M,1,44,administrator
728,319,1,880170496,M,1,29,administrator
715,268,2,888859072,F,0,28,administrator
730,143,2,886536448,F,0,44,administrator
730,319,2,888859520,M,1,27,artist
195,573,2,888859456,M,1,44,artist
730,633,2,878552576,M,1,44,administrator
195,572,1,888859136,F,0,31,artist
730,431,1,878203200,M,1,29,artist
730,503,1,886113472,F,0,31,administrator
730,756,1,878200896,F,0,26,artist
730,457,1,888826432,M,1,36,artist
195,699,1,882268160,F,0,30,administrator
195,710,1,888660992,M,1,31,administrator
195,387,2,888859392,F,0,31,artist
730,204,1,878499904,M,1,44,administrator
195,258,1,888806272,F,0,33,artist
729,472,1,882791040,M,1,29,administrator
730,148,1,878198080,M,1,25,artist
730,580,2,888856128,F,0,27,artist
196,695,2,878352448,M,1,44,administrator
233,127,1,878197952,M,1,26,administrator
195,522,1,888821952,F,0,32,administrator
730,284,2,878227840,F,0,28,artist
195,673,2,878199872,F,0,44,administrator
727,116,2,878199168,F,0,28,artist
730,338,1,878198464,F,0,34,administrator
730,137,1,878202624,M,1,33,artist
706,101,1,879141568,M,1,29,artist
730,523,1,878248512,F,0,32,artist
730,246,2,878216640,F,0,29,artist
730,170,2,879024256,F,0,34,administrator
730,576,1,878899328,M,1,44,administrator
719,232,1,887912768,M,1,43,administrator
647,140,1,880211648,M,1,43,administrator
196,349,1,878212352,F,0,29,artist
195,340,1,878197888,M,1,27,administrator
195,752,1,880751488,F,0,30,administrator
195,417,1,888859456,F,0,32,administrator
730,756,2,880957248,M,1,25,artist
730,482,1,885134080,M,1,44,administrator
730,102,2,878197888,F,0,34,administrator
195,225,1,888276992,F,0,32,administrator
730,579,1,879312704,M,1,44,artist
195,650,1,888857024,F,0,30,administrator
195,141,1,878198016,M,1,34,administrator
730,102,1,880939520,M,1,30,artist
700,101,1,880617920,M,1,44,administrator
195,748,1,888832704,M,1,44,artist
195,140,2,885516672,F,0,32,administrator
195,750,1,878476416,F,0,29,administrator
730,169,2,878208512,F,0,44,administrator
195,743,1,888764608,M,1,44,administrator
730,337,2,880477824,F,0,44,administrator
210,151,1,878308736,M,1,43,administrator
730,331,2,888846784,F,0,29,administrator
730,758,1,888727040,M,1,44,administrator
730,755,1,878752320,M,1,26,administrator
195,327,1,888657920,F,0,31,administrator
730,202,1,888210176,F,0,44,administrator
195,133,1,878197888,F,0,25,artist
724,97,1,878197888,M,1,26,artist
730,379,1,887205888,F,1,29,artist
329,121,1,878198080,M,1,27,administrator
730,728,1,884325184,M,1,44,administrator
725,477,1,879899264,M,1,29,administrator
195,681,2,888446528,M,1,44,artist
621,123,1,878201024,M,1,40,administrator
730,751,2,888500160,M,1,28,administrator
489,290,1,885511616,M,1,28,administrator
730,622,2,878197952,F,0,28,artist
195,659,1,878197888,F,0,30,administrator
558,130,2,888829184,F,0,30,administrator
730,456,2,884767168,F,0,34,administrator
223,152,1,887507776,F,0,30,administrator
730,136,1,882731648,F,0,25,artist
730,727,1,878202368,M,1,28,administrator
730,637,1,879863680,M,1,26,administrator
195,416,2,888859520,F,0,33,administrator
730,728,1,880040768,M,1,42,administrator
730,144,2,888859520,M,1,29,artist
730,732,1,882189632,M,1,44,administrator
199,139,1,878197888,M,1,28,artist
195,177,1,888859520,M,1,39,artist
195,359,2,879124736,F,0,33,artist
730,696,1,878317056,M,1,25,artist
274,300,1,878887552,M,1,44,administrator
195,393,2,888859456,F,0,43,administrator
730,418,2,878240832,F,0,35,administrator
730,722,1,884751744,F,0,30,administrator
195,216,1,888432384,M,1,34,administrator
634,169,2,878666944,F,0,33,administrator
729,154,2,883510464,F,0,44,administrator
195,312,1,878943680,F,0,34,administrator
730,255,2,878197888,F,0,33,administrator
730,118,1,878197888,M,1,29,artist
730,359,1,878198528,F,0,32,administrator
730,720,1,888515328,F,0,43,administrator
730,665,1,878208576,F,0,29,administrator
730,99,2,878197888,M,1,26,artist
730,759,1,888351424,M,1,26,administrator
730,98,2,878197952,F,0,28,artist
196,193,1,888838976,F,0,31,administrator
195,747,1,888122880,F,0,30,administrator
730,422,2,888859456,M,1,27,artist
730,254,2,878260672,F,0,44,administrator
730,155,2,878515264,F,0,44,administrator
669,177,2,881953600,F,0,43,administrator
730,633,2,888856512,M,1,44,artist
729,120,1,887086656,M,1,42,artist
195,523,1,883378496,F,0,30,artist
730,499,1,880874112,F,0,32,administrator
730,592,1,887875840,M,1,27,artist
730,758,1,878197952,M,1,38,artist
195,328,1,888848000,F,0,40,administrator
729,114,1,878197888,F,0,26,artist
730,758,1,883582272,M,1,40,administrator
195,559,1,878204608,F,0,29,administrator
195,685,1,888755264,M,1,32,administrator
730,105,1,880586752,F,0,28,artist
730,105,2,878310464,M,1,33,artist
730,193,1,878197888,M,1,26,administrator
730,738,2,878197888,M,1,26,artist
195,184,1,888849600,F,0,29,administrator
730,196,2,888297856,F,0,30,administrator
726,168,2,888425472,F,0,37,administrator
706,139,1,885558144,M,1,37,artist
195,522,1,878316480,M,1,27,administrator
730,104,2,878197888,F,0,30,artist
195,752,2,885039424,F,0,30,administrator
195,644,1,878198272,F,0,30,administrator
232,101,1,878197888,M,1,24,artist
448,116,1,888848256,M,1,28,administrator
195,310,1,878198080,F,0,30,administrator
196,169,1,878211712,F,0,32,administrator
730,643,1,886876288,M,1,44,administrator
195,224,2,879922048,F,0,32,administrator
195,303,2,881156416,F,0,44,administrator
676,127,2,878557824,F,0,44,administrator
342,131,1,878390464,F,0,44,administrator
684,250,1,878760448,M,1,44,administrator
199,143,1,878548160,F,0,33,administrator
730,144,2,878197888,F,0,29,artist
195,647,2,878285248,F,0,35,administrator
195,396,1,888788032,F,0,42,administrator
257,150,1,878198144,M,1,26,administrator
195,260,1,883115072,F,0,30,administrator
730,758,2,878349952,M,1,44,administrator
730,218,2,888668992,M,1,29,artist
195,352,1,880232384,F,0,31,administrator
652,150,1,887420544,F,0,38,administrator
195,398,2,888859520,M,1,43,artist
730,542,2,881836352,F,0,43,administrator
195,235,1,886978112,F,0,29,administrator
726,246,1,888058112,M,1,30,administrator
195,753,2,888859520,F,0,35,artist
508,185,1,878201344,M,1,26,administrator
730,699,2,888835328,M,1,42,administrator
195,482,1,882214144,F,0,30,administrator
730,499,2,887571904,F,0,39,administrator
195,268,1,888859520,M,1,34,administrator
199,175,2,888514432,F,0,31,administrator
195,717,1,878303552,F,0,29,artist
195,758,2,878202624,F,0,31,artist
195,731,1,888859520,M,1,44,artist
195,336,1,888335616,F,0,41,administrator
730,495,1,888847104,F,0,29,artist
195,103,1,878197888,F,0,26,artist
195,290,1,878515328,F,0,31,administrator
730,637,1,879815744,M,1,44,administrator
730,365,2,886604928,F,0,31,administrator
198,223,1,880806464,M,1,34,administrator
728,194,2,878383168,F,0,35,administrator
728,191,1,888386752,F,0,44,administrator
658,108,2,878198528,F,0,44,administrator
195,411,2,888832576,F,0,35,administrator
730,435,1,888811648,F,0,30,administrator
195,270,2,888854144,F,0,30,administrator
195,211,2,878199232,F,0,35,administrator
223,235,1,888699840,M,1,29,administrator
195,192,1,879649408,F,0,38,administrator
195,753,2,879980544,F,0,40,administrator
730,758,2,888859520,M,1,32,artist
730,314,2,878246016,M,1,44,administrator
197,266,1,878236096,M,1,44,administrator
200,170,1,879141312,F,0,32,administrator
195,177,1,888501696,F,0,30,administrator
195,312,1,887479680,F,0,30,administrator
195,694,1,878411968,F,0,30,administrator
729,99,1,878198016,M,1,28,artist
202,145,1,888859520,F,0,31,artist
730,495,1,882096320,M,1,44,artist
730,127,1,888025216,F,0,27,artist
195,567,1,885092544,F,0,30,administrator
719,140,1,879866624,F,0,44,administrator
730,187,1,878216128,M,1,29,administrator
500,149,1,878593920,F,0,30,administrator
730,639,1,879612352,M,1,44,administrator
730,722,1,879363648,M,1,26,administrator
730,201,1,878202368,M,1,26,artist
195,576,2,884674176,F,0,31,administrator
730,234,2,888857792,F,0,28,administrator
730,155,2,878197952,F,0,34,artist
195,634,1,882586496,M,1,29,administrator
195,202,1,888254336,F,0,44,administrator
195,194,1,888695744,M,1,44,administrator
730,738,1,888814528,F,0,30,administrator
728,229,2,888859264,F,0,44,artist
730,743,2,888525696,F,0,30,administrator
481,162,2,888859072,F,0,30,artist
249,463,1,878373376,M,1,44,administrator
195,186,1,886899008,M,1,43,administrator
730,434,1,878818048,M,1,43,administrator
730,105,1,878305216,M,1,26,artist
195,240,1,881902400,F,0,44,administrator
255,350,2,888827008,M,1,44,artist
195,755,1,883052608,F,0,41,administrator
614,124,2,883223360,F,0,44,administrator
730,743,1,879846528,M,1,29,administrator
195,703,1,878197888,F,0,28,administrator
730,241,2,879192896,F,0,33,administrator
195,217,1,886805696,F,0,30,administrator
195,648,1,883357632,M,1,31,administrator
196,169,1,884312832,M,1,29,administrator
195,247,2,888859456,F,0,34,artist
730,139,2,878198400,F,0,34,administrator
730,97,2,878197888,F,1,26,artist
195,534,2,878207104,F,0,34,administrator
195,490,2,878201472,F,0,31,administrator
195,448,2,886066688,F,0,32,administrator
203,108,1,878211968,M,1,26,artist
265,120,1,878197888,F,0,25,artist
730,682,1,878197888,M,1,25,artist
698,331,1,878895808,F,0,35,administrator
730,631,1,883782208,M,1,29,administrator
728,286,1,888831616,F,0,30,administrator
730,755,2,888859520,M,1,29,artist
730,487,1,888802944,M,1,41,administrator
730,731,1,878449664,F,0,28,artist
195,746,1,878288896,F,0,31,administrator
195,666,1,883277440,F,0,40,administrator
609,252,1,878203456,F,0,31,administrator
612,231,1,879756544,M,1,44,administrator
196,150,1,878198016,M,1,30,administrator
345,160,2,888857472,F,0,31,administrator
730,635,2,888808832,F,0,29,administrator
195,723,1,879193152,F,0,30,administrator
626,261,1,878470912,F,0,34,administrator
195,156,1,878269440,F,0,31,administrator
730,112,2,878197888,F,0,36,administrator
195,126,1,883969088,F,0,31,administrator
730,583,2,878198464,F,0,35,administrator
195,180,1,879297536,F,0,30,administrator
236,175,1,886142592,F,0,31,administrator
730,755,2,888765312,M,1,39,artist
730,97,1,878197888,M,1,27,artist
195,750,1,888100480,F,0,34,administrator
195,130,1,878197888,F,0,25,artist
730,249,1,878216640,F,0,32,administrator
730,696,2,881250304,F,0,33,administrator
730,613,1,878802304,M,1,32,administrator
195,734,2,888859072,F,0,37,administrator
730,741,2,878351488,M,1,39,administrator
195,127,2,888859520,M,1,44,artist
716,188,2,878885952,F,0,43,administrator
461,213,1,884990272,M,1,31,artist
195,406,1,883184576,M,1,43,administrator
195,376,1,878197888,F,0,27,administrator
730,359,2,888855168,F,0,29,administrator
199,150,1,888859392,F,0,44,artist
730,243,1,884241792,F,0,41,administrator
730,212,1,878197888,M,1,26,administrator
730,350,2,884542848,F,0,40,administrator
633,238,1,888854592,M,1,44,administrator
730,138,2,888698304,F,1,40,artist
195,169,1,888548800,F,0,35,administrator
237,134,1,888844608,M,1,35,administrator
195,632,2,888849088,F,0,33,artist
730,380,2,888693888,F,0,28,artist
201,269,1,878642624,M,1,43,administrator
196,228,1,878412736,M,1,43,administrator
730,619,2,888859328,F,0,29,administrator
195,243,1,888859520,F,0,44,artist
195,241,1,888855360,M,1,44,administrator
730,759,2,882325824,M,1,44,administrator
195,369,1,878597184,F,0,32,administrator
195,481,1,887149120,F,0,31,administrator
195,720,2,880641088,F,0,33,administrator
536,135,1,884252224,M,1,31,artist
195,454,1,886290816,F,0,30,administrator
730,103,1,878197888,M,1,24,artist
195,488,2,888822400,F,0,30,administrator
730,463,2,888704768,F,0,29,administrator
730,469,1,879021568,F,0,44,administrator
195,726,1,879079616,F,0,29,administrator
195,239,1,887960000,M,1,44,administrator
730,632,1,878215232,M,1,44,administrator
195,211,1,888577088,F,0,31,administrator
730,656,1,882601344,M,1,24,artist
198,269,1,882117760,F,0,40,administrator
197,205,1,888852928,F,0,31,administrator
195,751,1,888793664,F,0,30,administrator
681,254,1,878283904,M,1,42,administrator
195,734,2,878425280,F,0,44,administrator
687,154,1,888855360,M,1,44,administrator
730,340,1,878351360,F,0,44,administrator
204,244,1,880507008,M,1,44,administrator
708,255,1,878364352,F,0,32,administrator
730,583,2,882153920,M,1,44,administrator
222,380,1,878876288,M,1,29,administrator
201,373,1,878222656,M,1,26,administrator
195,727,1,886052928,M,1,40,administrator
730,277,1,878355520,M,1,28,administrator
195,143,1,888618816,M,1,33,administrator
195,225,1,878197952,F,0,28,administrator
730,712,1,878203200,M,1,26,artist
195,518,1,888848960,F,0,30,administrator
730,720,1,888199680,M,1,32,administrator
730,559,1,878830720,M,1,28,administrator
195,745,1,888857472,F,0,32,artist
229,163,1,878198720,F,0,30,administrator
209,104,1,888858880,M,1,44,administrator
730,734,2,878752064,M,1,44,administrator
195,740,1,888648704,F,0,30,administrator
730,102,1,884790720,M,1,43,artist
718,446,1,878429824,M,1,43,administrator
195,259,1,888859520,M,1,44,artist
730,714,2,888858176,M,1,43,artist
730,98,1,878197888,F,0,25,artist
195,740,1,888808960,F,0,41,administrator
730,293,1,883556736,M,1,44,administrator
270,158,1,879179072,F,0,44,administrator
730,252,2,885625600,F,0,44,administrator
195,467,1,878960448,F,0,28,artist
730,165,2,887664768,F,0,31,administrator
728,152,2,878199104,F,0,32,artist
195,706,1,880746944,F,0,44,administrator
730,426,2,881697600,F,0,43,administrator
603,120,1,888718976,M,1,30,artist
195,177,1,888642752,M,1,44,artist
195,574,1,888850816,F,0,31,administrator
730,745,1,888849920,M,1,23,artist
730,734,1,882836736,M,1,42,artist
730,114,1,878197888,M,1,23,artist
196,445,2,888859520,F,0,33,artist
195,717,1,878304192,F,0,30,administrator
195,657,1,888854912,F,0,30,administrator
727,385,1,884015168,M,1,44,administrator
711,122,1,878884992,M,1,44,administrator
195,382,1,888515456,F,0,42,administrator
730,274,1,888859520,F,0,28,artist
195,726,1,886496064,M,1,31,administrator
512,386,1,888859392,F,0,29,administrator
730,225,1,883822848,F,0,33,administrator
197,159,2,888857664,M,1,32,artist
730,759,2,888580864,F,0,27,administrator
730,642,1,884229376,M,1,44,administrator
730,678,1,888858112,M,1,44,artist
195,256,1,888322752,F,0,30,administrator
195,680,1,887555456,M,1,44,administrator
195,724,1,878197888,F,0,28,artist
195,317,1,878206720,F,0,27,artist
730,750,1,887404672,M,1,29,administrator
209,248,1,887899136,F,0,40,administrator
702,151,1,878199488,F,0,32,administrator
195,347,2,878199232,F,0,33,administrator
196,112,1,882253056,M,1,32,artist
726,102,2,878197888,F,0,31,artist
195,434,1,878582464,F,0,30,administrator
730,316,1,882861696,F,0,43,administrator
219,248,1,878807040,M,1,29,administrator
195,758,1,878243648,F,0,28,administrator
730,694,1,888034560,M,1,42,administrator
195,732,1,887115200,F,0,29,administrator
195,743,2,879343360,F,0,37,administrator
727,140,2,878200000,F,0,44,administrator
195,125,1,879920064,F,0,44,administrator
730,328,2,888825472,F,0,29,artist
730,409,1,878197952,F,0,25,artist
724,337,1,878527872,M,1,34,administrator
683,131,2,888784832,F,0,29,administrator
227,188,1,878198848,F,0,30,administrator
195,517,1,878197888,F,0,29,administrator
390,160,1,878239488,F,0,32,administrator
730,111,2,878197888,F,0,38,administrator
195,362,1,878207296,F,0,29,administrator
730,99,1,878198016,M,1,27,artist
195,529,1,885782272,M,1,44,administrator
719,118,1,888847104,F,0,30,administrator
729,152,2,887650624,F,0,35,artist
195,757,1,881455872,F,0,29,administrator
195,682,2,888852416,F,0,32,administrator
730,125,1,878239104,M,1,44,administrator
195,120,2,888858176,M,1,36,administrator
730,241,2,878442752,F,0,44,administrator
664,335,1,878302272,M,1,37,administrator
195,183,1,881786624,F,0,40,administrator
730,689,2,878197952,F,0,34,administrator
278,144,1,888859520,F,0,32,artist
195,752,1,878204672,M,1,27,administrator
195,267,2,888858240,M,1,44,artist
195,582,1,888817216,F,0,30,administrator
730,161,1,878213952,F,0,26,artist
195,220,1,888697280,F,0,31,administrator
195,578,1,878347456,F,0,29,administrator
195,336,1,878716736,F,0,44,administrator
209,579,2,886487744,M,1,44,administrator
206,235,2,879603520,F,0,34,artist
195,224,1,878247616,F,0,30,administrator
730,588,1,886853056,F,0,40,administrator
195,185,1,878451392,F,0,30,administrator
