user_id,item_id,rating,timestamp,gender,gender_binary,age,occupation
20,284,3,876554785,M,1,31,retired
268,181,5,882964546,M,1,45,student
5,56,4,880823791,M,1,26,educator
503,133,5,882115463,F,0,51,librarian
374,440,5,880324258,M,1,27,technician
298,144,3,892638222,M,1,27,executive
49,407,3,879650056,F,0,50,librarian
111,147,3,888931706,F,0,52,student
617,172,3,881114967,F,0,35,librarian
645,455,5,883104276,M,1,28,programmer
882,333,5,891560251,M,1,20,marketing
222,528,5,891782907,M,1,28,retired
102,71,4,887169191,M,1,30,lawyer
663,554,3,879617963,F,0,32,writer
860,265,2,883583135,F,0,31,educator
514,121,4,884689069,M,1,36,scientist
63,4,5,880193579,M,1,42,student
654,435,3,882906645,M,1,52,student
361,623,3,879685069,M,1,24,salesman
401,588,2,886723152,M,0,44,technician
118,515,3,885102738,M,1,33,programmer
796,95,3,892242904,F,0,50,healthcare
456,131,5,878858437,M,1,26,executive
880,62,3,886870974,M,1,28,programmer
69,751,5,882137007,M,1,38,student
298,169,3,891740192,M,1,27,executive
225,281,5,879821200,M,1,27,artist
222,340,1,880380398,M,1,27,lawyer
180,744,5,875873937,M,1,24,retired
279,474,2,875562886,M,1,19,salesman
406,286,3,880064285,M,1,25,programmer
1,676,5,879810498,M,1,41,technician
542,336,5,879959952,M,1,26,programmer
329,384,3,892192359,M,1,32,administrator
43,333,4,875961538,F,0,31,librarian
518,900,2,878614648,M,1,28,educator
881,928,4,880196218,M,1,43,lawyer
601,558,3,881122089,M,0,39,programmer
648,294,4,885516815,M,1,33,student
424,203,4,891814809,F,0,36,healthcare
621,591,3,881275884,M,1,30,executive
862,310,4,885754767,M,1,43,programmer
723,728,1,891916952,F,0,51,educator
352,323,1,880151054,M,1,19,scientist
43,294,2,882472115,M,1,46,student
437,427,4,877573668,M,1,49,engineer
40,323,1,892538207,M,1,44,technician
505,233,3,880039302,M,1,33,other
66,1422,2,889767423,M,1,27,other
898,841,5,881310996,F,0,59,artist
682,281,2,880154291,M,1,39,librarian
321,487,4,888618495,M,1,20,programmer
54,64,5,881505650,M,1,31,programmer
397,619,4,891770949,M,1,31,educator
280,568,4,891334601,F,0,52,educator
747,234,2,880302283,M,1,36,administrator
480,611,3,883314579,M,1,22,student
253,1025,1,892548969,M,1,28,educator
405,655,4,879815419,F,0,35,writer
581,380,2,880467501,M,1,27,technician
642,193,4,879770084,M,1,39,scientist
488,1540,3,883367639,M,1,26,artist
555,781,5,892163045,F,0,12,salesman
18,286,4,879355195,F,0,35,healthcare
896,271,5,882451318,M,1,32,entertainment
487,771,2,879535810,M,1,27,student
393,288,5,880552816,M,1,27,educator
806,323,1,880425768,M,1,27,artist
479,644,5,882715230,M,1,28,other
607,477,1,888971271,M,1,12,lawyer
144,455,5,876231621,M,1,35,programmer
503,1074,3,880934411,F,0,39,educator
417,1310,3,891824306,F,0,24,librarian
664,1078,5,884564507,M,1,27,engineer
567,568,3,891587441,M,1,27,lawyer
618,762,4,880117716,F,0,54,writer
909,24,4,879382555,F,0,32,librarian
27,705,3,891824925,M,1,18,lawyer
593,399,4,882648494,M,1,27,librarian
665,293,2,892014740,M,1,33,other
399,293,4,875207530,M,1,24,technician
796,15,4,891809475,F,0,52,healthcare
603,802,3,879490140,M,1,38,student
393,461,3,880582812,M,1,26,programmer
559,10,1,891531803,M,1,56,entertainment
740,760,5,892019897,M,1,27,programmer
531,144,1,882385404,M,1,44,salesman
314,86,4,891205779,F,0,32,educator
10,151,4,892336256,M,1,35,administrator
806,716,5,891298621,F,0,51,other
908,148,4,892062532,F,0,31,artist
253,394,4,882506484,M,1,26,programmer
451,211,4,881021252,M,1,46,doctor
488,163,2,880047468,M,1,28,artist
846,387,5,878368846,M,1,28,artist
617,1210,5,879710928,M,1,25,programmer
288,87,5,879717475,M,1,27,technician
236,33,5,879238412,M,1,36,student
929,694,5,876878857,M,1,32,artist
7,685,1,881652932,F,0,45,educator
416,673,1,891999818,F,0,52,healthcare
796,291,3,879437413,F,0,51,healthcare
864,538,2,892594324,M,1,27,educator
269,313,5,892315329,M,1,22,artist
679,237,4,888932629,F,0,49,administrator
342,89,4,891349477,F,0,38,other
807,845,2,881878137,F,0,52,educator
756,238,2,891402149,F,0,35,healthcare
477,574,5,879812012,F,0,40,artist
378,245,4,892319520,M,1,27,engineer
342,924,3,891955959,F,0,35,educator
870,895,3,879983447,M,1,33,educator
122,62,4,882987636,M,1,36,programmer
178,82,3,882865157,M,1,30,programmer
535,100,2,884564555,F,0,36,none
294,568,4,879657524,M,1,19,executive
458,199,5,880050088,M,1,33,administrator
854,333,4,882051223,M,1,31,educator
268,109,5,877425927,F,0,36,librarian
752,553,5,891220966,M,1,30,programmer
234,196,4,891887321,M,0,26,other
405,328,3,883880141,F,0,17,student
806,770,3,877110178,M,1,38,marketing
782,313,5,880158426,M,1,28,programmer
584,693,5,883145644,M,1,28,technician
450,59,5,875358648,F,0,50,other
901,1255,5,891823932,M,1,27,student
928,298,3,882590999,M,1,31,scientist
854,19,5,885872908,M,1,43,technician
717,161,3,892197667,M,1,26,educator
92,288,4,877512409,M,1,32,student
845,713,2,882188473,M,1,30,other
738,157,3,878389712,M,1,28,administrator
252,195,4,892315465,M,1,32,educator
207,1090,4,888076766,F,0,27,student
328,170,3,882747282,M,1,35,student
731,1390,5,882970025,M,1,41,educator
397,98,1,882635638,M,1,39,executive
488,294,1,892491606,M,1,27,educator
326,654,3,892527365,M,1,60,programmer
259,1473,2,880286657,M,1,26,student
56,74,4,884775236,F,0,36,librarian
197,654,3,888605750,M,1,39,executive
932,1009,3,883346264,M,1,28,executive
395,289,5,891662349,F,0,35,librarian
345,824,2,884518893,M,1,25,programmer
429,374,5,891290006,F,0,19,librarian
796,259,5,883058991,F,1,34,administrator
716,432,5,881241335,F,0,46,educator
472,298,4,879414312,M,1,35,student
932,157,5,891871542,F,0,44,librarian
94,410,3,884580787,M,1,26,engineer
435,195,4,880583455,M,1,33,educator
148,234,4,883485759,M,0,34,retired
523,765,4,875151681,F,0,42,librarian
559,265,4,890950076,F,0,35,salesman
764,121,3,891893325,F,0,35,student
366,23,1,882580523,M,1,31,entertainment
160,9,1,886193806,M,1,27,scientist
707,186,4,880928840,F,0,43,librarian
894,117,5,880176295,M,1,28,administrator
716,1285,1,879640312,F,0,44,educator
868,568,1,880273614,M,1,39,technician
166,749,2,875706759,M,1,35,student
450,161,4,880632508,M,1,40,programmer
550,483,3,879416838,M,1,31,student
557,639,3,883316463,M,1,34,student
922,756,3,877793159,M,1,38,programmer
937,282,1,882635317,F,0,27,healthcare
551,796,5,880965276,M,1,50,executive
253,527,1,882862944,M,1,24,administrator
837,866,1,880824567,M,1,22,educator
933,934,3,880943553,M,1,38,entertainment
867,284,2,879948059,M,1,30,technician
795,127,2,879557947,M,1,36,administrator
847,518,3,875221447,M,1,50,technician
591,286,1,888151905,M,1,26,programmer
287,685,4,884138193,F,0,45,librarian
433,95,4,882584045,M,0,33,student
88,1161,4,884855715,M,1,29,artist
92,265,5,880873881,M,1,27,other
49,556,5,886463780,M,1,45,doctor
907,109,5,879484600,M,1,27,executive
128,651,4,883583357,M,1,39,scientist
526,587,3,891839741,M,1,51,lawyer
405,127,2,891967292,F,0,38,healthcare
882,459,3,879724331,M,1,43,student
60,127,4,879582197,M,1,51,programmer
655,179,1,891037468,F,0,38,educator
255,186,3,888361181,M,1,50,executive
874,22,4,890990397,F,0,26,healthcare
327,1193,1,892217432,M,1,39,engineer
577,680,4,884453586,F,0,50,other
454,546,5,879589894,M,1,34,educator
19,1175,5,892786905,M,1,28,artist
303,181,3,892047155,M,1,36,student
15,336,2,891466441,F,0,39,librarian
452,210,1,879873838,M,1,35,technician
741,644,5,877540460,M,1,32,technician
524,135,4,892017469,M,1,32,technician
514,13,3,879699948,M,1,46,educator
509,416,3,881331769,M,1,44,technician
49,79,1,879033823,M,1,50,technician
43,778,4,879840314,M,1,27,executive
151,91,4,891549648,F,0,36,other
654,303,3,892913994,M,1,36,artist
373,230,2,877654057,M,1,27,educator
391,226,1,883151591,M,1,38,educator
320,211,2,884287568,F,1,51,educator
268,10,5,883450282,M,1,28,programmer
181,1012,1,880077167,M,1,26,student
655,243,3,878069363,F,0,33,librarian
830,498,5,882449222,M,1,32,engineer
363,145,3,879494845,M,1,38,other
851,166,2,879877763,M,1,58,student
327,511,1,880130460,M,1,25,student
268,874,1,891613370,M,1,31,entertainment
151,36,4,879971834,F,1,26,administrator
883,737,5,886941864,M,1,30,administrator
617,1207,2,892204952,M,1,25,other
425,717,5,891673383,M,1,52,scientist
169,323,5,882599455,M,1,41,student
508,591,2,885169564,M,1,39,marketing
636,29,4,881190273,M,1,23,engineer
256,623,5,879385579,F,0,56,administrator
216,865,1,880950079,M,1,28,librarian
18,763,4,879785705,M,1,30,student
472,1110,5,879725094,M,1,26,executive
894,285,4,879329817,F,0,51,administrator
385,346,4,879655062,M,1,28,student
852,243,1,881212618,F,0,52,librarian
88,1256,2,886901717,F,0,27,artist
782,265,4,891510089,F,0,52,healthcare
7,684,1,876071613,M,1,38,student
85,696,2,875617376,M,1,30,marketing
327,453,5,877937828,M,1,53,entertainment
569,475,4,884124197,M,1,40,retired
796,693,2,882443355,F,0,24,student
688,407,5,883356495,M,1,28,programmer
920,277,4,879824042,M,1,39,artist
847,174,3,878430363,M,1,33,student
293,1054,4,878906615,M,1,27,administrator
7,619,5,880280160,M,1,28,programmer
919,264,3,879670243,M,1,28,executive
374,79,1,875304883,M,1,39,artist
18,216,5,879947083,M,1,28,student
203,731,5,889270373,M,1,27,engineer
430,1128,5,879595668,M,1,28,scientist
312,224,3,879746524,F,1,27,lawyer
249,74,2,889492228,M,1,26,lawyer
73,744,1,881460993,M,1,32,artist
421,751,1,879457603,M,1,38,artist
457,751,1,889026720,F,0,49,librarian
62,118,5,879908024,F,0,36,writer
178,1285,1,892454261,F,0,38,administrator
89,28,1,879274651,M,1,34,marketing
311,461,5,891830194,M,1,26,programmer
758,307,2,879908042,M,1,39,educator
180,82,1,884110950,M,1,23,student
774,1407,5,880609500,M,1,28,artist
834,286,1,888516287,F,0,36,writer
537,455,5,881874069,M,1,40,student
360,234,5,891987055,M,1,32,executive
693,585,5,879791918,M,1,28,executive
545,316,3,882368744,M,1,52,scientist
592,1052,5,879746910,M,1,39,educator
889,554,2,892495790,F,0,54,librarian
318,435,5,882420299,M,1,28,educator
693,294,5,880147816,M,1,36,retired
253,1166,4,888622284,F,1,32,doctor
158,141,4,880576681,F,0,35,healthcare
663,923,4,882379013,F,0,27,homemaker
828,215,3,879868586,F,0,35,healthcare
357,871,1,882535144,M,1,27,lawyer
130,68,2,882492218,M,1,31,student
130,515,1,875489504,M,1,39,technician
556,184,2,885221898,M,1,27,marketing
265,820,5,889000094,M,1,46,retired
782,127,5,885849564,F,0,27,educator
525,744,1,879680120,M,1,26,student
622,271,4,881536416,M,1,10,student
479,258,3,888068971,M,1,37,other
420,1011,1,882307747,M,1,28,engineer
197,603,3,879909349,M,1,24,technician
886,845,4,880437585,M,1,40,writer
151,1051,1,891696590,M,1,50,student
788,685,3,879591676,F,0,31,other
463,854,2,880198009,F,0,51,librarian
293,166,4,880533809,M,1,34,educator
914,947,3,891585980,M,1,35,programmer
559,21,3,882569384,F,0,53,librarian
831,1444,5,877827167,M,1,27,entertainment
49,229,3,890953700,F,0,38,administrator
374,1496,5,892099166,F,0,46,librarian
921,742,1,879620473,M,1,27,technician
751,869,4,880147481,F,0,45,artist
628,14,3,892053159,F,0,27,librarian
346,979,2,884495758,M,1,28,executive
151,338,5,879994474,M,1,23,librarian
114,288,3,882490771,M,1,40,student
234,228,5,880103619,M,1,27,educator
929,1607,5,892077205,M,1,29,marketing
731,229,2,882748101,M,1,45,librarian
54,4,5,885338511,M,1,31,educator
134,1545,1,892728251,M,1,31,lawyer
863,588,5,889017375,M,1,45,student
826,1045,4,885944942,M,1,39,educator
1,463,2,891363819,F,0,32,librarian
860,616,5,884812634,M,1,28,administrator
883,818,4,879579810,M,1,32,writer
144,432,3,886083140,M,1,27,engineer
783,265,5,881234770,M,1,11,executive
669,273,3,888677024,M,1,49,student
119,473,5,879773622,M,1,34,administrator
504,299,4,879904205,F,0,23,librarian
685,308,2,885214332,M,1,27,technician
717,936,5,892002696,F,0,12,librarian
650,685,3,884576679,F,0,51,other
617,508,3,884156968,F,0,52,librarian
315,468,3,877876530,M,1,35,writer
854,3,1,875561291,M,1,48,technician
408,996,3,892792944,M,1,28,artist
864,179,5,882216785,M,1,19,entertainment
253,1086,2,875757060,M,1,52,administrator
655,340,3,892342843,F,0,35,writer
655,559,1,891398810,F,0,38,librarian
836,450,1,882338382,M,1,30,technician
932,109,4,879874843,M,1,47,educator
399,179,4,880174098,M,1,27,student
336,684,5,888286768,M,1,27,scientist
407,232,4,875721952,M,1,50,other
290,332,4,886453870,M,1,28,educator
455,398,3,880861838,M,1,36,student
655,591,5,882521735,F,0,53,librarian
735,525,3,879759597,M,1,30,other
266,532,5,882697400,M,1,39,executive
165,1047,1,882258885,M,1,23,programmer
222,603,3,884323343,F,0,45,educator
504,321,4,884649255,F,0,53,educator
454,825,4,882259026,M,1,24,technician
528,779,2,882181970,M,1,30,educator
738,936,4,880269846,M,1,31,educator
796,179,3,880031571,F,0,50,educator
256,492,4,892140792,F,0,39,educator
345,134,4,886729592,F,0,35,writer
486,319,5,892048242,F,0,39,artist
613,1303,5,885067559,M,1,28,homemaker
43,1028,5,879371890,M,1,24,administrator
656,173,3,882709551,M,1,28,technician
643,1267,1,879626816,M,1,23,other
670,434,3,875035910,M,1,32,entertainment
936,147,5,879901733,F,0,39,administrator
327,286,3,889207921,M,1,30,administrator
4,556,4,880150223,M,1,27,homemaker
339,294,5,880345039,M,1,31,programmer
213,252,3,891253789,F,0,23,writer
57,203,2,883023869,M,1,35,student
225,690,4,883047000,M,1,33,educator
465,154,1,880073945,M,1,31,entertainment
94,410,3,879895538,M,1,31,other
897,96,5,888273845,F,0,39,librarian
418,313,4,879837035,F,0,35,other
655,508,4,892179497,F,0,50,librarian
405,318,4,881041069,F,0,52,healthcare
49,211,4,875454404,M,1,20,educator
118,655,3,882454293,M,1,50,librarian
465,1048,3,889203114,F,0,31,student
702,770,4,879828687,F,0,51,student
18,409,4,882747666,F,0,33,writer
615,251,2,883602451,M,1,30,other
635,588,1,879816935,M,1,27,technician
605,478,5,883035966,M,1,25,artist
625,415,3,877254641,M,1,35,student
637,294,2,879969648,M,1,36,administrator
671,216,3,878761073,M,1,24,educator
38,184,5,879982316,M,1,24,technician
796,96,2,891693533,M,1,27,scientist
758,596,3,892215464,M,1,26,administrator
928,307,3,879767842,M,1,27,executive
230,515,2,884696819,F,1,23,artist
269,15,3,889332116,F,0,51,healthcare
306,639,5,892758175,M,1,28,student
711,135,4,880155769,M,1,30,student
168,1449,5,888155345,M,1,23,educator
864,289,4,879878994,M,1,40,marketing
62,210,5,886064155,M,1,52,retired
848,1197,1,879578139,M,1,32,programmer
380,498,1,879350798,M,1,26,administrator
474,566,4,880148288,M,1,36,programmer
918,4,4,889465497,M,1,25,librarian
123,965,2,882545778,M,1,27,other
222,328,3,883026796,M,1,30,programmer
149,527,5,882660830,M,1,19,educator
234,189,1,882709939,M,1,31,student
276,202,4,879864393,M,1,49,engineer
181,1296,4,879568626,M,1,35,educator
374,1043,5,875206501,M,1,41,engineer
677,682,2,879958730,M,1,28,educator
344,196,3,891847296,F,0,52,educator
793,216,3,893193449,M,1,26,educator
389,100,4,880040588,M,1,42,technician
425,866,5,880832150,M,1,52,retired
707,845,5,892515563,M,1,45,student
201,763,4,884339753,F,0,30,none
655,972,2,891655246,F,0,27,healthcare
571,623,5,879056513,M,1,40,engineer
394,525,5,892550093,M,1,24,educator
2,215,4,886706087,F,0,35,administrator
496,380,4,875457215,F,0,19,administrator
204,744,4,892623629,M,1,33,educator
372,557,4,882764250,F,0,51,none
294,431,3,884724637,M,1,42,student
502,234,4,880559844,M,1,41,programmer
506,514,5,879613853,M,1,33,engineer
361,117,5,875515334,F,0,53,librarian
867,127,2,883464879,M,1,33,administrator
214,699,3,884683837,M,1,28,administrator
49,69,2,891321434,M,1,32,administrator
190,837,4,884520078,M,1,28,scientist
545,94,1,882053197,M,1,23,executive
88,526,5,879563145,M,1,27,entertainment
694,1141,1,875690384,M,1,30,technician
207,54,5,882650691,F,0,33,librarian
153,854,3,882408234,M,1,22,programmer
378,90,3,889111896,M,1,41,administrator
342,196,4,884074046,M,1,31,student
846,201,4,882828611,M,1,49,educator
729,28,5,891928139,M,1,19,salesman
2,527,3,882168870,M,1,26,educator
807,289,5,879709272,F,0,24,administrator
877,7,4,885898522,F,0,52,educator
463,660,3,881102671,M,0,45,student
323,156,5,889802341,M,1,35,artist
297,1451,4,882454477,M,1,28,technician
796,201,4,891516441,F,0,53,educator
389,44,3,877842507,F,0,35,librarian
650,24,2,883685904,F,0,22,artist
896,265,3,881349248,F,0,36,student
308,53,3,884669378,M,1,33,programmer
475,433,5,891497057,M,1,39,entertainment
653,179,2,891830130,M,0,44,educator
280,325,5,879852548,F,0,32,librarian
821,181,3,880450481,F,0,54,librarian
898,333,2,884241759,F,0,19,librarian
628,699,4,882612164,M,1,53,programmer
618,386,5,879934481,M,1,43,retired
343,288,4,876304363,F,0,32,writer
393,1435,4,880030683,M,1,26,executive
418,408,5,891690312,F,0,51,artist
727,627,5,879784861,M,1,28,educator
177,124,2,892908754,M,1,28,lawyer
627,7,2,882476469,M,1,30,administrator
661,558,3,882982279,M,1,27,student
437,748,5,888229079,F,0,32,administrator
245,276,4,879945793,M,1,18,scientist
653,229,1,882177506,M,1,21,programmer
400,196,4,891348828,F,0,25,student
842,23,5,881567474,M,1,25,programmer
294,263,5,882207238,M,1,28,scientist
374,497,5,892154794,F,0,52,librarian
305,639,5,882537960,M,1,25,student
395,188,1,877865844,M,1,24,student
819,597,5,880884258,M,1,50,executive
37,756,5,875544128,M,1,42,programmer
406,129,5,879961875,M,1,30,programmer
573,202,1,875425930,M,1,27,educator
122,515,3,880123436,F,0,51,librarian
195,276,5,888898262,M,1,23,educator
64,286,3,888871571,M,1,28,student
773,702,5,891373218,M,1,39,artist
298,226,1,880135409,M,1,27,educator
861,293,2,879758657,M,1,23,homemaker
412,765,3,879520865,F,0,51,writer
507,328,5,877830282,F,0,36,librarian
181,348,5,879660384,M,1,46,administrator
664,969,3,875637848,F,0,35,librarian
296,196,3,879568425,M,1,39,lawyer
2,346,4,892492003,M,1,33,educator
418,1104,3,882240105,M,1,32,programmer
483,491,3,882891876,M,0,27,educator
34,686,3,880559410,M,1,28,lawyer
256,121,4,882614028,M,1,26,administrator
406,269,4,879911880,M,1,50,student
386,487,1,875515075,M,1,32,librarian
818,843,2,882724432,M,1,31,lawyer
347,191,4,879735194,M,1,28,programmer
816,462,5,886354696,M,1,33,programmer
507,657,4,879599064,M,1,50,student
749,229,2,879612341,F,0,31,librarian
936,880,5,880419709,M,1,28,educator
786,406,4,882757520,F,0,51,none
276,226,5,882322003,M,1,32,administrator
849,800,1,884419975,M,1,28,educator
424,343,3,885202322,M,1,28,programmer
315,1286,5,882208208,M,1,35,educator
532,339,5,879200344,M,1,51,scientist
43,182,4,884174204,F,0,31,none
864,873,5,891808697,F,0,27,engineer
589,405,3,891582087,M,1,50,administrator
749,307,3,882917219,F,0,28,artist
73,186,4,882971733,M,1,45,programmer
86,455,3,880968265,M,1,23,lawyer
378,404,1,888598452,M,1,35,administrator
617,260,1,891978355,F,0,52,none
443,138,2,884388289,M,1,25,marketing
907,774,5,877513591,F,0,18,salesman
381,153,5,877253180,M,1,27,programmer
154,702,3,882787648,F,0,23,none
826,196,3,876223612,F,1,27,programmer
694,298,4,879370560,F,0,21,healthcare
588,568,2,891528413,F,0,51,librarian
900,25,3,892214215,M,1,28,educator
504,448,4,884374946,F,0,31,student
385,300,4,879728575,F,0,43,none
150,37,5,883337696,M,1,29,homemaker
138,1008,5,880360712,M,1,33,artist
464,436,5,883565806,M,1,28,programmer
94,231,4,879524646,M,1,28,engineer
141,573,1,888396529,M,1,52,student
161,591,2,879441901,M,1,28,doctor
770,28,1,883978170,M,1,37,artist
362,179,1,892130614,F,0,53,librarian
222,1028,4,882706428,M,1,30,engineer
301,596,3,891891671,M,1,58,writer
618,237,3,892281227,F,0,52,educator
340,323,5,879584410,M,1,39,doctor
896,173,3,875147536,F,0,24,none
556,1028,4,882769409,M,1,32,administrator
508,271,5,888629399,M,1,11,entertainment
593,710,3,891819594,M,1,23,writer
128,191,2,879732608,F,1,35,writer
313,168,5,883022008,M,1,34,programmer
787,286,3,880681527,M,1,35,programmer
378,82,3,880151214,M,1,38,student
455,313,5,886144513,F,0,24,librarian
147,127,3,879483752,F,0,39,librarian
669,748,5,880111428,M,1,31,artist
508,283,5,892094680,M,1,44,entertainment
71,748,5,883199292,M,1,28,administrator
242,202,5,881978590,M,1,39,student
498,414,5,875265784,F,0,39,educator
379,181,4,889074153,M,1,17,administrator
655,117,3,892179285,M,1,27,student
202,450,3,886677710,M,1,44,technician
627,455,1,888389497,F,1,50,administrator
613,1068,2,893107836,M,1,28,educator
290,1020,3,889208005,M,1,27,educator
690,749,5,875405544,F,0,40,librarian
691,1016,5,879643621,M,1,33,doctor
404,280,2,884515992,F,0,19,healthcare
325,183,5,880222964,M,1,33,educator
334,877,3,881134228,F,0,55,librarian
43,174,5,892880362,M,1,41,educator
360,237,3,879461701,M,1,27,retired
14,673,3,879274054,F,0,51,librarian
789,20,4,879971243,M,1,20,educator
933,485,4,882682081,M,1,32,technician
405,219,3,892635473,F,0,52,librarian
224,731,4,884555207,F,0,35,healthcare
628,778,3,883230945,M,1,24,educator
454,477,2,880582548,M,1,27,programmer
930,148,3,880410835,M,1,31,writer
463,517,3,882772095,M,1,38,lawyer
871,43,3,892798068,M,1,51,technician
914,726,2,880571550,M,1,32,retired
617,286,1,882558720,M,1,31,programmer
833,105,1,876998749,M,1,18,lawyer
206,1091,3,882512618,M,1,41,technician
806,117,4,875557447,M,1,32,scientist
417,100,5,882766152,M,1,28,engineer
551,179,3,881834405,M,1,32,scientist
222,636,3,882968829,M,1,28,marketing
485,120,4,882646328,M,1,45,other
130,515,3,876381150,M,1,35,writer
627,245,5,880406739,M,1,47,programmer
5,630,5,882438648,M,1,33,other
215,294,2,879890771,M,1,19,student
864,141,4,882660735,M,1,30,student
493,7,5,892471826,M,1,36,educator
655,111,3,878241981,F,0,51,educator
125,117,4,880572551,M,1,36,writer
324,161,5,879100817,M,1,23,writer
712,872,1,882104756,M,1,19,programmer
20,590,5,886347305,M,1,28,entertainment
450,172,3,881750378,F,0,52,librarian
932,1580,4,882838069,F,0,44,healthcare
456,869,3,891819327,M,0,31,other
551,154,4,884466614,M,1,39,educator
916,723,5,880013811,M,1,28,lawyer
94,127,5,879856674,M,1,26,retired
225,958,1,880184381,M,1,22,artist
682,86,2,888592669,M,1,27,educator
287,257,4,880049858,M,1,28,technician
633,127,4,883397942,M,1,33,educator
445,162,5,879386466,F,0,40,librarian
145,671,4,882716847,M,1,30,administrator
405,1602,4,891611713,F,0,51,educator
796,294,5,892181463,F,0,28,healthcare
715,916,5,880313637,M,1,29,homemaker
207,298,4,885798505,M,1,52,educator
262,475,3,880147878,M,1,47,engineer
68,494,1,880093353,M,1,27,educator
396,259,4,892351450,F,0,52,librarian
118,291,2,878022001,M,1,35,entertainment
116,99,5,880270104,M,1,30,other
188,56,3,879546703,M,1,27,student
889,318,5,891651667,F,0,50,librarian
708,493,3,890881291,F,0,33,writer
860,280,2,879778792,M,1,39,technician
586,428,2,881049506,M,0,36,other
406,340,5,891704299,F,1,35,administrator
321,176,4,892365923,F,0,31,administrator
303,1009,1,891185578,F,0,49,healthcare
538,88,5,879746835,M,1,26,educator
271,315,4,879242712,M,1,40,programmer
655,610,4,886656427,F,0,35,none
636,202,1,886800907,M,1,32,executive
832,841,2,882696279,F,0,30,retired
630,22,5,879809157,M,1,33,engineer
64,402,5,886562291,M,1,27,lawyer
860,206,3,882559307,M,1,25,student
720,294,3,886565225,F,0,13,librarian
443,1025,2,892716951,M,1,47,executive
773,763,4,891503323,F,0,23,healthcare
181,709,1,877106253,M,1,27,educator
504,441,3,886253210,F,0,35,librarian
168,932,4,879361468,F,0,50,administrator
349,126,5,886897555,M,1,27,lawyer
788,720,4,891792262,M,1,18,programmer
389,421,3,891374848,M,1,39,engineer
504,196,3,887029693,F,0,49,healthcare
40,404,4,880019678,M,1,49,administrator
878,990,5,880057303,M,0,44,other
405,416,1,884153176,F,0,35,other
886,588,5,886383135,M,1,27,programmer
128,475,3,882853651,F,0,52,librarian
588,514,4,878795543,M,1,53,educator
286,203,4,892317444,M,1,32,student
1,262,3,891726730,F,0,52,librarian
362,772,5,879652326,M,1,31,entertainment
708,7,4,892276585,F,0,58,librarian
582,291,2,880176981,M,1,35,programmer
379,603,1,880744207,M,1,19,technician
418,367,5,882204276,F,0,39,administrator
270,249,3,875414980,M,1,33,student
717,58,5,879484608,M,1,46,student
839,425,4,892153872,M,1,27,technician
656,286,4,875874660,M,1,24,administrator
551,433,2,878093666,M,1,45,none
839,132,3,891836751,M,1,32,student
731,281,4,888076623,M,1,25,student
862,184,3,892234406,F,0,39,none
765,1044,2,884494614,M,1,27,lawyer
13,219,5,891473953,M,1,30,other
626,981,3,892287418,M,1,18,salesman
846,154,5,879814541,M,1,29,artist
942,761,5,882896402,M,1,27,educator
308,385,5,879901432,M,1,51,marketing
324,210,1,883006759,M,1,24,artist
276,1335,4,890798710,F,0,32,healthcare
588,10,3,884267184,M,1,31,engineer
8,864,1,892014792,M,1,40,programmer
833,79,1,880485326,M,1,50,librarian
94,180,3,880319575,M,1,31,educator
151,639,3,879971734,M,1,36,educator
919,648,3,883265767,M,1,41,educator
788,127,5,877717359,M,1,24,scientist
262,73,4,879804141,M,1,31,educator
655,173,5,891914773,F,0,36,writer
854,288,2,877796128,M,1,36,educator
311,440,5,882378941,M,1,28,administrator
819,117,5,882644243,M,1,47,marketing
235,380,5,880066148,M,1,32,programmer
626,152,4,882571879,F,0,45,none
405,501,2,879601184,F,0,10,librarian
712,192,1,877307828,M,1,29,student
330,274,5,892308608,M,1,35,librarian
299,307,5,881236262,M,1,27,entertainment
864,934,1,883057688,M,1,26,entertainment
886,432,4,892682967,M,1,35,scientist
348,153,1,883300705,M,1,31,technician
234,230,3,880240357,F,1,21,administrator
56,846,3,877952394,M,1,28,programmer
255,174,4,888854337,F,0,35,librarian
339,603,5,884375110,M,1,27,technician
184,640,1,878726923,M,1,50,scientist
712,304,2,881044803,M,0,28,other
279,710,4,879668858,F,1,27,educator
123,46,4,879864402,M,1,27,retired
877,690,4,892267122,F,0,51,salesman
240,1424,4,876323642,M,1,25,homemaker
264,416,4,884247957,F,0,51,healthcare
617,751,3,881011812,F,0,51,librarian
361,268,5,891761637,M,1,24,scientist
420,461,3,877591251,M,1,30,artist
87,66,5,882357805,M,1,31,entertainment
823,163,3,889188962,M,1,30,other
427,404,1,892521032,M,1,26,technician
43,168,4,880413357,M,1,22,marketing
401,248,2,892421172,F,0,32,educator
158,109,3,886438975,F,0,53,librarian
234,222,5,882534758,M,1,31,programmer
888,353,3,880338667,F,0,19,librarian
265,898,2,880921436,M,1,34,artist
901,609,1,880511560,M,1,27,student
674,163,4,878220199,M,1,27,programmer
748,57,2,891964250,F,0,45,homemaker
604,1036,5,880276884,M,1,27,technician
459,526,1,891575943,M,1,26,entertainment
452,527,1,879752354,M,1,43,educator
75,405,3,881168171,M,1,36,programmer
849,113,4,884471066,F,0,52,healthcare
327,716,2,876134203,M,1,28,artist
616,286,5,886988054,M,1,34,educator
820,709,3,884347493,M,1,56,other
236,290,4,887194790,F,0,51,student
500,475,2,891677361,F,0,33,educator
589,795,4,879983950,M,0,29,artist
751,159,4,879694211,F,0,51,educator
523,1431,2,888809996,M,1,38,technician
687,230,4,878888205,M,1,49,administrator
505,272,5,882671020,M,1,34,engineer
887,774,4,879243399,F,0,43,librarian
222,186,3,881343692,M,1,26,student
479,405,4,891720228,F,0,33,writer
456,1335,3,877469765,M,1,35,student
639,414,2,884847353,F,0,35,writer
232,699,5,891336064,M,1,27,technician
588,408,5,879830693,F,0,40,educator
181,515,3,879452507,M,1,31,programmer
922,949,5,880695057,M,1,44,student
459,98,4,884994554,M,1,30,technician
233,649,5,891033627,M,1,35,educator
338,930,4,892302953,M,1,19,lawyer
181,726,3,886682290,M,1,60,programmer
488,5,3,889718891,M,1,23,executive
234,825,3,879464595,M,1,26,other
137,410,3,882345749,F,0,51,artist
291,222,5,882821599,F,0,58,programmer
799,113,5,882870112,M,1,28,executive
264,486,4,886232990,M,1,39,other
696,1008,1,885425008,M,1,52,educator
553,338,3,879514133,M,1,50,doctor
115,893,4,888806914,M,1,45,marketing
83,326,5,884132886,M,1,28,engineer
458,204,5,891313864,F,0,50,healthcare
615,327,3,893286223,M,1,35,programmer
851,427,5,880057670,M,1,40,engineer
331,391,1,877540658,M,1,27,marketing
716,42,4,879781911,M,0,22,scientist
790,183,5,879542356,M,1,27,retired
83,921,5,882608650,M,1,27,programmer
876,684,2,875102119,M,1,28,homemaker
339,185,4,888841920,M,1,19,executive
234,479,1,879944286,M,1,39,engineer
624,95,4,882154931,M,1,22,educator
308,1188,5,884691628,M,1,18,programmer
887,659,4,880830088,F,0,38,none
936,280,5,880305170,M,1,38,entertainment
359,685,3,891782082,F,0,22,other
902,172,4,892766193,M,1,52,administrator
66,866,5,876014880,M,1,28,technician
872,197,3,888844034,F,0,23,artist
654,533,5,879748780,M,1,25,artist
493,52,3,892091562,M,1,49,student
806,168,1,891278514,F,0,10,librarian
847,1378,5,881966835,M,1,19,marketing
503,538,2,879795627,F,0,50,librarian
529,568,1,875891482,M,1,26,writer
215,487,1,887712070,M,1,28,programmer
634,217,4,878685923,M,1,49,educator
487,455,5,892110997,F,0,24,librarian
314,702,3,884385219,M,1,27,student
386,1407,5,882969345,M,1,26,salesman
824,5,3,882731477,M,1,32,educator
287,181,3,891905547,F,0,52,healthcare
374,294,5,882509911,M,1,52,engineer
327,435,5,891729849,M,1,19,executive
42,270,5,879294820,M,1,34,artist
724,301,5,892044987,F,0,45,writer
516,89,5,884192690,F,0,38,artist
934,1234,1,892557600,M,1,28,technician
682,177,5,880096278,M,1,40,programmer
274,28,5,889179442,M,1,40,educator
145,527,3,886268926,M,1,32,other
878,272,2,879782574,F,0,54,librarian
555,179,4,892225266,F,0,51,educator
881,254,3,892327273,M,1,34,marketing
202,961,1,879836465,M,1,31,technician
719,561,2,880818075,M,1,28,educator
405,250,4,881313673,F,0,31,librarian
178,1124,1,891526662,M,1,19,librarian
457,1167,4,892897718,F,0,39,librarian
630,733,4,881006101,M,1,35,lawyer
730,322,3,883824065,M,1,53,artist
644,756,3,882564275,M,1,19,student
250,50,3,875491994,M,1,29,lawyer
11,956,5,888386274,M,1,51,administrator
275,530,5,892205203,M,1,28,programmer
151,121,3,878826798,F,1,28,writer
49,151,4,879771906,M,1,33,educator
751,937,3,892550424,F,0,51,healthcare
629,100,3,881947222,F,0,51,librarian
801,250,5,892129534,F,0,53,administrator
574,15,1,877471815,F,0,27,librarian
655,1118,3,884453320,F,0,36,librarian
912,923,4,875514961,M,1,39,educator
533,98,3,878214040,M,1,34,student
347,848,4,885687306,F,0,38,educator
462,692,3,891811905,M,1,31,lawyer
943,448,4,879426210,F,0,11,writer
798,152,3,891762077,F,0,27,none
671,234,4,881640857,F,0,35,librarian
866,735,5,880297950,M,0,27,artist
445,271,4,883141189,M,1,28,student
889,72,5,879457744,M,1,35,executive
848,286,3,880579773,M,1,36,marketing
845,1047,2,883283208,F,0,43,administrator
916,300,3,886691420,M,1,37,programmer
583,847,3,878089161,M,1,24,technician
782,175,3,881270830,F,0,39,other
503,665,5,879491552,F,0,31,administrator
705,485,5,883545265,M,1,21,engineer
38,194,5,879795513,F,1,32,homemaker
302,491,3,879306470,M,1,28,educator
17,689,4,882808417,F,0,29,homemaker
669,748,3,883231321,M,1,27,technician
738,462,1,891759692,M,1,32,educator
43,50,1,875116578,M,1,43,entertainment
168,100,3,883095961,M,1,43,artist
22,820,3,878832335,M,1,32,marketing
644,214,5,891938969,M,1,23,lawyer
92,72,1,878958215,M,1,31,entertainment
427,910,3,893046621,M,1,27,scientist
203,738,5,892416126,M,1,33,educator
769,1046,5,879599384,M,1,24,scientist
427,1469,2,883275560,M,1,27,entertainment
804,1045,1,884323123,M,1,23,engineer
514,193,1,889337886,M,1,39,engineer
892,286,5,880861013,M,1,27,other
885,1,4,883156093,M,1,28,librarian
724,1281,4,884414779,F,0,30,student
561,588,3,877408273,M,1,23,other
738,681,4,884134833,F,0,27,salesman
693,434,3,880246116,M,1,26,engineer
361,329,5,876511600,M,1,30,entertainment
158,475,4,883783834,F,0,43,administrator
181,951,5,879928960,M,1,39,artist
655,381,4,879393676,F,0,43,writer
406,692,5,879312746,M,1,34,engineer
374,1030,1,892868919,M,1,33,educator
634,515,2,880087316,M,1,35,artist
234,411,1,891321257,M,1,28,educator
878,807,4,878337437,M,1,51,librarian
797,252,3,881450335,M,1,51,other
37,1063,4,877486463,M,1,23,marketing
474,603,2,880914572,M,1,23,educator
269,150,4,891572206,F,0,38,student
796,508,4,891469350,F,0,27,none
500,289,5,877705354,M,1,37,scientist
708,288,5,881710363,M,1,27,student
678,127,4,892182292,F,0,52,writer
605,113,5,881748385,M,1,36,engineer
494,1053,4,884383012,M,1,31,salesman
496,448,4,879891287,M,1,31,educator
807,239,4,879399993,F,0,19,healthcare
336,240,5,891270156,F,0,39,administrator
452,164,1,891299598,M,1,43,student
884,253,4,882592903,M,1,24,student
400,440,5,875803097,M,1,38,technician
435,1,4,883555826,M,1,35,educator
299,1540,3,879653699,M,1,27,student
515,489,4,880098606,F,0,40,artist
418,127,4,886351186,M,1,45,writer
290,56,2,877838838,M,1,24,educator
158,781,4,892532164,F,0,45,educator
862,475,4,884301886,M,1,49,educator
310,166,5,882462852,M,1,28,executive
49,120,3,880197549,F,0,32,librarian
450,720,3,881115206,F,0,39,librarian
298,549,3,875760246,M,1,31,programmer
280,259,3,880393805,F,0,35,writer
264,1,2,891202601,M,1,39,executive
24,333,4,879680739,M,1,27,technician
360,28,5,885168644,M,1,32,student
72,762,2,882533820,F,0,33,librarian
895,531,1,892052500,M,1,28,entertainment
540,150,3,882754809,M,0,40,librarian
758,693,2,883295470,M,1,45,programmer
567,69,1,892200288,F,0,52,artist
757,712,2,878228888,M,1,19,educator
346,896,4,880507995,M,1,33,technician
195,211,4,879458704,M,1,19,student
13,975,1,891600746,M,1,23,librarian
676,655,3,879903004,M,1,39,educator
445,277,3,889500382,M,1,44,other
921,150,1,879127339,M,1,50,retired
843,546,3,882438057,M,1,39,doctor
655,1010,2,891836741,F,0,52,educator
495,206,2,889409356,M,1,33,technician
827,1173,3,879906553,M,1,32,educator
70,321,4,879959635,M,1,53,administrator
778,288,3,892429013,M,1,54,educator
1,179,4,879429787,M,1,40,programmer
473,986,2,892462095,M,1,19,student
716,679,1,880747924,F,0,55,educator
622,22,3,880010703,M,1,49,other
508,163,5,882757057,M,1,28,lawyer
615,15,3,891278135,M,1,23,student
276,1185,1,880102915,M,1,23,entertainment
405,380,3,891539386,F,0,51,librarian
181,322,5,880188288,M,1,54,artist
503,15,4,883787373,F,0,49,librarian
43,474,5,882353463,M,1,40,programmer
818,289,5,886595133,M,0,22,executive
144,297,1,882201075,M,1,27,programmer
313,443,3,879971612,M,1,36,educator
437,53,2,879793753,F,0,26,artist
312,181,3,879934684,F,0,36,librarian
450,151,4,883282387,M,0,26,writer
655,118,2,891695464,F,0,51,healthcare
805,1148,4,880409226,F,0,28,writer
940,1210,5,879267709,M,1,35,lawyer
454,286,3,879731182,M,1,27,programmer
640,229,4,879087000,M,1,24,educator
336,322,3,879871722,M,1,35,technician
604,197,4,875343033,M,1,44,student
23,131,5,884329053,F,0,50,educator
503,1610,5,886402351,F,0,50,writer
9,381,2,892279688,F,0,24,artist
354,340,3,892455266,F,0,50,writer
582,1299,5,884232171,M,1,38,executive
418,1,2,881701639,M,1,35,educator
661,516,5,883785623,M,1,28,programmer
87,34,2,892100501,F,1,20,educator
465,763,3,890964347,M,1,27,retired
293,191,4,877454081,M,1,26,administrator
479,877,1,879678257,F,0,9,educator
63,678,5,886012306,F,0,52,librarian
452,567,4,882347975,M,1,39,scientist
26,317,3,891765435,M,1,51,programmer
436,418,3,881824256,M,1,52,retired
410,1299,4,883261691,M,1,27,educator
723,737,4,879864509,F,0,51,healthcare
194,124,4,892389047,F,0,52,administrator
95,742,1,879894470,F,0,31,librarian
886,685,2,882619533,M,1,31,other
899,222,1,879337189,M,1,36,executive
82,224,5,882937019,M,1,27,programmer
269,823,4,887002867,M,1,31,technician
796,454,2,892204001,F,0,52,librarian
125,429,5,875457509,F,0,33,librarian
123,191,3,877846024,F,0,43,librarian
49,100,2,879683420,M,1,33,other
583,928,3,892193761,F,0,51,educator
59,531,1,886225822,M,1,27,engineer
899,121,1,875456809,F,0,50,librarian
21,339,5,888055054,M,1,27,scientist
177,98,5,874883697,M,1,50,programmer
823,245,3,882083434,M,1,33,student
373,168,3,892134189,M,1,25,marketing
503,650,4,884219906,F,0,53,healthcare
918,53,4,880016308,M,1,38,executive
90,528,3,892466442,M,1,32,student
636,333,5,891736129,M,1,23,entertainment
762,346,5,883049374,M,1,40,student
483,153,2,875950286,M,1,27,programmer
181,330,1,879208201,M,1,27,programmer
589,1586,3,883079091,M,1,51,technician
194,1148,3,882467607,M,1,31,other
332,53,5,880153327,M,1,35,lawyer
227,29,3,883179518,M,1,27,programmer
291,470,5,878173908,M,1,31,writer
839,603,5,882809524,M,1,33,technician
754,1566,4,892448874,M,1,31,salesman
320,176,5,892497078,M,1,27,student
561,1115,2,882555953,M,1,35,educator
232,705,5,890224314,M,1,30,lawyer
614,131,5,879661726,F,0,35,educator
7,69,4,891821155,M,1,23,educator
184,515,2,891303567,F,0,32,technician
774,1230,3,892397800,M,1,28,homemaker
144,248,3,882407263,M,1,20,doctor
90,684,5,892584048,M,1,44,executive
479,847,2,879473183,F,1,31,administrator
342,125,1,879505448,F,0,32,educator
620,25,4,882551539,M,1,35,student
277,9,5,883449021,M,1,19,writer
30,423,2,882623346,F,0,52,student
894,746,4,887587135,M,1,26,student
354,233,1,891571820,F,0,32,educator
128,172,4,879502378,M,1,31,student
118,324,1,884202080,M,1,35,programmer
269,4,4,884306636,M,1,18,administrator
212,405,2,882439188,M,1,28,educator
558,233,2,879592490,F,0,36,educator
655,357,3,892287486,F,0,50,healthcare
346,708,3,891466520,M,1,31,executive
798,631,4,879822945,M,1,49,educator
729,313,1,879765708,F,0,50,healthcare
694,210,5,880153967,M,1,28,retired
610,238,3,885331148,M,1,28,educator
436,1043,4,891510627,M,1,31,educator
129,1456,1,882367606,M,1,31,programmer
543,185,5,882613854,M,1,30,programmer
756,265,3,891982097,F,0,52,writer
902,694,3,891035655,F,0,48,student
349,546,3,892311426,M,1,39,administrator
405,274,4,891735359,F,0,27,librarian
437,302,4,884287558,M,1,53,programmer
91,866,1,886369680,M,1,44,programmer
60,1068,4,880151198,M,1,24,technician
868,86,4,891940329,M,1,31,technician
18,1,2,887258442,M,1,33,student
796,659,3,892152574,F,0,55,student
179,47,5,881730710,M,1,29,programmer
292,476,3,891914599,M,1,23,student
205,271,5,881847189,M,1,33,engineer
849,475,2,887109774,M,1,28,educator
523,1428,2,891337012,F,0,51,librarian
561,28,4,893033286,M,1,35,programmer
439,1299,5,880820413,M,1,42,engineer
847,436,5,891285344,M,1,24,executive
20,1265,2,880144004,M,1,31,salesman
207,751,5,879959938,M,1,39,educator
639,701,4,881278861,F,0,31,healthcare
87,276,4,879607768,M,1,48,student
234,5,2,880791350,M,1,30,marketing
887,568,4,892096000,F,0,53,educator
235,1128,5,879609135,M,1,26,scientist
927,185,5,892445160,M,1,40,student
457,380,1,891490365,F,0,19,writer
488,948,1,879739842,M,1,24,programmer
199,174,3,882972320,M,1,32,technician
207,178,5,891248281,M,1,24,technician
911,457,2,879731194,M,1,27,educator
932,7,3,882455613,M,1,22,other
588,678,1,891901368,F,0,50,writer
397,316,5,891863886,M,1,31,technician
722,252,3,884832775,M,1,47,lawyer
712,1256,3,891666547,F,0,52,librarian
522,272,5,883430025,M,1,45,scientist
95,217,5,883157771,M,1,30,educator
898,328,1,876938441,F,0,36,healthcare
142,95,5,892564514,M,1,31,educator
401,959,3,883040053,F,0,52,artist
519,518,3,891794770,M,1,42,retired
331,209,3,880464088,M,1,46,programmer
399,622,2,879625735,M,1,27,educator
308,708,4,882759878,M,1,33,educator
828,210,5,879620471,M,1,27,programmer
887,294,3,891381903,F,1,27,other
318,100,4,879507096,M,1,50,technician
519,951,1,891852738,M,1,28,engineer
577,72,4,892179608,M,1,30,educator
416,216,4,880023668,F,0,52,healthcare
805,1020,5,877845623,M,1,27,entertainment
579,515,3,890088663,M,1,29,salesman
121,671,5,891386423,F,0,48,none
95,127,5,882757732,F,0,31,educator
528,168,4,882787276,M,1,33,technician
255,1029,5,892480369,M,1,34,doctor
8,651,5,892229205,M,1,27,educator
617,312,1,886723088,M,1,27,programmer
102,488,2,891826482,M,1,24,student
130,417,5,882678349,M,1,43,engineer
655,328,4,879725099,F,0,35,educator
427,234,3,879472864,M,1,24,lawyer
405,283,3,884237331,F,0,32,librarian
72,642,5,891274635,M,1,26,retired
432,22,5,884536873,M,1,44,executive
854,634,4,879740805,M,1,23,technician
550,144,2,880232061,F,0,32,artist
868,1447,3,879275191,M,1,46,other
181,566,5,879881128,M,1,33,educator
405,43,4,892771815,F,0,32,writer
712,1533,3,879274281,M,1,49,retired
512,26,4,882747026,M,1,35,programmer
265,190,5,880727355,M,1,44,lawyer
271,952,5,882451229,M,1,27,technician
788,373,2,881482772,M,1,18,entertainment
798,179,5,879765832,M,1,24,student
134,42,4,875686829,M,1,36,technician
170,928,5,882533600,F,0,43,other
359,433,4,888753005,M,1,39,engineer
671,433,2,878510299,M,1,24,administrator
417,86,4,879978844,F,0,32,librarian
174,523,3,883156303,M,0,53,student
313,1014,1,888067295,M,1,35,librarian
751,348,5,891851091,F,0,51,librarian
541,475,5,892337293,M,1,57,technician
151,1544,1,879400340,F,0,50,healthcare
868,742,4,879951268,F,0,44,librarian
643,135,4,882943977,M,1,27,educator
474,1119,3,891877238,M,1,24,lawyer
807,300,4,879701921,F,0,36,librarian
848,186,4,880172990,F,0,28,artist
190,255,3,875977758,M,1,25,educator
774,392,3,879657066,F,0,53,librarian
842,877,5,886417556,M,1,24,salesman
118,291,5,881105471,F,0,39,homemaker
437,262,4,882651892,M,1,36,student
38,726,2,883385759,M,1,32,educator
837,169,5,892562307,F,0,40,librarian
7,4,5,892026358,F,0,51,other
267,174,3,880236650,M,1,35,engineer
12,32,4,878319885,M,1,39,student
127,501,5,880382036,M,1,33,technician
393,98,3,878222707,M,1,32,student
316,116,3,883247323,M,1,27,student
751,332,5,880172174,M,1,33,engineer
857,281,1,892112872,M,1,32,scientist
334,480,1,875278504,M,1,27,student
559,986,4,879299576,M,1,33,educator
262,410,4,882719163,M,1,31,entertainment
524,423,4,882430941,M,1,23,administrator
849,188,4,884364193,M,1,50,technician
833,923,5,877250251,M,1,22,administrator
533,326,1,884554401,M,1,28,student
796,303,4,884406355,M,1,38,engineer
516,1299,3,882703201,M,1,18,other
417,181,3,892206021,F,0,46,librarian
749,609,5,879992935,M,0,20,student
747,181,4,878956686,M,1,33,student
405,392,3,879901444,F,0,10,healthcare
524,211,4,876327137,M,1,58,educator
135,1034,3,889023987,M,1,50,lawyer
691,22,5,879637906,M,1,23,executive
198,690,4,886128877,F,0,27,educator
741,1148,4,891409874,F,0,51,librarian
708,302,5,880164336,F,0,31,librarian
589,121,4,884347750,M,1,27,administrator
181,514,3,880341300,M,1,51,student
488,319,4,879169385,M,1,38,educator
805,602,2,881239182,M,1,51,educator
690,303,5,891847625,M,1,45,technician
464,59,4,875336544,M,1,55,engineer
786,1047,5,891241675,F,0,51,healthcare
128,340,4,880576547,F,0,51,librarian
405,333,2,877539162,F,0,32,librarian
386,934,5,882894410,M,1,39,none
943,1207,4,880200794,F,0,23,librarian
7,100,3,886102370,F,0,50,administrator
655,988,3,891868290,F,0,43,educator
18,243,1,892084387,F,0,24,administrator
281,1605,5,880558220,M,1,49,programmer
758,944,3,875565094,M,1,26,retired
405,1090,3,880113728,F,0,44,librarian
24,117,4,879582873,M,1,40,engineer
112,261,3,892593866,M,1,31,student
362,294,1,880770610,M,1,35,engineer
424,125,5,880378749,M,1,19,artist
195,511,4,875491543,M,1,52,other
405,433,5,891525677,F,0,38,healthcare
234,70,3,879893311,M,1,32,educator
727,748,4,892001430,F,0,38,librarian
299,1088,5,892206885,M,1,35,entertainment
696,402,3,879937976,M,1,27,other
148,451,3,880378097,M,1,27,student
639,143,4,883928867,M,1,40,student
234,176,4,879395362,F,0,22,administrator
655,147,5,879734454,F,0,51,librarian
610,180,5,882124800,M,1,25,administrator
661,176,2,880041490,M,1,33,educator
727,288,5,880414771,M,1,28,educator
894,258,4,888755833,M,1,27,student
887,300,4,877790989,F,1,40,writer
680,1083,5,879436234,M,1,33,scientist
361,463,3,884233148,M,1,49,entertainment
834,582,4,875362806,M,0,26,salesman
380,187,5,892084028,M,1,43,student
490,155,3,882703659,M,1,43,student
329,88,5,879502850,M,1,27,administrator
930,269,4,875553700,M,1,32,educator
90,1220,5,882568477,M,1,26,other
804,230,5,883378490,M,1,32,administrator
901,197,5,881095540,F,0,20,writer
13,187,3,879556635,M,1,50,lawyer
871,866,5,892708938,M,1,34,technician
934,371,3,882260693,M,1,26,technician
907,12,3,876219261,M,1,27,executive
269,274,4,891714088,F,0,59,librarian
92,1048,2,879987799,M,1,30,educator
20,238,1,892133362,F,0,31,librarian
716,1354,5,882334298,M,1,32,technician
830,866,3,882553664,M,1,24,educator
894,1143,2,892081153,M,1,40,other
418,139,2,889368731,M,1,51,educator
195,292,4,891733275,M,1,36,programmer
103,333,2,882777676,M,1,35,doctor
60,416,4,880126751,M,1,24,administrator
451,85,1,882692864,M,1,28,marketing
78,117,1,875367202,M,1,43,educator
749,183,1,875146355,M,1,35,programmer
639,136,5,882695104,M,1,27,executive
216,474,2,879700394,M,1,33,programmer
902,792,2,882807254,M,1,31,lawyer
643,47,4,879207108,M,1,25,educator
889,403,5,880329921,M,1,42,lawyer
89,65,4,880606750,M,0,47,educator
435,1048,3,877380653,M,1,30,educator
338,203,3,886773418,M,1,23,none
186,479,5,885716819,M,1,50,executive
198,937,4,879378362,F,0,50,healthcare
437,246,4,892044698,M,1,22,educator
940,208,2,880613931,F,0,39,salesman
655,111,2,884617263,F,0,46,administrator
588,378,3,880608888,M,1,31,educator
665,1072,3,891832966,M,1,26,scientist
256,780,2,879968178,F,0,54,librarian
504,1289,5,891639849,M,1,30,executive
524,1166,3,892008646,M,1,28,programmer
245,864,4,876191843,M,1,33,executive
764,537,4,892030804,F,0,53,administrator
607,237,4,884513127,F,0,32,healthcare
128,748,1,880020410,M,1,26,student
57,357,4,881673908,F,0,39,none
867,121,2,889422748,F,0,31,librarian
330,92,4,891694126,F,0,29,administrator
515,519,3,892157348,F,0,31,healthcare
941,668,4,890087477,M,1,28,scientist
923,191,3,875310131,M,1,18,programmer
145,105,3,880664400,F,0,27,writer
722,496,5,883292564,M,1,28,artist
276,58,5,882923213,M,1,27,student
292,192,2,891717880,M,1,33,artist
198,117,4,881369012,F,0,51,healthcare
399,121,4,879903713,F,0,51,librarian
128,208,4,884072259,F,0,53,librarian
405,595,2,891981002,F,0,43,salesman
579,619,3,879574929,M,1,26,other
892,289,5,889060506,M,1,28,entertainment
31,211,2,882278199,M,1,24,entertainment
374,1215,3,882311854,F,0,50,healthcare
796,385,4,875682667,M,1,27,student
23,508,4,875952391,M,1,32,programmer
330,522,4,886249344,F,0,40,librarian
796,568,2,879225062,F,0,47,librarian
141,1301,3,875934852,M,1,27,lawyer
255,553,5,875401587,M,1,36,engineer
295,318,1,891759049,F,0,27,educator
206,547,5,883198978,F,0,48,other
724,333,5,892298384,F,0,31,administrator
727,125,5,885294241,M,1,24,engineer
708,449,3,875628212,M,1,39,other
541,471,5,891371739,M,1,27,scientist
784,591,4,879906526,M,1,29,educator
901,558,3,875733854,M,1,39,healthcare
85,79,4,875499231,M,1,31,scientist
128,271,4,880645716,M,1,39,student
202,302,1,877473104,M,1,28,healthcare
276,89,1,882823826,M,1,52,programmer
459,51,2,879921970,M,1,31,educator
40,511,5,875587372,M,1,32,entertainment
655,255,3,891753878,F,0,54,healthcare
455,1407,2,878463969,M,1,36,educator
299,622,5,879853787,M,1,27,educator
285,28,4,884684982,M,1,38,student
708,327,4,891590272,F,0,32,librarian
823,346,4,891371231,M,1,17,student
896,22,4,881396359,M,1,35,executive
263,47,3,882841602,M,1,39,student
509,1602,5,880874004,M,1,26,educator
442,909,4,889064815,M,1,30,lawyer
416,660,5,879880580,M,1,27,programmer
270,176,5,889072640,M,1,27,executive
758,988,3,879922797,F,0,56,educator
299,284,1,882450710,M,1,22,student
72,439,2,891624291,F,1,27,artist
324,459,4,878068633,M,1,43,executive
821,1074,1,878020211,M,1,51,technician
457,150,2,884669231,F,0,36,librarian
880,199,2,879984261,F,0,24,educator
128,299,5,880254526,F,0,27,salesman
165,210,1,877240542,M,1,44,technician
332,679,3,892229145,F,0,30,librarian
880,676,5,880386646,M,1,58,engineer
197,674,1,879989355,M,1,35,artist
561,179,2,883790346,M,1,33,educator
824,1117,4,881969571,M,1,60,technician
607,89,2,881213579,F,0,52,librarian
279,436,4,880899859,M,1,25,executive
189,186,3,885931553,M,1,30,student
769,13,3,880494484,M,1,51,educator
781,1607,4,875953162,F,0,51,healthcare
177,558,4,888426102,M,1,45,programmer
328,295,3,880368579,M,1,29,programmer
713,1610,4,876706401,M,1,23,engineer
249,356,5,892779341,M,1,27,entertainment
886,40,4,888881627,M,1,28,doctor
666,143,4,880988992,M,1,35,educator
308,871,4,880083429,M,1,26,scientist
450,633,3,892497996,F,0,10,administrator
343,472,3,879659148,M,1,29,scientist
655,60,3,879645520,F,0,35,writer
901,102,4,879976152,M,1,10,retired
181,475,4,880004551,M,1,23,scientist
655,257,5,888712591,F,0,27,salesman
385,269,4,879949770,F,0,32,educator
548,172,5,879898253,M,1,28,educator
116,289,4,888526587,M,1,51,scientist
724,105,1,879397284,M,1,19,administrator
207,88,4,891551129,F,0,35,librarian
92,894,5,892530404,M,1,29,administrator
276,302,1,891848283,M,1,23,technician
399,50,4,882555652,M,1,40,scientist
587,514,5,889040925,M,1,36,engineer
233,340,5,879603494,M,1,26,scientist
583,739,5,882773763,M,1,34,programmer
144,498,2,884490175,F,0,30,none
553,774,4,882548140,F,0,48,educator
348,89,5,882609783,M,1,30,entertainment
209,1153,5,893282726,M,1,35,scientist
559,515,3,887531729,M,1,51,educator
597,663,2,884390365,M,1,27,artist
568,381,5,882843680,M,1,30,student
254,845,3,879386166,M,1,52,artist
891,432,4,880422823,M,1,24,retired
62,815,3,878628925,F,0,54,healthcare
640,288,5,882440687,M,1,34,engineer
927,1245,4,879908431,M,1,27,student
342,1181,3,882931139,F,0,45,educator
487,483,4,884328315,M,1,38,administrator
357,685,1,891453171,M,1,26,technician
588,950,5,877594982,M,1,35,educator
490,1059,5,888968237,M,1,51,programmer
456,269,4,882739616,M,1,30,student
897,726,5,881628255,M,1,27,engineer
713,127,5,880022713,M,1,36,administrator
239,143,5,880417981,M,1,28,programmer
889,129,4,879226345,F,0,24,writer
602,127,3,883198036,M,1,30,artist
655,409,4,879820851,F,0,38,student
339,411,1,888074656,M,1,32,student
787,1276,2,883030711,M,1,28,artist
795,1028,5,879596348,M,1,28,engineer
607,295,3,875634970,M,1,52,educator
7,237,4,892083960,M,1,41,educator
474,194,3,875612109,M,1,44,administrator
303,349,5,876092191,M,1,27,administrator
707,385,5,875487055,M,1,23,executive
627,1028,5,879553412,M,1,33,programmer
417,584,2,879504010,F,0,33,writer
286,237,4,880249383,M,1,40,student
457,300,4,892419644,M,0,53,writer
18,354,5,878044616,M,1,22,technician
690,433,2,879381433,M,1,21,educator
745,197,4,878363695,F,0,45,salesman
567,877,1,886331839,M,1,23,entertainment
553,1563,5,881567436,M,1,32,entertainment
620,995,4,879933713,M,1,24,educator
618,531,1,884483717,M,1,30,student
943,742,5,875416344,M,1,52,doctor
159,921,5,883079837,M,1,33,programmer
14,402,4,892747033,M,1,34,scientist
145,58,1,881130382,M,1,42,student
722,24,3,891894531,F,0,31,educator
258,118,5,879708762,M,1,22,programmer
361,566,3,891807381,M,1,38,student
504,1054,2,886249687,M,1,23,educator
428,515,3,892478402,M,1,24,programmer
700,1015,1,886307958,M,1,35,executive
942,237,3,881677970,F,0,52,librarian
445,286,5,892009869,M,1,32,entertainment
546,154,3,892529040,M,1,37,artist
573,450,3,883729197,M,1,22,other
561,273,2,888429901,M,0,52,student
110,1626,5,879740595,M,1,27,marketing
406,255,4,888748558,M,1,11,writer
733,250,1,884562574,M,1,35,other
504,492,4,889123740,M,1,31,administrator
337,1306,4,892558069,M,1,33,programmer
21,234,4,882451572,F,0,52,salesman
758,154,4,892707216,M,1,31,educator
85,68,2,876253962,M,1,60,educator
144,172,2,891552767,F,0,45,writer
193,250,5,892226061,F,1,50,none
332,144,3,880213098,M,1,33,engineer
232,215,5,891485197,M,1,32,retired
286,739,2,880284056,M,1,27,educator
767,230,5,882860858,M,1,28,engineer
270,1214,4,884448375,M,1,32,technician
577,550,4,892301318,F,0,51,librarian
178,463,1,891417182,M,1,35,technician
682,304,1,875509048,M,1,34,other
455,1,2,891952528,M,1,31,entertainment
104,31,3,889598432,M,1,33,technician
354,215,1,874669020,M,1,50,technician
128,58,1,882487784,F,0,51,librarian
450,1299,1,881300166,F,0,39,librarian
839,237,3,883861995,F,0,35,marketing
29,595,4,882836572,M,1,53,educator
655,47,5,884356324,M,1,39,doctor
336,200,4,892553558,M,1,28,student
686,745,1,885064147,F,0,32,technician
302,795,5,892625010,M,1,27,student
416,475,5,883398587,F,0,39,librarian
239,765,1,878570025,M,1,31,administrator
697,1218,5,880554162,M,1,26,programmer
303,836,5,882273081,M,1,27,technician
716,313,4,891548828,M,1,22,administrator
573,186,3,891647524,M,1,38,educator
234,125,5,883019803,M,1,33,student
708,756,4,892314694,F,0,52,writer
145,294,2,882713210,M,1,20,student
184,357,2,884444453,F,0,19,scientist
787,122,1,884901062,M,1,45,lawyer
208,469,5,882363878,M,1,27,educator
616,152,4,878801620,M,1,22,executive
165,1610,1,892646527,M,1,24,technician
878,1676,3,892275659,F,0,24,healthcare
99,289,5,886126813,M,0,39,writer
230,294,5,881937679,M,1,19,retired
339,684,5,880053022,M,1,44,educator
428,418,5,882774446,M,1,38,student
64,190,4,882611678,M,1,31,student
5,326,5,884131708,F,0,28,librarian
659,657,4,882655167,M,1,27,technician
671,235,4,891499162,F,0,56,other
801,10,4,883340389,M,1,27,educator
129,618,4,879839671,M,1,31,artist
280,143,1,880160743,M,1,32,student
878,692,5,879445097,M,1,36,executive
429,898,4,877231451,M,1,42,programmer
346,1511,2,889296068,M,1,43,programmer
181,158,1,880228788,M,1,52,scientist
405,165,4,879802842,F,0,19,librarian
886,408,5,880170677,M,1,39,programmer
738,312,5,882708597,M,1,27,technician
681,182,4,882216483,M,1,32,none
643,501,1,891919443,M,1,39,entertainment
430,67,1,891252681,M,1,28,entertainment
497,1586,5,882844859,M,1,27,engineer
591,482,3,875857653,M,1,30,engineer
747,585,1,879865054,M,1,38,entertainment
346,790,4,880679827,M,1,43,educator
334,582,4,878467494,M,1,43,student
308,780,2,888324235,M,1,23,doctor
11,313,4,881271915,F,0,35,administrator
786,125,4,879971501,F,0,27,writer
647,476,4,882828405,M,1,23,educator
905,285,1,880539314,M,1,26,programmer
215,275,4,886207435,M,1,44,technician
7,827,3,879501028,M,1,50,lawyer
253,845,5,881249250,M,1,36,technician
655,443,5,891805841,F,0,40,librarian
277,696,4,880212158,M,1,32,student
385,436,4,888894390,F,0,50,healthcare
822,330,3,876145326,M,1,45,other
796,178,1,875345019,F,0,39,healthcare
430,866,5,875778514,M,1,29,programmer
389,550,2,884421173,M,1,18,administrator
3,393,3,891088635,M,1,30,student
883,252,5,882499880,M,1,26,artist
364,93,3,892385764,F,0,51,librarian
627,577,2,880367137,M,1,33,administrator
519,988,5,884003983,F,0,51,educator
92,517,4,891680480,M,1,50,administrator
885,778,1,884217916,M,1,23,student
680,762,4,892123728,F,0,32,educator
298,566,3,879920141,M,1,28,student
617,742,4,882690391,F,0,53,librarian
418,419,2,886911397,M,1,27,engineer
892,343,3,892318099,M,1,18,educator
559,289,5,879834723,M,1,31,engineer
916,655,2,892057082,F,0,31,administrator
405,518,3,878853030,F,0,36,other
878,255,4,892063445,F,1,32,writer
405,231,4,882173157,F,0,52,librarian
59,195,4,877918175,M,1,39,artist
545,601,4,879413647,M,1,30,scientist
42,79,5,890668329,F,0,50,librarian
151,179,2,891838465,F,0,19,educator
109,319,5,882754687,M,1,65,technician
894,31,1,891401097,M,1,46,educator
747,826,4,878921243,M,1,53,doctor
222,634,3,891786400,M,1,24,engineer
933,707,3,884174885,M,1,28,educator
932,411,4,891465862,F,0,35,educator
805,223,5,891564020,F,0,39,librarian
224,948,1,881030759,M,1,39,programmer
640,168,3,883020606,F,0,30,other
77,14,3,884452240,M,1,32,educator
474,402,3,875380921,M,1,22,engineer
402,164,2,882571298,M,1,39,engineer
457,1014,1,880510065,M,1,39,student
472,116,2,882972041,M,1,32,educator
183,64,5,886314278,F,0,51,entertainment
62,680,5,880628413,M,1,27,technician
308,127,2,877812314,M,1,52,educator
177,687,4,882009894,F,0,52,writer
203,51,2,892747194,M,1,33,lawyer
503,781,1,892228597,F,0,32,librarian
307,13,2,892900050,M,1,27,educator
326,87,5,889793672,M,1,27,scientist
659,50,5,891268625,F,0,31,writer
301,487,5,880147094,M,1,25,programmer
863,276,5,882486928,M,1,28,engineer
266,209,3,883223097,M,1,33,programmer
914,909,4,880115179,F,1,40,homemaker
624,229,3,880798210,M,1,27,programmer
861,1560,3,875502611,M,1,29,none
405,531,3,881081061,F,0,54,librarian
887,269,3,891910960,F,0,52,educator
679,222,5,880309433,M,1,51,other
298,507,1,875138684,M,1,43,educator
321,340,3,875338393,F,0,49,artist
789,1028,1,879730326,M,1,28,educator
7,381,4,891248203,F,0,35,other
930,62,3,880534735,M,1,31,executive
60,222,4,892541238,M,1,30,student
616,65,3,892054081,M,1,35,programmer
867,623,4,875638336,M,1,43,entertainment
256,384,4,891981550,F,0,36,librarian
90,1217,5,880233932,M,1,46,executive
907,248,5,879576328,M,1,23,lawyer
786,259,1,879775253,F,0,39,artist
28,654,5,876849378,M,1,28,engineer
142,715,3,892311440,F,0,32,librarian
864,129,5,882225018,M,1,28,programmer
307,198,4,882638481,M,1,52,other
54,999,5,892878784,M,1,27,salesman
495,127,5,891190175,M,1,32,programmer
354,127,3,892122055,M,1,39,entertainment
790,294,4,879183123,M,1,20,technician
1,299,3,879844136,M,1,24,programmer
573,743,5,891666243,M,0,27,artist
505,1465,3,876125639,M,1,43,scientist
125,84,1,891702988,M,1,50,other
574,174,4,881434483,M,1,28,student
159,300,4,882414861,M,1,24,engineer
532,530,3,891226165,M,1,35,entertainment
94,488,1,877603403,M,1,32,student
418,77,2,889249929,M,0,51,artist
521,118,5,877110749,M,1,27,executive
162,603,5,882776908,M,1,32,lawyer
608,204,3,876674810,M,1,25,entertainment
488,393,5,884831200,M,1,39,administrator
632,952,3,884260731,F,0,50,librarian
913,1057,3,876119036,M,1,19,technician
740,1166,2,875652068,M,1,45,retired
119,124,4,891860985,F,0,52,librarian
801,742,5,879296852,M,1,34,homemaker
151,111,3,891558483,F,0,40,artist
202,1561,3,875725194,M,0,38,artist
207,328,3,892245965,M,1,24,educator
560,293,2,885028873,M,1,26,educator
342,250,5,882360462,F,0,36,librarian
541,1173,4,881567762,M,1,43,educator
79,717,5,884162650,M,1,33,scientist
396,261,3,892834887,M,1,24,educator
894,42,4,883142219,F,0,44,librarian
606,923,4,875941146,F,1,35,educator
486,280,3,892435985,M,1,28,educator
385,636,2,891513688,F,0,51,writer
686,265,2,881207748,M,1,39,educator
449,282,5,881207298,F,0,25,salesman
201,274,3,889388699,M,1,26,educator
262,382,5,880263018,M,1,28,student
617,752,3,884801095,F,0,52,educator
456,174,5,880418926,M,1,26,educator
716,156,4,882787646,M,1,35,educator
142,527,5,883224049,M,1,46,artist
873,737,2,892015042,F,0,54,librarian
655,375,4,891941756,F,0,31,librarian
721,425,2,881077658,M,1,39,artist
535,809,3,882875896,F,0,51,none
736,1152,2,892382756,M,1,28,administrator
782,519,4,892128061,M,1,32,educator
234,179,2,884163069,M,1,31,educator
796,92,4,879828138,F,0,50,librarian
385,787,2,879561838,F,0,53,educator
181,458,2,891940853,M,1,27,administrator
617,315,2,891889737,M,1,51,administrator
406,14,4,892069129,M,1,30,educator
919,307,5,876509276,M,1,23,entertainment
404,265,4,879794376,M,1,31,educator
75,602,2,886420852,M,0,20,educator
8,294,4,892034486,M,1,29,programmer
256,334,2,884153167,M,1,10,student
424,399,3,891458792,F,0,24,librarian
294,526,5,892419930,M,1,27,technician
538,389,2,882239073,M,1,31,other
833,508,1,879535810,M,1,30,technician
332,266,3,884649302,M,1,51,engineer
885,222,5,891825830,M,1,52,librarian
470,1092,5,891847855,F,0,39,administrator
13,213,4,882764762,M,1,12,technician
139,318,5,879644381,F,0,36,librarian
690,82,5,881202019,M,1,58,technician
881,1218,2,892380608,F,0,51,other
588,778,1,884426742,M,1,18,technician
130,190,1,879505540,M,1,52,technician
879,145,5,881515652,F,1,47,educator
117,286,5,879504893,M,1,27,educator
502,990,1,891590364,F,0,39,librarian
838,288,5,891017778,M,1,27,administrator
642,69,5,892079002,F,0,36,educator
230,536,5,879531054,F,0,31,healthcare
906,1068,3,880547072,M,1,24,scientist
867,276,3,891955786,M,1,27,educator
169,465,4,886348740,M,1,38,student
94,710,4,884146885,M,1,35,other
403,407,3,880825681,F,0,36,healthcare
598,210,3,879897229,M,1,27,programmer
724,670,4,884374042,F,0,49,librarian
234,268,2,888697537,M,1,31,writer
715,1622,5,880333856,M,1,30,librarian
551,930,3,889637112,M,1,32,lawyer
44,286,3,891931582,M,1,49,administrator
135,1020,5,879694012,M,1,28,doctor
588,662,4,886418462,F,0,53,librarian
887,229,2,891627588,F,0,30,student
301,127,5,882436206,M,1,29,executive
308,272,3,879721992,F,0,51,healthcare
494,357,2,891433280,M,1,27,artist
648,679,3,881044406,M,1,31,technician
571,168,4,882076836,M,1,51,administrator
1,328,4,882878785,M,1,31,scientist
336,136,4,889080168,M,1,25,scientist
341,1524,5,880503119,M,1,36,lawyer
840,692,3,875607298,M,1,36,programmer
186,499,4,891576525,F,0,60,librarian
782,132,1,879973556,F,0,31,educator
918,1472,3,882471082,M,1,27,librarian
788,174,4,893174520,M,1,27,educator
881,253,3,882878370,M,1,27,lawyer
835,249,5,882591765,M,1,29,other
295,307,3,891594000,M,1,45,programmer
73,515,4,882844595,M,1,45,programmer
31,22,5,882474935,M,1,36,executive
181,515,5,880608753,M,1,31,programmer
796,687,2,882737427,M,1,26,student
453,20,3,891983960,M,1,31,lawyer
128,167,1,891930778,F,0,13,librarian
16,114,5,884476120,F,0,59,administrator
458,455,4,879766733,F,0,26,writer
864,755,3,884417651,M,1,42,marketing
718,345,5,884381268,M,1,27,student
416,715,3,882913607,F,0,32,educator
256,156,2,879584662,F,0,51,artist
244,295,5,891502865,F,0,27,other
393,655,2,879127419,M,1,19,retired
846,286,3,875469251,M,1,28,programmer
773,690,3,883586026,F,0,36,artist
85,589,2,891664142,M,1,31,educator
523,286,5,892938516,M,1,39,programmer
327,679,3,889326795,M,1,46,educator
542,288,5,879486518,M,1,27,programmer
119,219,3,875855098,M,1,27,educator
318,1279,2,882853253,M,1,27,programmer
228,96,2,892156038,F,0,53,writer
94,274,5,879591582,M,1,28,programmer
796,121,1,879544751,F,0,11,librarian
796,451,4,879765342,F,0,40,librarian
911,393,3,884249897,M,1,26,artist
435,233,3,879707834,M,1,52,educator
245,301,2,879753575,M,1,26,lawyer
345,255,3,880533054,M,1,34,other
328,7,1,880694034,M,1,27,student
698,111,5,879870439,M,1,28,student
592,1,3,879790516,M,1,28,administrator
887,11,4,879857139,F,0,36,librarian
393,1286,3,892195502,F,0,27,none
532,127,5,880635227,M,1,32,educator
806,496,1,875576040,M,1,27,engineer
330,177,4,892536964,F,0,32,educator
287,504,5,879329490,M,1,36,entertainment
11,432,5,884025300,F,0,39,administrator
561,325,4,889152529,M,1,31,engineer
371,127,4,883098806,M,1,26,educator
589,174,5,892673416,M,1,38,artist
136,533,5,892903754,M,1,43,executive
617,1440,4,882585835,M,1,46,doctor
902,408,2,883175813,M,1,28,executive
733,153,5,891308782,M,1,33,student
796,192,2,892533830,F,0,31,writer
7,451,1,878929511,M,1,28,retired
192,540,1,879797223,M,1,28,technician
73,213,2,891634360,M,0,51,artist
529,9,5,892374286,M,1,28,educator
292,380,5,879882615,F,0,39,librarian
940,926,5,884617590,M,1,39,programmer
293,781,4,892197026,F,0,19,librarian
270,97,5,879436452,F,0,51,administrator
291,484,5,874632616,M,1,35,executive
381,948,5,882538607,M,1,20,engineer
705,420,5,880267643,M,1,32,student
219,116,5,891826605,M,1,19,scientist
288,98,3,887967003,M,1,26,other
790,367,5,883286682,M,1,52,artist
234,631,1,891871574,M,1,32,educator
889,409,1,879715156,M,1,33,marketing
54,483,5,882967820,M,1,32,artist
635,748,3,893361115,M,1,33,artist
694,323,5,880391117,M,1,39,retired
736,141,2,892608237,F,0,52,artist
206,44,5,881535755,F,0,50,librarian
361,56,2,892079108,M,1,35,artist
334,127,5,879312344,F,0,53,librarian
882,709,3,879944808,M,1,35,administrator
751,239,5,879526500,M,1,35,educator
326,232,2,882871431,M,1,44,lawyer
769,684,5,879461907,M,1,23,executive
123,157,2,876183916,M,1,27,programmer
242,312,2,883492577,M,1,32,educator
856,995,5,882845908,M,1,32,educator
89,99,1,884001208,M,1,30,educator
236,272,5,886577829,F,0,40,librarian
666,462,4,876257027,M,1,27,programmer
660,673,5,879052819,M,1,39,engineer
684,685,2,875435838,M,1,44,student
878,50,4,892827624,M,1,36,student
807,258,4,892586133,F,0,40,writer
522,196,5,882700387,F,0,51,librarian
435,380,1,892795196,M,1,32,educator
782,94,4,879634643,M,1,28,entertainment
348,187,3,879279877,M,1,31,lawyer
299,72,3,879808358,M,1,27,lawyer
437,168,5,879586984,F,1,31,administrator
334,167,5,880092046,M,1,29,technician
921,476,4,882229866,F,0,40,artist
286,132,4,876683247,M,1,30,student
860,200,3,882690577,M,1,52,executive
174,708,3,890981798,M,1,22,programmer
790,187,5,884736559,M,1,39,other
622,315,4,884854713,M,1,27,student
643,41,5,879253819,M,1,28,educator
343,864,4,886227336,F,0,49,librarian
279,566,5,876494152,M,1,25,engineer
727,98,5,891110140,M,1,32,engineer
62,276,3,883948366,F,1,31,writer
693,584,5,879476784,M,1,18,retired
399,1011,4,892072013,M,1,33,executive
560,40,2,892168643,F,0,11,educator
279,233,2,891666487,F,0,57,writer
498,546,5,879405394,F,1,28,programmer
504,576,4,891665419,M,1,33,other
342,541,4,880334823,M,1,28,executive
5,572,3,878022844,M,1,35,writer
219,217,1,875646807,M,1,19,scientist
504,134,4,879801977,M,1,24,educator
622,519,4,886706752,M,1,22,administrator
44,301,1,875703192,M,1,27,marketing
194,385,2,892254059,F,0,51,librarian
393,266,4,880844170,M,1,32,writer
828,151,1,879821088,M,1,38,technician
152,815,4,892700781,M,1,30,artist
280,1155,1,877754442,M,1,31,engineer
896,1025,1,879831847,M,1,23,educator
276,269,2,888937535,M,1,53,writer
594,385,3,888078454,F,0,51,healthcare
720,245,3,882815138,M,1,23,retired
7,509,5,882344717,M,1,47,engineer
481,1422,5,880304280,M,1,33,lawyer
364,62,1,891917454,M,1,32,entertainment
751,358,3,892354311,M,1,27,educator
346,352,4,883865269,M,1,38,engineer
328,287,3,875588088,M,1,44,student
135,477,3,892079190,M,1,24,educator
334,458,2,882543754,M,1,27,educator
669,615,5,875770838,M,1,26,technician
495,209,1,888716291,M,1,23,engineer
32,435,5,883189367,M,1,31,artist
194,662,1,889939204,M,1,32,other
758,651,2,879548630,M,1,36,librarian
413,919,4,878978936,F,0,27,educator
207,42,1,891215433,F,0,28,salesman
387,496,5,892047607,F,1,24,artist
655,1279,3,877284918,F,0,31,administrator
128,132,4,891651166,F,0,52,healthcare
866,778,2,881206189,F,1,23,educator
230,199,2,884353486,F,0,31,librarian
345,42,5,892472360,F,0,46,artist
692,187,3,888186384,M,1,35,educator
758,1063,5,882543192,M,1,46,technician
902,993,3,891854487,M,1,44,programmer
916,734,1,881212473,M,1,55,programmer
541,1563,3,880150238,M,1,39,programmer
655,132,1,884159771,F,0,31,librarian
699,97,3,891005157,F,0,50,educator
29,281,4,880011242,F,0,19,homemaker
734,326,5,892496676,F,0,28,artist
279,1044,4,888571589,M,1,52,programmer
92,47,4,875779388,M,1,48,student
450,384,4,884250730,F,0,19,educator
546,949,2,882348015,M,1,29,educator
334,14,3,883298609,M,1,28,artist
432,166,4,885917642,M,1,35,educator
125,47,5,880607318,M,1,31,educator
80,228,4,880590590,M,1,19,technician
2,127,5,882924758,M,1,36,other
796,919,3,879808612,F,0,39,writer
181,134,4,892984536,M,1,32,student
706,996,1,882912860,F,0,35,artist
458,257,5,882903920,M,1,32,administrator
12,214,5,882468087,M,1,40,administrator
427,508,5,888519849,M,1,23,student
593,433,5,884647004,M,1,45,technician
416,364,5,892207966,M,1,32,programmer
462,523,3,879357418,M,1,26,educator
723,1154,5,879435497,F,0,32,administrator
290,678,4,886308200,M,1,28,educator
488,520,5,875496097,M,0,43,doctor
151,298,5,875946883,M,1,32,programmer
854,1018,4,891320123,F,0,27,healthcare
321,180,5,880012545,F,0,50,educator
588,258,3,882755867,M,1,26,other
332,204,1,879706663,M,1,39,student
396,181,3,879279015,M,1,32,educator
515,763,5,883068406,M,1,31,executive
362,96,4,882519388,F,0,51,healthcare
295,791,4,891401156,M,1,31,technician
335,836,5,882983728,M,1,27,lawyer
508,100,2,875584436,M,1,39,programmer
313,471,1,877002030,M,1,31,entertainment
183,732,5,882012739,F,0,23,writer
435,333,1,880912814,M,1,35,other
354,787,5,880451430,M,1,32,student
144,173,1,880495513,M,1,18,lawyer
615,29,4,884371082,M,1,29,educator
767,1234,3,889176343,M,1,33,programmer
457,294,4,879951831,F,0,44,writer
207,508,1,879446030,M,1,26,other
848,604,3,880188873,M,1,28,student
294,45,3,879262153,M,1,31,retired
486,657,4,879951345,M,1,33,student
790,716,3,882963236,M,1,40,programmer
868,272,4,892487484,M,1,51,administrator
588,90,4,879430051,F,0,44,writer
429,96,2,879606888,M,1,35,scientist
902,475,1,883937719,F,0,50,healthcare
447,50,3,882506395,M,1,49,student
846,455,5,879469211,M,1,22,technician
655,195,3,883113272,F,0,51,administrator
508,645,5,882232522,M,1,30,other
13,1056,2,879861040,M,1,27,engineer
780,393,3,880057180,M,1,39,student
753,726,5,891463406,M,1,28,doctor
727,133,5,879674835,M,1,33,educator
221,137,5,882452864,M,1,21,engineer
409,602,2,888800496,M,1,51,student
629,742,4,892298607,F,0,51,librarian
694,602,1,875728184,M,1,31,other
145,1051,1,886075357,M,1,51,lawyer
87,109,3,882815670,M,1,23,librarian
801,243,3,875881574,F,0,53,librarian
483,237,5,878948727,F,0,51,healthcare
385,145,1,888550782,M,1,30,lawyer
820,346,3,886454819,M,1,39,lawyer
537,181,4,879883930,M,1,31,student
258,117,2,880043272,F,0,51,educator
617,12,2,875945542,F,0,53,student
698,286,3,884638910,M,1,36,marketing
661,293,4,889009123,F,0,50,none
398,137,5,879607159,M,1,31,marketing
756,208,3,891762195,F,0,51,healthcare
128,559,3,879240189,F,0,36,librarian
712,257,4,883272365,M,1,33,retired
758,156,3,878616536,F,0,52,administrator
173,129,5,876371756,M,1,44,other
803,441,5,879773310,M,1,27,other
432,1326,1,880884819,M,1,22,programmer
243,1237,3,886612187,M,1,50,retired
640,410,3,877653731,M,1,31,student
608,186,5,885525260,M,1,23,artist
753,31,1,877896782,M,1,51,technician
238,407,1,875586880,M,1,27,entertainment
656,276,2,879932650,M,1,51,educator
740,454,3,875216154,M,1,51,educator
733,432,5,883035752,M,1,27,entertainment
474,874,2,892469893,M,0,43,artist
63,449,5,880889337,M,1,31,student
393,773,4,891702943,M,1,28,marketing
666,558,3,882347537,M,1,42,programmer
318,292,5,879804393,M,1,28,student
321,263,4,892081610,F,0,38,librarian
317,268,3,891945765,F,0,27,educator
402,25,2,892249521,M,0,45,writer
497,282,5,882128524,M,1,22,programmer
894,775,4,877978151,M,1,17,administrator
857,328,4,876270782,F,0,23,librarian
87,742,4,876467903,M,1,33,educator
927,222,5,879667987,M,1,41,engineer
862,1183,5,879313324,M,1,26,entertainment
832,625,1,891500022,M,1,31,student
782,395,4,879985129,F,0,44,administrator
845,1435,3,875702035,F,0,49,librarian
506,1035,1,879654202,M,1,23,entertainment
181,699,3,891921093,M,1,23,other
846,879,5,892347124,M,1,31,technician
534,248,5,884236940,M,1,44,executive
151,338,1,879521100,F,0,31,writer
805,257,5,877777347,M,1,32,engineer
801,177,3,893143264,M,1,26,student
727,22,3,880917518,M,1,30,student
94,334,2,880317848,M,1,45,other
368,778,4,878287326,M,1,40,doctor
455,435,3,880302234,M,1,52,student
798,125,5,882242470,M,1,51,technician
604,1133,2,882725621,M,1,33,homemaker
92,81,3,892693242,M,1,24,engineer
256,237,4,879987410,F,0,46,writer
655,655,5,891891754,F,0,52,administrator
741,736,1,879596539,M,1,39,programmer
804,923,5,881299911,M,1,28,educator
138,510,5,892447180,M,1,39,programmer
230,716,2,881587034,F,0,19,librarian
851,125,2,882623084,M,0,31,student
436,261,5,879809422,M,1,33,educator
5,546,5,882151520,M,1,27,educator
394,118,5,875436365,M,1,32,programmer
673,796,1,877775133,M,1,38,student
405,50,5,888410754,M,1,46,engineer
805,2,3,884454301,F,0,31,healthcare
864,100,4,877388315,M,1,39,programmer
911,988,2,891429200,M,1,44,student
617,381,4,892063832,F,0,36,student
92,219,3,879712740,F,0,53,administrator
311,307,1,884815442,M,1,39,programmer
70,309,2,892069059,M,1,24,educator
450,97,4,880019525,F,0,31,healthcare
123,318,5,878035610,F,0,27,administrator
829,1094,3,880073206,M,1,28,educator
524,300,3,884269261,M,1,28,programmer
903,430,2,879970721,M,1,51,technician
380,325,5,889570594,M,1,30,student
618,1245,5,884704164,F,0,27,student
227,756,3,882999474,M,1,40,programmer
702,1522,4,882682126,M,1,31,technician
798,671,3,880709370,F,0,51,student
452,640,1,892034936,M,1,34,student
456,1426,4,883027411,M,1,28,scientist
287,582,3,891469586,F,0,51,administrator
92,238,4,882836742,M,1,26,administrator
798,274,4,879790914,F,0,50,healthcare
452,127,4,891567329,F,0,51,writer
880,62,3,879761729,M,1,28,programmer
557,657,3,880238701,F,0,18,educator
726,1041,3,892347798,M,1,27,programmer
123,188,2,880082154,F,0,35,administrator
561,1089,4,879613461,M,1,50,executive
417,1064,4,892588053,F,0,25,healthcare
591,420,1,892574490,F,0,45,educator
655,1,3,880759629,F,0,32,student
805,389,4,879736217,F,0,38,none
83,244,5,893155179,M,1,33,other
793,294,3,879104217,M,1,27,administrator
269,172,4,879619056,F,0,43,writer
189,357,1,882892812,F,0,31,administrator
854,452,5,879718642,M,1,28,educator
99,644,4,877184176,M,1,31,entertainment
130,763,3,889779926,M,1,32,programmer
650,1052,3,880491458,M,1,31,artist
749,1086,1,892070988,F,1,39,artist
172,632,3,892457999,M,1,45,lawyer
796,453,2,882257369,F,0,50,artist
655,118,4,884389525,F,0,31,librarian
311,1424,1,886485320,M,1,30,student
822,254,3,891970054,M,1,35,administrator
491,358,4,880265361,F,0,27,librarian
7,211,5,879771340,M,1,35,other
385,499,3,892494615,M,1,33,other
386,82,1,879530159,M,1,32,executive
487,304,3,880097191,M,1,39,student
759,12,4,889479542,M,1,27,educator
513,748,5,878983556,M,1,31,entertainment
725,1055,2,883123122,M,1,20,artist
596,478,5,891537392,M,1,18,technician
450,652,2,891510949,F,0,39,administrator
417,1245,5,879434862,M,1,28,artist
867,174,4,880162194,M,1,31,administrator
878,740,4,892284701,M,1,36,technician
826,193,1,877725532,F,0,50,healthcare
586,179,5,881222872,M,1,35,student
862,118,2,892356480,F,0,40,artist
797,117,5,879965111,M,1,36,executive
435,212,5,892239167,M,1,31,educator
898,191,5,879676027,M,1,27,educator
103,285,4,880319970,M,1,33,salesman
82,1248,3,882697824,M,1,39,technician
640,288,4,875400011,F,0,26,educator
193,366,5,883604620,M,1,27,student
431,671,3,886156129,M,0,11,educator
875,1059,5,879873973,M,1,45,entertainment
848,452,1,879878600,M,1,39,administrator
311,176,3,882709864,M,1,19,technician
592,69,5,891346722,M,1,31,technician
450,334,3,886774495,F,0,52,librarian
236,318,5,892334379,F,0,44,educator
682,520,1,892168899,M,1,49,technician
117,215,2,879821048,M,1,36,technician
806,153,2,882310251,M,1,26,scientist
521,118,5,877214936,F,0,45,administrator
277,1013,3,883801951,M,1,35,engineer
145,559,5,879585115,M,1,23,scientist
380,209,3,880062152,M,1,32,engineer
201,283,1,880393660,M,1,39,writer
59,508,3,888592613,M,1,28,programmer
749,237,3,880470142,M,1,30,student
221,60,5,892864375,M,1,41,student
350,204,5,877660039,M,1,36,doctor
138,465,4,879539705,M,1,36,writer
123,1001,5,884639523,F,0,40,librarian
314,111,5,879939778,M,1,40,engineer
235,639,3,880564693,M,1,28,programmer
311,1041,3,879820784,M,1,27,engineer
217,93,3,880543117,M,1,27,marketing
237,315,2,881096268,F,1,50,engineer
181,194,5,880464717,M,1,40,artist
32,574,2,891916070,F,0,51,librarian
448,274,3,886825151,M,1,33,educator
738,974,2,892211253,M,1,27,marketing
654,1012,4,892625773,F,0,49,homemaker
405,118,3,882315533,F,0,50,librarian
498,44,3,880103976,F,0,36,artist
931,717,4,886570463,M,1,27,other
271,409,1,877705688,M,1,35,engineer
816,215,2,886266954,M,1,32,writer
791,257,3,882379228,M,1,31,artist
587,1244,3,875091876,M,1,45,administrator
928,516,3,883057575,M,1,30,programmer
452,97,5,879522185,M,1,32,programmer
720,1024,2,879967415,M,1,46,artist
62,24,4,880084691,F,0,27,librarian
262,293,5,890823618,M,1,32,educator
716,89,3,881071497,F,0,35,student
920,805,3,883078676,M,1,39,other
504,418,3,891547493,F,0,51,librarian
303,1067,4,889411836,F,0,38,homemaker
238,171,4,879601041,F,0,38,educator
846,744,4,880127405,M,1,41,educator
303,1021,2,882615778,M,1,38,executive
6,451,3,892474413,M,1,44,artist
94,97,4,882483796,M,1,35,other
380,7,3,891872133,M,1,33,engineer
887,597,3,877115888,M,1,37,educator
405,233,4,878949623,F,0,11,librarian
334,165,3,879722031,F,0,27,healthcare
474,923,3,886388949,M,1,45,administrator
328,608,1,882206153,M,1,24,student
872,747,4,886383967,M,1,28,programmer
488,77,3,878046186,M,1,30,educator
707,228,4,884118210,M,1,28,technician
222,644,3,879542465,M,1,27,retired
128,173,4,892024831,F,0,53,student
513,786,2,884226082,M,1,35,retired
59,144,2,875921555,M,1,23,technician
846,237,4,880818547,M,1,34,student
628,942,2,884191076,F,1,32,engineer
327,164,2,880714368,M,1,36,programmer
321,173,3,875872826,F,0,52,writer
234,238,4,880545719,M,1,35,other
483,237,3,879935782,M,1,28,educator
523,300,3,882672130,M,1,27,educator
234,322,1,884218929,M,1,27,executive
174,118,3,880597409,F,0,55,librarian
716,449,4,879814507,F,0,52,healthcare
269,418,3,876194679,F,0,51,librarian
79,357,4,878937778,M,1,25,retired
347,310,3,882464332,M,1,22,lawyer
125,58,1,875372343,M,1,31,engineer
669,381,3,879171649,M,1,29,technician
900,315,4,879630319,M,1,18,student
758,127,2,892779410,M,1,40,librarian
715,134,5,879990912,M,1,32,scientist
819,167,4,879551260,F,1,39,salesman
54,11,5,883197503,M,1,27,student
796,1047,3,886245459,F,0,27,healthcare
437,281,5,892327118,F,0,52,educator
301,300,1,891807848,F,0,43,student
659,318,5,883952048,F,0,33,entertainment
885,96,5,884105208,M,1,39,technician
806,89,3,879698571,M,1,43,entertainment
62,168,4,879949200,M,1,29,technician
255,772,1,875786473,M,1,22,programmer
47,591,1,891628725,M,1,23,salesman
347,750,4,880294196,M,1,38,engineer
507,1610,4,888799531,M,1,28,doctor
654,222,4,892110897,F,0,28,educator
20,29,4,892025289,M,1,35,educator
328,322,2,884381054,M,1,33,educator
634,83,5,880229860,M,1,45,writer
239,294,4,892153468,M,1,35,educator
825,153,5,883333472,M,1,59,artist
790,300,2,881193072,F,0,32,writer
230,284,5,882831159,M,1,25,programmer
52,127,5,880312842,M,1,53,writer
405,498,3,879681357,F,0,51,administrator
55,79,1,875213245,M,1,35,lawyer
722,242,4,880475335,F,0,50,librarian
291,1207,4,884887513,F,0,51,librarian
274,810,3,879881717,M,1,36,programmer
930,121,2,887073419,F,1,19,artist
151,153,2,892444735,M,1,27,educator
612,393,3,875494172,F,1,32,writer
654,606,3,891772158,F,0,30,artist
243,129,4,877349921,M,1,18,administrator
437,262,1,885575222,M,1,34,educator
186,28,5,880195586,M,1,44,marketing
87,117,3,878498121,M,0,50,other
902,1244,2,885223746,M,1,35,educator
275,262,4,888314508,M,1,43,administrator
716,885,3,892305387,F,0,58,educator
686,1011,5,888955172,M,1,24,programmer
474,410,3,875610492,M,1,30,other
714,174,1,882625500,M,1,43,marketing
291,748,5,892461607,M,1,32,programmer
99,659,5,875809381,F,0,51,librarian
673,332,1,882525934,M,1,48,technician
126,188,3,883412579,M,1,27,technician
498,377,1,883842138,M,1,35,student
328,659,4,886590014,M,1,50,librarian
592,584,5,892709943,M,1,25,administrator
223,297,5,886109074,M,1,11,programmer
39,1035,1,886274911,M,1,27,entertainment
522,2,1,880184932,M,1,48,lawyer
807,160,3,879747329,F,0,42,educator
805,24,5,892110684,F,0,24,librarian
354,1207,2,884537196,F,0,31,healthcare
458,497,3,880254518,M,1,24,technician
117,102,3,880438822,M,1,32,entertainment
770,322,4,891771396,M,1,19,programmer
807,229,4,883880782,F,0,52,educator
121,100,3,887564801,M,1,26,student
243,482,4,877992890,F,0,27,librarian
72,58,2,882641602,M,1,39,educator
536,413,3,880451106,M,1,33,lawyer
670,288,4,892146214,M,1,35,marketing
907,161,5,875764313,M,1,35,none
5,433,4,882840034,M,1,43,administrator
145,282,3,891636966,F,0,50,librarian
825,499,1,891775636,F,0,38,healthcare
609,259,4,891894275,M,1,32,programmer
699,176,4,879693297,M,1,34,retired
492,52,5,884369229,M,1,39,administrator
405,931,5,879433419,F,0,31,healthcare
790,117,1,879749621,M,1,35,student
932,101,1,879709556,M,1,28,executive
151,685,1,889615302,F,0,52,homemaker
308,289,1,879427494,M,1,40,programmer
175,603,4,879167443,M,1,27,educator
13,50,5,879217188,M,1,33,engineer
554,12,3,885977223,M,1,25,executive
259,511,3,877126412,M,1,38,educator
648,323,3,888070079,M,1,28,programmer
543,1380,5,877918826,M,1,51,doctor
860,581,5,884626035,M,1,28,entertainment
401,321,4,892369268,F,0,32,educator
851,979,1,882420890,M,1,39,executive
314,434,4,882476904,M,1,50,technician
21,317,3,891907041,M,1,25,educator
524,320,5,882454380,F,1,23,salesman
273,1208,5,885351889,M,1,45,educator
151,295,5,879840502,M,1,52,educator
334,671,4,891380713,F,0,51,librarian
48,280,3,883241490,M,1,28,programmer
385,144,4,881316994,F,0,51,student
141,410,5,878013695,M,1,28,writer
7,470,3,890725674,M,1,50,scientist
605,238,3,891720211,M,1,36,technician
503,1140,1,877362302,F,0,30,librarian
127,422,3,880363047,M,1,31,student
188,127,5,880751785,M,1,19,artist
90,685,4,884230784,F,1,48,writer
450,1020,4,880067914,F,0,36,librarian
222,410,4,881189464,M,1,19,programmer
145,246,4,878235493,M,1,38,educator
145,1479,5,877010079,M,1,31,technician
41,16,4,882898347,M,1,40,educator
457,790,4,880042491,M,1,32,doctor
466,937,4,884491257,F,0,51,healthcare
159,883,2,879637480,M,1,27,other
876,97,4,890601350,M,1,27,retired
523,1041,5,888592546,M,1,39,scientist
632,1050,2,880011252,M,0,52,educator
562,26,2,890008031,M,1,20,programmer
457,358,3,892346662,M,0,27,artist
98,859,2,882798451,M,1,32,artist
292,241,2,879945947,F,0,35,librarian
374,202,4,879769708,M,1,30,scientist
914,1359,3,882846251,M,1,22,executive
450,246,3,891778001,F,0,23,librarian
798,183,4,882785530,F,0,30,librarian
900,332,2,880357712,M,1,28,artist
236,210,5,882303510,F,1,33,educator
503,582,1,878389479,F,0,44,librarian
889,871,1,886112472,M,1,35,lawyer
448,591,5,881414200,M,1,29,programmer
200,515,1,888842766,M,1,31,educator
848,70,5,889310141,M,1,32,lawyer
440,57,3,891560320,M,1,27,educator
615,340,1,880799102,F,0,51,librarian
462,1124,3,884514956,F,0,31,healthcare
653,152,4,879726066,F,0,31,healthcare
119,490,1,879651811,M,1,45,entertainment
122,31,3,880207186,M,1,51,technician
642,732,1,875555194,F,0,51,librarian
896,180,3,879610343,M,1,28,programmer
473,860,4,891794217,M,1,25,scientist
222,892,5,892292034,M,1,21,none
602,23,5,880248718,M,1,30,student
92,423,5,879548462,M,1,20,entertainment
49,561,2,883664294,M,1,50,educator
167,655,2,891508437,M,1,32,doctor
144,343,3,879474232,M,1,53,programmer
764,173,2,891319546,F,0,43,student
684,577,2,877677849,M,1,27,programmer
817,518,4,876737908,F,0,31,educator
780,222,5,885984824,M,1,43,entertainment
216,255,3,875496527,M,1,41,programmer
567,259,4,892113614,M,1,32,other
31,1078,5,879452660,M,1,26,entertainment
790,132,5,884408438,M,1,32,student
5,201,4,882883262,F,0,52,librarian
145,578,3,881497931,M,1,23,student
771,1559,2,882361379,M,1,19,administrator
741,510,5,889337906,F,0,36,student
750,1408,3,879433870,M,1,31,programmer
244,326,5,879193331,M,1,32,other
704,566,5,879778989,M,1,43,technician
60,1035,5,882979043,M,1,27,entertainment
262,355,5,892043553,M,1,30,artist
130,260,4,882380395,F,0,32,educator
405,694,4,882927506,F,0,28,administrator
301,1239,5,884696876,M,1,38,other
892,572,2,879662312,M,1,19,scientist
393,892,5,875119845,M,1,39,executive
255,381,5,893000920,M,1,33,educator
85,209,5,879199548,M,1,36,doctor
314,326,1,888662856,M,1,22,engineer
655,947,4,880195048,F,0,53,artist
322,233,5,880001016,M,1,36,educator
450,1626,2,880502966,F,0,52,other
447,450,3,882320198,M,1,20,other
862,198,2,891640738,M,0,18,artist
290,326,5,884882265,F,0,52,writer
865,127,3,881783031,M,1,39,executive
724,23,4,879970786,M,1,31,administrator
902,944,4,884451786,M,1,26,educator
868,31,4,891948809,F,0,51,healthcare
292,196,2,879871310,F,0,53,artist
748,228,5,882269844,M,1,23,educator
321,329,1,879675910,M,1,32,lawyer
458,338,5,891467541,M,0,30,salesman
409,322,3,882375172,M,1,32,educator
503,238,5,880541532,M,1,24,artist
291,174,5,880875691,M,1,27,entertainment
363,182,4,882148585,M,1,27,programmer
760,523,4,879766656,M,1,45,engineer
903,393,1,875870775,M,1,38,technician
207,232,5,881780730,M,1,35,student
90,832,4,882437993,M,1,36,technician
308,157,3,883004167,M,1,9,artist
782,272,5,892109638,F,0,23,writer
571,355,1,882690190,M,1,27,educator
479,202,5,877499059,M,1,26,educator
404,203,4,889835081,M,1,39,administrator
148,655,4,886670126,M,1,24,technician
1,151,5,891386351,M,1,27,student
492,257,2,880390096,M,1,36,programmer
782,716,4,891923669,F,0,39,librarian
224,199,1,891618469,F,0,35,writer
413,772,5,884688556,M,1,51,technician
268,245,3,892145361,M,1,51,lawyer
175,933,4,888314879,M,1,27,technician
488,68,2,882612510,M,1,27,educator
279,226,5,882165584,M,1,64,educator
755,1238,4,880685312,M,1,27,artist
896,384,5,880029274,M,1,32,technician
298,369,5,883831805,M,1,27,programmer
486,7,3,886153091,M,1,39,programmer
322,286,1,878045639,M,1,32,student
758,162,1,884304923,F,1,32,librarian
915,144,5,877343910,M,1,30,entertainment
676,229,5,879994334,M,1,36,educator
523,288,3,888963378,M,1,33,student
692,98,2,878848479,M,1,27,technician
398,1264,2,892294447,M,1,28,programmer
504,134,4,877469940,M,1,24,student
128,427,4,892281216,F,0,39,librarian
128,135,5,881120923,F,0,31,writer
727,382,5,891138030,M,1,31,lawyer
70,239,3,881203517,F,0,52,educator
202,39,3,892859792,M,1,34,student
125,148,3,880382034,M,1,26,engineer
89,678,4,875453629,M,1,30,scientist
785,1086,2,886631875,M,1,24,educator
524,210,5,882118578,M,1,44,other
567,300,4,892333871,F,0,24,writer
95,271,4,891815965,M,1,31,entertainment
450,615,3,881309661,F,0,35,educator
915,80,5,892542489,M,1,29,artist
642,97,3,879583257,F,0,28,healthcare
398,799,3,875806357,M,1,33,salesman
868,393,2,880203254,M,1,40,writer
44,144,2,875990445,M,1,23,writer
756,242,1,891749186,F,0,35,other
648,100,3,882996433,M,1,39,student
414,1167,5,879480757,M,1,39,scientist
403,588,5,891650083,F,1,27,other
878,109,2,885909298,M,1,31,student
653,1067,4,892696556,M,1,44,marketing
894,845,5,891965485,F,0,52,other
313,541,5,884886769,M,1,30,artist
20,133,5,882481023,F,0,53,librarian
889,385,5,875745552,M,1,23,technician
727,33,5,886287942,M,1,31,student
7,924,1,888009611,F,0,51,healthcare
322,198,3,879129711,M,1,39,educator
682,38,1,891412812,M,1,39,programmer
301,157,1,881554093,M,1,28,technician
655,806,1,880953883,F,0,45,librarian
502,410,5,880092312,M,1,36,programmer
716,1099,2,882930966,M,1,25,educator
216,1011,3,882663913,M,1,38,student
222,979,4,880693169,M,1,35,programmer
60,589,5,883486692,M,1,40,lawyer
151,479,4,884734738,F,1,27,writer
433,472,4,878814835,M,1,28,retired
805,269,5,879885093,F,0,52,librarian
798,158,3,879592407,M,1,33,programmer
737,608,2,881893536,M,1,44,programmer
416,591,5,879767906,M,1,33,writer
669,768,4,882279304,M,1,25,administrator
407,271,1,891527424,M,1,45,entertainment
798,134,2,879627927,M,1,31,other
242,1200,3,884845833,M,1,50,homemaker
650,813,5,879411197,M,1,31,educator
230,173,5,882545508,F,0,26,educator
299,465,1,882959204,M,1,44,lawyer
280,1052,3,892472401,F,0,11,librarian
911,174,1,888703063,M,1,26,technician
919,226,5,880042505,F,0,51,librarian
332,23,1,880543076,F,0,23,homemaker
786,457,4,883951351,F,1,43,other
728,473,1,878416238,M,1,35,administrator
128,357,2,891853285,F,0,52,librarian
236,118,5,878705020,M,1,29,marketing
363,155,3,881924896,M,1,32,educator
380,1497,5,880681284,M,1,27,student
212,564,2,879944995,M,1,29,lawyer
487,602,3,883512356,M,1,20,programmer
84,174,5,880559647,M,1,28,none
354,153,4,889699205,M,1,32,executive
907,431,4,884412856,M,1,32,educator
197,5,5,884225971,M,1,38,none
256,376,4,879725536,F,0,45,homemaker
504,240,5,877663545,M,1,12,student
244,312,3,883157724,M,1,34,programmer
804,748,5,883043905,M,1,32,educator
605,515,1,880707884,M,1,44,artist
144,652,3,884337642,F,0,23,librarian
362,319,4,889185488,M,1,41,artist
651,772,5,882897466,M,1,25,doctor
467,509,5,879857619,M,1,41,doctor
862,818,3,879934940,F,0,44,librarian
743,181,3,883943988,M,1,50,programmer
361,328,3,879890224,M,1,32,programmer
550,579,1,892105115,F,0,38,homemaker
82,655,5,879397197,M,1,27,student
164,210,5,882798205,M,1,35,programmer
505,127,2,879921063,M,1,27,educator
151,77,4,884383551,F,0,52,librarian
871,347,3,891840332,F,0,36,librarian
393,727,5,879061034,M,1,39,retired
92,391,4,884375933,M,1,39,student
97,969,3,891655156,M,1,31,educator
678,386,5,893289602,M,1,50,student
479,259,5,879724016,M,1,29,educator
516,21,5,879834232,F,0,31,writer
722,568,3,882313265,M,1,23,student
764,1289,4,879545181,F,0,33,librarian
773,269,2,891422686,F,0,50,librarian
854,194,5,879697555,F,0,32,educator
727,56,5,882865040,M,1,54,programmer
151,193,4,891741569,F,0,31,librarian
749,1269,5,892046400,F,0,36,technician
855,486,5,879564400,F,0,52,administrator
188,403,5,880275833,M,1,21,student
642,507,4,891595923,F,0,38,librarian
341,575,1,882880527,M,1,28,programmer
620,121,4,880753877,F,0,33,writer
504,482,3,879747562,F,0,35,none
642,117,3,877516357,M,1,25,student
903,607,2,892237963,F,0,31,librarian
474,53,2,875907126,M,1,17,educator
618,302,5,891896665,M,1,37,educator
335,315,1,880160870,M,1,33,retired
610,180,1,880553818,M,1,28,administrator
867,344,3,884757711,F,0,54,healthcare
405,234,4,892136632,F,0,35,librarian
31,4,5,891354661,M,1,33,educator
868,112,3,885442036,M,1,36,administrator
177,226,3,892167964,F,0,24,marketing
561,70,4,891834986,M,1,28,doctor
717,251,4,892010330,F,0,50,writer
354,619,3,884544261,F,0,51,educator
892,652,2,891936282,M,1,31,engineer
130,211,4,888764280,M,1,35,administrator
551,111,5,892075266,F,0,52,educator
366,292,4,879277886,F,0,23,artist
472,847,5,891949264,M,1,28,programmer
642,294,5,892208934,M,1,28,educator
823,474,1,877097752,M,1,30,technician
840,196,2,892555200,M,1,26,programmer
522,510,3,892199636,M,1,27,administrator
152,328,2,882368982,M,1,28,educator
864,187,2,888813429,M,1,31,student
848,578,1,879290376,M,1,33,programmer
246,222,4,880293830,M,1,25,administrator
880,597,5,882644017,M,1,31,programmer
145,142,5,882499693,M,1,29,student
401,628,2,891516767,M,0,24,educator
25,199,5,879271101,M,1,35,entertainment
405,131,5,881125345,F,0,31,writer
236,432,5,880574058,F,0,50,writer
532,127,5,876636153,M,1,13,engineer
511,98,5,892013281,M,1,27,educator
815,423,5,879833322,M,1,29,administrator
768,449,1,891875599,M,1,27,student
425,432,5,879882404,M,1,32,educator
694,681,5,879526195,M,1,25,technician
917,431,4,892157684,M,1,38,technician
205,662,5,891768219,M,1,33,executive
468,405,1,891516086,F,0,30,homemaker
214,100,3,879582255,M,0,29,artist
833,1042,5,892335464,M,1,33,librarian
655,354,4,888819584,F,0,13,educator
497,748,5,875290044,M,1,31,executive
216,284,3,884830907,M,1,33,programmer
83,936,5,879918895,M,1,27,educator
85,117,4,878604530,M,1,31,student
343,831,5,879678992,F,0,54,librarian
332,288,4,885927248,F,1,27,educator
885,89,4,882280195,M,1,24,student
840,323,3,879501631,M,1,38,other
655,125,1,884237128,F,0,55,librarian
715,45,4,876371306,M,1,28,artist
182,374,4,892713121,M,1,27,lawyer
256,833,2,875583086,F,0,50,healthcare
417,191,5,892142349,F,0,50,healthcare
782,116,4,889404680,M,1,27,administrator
334,245,3,879707357,M,1,27,programmer
401,22,2,889445648,M,1,25,educator
402,81,2,875956253,M,1,21,administrator
91,1129,3,880555683,M,1,39,technician
276,90,1,884211862,M,1,30,student
693,880,5,879047435,M,1,53,educator
401,135,4,879294157,F,0,45,artist
517,22,4,886020204,M,0,23,educator
8,292,5,880248504,M,0,29,student
474,284,2,880965079,F,1,42,artist
673,203,3,882717001,M,1,28,administrator
633,1610,3,880033590,M,1,27,technician
236,199,5,875206219,F,0,27,administrator
378,392,1,891413692,M,1,31,educator
296,409,5,884606567,M,1,23,technician
13,741,5,879879247,M,1,40,programmer
854,640,5,892350418,F,0,36,artist
592,1654,5,880274122,M,1,44,student
272,1607,3,879308759,M,1,51,technician
588,31,4,884078920,F,0,18,healthcare
385,1084,3,877714531,M,1,44,writer
916,343,1,884239440,F,0,11,salesman
435,202,2,892049227,F,0,39,librarian
276,1335,4,891188291,M,1,27,technician
416,124,3,891492990,F,0,35,writer
810,264,5,880172631,M,1,40,executive
562,271,5,892948220,M,1,28,programmer
435,693,3,891413647,F,0,53,writer
340,1023,5,891760140,M,1,19,programmer
750,127,1,886065394,M,1,19,administrator
529,455,4,882765242,M,1,33,technician
407,953,5,880767883,M,1,27,lawyer
593,568,5,875136490,M,1,44,marketing
910,447,2,882784660,M,1,28,programmer
858,385,4,880295213,M,1,49,other
932,1014,4,891627185,M,1,31,administrator
547,133,4,892149933,F,0,32,librarian
654,781,5,880757918,F,0,44,none
38,1245,3,884595254,M,1,28,student
889,222,3,879676455,M,1,31,technician
709,1152,3,883116932,M,1,22,other
721,98,5,882258686,M,1,36,engineer
122,121,4,892077522,M,1,18,student
747,131,3,878052691,M,1,26,technician
751,91,4,879586034,F,0,50,student
454,10,5,878835322,F,0,35,administrator
657,118,5,884076044,F,0,51,artist
405,584,4,892147877,F,0,22,writer
806,786,4,891366612,M,1,30,administrator
890,101,4,891731444,M,1,39,executive
900,710,3,875319086,M,1,38,student
532,1063,4,892000548,M,1,28,programmer
635,87,5,885218735,M,1,27,entertainment
526,471,3,879523558,M,1,27,executive
170,573,1,888279154,M,1,36,librarian
808,57,2,879841066,M,1,34,student
888,132,5,875348442,F,0,53,librarian
513,799,2,879723139,M,1,32,student
387,100,5,880206676,M,1,27,administrator
338,190,1,891930306,M,1,24,educator
880,8,4,882234758,M,1,26,none
417,530,1,879984741,F,0,35,librarian
201,515,3,891943682,F,0,36,librarian
860,197,2,881088253,M,1,39,educator
833,193,3,891599491,M,1,33,student
207,482,5,878898363,M,1,19,student
256,628,2,875799869,M,1,27,programmer
468,451,3,879278116,F,0,47,librarian
431,541,5,880422590,M,1,30,artist
709,1206,4,883034384,M,1,32,engineer
429,271,4,884109498,M,1,35,administrator
30,477,2,883837010,M,1,50,student
123,705,5,884620847,M,1,45,doctor
13,185,5,882717130,M,1,28,marketing
727,519,5,882057121,M,1,32,programmer
308,214,5,882234778,F,0,52,administrator
49,748,5,881906757,M,1,36,student
177,384,3,878987530,M,0,36,other
138,40,4,882694575,M,1,33,educator
214,288,5,879824645,M,1,28,administrator
894,864,3,892197722,F,0,36,librarian
496,313,2,889266403,F,0,33,artist
178,193,3,891918769,F,0,51,educator
450,70,3,880938481,F,0,52,writer
917,674,4,882064452,F,0,53,educator
48,654,5,879549446,M,1,23,programmer
348,526,5,879937618,M,1,26,artist
208,1020,2,892117865,M,0,51,librarian
790,240,4,882983409,M,1,40,artist
178,1143,5,888708259,M,1,30,technician
650,544,1,875412037,M,1,24,student
57,865,4,879999587,M,1,36,technician
744,485,5,879462433,M,1,32,educator
911,339,2,879705194,M,1,39,educator
807,427,4,891520971,F,0,39,writer
709,300,4,879697261,F,0,27,educator
655,69,3,891037235,F,0,32,librarian
640,68,4,892881215,F,1,30,educator
561,237,2,887035190,M,1,31,administrator
375,564,3,879916789,M,1,32,doctor
637,603,5,879286996,M,1,19,technician
908,178,5,882712542,M,1,39,programmer
782,521,3,882990252,F,1,36,educator
932,514,3,879152498,M,1,27,educator
402,94,3,884607072,M,1,36,other
920,127,4,890090198,M,1,31,administrator
872,436,4,880216642,M,1,54,other
716,300,4,884804171,F,0,28,writer
752,1312,2,884021883,M,1,23,other
28,385,4,888671773,F,0,52,healthcare
292,623,5,891903704,F,0,40,writer
562,469,1,878983217,M,1,53,technician
24,121,4,879391697,M,1,27,other
437,117,2,884412511,F,0,44,librarian
682,541,5,892781259,M,1,26,student
405,847,5,891430524,F,0,51,educator
504,206,4,888012406,M,1,28,other
212,659,2,879648636,M,0,36,artist
413,458,1,891892116,M,0,31,artist
653,778,4,879270841,M,1,36,programmer
174,326,5,884303512,F,1,51,artist
761,494,1,884761254,M,1,31,administrator
317,185,4,892855741,M,1,45,other
179,255,3,891841061,M,1,53,student
908,582,5,875607389,F,0,28,student
418,95,2,882347219,M,1,43,educator
34,42,5,891644845,M,1,45,doctor
143,361,1,878169586,M,1,42,technician
374,284,5,878135914,M,1,23,programmer
334,191,1,891387088,M,1,23,lawyer
863,134,4,880355759,M,1,27,student
696,129,4,891835195,M,1,27,technician
56,1341,2,891849871,F,0,35,healthcare
901,331,5,891689454,F,0,35,administrator
580,117,5,882593355,M,1,36,administrator
135,153,5,881383271,M,1,25,doctor
41,754,1,886362816,M,1,25,executive
276,111,5,891357646,F,0,31,student
55,1390,5,883529897,M,1,40,technician
293,425,5,893200803,M,1,26,educator
621,248,3,880508333,M,1,28,other
397,651,1,879387422,M,1,26,engineer
11,482,4,892460094,M,1,43,other
458,320,5,882676940,M,1,26,student
907,430,5,881151097,F,0,39,librarian
805,588,1,886026386,M,1,26,entertainment
298,768,3,891243020,M,1,32,student
639,237,4,880103960,M,1,48,administrator
336,1240,5,882437517,M,1,20,entertainment
518,281,3,876528010,F,0,44,librarian
313,15,3,879600359,F,0,29,other
648,1174,2,878679752,M,1,40,student
863,349,3,892055876,M,1,56,artist
56,242,2,882945236,M,1,33,entertainment
7,660,4,891505641,F,0,52,healthcare
384,762,1,879781749,M,1,35,engineer
456,98,4,887166640,M,1,19,librarian
23,137,5,884485018,M,1,23,marketing
711,302,3,879608729,M,1,29,salesman
820,294,4,875351748,M,1,31,student
250,471,4,892286296,F,0,36,educator
798,455,4,891777296,F,0,51,healthcare
753,523,3,882824794,M,1,28,retired
895,919,3,889236962,M,1,44,lawyer
433,250,4,879670518,M,1,29,educator
816,283,5,880989919,M,1,39,executive
55,347,3,879399892,F,1,46,writer
712,24,4,883574641,M,1,48,student
693,363,1,877439899,M,1,35,lawyer
737,1082,4,892348649,F,0,24,librarian
546,188,4,879561462,M,1,27,artist
389,39,5,888207204,M,1,31,programmer
472,28,2,891622068,M,1,54,administrator
380,87,1,882133824,M,1,43,writer
332,510,4,886590458,M,1,40,executive
388,919,4,880000434,F,0,19,homemaker
300,1073,1,892113020,M,1,26,writer
758,127,2,882416688,F,0,39,librarian
74,810,4,876208714,F,0,31,homemaker
535,845,4,882351709,M,1,27,administrator
30,443,4,884905387,M,1,33,educator
292,229,2,875938804,F,0,31,healthcare
795,604,5,889744210,M,1,36,student
276,59,5,878064458,M,1,27,programmer
238,800,2,892799297,M,1,55,educator
429,53,2,875682218,M,1,51,writer
682,55,4,889182763,F,0,55,writer
95,1166,3,880609172,M,1,35,student
482,1240,1,881255121,M,1,24,technician
1,274,5,880315502,M,1,39,programmer
405,60,4,875575614,M,1,50,lawyer
13,974,3,882368324,M,1,39,other
930,795,3,892438581,F,0,26,administrator
302,642,5,884275065,M,1,23,entertainment
896,328,4,879845513,M,1,26,student
498,818,1,882408948,M,1,39,scientist
161,1411,5,880691588,M,1,32,scientist
497,1217,1,879582595,M,1,25,entertainment
563,970,5,879526134,M,1,51,executive
52,7,3,878279616,M,1,27,lawyer
727,209,5,879504288,M,1,41,educator
89,287,3,879771991,M,1,33,student
380,1561,2,892236450,M,1,39,educator
566,23,5,879435315,M,1,39,technician
272,90,4,891624191,M,1,52,artist
64,211,2,880773545,M,1,52,educator
738,433,4,875539079,F,0,50,none
62,7,5,879490904,M,1,46,programmer
207,239,3,892209169,F,0,27,educator
311,181,3,882445423,M,1,26,programmer
724,199,5,879052106,M,1,34,educator
655,79,4,878283520,F,0,45,librarian
82,382,2,891987043,M,1,31,programmer
584,633,4,881459720,M,1,31,administrator
696,69,3,879816051,F,0,33,writer
721,268,3,879939535,M,1,33,programmer
937,429,2,891612951,F,0,52,librarian
181,140,4,879879450,M,1,28,educator
790,282,3,879484254,M,1,28,technician
788,318,4,891552945,F,0,51,librarian
592,202,3,891833267,M,1,44,engineer
244,949,2,875922811,M,1,24,educator
194,303,5,882531913,M,1,28,engineer
454,217,4,892669118,M,1,28,doctor
354,345,3,875789667,M,1,33,artist
627,492,2,883361927,M,1,43,student
399,1428,1,875404981,M,1,51,engineer
385,898,5,879878011,M,1,36,educator
938,27,5,889231774,M,1,31,technician
181,1139,5,879696121,M,1,27,administrator
920,1167,5,882719348,M,1,46,artist
116,425,4,880064744,M,1,32,other
189,660,1,875172836,M,1,49,student
42,83,5,875237757,M,1,28,student
154,190,3,882770967,M,0,24,technician
473,766,1,880402722,M,1,33,technician
436,1051,3,888528322,M,1,26,student
888,203,4,879885971,M,1,34,programmer
65,451,3,893430803,M,1,27,educator
561,678,4,884649124,M,1,30,student
109,191,1,879693097,M,1,24,other
361,1012,4,882747708,M,1,35,other
435,218,4,885111624,M,1,31,student
664,133,5,891688291,M,0,20,educator
328,185,3,881984775,M,1,59,technician
357,759,1,882319601,M,1,27,entertainment
559,147,2,880680395,F,0,33,librarian
597,148,5,882504169,M,1,28,artist
588,582,2,884326219,F,1,30,educator
122,1089,3,887586628,M,1,28,marketing
494,127,3,882717773,M,1,26,student
859,178,5,891753693,M,1,48,student
524,72,5,880677286,M,1,34,scientist
543,685,2,882633785,M,1,28,executive
752,521,4,891549012,M,1,29,other
314,121,3,880710758,F,1,27,student
508,934,1,882019942,M,1,45,other
85,199,4,879344253,M,1,51,administrator
847,959,5,879872532,F,1,36,other
714,166,5,886361014,M,1,36,programmer
614,294,5,877665719,M,1,23,technician
276,252,5,878018765,M,1,50,administrator
271,750,5,888726080,M,1,27,programmer
588,451,4,884301278,F,0,51,librarian
626,97,3,879362021,M,1,26,technician
93,751,5,875642153,F,0,32,administrator
642,154,5,879543143,M,1,50,scientist
715,1378,2,880473942,M,1,30,salesman
394,271,5,879500095,M,1,45,student
572,219,4,882753226,F,0,57,writer
868,173,4,879745014,F,1,40,educator
15,313,3,891821694,M,1,29,administrator
704,405,4,888842978,M,1,36,salesman
376,474,1,880284139,M,1,27,educator
385,291,4,884526248,F,0,31,librarian
22,234,3,891604890,F,0,27,librarian
896,300,4,882828877,M,1,27,librarian
13,237,4,882614366,M,1,24,technician
782,276,4,884757662,M,1,28,educator
553,209,2,880353904,M,1,28,educator
405,188,3,891849304,M,1,42,student
715,5,3,882318230,M,1,30,engineer
764,597,5,891339787,M,1,31,executive
833,1005,4,879360600,M,1,39,administrator
655,780,1,880501437,F,0,29,healthcare
485,742,5,892319829,M,1,44,student
394,734,3,883394254,M,1,31,artist
825,515,5,882131614,M,1,36,writer
21,323,3,891738170,M,1,35,executive
806,1154,3,880634482,M,1,32,scientist
886,742,4,879669627,F,0,50,educator
837,111,4,884281949,F,0,51,administrator
926,295,5,877712835,M,1,55,writer
669,402,3,880664121,M,1,23,programmer
181,98,4,891625952,M,1,27,student
798,161,3,879803289,F,0,35,writer
43,237,3,882676024,F,0,31,educator
493,323,5,879882912,M,1,41,engineer
798,67,4,886935142,F,0,52,writer
623,325,4,883874872,M,1,32,engineer
796,100,4,891947794,F,0,53,artist
224,281,2,884102994,F,0,50,librarian
696,644,5,889325993,M,1,34,technician
530,1085,4,880121683,M,1,53,homemaker
488,475,5,891750709,M,1,31,technician
543,68,2,879688148,M,1,44,other
5,685,4,893007212,F,0,39,healthcare
666,163,4,884128044,M,1,42,technician
60,1278,5,875180686,M,1,51,engineer
488,879,5,880539417,M,1,27,scientist
349,168,3,875826857,M,1,21,lawyer
839,168,3,879595353,M,1,39,retired
357,531,1,878121824,M,1,27,entertainment
616,1196,5,884459797,M,1,31,other
11,319,5,882729595,F,0,46,educator
488,198,5,887144464,M,1,49,educator
708,810,4,882053721,F,0,52,librarian
92,110,4,892456225,F,1,30,administrator
638,699,5,882906006,M,1,27,programmer
338,317,5,888636410,M,1,28,lawyer
354,313,3,879902748,F,1,18,administrator
393,1011,4,891890981,M,1,29,technician
343,198,2,880504942,F,0,52,healthcare
535,932,3,880158728,F,0,32,librarian
868,101,4,878681108,M,1,26,scientist
894,15,1,886279443,M,1,39,programmer
462,934,5,886825945,M,1,33,retired
92,50,3,884287938,M,1,44,administrator
583,117,5,892638646,M,0,62,educator
639,12,2,879736870,F,0,51,librarian
716,14,2,892209420,F,0,53,artist
653,195,5,879564312,M,1,18,administrator
411,47,1,879964587,M,1,31,educator
752,134,4,880000432,M,1,44,technician
102,441,4,879913738,M,1,39,technician
398,1039,5,883254033,M,1,31,engineer
8,792,3,880325892,M,1,31,technician
254,430,3,875000584,F,0,42,other
803,863,5,880004291,M,1,28,technician
325,156,1,885118398,M,1,12,engineer
235,512,5,887513837,M,1,28,administrator
285,95,5,879815570,M,1,51,executive
328,285,4,891560211,M,1,33,educator
199,639,3,893108094,M,1,55,programmer
645,1446,4,876569644,M,1,46,scientist
836,1252,3,891496751,F,0,39,salesman
698,1067,3,884785545,M,1,32,educator
724,763,3,888720853,F,0,51,writer
405,771,3,891939926,F,0,51,librarian
321,940,4,879513209,F,0,25,writer
148,181,4,880317373,M,1,34,student
577,39,3,884363779,F,0,51,healthcare
260,25,4,879690089,F,1,32,artist
417,238,4,879581417,F,0,52,educator
5,566,4,880665954,F,0,12,administrator
383,240,5,880749727,M,1,40,artist
251,83,4,879884534,M,1,41,administrator
247,375,3,880292648,M,1,27,programmer
284,188,1,879487671,M,1,19,programmer
314,9,2,884573128,F,0,35,student
848,217,4,879984960,M,1,35,administrator
308,10,5,874950182,M,1,26,engineer
417,153,4,880027274,F,0,51,librarian
653,77,1,875232934,M,1,35,marketing
125,234,4,891594645,M,1,28,technician
807,690,4,881673851,F,0,22,other
449,1039,5,883169891,M,1,38,executive
685,186,1,879713555,M,1,26,other
160,209,5,879689384,F,0,25,educator
627,474,5,882755265,M,1,23,programmer
152,1119,5,880578068,M,1,51,executive
472,265,5,891785021,M,1,40,engineer
34,431,3,882818854,M,1,34,lawyer
359,641,5,886865418,M,1,32,technician
534,86,2,891915210,M,1,27,programmer
126,280,5,887348280,M,0,44,educator
11,1154,1,879443511,F,0,42,healthcare
399,97,3,891919532,M,1,39,lawyer
749,1147,5,880594326,M,1,40,technician
18,354,2,882699974,F,0,35,none
144,970,4,880090687,M,1,39,retired
452,872,4,889188207,M,1,26,administrator
269,199,4,878416784,F,0,35,writer
291,549,5,891340958,M,1,40,librarian
297,147,4,882954018,M,1,38,executive
425,527,5,879819374,M,1,31,student
894,151,3,879809645,M,1,39,executive
179,468,3,877612216,M,1,51,technician
518,650,4,878967545,M,1,32,educator
263,432,5,881273979,M,1,35,technician
883,1014,5,891394837,M,1,44,student
537,1044,3,883029933,M,1,51,educator
837,792,1,882274629,M,1,18,other
605,120,1,879654113,F,0,49,librarian
454,477,4,892934467,M,1,28,programmer
887,820,3,875333119,F,0,36,librarian
933,404,2,876533500,M,1,42,programmer
856,197,3,891837981,M,1,50,marketing
533,1018,3,882198615,M,1,23,programmer
525,1048,3,880568485,M,1,28,technician
732,133,2,882435786,F,1,36,student
317,1049,4,891411028,F,0,43,healthcare
610,209,5,882990369,M,1,20,educator
873,39,3,882279215,M,1,28,educator
490,30,3,877700967,M,0,24,student
699,1435,4,874885094,F,0,55,librarian
934,382,3,882315904,M,1,50,retired
338,761,5,879557325,M,1,44,administrator
259,597,3,881039018,M,1,32,executive
279,152,5,888646453,F,0,27,administrator
57,1084,2,879655250,F,1,51,salesman
128,1266,3,891970951,F,0,51,marketing
787,303,5,879737198,M,1,24,programmer
537,111,4,889081805,M,1,35,programmer
366,132,1,882605022,F,0,19,artist
287,24,4,892441868,F,0,24,educator
444,293,4,892632999,M,1,32,other
101,127,4,878331824,M,1,36,technician
406,451,1,889337852,M,1,28,programmer
264,315,5,880533337,M,1,27,librarian
873,1065,4,886457708,M,1,26,engineer
186,333,2,879545485,F,0,27,librarian
446,471,4,892459525,M,1,37,technician
666,49,3,891125979,F,0,50,librarian
75,73,4,885500185,M,1,30,doctor
152,463,1,882226239,F,0,32,artist
514,50,5,886206424,M,1,51,retired
128,134,1,883162171,M,1,25,educator
734,7,4,880099345,F,1,30,salesman
708,655,4,891942884,F,0,52,librarian
472,385,3,883338237,M,1,30,marketing
694,134,2,881478039,F,0,19,artist
7,471,4,877569835,M,1,26,educator
128,17,4,879766718,F,0,11,writer
299,152,3,891712274,M,1,36,marketing
269,1245,3,879631949,F,0,24,artist
407,3,5,879551993,F,0,44,writer
94,423,1,878171509,M,1,35,engineer
339,647,3,879683250,M,1,28,engineer
254,139,2,875505439,M,0,43,engineer
201,402,5,882945340,M,1,24,retired
571,29,2,883759839,F,0,22,none
239,499,1,876884024,M,1,53,salesman
485,619,3,882511766,M,1,38,entertainment
343,222,3,882662767,M,1,50,programmer
91,1597,5,889182119,M,1,32,lawyer
90,662,3,875349849,M,1,27,executive
368,173,3,886154234,M,1,50,student
770,40,5,879537909,M,1,26,writer
497,255,3,892075693,M,1,23,student
887,228,4,885856063,F,0,53,administrator
145,531,2,889050529,M,1,33,educator
164,885,3,880246498,M,1,32,other
882,268,2,875484223,F,0,51,educator
601,512,5,875667254,M,1,35,entertainment
43,340,4,892172194,M,1,35,educator
707,685,4,882660421,F,0,53,librarian
622,728,3,875801845,F,0,32,educator
153,284,2,876008097,M,1,29,homemaker
445,240,5,879994241,M,1,47,educator
655,485,2,879707578,F,0,51,student
409,405,5,882573141,M,1,44,librarian
158,285,3,875463670,M,1,35,technician
847,802,4,879912944,M,1,40,student
151,427,2,879601508,M,0,51,writer
915,331,3,889349935,M,1,22,marketing
881,22,5,879780938,M,1,27,technician
354,659,4,880453940,F,0,33,librarian
655,476,5,880085622,F,0,30,none
562,95,5,880931377,M,1,36,programmer
715,94,3,876363355,M,1,53,educator
889,365,5,892196584,M,1,27,educator
308,185,5,882612800,M,1,25,engineer
151,344,2,879575997,M,1,28,educator
724,748,5,880366942,M,1,36,educator
123,7,4,882921016,M,0,26,administrator
116,552,2,882856213,M,1,35,technician
752,1085,1,881177428,M,1,30,executive
233,1004,1,879440544,M,1,27,programmer
655,582,4,880047615,F,0,52,educator
632,95,5,885040727,M,1,28,educator
46,174,1,881146691,M,1,40,entertainment
73,81,5,882467456,M,1,28,librarian
178,264,2,879822671,F,0,53,artist
234,449,5,891066109,M,1,31,educator
334,501,4,891569894,F,0,35,librarian
885,132,1,884106538,M,1,27,student
94,56,1,885967228,M,1,45,student
938,515,4,884819517,M,1,19,lawyer
387,1678,3,884688413,M,1,9,educator
733,181,3,882612896,M,1,27,other
617,732,4,889288437,F,0,49,administrator
786,561,1,875851779,F,0,27,librarian
909,318,4,882668744,M,1,43,artist
921,482,4,882645592,M,0,28,educator
279,431,2,892679557,M,1,47,artist
297,143,4,884534171,M,1,23,educator
343,452,1,892775484,M,1,27,executive
100,111,5,889561546,F,0,39,healthcare
236,411,5,891792080,M,1,25,entertainment
341,427,5,885544164,M,1,23,executive
585,901,4,879721144,M,1,31,administrator
910,184,2,892015923,M,1,34,programmer
660,182,3,876027620,F,0,35,none
504,245,3,884134005,M,1,53,other
308,423,5,879633983,M,1,31,programmer
405,100,4,891900824,F,0,50,librarian
284,824,4,882716982,M,1,27,educator
58,304,5,880154922,M,0,31,artist
42,995,5,882676256,F,0,49,administrator
592,1638,3,888837515,F,0,39,healthcare
254,455,5,880550352,M,1,51,other
6,1376,2,886170568,M,1,27,programmer
848,981,2,882638234,M,1,46,other
606,513,5,879442884,M,1,26,scientist
469,34,5,892707312,M,1,27,lawyer
328,877,5,879563551,M,1,27,other
405,300,4,879792037,F,0,36,writer
798,318,2,883316160,M,1,40,educator
64,806,3,891926863,F,0,11,educator
550,255,5,879715321,F,0,53,administrator
98,705,2,882357355,M,1,54,educator
113,904,2,882981986,M,1,26,administrator
167,734,4,882837229,M,1,45,doctor
615,211,4,876406210,M,1,26,other
823,423,4,880066787,M,1,31,programmer
181,428,4,891262703,M,1,30,programmer
711,274,4,883945010,M,1,31,administrator
463,770,4,889364244,M,1,20,student
321,191,4,880535330,F,0,39,librarian
592,288,1,879466457,M,1,33,programmer
144,188,1,891625607,M,1,36,student
883,654,5,879039490,M,1,53,engineer
405,139,4,881177622,F,0,50,librarian
902,452,1,883445306,M,1,46,other
450,257,4,892367459,F,0,41,librarian
430,415,5,875218554,M,1,23,educator
551,7,4,880032170,F,0,39,healthcare
721,458,5,879389484,M,1,24,marketing
613,259,1,892629768,M,1,46,retired
311,662,3,882783351,M,1,29,other
606,514,5,892079729,M,1,33,marketing
308,1173,5,879575684,F,0,52,educator
503,614,4,888694322,M,1,23,programmer
114,141,3,882617324,M,1,22,executive
413,303,5,879614363,M,1,42,artist
783,25,1,875415707,M,1,44,student
286,155,4,879609814,M,1,25,programmer
892,540,1,882899804,M,1,33,educator
640,239,3,875532054,M,1,24,administrator
532,1,5,893572678,M,1,28,educator
848,514,3,886429067,M,1,25,educator
151,121,5,882806293,M,1,32,educator
694,738,5,881088983,F,0,35,artist
256,853,3,884684335,F,1,40,librarian
308,210,5,892090531,F,0,61,administrator
592,7,4,888995588,M,1,38,student
88,786,5,879103655,M,1,33,salesman
655,196,2,879465073,F,0,43,librarian
838,89,2,879579863,M,1,41,programmer
406,1558,4,891674608,F,0,31,student
275,1591,4,884534670,M,1,26,educator
635,966,5,884779936,M,1,27,engineer
919,278,1,879700241,M,1,31,student
666,12,1,877612998,M,1,32,programmer
851,856,2,887301613,M,1,39,engineer
285,134,1,891875007,M,1,31,technician
158,193,2,880051261,M,0,40,lawyer
62,181,1,884093414,F,0,44,healthcare
297,277,4,875066793,M,1,45,programmer
98,198,2,877839732,M,1,51,technician
405,30,3,891789678,F,0,51,librarian
291,134,3,882768204,M,1,31,student
219,678,4,882709636,M,1,27,doctor
488,252,5,880020581,M,1,27,student
361,426,2,891962507,M,1,20,programmer
458,303,1,885859215,M,1,51,salesman
103,123,5,884500009,F,0,31,salesman
789,1039,3,891835848,M,1,27,engineer
645,271,5,875975078,M,1,27,salesman
296,652,2,888526218,F,0,32,writer
322,202,5,879637456,M,1,35,engineer
550,633,5,892108307,M,1,39,engineer
487,38,3,889231764,M,1,43,lawyer
334,161,5,881268126,F,0,23,administrator
203,241,1,885939999,M,1,28,programmer
244,718,5,880361122,M,1,28,technician
822,1422,3,882773095,M,1,27,scientist
458,99,5,884129367,M,1,43,student
43,276,4,879534462,M,1,10,educator
609,474,5,875507916,M,1,10,entertainment
757,52,5,882691878,M,1,32,programmer
23,800,2,884726063,M,1,35,marketing
902,310,4,879486856,M,1,35,programmer
213,584,5,877053437,M,1,38,executive
747,238,4,892248758,M,1,23,technician
457,7,3,884455308,F,0,35,writer
151,275,3,890206929,M,1,27,student
637,762,5,874991688,F,0,31,salesman
503,627,3,875605661,F,0,51,librarian
617,156,2,880056795,M,1,34,librarian
907,405,5,882377922,M,1,27,executive
458,121,4,875355587,F,0,53,healthcare
545,294,4,879724134,M,1,45,entertainment
475,370,5,882964255,M,1,36,marketing
650,340,1,880014705,M,1,27,librarian
870,294,4,890985263,M,1,27,educator
437,319,5,880162367,M,1,31,educator
99,644,3,888386156,M,1,52,none
11,286,5,879277678,M,1,52,technician
221,224,5,880427525,M,1,27,educator
39,474,2,883278344,M,1,23,retired
543,195,3,879345685,M,1,31,other
877,603,3,881385043,M,1,27,marketing
437,230,1,875725369,M,1,38,lawyer
930,712,2,890344721,M,1,25,executive
204,98,2,882939003,M,1,27,student
690,628,1,883850982,F,0,19,healthcare
602,841,5,879715078,F,1,46,administrator
450,28,3,891925385,F,0,32,educator
201,325,3,891096404,M,1,35,programmer
747,1074,4,879697932,M,1,30,educator
761,954,2,880955239,F,0,50,homemaker
351,125,1,883132218,M,1,44,lawyer
199,961,3,882487768,M,1,51,other
15,864,3,879143052,M,1,32,educator
70,462,1,891989472,F,0,35,librarian
487,1258,4,885943672,M,1,24,other
454,705,1,879611549,M,1,27,programmer
640,345,1,881514146,F,0,31,artist
839,38,5,875997826,M,1,39,other
566,339,2,891726305,M,1,39,lawyer
144,173,5,882473104,M,1,50,educator
49,650,2,879716560,F,0,32,writer
375,159,5,892632156,M,1,25,doctor
675,1103,2,892027801,M,1,24,lawyer
87,230,4,882800775,M,1,23,administrator
21,343,3,882850035,M,1,39,administrator
932,7,4,888998071,M,1,43,lawyer
195,475,2,891619356,F,0,51,healthcare
151,161,3,892346197,F,0,52,writer
417,431,2,886550461,F,0,57,artist
499,678,4,878459652,M,1,26,administrator
616,207,5,882336300,M,1,34,engineer
567,1035,5,879517699,F,1,26,educator
592,1337,5,891679861,M,1,29,engineer
36,178,1,888454411,M,1,50,technician
11,709,3,880550995,M,1,51,lawyer
307,748,4,875650331,M,1,24,educator
160,67,4,884318409,M,0,35,educator
239,302,4,879717901,F,0,32,librarian
313,1043,4,877880597,M,1,20,writer
59,524,5,887662075,M,1,43,writer
704,508,5,891767212,F,0,25,librarian
561,180,5,886783483,M,1,35,executive
341,1246,2,883317139,M,1,32,programmer
151,280,4,892108821,F,0,53,writer
789,628,3,880148878,M,1,27,scientist
49,301,3,880247721,F,0,31,librarian
25,322,5,881981168,M,1,40,educator
920,1085,4,884301235,M,1,41,doctor
798,508,1,879410106,F,1,32,librarian
474,611,5,879312231,M,1,23,technician
333,56,1,891629935,M,1,51,engineer
554,832,1,891379059,M,1,10,entertainment
905,343,5,883090492,M,1,29,programmer
804,31,1,888752948,M,1,46,educator
432,132,4,875787936,F,0,40,salesman
752,293,3,884902438,M,1,45,programmer
153,749,3,876761422,M,1,36,marketing
846,211,4,892337584,M,1,26,executive
869,197,5,891457567,M,1,24,salesman
139,333,2,881835507,F,0,52,artist
128,100,3,891408794,F,0,51,librarian
405,285,4,891908069,F,0,36,educator
663,73,2,878648009,M,0,31,student
5,357,2,891354483,M,0,35,writer
505,934,5,879907424,M,1,27,technician
690,180,5,892668523,M,1,34,technician
238,462,5,879962025,M,1,50,executive
189,1017,2,876325138,M,1,31,engineer
514,286,5,882351523,M,1,33,executive
446,209,5,882497366,M,1,27,programmer
346,310,5,880516338,F,0,51,healthcare
867,142,4,891850748,M,1,43,educator
559,31,3,880396081,M,1,28,educator
327,892,3,882888800,M,1,36,programmer
534,1299,5,878325189,M,1,30,engineer
457,993,5,882748213,F,0,36,librarian
98,1176,5,878240344,M,1,40,homemaker
833,806,1,889590635,M,1,32,student
919,174,4,891877611,M,1,35,other
756,574,4,879804240,F,0,51,writer
405,79,1,879525509,F,0,26,librarian
701,1032,3,893133238,M,1,28,doctor
363,329,4,886429139,M,1,19,technician
503,753,1,884524734,M,1,44,technician
655,499,3,892575348,F,0,35,librarian
717,1166,5,891878082,M,1,52,programmer
16,354,5,882578450,M,1,27,educator
773,508,5,891873438,F,0,33,writer
738,520,4,882062344,F,1,27,salesman
385,28,5,879545029,F,0,39,educator
1,1011,4,892077250,M,1,26,programmer
60,175,4,879214518,M,1,31,programmer
174,504,3,880424648,M,1,24,educator
487,458,3,882498231,M,1,23,student
371,849,2,879625027,M,1,36,educator
864,1380,5,888381100,M,1,49,other
492,170,1,889763714,M,1,24,programmer
537,15,3,884392371,M,1,38,engineer
787,98,1,879536521,M,1,44,student
805,285,3,886222749,F,0,36,librarian
195,237,1,891268590,F,0,27,healthcare
276,1078,2,879592552,M,1,30,other
727,1177,1,885855940,M,1,39,scientist
275,117,1,891898106,M,1,27,artist
344,1245,3,891921058,F,0,57,librarian
152,199,4,879884875,M,1,51,artist
270,132,3,892173806,F,0,45,other
508,161,5,879702972,F,1,28,technician
236,44,5,882157981,F,0,43,librarian
704,97,5,879790363,M,1,35,technician
201,133,5,883212187,M,1,27,programmer
49,22,3,879846992,F,0,50,administrator
687,596,4,888918402,M,1,40,lawyer
234,724,4,884636911,M,1,27,programmer
317,249,4,880593667,M,1,44,student
931,772,4,878457469,M,1,30,retired
268,232,3,892436224,F,0,19,librarian
908,946,4,879842910,M,1,33,doctor
29,1510,5,884028859,F,0,44,salesman
305,429,5,891363980,M,1,24,programmer
937,49,2,882414426,F,0,35,librarian
87,480,5,892882915,M,1,40,artist
151,230,5,882739988,F,0,23,administrator
416,118,5,879684135,F,0,51,librarian
120,1211,4,883496066,M,1,43,artist
796,162,5,888529466,F,0,51,librarian
437,413,5,892401862,M,1,34,salesman
5,232,3,879877072,F,0,50,educator
707,88,3,891165129,F,0,43,librarian
381,58,3,892174538,M,1,36,educator
345,340,4,879247723,F,0,35,healthcare
37,589,4,891796766,M,1,38,programmer
373,628,2,891277980,M,1,27,retired
162,301,5,892966718,M,1,26,executive
916,652,5,887088035,F,0,51,librarian
864,13,5,882144860,M,1,19,executive
634,250,5,888058312,M,1,31,programmer
440,433,3,879611694,F,0,32,educator
892,429,3,892176023,F,0,52,educator
319,484,5,883200948,M,1,33,technician
408,815,5,882748583,M,1,19,librarian
749,284,2,891791072,M,1,32,educator
921,186,3,891627858,F,0,32,librarian
918,175,3,879512012,M,1,39,technician
655,396,4,892061058,F,0,51,healthcare
707,188,5,880312643,M,1,28,artist
246,8,5,884752481,M,1,30,student
208,680,5,892803291,M,1,37,engineer
308,597,4,880744888,M,1,31,technician
304,204,5,880489118,M,1,27,artist
361,307,5,879183446,M,1,30,entertainment
357,222,1,882446823,M,1,32,educator
21,184,5,878284177,M,1,35,marketing
805,685,3,892660659,F,0,31,writer
94,627,1,877723876,M,1,51,technician
305,806,5,886208631,M,1,30,executive
405,417,2,885511458,F,0,36,educator
218,172,4,878472381,M,1,17,administrator
56,781,3,891981677,F,0,30,librarian
736,1210,4,891636411,M,1,43,technician
758,79,1,888935426,F,1,53,technician
64,433,4,875535124,F,0,43,librarian
334,523,3,891957522,F,0,50,educator
474,402,4,884228421,M,1,45,librarian
445,237,4,891669114,F,0,49,programmer
75,174,1,879504022,M,1,31,technician
311,651,1,892378823,M,1,31,programmer
897,85,4,889072851,M,1,39,executive
797,288,2,879693640,M,1,52,educator
551,275,1,879943208,M,1,32,executive
581,1200,3,880251309,M,1,30,librarian
496,1028,2,879767041,F,0,51,student
301,179,5,878915607,M,1,32,executive
50,1412,2,880144505,M,1,29,doctor
181,1284,4,880947889,M,1,27,scientist
868,386,3,879441299,F,0,51,artist
632,742,4,892382932,M,1,39,technician
303,699,3,880302897,M,1,48,administrator
869,111,2,882721876,M,1,26,student
97,323,3,883889097,M,1,27,artist
865,482,5,879743116,M,1,24,student
472,118,2,884238883,M,1,39,writer
45,54,5,892510349,M,1,29,programmer
680,329,4,885970465,M,1,23,student
249,138,2,883179080,M,1,40,student
339,449,5,879924300,M,1,33,educator
813,50,3,886749278,M,1,23,librarian
634,705,5,879988387,M,1,24,student
795,302,1,889657656,M,1,39,librarian
44,59,3,892687011,M,1,31,programmer
328,1245,2,878334559,M,1,28,artist
92,731,3,880334130,M,1,36,executive
796,1197,4,891990518,F,0,50,healthcare
122,237,5,892301109,M,1,28,administrator
192,591,4,884167038,M,1,23,technician
463,202,3,881132267,F,0,27,healthcare
655,132,1,891721073,F,0,23,librarian
465,1369,2,883108160,M,1,28,educator
7,853,5,879940442,F,0,26,artist
789,1076,3,880877861,M,1,35,doctor
330,476,1,891440314,F,0,42,other
661,313,1,888332504,M,1,26,entertainment
70,331,5,879413617,M,1,27,engineer
479,44,5,882822725,M,1,40,educator
122,511,5,879200711,M,1,40,engineer
676,295,3,875476965,M,1,35,educator
407,14,3,882476855,M,0,35,artist
898,307,5,879535279,M,1,36,engineer
564,126,3,882529105,M,1,39,student
392,295,5,880300246,M,1,23,executive
908,186,1,876064694,M,1,31,student
796,887,2,882625276,M,1,45,administrator
711,293,4,889680312,M,1,35,programmer
117,679,1,876544106,M,1,23,student
7,90,3,879695048,M,1,38,student
592,259,4,891368459,M,1,39,educator
28,318,5,892212500,F,1,39,administrator
749,176,4,879334981,F,0,52,healthcare
739,203,4,886640590,M,1,28,student
907,414,3,891965397,F,0,22,administrator
256,172,4,882971266,M,1,31,student
642,382,4,880392593,F,0,51,healthcare
694,28,5,881111097,M,1,27,programmer
62,283,1,884333853,F,0,27,librarian
193,591,5,892194679,M,0,27,other
124,1410,2,892950449,M,1,35,doctor
885,538,1,877764412,M,1,40,technician
201,245,5,883813883,M,1,24,executive
41,689,1,875515735,F,0,24,healthcare
778,367,5,881603136,M,1,39,engineer
5,510,1,877206505,F,0,35,healthcare
689,700,3,888708759,M,1,18,programmer
504,1473,3,892331800,F,0,19,administrator
311,174,5,891468482,M,1,36,technician
17,237,3,882440396,M,1,27,librarian
494,98,4,878373264,M,1,44,engineer
487,607,4,892416760,M,1,27,lawyer
198,1137,5,892374184,M,0,31,salesman
670,528,3,881563670,M,1,35,programmer
279,735,5,881243428,F,0,39,administrator
600,1329,5,880439528,M,1,28,educator
840,270,5,892231295,M,1,35,programmer
1,1064,2,891839015,M,1,27,engineer
128,402,2,879930247,M,0,36,educator
642,508,4,892307124,F,0,31,educator
381,130,2,879567951,M,1,40,educator
450,607,4,881727160,F,0,31,writer
783,1218,3,875435080,M,1,38,retired
868,127,3,882629993,F,1,31,other
768,1165,4,876060618,M,1,39,engineer
7,709,5,879970834,M,1,24,educator
758,531,1,880090837,M,1,27,entertainment
405,183,1,882735731,F,0,44,librarian
798,204,3,875556266,F,0,31,librarian
427,1083,1,891567598,M,1,30,administrator
715,653,1,884266892,M,1,23,lawyer
452,486,1,879693572,M,1,27,educator
294,268,5,886309586,M,1,28,marketing
405,68,4,880738206,F,0,51,educator
642,69,5,879086598,F,0,39,librarian
130,1175,1,889413532,M,1,24,other
195,695,2,892418677,M,1,52,educator
618,737,3,891964412,F,0,27,librarian
699,238,4,882967492,M,1,31,educator
498,242,5,879814315,M,1,33,engineer
305,101,3,882668950,M,1,28,programmer
738,520,5,880157944,M,1,19,retired
247,863,3,882483599,M,1,28,programmer
69,126,5,891934447,M,1,27,student
566,1028,5,882696782,M,1,53,programmer
381,126,5,880553020,M,1,34,executive
880,358,3,891994275,M,1,28,educator
579,13,1,891559719,M,1,30,technician
405,321,4,879506127,F,0,19,writer
588,273,3,879893587,M,1,23,programmer
848,856,2,886423710,M,1,10,programmer
652,597,4,882718826,M,1,46,educator
885,783,2,885908044,F,1,51,educator
830,606,3,880018251,F,0,27,salesman
504,147,4,892010154,F,0,52,retired
535,33,4,892464939,M,1,24,student
774,1028,4,891409532,M,1,32,programmer
749,191,4,879856885,F,0,52,librarian
405,358,4,879576752,F,0,44,educator
869,255,1,887042830,M,1,28,student
447,354,5,879368300,M,1,34,educator
518,14,4,884213309,M,1,27,administrator
92,240,1,882627339,M,1,51,student
894,79,1,888392655,M,1,38,lawyer
749,79,1,880860865,M,1,31,student
864,246,3,892068996,M,1,27,other
326,216,1,881544618,M,1,22,engineer
796,7,3,882888941,F,0,52,student
936,1128,5,886817156,M,1,39,student
520,623,5,879810327,M,1,53,engineer
330,494,3,879714160,M,1,58,scientist
807,557,4,879863172,F,0,52,administrator
387,109,5,891206378,M,1,27,student
340,1245,5,884708128,M,1,28,artist
130,203,4,892670806,M,1,27,administrator
788,311,5,882272300,M,1,36,retired
751,100,4,891936751,F,0,31,writer
688,289,5,875979817,M,1,36,technician
380,523,5,879614879,M,1,39,educator
594,248,4,892109838,M,1,30,student
256,301,5,891499375,M,1,24,other
178,187,3,882950595,M,1,46,educator
34,719,5,876340770,M,1,27,retired
367,481,3,880236997,M,1,40,scientist
880,21,5,881447322,M,1,28,technician
685,1234,4,876901074,M,1,51,retired
502,477,5,892859016,M,1,28,programmer
597,729,5,891639110,M,1,27,student
582,1380,5,888721481,M,1,59,student
488,629,3,882620534,M,1,39,educator
863,174,4,884491229,M,1,26,educator
455,234,3,881173363,F,0,31,administrator
500,396,5,880398273,M,1,25,administrator
618,554,4,879789876,M,1,32,executive
286,357,4,884643139,M,1,51,other
391,485,4,882373697,M,1,28,educator
294,1226,5,889557604,M,1,33,engineer
503,409,3,891940026,F,0,50,educator
222,1009,3,882283866,M,1,43,educator
592,187,1,888608920,M,1,47,educator
195,132,5,880929002,M,1,39,technician
416,590,2,884051128,F,1,29,none
487,72,3,882737452,M,1,53,executive
788,4,5,885196437,M,1,36,educator
848,286,5,875222174,M,1,32,retired
900,99,5,883037114,M,1,33,student
773,301,5,884401793,F,0,53,librarian
639,315,1,877561532,M,1,50,educator
149,845,2,880215913,M,1,28,technician
523,285,4,886406425,M,1,51,executive
844,1102,4,882859907,M,1,24,student
935,143,5,876656955,M,1,36,doctor
406,1401,3,879903951,M,1,26,lawyer
90,294,3,880161901,F,0,36,librarian
301,546,1,882651537,M,1,38,technician
326,121,3,887015944,M,1,24,programmer
32,54,1,879978196,M,1,38,technician
157,237,3,874863061,M,1,27,programmer
279,238,2,892371614,M,1,35,educator
344,31,2,879494851,F,0,52,educator
595,558,3,884797696,M,1,32,programmer
272,845,3,884915398,F,0,52,educator
532,68,5,880356981,M,1,33,artist
318,83,5,884188783,M,1,33,programmer
885,499,5,892118302,M,1,25,programmer
214,50,4,880197790,M,1,35,student
758,380,4,891326772,M,0,52,librarian
44,955,4,879211806,M,1,27,technician
821,252,3,879805176,M,0,31,other
919,386,3,880320909,F,0,23,healthcare
835,708,3,889090735,M,1,27,artist
749,430,5,879476040,M,1,46,engineer
500,279,5,880851272,M,1,31,programmer
223,406,3,879745928,F,0,51,educator
347,693,2,879795947,M,1,31,student
631,1063,2,877738314,M,1,34,artist
230,449,5,882563447,M,1,33,programmer
833,56,4,879946561,M,1,38,executive
168,529,4,875695842,F,0,44,librarian
401,679,5,880139051,M,1,31,executive
887,321,1,879883485,F,0,35,librarian
715,45,3,879320330,M,1,31,administrator
818,133,1,880287669,M,1,39,technician
145,1017,5,879574953,M,1,23,marketing
592,117,5,881846634,M,1,58,marketing
655,109,4,881058589,F,0,45,librarian
464,135,5,893073661,M,1,27,other
711,473,4,891937781,M,1,38,student
216,207,5,878893448,M,1,29,engineer
846,493,4,879352986,F,1,27,engineer
128,117,5,879976670,F,0,36,educator
146,199,5,882970775,M,1,41,entertainment
807,42,5,881600270,F,0,52,educator
384,97,4,879752879,M,1,27,other
128,181,4,881432486,F,0,50,educator
503,192,3,879283466,M,1,32,educator
59,658,4,879712469,M,1,31,engineer
315,609,5,882378483,M,1,31,programmer
401,685,4,882652579,M,1,42,student
254,530,2,892159519,F,0,52,librarian
527,158,3,880487766,M,1,27,administrator
497,231,4,891712541,M,0,39,educator
749,1472,2,879819478,F,0,45,librarian
497,768,4,879197570,M,1,32,marketing
674,219,4,879509151,F,0,51,salesman
122,346,5,892089537,M,1,30,executive
56,9,5,882665683,M,1,31,engineer
537,264,5,879956368,M,1,28,programmer
552,481,3,886274190,M,1,24,technician
34,1306,4,877534285,M,1,36,doctor
642,1248,5,891961762,F,0,31,educator
450,735,4,891958289,F,0,24,administrator
450,288,4,892478159,F,0,40,healthcare
163,248,4,886457560,F,0,43,student
256,687,4,886420107,F,0,31,educator
117,216,1,875418689,M,1,24,salesman
514,682,1,879786750,M,1,44,educator
448,781,3,879710802,F,0,31,other
663,9,5,876299219,M,1,34,scientist
58,260,4,884085088,M,1,27,artist
96,934,1,884042518,M,1,32,educator
929,837,4,879953924,M,1,31,student
880,62,4,875534402,M,1,32,educator
225,650,2,889040830,M,1,27,other
472,25,5,876227136,M,1,23,librarian
830,474,1,879406963,M,1,28,programmer
799,43,3,892727764,M,1,52,educator
872,629,3,877525913,F,0,27,librarian
845,277,3,892157728,F,0,50,none
606,557,2,880517768,M,1,25,technician
648,328,3,879652445,M,1,38,entertainment
269,233,3,882299869,M,1,28,educator
18,273,3,881777165,F,0,29,administrator
927,188,5,891897172,M,1,35,doctor
274,209,2,893018755,M,1,54,other
722,186,3,892287687,M,1,23,lawyer
280,294,2,879501468,F,0,35,administrator
432,474,1,879784395,M,1,23,engineer
247,1605,3,885409346,M,1,31,scientist
552,326,1,879681743,M,1,28,entertainment
642,845,2,877331272,M,1,52,educator
214,250,3,882532110,M,1,31,administrator
535,274,4,884702558,M,1,19,administrator
47,930,4,891787659,M,0,28,educator
427,367,4,882423749,M,1,39,student
387,8,3,880041282,F,0,50,librarian
258,52,2,884617265,M,1,30,programmer
159,429,2,880579045,F,0,58,librarian
243,988,3,891260306,F,0,24,marketing
934,175,1,875553285,M,1,39,scientist
524,815,3,884081032,M,1,28,educator
471,101,5,882919494,M,1,28,programmer
808,514,5,891760869,M,1,19,engineer
153,252,1,880029677,M,1,26,artist
823,344,2,886912891,M,1,30,executive
435,882,4,879784961,M,1,20,homemaker
643,117,4,879682150,M,1,46,other
683,1110,5,882439296,M,1,27,programmer
470,50,4,881390249,M,1,31,programmer
773,120,4,892193087,F,0,51,librarian
6,40,3,879769244,M,1,53,administrator
95,748,3,892157624,M,1,39,executive
794,127,1,879086220,M,1,31,other
250,578,3,889919554,M,1,24,artist
181,380,5,882867140,F,0,38,administrator
297,143,4,882653238,F,0,11,educator
766,167,5,880301102,M,1,41,technician
181,816,2,892753930,M,1,34,programmer
3,342,5,892276321,F,0,53,none
663,186,3,881762385,M,1,42,student
221,127,5,879543702,M,1,25,engineer
588,127,5,879584514,M,1,38,programmer
545,204,2,881353922,F,0,40,artist
789,12,4,882184196,M,1,32,other
345,129,5,891728939,F,0,51,educator
321,274,5,882026233,M,1,33,administrator
90,591,4,878597793,M,1,37,student
164,243,4,880063321,M,1,31,educator
560,699,3,883182253,M,1,27,engineer
341,162,5,892707023,M,1,37,educator
7,127,5,892145398,M,0,39,retired
294,1050,5,876229832,M,1,26,other
710,1060,1,884327729,M,1,19,librarian
782,474,2,882455597,M,1,30,administrator
618,451,4,879953523,F,0,44,writer
504,117,4,889319814,M,1,42,administrator
345,1267,5,884830418,M,1,30,programmer
543,616,2,879363669,F,0,31,healthcare
59,118,5,891988789,F,0,33,administrator
328,333,4,891686054,F,0,51,librarian
655,568,2,880431182,F,0,35,administrator
344,323,5,880008740,M,1,32,retired
653,480,3,888882494,M,1,52,librarian
15,86,5,892683532,M,1,38,programmer
561,448,4,883013297,M,1,27,marketing
562,287,5,892233574,M,1,36,programmer
496,153,4,882794831,M,1,36,educator
655,179,4,892064167,F,0,52,librarian
136,499,1,891205103,M,1,39,student
16,174,1,877931099,M,1,27,technician
864,541,5,881592357,M,1,51,administrator
406,265,4,886398947,M,1,49,entertainment
405,191,4,891737555,F,0,54,librarian
223,300,3,877113529,F,0,43,librarian
470,72,5,879637397,M,1,45,student
630,167,4,891765588,F,0,27,none
273,1383,3,891998388,M,1,35,artist
161,22,5,883956199,M,0,28,artist
639,294,3,888952451,M,1,32,educator
308,131,5,891473881,F,0,52,librarian
447,521,3,888651505,M,1,35,artist
271,685,4,892093856,M,1,45,programmer
840,347,2,881696699,F,0,27,librarian
299,127,4,880050814,M,1,38,educator
887,386,4,884905937,F,0,31,writer
249,487,1,875805870,M,1,23,programmer
399,333,4,892034414,F,0,49,homemaker
454,13,5,882709074,M,1,17,doctor
90,121,4,879727869,M,1,40,educator
181,195,4,879513479,F,0,51,writer
833,79,1,884510975,M,1,19,technician
130,433,4,882448124,M,1,22,student
308,395,4,886853059,M,1,28,student
541,556,1,889219241,M,1,53,educator
698,293,5,880401716,M,1,31,technician
27,299,4,884166453,F,0,35,administrator
727,478,5,883766834,M,1,33,writer
642,618,2,880653725,M,1,43,marketing
130,419,3,892169314,M,1,31,lawyer
592,1346,5,879892305,M,0,51,administrator
32,262,3,891576053,F,0,27,librarian
416,1,4,883993589,F,0,49,librarian
651,1106,2,893117188,M,1,26,homemaker
256,650,4,891957095,F,0,43,artist
256,15,2,875156192,M,1,38,engineer
766,122,3,880018321,M,1,50,other
417,300,4,879651185,M,1,36,student
234,181,4,891637016,M,1,38,student
782,1090,4,884280526,F,0,51,librarian
545,229,3,879956143,M,1,35,programmer
320,210,3,888919352,M,1,24,executive
263,796,5,880365409,M,1,29,student
821,527,1,884847953,M,0,31,librarian
85,211,2,879571426,M,1,52,educator
60,15,5,877760091,M,1,52,student
260,1276,1,879820578,M,1,26,librarian
823,333,4,882630202,F,0,52,librarian
37,882,4,892453064,F,0,45,librarian
543,409,1,878237749,M,1,27,student
281,13,2,889207235,M,1,44,educator
583,384,3,885076626,M,1,25,programmer
595,190,3,891837905,M,1,23,entertainment
149,419,3,879387947,M,1,50,educator
882,96,1,892224540,F,0,27,administrator
334,214,4,880537701,M,1,31,programmer
621,869,2,883294034,M,1,32,other
655,9,3,892468798,F,0,32,educator
523,1132,3,881675483,M,1,31,artist
750,284,5,880063156,M,1,27,marketing
922,655,4,875581252,M,1,28,doctor
845,538,4,891253766,M,1,19,administrator
352,411,4,875399099,M,1,23,retired
728,531,1,884317062,M,1,28,educator
227,323,5,879382887,M,1,27,technician
189,476,3,892188579,M,1,43,educator
456,695,4,879370438,M,1,43,technician
303,1161,3,893581211,M,1,28,programmer
299,540,3,882648924,M,1,27,other
198,202,3,878076529,M,1,38,programmer
752,1143,2,893176741,M,1,28,educator
237,199,4,881060105,M,1,36,programmer
12,1448,5,879217625,M,1,27,technician
696,1078,2,880291013,M,1,30,librarian
679,597,4,879070736,M,1,31,programmer
824,1382,5,881620851,M,1,28,homemaker
286,1035,4,877555338,M,1,24,educator
451,151,3,880374856,M,1,52,programmer
148,898,2,880213735,M,0,37,artist
798,173,5,880384197,M,1,48,student
587,932,5,880162472,M,1,23,artist
400,288,5,891382496,M,1,28,educator
405,3,4,879874268,F,0,38,other
597,133,5,891987576,M,1,35,engineer
629,507,1,882557653,M,1,27,student
381,528,4,882738440,M,1,35,engineer
389,1225,2,891432896,F,1,44,educator
448,198,1,877052413,M,1,39,entertainment
234,172,2,879413952,M,1,35,student
18,288,5,875671877,M,1,40,educator
308,381,5,884032793,F,0,24,artist
303,702,5,888445741,F,1,40,doctor
747,332,4,879693610,M,1,30,technician
748,289,5,892792192,M,1,35,educator
894,222,2,878055163,F,0,36,other
474,72,5,882680529,M,1,31,educator
352,286,3,882383764,M,1,43,executive
862,386,3,879862634,M,1,36,other
595,641,4,875391017,M,1,23,administrator
381,276,4,880095320,M,1,28,educator
673,1046,1,893160492,M,1,28,educator
689,22,5,892729181,M,1,46,student
185,165,5,875372918,M,1,24,scientist
693,228,5,882636470,F,0,50,educator
147,1032,5,882699737,M,1,27,administrator
670,79,1,877797256,M,1,36,administrator
567,1,3,891572118,F,0,51,healthcare
428,403,1,883968159,M,1,47,student
918,1119,3,884678708,M,1,32,marketing
773,919,4,879489968,F,0,36,writer
405,952,5,875898573,F,0,40,technician
856,1052,3,882762871,M,1,22,executive
768,170,1,882404978,M,1,35,librarian
793,133,5,882037805,M,1,33,educator
923,709,3,891743097,M,1,35,lawyer
308,249,4,892252420,M,1,28,other
918,191,4,881415018,M,1,27,programmer
227,1542,4,880241314,M,1,27,other
43,477,4,891675423,M,1,35,student
665,176,5,880764658,M,1,28,programmer
539,685,4,884414554,F,0,43,healthcare
83,1065,3,891839024,M,1,31,executive
567,582,3,881079034,M,0,50,programmer
902,499,3,886376928,M,1,45,other
222,1142,2,879574523,M,1,36,educator
532,6,5,875500870,M,1,50,scientist
862,411,4,877127019,F,0,51,salesman
514,761,3,888311158,M,1,53,retired
643,770,5,879691792,M,1,29,other
753,269,5,892618823,M,1,46,retired
679,127,4,882890112,M,1,51,marketing
49,523,4,881155816,M,1,30,administrator
838,246,4,882654142,M,1,27,educator
848,809,1,880354665,M,1,42,technician
271,70,3,880360873,M,1,38,executive
655,1083,3,884279739,F,0,9,artist
568,432,4,883996082,F,0,36,librarian
401,490,4,884168315,F,0,36,librarian
752,255,5,879903592,M,1,33,artist
806,1545,1,881691367,M,1,31,technician
47,45,4,881635298,M,1,23,programmer
326,824,4,882658825,M,1,32,other
881,430,5,880084687,M,1,17,executive
839,71,5,880363284,M,1,30,salesman
394,246,3,882657932,M,1,43,technician
731,726,4,892078875,M,1,31,technician
730,301,3,875895296,M,1,31,programmer
489,249,4,890995062,M,1,39,entertainment
798,268,5,890985314,F,0,52,other
800,1442,5,884341230,M,0,31,homemaker
521,484,5,878328465,M,1,38,educator
745,828,2,880154014,M,1,43,programmer
457,177,2,883201696,M,1,39,programmer
223,591,4,891969373,F,0,36,writer
351,88,1,877408151,M,1,31,educator
683,1084,2,891392757,M,1,39,engineer
467,603,1,880680031,M,1,39,executive
731,313,1,879907567,M,1,50,educator
846,188,3,888498207,M,1,38,student
262,508,5,892501190,F,0,28,administrator
90,480,4,883083678,M,1,26,administrator
401,264,2,881164243,F,0,33,healthcare
841,143,4,880239433,M,1,28,marketing
577,163,3,879935529,F,0,62,librarian
381,302,5,875734820,M,1,35,entertainment
115,692,2,891978004,F,0,12,writer
790,1591,5,892377465,F,0,50,artist
553,176,5,891756329,M,1,39,artist
222,217,4,876138762,M,1,31,student
459,1159,3,877811301,M,1,50,educator
889,197,5,875318427,M,1,46,technician
738,168,5,879850566,M,1,34,scientist
252,496,5,891744397,M,1,25,programmer
244,47,5,880485706,M,1,25,student
388,84,5,875869047,M,1,35,lawyer
463,406,3,880178471,M,1,28,programmer
868,743,3,875469761,M,1,52,executive
733,153,5,880224347,M,1,28,educator
239,347,4,892160488,F,0,51,healthcare
884,10,3,881087178,F,1,27,lawyer
843,400,4,885056944,M,1,28,programmer
193,245,3,882879265,M,1,26,entertainment
345,275,4,882473711,F,0,51,librarian
503,25,4,891689924,F,0,52,librarian
99,243,5,892204432,M,1,27,technician
162,1421,1,892042643,M,1,17,student
358,1374,5,880463921,M,1,32,lawyer
486,191,2,880007075,F,0,53,librarian
848,720,5,880023698,M,1,24,lawyer
343,53,2,883392110,M,1,34,artist
653,476,2,891453434,M,1,31,engineer
312,1043,4,890944570,M,1,43,other
304,326,5,879113851,M,1,27,student
594,266,5,891189469,F,0,59,homemaker
146,1143,3,879408831,M,1,22,programmer
491,191,1,891902486,M,1,26,educator
130,272,4,882398563,M,1,23,retired
749,71,1,879683612,F,0,51,artist
707,183,4,892236125,F,0,33,healthcare
95,748,1,891952816,M,1,45,programmer
352,468,4,891442199,M,1,27,scientist
130,362,4,879513392,F,0,52,librarian
901,191,5,879805861,F,0,39,librarian
711,939,5,882232092,M,1,24,student
713,402,4,880216440,M,1,27,artist
505,181,1,882336892,M,1,26,technician
239,655,4,891614325,M,1,44,educator
503,744,5,885327741,M,1,51,programmer
95,174,4,891755271,M,1,36,student
312,1053,1,882858192,M,1,31,programmer
782,1025,5,880304836,M,1,28,educator
51,1571,5,880108925,M,1,31,student
719,464,4,882854590,M,1,30,engineer
263,340,1,879446542,M,1,32,student
727,169,1,879637438,M,1,44,administrator
787,708,3,879230964,M,1,27,educator
642,446,5,892104206,F,0,39,writer
25,1401,5,885135847,M,1,26,educator
485,367,2,881310134,M,1,32,administrator
279,313,5,880160506,M,1,54,educator
588,280,3,879274766,M,1,32,doctor
887,226,5,891553788,F,0,43,writer
280,272,4,879724358,F,0,27,writer
49,685,4,892215126,F,0,49,other
618,162,1,881230965,F,0,31,librarian
450,304,4,891440919,F,0,52,artist
409,293,5,883099496,M,1,32,marketing
805,748,5,882727147,M,1,32,educator
347,333,4,882536672,M,1,50,educator
892,306,5,876780362,M,1,29,programmer
142,201,4,891190896,F,0,43,educator
769,459,5,881313102,M,1,51,doctor
345,866,5,884510722,M,1,27,programmer
639,678,3,880653566,M,1,27,student
655,685,3,882430869,F,0,39,writer
298,38,2,883288975,M,1,30,student
648,78,5,879342195,M,1,36,educator
71,1268,3,881287443,M,1,39,writer
694,477,3,891931171,M,1,27,marketing
925,206,2,891672499,M,1,40,technician
42,7,5,882041155,M,1,31,artist
729,62,1,892117256,F,0,18,librarian
585,212,4,891810647,M,1,33,educator
559,783,4,882981491,M,1,31,educator
835,89,1,879786441,F,0,36,salesman
863,268,4,890842395,M,1,21,executive
424,567,5,879565811,M,1,23,scientist
387,1210,3,882632360,M,1,32,student
343,392,4,891730037,F,0,31,librarian
894,284,2,885742084,F,0,31,educator
81,888,3,880182765,M,1,40,technician
166,366,2,880031612,M,1,36,marketing
654,885,5,880423110,M,1,26,artist
568,384,4,881570379,M,1,43,administrator
585,170,4,882699998,M,1,23,executive
592,477,3,891318630,M,1,24,other
684,178,4,883410175,M,0,32,artist
608,13,2,875399057,M,1,23,executive
238,748,5,883875839,M,0,32,educator
102,646,4,881852513,M,1,27,doctor
348,754,1,891458765,M,1,23,student
144,194,5,883898999,M,1,30,executive
537,1142,2,892036060,M,1,44,technician
270,414,3,882835062,M,1,52,entertainment
253,1283,1,882720490,F,0,40,librarian
655,483,1,884261048,F,0,9,writer
655,826,4,891299280,F,0,52,educator
651,1311,3,883027541,M,1,31,lawyer
889,350,3,891010541,M,1,20,programmer
194,274,3,886631311,M,1,43,executive
539,49,3,884436607,M,1,28,artist
5,229,4,879588448,M,1,33,student
616,679,3,891770829,F,0,31,librarian
763,921,2,891946553,M,1,25,executive
923,627,5,882158331,M,1,53,retired
62,286,4,876161873,F,0,31,educator
92,673,5,880700072,M,1,26,educator
251,652,5,879006076,F,0,23,salesman
847,526,4,880076565,M,1,46,technician
302,1441,5,879449028,M,1,23,student
618,202,2,879404858,M,1,43,educator
31,97,4,883964190,M,1,19,educator
21,730,3,875633372,M,1,35,technician
94,919,5,879997332,M,1,44,student
898,95,5,878092024,M,1,28,programmer
279,219,5,892033786,M,1,50,programmer
256,427,3,892319742,F,0,43,healthcare
756,448,3,880055326,F,0,27,librarian
756,293,3,892282531,M,1,18,educator
67,411,2,882444611,M,1,23,student
668,301,2,875765477,M,1,28,marketing
889,692,4,892078184,M,1,21,administrator
659,286,1,888579883,M,1,39,technician
327,463,4,892004703,M,1,39,engineer
622,558,5,875522832,M,1,46,programmer
197,127,4,882463428,M,1,23,other
655,568,3,882839483,F,0,36,healthcare
130,1282,1,879029379,F,0,10,librarian
379,240,5,878367093,M,1,26,executive
379,511,5,885799375,M,1,36,writer
264,1404,1,880162169,M,1,31,doctor
206,756,4,882561489,M,0,39,other
712,246,2,880280587,M,1,27,programmer
606,181,4,880978744,M,1,27,administrator
286,476,3,880058513,M,1,40,educator
806,723,5,882447431,M,1,54,scientist
765,882,4,882680019,M,1,23,student
902,859,3,880123249,M,1,24,student
119,1194,1,884512995,F,0,25,administrator
190,174,4,882052780,M,1,28,student
474,1049,3,883108524,M,1,50,artist
329,1243,5,882791257,M,1,28,student
58,265,5,884735591,M,0,31,educator
239,623,1,883979646,M,1,23,lawyer
903,93,5,882311232,F,0,34,librarian
598,750,5,880116546,F,0,40,artist
181,795,4,892237578,M,1,21,programmer
715,667,3,879421090,M,1,22,healthcare
435,47,4,879471370,M,1,50,technician
436,493,3,892233287,F,0,38,homemaker
716,174,1,880203915,M,1,31,programmer
625,134,1,888823635,M,1,30,other
653,687,1,877967854,M,1,45,programmer
450,231,2,880925238,F,0,19,librarian
311,288,3,891309569,M,1,26,engineer
280,24,4,879744710,F,0,44,educator
358,873,5,883040512,M,1,32,none
293,240,4,875513172,M,1,49,educator
846,70,3,879590602,M,1,36,student
331,292,5,882475902,M,0,31,other
260,948,5,876728508,M,1,31,engineer
423,8,5,883977395,M,1,26,educator
532,684,4,886545907,M,1,31,educator
896,917,4,879796612,M,1,27,scientist
591,811,5,880044871,M,1,46,educator
43,597,5,879476770,M,1,44,technician
838,1079,3,881186998,F,0,36,artist
345,229,5,879234780,M,1,19,engineer
235,530,4,877519794,M,1,32,administrator
487,176,5,892165017,M,1,51,executive
437,43,1,878041243,M,1,19,scientist
781,705,5,877456630,M,1,35,administrator
19,518,1,886393002,M,1,27,technician
778,450,4,882450818,M,1,50,administrator
827,234,5,879215791,M,1,51,salesman
450,127,5,891812291,F,0,51,administrator
269,313,4,875724667,M,1,26,student
846,476,4,886773588,M,1,26,educator
915,1149,3,883073347,M,1,26,technician
262,283,5,877806991,M,1,40,entertainment
704,258,1,883703175,M,1,34,programmer
244,275,5,879205694,M,0,32,educator
655,121,3,875714331,F,0,50,entertainment
57,294,2,880554707,M,1,34,educator
656,866,3,879872960,M,1,22,librarian
504,1025,4,892322219,F,0,27,librarian
194,523,4,886236346,M,1,40,entertainment
437,1065,4,886282786,M,1,28,student
42,22,4,879525413,M,1,27,entertainment
5,1346,4,879192496,F,1,22,administrator
181,87,5,879958432,M,1,25,artist
603,252,5,880268767,M,1,28,engineer
144,1129,2,891486139,M,1,44,programmer
85,93,5,882805562,M,1,27,programmer
343,338,2,891662308,M,0,36,educator
334,185,5,880052165,F,0,40,administrator
716,111,2,886224740,M,0,51,student
59,673,5,879628753,M,1,28,doctor
805,455,3,891899429,M,1,31,engineer
417,250,2,879502714,F,0,50,healthcare
656,485,1,882604276,M,1,33,educator
833,1591,1,875156528,M,1,49,programmer
679,790,5,880308857,M,1,51,artist
774,508,3,880114437,M,1,38,librarian
62,429,5,891256513,F,0,31,librarian
707,740,5,891848111,F,1,28,none
567,515,5,883830171,M,1,32,technician
576,533,1,879990308,M,1,28,educator
472,274,5,892024125,M,1,31,programmer
758,315,2,892152260,M,1,28,educator
318,1152,5,879988162,M,1,32,writer
270,293,4,879420749,M,1,33,programmer
452,176,1,881062006,M,1,27,student
798,1676,5,882819936,F,0,30,educator
933,25,4,891364032,F,0,10,educator
405,1607,3,889035512,F,0,35,healthcare
839,1119,1,877496346,M,1,36,other
833,204,3,879395224,F,0,32,librarian
648,690,1,886192238,M,1,38,programmer
792,4,5,883056500,M,1,28,student
13,195,5,875893615,F,0,36,artist
918,172,4,882715191,F,0,42,librarian
480,121,3,879477322,F,0,51,educator
128,284,3,891733836,F,0,32,healthcare
5,584,2,881555789,F,0,38,homemaker
894,690,1,880958486,F,0,35,other
91,1299,2,886459378,F,0,32,student
655,392,3,881399920,F,0,51,administrator
354,181,4,892296606,M,1,43,student
373,472,5,890930684,M,1,32,student
643,468,2,879515861,M,1,27,technician
21,129,3,892607626,M,1,30,educator
541,71,2,886021453,M,1,30,educator
848,1173,4,885119244,M,1,26,lawyer
429,616,4,888834225,M,1,51,educator
133,1149,2,887011018,M,1,27,educator
888,127,5,882458817,F,1,35,none
756,869,3,880186492,M,1,36,educator
472,154,3,880104815,M,1,38,executive
654,690,3,879359773,F,0,31,administrator
302,919,3,878619149,M,1,26,salesman
390,337,3,893151517,M,1,20,technician
393,906,5,875215990,M,1,32,executive
342,480,4,882008819,M,1,35,librarian
145,721,4,886769988,M,1,23,programmer
184,186,3,879959706,M,1,35,educator
303,531,4,879659993,M,1,27,student
179,417,3,880239161,M,1,27,engineer
58,944,4,891936727,F,0,24,librarian
684,237,5,891955609,M,1,41,programmer
629,124,3,892679946,F,0,40,writer
362,483,5,888428007,M,1,27,student
914,781,2,891718123,M,1,27,executive
72,328,3,884485189,M,0,22,student
707,286,4,879270618,F,0,52,librarian
503,496,4,879275268,F,0,50,librarian
334,95,3,875737708,M,1,33,other
106,68,5,882118927,M,1,24,engineer
161,357,2,889220437,M,1,30,educator
60,322,5,880095013,M,1,18,educator
454,50,4,879983096,M,1,23,scientist
666,129,5,879370874,M,1,52,executive
128,483,4,892312476,F,0,51,librarian
318,1132,4,876351171,M,1,31,doctor
825,96,5,888298199,F,0,51,librarian
514,970,2,881468048,F,0,51,artist
867,1214,5,892688944,F,0,34,artist
704,781,1,879738124,M,1,24,educator
21,724,2,882293007,M,1,31,retired
94,117,4,888853724,M,1,35,student
655,77,2,891939253,F,0,50,librarian
537,408,5,888782576,M,1,46,engineer
899,204,2,879722013,M,1,31,lawyer
910,126,2,878588366,F,1,51,salesman
496,189,4,882593573,M,1,43,student
749,610,1,877030993,M,1,42,technician
820,1289,2,879992931,M,1,32,librarian
782,1228,3,879595801,F,0,38,librarian
200,176,4,880017994,M,1,52,student
1,1284,5,880257631,M,1,36,educator
346,670,1,875341676,M,1,39,engineer
339,1221,3,882853014,M,1,23,artist
368,79,1,880383781,M,1,28,programmer
339,789,5,882650307,M,1,25,student
7,274,5,879680754,M,1,26,retired
474,871,3,880817398,M,1,27,programmer
773,64,2,886676929,M,1,31,administrator
535,628,5,880160424,M,1,26,programmer
59,546,3,881539939,M,1,31,librarian
276,52,4,891527586,M,1,32,student
592,239,3,880400961,M,1,26,student
537,472,5,891164538,M,1,26,student
671,25,5,874512098,M,1,22,engineer
228,738,2,879773108,F,1,32,educator
122,943,3,875182004,M,1,43,technician
613,1068,4,880607168,M,1,27,educator
286,151,4,891274518,M,1,23,educator
128,760,1,875754250,M,1,38,engineer
866,528,2,879628837,M,1,44,technician
332,45,3,882595037,M,1,32,programmer
86,173,5,882080044,M,1,33,writer
4,126,5,883476787,F,0,32,librarian
378,271,5,875443049,M,1,46,technician
900,188,3,880725676,M,1,31,programmer
708,54,5,892047244,F,0,27,educator
336,484,5,880358914,M,1,38,administrator
498,33,3,876273441,M,1,32,retired
874,168,1,891700608,M,1,19,other
465,876,5,892746691,M,1,27,student
864,273,5,875824220,M,1,30,programmer
194,1,4,879800080,M,1,41,student
648,158,4,880535417,F,0,53,healthcare
618,988,5,892213200,F,0,39,none
276,1245,1,883872408,M,1,35,programmer
451,276,3,884561028,M,1,32,artist
443,1503,3,882916479,M,1,24,salesman
788,1054,3,886253611,M,1,36,programmer
755,229,4,879782967,M,1,36,administrator
207,111,3,882183184,F,0,52,other
627,127,5,880087108,M,1,27,programmer
450,237,3,880379075,M,1,43,educator
846,154,5,891887694,M,1,33,educator
181,288,5,889059088,F,0,24,student
314,127,3,891220701,F,0,49,artist
887,300,4,880325152,F,0,33,writer
805,1,4,892228338,M,1,46,programmer
326,929,4,880560082,M,1,22,administrator
168,209,5,889288680,M,1,33,artist
293,294,4,882527905,M,1,35,entertainment
326,262,4,884303928,M,1,23,scientist
588,208,5,882555876,F,0,51,librarian
683,455,5,879984843,M,1,33,technician
495,14,5,881074275,M,1,40,programmer
557,474,2,892307764,M,1,27,educator
806,685,5,883063968,M,1,43,other
905,1276,4,891603376,M,1,27,marketing
499,924,2,882605640,M,0,19,educator
747,576,3,891770596,F,0,39,educator
670,709,3,891715371,M,1,31,executive
7,1050,3,882507868,F,0,24,none
507,346,5,878003021,M,1,46,doctor
655,302,1,882611377,M,1,43,technician
176,584,5,891223794,F,0,50,librarian
666,127,4,876274872,M,1,23,educator
125,951,5,892048551,M,1,31,other
887,260,4,891744651,F,0,23,librarian
738,199,5,880590764,M,1,41,administrator
410,304,1,891928460,F,0,39,administrator
837,275,4,884545998,F,0,23,librarian
95,181,4,882788592,M,1,26,student
799,1034,5,880559742,M,1,31,retired
128,89,2,891594794,M,1,58,student
405,303,2,891773627,F,0,25,none
130,24,4,875378227,M,1,36,engineer
148,418,4,882573541,F,0,50,educator
504,237,4,884584742,F,0,25,librarian
342,63,2,884609291,F,0,54,educator
497,281,5,884121367,M,1,32,student
782,1428,3,882344507,M,1,25,technician
536,181,4,881900110,M,1,39,other
842,322,1,884155902,M,1,22,entertainment
907,196,4,888913236,F,0,52,librarian
903,357,5,881434927,M,1,33,technician
468,357,2,882334185,M,1,45,technician
661,173,5,884574654,M,1,51,marketing
732,79,1,880464038,M,1,39,artist
293,245,4,882275094,M,1,28,librarian
719,494,3,882854036,F,0,31,writer
117,792,5,877860023,M,1,39,executive
140,282,3,885578467,M,0,54,educator
650,874,5,880633518,M,1,27,engineer
868,597,4,877168231,M,1,30,administrator
519,289,1,891445333,M,1,24,engineer
896,770,1,891332287,M,1,36,student
300,447,3,879382695,F,0,50,educator
470,554,2,882794758,M,1,31,executive
162,955,4,882338819,M,1,23,student
334,995,3,878785506,M,1,27,educator
620,419,5,881120474,F,0,53,writer
385,202,5,879130639,M,1,28,educator
358,114,3,886543532,M,1,44,executive
410,195,1,891478903,M,1,51,technician
329,470,5,882099812,M,1,27,administrator
349,455,3,883290077,M,1,27,artist
165,240,3,882553975,M,1,40,programmer
35,100,3,891932279,M,1,45,other
311,271,3,876851863,M,1,42,student
276,765,4,888360759,M,1,31,technician
599,216,2,883389126,M,1,27,educator
756,294,3,885993154,M,1,18,technician
221,169,5,883252731,M,1,27,student
684,540,5,884050181,F,0,30,librarian
848,229,3,884532057,F,0,52,writer
463,70,5,880540284,M,1,45,administrator
698,834,4,882462453,M,1,39,technician
716,133,5,891212327,M,1,32,engineer
315,494,4,891229402,F,0,31,administrator
218,70,5,879893499,M,1,33,technician
650,178,4,891794695,F,0,51,none
234,411,5,892488388,M,1,35,entertainment
128,259,4,881999591,F,0,31,healthcare
863,209,4,879235367,M,1,35,student
314,932,2,879889097,M,1,30,educator
292,118,5,891047007,F,0,31,librarian
43,159,1,880224894,M,1,28,technician
79,597,4,881991055,M,1,31,entertainment
292,876,5,891356278,M,1,52,other
870,824,2,876389339,M,1,32,educator
460,404,5,879438759,M,1,41,programmer
194,301,3,883862346,M,1,39,executive
276,79,1,881173393,M,1,40,student
810,312,5,878806985,M,1,31,technician
325,110,4,888768190,M,1,24,programmer
154,28,5,892447578,M,1,28,executive
334,509,3,879826654,M,1,50,programmer
505,1336,5,879544035,M,1,30,retired
710,1073,3,879389595,M,1,44,programmer
84,79,3,879589921,M,1,51,homemaker
763,1408,5,890242081,M,1,27,programmer
666,109,4,881034021,M,1,26,artist
32,427,3,892226212,M,1,31,artist
372,636,5,882850130,M,1,20,entertainment
825,866,4,879564428,M,1,27,executive
346,301,4,878303753,M,1,27,entertainment
20,869,1,891557355,F,0,22,healthcare
320,144,1,877251851,M,1,30,educator
798,1045,2,879693575,M,1,40,educator
602,66,3,892776071,M,1,44,other
170,137,4,889693006,M,1,45,lawyer
152,728,2,892352283,M,1,39,marketing
399,597,4,875615324,M,1,33,educator
334,245,2,891941391,M,1,31,student
255,748,3,892407331,M,1,31,artist
16,114,4,886302852,F,0,30,librarian
198,50,5,891927157,F,0,34,educator
256,172,3,875913911,F,0,60,marketing
201,443,5,874933174,M,1,39,executive
271,624,2,888758765,M,1,24,technician
286,72,3,892345919,M,1,24,engineer
501,207,3,881189954,M,1,19,technician
653,117,4,889366128,M,1,43,administrator
788,1228,5,877292394,M,1,48,programmer
189,388,3,880815384,M,1,28,educator
655,170,3,886443823,F,0,36,educator
135,24,4,892513019,F,0,51,artist
741,265,5,888737769,M,1,35,technician
504,286,4,881210535,F,0,24,writer
716,693,3,877637655,F,0,38,librarian
608,485,1,879821122,M,1,18,technician
409,156,3,885744586,M,1,50,retired
864,872,4,892924518,F,0,39,writer
47,712,5,880453277,M,1,38,student
292,191,2,892121174,F,0,32,librarian
673,284,5,882843132,M,1,39,technician
61,815,4,882844770,F,0,51,artist
806,282,4,882322980,F,0,51,healthcare
931,1062,2,882851095,M,1,21,marketing
758,137,5,888579642,M,1,23,technician
936,479,1,887016180,M,1,27,lawyer
170,123,4,891758666,F,0,42,librarian
889,527,1,877947361,M,1,42,lawyer
600,24,5,892582916,M,1,33,other
701,100,2,879420238,M,1,45,artist
184,604,1,883862299,M,1,34,salesman
48,1115,2,880469726,M,1,28,technician
719,1079,5,879109227,F,0,50,artist
181,1217,5,877548791,M,1,45,executive
112,83,5,879488424,M,1,30,salesman
152,809,2,879629525,M,1,28,programmer
305,735,4,891751890,F,0,24,healthcare
399,875,5,892354448,M,1,27,artist
145,161,5,888455800,M,1,39,engineer
850,385,1,879792783,M,1,10,educator
797,80,1,888740616,M,1,56,administrator
608,106,3,878335184,M,1,45,executive
933,243,3,889741269,M,1,36,programmer
355,654,3,882800010,M,1,35,marketing
593,271,5,888364816,M,1,23,educator
71,70,2,891261011,F,0,35,healthcare
110,678,4,879332186,M,1,21,engineer
591,246,3,879345775,M,1,30,educator
283,559,5,892395911,M,1,27,artist
86,181,5,891331904,M,0,28,salesman
443,275,3,884002640,M,1,47,administrator
425,507,5,882240125,M,1,24,educator
864,286,3,875863421,M,1,35,administrator
405,175,3,877534244,F,0,38,librarian
346,144,4,886213759,M,1,32,programmer
526,130,5,888789202,M,1,27,entertainment
387,176,5,892376871,M,1,27,executive
870,735,1,892544363,F,0,51,librarian
296,421,4,879582501,F,0,50,healthcare
387,218,3,882533994,M,1,29,artist
67,333,5,879791796,M,1,27,other
682,177,4,879372121,M,1,26,programmer
140,209,5,892900172,M,1,28,other
18,121,3,893093762,M,1,28,educator
895,47,5,880002823,F,1,31,educator
599,321,4,891847772,F,0,51,educator
866,325,4,878102689,M,1,39,technician
249,518,3,879228498,M,1,23,lawyer
782,172,5,892073049,M,1,27,student
600,661,5,891124118,M,1,27,programmer
650,238,1,892146960,M,1,31,artist
896,1011,4,883074686,M,1,29,educator
29,760,5,893058546,M,1,28,other
389,265,3,880099387,F,0,36,writer
205,286,5,875321358,M,1,25,engineer
937,603,3,879576938,M,1,28,technician
660,475,2,879595150,M,1,25,writer
138,501,5,879532598,M,1,26,entertainment
660,748,4,891293106,M,1,40,educator
58,711,5,881237997,M,1,39,programmer
269,631,5,883738917,M,1,50,programmer
281,282,4,877422715,M,1,28,educator
130,228,5,888261766,M,1,18,programmer
435,1028,4,884653746,M,1,26,administrator
708,559,2,886434633,M,0,39,librarian
561,349,4,887338253,M,1,31,doctor
122,540,3,888749352,M,1,32,administrator
359,34,2,879930790,M,1,33,artist
198,340,5,892224977,F,0,44,writer
428,1143,1,880121733,M,1,27,marketing
405,513,4,882411913,F,0,19,artist
683,517,3,884681792,M,1,31,programmer
524,135,5,891307828,M,1,32,entertainment
301,307,5,882497255,M,1,28,educator
575,567,3,884757582,M,1,50,student
479,325,4,882712304,M,1,40,programmer
111,127,4,888123416,M,1,23,student
622,332,5,891698661,M,1,31,educator
28,229,5,878266934,M,1,32,administrator
782,480,5,883005647,M,1,37,educator
76,213,5,880082428,M,1,27,student
181,333,4,892459574,F,0,52,writer
601,134,1,875392257,M,1,32,educator
405,1421,4,892103930,F,0,23,healthcare
753,50,5,884158156,F,0,33,writer
543,939,4,878143790,F,0,31,homemaker
617,7,5,891921783,F,0,39,administrator
577,439,4,884819928,F,0,57,educator
943,613,1,879641607,M,1,29,lawyer
7,532,4,892003573,M,1,35,engineer
805,200,5,876711620,M,1,27,technician
854,31,5,889084872,F,0,19,administrator
253,137,1,888655782,M,1,57,student
910,732,3,880185775,F,0,30,healthcare
379,304,3,882254083,M,1,43,student
49,944,1,879833945,M,1,31,student
301,226,5,879870865,M,1,39,executive
450,52,4,891893841,M,1,30,administrator
234,91,4,879990646,F,0,53,librarian
588,293,5,891965058,M,1,27,programmer
102,508,5,882954319,M,1,33,programmer
56,197,5,891319649,M,1,27,educator
875,111,4,891816335,F,0,12,librarian
756,164,5,882486149,M,0,36,educator
402,941,2,880629474,M,1,28,programmer
271,378,3,880008411,F,0,30,none
635,69,5,892852191,F,0,25,student
639,506,2,887108108,M,1,40,educator
20,237,3,891097660,F,0,53,librarian
153,743,1,880456911,M,1,47,librarian
512,189,5,879984391,M,1,32,educator
539,323,3,888901649,M,1,49,executive
848,596,3,892227614,M,1,44,lawyer
399,597,5,891773581,M,1,43,lawyer
224,196,3,891229263,F,0,31,librarian
267,240,5,893042331,M,1,26,programmer
235,591,5,880236198,M,0,20,educator
790,238,4,882713166,M,1,30,administrator
48,252,4,881263359,M,1,39,engineer
437,475,2,880634560,F,0,50,administrator
177,64,3,891189759,M,1,44,salesman
784,494,3,879947147,M,1,27,programmer
782,841,4,880419593,M,1,33,programmer
595,881,2,880613383,M,1,28,executive
785,548,3,883494081,M,1,32,technician
269,1245,4,879666189,F,0,43,student
486,258,4,880173652,M,1,43,administrator
352,187,1,875146228,M,1,35,programmer
659,898,5,878390756,M,1,33,doctor
618,172,5,879821682,F,0,39,student
880,386,5,891689450,F,0,32,administrator
363,568,3,882973942,M,1,31,student
505,233,5,892367834,M,1,33,executive
239,257,4,891877448,M,1,50,student
44,1060,3,891646190,M,1,35,educator
897,513,3,876990480,F,0,31,writer
618,77,3,880245844,F,0,43,student
655,196,4,891832929,F,0,23,librarian
823,875,5,879926136,M,1,27,artist
582,205,5,878319150,M,1,27,other
311,535,4,880866165,M,1,26,student
463,240,3,875435209,M,1,17,entertainment
46,1602,5,885225414,M,1,33,programmer
31,606,1,879953193,M,1,43,entertainment
693,462,5,892252208,F,0,52,doctor
712,186,2,891576559,M,1,26,other
327,151,1,879934355,M,1,28,educator
699,981,4,880129140,M,1,34,educator
376,32,5,887043964,M,1,30,artist
374,77,5,886908190,M,1,49,lawyer
790,19,4,879813676,M,1,36,scientist
16,217,1,879832824,M,1,22,executive
95,1014,3,892220225,M,1,23,executive
390,655,2,892424823,F,0,30,educator
92,79,2,879997736,F,0,30,artist
425,220,5,888595144,M,1,33,doctor
887,202,4,892398103,F,0,13,librarian
60,379,3,883231650,M,1,29,educator
707,326,5,892233190,F,0,32,student
544,298,2,884332711,F,0,51,writer
683,327,1,892514602,M,1,28,technician
495,1098,5,877278566,M,1,39,programmer
804,56,2,892823459,M,1,34,educator
810,501,1,875882425,F,0,32,none
234,1207,2,891123059,M,1,38,educator
519,253,3,889195736,M,1,38,lawyer
44,970,2,879653082,M,1,23,administrator
926,332,4,886286209,M,1,24,student
503,28,5,879934246,M,0,43,student
863,322,4,891734166,M,1,23,student
15,21,5,880718379,F,0,27,librarian
643,34,3,882851534,M,1,27,administrator
617,650,1,886835622,F,0,35,librarian
450,414,1,885966380,F,0,49,librarian
450,147,3,891889361,F,0,35,administrator
671,491,5,888989596,M,1,51,other
5,274,2,891899647,F,0,24,administrator
181,510,1,891939578,M,1,26,educator
504,659,4,884177898,F,0,53,librarian
680,509,1,880702637,M,1,23,lawyer
740,323,1,882398862,M,1,42,student
223,199,3,875870962,F,0,23,librarian
43,433,4,880238125,M,1,25,retired
385,575,4,882526632,F,0,12,librarian
13,633,3,891417289,M,1,18,programmer
508,884,3,882818258,M,1,31,technician
506,185,5,882372839,F,0,24,librarian
815,220,5,875458855,M,1,59,other
654,7,5,879870705,M,1,18,student
49,9,4,889221266,M,1,43,student
70,229,1,881836857,M,1,54,educator
726,354,1,879918778,F,0,31,student
764,323,3,879594642,M,1,52,lawyer
102,515,5,882893500,M,1,27,programmer
269,988,3,876058126,F,0,35,healthcare
856,1413,5,891975166,M,1,24,student
782,28,4,875798964,M,1,26,educator
170,1264,2,891771867,F,0,39,educator
450,210,1,879753974,F,0,30,artist
74,549,2,875358989,M,1,39,student
255,681,5,883099461,M,1,27,educator
94,665,4,884300971,M,1,29,educator
599,558,3,883096907,M,1,25,programmer
458,203,5,884766044,F,0,59,other
325,226,5,892107470,F,0,35,librarian
881,651,3,879519141,M,1,45,retired
662,380,2,875475299,F,0,28,healthcare
72,122,2,882965466,M,1,27,retired
873,546,5,892395344,M,1,19,educator
37,854,1,891486771,M,1,38,programmer
628,284,2,886377329,F,1,24,educator
751,946,5,890815376,M,1,28,engineer
144,405,5,891757725,F,0,51,librarian
23,36,4,882801666,F,0,45,educator
683,825,5,880012420,M,1,32,technician
648,837,1,880244988,M,1,29,programmer
867,604,4,875677996,F,0,51,librarian
652,511,5,886872819,M,1,27,technician
514,127,5,888572061,M,1,23,doctor
544,234,3,891720118,M,1,27,student
648,312,5,879322244,M,1,22,retired
406,602,5,882945522,M,1,32,student
902,85,4,882562109,M,1,31,administrator
145,345,5,880407433,M,1,32,educator
215,117,4,879701012,M,1,27,educator
86,329,1,892420650,M,1,26,student
328,1283,5,883297251,M,1,20,executive
504,181,4,881581308,M,1,35,student
267,68,2,880051428,M,1,40,doctor
528,325,5,892391321,M,1,54,entertainment
933,591,4,881351333,F,0,52,writer
541,273,1,875060981,M,1,32,technician
279,344,2,893319854,M,1,32,educator
582,289,3,878982524,M,1,30,administrator
391,109,5,879480863,M,1,24,technician
704,66,1,891911318,F,1,27,student
919,322,5,877988721,M,1,31,entertainment
473,484,4,890998335,M,1,39,programmer
699,212,4,882761654,M,1,28,scientist
863,869,1,879670115,M,1,39,programmer
346,1289,3,880908067,M,1,24,librarian
716,1118,2,875049550,F,0,18,artist
514,273,3,882599123,M,1,31,other
128,147,5,878495219,F,0,27,educator
796,243,1,877108322,F,0,31,student
18,1242,5,881629263,M,1,32,artist
200,238,1,892608793,M,1,23,student
636,97,2,882301343,F,1,50,artist
405,199,1,891799766,F,0,24,educator
709,224,5,893195478,M,1,32,programmer
730,50,2,882978850,F,1,40,artist
823,193,5,882985069,M,1,23,student
920,491,2,880120342,M,1,55,librarian
682,513,5,881030339,M,1,27,scientist
280,51,4,882409337,F,1,48,other
261,18,5,882527915,M,1,27,librarian
26,286,5,880187965,M,1,25,educator
181,325,4,882632551,M,1,39,technician
916,690,3,883792902,F,0,52,librarian
73,425,5,891777681,M,1,32,technician
837,14,3,880091360,F,0,30,artist
749,100,1,882590670,M,1,28,retired
213,363,4,882676298,M,1,26,administrator
523,245,3,892145330,M,1,30,engineer
405,89,2,884221739,F,0,25,librarian
836,292,5,879855766,M,1,36,engineer
559,668,4,892063117,F,0,31,homemaker
798,181,3,879872690,F,0,35,librarian
97,723,4,881114583,M,1,51,programmer
336,315,4,882338233,M,1,27,student
682,602,3,892421331,M,0,31,programmer
905,606,5,880045841,M,1,31,administrator
175,527,2,875444391,F,0,44,marketing
398,1165,5,879298818,M,1,31,programmer
389,98,5,879745222,M,1,40,scientist
592,326,5,883166929,M,1,33,marketing
608,930,4,880737889,M,1,30,entertainment
62,90,1,883029164,M,1,28,educator
303,205,3,880202350,M,1,37,educator
20,11,3,882374008,F,0,51,librarian
86,79,4,891905536,F,0,51,librarian
43,56,4,878048710,M,1,18,student
334,123,3,879604203,M,1,27,educator
128,105,2,875381956,F,0,56,educator
291,118,5,891824805,F,0,31,student
256,169,5,879699196,F,0,31,librarian
437,70,4,877657956,F,0,57,healthcare
213,270,3,882601624,M,1,43,administrator
835,762,3,883078412,F,0,35,homemaker
87,13,4,884508071,M,1,27,entertainment
652,199,4,881790696,F,0,39,artist
676,178,1,882024776,M,1,38,programmer
269,146,4,892015474,F,0,35,librarian
378,496,2,880683723,M,1,31,administrator
600,1037,2,882132877,M,1,23,doctor
567,1647,3,886379721,M,1,44,scientist
374,1457,3,879572321,F,0,52,librarian
232,447,5,876735116,M,1,27,retired
69,471,5,884660282,F,1,40,doctor
354,448,2,888961467,F,0,51,librarian
13,120,4,892202111,M,1,22,educator
91,1315,4,875116489,M,1,39,executive
697,797,1,882311771,M,1,59,student
279,7,5,882219647,M,1,28,engineer
618,117,5,879664828,M,1,54,educator
450,582,4,884554443,F,0,57,librarian
897,1039,3,883116110,M,1,40,student
847,200,3,875517210,M,1,30,educator
114,463,1,875500909,M,1,26,student
144,1064,1,882559309,M,1,35,other
766,109,3,881009565,M,1,25,programmer
927,739,5,884128435,M,1,46,retired
487,71,1,879979825,M,1,32,lawyer
620,228,4,884579085,M,1,33,educator
344,584,3,880263058,M,1,32,educator
362,195,3,882759744,M,1,46,technician
852,1215,2,875616770,M,1,27,educator
698,200,1,882258451,M,1,27,student
655,28,3,881408497,F,0,53,librarian
234,563,5,892807774,M,1,32,marketing
152,96,5,882621686,M,1,31,programmer
379,228,5,881087459,M,1,28,educator
572,255,5,880866742,M,1,44,scientist
839,318,5,891891514,F,0,59,writer
89,301,2,892330008,M,1,34,programmer
318,181,3,892523924,M,1,22,student
717,127,3,890159900,M,1,25,programmer
269,268,4,881253559,F,0,42,healthcare
174,127,5,880333308,M,1,32,educator
59,631,3,875878618,F,1,49,administrator
513,47,4,875592486,M,1,52,technician
728,68,1,888942785,M,1,31,technician
125,389,3,891653110,F,0,53,educator
752,467,3,880219508,M,1,27,other
919,485,5,888439596,M,1,25,educator
756,85,5,879861869,M,1,33,student
758,651,4,883833122,M,1,43,programmer
790,292,4,881147440,M,1,27,student
191,447,2,880245533,M,1,29,librarian
668,217,4,892106524,F,0,33,educator
521,69,5,891726180,M,1,31,executive
235,326,5,891468396,F,0,52,educator
174,1023,5,882874216,M,1,27,educator
472,180,2,879978739,F,1,28,artist
340,193,5,879183479,M,1,32,retired
154,286,5,882593775,F,0,40,librarian
457,204,1,891816629,M,1,35,technician
823,618,2,881495757,F,0,52,educator
698,484,4,879964254,M,1,31,student
119,234,5,882211660,M,1,32,administrator
54,109,3,885760700,M,1,35,student
62,988,3,892244649,F,0,51,librarian
797,1307,5,892668706,M,1,34,other
864,69,3,880774301,M,1,27,educator
870,1428,3,888786701,M,1,24,writer
660,257,4,880487839,M,1,28,educator
49,559,3,879783537,F,0,32,librarian
318,496,4,883051978,M,1,33,educator
642,79,5,882525418,F,0,50,administrator
890,1051,5,891825688,F,0,35,librarian
327,654,5,880567380,M,1,45,administrator
751,161,2,880168130,F,0,35,librarian
693,393,1,880311887,M,1,23,doctor
329,158,5,879067156,M,1,31,educator
870,13,1,882425450,M,1,43,retired
393,228,4,892415226,M,1,42,engineer
450,204,2,882791378,F,0,39,artist
468,673,1,882207116,M,1,38,artist
584,276,1,891494095,M,1,22,other
316,603,2,882789098,M,1,40,retired
189,780,3,892025055,F,0,24,educator
366,302,1,877754251,M,1,35,entertainment
279,919,5,880089129,M,1,28,educator
332,919,3,881232240,F,0,48,librarian
774,1310,2,886220462,M,1,36,administrator
721,297,2,883131520,M,1,27,technician
782,458,4,891862956,F,0,19,librarian
595,9,4,880223471,M,1,51,administrator
654,302,2,878539286,M,1,31,programmer
314,214,2,891933262,F,0,12,librarian
655,72,2,893000938,M,1,27,educator
21,284,3,882985940,M,1,27,retired
885,412,4,879911114,M,1,53,lawyer
577,49,3,879731849,F,0,52,librarian
409,427,3,880638435,M,1,38,student
545,1120,2,876554211,M,1,30,other
926,1467,3,893046387,M,1,43,programmer
874,1228,2,885405532,M,1,28,technician
753,280,4,892274832,M,1,28,artist
796,96,4,892275332,M,1,18,student
728,200,5,878054773,M,1,24,executive
405,249,4,881270934,F,0,45,librarian
272,517,3,891252418,M,1,38,administrator
727,720,5,882492875,M,1,45,student
10,142,5,886788743,M,1,35,administrator
553,53,5,878573884,F,0,31,artist
548,276,5,880021837,M,1,23,educator
733,294,5,879642992,M,1,27,engineer
455,472,3,879351327,M,1,33,educator
618,29,5,881090208,M,1,27,programmer
201,53,3,882655406,M,1,32,student
629,176,1,891721900,M,1,31,programmer
26,554,4,892409582,F,1,34,artist
650,283,1,884214601,M,1,31,programmer
933,237,2,880148896,F,0,51,administrator
292,357,1,881029006,M,1,26,marketing
430,642,3,884308325,F,0,28,librarian
894,173,4,891950454,M,1,27,programmer
901,527,1,884002523,M,1,39,engineer
774,1178,5,882674714,M,1,52,other
627,331,5,882172903,M,1,26,programmer
321,64,5,884603819,F,0,31,librarian
327,42,5,880079545,M,1,28,educator
87,778,4,877488122,M,1,31,other
222,218,5,891918470,M,1,39,programmer
328,191,5,886413223,M,1,23,programmer
524,302,4,879490586,M,1,30,engineer
585,168,4,879840307,M,1,23,librarian
297,508,1,883143850,M,1,40,engineer
353,542,2,876004226,M,1,53,engineer
256,117,5,880329968,M,1,28,educator
181,744,5,879413720,M,1,42,administrator
758,823,3,891865677,M,1,23,student
503,690,4,881252903,M,1,30,writer
843,195,4,888854350,M,1,39,educator
299,210,5,878936807,M,1,39,administrator
840,451,1,885260320,M,1,35,marketing
190,1289,3,886994150,M,1,31,educator
606,248,5,891858911,M,1,36,scientist
160,170,3,879214640,F,0,35,librarian
160,234,3,877968183,M,1,51,other
881,490,5,892242534,M,1,35,educator
543,1020,2,882214934,M,1,31,other
1,345,3,889689049,M,1,27,educator
776,405,5,878497332,M,1,44,salesman
519,1301,4,886514593,F,0,44,salesman
710,387,1,889648484,M,1,31,entertainment
457,118,5,879621258,F,0,36,writer
919,135,5,880540980,M,1,22,entertainment
689,1368,5,884090654,M,1,51,retired
151,651,2,875538448,M,1,40,librarian
62,447,1,892178741,F,0,51,librarian
463,97,3,880232150,F,0,32,librarian
417,116,4,892235911,F,0,51,educator
702,463,3,879373160,F,0,35,healthcare
435,684,4,891942185,M,1,51,student
892,291,3,882371714,M,1,27,engineer
795,508,3,892147111,F,0,35,librarian
921,249,3,882121814,M,1,24,administrator
627,158,5,892742463,M,1,40,artist
727,98,5,883974693,M,1,40,engineer
707,869,3,878316978,F,0,44,librarian
934,419,1,875451436,F,1,43,salesman
728,136,4,879473220,F,0,52,librarian
733,1382,4,884330390,M,1,49,technician
269,727,4,891900380,F,0,40,administrator
445,1018,4,879728558,F,0,50,none
450,550,4,892236874,F,0,53,educator
405,1079,4,891676901,F,0,36,healthcare
614,508,4,875691008,M,0,36,salesman
938,521,4,880348113,M,1,31,student
343,249,4,883061619,F,0,51,writer
502,1175,5,891583557,M,1,33,educator
334,576,3,879494477,F,0,40,student
830,367,2,883017621,M,1,32,educator
660,942,2,883670584,M,1,34,educator
7,235,4,891950415,M,1,46,doctor
880,62,5,880614880,M,1,26,writer
152,282,4,886844763,M,1,19,retired
239,294,4,884697816,M,1,42,technician
474,572,1,884127433,M,1,45,programmer
345,147,4,879837184,F,0,35,librarian
405,96,3,889001437,F,0,51,librarian
716,230,4,879941800,F,0,51,healthcare
381,336,4,889506027,M,1,27,programmer
492,427,4,880353171,M,1,43,executive
592,1237,3,876750913,M,1,32,artist
497,191,5,882541042,M,1,26,other
49,619,3,892315037,F,0,44,educator
72,582,2,879667157,F,0,53,healthcare
119,274,2,880175782,F,0,40,artist
406,300,5,879683147,M,1,40,entertainment
158,389,3,882034695,M,1,43,student
591,1267,3,891581377,M,1,30,writer
57,569,4,880137298,F,1,27,lawyer
171,173,4,884494308,M,1,39,writer
752,12,3,879989386,M,1,45,programmer
472,430,5,879834968,M,1,24,engineer
378,549,5,879598791,M,1,27,programmer
554,242,5,875686091,M,1,24,programmer
330,558,4,880896481,F,0,25,none
738,1246,5,891460783,M,1,35,entertainment
751,135,4,879134393,M,1,25,doctor
207,430,3,880500601,M,0,35,other
128,564,3,892006665,M,1,43,lawyer
482,1177,1,875524878,M,1,30,programmer
748,483,5,890642736,M,1,27,executive
389,269,4,880108402,M,1,23,administrator
796,385,4,891951584,F,0,40,writer
139,67,5,880650296,M,1,27,artist
314,154,5,888713633,M,1,52,scientist
612,244,5,880096811,M,1,36,scientist
203,1286,1,885009505,M,1,28,student
510,302,4,891204850,F,1,35,healthcare
97,255,1,879832001,M,1,38,technician
145,316,3,886075971,M,1,26,educator
472,876,4,882323686,M,1,23,executive
745,1073,4,882776531,M,1,33,doctor
588,208,5,880783091,F,0,31,administrator
633,222,3,891728057,M,1,20,educator
161,488,2,892288009,M,1,28,marketing
195,316,5,882389650,M,1,35,programmer
328,1469,5,879348452,M,1,42,homemaker
332,125,3,882624672,F,0,50,healthcare
709,151,3,892629052,M,1,45,lawyer
394,271,3,878609653,M,1,39,technician
736,739,4,882759138,M,1,35,technician
67,358,3,888615140,M,1,31,doctor
727,583,5,880404226,M,1,34,programmer
181,501,4,880058090,M,1,19,educator
643,920,4,880543366,M,1,27,programmer
109,381,5,886560759,M,1,31,student
627,815,4,882884633,M,1,23,student
766,197,5,891326883,M,1,27,programmer
504,260,3,891381562,F,0,39,librarian
18,265,5,879573519,F,0,33,librarian
773,294,3,888417148,M,1,39,marketing
487,707,3,892678876,M,1,26,artist
782,453,3,891763437,F,0,53,administrator
7,490,3,879264361,M,1,26,technician
342,12,2,879392759,F,0,24,librarian
326,89,1,886628958,M,1,39,executive
841,1467,3,892612872,M,1,38,technician
798,622,5,879295752,F,0,53,educator
588,482,1,876482754,M,1,38,other
605,316,5,885214569,M,1,23,educator
942,639,3,883430502,M,1,29,artist
796,66,1,882605040,F,0,51,librarian
820,95,5,886193086,M,1,43,executive
646,116,1,891249449,M,1,52,engineer
110,371,5,888909079,M,1,39,programmer
55,39,4,883322445,M,1,28,lawyer
650,151,3,886670969,F,1,48,other
800,923,5,888465397,M,1,26,student
562,4,4,881434368,M,1,50,technician
468,1242,3,882801680,M,1,27,educator
936,173,1,892458113,M,1,27,lawyer
62,499,4,891293228,F,0,43,student
921,123,4,882335141,F,1,52,retired
655,237,5,881078779,F,0,30,educator
334,596,5,880222131,M,1,29,student
234,264,4,877056314,M,1,50,administrator
34,1221,5,892482703,M,1,36,marketing
60,173,4,879626586,M,1,38,student
71,185,5,878918922,M,1,27,retired
666,483,3,883408170,M,1,33,educator
222,280,5,882376432,M,1,40,scientist
568,1178,4,882517153,M,1,39,scientist
24,2,4,875575389,M,1,54,programmer
756,1079,3,880318618,F,0,51,healthcare
405,11,5,889064239,F,0,52,artist
846,117,5,880701155,M,1,28,educator
46,358,4,876388837,M,1,28,educator
827,328,2,882575132,M,1,22,programmer
491,286,4,879744358,M,1,34,educator
334,221,2,889078922,M,1,32,writer
606,1232,4,891073699,F,0,39,none
537,692,1,879469246,M,1,23,programmer
57,230,5,879542261,M,1,28,administrator
625,116,5,882290186,M,1,30,executive
308,1296,2,892236621,M,1,44,programmer
470,511,1,883673312,M,1,27,lawyer
887,148,5,892693061,F,0,33,administrator
790,125,5,878937826,M,1,33,educator
296,526,1,883022631,M,1,50,technician
826,806,1,879657883,F,0,35,librarian
199,170,5,891587084,M,1,52,programmer
927,187,1,880654383,M,1,22,other
591,83,1,879924108,M,1,27,marketing
260,474,3,881515764,M,1,32,artist
863,101,1,879418462,M,1,33,educator
468,144,1,882512806,M,1,35,marketing
487,831,4,882861474,M,1,24,retired
653,257,5,875584111,M,1,45,technician
789,41,1,882955762,M,1,27,programmer
419,401,2,880489813,M,1,34,student
214,109,3,884257289,M,1,52,other
235,499,5,882266825,M,1,32,educator
749,655,4,888565869,M,1,53,student
579,736,4,890310716,M,1,18,student
729,1249,5,884875162,M,1,32,lawyer
577,333,4,879884624,F,0,51,librarian
682,367,3,879885460,M,1,38,student
75,47,3,882142875,M,1,52,salesman
271,676,4,879965647,M,1,27,programmer
535,53,4,881362405,M,1,26,scientist
90,386,5,879939414,F,1,33,educator
798,89,2,879816567,F,0,51,administrator
894,286,3,892120615,F,0,35,writer
758,181,4,884196975,M,1,50,student
553,498,3,879364078,M,1,31,programmer
716,1480,3,892388354,F,0,34,educator
855,658,3,879911989,M,1,39,executive
7,300,4,879836104,M,1,27,student
336,512,5,883007671,M,1,24,lawyer
493,60,5,892310838,M,1,25,executive
833,135,5,875790219,F,0,20,other
393,93,5,879938112,M,1,27,executive
335,306,4,885979844,M,1,38,other
332,326,3,875337080,M,1,53,technician
547,392,3,882527754,F,0,44,other
392,1571,1,880873240,M,1,23,engineer
727,29,1,892093442,M,1,48,student
776,766,4,875712610,M,1,39,executive
66,1035,5,880269691,M,1,44,student
193,110,4,875619164,M,1,27,student
796,441,1,880750728,F,0,35,librarian
293,288,4,879138160,M,1,31,educator
889,411,4,875407423,F,1,59,salesman
379,1533,4,891895337,F,0,53,healthcare
748,203,2,875769614,M,1,28,marketing
399,118,2,876082895,M,1,36,technician
130,135,4,880190668,M,1,27,educator
214,196,3,884667320,M,1,39,technician
807,7,5,882018105,M,1,33,technician
43,705,5,880592686,M,1,31,technician
934,846,5,891165966,M,1,28,programmer
943,20,1,882358685,M,1,27,programmer
878,185,3,880627645,M,1,35,librarian
279,358,2,879708488,M,1,35,artist
603,228,5,876098945,M,1,51,retired
719,289,5,893217163,M,1,34,salesman
436,1512,2,875934884,F,0,52,writer
837,628,4,886400793,F,0,11,educator
786,558,3,879645395,M,1,30,none
312,487,1,884559175,M,1,30,engineer
485,300,4,892344842,M,1,36,writer
271,1174,3,880310705,M,1,26,marketing
470,674,5,880356989,M,1,46,entertainment
354,132,4,880076601,F,0,51,librarian
562,981,5,879898714,M,1,33,entertainment
145,117,4,880576846,M,1,35,student
10,567,1,882415374,M,1,50,educator
261,689,4,879643759,F,0,42,healthcare
256,246,4,880141428,M,1,51,technician
279,647,5,882487071,M,1,27,scientist
786,181,4,886318986,F,0,52,librarian
409,31,4,891637485,F,0,52,librarian
445,650,4,892311818,M,1,31,educator
261,56,3,884772380,F,0,28,librarian
13,1226,5,879267321,M,1,20,retired
648,151,3,891663981,M,1,39,programmer
488,518,3,880368630,M,1,31,other
363,741,5,882576692,M,1,32,programmer
783,142,2,892328308,F,0,44,writer
7,325,5,879646449,M,1,39,engineer
736,724,3,884145892,M,1,35,librarian
586,369,3,884419611,M,1,52,educator
211,351,3,881186709,F,0,44,homemaker
204,476,4,880981901,M,1,23,technician
181,257,5,875912402,M,1,43,engineer
523,217,5,883096776,M,1,27,technician
758,515,1,883572349,M,1,28,student
896,1074,2,883179942,F,0,33,writer
436,421,4,892089999,F,0,35,administrator
577,22,3,876085920,F,0,52,educator
406,229,3,880769482,M,1,28,educator
200,685,4,892169244,M,1,30,educator
181,684,4,877331538,M,1,32,administrator
152,566,5,882717800,M,1,57,student
426,425,4,880471364,M,1,35,student
72,433,3,892235290,M,1,24,lawyer
708,413,2,880225691,M,1,45,educator
154,655,5,882535209,M,1,32,student
669,270,5,879550993,M,1,28,engineer
128,8,4,892265843,F,0,32,educator
875,9,5,880411625,M,1,28,programmer
849,1162,5,892013019,M,1,29,executive
682,345,1,886038401,M,1,42,engineer
804,239,3,883388727,M,1,26,programmer
666,111,1,882654420,M,1,24,lawyer
634,659,1,882848372,M,1,36,doctor
894,780,5,880164743,M,1,19,student
428,253,5,892463768,M,1,28,other
279,621,3,891487482,M,1,31,student
90,305,5,882563446,M,1,19,engineer
580,1289,4,882349421,F,0,19,librarian
774,419,4,891255114,M,1,31,technician
5,444,2,892202075,M,1,51,programmer
70,238,2,891736041,M,1,24,educator
155,917,3,879831117,M,1,28,scientist
213,488,1,880446031,M,1,29,marketing
591,596,2,892634845,M,1,27,other
416,831,3,881191887,F,0,45,librarian
342,281,2,875692814,F,0,51,none
899,845,4,875549377,M,1,22,educator
498,676,3,877008532,M,1,36,scientist
89,477,4,882660701,M,1,39,student
293,483,3,891725392,M,1,32,executive
715,454,3,879772591,M,1,39,librarian
67,451,4,885040124,F,0,52,homemaker
786,273,2,892583169,F,0,31,homemaker
428,681,3,882595127,M,1,32,technician
727,410,4,877842708,M,1,24,technician
788,117,4,879964556,M,1,28,educator
393,693,1,884348157,M,1,40,student
130,153,1,880863548,M,1,44,marketing
299,232,3,882681852,M,1,19,marketing
104,182,2,884888915,M,1,35,programmer
263,163,5,893227824,M,1,23,programmer
618,513,5,880050014,M,1,34,educator
213,1412,2,884744430,M,1,52,marketing
268,944,3,879427693,M,1,38,other
828,756,2,882881552,F,0,51,administrator
838,748,2,879799745,M,0,39,lawyer
670,178,2,882603013,M,1,32,technician
170,697,3,883231851,M,1,27,technician
716,313,2,891933599,M,1,25,educator
545,270,3,883261626,M,1,27,educator
279,78,1,892280042,M,1,27,educator
199,1132,2,882783036,F,0,28,homemaker
92,739,3,880598860,M,1,51,other
644,484,4,882393495,M,1,39,programmer
244,179,3,879614352,M,0,30,educator
91,135,5,878322522,M,1,32,entertainment
463,824,2,880946270,F,0,51,writer
276,275,3,879664287,M,1,30,student
412,425,5,879960082,M,0,33,student
885,684,3,879797716,F,0,49,writer
142,988,2,882833831,M,1,32,librarian
483,1237,3,879746987,M,1,30,executive
100,1128,5,892784374,M,1,25,artist
280,273,3,892455547,F,0,35,artist
303,748,5,879517343,M,1,30,educator
432,902,5,875669908,M,1,45,educator
888,692,1,879816143,F,0,48,student
487,71,3,882390900,M,1,49,lawyer
62,685,5,881377085,F,0,50,other
650,273,1,892474486,M,1,27,other
201,302,4,877694129,M,1,27,other
115,175,3,879751056,M,1,44,programmer
522,25,5,883108823,M,1,42,executive
552,187,1,884792436,M,1,28,engineer
437,230,5,891259368,F,0,51,librarian
744,165,5,891918117,M,1,11,student
931,596,3,892022973,M,1,44,retired
705,214,4,892254362,F,0,50,artist
782,208,1,892037746,F,0,52,student
879,134,2,880987511,M,0,39,writer
11,210,5,892220289,F,0,39,librarian
224,85,2,879656590,M,1,36,artist
193,745,5,891928060,M,1,28,executive
89,662,4,891752415,F,0,31,healthcare
707,88,5,880070509,F,0,54,librarian
381,505,4,891795704,M,1,28,educator
854,257,1,879582418,M,1,38,lawyer
684,120,5,883029335,M,1,32,student
292,1091,3,891870882,F,0,50,writer
350,175,5,880294108,M,1,27,educator
788,952,3,884229858,F,0,11,librarian
522,607,1,880644467,M,1,19,educator
378,196,3,884096450,F,0,53,librarian
302,512,1,891417586,F,0,27,salesman
592,190,3,882860247,M,1,31,other
75,97,4,878598877,M,1,27,entertainment
221,507,3,884406374,M,1,11,educator
796,168,4,879738074,M,1,31,student
199,136,4,879905900,M,1,27,artist
128,687,4,891513591,F,0,51,other
834,174,2,880238536,M,1,32,entertainment
8,346,5,879385691,F,0,27,salesman
7,273,5,878415134,M,1,39,writer
195,385,3,879657864,M,1,27,lawyer
896,69,5,879865619,F,0,51,student
496,558,4,879566748,M,1,22,educator
230,514,5,879637276,M,1,33,educator
47,1615,5,876162590,M,1,18,doctor
320,183,5,882563367,M,1,51,administrator
886,9,5,882501884,M,1,26,educator
145,517,1,891023491,M,1,23,engineer
189,569,4,882749502,F,0,52,librarian
889,206,5,879609978,M,1,52,technician
497,462,5,879454326,M,0,24,educator
321,855,4,879744066,F,0,35,educator
503,760,2,882853710,M,1,32,programmer
843,322,2,892201270,F,0,51,artist
215,219,1,891444425,F,0,51,administrator
6,603,2,892056600,M,0,43,administrator
536,276,5,879557446,M,1,27,student
744,527,4,877467114,M,1,45,entertainment
486,183,4,891671022,F,0,53,librarian
13,461,1,888119500,M,1,18,programmer
98,220,3,884231852,M,1,32,executive
213,605,2,886294060,M,1,27,educator
285,739,5,883256084,M,1,46,student
54,664,5,879578977,M,1,28,engineer
751,559,4,879970496,F,0,51,librarian
776,746,4,880146605,M,1,26,executive
561,307,5,882450693,M,1,34,entertainment
622,1,4,882754175,M,1,35,administrator
644,579,3,880656364,M,1,55,executive
505,1591,3,875651394,M,1,51,engineer
393,172,1,879773652,M,1,19,scientist
638,196,5,880183430,M,1,31,programmer
186,1654,5,892369662,M,1,30,lawyer
716,515,4,885883382,M,1,42,administrator
292,1083,4,881281149,F,0,50,homemaker
85,405,1,877402394,M,1,29,student
690,825,5,878994210,M,1,28,retired
178,603,1,886194772,M,1,24,lawyer
516,1286,5,879094776,F,0,51,administrator
442,98,3,882264865,M,1,28,other
759,448,3,891566539,M,1,27,administrator
269,338,4,880346224,F,0,52,librarian
405,605,3,881541771,F,0,52,educator
197,112,3,877753475,M,1,57,lawyer
639,41,4,889396686,F,0,19,librarian
354,174,5,891937656,F,0,51,writer
399,463,1,891934452,F,0,18,healthcare
279,68,2,876308696,F,0,36,artist
782,461,3,882751397,M,1,44,marketing
726,1401,5,882787004,M,1,31,engineer
585,714,4,888263483,M,1,43,entertainment
467,1129,3,885350984,M,1,26,artist
133,102,3,881064513,F,0,31,librarian
308,465,3,883509074,M,1,33,lawyer
503,919,3,891696557,F,0,10,administrator
506,285,5,884650531,M,1,40,librarian
655,204,2,882984540,F,0,52,artist
799,258,4,879840742,M,1,40,entertainment
772,273,2,892945427,M,1,28,educator
489,573,5,881983996,M,1,40,student
721,306,3,884275419,M,1,28,programmer
290,127,4,879711536,M,1,28,programmer
627,602,3,882321758,F,0,33,librarian
848,284,4,878314573,M,1,40,student
655,77,4,879600172,F,0,18,student
122,510,3,881063790,F,0,50,artist
7,144,5,880480309,F,0,31,student
273,579,2,883043718,M,1,46,homemaker
151,294,3,879965131,F,0,57,librarian
840,551,5,879805413,M,1,19,programmer
459,164,1,891576586,M,1,35,educator
746,1083,5,879514423,M,1,18,doctor
38,179,4,882732547,F,1,53,salesman
843,508,5,879949420,M,1,26,artist
249,277,1,882769213,M,1,50,artist
867,328,2,882577882,M,1,19,writer
109,636,5,875553817,M,1,32,writer
332,293,5,880775496,F,0,31,librarian
875,739,2,875994155,M,1,27,educator
210,96,2,880533128,M,1,26,engineer
629,738,5,882388447,M,1,26,executive
875,482,3,877794017,M,1,35,engineer
416,429,3,892182969,F,0,32,educator
639,349,3,889985507,M,1,43,other
128,1509,3,882547161,F,0,50,educator
285,455,4,886328535,M,1,35,engineer
269,627,4,884548919,F,0,35,librarian
848,312,3,882610379,M,1,50,lawyer
719,823,2,879849867,M,1,35,programmer
478,71,5,892387077,M,1,57,educator
790,1152,3,892302471,F,0,51,artist
488,212,4,881825267,M,0,51,educator
431,952,5,886299865,M,1,28,programmer
146,651,3,892047036,M,1,51,other
425,182,5,879916290,M,1,20,programmer
435,172,3,892447550,F,0,10,librarian
212,1013,1,884443644,M,1,28,student
868,274,3,876232831,M,1,39,salesman
741,117,2,886366863,M,1,24,educator
833,558,5,879821000,M,1,30,doctor
847,655,3,878690255,M,1,55,programmer
480,315,3,883037462,M,1,31,programmer
719,137,5,886051660,M,1,35,scientist
790,455,4,877476836,M,1,27,scientist
125,568,4,888576809,F,0,54,librarian
387,118,5,879320203,F,0,39,librarian
234,55,5,882323583,M,1,27,engineer
87,480,2,882587455,M,1,56,entertainment
247,662,3,878262712,M,1,30,programmer
452,692,3,881061190,M,1,36,other
681,1165,2,891902747,M,1,31,salesman
190,395,5,883084245,M,1,34,educator
745,673,1,880228797,M,1,29,educator
848,72,1,875355801,M,1,32,student
152,405,5,882486791,M,1,40,programmer
627,125,4,889031769,M,1,50,salesman
822,566,5,879594565,M,1,45,writer
932,121,2,881438377,F,0,53,educator
256,328,1,891615342,F,0,44,healthcare
450,56,3,881445520,F,0,51,librarian
181,452,3,882987552,M,1,27,educator
639,612,2,892195598,F,0,51,librarian
833,196,2,886412556,M,1,51,other
548,47,1,889150555,M,1,35,marketing
595,284,2,892320626,M,1,31,marketing
906,486,3,882632983,M,1,28,entertainment
813,1255,3,876668033,M,1,23,retired
328,739,5,880707612,M,1,32,programmer
707,70,2,883029557,F,0,43,artist
385,1472,2,888756011,M,1,28,programmer
385,493,3,877517117,M,1,43,engineer
473,491,1,879864672,M,1,52,none
15,94,3,892528792,M,1,27,student
243,461,3,882816115,M,1,40,technician
394,671,3,882886877,M,1,31,executive
712,407,4,882887340,M,1,45,student
823,283,1,878241164,M,1,38,entertainment
846,269,4,880307018,M,1,22,student
1,529,2,875124529,M,1,35,marketing
289,310,2,892607343,M,1,33,student
805,8,4,877883227,F,0,51,student
574,634,4,882825558,M,1,28,educator
188,210,1,878918207,M,1,31,administrator
429,470,2,891790578,M,1,28,educator
185,155,4,884433283,M,1,27,educator
87,1418,4,880534367,M,1,39,artist
798,257,3,882840807,M,1,26,entertainment
487,242,4,892263628,F,0,35,librarian
1,237,4,880959341,M,1,51,technician
746,305,3,883201465,M,1,28,student
234,39,5,888713742,M,1,19,doctor
417,657,2,875522557,M,0,32,artist
863,23,1,876319863,M,1,29,student
826,481,5,880091143,M,1,34,scientist
719,364,2,883142820,M,1,28,librarian
617,125,3,880760607,F,0,26,educator
601,819,5,879608792,F,0,12,librarian
929,294,5,882730728,M,1,32,marketing
595,944,2,881722503,M,1,26,administrator
868,276,4,892633430,M,1,32,educator
339,250,5,877803531,F,0,53,artist
598,133,5,882345887,F,0,44,administrator
279,1197,3,879388754,M,1,42,executive
234,395,4,888906864,M,1,32,educator
234,40,4,883065580,M,1,31,administrator
45,628,3,888853730,F,0,51,educator
457,866,3,875325638,M,1,39,programmer
837,217,5,882714321,M,1,31,educator
117,1011,1,878609076,M,1,31,educator
90,687,5,886138111,M,1,31,retired
773,509,3,876948017,M,1,43,scientist
264,316,1,880377957,M,1,30,educator
323,357,3,879560769,M,1,22,scientist
835,773,4,879352000,M,1,22,engineer
437,405,5,882607781,M,1,51,scientist
565,496,5,882317605,F,0,36,scientist
537,181,4,880084795,M,1,33,student
373,475,2,891397922,M,1,50,administrator
655,39,3,885581364,F,0,55,administrator
307,951,5,880153968,M,1,33,educator
129,417,5,875414287,M,1,23,programmer
236,14,1,880106676,M,1,32,student
23,530,5,879927302,M,1,27,student
621,651,1,885921106,M,1,19,educator
221,628,4,879695583,M,1,53,scientist
231,515,5,883350392,M,1,27,executive
473,211,3,892358063,M,1,27,librarian
295,721,3,880730406,M,1,26,artist
151,400,5,882596621,M,1,44,educator
661,281,5,875536473,M,1,30,none
429,385,4,885455910,M,1,29,other
286,789,5,879529949,M,1,28,executive
655,294,3,891938066,F,0,53,librarian
437,74,3,876055083,M,1,27,artist
664,654,4,879526618,M,1,23,retired
215,310,3,879833456,M,1,30,other
222,840,3,879404939,M,1,52,doctor
181,872,4,882331200,M,1,32,lawyer
907,208,5,875414166,F,0,25,engineer
108,47,5,883002244,M,1,33,other
367,483,3,875864197,M,1,34,student
532,294,4,892279429,M,1,23,student
744,501,5,881263912,M,1,26,student
642,347,4,891725749,F,0,44,librarian
405,197,1,891492053,F,0,53,student
804,466,2,880662218,M,1,28,artist
514,770,3,875452080,M,1,39,administrator
201,1036,2,879535134,M,1,27,scientist
504,183,2,892411350,F,0,51,administrator
387,291,1,877477154,M,1,44,other
643,1048,3,892557785,M,1,28,programmer
378,129,3,879999288,M,1,23,executive
175,487,1,883496629,M,1,38,technician
92,1041,4,879254410,M,1,17,administrator
848,895,4,882629800,M,1,32,scientist
406,232,5,880565945,M,1,31,other
13,230,5,883148426,M,1,50,administrator
655,300,3,880094301,F,0,33,writer
348,1217,1,888810854,M,1,28,other
588,50,3,891153692,F,0,51,educator
226,990,1,878729193,M,1,31,educator
181,650,3,875899823,M,1,36,lawyer
8,1128,5,891336100,F,0,23,student
49,73,4,881794710,M,1,44,educator
456,1053,5,879774592,M,1,31,other
269,993,3,879336748,F,0,51,librarian
3,174,4,879567733,M,1,35,student
280,89,5,880122810,F,0,53,librarian
155,295,3,880050030,M,1,39,executive
790,1012,2,881524901,F,0,33,librarian
731,847,4,888981685,M,1,39,engineer
66,350,2,885065531,M,1,30,programmer
43,117,5,881388548,F,0,40,student
417,1124,3,891931278,F,0,36,healthcare
63,96,4,879817072,M,1,27,scientist
805,479,3,886710734,M,1,32,educator
313,714,2,880493252,M,1,47,educator
373,364,1,892263656,M,1,23,lawyer
90,750,3,877876120,M,1,49,executive
505,475,5,884125320,F,0,52,librarian
308,421,5,879866534,M,1,27,programmer
609,303,5,879436807,F,0,51,salesman
96,801,2,880859648,F,0,51,healthcare
13,79,5,879715032,F,0,52,salesman
344,118,4,882275919,M,1,27,technician
407,288,1,891273785,F,0,35,librarian
348,490,5,879886351,M,1,26,educator
409,1545,5,889009964,F,0,51,administrator
48,1018,2,887144735,M,1,25,executive
497,11,4,881286918,M,1,51,executive
642,541,3,891423251,F,0,18,librarian
450,15,2,877374083,F,0,50,educator
250,1335,4,883104618,M,0,28,programmer
535,939,4,882428936,M,1,18,executive
56,1005,5,888651404,M,1,31,lawyer
27,705,4,879648419,F,0,27,salesman
614,332,3,882607910,M,1,28,programmer
736,95,3,875783186,M,1,39,student
11,208,5,892217981,F,0,23,administrator
526,622,1,880255041,M,1,30,entertainment
896,1473,3,879866021,M,1,42,retired
716,215,5,891725004,F,0,50,none
489,476,3,878398296,M,1,31,administrator
614,382,3,885960141,M,1,38,student
886,1079,3,881072410,M,1,23,student
144,451,1,882459897,M,1,24,programmer
421,1311,3,879615504,F,0,44,writer
49,682,5,887757680,M,1,25,retired
222,849,4,883950021,M,1,45,programmer
655,105,2,886257743,F,0,39,educator
800,478,3,879458497,M,1,46,educator
59,294,5,883383758,M,1,32,educator
884,786,3,881223585,M,1,31,executive
457,162,3,880524165,F,0,10,librarian
234,174,4,880526025,M,1,28,technician
618,750,1,877445717,M,1,23,lawyer
747,955,5,880014175,M,1,24,executive
642,333,4,879563220,M,1,30,administrator
887,690,5,879595935,M,0,31,educator
873,450,5,887137656,M,1,34,student
189,416,2,891927360,F,0,50,educator
325,591,1,882485141,M,1,38,scientist
835,56,5,892096658,M,1,24,educator
732,1113,2,892886371,M,1,28,marketing
22,1133,2,893131524,M,1,24,technician
696,710,5,883608233,M,1,31,executive
276,549,5,882605746,M,1,27,student
568,550,3,878210677,M,1,39,technician
102,100,4,891956214,F,0,53,healthcare
507,346,5,879674684,M,1,28,other
297,266,5,883720915,M,1,32,technician
637,328,2,879805569,M,1,32,executive
49,152,4,882843784,M,1,30,administrator
639,843,2,879901679,M,1,30,lawyer
376,827,4,884657734,M,1,23,doctor
919,1059,2,879725541,F,0,58,artist
277,356,4,880364044,M,1,31,lawyer
189,265,3,882925337,M,1,27,student
401,447,4,879181294,F,0,51,librarian
92,486,3,884959469,M,1,35,programmer
127,1233,1,892749615,M,1,24,technician
498,294,4,879631779,F,0,52,librarian
279,285,4,881088649,F,0,20,salesman
177,770,2,880247090,M,1,29,student
191,1181,1,880419721,M,1,40,entertainment
344,62,5,882659445,M,1,31,scientist
613,1068,2,893269411,M,1,38,none
350,88,3,892171671,F,0,53,administrator
269,433,4,891644757,F,0,51,healthcare
397,127,3,875759371,M,1,18,educator
690,495,3,879596303,M,1,51,other
90,286,3,884825836,M,1,32,programmer
593,69,1,875512624,M,1,33,technician
393,701,4,892016483,F,0,42,homemaker
313,310,1,875676225,M,1,39,technician
262,96,3,884373813,F,0,36,librarian
500,117,3,884343570,F,1,38,other
788,99,5,892699624,M,1,32,programmer
607,591,4,892106049,F,0,31,healthcare
6,257,4,891458719,M,1,33,artist
836,164,5,879181256,M,1,29,retired
216,38,1,891190460,M,1,50,engineer
48,86,5,891535781,M,1,24,doctor
846,268,4,875939167,M,1,27,entertainment
907,109,3,891578545,M,1,26,technician
202,1177,1,880280802,M,1,29,technician
194,235,5,880649909,M,1,27,educator
182,294,3,892520831,M,1,28,other
669,298,3,882055545,M,1,29,technician
60,588,5,891563137,M,1,26,executive
540,88,5,879758425,F,0,28,educator
893,385,4,892030781,F,0,51,librarian
23,1119,3,885227465,M,1,48,educator
616,496,2,892547730,F,0,40,artist
21,158,5,878681014,M,1,27,artist
714,528,2,893425333,M,1,34,engineer
813,1070,4,879996045,M,1,29,homemaker
272,249,3,880329482,M,1,65,educator
637,1134,5,880158889,F,0,39,librarian
228,1329,5,892566948,F,0,40,writer
756,64,4,891878711,F,0,51,librarian
178,632,5,881096329,M,1,27,marketing
648,286,5,879770940,M,1,35,scientist
75,463,4,879857121,F,0,38,librarian
141,480,2,884751767,M,1,39,educator
393,429,1,882375139,M,1,51,technician
290,1035,5,884746094,M,1,30,educator
109,93,5,884738961,M,1,25,executive
608,289,5,876371834,M,1,32,programmer
225,690,1,879576022,M,0,27,educator
543,185,4,888991371,M,1,52,programmer
654,55,2,891723607,F,0,52,librarian
319,319,3,877114452,M,1,45,engineer
341,597,3,880036865,M,1,36,programmer
849,405,3,882462740,M,1,45,marketing
152,276,5,878736770,M,1,33,programmer
790,71,2,888541666,M,1,27,doctor
722,938,5,882736000,M,1,25,executive
505,553,5,884689792,M,1,45,writer
318,430,5,882537566,M,1,39,executive
128,1118,2,882447497,M,1,27,student
11,120,4,891805674,M,1,38,programmer
722,79,1,879496373,M,1,28,student
503,135,3,879700326,F,0,36,librarian
6,93,4,882457041,M,1,33,artist
703,617,2,892974915,M,1,35,artist
251,204,4,891806024,F,0,23,healthcare
429,338,2,891607805,F,0,35,librarian
561,271,1,879995751,M,1,30,entertainment
187,636,4,883171928,M,1,31,programmer
796,1097,5,879923837,M,1,44,executive
942,513,4,884386462,F,0,50,librarian
716,277,5,892447890,M,1,19,educator
429,159,2,882976247,M,1,32,artist
504,109,5,882570389,M,1,30,student
815,597,1,881071800,M,1,28,scientist
208,331,4,882729805,M,1,31,student
316,1136,4,891687362,M,1,35,technician
388,97,3,875627479,M,1,41,technician
487,186,3,892231381,M,1,34,lawyer
144,28,2,876404282,M,1,26,other
504,135,5,880473003,M,1,47,educator
650,1116,3,875548855,M,1,27,programmer
269,364,4,875546272,F,0,51,healthcare
453,317,3,892513779,M,1,27,student
269,670,3,891290609,F,0,19,librarian
295,794,1,892077906,M,1,49,student
835,1054,5,887903293,M,1,41,engineer
547,556,3,889710421,M,1,40,educator
7,926,3,875489945,M,1,35,educator
92,461,2,879808254,M,1,32,programmer
92,100,2,880498906,M,1,27,programmer
49,169,5,892267565,M,1,24,student
901,628,5,892947632,M,1,27,student
454,1152,2,887393880,M,1,25,lawyer
181,304,5,879038490,M,1,28,technician
163,1079,3,882767190,M,1,22,administrator
5,582,5,880540556,F,0,51,artist
181,1541,4,879926988,M,1,46,administrator
655,8,4,879688866,F,0,50,librarian
592,510,3,882462161,M,1,31,artist
872,68,3,880082625,M,1,31,marketing
707,685,4,879560268,F,0,51,educator
538,127,1,882774989,M,1,21,educator
790,1099,5,882809771,M,1,35,programmer
655,347,4,879742140,F,0,56,educator
188,504,5,892087813,M,1,46,engineer
431,1323,5,880601604,M,1,27,student
67,1545,3,883337797,M,1,26,student
109,399,3,888739158,M,1,24,engineer
781,672,3,883303656,M,1,31,other
36,89,5,883440650,M,1,27,educator
318,294,4,884499658,M,1,26,administrator
409,179,4,882534183,M,1,27,educator
354,427,3,884479219,F,0,36,librarian
505,287,4,882691033,M,1,35,administrator
620,824,4,891962316,F,0,39,artist
805,1083,5,879295909,F,0,35,writer
509,121,3,885265196,M,1,27,technician
62,1011,5,882697729,M,1,20,programmer
745,977,1,875657450,M,1,37,student
642,179,3,879434673,F,0,39,librarian
905,305,2,883308910,M,1,28,programmer
650,736,5,882583975,M,1,45,educator
405,12,1,892252007,F,0,31,writer
435,358,4,880428960,F,1,27,educator
775,417,5,883057403,M,1,45,student
339,142,5,879777606,M,1,26,student
550,1229,4,882595163,M,1,41,educator
268,69,5,880274296,M,1,54,administrator
800,272,1,882525483,M,1,53,technician
344,483,3,891355137,M,1,24,student
536,222,3,879898763,M,1,35,technician
162,280,2,877313219,M,1,45,technician
303,322,2,884149986,M,1,40,educator
569,417,1,879794919,M,1,33,educator
82,1043,4,880886748,M,1,39,technician
49,174,4,880021865,M,1,27,educator
59,294,5,889796084,M,1,52,student
308,762,3,891894408,F,0,35,librarian
417,79,4,880273858,F,0,51,healthcare
943,827,5,879761926,M,1,27,lawyer
798,1078,4,892298195,F,0,45,librarian
130,665,5,879704649,M,1,46,educator
111,240,4,891222412,M,1,52,educator
518,180,1,892072032,M,1,39,technician
381,126,5,880192989,M,1,27,administrator
393,430,4,876597135,M,1,39,educator
335,521,3,881725134,M,0,51,marketing
416,69,3,880095147,F,0,29,librarian
880,184,5,879776404,M,1,29,student
118,152,3,879491839,F,0,35,educator
930,286,4,891283701,F,0,51,healthcare
599,803,1,892836929,M,1,27,lawyer
332,333,2,889228592,F,0,51,educator
562,157,5,879693242,M,1,34,programmer
880,15,3,880165295,M,1,26,educator
374,696,5,882168764,M,1,24,engineer
617,1089,3,892193555,F,0,18,writer
49,96,5,891292573,F,0,27,salesman
416,287,1,884391293,M,1,31,programmer
301,748,5,879059364,M,1,28,technician
59,32,3,882058948,M,1,38,librarian
903,106,1,879702143,M,1,33,student
345,237,2,891833608,F,0,51,librarian
546,1148,1,891874775,M,1,32,executive
416,1050,5,892880157,M,0,44,entertainment
22,528,5,882371480,M,1,28,programmer
184,340,4,891539592,F,0,52,writer
222,153,5,881986412,M,1,28,engineer
707,1642,1,880681574,F,0,54,educator
217,238,3,882369554,M,1,18,artist
878,206,1,880307993,M,1,27,lawyer
14,322,4,879363672,M,1,28,artist
654,845,4,883809623,F,0,44,librarian
796,984,5,891506404,F,0,51,librarian
839,603,4,884648418,F,0,35,none
892,483,5,886692139,M,1,19,retired
392,4,5,879726061,M,1,18,other
650,402,2,879495330,F,0,23,educator
864,1607,3,891289781,M,1,26,programmer
298,1152,2,882670206,M,1,35,programmer
384,946,3,877854637,M,1,51,student
499,591,3,893185767,M,1,32,programmer
601,354,5,879813191,M,0,39,educator
293,194,5,882452177,M,1,24,executive
549,780,2,882744363,M,1,27,other
863,540,4,892128138,M,1,38,student
387,301,5,879424623,M,1,27,student
90,659,3,884628871,M,0,42,executive
774,374,5,891366170,M,1,19,doctor
367,444,4,879577350,M,1,36,programmer
804,72,3,891634386,M,1,45,engineer
62,655,4,880365175,M,1,34,student
454,538,4,892408671,M,1,27,administrator
825,568,4,875660044,M,1,33,educator
877,385,2,879949280,M,1,32,librarian
291,300,1,879353842,F,0,27,artist
911,157,2,884475692,M,1,27,student
506,364,1,875240985,M,1,38,lawyer
704,832,1,882810098,F,0,51,librarian
676,216,4,880142354,M,1,53,student
646,111,5,882789105,M,1,28,doctor
406,135,4,879877819,M,1,39,programmer
624,210,4,880192998,M,1,37,administrator
462,433,4,882549412,M,1,32,technician
313,25,3,884354313,F,0,31,other
794,932,5,888542529,M,1,24,technician
461,288,5,875369547,M,1,49,executive
21,741,5,879533240,M,1,19,programmer
287,1028,5,882495939,M,1,32,educator
756,530,3,884938390,M,1,28,executive
318,22,3,882826621,M,1,24,student
832,1014,3,880164561,M,1,50,technician
339,38,5,879950649,M,1,26,artist
450,240,4,877856631,F,0,30,writer
389,742,4,881869267,M,1,18,scientist
843,98,1,880213869,M,1,38,scientist
650,1074,4,879783339,M,1,32,other
318,307,3,879809228,F,1,39,entertainment
359,208,4,879726291,M,0,27,educator
690,379,3,886782500,M,1,35,executive
716,275,3,880044853,M,0,54,writer
311,1286,5,879597895,M,1,42,other
617,707,2,879789218,F,1,32,educator
238,286,4,891295796,M,1,34,student
582,127,4,880019401,M,1,28,scientist
5,220,2,891288347,M,1,36,engineer
417,213,4,888734384,F,0,52,librarian
79,273,5,879661982,M,1,46,scientist
66,1116,4,878957945,F,0,51,healthcare
484,195,3,875818703,M,1,18,student
537,582,4,879878443,M,1,50,lawyer
892,435,4,891021103,M,1,45,technician
154,1163,2,881844223,M,1,64,writer
198,242,4,891789231,M,1,32,student
617,627,5,879702815,F,0,53,writer
181,595,4,874800224,M,1,31,administrator
24,894,1,875338449,M,1,52,retired
660,22,5,879475998,M,1,31,scientist
863,66,5,891885063,F,0,32,writer
571,1028,5,879206365,F,1,52,educator
504,177,4,892763271,M,1,26,administrator
774,709,5,880070419,M,1,41,educator
343,490,4,892981658,M,1,40,educator
463,70,3,880150506,F,0,53,administrator
655,735,1,880640450,F,0,27,librarian
655,734,4,882601790,F,0,39,educator
262,1136,5,880394336,M,1,29,programmer
199,70,4,875367369,F,0,51,librarian
21,468,3,880274387,M,1,21,educator
1,751,4,881404032,M,1,27,scientist
5,118,5,891720746,F,0,44,artist
189,191,3,879740895,M,1,31,educator
885,328,3,879534357,F,0,44,librarian
331,38,3,891956048,F,1,51,technician
507,1166,5,892472299,M,1,39,scientist
742,969,2,879929648,M,1,50,retired
252,631,5,879733677,M,1,33,educator
62,591,5,883299289,M,1,27,programmer
796,695,4,892209206,F,0,39,artist
297,229,1,880509680,M,1,40,artist
798,192,5,881165835,M,1,39,scientist
671,484,5,882825050,M,1,27,other
314,70,3,880480003,M,1,45,technician
120,91,4,879817582,F,0,50,educator
727,144,4,883366200,M,1,34,educator
311,1228,1,880196132,M,1,32,student
588,132,3,886606108,F,0,55,administrator
442,100,4,892436674,M,1,24,student
181,219,5,889021501,M,1,51,technician
916,69,3,878030646,M,1,32,educator
643,289,2,888440712,M,1,25,educator
653,237,4,879547429,M,1,35,administrator
537,552,1,878750602,M,1,38,technician
728,1258,4,884353423,M,1,44,technician
461,200,1,879746673,M,1,52,retired
506,226,5,889013388,F,0,39,salesman
504,152,3,884314202,F,0,32,librarian
157,988,2,883330510,M,1,28,educator
680,475,4,891645588,F,0,52,writer
532,331,5,879942142,M,1,46,entertainment
617,118,3,891529969,F,0,52,healthcare
436,237,4,892072722,F,0,31,other
798,210,3,892411719,F,0,52,writer
921,826,5,880070782,M,1,46,programmer
293,463,1,884290922,M,1,44,engineer
286,295,3,882837414,M,1,28,programmer
295,614,3,877559798,M,1,24,technician
704,286,5,882588104,M,1,27,student
896,407,3,884186529,M,1,27,programmer
401,693,5,882588618,F,0,52,librarian
346,546,3,879827699,M,1,31,programmer
334,309,3,880121257,M,1,27,lawyer
774,196,3,882296386,M,1,26,artist
716,689,5,880986474,F,0,50,writer
679,182,1,889084000,F,0,56,administrator
716,392,4,880258075,F,0,32,homemaker
474,290,3,884361688,M,1,38,retired
269,63,4,890002464,M,1,36,educator
889,423,5,882512651,M,1,47,healthcare
376,1620,1,893485429,M,1,36,artist
22,307,1,880914065,M,1,22,executive
432,496,4,875646032,M,1,51,programmer
846,117,5,879912015,M,1,51,scientist
232,28,5,889297120,F,0,36,administrator
311,568,3,882289465,M,1,35,student
62,186,4,882761556,F,0,49,administrator
619,11,5,889845176,M,1,26,educator
644,1226,4,884535241,M,1,45,scientist
470,527,5,891532549,M,1,27,artist
618,100,2,880018074,M,1,29,educator
698,273,3,882519243,M,1,52,engineer
2,807,4,882712256,M,1,28,programmer
588,82,3,884209004,F,0,51,other
122,578,5,882694745,M,1,45,other
201,751,5,891428251,M,1,54,programmer
427,1263,5,880957809,M,1,29,student
422,762,4,891499080,F,0,11,healthcare
532,475,2,880044663,F,1,45,educator
59,4,5,880157294,M,1,20,student
830,274,2,883217457,M,1,27,educator
59,930,3,884138562,M,1,38,artist
354,507,5,891712187,F,0,57,administrator
488,678,5,879501836,M,1,39,programmer
682,234,5,879231475,M,1,34,programmer
488,1032,5,876712902,M,1,33,technician
655,504,5,879658431,M,1,41,administrator
417,685,3,891974116,F,0,51,librarian
630,225,1,875629913,M,1,31,student
733,1025,5,892484207,M,1,23,other
524,227,5,882503932,M,1,41,librarian
542,470,2,879632551,F,1,36,artist
620,1110,1,891662436,M,1,33,artist
655,395,3,879147724,F,0,30,healthcare
840,578,1,891502213,M,1,39,student
655,468,3,892060221,F,0,52,healthcare
782,106,2,884407048,F,0,34,librarian
798,117,5,882759196,M,1,23,engineer
902,768,3,889416021,M,1,27,educator
344,1104,4,884368205,F,0,52,educator
122,499,3,882273616,M,1,50,retired
113,122,3,879839757,M,1,33,programmer
496,31,5,882305827,M,1,32,programmer
125,631,1,875768471,M,1,19,programmer
93,515,1,875749393,M,1,28,salesman
766,226,4,879898074,M,1,35,programmer
880,186,3,875537859,F,1,23,librarian
777,809,3,883902946,M,1,39,administrator
338,658,5,882988798,M,1,39,other
379,546,2,889299691,M,1,26,administrator
437,509,5,882432402,M,1,32,programmer
637,717,5,882680023,M,1,26,educator
727,727,5,879688544,M,1,35,marketing
903,1230,4,877733258,F,0,51,student
25,475,5,886760708,M,1,19,administrator
918,690,4,882727280,M,1,27,writer
727,226,5,880069719,M,1,25,student
715,391,5,883011540,M,1,33,educator
872,378,2,882385923,M,1,27,executive
42,241,1,891750428,M,1,30,lawyer
14,11,5,879968736,M,1,31,doctor
181,514,5,876638798,M,1,25,engineer
847,14,2,880125013,M,1,31,programmer
217,467,3,882885055,M,1,28,programmer
634,237,3,882190134,F,0,18,healthcare
456,255,2,880682860,F,0,10,educator
459,87,4,879623066,M,1,22,educator
361,289,3,881072319,M,1,24,engineer
405,117,2,880781265,F,0,43,educator
64,117,5,880013279,M,1,28,programmer
487,230,5,891658412,M,1,31,executive
197,101,2,881389076,M,1,28,educator
13,742,2,875741777,F,1,24,educator
655,265,4,892172794,F,0,51,writer
618,328,4,881719194,F,0,30,librarian
655,161,4,879808158,M,1,29,educator
264,118,5,883005731,F,0,33,librarian
653,216,3,879587717,F,0,19,salesman
846,411,4,879337075,M,1,24,student
286,508,3,875370177,F,0,31,other
237,298,4,892192510,F,0,44,librarian
932,96,4,883977016,F,0,43,administrator
650,190,3,877553834,M,1,26,student
417,24,4,889195080,F,0,61,healthcare
727,326,5,879570897,M,1,28,student
655,447,4,891878464,F,0,12,healthcare
707,111,5,879823726,F,0,24,librarian
885,818,1,882592747,M,1,51,administrator
60,33,2,889634278,M,1,28,artist
715,4,2,892144037,M,1,28,educator
95,28,1,879597299,M,1,39,student
519,694,5,888679431,M,1,20,writer
588,365,3,891604964,M,1,35,engineer
62,300,4,879714434,F,0,43,none
70,1228,2,879888166,M,1,20,artist
405,284,5,883171868,M,1,30,student
389,1214,5,882361622,M,1,27,entertainment
223,121,2,874945390,M,1,27,technician
195,49,4,884720419,M,1,43,marketing
504,744,3,891839342,F,0,42,librarian
489,204,5,884114963,F,0,32,student
782,518,2,880142971,F,0,39,other
286,98,4,879654477,M,1,44,executive
392,763,4,884620009,M,1,35,engineer
572,83,5,876929508,M,1,35,programmer
362,194,4,880444558,F,0,52,healthcare
920,239,4,882195413,M,1,23,other
453,125,5,880218255,M,1,31,programmer
512,820,2,889167175,F,0,21,homemaker
471,59,5,892066709,M,1,27,none
42,98,3,879965812,M,1,28,programmer
347,709,3,874932983,M,1,31,librarian
378,339,5,880158579,M,1,39,programmer
719,479,2,883560212,M,1,34,artist
72,284,1,882889943,F,0,55,none
677,65,3,886361292,M,1,40,lawyer
130,211,4,886170822,M,1,31,engineer
364,271,3,877492831,M,1,27,none
86,127,2,880597318,M,1,27,lawyer
655,194,2,883211657,F,0,51,writer
244,290,1,891249991,F,0,39,librarian
230,357,5,892268025,M,1,54,other
42,181,4,884175169,M,1,11,technician
42,294,2,892320570,M,1,45,educator
776,546,2,879792015,M,1,28,educator
522,276,4,880152019,M,1,27,educator
605,517,3,883489713,M,1,24,lawyer
642,133,3,883972104,F,0,35,other
269,181,4,892150740,F,0,51,librarian
700,194,1,885320083,M,1,28,writer
807,403,3,879407134,M,1,34,educator
523,433,2,891985435,F,0,51,librarian
795,123,1,875618579,M,1,26,librarian
103,1063,3,880204043,M,1,32,programmer
719,1654,4,883112739,M,1,28,educator
405,735,1,889074262,F,0,52,writer
286,259,3,876898947,M,1,27,programmer
779,531,3,880362160,M,1,19,student
401,31,3,891610835,M,1,11,technician
744,79,5,878120057,F,0,52,homemaker
796,24,5,891619697,F,0,36,librarian
932,179,2,889476008,F,0,49,homemaker
474,1267,5,875643331,M,1,51,engineer
401,469,4,892567318,M,1,28,other
92,1217,1,882219882,M,1,39,scientist
35,357,5,879730219,M,1,27,entertainment
868,684,4,878288957,M,1,39,scientist
31,4,2,874758763,M,1,39,scientist
447,340,4,881437446,M,1,28,doctor
385,447,3,891990302,M,1,28,technician
229,420,5,885120008,M,1,27,executive
619,129,3,879837122,M,1,27,technician
889,136,5,880177984,M,1,27,entertainment
445,204,2,876042559,M,1,19,programmer
447,32,3,880301544,M,1,26,programmer
713,144,4,875696088,M,1,22,administrator
181,642,2,882957296,M,1,50,programmer
259,751,5,880549855,M,1,27,other
7,477,4,875805586,M,1,19,student
223,250,1,884421679,F,0,51,other
531,485,5,892181514,M,1,28,retired
251,295,3,879985825,M,1,18,programmer
656,404,2,879656086,M,1,31,technician
413,808,3,892052307,M,1,28,educator
922,770,4,877799019,F,0,33,writer
186,28,4,880054126,M,1,35,programmer
883,211,3,880640922,M,1,26,educator
75,102,3,888485056,M,1,38,lawyer
618,815,1,882744115,M,1,38,executive
10,400,5,879229242,M,1,23,scientist
338,898,4,881608635,F,0,31,librarian
145,678,2,886600520,F,0,52,writer
916,1152,5,879919273,F,0,52,salesman
1,50,4,877239363,M,1,36,educator
90,14,5,879576994,M,1,43,executive
38,748,5,891885229,M,1,27,executive
784,228,4,884313018,M,1,30,student
744,323,5,882647463,F,0,24,executive
301,831,5,879666841,M,1,40,educator
577,877,3,879767843,F,0,12,librarian
290,479,3,884259760,M,1,31,educator
907,864,3,891466109,F,0,27,student
655,219,2,888732399,F,0,36,librarian
757,288,4,878342118,M,1,51,programmer
548,30,4,891419708,M,1,36,educator
537,959,1,879743973,M,1,49,engineer
251,306,1,879927039,M,1,32,student
707,685,2,891806427,F,0,52,librarian
407,522,1,879139921,M,1,27,entertainment
897,151,4,885120068,M,1,20,student
538,601,1,891511472,M,1,18,administrator
846,293,4,882539677,F,0,36,student
521,50,2,883210981,M,1,32,student
396,1561,1,881134223,M,1,23,executive
134,249,5,888629794,M,1,31,technician
58,288,3,875921297,F,1,30,other
474,97,5,879426182,M,1,29,retired
343,887,5,889442803,M,1,27,programmer
246,456,5,879631974,M,1,32,student
327,328,4,880252774,M,1,23,marketing
450,182,4,879095412,F,0,35,librarian
244,751,3,882708436,M,1,22,programmer
1,346,1,891817520,M,1,39,executive
353,13,5,888036052,M,0,48,executive
674,318,3,891969201,M,1,51,executive
539,385,5,879488437,F,0,45,educator
588,316,1,879606653,M,1,22,scientist
1,282,1,884365806,F,0,32,healthcare
883,132,4,879547324,M,1,26,writer
205,835,3,889852231,M,1,27,librarian
24,237,4,892181954,F,1,26,administrator
712,374,5,879225577,F,0,52,salesman
617,7,3,886268436,F,0,28,librarian
450,1090,2,892122353,F,0,52,librarian
595,608,5,879942866,M,1,32,programmer
104,724,5,882460574,M,1,27,educator
660,575,1,877948021,M,1,19,administrator
889,286,5,882671399,F,1,51,librarian
870,22,5,879840517,M,1,45,technician
141,277,5,879868024,F,0,40,librarian
158,79,1,891365029,M,1,38,retired
296,126,5,891599518,M,1,28,writer
118,147,5,882593064,M,1,33,programmer
257,725,1,879569145,F,0,51,educator
363,1,4,880000516,F,1,35,administrator
887,272,3,875866211,M,0,36,educator
330,276,2,879536422,M,0,22,administrator
430,806,4,888527683,F,0,23,writer
633,650,5,882372169,M,1,44,engineer
319,1442,3,882622056,M,1,26,lawyer
837,343,3,882206703,F,0,40,librarian
338,461,1,891848291,M,1,39,executive
128,111,4,886377551,F,0,19,librarian
851,649,2,886210662,M,1,36,administrator
313,100,4,886400560,M,1,26,educator
505,524,5,880696925,M,1,27,administrator
276,200,3,879541312,M,1,23,entertainment
336,919,4,892144465,F,0,52,librarian
7,420,1,879603756,M,1,38,executive
792,237,5,882880282,F,0,27,librarian
917,845,2,891614161,F,0,24,healthcare
193,100,4,888492372,M,1,49,executive
522,1248,5,892193012,M,1,24,student
670,483,1,882626556,M,1,27,artist
440,269,5,891168053,M,1,29,executive
325,7,5,882513356,M,1,31,executive
642,585,1,891720846,F,0,52,librarian
521,240,4,891930695,M,1,51,other
223,1067,5,880212160,M,1,33,artist
821,226,5,880307029,M,1,39,technician
942,291,5,882499923,F,0,44,homemaker
630,323,3,892794826,M,1,38,programmer
316,177,4,882639239,F,0,51,librarian
299,483,4,875991585,M,1,54,technician
138,492,4,882965870,M,1,44,lawyer
740,129,5,879924381,M,1,27,programmer
303,684,5,891817903,M,1,40,engineer
552,194,4,880094254,M,1,24,engineer
281,1313,3,880198932,M,1,35,marketing
770,9,5,890727072,M,1,27,programmer
604,1534,4,879755281,F,0,38,homemaker
336,385,4,875462126,M,1,43,programmer
782,56,2,879819707,M,1,52,student
827,501,4,884604282,M,0,41,student
386,70,5,892689340,M,1,45,librarian
279,300,2,879531335,M,1,44,programmer
381,477,2,882766428,M,1,38,entertainment
864,111,4,892173909,M,1,27,educator
234,318,5,880777117,M,1,29,other
332,239,2,891726768,F,0,51,librarian
253,874,2,884325314,M,1,35,educator
556,159,5,883408866,M,1,27,student
934,144,3,888983769,M,1,27,lawyer
403,286,5,882160744,M,1,29,marketing
682,259,1,880735570,M,1,27,programmer
2,429,4,891969578,F,0,36,other
667,47,4,880449813,M,1,52,scientist
682,121,3,888642650,M,1,50,student
343,171,3,891941319,F,0,36,librarian
59,763,1,885628029,M,1,44,technician
937,7,2,891459661,M,1,35,technician
23,285,5,891560274,M,0,27,librarian
641,1307,3,892620774,M,1,32,artist
345,521,5,884107322,M,1,22,other
328,242,1,879751626,M,1,29,healthcare
225,116,4,881387033,F,0,52,healthcare
654,272,3,891107151,F,0,54,librarian
92,661,4,892438790,M,1,50,administrator
454,53,5,879625509,M,1,30,entertainment
539,161,5,876061038,F,0,50,administrator
292,282,4,880045650,F,0,28,librarian
417,456,2,891919812,F,0,19,healthcare
279,696,4,879943131,M,1,30,other
271,216,3,889439026,M,1,32,student
624,1285,3,881841003,F,0,23,librarian
432,304,1,879813737,M,1,36,student
541,22,4,879830122,M,1,31,artist
7,1428,5,880408414,M,1,27,educator
151,166,4,891174658,F,0,36,writer
790,117,2,882609164,M,1,50,programmer
577,179,4,891560542,F,0,19,writer
534,234,1,891169337,M,1,51,librarian
457,1153,5,892222013,F,0,51,artist
308,1540,3,886558340,F,0,51,librarian
429,864,3,892576113,F,0,25,librarian
707,237,4,879337519,F,0,35,librarian
249,513,4,884436742,M,1,27,other
889,762,5,891307934,F,0,27,librarian
239,1073,4,875391545,M,1,40,programmer
289,255,2,880329836,M,1,51,educator
290,1132,3,889182931,M,1,44,educator
405,1149,5,891612277,F,0,31,librarian
308,323,3,879725549,M,1,32,lawyer
503,276,4,887056727,F,0,51,other
174,39,3,882601858,F,0,32,other
174,527,5,892906697,M,1,31,educator
738,214,5,879704409,M,1,27,programmer
707,96,5,879962250,M,1,40,librarian
846,403,4,883105889,M,1,52,scientist
92,238,3,880419650,M,1,28,student
181,153,5,879684704,M,1,40,engineer
717,417,3,879590361,M,1,18,writer
125,12,4,886299957,M,1,26,programmer
234,319,4,883170687,M,1,32,student
865,101,2,879040347,M,1,25,technician
642,742,4,884098268,F,0,51,librarian
561,1140,5,884154403,M,1,28,technician
872,904,3,892674784,M,1,39,educator
311,280,3,882155459,M,1,33,scientist
878,514,3,882996569,M,1,33,student
741,918,5,880364670,M,1,32,marketing
880,699,3,884258752,M,1,33,administrator
64,111,4,891491880,F,0,10,librarian
747,628,5,884725910,M,1,52,student
558,557,5,879680132,M,1,29,administrator
942,751,2,883201772,M,1,37,student
161,100,2,880024281,M,1,39,student
219,230,3,875438126,F,0,49,librarian
303,90,2,877233378,M,1,40,educator
721,1028,5,875603477,M,1,25,programmer
344,478,1,892263443,F,0,46,artist
13,269,5,879958360,M,1,25,educator
782,269,2,875545722,F,0,52,librarian
655,318,4,879717978,F,0,51,librarian
445,580,5,888668174,M,1,32,doctor
756,44,4,885039879,M,1,36,student
486,476,4,891529740,F,0,48,educator
386,1060,1,888970967,M,1,30,executive
244,66,3,892690839,M,1,32,entertainment
929,568,3,891164027,M,1,33,student
104,300,4,879000316,M,1,35,other
362,751,4,883198976,M,1,35,student
151,203,4,884348778,F,0,39,educator
496,92,1,878809417,M,1,26,other
188,230,5,891589076,F,0,35,writer
393,756,3,879534714,M,1,27,other
160,175,4,892416997,M,1,18,educator
49,238,4,880096705,M,1,31,educator
329,284,1,879507864,M,1,30,retired
823,945,2,883093728,M,1,39,student
655,69,5,882532895,F,0,51,educator
425,1444,5,881568315,F,0,28,none
436,270,1,891851499,M,1,28,student
892,752,3,879936027,M,1,32,educator
716,203,4,891247896,M,0,36,educator
224,1197,3,892610644,M,1,27,student
790,423,4,880098093,M,1,27,administrator
128,490,1,876569113,M,0,52,educator
325,566,5,879383067,M,1,33,educator
582,22,3,892746265,M,1,23,executive
764,303,3,885020821,M,1,33,executive
378,1035,4,888386309,M,1,24,retired
655,710,4,879468007,F,0,60,librarian
527,889,5,879598440,M,1,26,scientist
190,756,3,884448890,M,1,31,programmer
709,800,2,880062064,M,1,28,artist
234,228,5,880034838,M,1,31,educator
643,739,2,884919547,M,1,27,educator
98,89,1,879611314,M,1,23,writer
327,340,4,880175773,M,1,45,student
429,581,4,879738544,M,1,60,student
902,923,5,880118382,M,1,34,student
7,403,5,888936131,F,0,39,librarian
279,842,5,879502471,M,1,47,engineer
621,325,1,893450078,M,1,24,administrator
332,22,4,882811640,M,0,28,writer
270,333,2,891794278,F,0,51,librarian
303,145,3,886786447,M,1,32,technician
176,406,4,882728759,M,1,36,technician
464,288,5,892009475,M,1,19,salesman
506,685,5,893309662,M,1,45,student
250,1456,1,885190578,M,1,30,executive
467,145,2,879308383,M,1,28,librarian
711,83,5,880340800,M,1,28,programmer
374,491,4,892034386,F,1,27,programmer
744,1036,3,878157188,M,1,51,lawyer
324,186,3,879943252,M,1,35,engineer
380,150,5,889247134,F,1,39,writer
269,605,3,892032754,F,0,28,healthcare
40,411,1,882272652,M,1,43,technician
789,416,4,880762751,F,0,39,librarian
805,243,3,879913852,F,0,32,student
357,199,4,879630056,F,0,43,administrator
599,854,4,880248016,M,1,35,educator
332,467,4,879503531,F,0,50,student
70,755,2,882689704,M,1,32,librarian
629,580,5,875303120,M,1,38,entertainment
632,294,2,883029213,M,1,34,educator
663,941,3,883125792,M,1,27,programmer
261,82,5,891957235,F,0,35,educator
626,328,3,883879841,F,0,29,homemaker
224,652,4,882968679,F,0,52,writer
14,331,3,891594624,M,1,27,scientist
186,685,4,884552648,M,1,42,administrator
790,1243,4,879783355,F,0,52,healthcare
397,1044,3,879714277,M,1,30,educator
483,486,3,879745792,M,1,35,student
537,122,1,880203995,M,1,32,student
405,679,3,879838024,F,0,50,student
418,56,5,882380128,M,1,44,scientist
138,323,3,888606509,M,1,31,retired
416,1176,2,883011443,F,0,57,writer
104,174,3,882345465,M,1,34,programmer
353,1301,4,875497172,F,0,11,librarian
151,475,2,879750341,F,0,54,artist
431,234,2,879755236,M,1,51,technician
181,292,5,882469578,M,1,28,engineer
35,1605,2,884776884,M,1,31,other
537,1028,4,891209862,M,1,31,student
417,82,2,891786843,F,0,31,librarian
356,989,5,875411715,M,1,28,technician
181,1016,5,883300548,M,1,55,other
660,158,5,892751301,M,1,28,programmer
43,157,2,891042309,F,0,26,writer
441,1121,2,880516395,F,0,28,artist
655,1400,4,892156921,F,0,45,healthcare
655,74,4,891682871,F,0,45,healthcare
889,313,1,886432419,M,1,27,student
759,81,5,882835232,M,1,30,administrator
675,243,4,891384854,F,0,50,librarian
374,1069,1,891555142,M,1,23,artist
354,751,1,884200906,F,0,24,librarian
514,122,4,882541697,M,1,28,doctor
913,687,4,879472126,F,0,51,artist
571,67,5,879060802,M,1,42,artist
345,804,3,879726820,F,0,43,librarian
881,628,3,879788676,F,0,50,healthcare
871,176,3,880211440,M,1,32,administrator
450,132,5,891032357,F,0,53,librarian
406,263,4,877960140,M,1,48,technician
613,1121,1,883248941,M,1,28,educator
938,770,3,882423651,M,1,27,educator
21,310,3,881281924,F,1,32,other
212,684,3,881025319,F,0,52,artist
494,13,5,875728759,M,1,39,engineer
890,332,5,886740794,M,1,39,programmer
798,274,3,891900197,F,0,52,librarian
655,716,4,892065766,F,0,24,educator
326,511,3,882108491,M,1,23,executive
323,322,5,879935445,M,1,31,artist
60,71,1,889137590,M,1,51,programmer
543,197,5,879363670,M,1,31,programmer
552,871,1,883080932,M,1,33,educator
290,961,3,892468398,M,1,33,engineer
213,45,2,881385267,M,0,31,educator
24,632,5,883111257,M,1,28,artist
339,129,3,883331171,M,1,30,educator
434,331,3,882460890,M,1,49,entertainment
833,88,3,879280600,F,0,44,librarian
189,126,3,882894246,M,1,18,engineer
455,1268,1,879169000,M,1,43,scientist
18,28,3,884440828,F,0,51,educator
405,673,3,879883080,F,0,19,administrator
43,436,4,879425639,M,1,44,other
405,414,3,880458683,F,0,35,librarian
636,1220,4,882504798,M,1,38,technician
145,390,2,879534804,F,1,31,librarian
881,26,4,892209277,M,1,45,other
424,76,1,880685447,M,1,28,doctor
151,762,2,881126872,F,0,32,homemaker
93,12,5,875908242,M,1,42,marketing
717,607,1,891178719,F,0,36,librarian
796,310,4,882678716,F,0,33,healthcare
325,163,2,880603887,M,1,24,artist
189,328,3,892163901,M,1,27,librarian
153,356,5,886464562,M,1,24,entertainment
751,402,5,882557618,M,1,23,educator
10,405,1,880346891,M,1,22,librarian
256,303,1,878815634,M,1,25,technician
186,228,5,886645529,M,1,24,programmer
758,760,4,888655488,M,1,27,technician
654,213,3,882346786,F,0,27,other
406,127,5,888754063,M,1,35,student
826,606,5,881670101,F,0,39,librarian
207,283,2,879384463,M,1,50,librarian
542,508,3,879169352,F,0,51,salesman
562,245,3,883168335,M,1,27,technician
723,726,4,893365525,M,1,27,technician
497,1527,2,880059642,M,1,46,educator
713,472,2,884800212,M,1,18,technician
544,289,5,882783354,M,1,32,programmer
755,565,1,878222033,M,1,32,technician
360,194,5,879425297,F,0,50,administrator
859,380,5,883154285,M,1,27,executive
400,165,5,882232561,M,1,33,homemaker
283,47,2,886014496,M,1,60,programmer
825,323,3,880926464,M,1,26,salesman
372,358,4,884499071,F,0,50,librarian
891,144,5,892391957,M,1,28,engineer
785,738,1,882764374,M,1,51,salesman
794,367,2,879714234,M,1,52,student
269,195,4,892213365,M,1,40,student
514,200,3,891283736,M,1,22,engineer
318,259,5,892784940,M,1,35,artist
288,465,4,879573064,M,1,39,other
665,328,5,886925161,M,1,27,entertainment
503,282,5,876022951,F,0,51,healthcare
767,127,4,891848581,F,0,19,educator
321,515,4,880246370,M,1,25,educator
451,1039,5,880839409,M,1,33,programmer
711,164,1,882699246,M,1,26,writer
379,320,5,882482320,M,1,31,student
474,566,4,880803521,M,1,18,programmer
723,685,1,883222231,M,1,30,technician
524,288,5,879388371,M,1,33,educator
551,448,1,892082865,F,0,54,writer
915,68,1,877668909,M,1,35,entertainment
889,1012,5,878493689,M,1,27,student
701,1518,3,883442861,M,1,31,programmer
443,993,3,877899944,M,1,50,artist
643,921,2,877321987,M,1,36,student
787,511,1,881433691,M,1,12,programmer
214,280,5,877236770,M,1,26,lawyer
474,376,4,882830271,M,1,36,retired
45,315,5,891502959,M,1,18,marketing
70,1267,3,882980472,M,1,27,programmer
503,255,4,892087703,F,0,23,healthcare
872,121,3,887786988,M,1,20,educator
707,961,4,882467240,F,0,52,librarian
612,451,2,883132386,M,1,27,other
881,288,3,882464236,F,0,30,engineer
107,365,4,892163272,M,1,33,doctor
43,312,4,891360199,M,1,46,educator
158,671,3,882502679,M,1,27,librarian
515,46,1,881858437,M,1,23,programmer
90,371,4,879665101,M,1,35,administrator
450,288,5,892388465,F,0,36,marketing
593,212,2,880277915,M,1,46,entertainment
399,477,2,888340446,M,1,53,retired
452,564,5,875415073,F,0,27,none
600,168,4,882841637,M,1,23,student
20,257,4,892620750,F,0,43,librarian
837,210,2,880068332,M,1,20,educator
280,1050,1,891857628,F,0,50,writer
703,556,4,880653731,F,0,52,writer
56,650,3,882159560,F,0,53,programmer
405,652,3,877034685,F,0,52,librarian
842,147,5,882104761,M,1,27,retired
197,423,2,877616060,F,0,17,homemaker
349,476,3,884526150,M,1,39,other
521,511,3,879273098,M,1,30,student
932,273,2,879296590,M,1,31,programmer
282,477,2,882998925,M,1,32,lawyer
256,282,4,883825182,F,0,42,educator
272,1215,3,882939684,F,1,50,artist
215,297,4,887281419,M,1,32,educator
418,680,2,875591160,F,1,39,administrator
708,132,3,891096715,F,0,38,salesman
203,1383,1,888438991,M,1,32,librarian
921,496,5,891119359,F,1,30,executive
405,606,4,891975830,F,0,53,student
828,62,2,880186835,M,1,52,engineer
268,554,4,889099168,M,1,31,educator
690,1181,5,892485854,M,1,25,artist
784,1142,2,884558010,F,0,52,writer
927,678,4,886709943,M,1,28,technician
23,931,2,879662414,F,0,35,homemaker
304,515,3,891993023,F,0,32,administrator
363,242,1,880164710,M,0,22,student
314,671,4,884204796,M,1,26,librarian
752,921,5,880379218,M,1,28,educator
922,483,3,884978382,M,1,31,programmer
292,151,5,884662214,M,0,36,marketing
650,527,1,881849315,M,1,27,artist
62,275,2,884346709,F,0,28,librarian
652,250,2,879636160,F,0,52,librarian
486,968,4,880039314,F,0,41,writer
327,1013,3,879897298,M,1,39,entertainment
492,443,1,882680598,M,1,32,technician
267,1,4,892039906,M,1,27,student
721,237,5,882180036,M,1,45,engineer
789,874,3,886648458,M,1,44,educator
262,1106,3,891558620,F,0,50,writer
788,117,5,875578366,M,1,34,student
797,256,2,880216560,M,1,28,retired
589,849,5,878223672,M,1,32,lawyer
526,143,1,884877725,M,1,44,none
934,367,3,880289996,M,1,26,lawyer
928,475,4,877455002,M,1,19,scientist
457,294,2,879477928,M,1,53,artist
404,321,3,880285873,M,1,33,educator
256,728,3,882925339,M,1,43,scientist
186,127,4,875497219,M,1,33,educator
854,651,3,880025782,M,1,33,artist
435,402,5,891313996,M,1,38,executive
568,63,1,884052144,M,1,50,student
730,48,4,886293569,F,0,32,healthcare
32,25,3,879690844,M,1,19,artist
205,1280,5,879417342,M,1,31,programmer
42,69,5,881783088,F,0,13,librarian
15,1199,2,886491331,F,0,44,artist
223,24,5,882761020,F,0,27,educator
702,809,5,879859756,M,1,50,programmer
94,121,2,880896009,F,0,27,librarian
75,257,1,882402934,M,1,24,retired
817,464,4,882283261,M,1,34,artist
302,228,3,879509210,F,0,26,other
588,250,3,877991434,F,0,27,other
539,853,3,877511228,M,1,26,engineer
592,269,5,882907173,M,1,26,educator
405,226,4,892387167,F,0,35,healthcare
637,692,1,891198519,M,1,29,artist
239,431,4,882700823,F,0,36,writer
152,340,3,892094219,F,0,46,librarian
79,1268,1,880179350,M,1,51,lawyer
514,127,5,882883427,M,1,20,engineer
346,246,1,889374638,M,1,27,entertainment
356,196,5,891607156,M,1,27,technician
283,28,3,883020950,M,1,30,educator
90,304,4,882255177,F,0,51,healthcare
901,411,5,890790105,F,0,52,artist
214,15,3,884491339,M,1,28,programmer
887,133,3,886078293,M,1,30,administrator
440,264,3,882644110,M,1,51,student
49,128,5,879697300,F,0,40,librarian
722,300,4,879984808,M,0,28,writer
752,21,5,882722303,M,1,24,executive
704,172,3,889332264,M,1,35,executive
16,22,4,883965837,M,1,22,technician
600,92,4,892363733,M,1,31,educator
601,106,1,891620274,M,1,29,retired
405,172,3,884532725,F,0,54,librarian
181,929,5,880266326,M,1,36,educator
380,95,2,892284118,F,0,28,executive
601,60,2,875826499,F,0,30,administrator
21,1041,1,883012497,M,1,35,educator
934,56,4,879830312,M,1,27,administrator
505,403,3,882502677,M,1,40,programmer
653,474,1,891554641,M,1,35,technician
773,95,4,882658089,M,1,23,programmer
1,1087,5,886373524,M,1,31,technician
62,259,2,881042994,F,0,36,educator
268,990,3,883241879,F,0,31,educator
130,173,4,884671996,M,1,26,student
437,110,5,880512571,M,1,28,salesman
181,255,2,880304782,M,1,24,artist
313,550,3,888696847,M,1,51,programmer
898,1355,3,879993921,M,1,32,scientist
201,181,2,875466429,F,1,34,administrator
153,179,1,882215176,M,1,35,homemaker
874,662,5,886554172,M,1,35,technician
157,472,2,875297682,M,1,28,student
397,233,4,882254721,M,1,52,retired
208,228,5,880397998,M,1,11,homemaker
416,810,4,884496764,F,0,52,librarian
887,427,3,884739578,F,0,31,librarian
758,307,5,879683946,M,1,38,entertainment
179,917,5,883101510,M,1,30,technician
299,252,4,882743330,M,1,35,educator
798,191,4,892290327,F,0,31,librarian
553,4,3,889205062,M,1,27,artist
1,4,4,882567179,M,1,18,student
251,12,1,884061375,M,1,27,student
239,111,5,891980760,M,1,28,programmer
592,186,3,891508814,M,1,35,programmer
626,472,3,892175606,M,1,36,engineer
266,427,3,886152365,M,1,28,artist
308,64,4,879935959,M,0,29,administrator
528,8,1,877672589,M,1,39,executive
423,417,5,893011275,M,1,28,retired
655,678,4,884231199,F,0,39,writer
387,172,3,879637107,M,1,35,educator
505,510,5,886625547,M,1,39,scientist
499,240,1,892174866,M,1,25,doctor
88,708,3,880153669,M,0,51,librarian
656,816,2,880231036,M,1,40,educator
889,88,5,879991918,F,1,32,other
437,100,5,879452812,M,1,35,educator
72,591,5,879497933,F,0,51,educator
518,176,1,886672764,M,1,45,technician
743,135,5,884238713,F,0,19,other
373,117,5,882839059,F,0,40,librarian
707,1064,1,879752645,M,1,39,entertainment
851,65,4,879359198,M,1,27,other
59,223,5,875170989,M,1,46,engineer
624,980,4,881211170,F,0,31,librarian
285,628,5,891955669,M,1,34,programmer
159,673,5,876265249,F,0,27,engineer
452,302,1,890765414,M,1,29,educator
40,151,5,884649218,M,1,45,technician
92,405,4,882100479,M,1,38,programmer
819,143,4,880668547,M,1,51,marketing
864,629,3,891871060,M,1,28,programmer
293,94,4,884535105,M,1,34,administrator
401,255,1,888472102,F,0,50,healthcare
416,519,5,879821133,M,1,62,student
181,642,3,889022987,M,1,20,engineer
627,343,3,882609991,M,1,30,engineer
337,395,4,891375287,M,1,44,technician
684,209,5,892607178,M,1,28,none
597,193,4,879798775,M,1,39,entertainment
239,688,5,892186266,M,1,27,programmer
275,386,5,880086480,M,1,51,artist
399,1269,5,875336140,M,1,51,artist
286,751,3,886794853,M,1,35,other
213,260,4,884351167,F,1,35,administrator
452,192,1,879116249,M,1,38,educator
29,1626,2,883127719,M,1,41,technician
865,628,2,880048172,M,1,23,student
796,274,5,879593110,F,0,52,librarian
345,1065,2,891856654,F,0,51,artist
328,140,1,879200426,M,1,31,student
588,427,4,892845029,M,1,24,student
276,866,5,880107152,M,1,31,educator
15,796,3,884397711,F,0,52,librarian
628,303,2,879573594,M,1,33,student
943,1061,1,892728920,M,1,24,other
158,100,4,884492757,F,0,50,librarian
915,1050,3,888507853,M,1,23,other
387,108,3,891586113,F,0,35,healthcare
363,22,1,879992498,M,1,45,entertainment
426,778,4,886957666,M,1,27,programmer
699,687,4,883110225,M,1,37,programmer
234,1035,5,879957450,M,1,27,educator
405,744,3,886341526,F,0,25,writer
382,49,1,882947873,M,1,25,other
819,514,3,884089608,F,0,40,librarian
62,125,5,879280682,M,1,34,technician
843,286,4,882952478,M,1,32,scientist
32,427,3,884281645,F,0,39,librarian
748,483,5,880982221,M,1,34,programmer
94,4,3,880087017,M,1,39,programmer
640,294,3,879401348,M,1,28,educator
152,475,5,892126394,M,0,23,administrator
296,226,5,880884735,F,0,52,writer
16,795,2,878724128,M,1,33,lawyer
128,204,4,892637226,M,1,50,student
133,1229,2,884279923,M,1,30,technician
200,652,2,882769675,M,1,33,educator
5,813,5,879253533,M,1,44,educator
841,930,3,889028874,M,1,35,executive
278,526,2,879900181,F,0,51,librarian
786,141,2,879630077,F,0,36,librarian
865,58,5,892092486,M,1,39,engineer
903,581,4,882359389,F,0,29,salesman
274,1115,1,882468037,M,1,39,entertainment
846,70,4,879918055,M,1,42,educator
864,230,4,892580353,F,0,27,administrator
661,694,2,882687669,M,0,54,educator
125,300,4,882781434,F,1,39,writer
360,95,5,891386574,M,1,43,artist
125,684,5,892134209,F,0,12,student
659,574,5,880235267,M,1,32,administrator
162,275,2,891520509,M,1,24,scientist
299,1310,2,884602764,F,0,52,administrator
63,172,4,882624842,M,1,38,administrator
535,486,5,885833624,F,0,52,librarian
387,40,3,875168548,M,1,27,technician
615,1622,3,893331196,M,1,26,student
256,584,5,875793954,F,0,44,librarian
886,1456,1,891716419,F,0,51,none
416,582,4,880131387,F,0,52,writer
49,86,4,879679872,M,1,21,administrator
573,834,4,880316323,M,1,43,technician
222,196,2,888275744,F,1,11,educator
349,597,3,882500591,M,1,27,executive
892,151,3,882858986,M,1,40,technician
868,841,4,883328548,M,1,53,administrator
874,215,2,892212718,F,0,50,administrator
426,248,3,882379924,M,1,35,educator
879,778,2,883158896,M,1,23,homemaker
695,118,2,892292466,M,1,27,administrator
109,70,4,880311507,M,1,32,educator
588,7,5,880493040,M,1,47,educator
811,188,5,892775810,M,1,46,educator
432,241,4,884347896,M,1,30,technician
782,550,5,892464477,F,0,36,homemaker
4,4,2,891271740,M,1,44,technician
276,294,1,892777444,M,1,27,other
405,65,5,884410822,F,0,36,student
458,153,5,882623586,M,1,27,programmer
693,340,4,891607121,F,0,23,student
276,398,4,882752453,M,1,28,student
530,469,1,891691245,M,1,36,artist
838,474,5,879336865,M,1,27,engineer
913,546,4,879186235,M,1,28,educator
750,183,3,879882461,F,0,39,librarian
913,748,3,884043341,M,1,27,executive
889,489,1,884041883,M,1,42,technician
731,269,4,883990735,M,1,22,administrator
743,661,1,882469301,M,1,32,salesman
151,243,2,875590882,M,1,14,student
492,735,2,882227418,M,1,50,technician
773,469,5,881034891,M,1,53,educator
342,529,4,891267757,M,1,35,administrator
751,358,3,891741699,F,0,49,healthcare
78,134,5,882135450,M,1,39,technician
279,519,1,889103478,M,1,35,artist
721,154,1,891952125,M,1,32,programmer
712,182,3,879215958,F,0,51,student
417,250,3,875738058,F,0,50,librarian
224,443,1,875761230,M,1,23,marketing
213,100,4,880068625,F,0,52,librarian
399,392,1,891491603,M,1,27,librarian
354,277,3,881607344,F,0,24,healthcare
592,31,2,892629518,M,1,27,executive
790,917,3,881121327,M,1,38,executive
883,1341,4,880836215,M,1,17,student
733,415,5,879574977,M,1,45,programmer
698,209,3,882627704,M,1,26,student
19,266,3,880307942,M,1,30,programmer
589,53,5,888845775,M,1,38,executive
579,387,2,885296880,M,1,27,artist
846,269,5,879806879,F,0,50,writer
758,472,5,879591096,M,1,36,student
495,183,5,878265784,M,1,24,technician
655,434,4,891807238,F,0,30,educator
128,33,5,880618679,F,0,52,librarian
328,952,5,883012588,M,1,35,educator
186,286,4,880026510,M,1,35,student
343,934,5,887712170,M,1,40,engineer
628,530,3,892621299,M,1,39,programmer
894,528,5,880091366,M,1,51,administrator
270,181,4,892529204,M,1,24,student
693,774,1,880338185,M,1,39,retired
666,673,5,880587541,M,1,35,administrator
848,1011,5,886118073,M,1,28,educator
269,257,4,891858452,M,1,53,writer
217,116,2,882635171,M,1,36,programmer
939,692,2,892093824,M,1,26,educator
85,22,5,891053875,M,1,47,healthcare
580,554,5,892190839,F,0,23,educator
465,432,5,882904248,M,1,32,other
271,132,1,879323951,M,1,28,scientist
463,273,5,880041386,M,1,27,engineer
210,173,3,880184456,M,1,30,student
763,496,5,891112058,M,1,27,doctor
176,9,5,882391188,M,1,19,entertainment
181,118,5,880188109,M,0,23,educator
322,762,3,880493604,F,0,53,retired
95,659,4,884349608,F,0,12,none
698,175,3,892607098,M,1,34,educator
643,127,3,888465675,M,1,36,programmer
864,301,1,880266068,M,1,26,student
269,262,4,882725337,F,0,23,healthcare
49,931,4,884542482,M,1,35,educator
860,1101,4,882822280,M,1,26,administrator
885,286,5,877260864,M,1,50,entertainment
708,64,2,892617489,M,1,36,educator
234,590,5,882989521,M,1,22,educator
622,180,4,882630522,F,0,25,healthcare
298,696,5,875644144,M,1,40,engineer
336,238,3,875190452,M,1,35,administrator
179,134,3,880433605,M,1,34,educator
626,210,5,880154194,M,1,34,none
450,207,4,879564604,F,0,52,student
582,109,3,876151416,M,1,39,scientist
697,282,3,881346153,M,1,58,programmer
472,151,3,884877796,M,1,28,programmer
269,182,4,879681285,F,0,51,librarian
250,1170,3,878346430,M,0,19,educator
548,148,5,882909785,M,1,36,technician
151,831,5,891576812,F,0,59,healthcare
450,280,4,884293842,F,0,10,student
446,282,1,891736329,M,1,28,other
782,173,3,882812944,M,1,21,educator
1,405,5,882149956,M,1,25,educator
827,77,5,893582183,M,1,28,doctor
177,117,2,876860296,M,1,44,educator
767,304,1,892027038,M,1,52,engineer
115,411,4,892082191,F,0,33,healthcare
504,450,5,879530636,M,0,27,other
311,689,4,880176663,F,0,36,librarian
122,639,4,882992383,M,1,34,educator
373,245,4,883050125,F,1,30,administrator
745,544,5,880457843,M,1,33,artist
115,285,3,879341785,F,1,25,librarian
145,316,4,888302334,M,1,27,marketing
290,637,5,883074280,M,1,32,programmer
258,80,3,882484337,M,1,32,entertainment
634,20,2,879713216,M,1,33,educator
586,449,5,880685614,M,1,26,entertainment
654,94,4,875422559,F,0,50,librarian
926,384,4,892619138,M,1,17,technician
238,230,5,875615755,F,0,18,student
418,98,5,876003245,M,1,32,scientist
937,535,3,880257900,M,1,26,other
452,294,2,880032255,F,0,52,retired
665,892,1,888634049,M,1,27,entertainment
294,1542,5,879570016,M,1,28,salesman
592,96,1,877553835,M,1,32,technician
679,790,4,892419296,M,1,27,student
331,186,3,881023213,M,1,30,artist
751,1063,4,879790521,F,0,38,healthcare
319,38,4,889122343,M,1,43,programmer
362,298,4,892173146,F,0,52,librarian
743,15,1,880875611,F,0,35,educator
764,259,3,883984666,M,1,35,student
308,720,4,880200595,M,1,27,technician
745,49,2,889290213,M,1,27,programmer
280,255,4,891933323,F,0,49,librarian
7,395,4,892199599,M,1,29,administrator
123,528,2,879998288,M,1,28,educator
655,519,3,892185042,F,0,23,healthcare
221,9,2,886063566,M,1,24,technician
882,367,1,888645728,M,1,39,marketing
655,65,4,882772907,F,0,45,librarian
833,497,3,881458168,M,0,26,salesman
693,1571,5,891901248,M,1,24,technician
472,549,3,884730427,M,1,38,marketing
827,407,3,879975800,M,1,33,marketing
380,558,4,880969853,M,1,31,engineer
728,840,3,878010410,M,1,35,student
268,327,5,880226223,F,0,52,educator
669,214,5,884140181,M,1,39,technician
291,500,2,891680905,M,1,43,student
308,95,5,892293278,M,1,22,executive
782,48,5,882589422,M,1,26,educator
204,11,3,892491898,M,1,27,librarian
518,203,2,879300513,F,0,51,educator
87,1116,3,886847041,F,0,53,librarian
852,748,4,881113139,M,1,53,writer
771,936,5,883269558,M,1,44,entertainment
21,153,5,891988145,F,0,35,librarian
396,508,4,884789639,F,1,27,educator
655,257,4,882485575,F,0,35,other
405,191,1,882120965,F,0,51,healthcare
654,191,3,875091468,M,1,30,technician
450,947,2,892437720,M,1,51,programmer
297,882,4,884096606,M,1,32,homemaker
745,245,1,879933514,M,1,27,student
128,214,3,892348103,F,0,39,librarian
24,815,4,879277156,M,1,28,programmer
253,939,5,879604667,M,1,38,executive
913,827,3,883036488,M,1,32,artist
658,1380,5,885863404,M,1,32,librarian
43,655,5,884092797,M,1,36,executive
89,68,4,881699355,F,0,32,artist
776,493,1,875750032,M,1,31,engineer
653,284,2,879703891,M,1,31,programmer
532,191,3,888858335,M,1,39,entertainment
624,433,4,884235396,M,1,31,engineer
406,276,3,879739937,M,1,32,administrator
943,546,5,879072534,M,1,38,scientist
38,202,5,888816848,M,1,31,marketing
425,748,4,879396617,M,1,27,student
605,183,5,892579345,F,0,19,writer
201,181,2,875823610,M,0,35,educator
883,879,3,883280456,M,1,29,other
837,378,1,881966856,M,1,26,executive
295,802,5,879059202,M,1,30,other
737,856,3,891313557,F,0,31,writer
194,192,4,892181691,F,0,51,educator
864,1148,5,880883933,M,1,34,student
335,922,3,876799031,M,1,34,programmer
252,125,2,879472917,F,1,31,writer
929,294,3,882371083,M,1,26,student
65,420,4,892518473,M,1,36,marketing
608,25,4,875956355,M,1,19,programmer
25,819,1,881069098,M,1,30,technician
200,430,1,877829337,M,1,26,engineer
655,124,1,891989264,F,0,52,educator
731,475,4,883002194,F,0,24,writer
144,243,1,891622963,M,1,39,other
213,474,4,878923503,M,1,24,educator
224,22,3,891872176,M,1,31,lawyer
604,1035,1,877679092,M,1,51,programmer
429,918,1,879541390,M,1,38,technician
424,394,2,883212035,M,1,28,artist
600,94,5,880170508,M,1,28,educator
721,546,3,880209694,M,1,40,programmer
910,145,3,884750499,M,1,29,educator
12,944,3,879575104,M,1,27,educator
523,926,5,880466745,M,1,36,artist
529,874,3,879876106,M,1,26,artist
851,198,2,879503594,M,1,34,educator
1,705,5,879951838,M,1,26,entertainment
26,529,3,879492311,F,0,52,librarian
614,334,2,882707882,M,1,33,student
390,1217,5,881924175,M,1,31,executive
916,660,1,880235258,M,1,38,salesman
514,406,5,879518446,M,1,31,entertainment
898,194,2,879545000,M,1,33,educator
805,1,4,891669063,F,0,36,student
406,414,3,878603862,F,0,31,librarian
49,286,4,891911788,M,1,31,educator
330,435,5,885974041,F,0,30,other
864,637,5,874866190,M,1,24,engineer
816,823,1,879483275,F,0,44,artist
404,778,5,880088286,M,1,35,other
913,3,2,877440038,M,1,39,executive
547,545,3,893161909,M,1,55,educator
394,161,1,883211979,M,1,28,programmer
926,864,2,889172770,F,0,30,artist
655,501,3,879654849,F,0,23,librarian
234,662,3,892478675,M,1,39,doctor
206,699,5,892809595,F,1,31,entertainment
883,768,3,888525664,M,1,42,programmer
492,515,5,882895096,M,1,31,educator
642,260,4,879934001,F,0,27,healthcare
195,274,5,884450938,M,1,31,marketing
249,956,3,879764738,M,1,32,student
668,781,3,880125670,F,0,24,student
537,432,3,880934682,M,1,34,technician
508,198,1,880957568,M,1,26,student
455,89,4,878074332,M,1,32,student
807,633,4,887050449,M,1,31,other
74,273,2,882640894,M,1,44,technician
757,1012,5,886444677,M,1,27,executive
281,156,2,880425694,M,1,36,artist
137,576,5,882839815,M,1,32,student
334,840,4,884316271,M,1,31,writer
622,1444,5,879451127,M,1,31,educator
601,1166,2,879693599,M,1,51,artist
374,82,5,880249601,M,1,53,engineer
864,873,4,875125424,M,1,19,other
669,19,5,891987650,M,1,51,technician
131,284,2,879860698,M,1,32,educator
328,524,3,891731371,M,1,27,administrator
339,257,3,883022741,M,1,27,marketing
727,168,5,882877986,M,1,32,programmer
453,303,5,880029380,M,1,23,executive
786,929,4,883336810,M,1,30,scientist
457,28,4,881887017,F,0,53,librarian
880,431,5,879464943,F,0,50,healthcare
818,389,1,882624493,M,1,27,educator
610,323,3,879754612,M,1,49,technician
13,433,5,877139204,M,1,28,technician
707,323,5,889150388,F,0,36,salesman
348,12,3,880317048,M,1,27,technician
887,128,3,880597255,F,0,36,healthcare
501,98,3,889145087,F,0,31,homemaker
61,546,4,879329764,M,1,46,technician
7,269,4,881242618,M,1,31,administrator
268,185,5,882790453,M,1,25,other
518,258,4,879604649,M,1,27,student
764,266,1,877672940,M,1,52,student
344,150,2,891664196,F,0,32,librarian
49,237,4,879680411,M,1,38,educator
354,173,4,875796080,F,0,24,librarian
486,174,3,875464422,M,1,31,educator
881,410,3,879833753,M,1,31,lawyer
151,568,2,888915396,F,0,52,healthcare
457,607,4,892313024,F,0,35,librarian
577,49,1,878352522,M,1,18,marketing
504,746,4,891903064,F,1,41,student
193,333,5,881013981,M,1,28,scientist
649,468,3,888999217,M,1,35,lawyer
703,239,4,879701357,F,0,35,healthcare
467,357,4,882948212,M,1,22,other
823,258,5,879169834,M,1,24,programmer
616,1378,3,880938241,M,1,39,entertainment
437,358,4,888820137,F,0,32,librarian
655,629,4,881302011,F,0,51,librarian
521,316,2,891884654,M,1,36,technician
24,462,5,882457840,F,0,43,educator
333,558,4,891551804,M,1,33,retired
831,1149,5,891343669,F,0,54,educator
682,403,5,882209097,M,1,32,executive
756,264,4,884555352,F,0,35,healthcare
710,684,5,879610649,M,1,30,entertainment
561,255,5,882461471,M,1,40,educator
699,391,5,880581918,M,1,51,salesman
427,329,1,877756992,M,1,36,lawyer
916,194,2,881673496,M,1,36,educator
602,231,3,879400033,F,1,43,administrator
704,478,5,892124876,F,1,51,educator
189,825,3,882486878,M,1,31,student
846,407,5,879337120,M,1,52,technician
389,444,3,892718394,M,1,27,technician
291,186,1,879688267,M,1,38,engineer
417,402,5,877804738,M,1,46,administrator
29,705,1,886186192,M,1,39,student
704,203,4,886642114,M,1,35,scientist
796,1038,3,892348596,F,0,50,homemaker
179,86,4,874979777,M,1,39,writer
506,670,5,880676404,F,0,32,librarian
606,298,5,882603042,M,1,27,scientist
59,970,2,882506738,M,1,24,lawyer
268,193,4,879150546,M,1,28,programmer
463,848,4,879430383,F,0,32,healthcare
246,230,5,882625870,M,1,27,administrator
721,882,4,879681766,M,1,31,technician
405,433,3,885909728,F,0,51,healthcare
862,127,3,879301442,M,1,27,other
196,60,3,883166403,M,1,35,other
68,866,5,891868953,M,1,39,programmer
613,47,2,880455481,M,1,26,educator
911,1014,1,892932284,M,1,24,student
782,137,5,879466226,M,1,35,programmer
887,15,1,880116907,F,0,36,librarian
745,641,3,875949978,M,1,25,none
128,31,3,879707943,F,0,31,librarian
594,166,1,881022527,M,1,31,marketing
593,54,1,879539697,M,1,23,doctor
532,384,2,884157428,M,1,32,educator
339,474,2,880057627,M,1,26,programmer
701,1541,5,880463215,M,1,32,salesman
315,292,5,891809640,M,1,24,none
201,1480,1,881535530,M,1,60,programmer
405,993,1,891291530,F,0,33,librarian
535,597,1,891735597,M,1,35,entertainment
854,989,2,893065152,M,1,51,technician
802,118,5,884104560,F,1,35,educator
704,95,5,883611512,M,1,32,educator
422,418,5,882512210,M,1,55,other
804,595,5,879556209,M,1,33,doctor
408,1390,5,882409797,M,1,40,artist
879,425,4,883626280,M,1,28,educator
435,153,4,883719930,M,1,50,programmer
189,762,1,875994591,M,1,26,librarian
723,98,5,885224931,M,1,26,artist
826,456,5,891933800,M,1,22,librarian
431,845,3,880045588,M,1,27,programmer
110,1615,5,892207530,M,1,24,programmer
183,276,4,881559217,M,1,35,salesman
428,508,5,882211730,M,1,52,entertainment
347,436,2,883289448,M,1,28,programmer
863,1046,5,886020142,M,1,26,educator
579,515,5,891863799,M,1,27,other
405,684,4,892639835,F,0,26,student
673,1011,4,875621160,M,1,39,executive
875,127,1,883033056,M,1,35,educator
211,919,3,891731403,M,1,35,other
381,582,5,880134051,F,1,40,artist
439,509,5,875633969,M,1,39,executive
194,126,5,880511129,M,1,34,educator
541,12,3,880911976,F,0,44,librarian
230,204,3,879625654,F,0,31,educator
360,319,5,892598323,M,1,23,administrator
833,845,1,884255372,M,1,22,technician
170,953,5,880204806,M,1,26,student
215,11,5,882101615,M,1,30,technician
38,214,5,891113432,M,1,36,technician
392,318,3,885993406,F,0,51,educator
345,12,4,892072679,F,0,52,librarian
741,270,1,876640875,M,1,32,administrator
749,316,5,880013890,M,1,39,student
902,117,3,886780338,M,1,27,educator
671,732,3,892214401,M,1,44,other
863,1009,3,893098596,M,1,32,executive
150,1301,3,883404457,M,1,41,doctor
886,332,1,879689936,M,1,35,educator
64,554,2,884045995,M,1,52,educator
405,405,5,891853078,F,0,51,librarian
869,172,5,891512281,M,1,23,artist
686,238,4,879903176,F,0,22,artist
78,1556,3,892384470,F,0,28,educator
749,4,4,876050687,M,1,27,educator
405,110,4,891718416,F,0,51,healthcare
151,499,3,879405252,F,0,38,student
178,127,2,888336373,M,1,19,executive
503,156,2,888847983,F,0,39,educator
238,160,3,884505576,M,1,41,none
916,198,3,888887148,M,1,32,educator
256,275,5,890984000,M,1,45,programmer
250,499,5,886543751,M,1,27,scientist
466,174,4,892899945,M,1,32,educator
119,316,5,892796713,M,1,44,programmer
103,162,3,880559869,M,1,36,librarian
566,472,4,880877860,M,1,27,engineer
318,879,4,891850296,M,1,37,administrator
32,678,3,892504159,F,1,35,artist
500,690,2,882640903,M,1,23,educator
271,657,1,877361648,M,1,26,programmer
29,556,4,879950649,M,0,27,technician
193,58,4,875709880,M,1,38,scientist
841,197,1,882000935,M,1,40,educator
714,1441,2,883461174,M,1,28,artist
870,134,4,892274262,M,1,52,educator
644,228,5,885989554,M,1,43,administrator
448,1605,5,888833483,M,1,27,student
901,161,5,891732677,M,1,32,writer
272,450,5,891875373,M,1,28,student
406,1013,5,880448938,M,1,21,technician
347,132,3,883802217,F,0,32,librarian
141,842,1,885069737,M,1,34,artist
620,1046,4,892224542,F,0,52,librarian
129,1618,2,882960848,M,1,30,educator
644,428,5,892338468,M,1,28,salesman
151,381,5,880152630,M,1,27,student
722,1005,1,882349792,M,1,27,other
244,1153,5,880856439,M,1,32,artist
624,523,4,880355249,M,1,48,educator
670,98,1,883589816,M,1,30,lawyer
539,1073,3,883196574,M,1,52,artist
1,56,3,875673548,M,1,53,student
463,98,3,882619997,M,1,35,technician
786,486,4,892002589,F,0,38,student
299,696,4,888752358,M,1,23,executive
374,367,5,879358412,M,1,28,engineer
13,144,1,889869817,M,1,44,artist
815,249,5,880054853,M,1,33,programmer
271,142,4,891527085,M,1,28,writer
334,86,3,880511086,M,1,47,programmer
336,1552,5,891816454,M,1,19,retired
37,510,4,884736886,F,0,36,educator
379,490,5,891715387,M,1,24,entertainment
796,474,4,883944177,M,1,27,engineer
416,285,4,891568873,F,0,50,librarian
541,196,5,880791921,M,1,27,none
256,498,4,884428565,M,1,26,administrator
732,1228,3,879938866,M,1,49,librarian
385,1501,5,876197219,F,0,53,educator
736,1266,2,892622222,M,1,31,administrator
919,262,5,878114618,M,1,23,engineer
756,325,4,883213006,M,1,25,student
271,286,5,879590537,M,1,25,retired
666,111,1,882275909,M,1,50,student
837,210,5,891807064,F,0,52,librarian
82,462,5,892167291,M,1,28,engineer
881,432,2,879428965,F,1,35,other
881,1480,5,880274360,M,1,32,programmer
18,42,5,892233719,F,0,53,educator
250,304,5,892303508,M,1,27,programmer
152,15,5,880313247,M,1,31,student
388,306,5,882967627,M,1,36,writer
393,1028,4,879661478,M,1,39,engineer
374,164,5,879962139,M,1,34,writer
239,753,4,882623699,M,1,35,technician
593,321,4,892769308,M,1,26,student
704,849,5,877230916,M,1,31,scientist
180,343,1,880523693,M,1,32,student
249,281,2,882996870,M,1,39,other
393,79,5,877436795,M,1,23,engineer
437,366,3,877254759,M,1,51,engineer
334,127,4,881351434,M,1,30,scientist
655,781,1,891608038,F,0,50,educator
7,1051,1,879461234,M,1,31,engineer
692,332,1,875778050,M,1,24,doctor
557,1529,4,892362919,F,0,52,writer
655,208,4,884138138,F,0,35,healthcare
405,257,1,882799950,F,0,52,librarian
43,245,3,892113576,M,1,25,educator
137,288,3,882592729,M,1,18,student
541,834,5,879752222,M,1,19,programmer
784,380,4,879996794,M,1,28,librarian
92,33,4,892253250,M,1,51,administrator
61,241,1,882681874,M,1,27,marketing
62,127,1,891237799,M,1,31,educator
600,679,1,888585581,M,1,51,technician
279,9,5,879974039,M,1,28,programmer
774,8,4,888500701,F,0,38,salesman
603,500,5,879424161,M,1,39,programmer
717,662,4,891748595,F,0,27,none
406,218,5,879786425,M,1,35,programmer
655,260,4,879275753,F,0,26,healthcare
7,327,1,879272248,M,1,12,programmer
564,433,4,877858690,M,1,36,writer
353,77,4,884934852,F,0,36,none
194,211,2,892351541,M,0,30,educator
229,17,5,883244103,M,1,43,administrator
514,209,5,891909598,M,1,19,engineer
181,748,5,892267129,M,1,27,student
655,173,4,886267971,F,0,50,librarian
837,871,5,875298993,M,1,24,executive
519,1243,1,891846597,M,1,25,lawyer
64,5,3,882971043,M,1,27,educator
403,485,3,880489413,M,0,21,other
833,378,1,880904422,M,1,19,student
707,97,3,877496891,F,0,38,librarian
214,82,5,882761814,M,1,29,programmer
295,196,2,891724532,F,0,52,librarian
334,73,3,879373134,F,0,51,librarian
707,151,4,884258387,F,0,51,retired
851,750,3,882743014,M,1,25,artist
295,485,4,884119685,M,1,32,technician
479,235,3,892548940,M,1,34,other
349,1036,2,888653282,M,1,24,programmer
59,1028,5,883218780,M,1,40,administrator
751,469,5,891996004,M,1,35,entertainment
458,230,4,882715243,M,1,43,administrator
698,88,3,891454105,F,0,11,other
655,161,4,882449733,F,0,51,writer
758,108,3,889539514,M,1,32,programmer
597,524,4,883704079,M,1,42,administrator
91,886,4,877926256,M,1,62,educator
926,369,3,892054541,M,1,46,artist
11,430,5,882332334,M,1,18,entertainment
887,188,2,880553836,M,1,36,engineer
467,144,3,879979691,M,1,25,lawyer
540,115,3,880486023,M,1,35,homemaker
60,616,4,875501297,M,1,24,educator
537,132,1,879940176,M,1,26,student
525,781,3,886577738,M,1,24,retired
256,243,5,891833232,F,0,39,librarian
727,126,5,891945519,M,1,24,engineer
514,254,5,880769229,M,1,46,engineer
654,354,2,879429830,M,1,26,lawyer
798,478,5,877172004,M,1,36,artist
161,401,3,882852013,M,1,27,executive
707,137,2,888694676,M,1,27,executive
234,327,4,875939329,F,0,24,healthcare
742,1140,1,882671041,M,1,27,technician
487,181,4,883676434,M,1,30,programmer
902,67,1,879488521,M,1,56,executive
509,890,1,877589932,M,1,24,lawyer
859,1279,1,882956936,M,1,30,programmer
830,1078,3,882628845,F,0,44,librarian
49,127,4,891486955,F,0,36,librarian
452,226,1,882589178,M,1,54,writer
601,179,1,884199503,F,0,48,educator
607,616,3,880551996,M,1,20,librarian
862,70,1,891731877,M,1,34,student
49,72,4,880503871,F,0,52,writer
345,151,5,883134925,M,1,36,other
59,472,3,881340247,M,1,35,executive
94,274,5,891759874,M,1,36,retired
738,100,4,892588897,F,0,49,other
676,193,5,891061381,M,1,27,educator
756,117,5,879826326,F,0,51,writer
751,27,4,892046309,F,0,50,librarian
749,373,3,880140809,M,1,31,programmer
72,184,1,879175802,M,1,32,educator
782,265,3,880020822,M,1,31,other
807,416,4,882758143,M,1,51,educator
282,1047,2,880816969,M,1,39,retired
918,230,5,891667553,M,1,25,administrator
13,211,1,879710752,M,1,18,other
434,364,4,880497708,M,1,32,educator
222,282,4,883061374,F,0,46,artist
738,462,1,882679088,M,1,52,educator
805,42,5,892617089,F,0,44,librarian
642,480,4,892074303,F,0,36,educator
630,735,3,881359487,F,0,32,student
924,328,3,882869386,M,1,43,educator
28,294,3,883143263,M,1,46,educator
256,203,2,892140755,F,0,36,writer
151,250,3,884390696,F,0,51,librarian
7,827,3,891986494,M,1,36,programmer
144,664,3,888700845,M,1,53,executive
55,454,4,891710026,M,1,23,other
736,282,2,882616611,M,1,26,technician
786,125,5,879658054,M,0,26,executive
455,603,1,882351478,M,0,27,educator
354,77,4,882851202,F,0,53,healthcare
425,612,5,883665660,M,1,32,technician
238,133,1,879817403,M,1,39,programmer
234,100,3,882339675,M,1,30,educator
308,234,1,880186815,F,0,44,artist
467,312,3,879793299,M,1,35,retired
430,499,4,879521055,M,0,40,doctor
417,204,4,889608071,F,0,36,healthcare
343,283,1,879474979,M,1,31,lawyer
360,15,3,884873074,M,1,28,student
361,195,1,884496788,M,1,26,lawyer
452,310,5,884747419,F,0,27,librarian
840,280,2,886639533,M,1,27,educator
606,24,5,877308316,M,1,26,scientist
778,517,3,879542554,M,1,13,executive
541,328,3,884600350,F,0,40,librarian
452,750,1,875450999,M,1,39,technician
759,223,5,879486281,M,1,27,lawyer
5,12,4,879577641,F,0,44,librarian
707,191,1,891393868,F,0,50,programmer
454,471,2,882905679,M,1,36,doctor
58,72,5,879362683,M,1,50,executive
218,264,5,880563498,F,0,44,writer
736,273,5,891889336,M,1,32,other
811,143,3,879658889,M,1,24,technician
690,473,4,884070460,M,1,32,entertainment
222,202,1,883537196,M,1,43,lawyer
458,685,1,891982843,F,0,45,writer
230,196,4,879847940,M,1,35,entertainment
15,98,5,879543998,M,1,25,technician
409,480,3,880368668,M,1,25,educator
270,49,4,880562067,F,0,19,librarian
405,763,5,879806529,M,1,27,educator
269,1,1,879581895,F,0,52,healthcare
94,179,4,880334821,M,1,32,student
839,125,2,884062798,M,1,24,educator
585,175,2,882900418,F,0,32,artist
663,294,5,882850754,M,1,31,student
889,1,4,883011407,M,1,50,student
497,566,4,882618343,M,1,18,scientist
201,387,2,889124599,M,1,53,educator
332,673,3,878956078,F,0,51,other
457,259,5,891528544,F,0,27,librarian
4,157,5,892076307,M,1,35,programmer
368,807,2,892986368,M,1,44,lawyer
20,274,5,879786141,F,0,52,librarian
21,201,3,891570333,M,1,22,educator
332,595,4,883020760,M,1,53,other
918,222,5,880094578,M,1,27,programmer
506,77,3,891462362,M,1,45,salesman
506,41,1,875367936,M,1,51,lawyer
256,429,2,892045762,F,0,32,librarian
629,127,2,884507499,M,1,31,engineer
269,869,2,891978013,F,0,35,marketing
244,168,5,882515614,M,1,23,programmer
317,69,4,878122909,M,1,42,technician
285,371,5,880517075,M,1,26,programmer
345,96,5,890795563,F,0,31,healthcare
299,628,1,890952405,M,1,31,writer
362,845,4,883857675,F,0,50,librarian
664,109,5,892655204,M,1,25,educator
276,322,2,886230606,M,1,27,student
465,358,4,892729004,M,0,27,educator
704,258,4,893077082,M,1,27,student
207,237,4,889176826,M,1,35,student
258,304,4,875527450,M,1,27,administrator
777,616,3,880349502,M,1,41,educator
661,168,3,876984987,M,1,55,engineer
518,96,5,888422283,M,1,24,technician
534,402,5,879258329,M,1,46,programmer
5,328,2,886101265,M,1,28,educator
344,230,2,882462410,M,1,40,entertainment
207,210,4,892543109,M,1,49,entertainment
719,284,2,884674092,M,1,24,educator
5,477,3,891787836,F,0,51,librarian
405,478,4,879993437,M,1,39,programmer
663,448,4,880032910,M,1,29,marketing
466,24,2,882519389,M,1,35,other
257,856,5,883140580,M,1,28,other
392,566,4,881289576,M,1,39,retired
871,761,4,875467891,M,1,38,programmer
183,1602,5,876383183,M,1,23,artist
610,72,4,886309420,M,1,36,scientist
457,820,4,881121705,F,0,50,educator
181,50,5,892970735,M,1,37,student
930,265,4,879493737,M,1,32,other
381,1012,2,884456316,M,1,24,educator
872,544,2,879725410,M,1,35,programmer
338,258,5,888446262,M,1,27,engineer
718,465,5,879948457,M,1,27,retired
823,252,1,882220578,M,1,23,executive
244,79,4,884548176,F,0,52,artist
159,378,3,892652734,M,1,23,lawyer
733,174,4,890784412,M,1,40,educator
19,655,5,891640740,M,1,42,programmer
407,88,5,877321626,F,0,39,salesman
494,40,5,880053098,M,1,28,lawyer
183,423,2,884354437,M,1,36,educator
262,58,5,891532121,F,0,44,writer
374,98,3,882912650,M,1,26,student
393,871,3,891517654,F,0,25,librarian
348,209,3,882662451,M,1,12,technician
655,462,1,886741200,F,0,44,librarian
562,1073,5,879423303,M,1,32,scientist
650,1679,4,892645651,M,1,28,educator
567,426,1,875690887,F,0,31,administrator
308,257,4,880027805,M,1,38,administrator
302,110,4,880774103,M,1,37,student
466,389,4,883006474,M,1,27,entertainment
796,1041,1,879402631,M,1,31,scientist
798,655,4,880729213,F,0,12,healthcare
566,433,2,889139142,F,0,51,educator
234,443,2,875704161,M,1,32,administrator
186,4,2,882755012,M,1,27,educator
393,1512,4,879862970,M,1,27,engineer
452,617,5,880161523,M,1,30,educator
648,182,5,880435742,M,1,32,entertainment
113,504,5,888617671,M,1,40,programmer
684,694,5,882669495,M,1,32,scientist
838,209,3,880079790,M,1,28,programmer
758,1041,4,884767302,M,1,39,scientist
201,79,1,892069134,M,1,39,lawyer
182,218,3,879243317,M,1,47,student
432,518,4,876176845,M,1,39,scientist
1,275,3,879574198,M,1,30,technician
198,609,3,892012478,M,1,39,retired
425,74,4,889342213,M,1,38,educator
902,657,2,882684967,M,1,28,librarian
670,169,3,889587625,M,1,32,lawyer
592,939,5,882437897,M,1,25,lawyer
268,1385,5,880441062,M,1,20,other
518,261,2,879929803,F,0,51,healthcare
663,67,5,878101152,M,1,27,executive
914,554,2,892602313,M,1,27,executive
313,307,2,880653367,M,1,35,scientist
608,1120,2,879279324,M,1,39,programmer
492,709,1,882806335,M,1,39,executive
796,472,4,879566910,M,1,50,administrator
572,1243,2,881822667,M,1,32,programmer
212,1483,4,881325461,M,1,44,lawyer
89,272,1,879760230,M,1,32,programmer
743,1265,2,879851336,F,1,33,homemaker
416,988,4,880823641,F,0,60,writer
590,318,3,876519947,M,1,51,salesman
779,872,3,880200796,M,1,50,engineer
798,294,5,880068013,M,1,53,engineer
698,197,3,880807489,F,1,49,student
558,1408,2,883094688,M,1,32,technician
871,515,2,893219616,M,1,29,educator
437,274,4,882966137,M,1,27,retired
320,1051,5,879248576,F,0,35,other
305,921,5,883984267,M,1,26,executive
500,59,1,879728450,F,0,18,student
110,200,5,879832731,M,1,27,programmer
932,285,4,879663199,M,0,35,salesman
21,1226,3,879765045,M,1,27,educator
477,303,1,878275945,M,1,26,educator
206,1054,5,880288798,M,1,51,technician
151,170,4,892049271,F,0,12,librarian
207,484,4,880310525,M,1,35,other
660,15,2,882241727,F,0,43,librarian
393,511,5,880623450,M,1,23,executive
854,182,4,892562891,M,1,26,technician
450,56,4,892175785,F,0,39,librarian
111,939,5,882599027,M,1,35,doctor
672,483,5,879661777,M,1,28,programmer
293,176,3,888889550,M,1,28,educator
714,59,2,882687358,M,1,64,programmer
160,1023,5,883026656,M,1,39,educator
152,742,5,883705651,M,1,52,retired
429,498,4,877472023,F,0,36,librarian
844,98,5,889725835,M,1,36,programmer
102,295,4,882755825,M,1,40,doctor
181,10,3,891701403,M,1,27,engineer
867,142,1,885958067,M,1,23,student
528,132,5,881402612,M,1,46,other
743,228,3,881760576,M,1,53,technician
703,41,2,880165715,M,1,27,entertainment
70,122,1,880032812,M,1,26,educator
641,269,5,891887995,M,1,28,educator
868,151,1,886114290,M,1,38,technician
790,678,4,882875991,M,1,26,entertainment
260,1079,4,879733028,F,0,39,other
222,328,2,879831513,M,1,36,programmer
188,745,5,891872838,M,1,28,engineer
345,873,2,879508069,F,0,31,librarian
454,477,3,880011152,M,1,39,programmer
868,758,3,886621611,M,1,32,entertainment
798,69,5,879631584,F,0,31,writer
891,1039,2,879929871,M,1,31,programmer
437,10,3,892492857,F,0,33,marketing
264,265,4,891667937,F,0,36,librarian
90,134,4,882710745,M,1,24,technician
621,380,4,883378627,M,1,20,administrator
332,271,4,882466880,M,1,35,student
270,196,5,878143580,F,0,32,librarian
785,1440,2,883412188,M,1,35,programmer
81,239,2,880271041,M,1,47,entertainment
292,300,4,883166704,F,0,24,writer
580,131,1,880153283,M,1,40,programmer
851,97,1,891561969,M,1,50,entertainment
821,86,5,889768542,M,1,33,artist
38,1610,4,878001401,M,1,30,educator
451,1031,3,878794773,M,1,28,artist
697,161,3,880798195,M,1,35,executive
72,374,4,892373675,F,0,40,student
540,403,4,884303145,M,1,33,educator
406,338,4,875458304,M,1,35,educator
783,768,1,885204695,M,1,27,technician
255,743,4,879458099,M,1,25,administrator
552,609,5,876455457,M,1,27,educator
559,450,4,879922598,M,1,29,programmer
805,117,3,882622465,F,0,52,librarian
567,1035,1,880209721,M,1,27,educator
40,91,1,879232469,F,0,50,librarian
721,211,4,888999670,F,0,54,librarian
552,531,1,892065355,M,1,28,engineer
907,1311,2,883302107,M,1,19,homemaker
295,940,5,888299242,M,1,27,scientist
758,252,2,892138793,M,1,46,artist
906,336,5,885602173,M,1,11,scientist
210,738,1,891081230,M,1,32,salesman
788,226,3,885226883,M,1,30,retired
550,515,3,879874483,M,1,31,artist
887,127,5,880424011,M,1,32,artist
457,215,3,891852667,F,0,44,administrator
698,720,4,875629748,M,1,35,administrator
891,202,3,880330829,M,1,27,student
402,321,2,876196299,M,1,28,educator
98,1421,3,875558757,M,1,44,scientist
655,12,4,879924018,F,0,51,writer
642,213,2,875039786,F,0,40,librarian
545,100,3,882828090,M,1,24,other
151,427,3,879679657,M,1,28,doctor
84,1013,3,879695032,M,1,28,retired
357,473,4,891357494,F,0,44,healthcare
887,176,3,882458081,M,1,27,educator
607,482,5,880014189,M,1,27,student
279,213,5,883427040,M,1,29,artist
526,1291,5,880847228,M,1,44,marketing
25,294,5,878425580,M,1,35,programmer
38,118,5,891595368,F,0,40,writer
749,1283,1,880120238,F,0,50,healthcare
608,969,5,885981170,M,1,35,engineer
655,115,2,882701290,M,1,33,executive
372,489,1,880706341,M,1,31,student
505,511,4,891877498,M,1,24,programmer
145,1679,1,880177768,M,1,26,executive
110,177,5,879004018,M,1,40,engineer
926,282,3,880693836,M,1,51,librarian
506,385,4,883060945,M,1,39,marketing
684,195,4,887108556,M,1,27,educator
583,632,5,879679164,M,1,28,doctor
847,739,2,881779946,M,1,20,student
247,261,5,880045126,M,1,30,marketing
914,195,4,880098372,M,1,23,technician
886,153,5,892111247,M,1,27,student
682,1060,5,879864604,M,1,33,executive
279,762,2,884091656,M,0,43,entertainment
347,534,2,880024719,M,1,39,artist
795,70,3,875666220,F,0,51,educator
102,13,4,882770992,M,1,31,student
269,322,5,879031835,M,1,32,student
853,310,1,880761555,M,1,33,scientist
18,262,1,892113642,F,0,52,healthcare
826,1011,5,875838376,M,1,28,student
680,876,5,880386313,M,1,52,student
587,270,2,887913322,M,1,29,marketing
483,359,3,887073476,M,1,28,educator
577,1047,1,884317702,F,0,49,marketing
629,284,3,882561653,F,0,30,healthcare
640,197,4,880456110,M,1,47,educator
679,649,2,885250682,F,0,36,homemaker
277,589,1,882487930,M,1,36,retired
654,458,5,892288616,M,1,28,executive
13,690,4,876665236,M,1,27,doctor
226,404,1,874929158,M,1,27,salesman
655,606,2,892406267,F,0,50,librarian
72,204,1,879749913,F,0,50,healthcare
269,544,1,879570026,M,1,53,educator
318,176,5,882490247,M,1,29,artist
401,518,4,879549037,F,0,31,librarian
404,937,2,891646892,F,0,51,librarian
353,471,5,879353291,F,0,19,librarian
409,237,1,875753386,F,0,51,librarian
429,866,2,879705053,M,1,40,marketing
248,515,1,882977641,M,1,29,technician
782,172,4,892532629,F,0,52,librarian
657,96,5,891773283,F,0,52,librarian
928,71,3,879604961,F,0,51,librarian
393,212,5,875047123,M,1,23,student
339,269,5,888665216,M,1,30,executive
532,63,4,879506620,M,1,43,student
7,161,3,892731188,M,1,36,writer
43,237,4,882815618,M,1,16,administrator
346,581,5,879899666,M,1,33,doctor
450,1,4,891720096,M,1,44,writer
608,286,3,883370321,M,1,36,programmer
215,557,3,891902077,F,0,12,librarian
883,269,4,879860530,M,1,35,administrator
128,443,1,879791640,F,0,51,artist
857,452,1,881941900,M,1,31,librarian
224,259,5,888713467,F,0,32,librarian
490,583,1,882732699,M,1,27,engineer
695,200,1,882662539,F,0,36,administrator
250,498,4,880330935,M,1,35,student
345,930,3,884326428,M,1,24,marketing
343,173,4,883312037,F,1,31,programmer
669,1277,3,892981039,M,1,26,educator
704,229,5,891317154,M,1,31,artist
405,191,4,891991660,F,0,50,healthcare
537,222,4,887573865,M,1,28,student
488,674,5,893049924,M,1,54,librarian
313,276,2,879819112,M,1,33,educator
330,121,5,892014543,F,0,24,administrator
3,301,4,892322101,M,1,51,administrator
268,258,4,891696559,M,1,28,student
493,701,5,892915343,M,1,25,technician
602,894,3,875488771,M,1,53,technician
313,514,1,875804967,M,1,57,educator
85,313,2,881877171,M,1,18,student
805,74,4,891612245,F,0,44,librarian
846,98,3,880917812,M,1,51,retired
757,217,4,892341090,M,1,35,student
49,531,1,879374666,M,1,27,student
343,762,5,892159553,M,1,39,administrator
347,262,1,882560354,F,0,39,other
850,495,5,888768093,F,0,39,writer
671,427,2,884654238,M,1,31,other
798,321,3,879385649,M,1,44,educator
722,100,4,891173601,F,0,51,healthcare
181,1063,1,888184150,M,1,39,technician
591,477,3,892579007,M,1,26,student
504,196,5,879487052,F,1,33,educator
234,396,5,879942834,M,1,28,educator
711,588,4,880400505,M,1,23,marketing
788,271,4,884080124,M,1,35,student
436,182,3,884024814,F,0,50,librarian
457,88,3,884095904,M,1,51,artist
454,117,2,884153427,M,1,32,other
775,1089,3,882352223,F,0,35,student
922,423,4,882555123,M,1,22,student
527,73,4,879318543,M,1,32,engineer
218,125,3,884033823,M,1,32,executive
444,791,5,878021421,M,1,27,educator
266,1324,3,880244789,M,1,39,programmer
450,194,4,883658252,F,0,31,librarian
896,567,4,879920322,M,1,23,student
322,203,1,883401091,M,1,24,technician
672,109,5,889271095,M,1,29,doctor
318,71,2,878235180,M,0,25,student
151,207,3,880007495,M,1,33,educator
903,514,4,879837020,F,0,35,healthcare
846,928,5,882614259,F,0,49,other
896,164,5,877058742,M,1,22,engineer
898,55,5,891194944,M,1,35,technician
870,1079,4,891323264,F,0,24,librarian
727,1166,5,879547358,F,0,24,administrator
861,147,1,877632386,M,1,52,technician
307,228,4,892104064,M,1,25,educator
282,763,2,884054870,F,0,27,educator
769,384,5,885539122,M,1,26,other
279,210,3,875885295,F,0,27,librarian
276,49,5,888215694,M,1,38,programmer
206,1147,3,879977044,M,1,28,technician
21,323,3,888495637,M,1,35,retired
504,496,4,891800221,F,0,20,writer
256,11,1,886030887,M,1,26,executive
269,56,4,875493625,M,1,28,technician
264,845,5,891902649,M,1,23,executive
483,186,3,875385167,M,1,45,artist
585,929,2,886470415,M,1,29,lawyer
328,318,1,892219889,M,1,45,engineer
874,1051,3,885843067,M,1,39,executive
442,274,3,880022556,M,1,36,educator
286,332,4,889130421,M,1,27,educator
681,79,3,891958131,F,0,43,librarian
554,180,5,890108384,M,1,32,programmer
353,294,2,882366193,F,0,45,artist
792,152,4,892230997,F,0,32,healthcare
148,584,4,892377832,F,0,36,librarian
21,699,3,887410641,M,1,35,educator
271,39,5,891648779,M,1,33,educator
407,872,5,883272392,M,1,36,other
79,259,2,879595731,M,1,45,educator
455,497,5,882935236,M,1,50,technician
243,191,1,882572359,F,0,23,librarian
474,367,5,879582242,M,1,53,engineer
49,742,5,879784520,M,1,27,student
493,48,5,879692529,F,0,32,artist
313,969,5,879670331,M,1,36,engineer
780,97,4,880038006,M,1,38,programmer
299,709,5,879715929,M,1,36,entertainment
610,219,5,892993800,M,1,42,educator
239,47,4,881554698,M,1,44,student
650,713,1,885110866,M,1,32,executive
99,315,5,880061566,M,1,40,programmer
262,452,5,882729606,F,0,52,librarian
892,393,5,892824748,M,1,29,executive
342,69,3,891527502,F,0,31,writer
276,762,4,892174979,M,1,52,student
707,373,1,891771103,F,0,50,librarian
15,117,5,879403760,M,1,28,retired
276,246,4,892077168,M,1,35,educator
900,385,5,880850419,M,1,20,engineer
49,280,3,879754233,F,0,38,educator
475,513,5,883893146,M,1,40,programmer
758,708,3,884389234,F,0,50,administrator
199,739,1,886875303,M,1,27,programmer
868,872,5,882493664,M,1,27,educator
534,219,5,876619935,M,1,31,retired
524,411,5,875360968,M,1,27,technician
943,783,1,880090000,M,1,23,lawyer
858,331,3,891870231,F,0,38,other
278,1211,1,891691938,M,1,27,engineer
940,222,5,879251089,M,1,36,engineer
234,328,4,878658750,M,1,35,student
756,1307,5,884437978,M,0,28,librarian
385,954,2,883119843,M,1,28,educator
442,273,3,892628566,M,1,53,marketing
186,151,3,891579229,F,0,21,homemaker
727,478,5,892781526,M,1,32,artist
776,384,4,879559405,F,0,33,librarian
177,118,5,882810274,M,1,32,administrator
364,898,4,879490267,F,0,31,librarian
665,815,5,879993640,M,1,31,programmer
269,484,5,878971041,F,0,47,librarian
94,248,2,882295532,M,1,28,programmer
650,647,5,892724281,M,1,45,other
375,963,4,879836161,M,1,36,educator
605,403,2,884128283,F,0,36,writer
112,116,3,884191573,F,0,51,other
655,724,4,879631882,F,0,46,educator
891,15,1,891528895,M,1,23,artist
848,117,4,878722336,M,1,43,student
911,1115,4,882489002,M,1,27,programmer
805,705,1,879781734,M,1,32,lawyer
894,840,3,883447683,M,1,34,lawyer
913,1291,4,880081309,M,1,35,technician
719,1155,4,879711306,M,1,52,student
658,306,5,888181163,M,1,33,artist
65,275,3,875761877,M,1,26,programmer
181,685,3,879364449,M,1,22,programmer
424,500,5,880049829,M,1,30,scientist
591,114,5,883347624,M,1,49,administrator
269,118,5,891202063,F,0,24,educator
172,11,3,875590381,M,1,30,other
394,1218,5,880335510,M,1,32,other
617,970,5,875426528,F,1,27,educator
116,254,1,877333504,M,1,30,technician
622,304,3,884023431,M,1,38,student
879,246,4,878872176,M,1,29,administrator
53,1424,2,892446226,M,1,32,doctor
905,708,2,891909354,F,0,25,artist
757,1142,2,880065390,M,1,28,technician
698,546,3,875931430,M,1,54,student
580,264,5,880534101,M,1,27,administrator
19,540,5,888624217,M,1,27,marketing
405,507,2,881279451,F,0,44,student
889,217,4,881358611,M,1,31,technician
165,100,5,880540989,M,1,41,entertainment
707,1268,2,882597559,F,0,36,librarian
537,1025,4,879927676,M,1,38,technician
391,118,5,875988146,F,0,44,librarian
198,79,1,891799537,M,1,30,artist
846,272,4,892141089,M,1,25,student
720,226,5,880091058,M,1,25,executive
303,286,4,879861284,M,1,31,executive
496,90,4,892567522,M,1,32,writer
151,132,1,882586737,F,0,51,writer
181,328,5,887997823,M,1,19,other
216,209,3,891930454,M,1,33,programmer
299,1055,1,879961566,M,1,35,artist
487,284,5,878528420,M,1,36,programmer
120,101,1,881496009,F,0,12,salesman
709,9,5,879919794,M,1,28,retired
675,551,3,883049963,M,1,44,salesman
158,782,5,880198529,M,1,32,artist
345,1273,2,877875942,F,0,53,lawyer
393,696,4,875341102,F,0,50,healthcare
69,288,5,879121178,M,1,39,engineer
407,323,3,881190444,M,1,32,student
20,778,3,880796073,F,0,35,educator
846,475,5,882375330,M,1,27,educator
49,275,5,879886511,M,1,28,educator
942,97,1,891473975,M,1,43,artist
416,507,2,887173759,F,0,42,other
299,378,4,886396615,M,1,26,educator
181,301,1,880303060,M,1,43,retired
3,170,4,880168481,F,0,30,administrator
245,257,3,882530859,M,1,39,retired
454,117,5,888422107,M,1,27,lawyer
311,1602,5,888073922,M,1,27,other
351,176,3,879486578,M,1,19,programmer
189,21,5,875419756,M,1,36,technician
356,589,5,886769832,M,1,27,technician
655,118,5,891973062,F,0,30,educator
145,820,1,877775192,M,1,45,educator
327,255,1,884082255,M,1,52,programmer
733,113,5,882570175,M,1,44,engineer
524,270,2,879744825,M,1,33,programmer
723,90,1,882488986,M,1,39,technician
216,1,2,892431942,M,1,29,administrator
381,210,3,881314860,M,1,19,educator
747,1079,3,879421623,F,0,27,other
653,402,1,886804324,M,1,27,librarian
263,213,2,876110824,M,1,23,student
769,558,4,882934937,M,1,34,librarian
224,233,5,883086360,M,1,25,lawyer
622,641,5,892050476,F,1,27,educator
896,418,5,882688915,M,1,32,educator
401,514,5,891522688,F,0,35,librarian
933,947,2,875966449,M,1,27,artist
381,566,5,879770488,M,1,25,student
708,179,2,882561543,F,0,27,writer
269,100,5,880251651,F,0,51,librarian
239,831,1,880021726,M,1,35,artist
451,558,3,883386765,M,1,27,programmer
359,9,5,879568745,M,1,27,educator
550,789,5,891108732,M,1,19,executive
67,1066,2,882774658,M,1,32,homemaker
570,284,1,883040224,M,1,36,executive
646,746,5,883963234,M,1,31,doctor
293,597,4,883192881,M,1,33,educator
506,181,1,889182024,M,1,22,engineer
425,889,2,884628512,M,0,50,none
468,383,3,883262676,M,1,32,artist
39,705,3,883230020,M,1,46,salesman
215,203,2,892548447,M,1,35,artist
504,95,3,879541450,F,0,36,librarian
837,404,4,891445775,F,0,32,writer
627,95,5,878786885,M,1,28,engineer
843,158,1,882889214,M,1,27,technician
635,210,5,882886046,F,0,53,artist
503,176,3,888757301,F,0,19,educator
416,423,5,891695796,M,1,29,educator
935,411,2,880571470,F,0,35,homemaker
790,584,4,892173678,M,1,43,artist
76,841,1,891945531,M,1,35,student
561,72,5,884001547,M,1,23,executive
845,1098,3,875256954,M,1,49,engineer
462,590,3,875605234,M,1,28,engineer
704,510,5,882570192,M,1,30,educator
606,274,2,885672437,M,1,39,engineer
932,751,3,884519519,M,1,30,programmer
170,684,5,882338153,F,0,27,educator
450,578,4,879902167,F,0,52,healthcare
807,97,4,879735456,F,0,32,educator
160,919,4,882724028,M,1,51,scientist
355,250,3,886639553,F,0,32,educator
607,1404,5,880061848,M,1,27,student
354,234,3,879682213,F,0,53,healthcare
801,917,2,880149436,M,1,27,technician
907,143,4,875410035,F,1,31,educator
906,571,5,879411638,M,1,32,retired
935,340,3,891906727,M,0,35,educator
760,455,1,882954280,M,1,30,artist
489,960,3,879868316,M,1,31,educator
303,484,3,882383547,M,1,28,programmer
345,589,4,892872310,M,1,36,technician
389,11,4,885901935,M,1,28,programmer
239,876,3,888811630,M,1,20,lawyer
457,125,2,879403803,M,1,52,educator
919,237,4,882581063,F,0,31,educator
268,1253,4,879377827,M,1,38,executive
641,58,3,892155870,M,1,24,lawyer
658,756,5,882278478,M,1,32,entertainment
793,1059,4,892198865,M,1,40,educator
115,608,5,877747674,M,1,50,executive
133,416,3,880389650,M,1,35,artist
565,544,1,879701677,M,1,24,programmer
495,315,1,880481548,M,1,32,technician
123,181,5,875015169,M,1,25,engineer
239,251,1,880538243,M,1,50,homemaker
854,213,1,875565691,M,1,18,engineer
301,22,5,880321876,M,1,27,student
693,116,1,879247688,M,1,35,programmer
109,219,3,877581739,M,1,26,writer
26,1207,5,891492783,F,0,58,artist
387,596,3,887679715,F,0,50,student
269,1035,5,875146367,M,0,35,other
443,12,3,884141000,M,1,23,other
174,1,2,891822518,F,0,43,librarian
561,628,4,892681659,F,0,44,writer
289,1013,2,892133879,M,1,33,student
1,155,3,891986749,M,1,28,marketing
661,378,3,881702503,F,0,39,none
541,414,4,880415566,F,0,51,healthcare
464,391,5,879442486,F,0,40,writer
911,531,3,891750221,F,0,32,none
907,511,4,882726747,M,1,45,other
505,434,4,891294901,M,1,50,programmer
535,9,5,882521100,M,1,33,programmer
930,588,1,879291270,M,1,17,marketing
376,1101,2,883243457,M,1,39,artist
892,610,3,882408455,M,1,52,executive
457,302,5,891927749,M,1,34,programmer
450,1169,3,891335925,F,0,19,healthcare
457,59,4,892231703,F,0,32,healthcare
244,163,3,891748523,M,1,39,retired
490,265,3,881325960,F,0,39,librarian
354,393,2,880198702,M,1,35,administrator
1,254,5,880426296,M,1,27,engineer
35,493,5,888983040,M,1,31,lawyer
722,229,4,891443701,F,0,52,librarian
520,722,2,879778288,M,1,32,student
906,513,2,886336134,M,1,40,scientist
471,111,3,883940254,M,1,39,engineer
330,158,5,891420104,M,1,34,student
100,435,5,889096104,M,1,36,engineer
901,377,1,888738093,M,1,27,programmer
92,748,3,884104327,M,1,31,other
94,474,5,880252885,M,1,35,administrator
694,156,3,877853699,M,1,17,educator
479,210,1,881492242,M,1,51,student
579,226,5,892901079,M,1,26,salesman
144,272,3,879791851,M,1,30,student
7,496,4,879763730,F,0,50,educator
21,405,4,880521089,M,1,27,educator
314,210,5,883130679,M,1,44,programmer
602,161,5,879398238,M,1,20,engineer
159,665,4,880336319,M,1,32,programmer
295,1,4,879469661,M,1,29,educator
29,116,4,875357544,M,1,23,other
782,876,4,883048782,M,1,32,educator
412,999,1,888570104,M,1,21,student
598,123,5,891582224,M,1,39,retired
622,70,5,880276755,F,0,55,writer
914,1421,4,892507345,M,1,26,other
846,515,4,884544173,M,1,43,administrator
385,1115,2,876213564,M,1,39,educator
370,166,5,881159621,F,0,27,librarian
119,494,2,881247370,F,0,53,librarian
585,144,2,879620588,F,0,36,writer
642,340,4,891491542,F,0,56,educator
297,81,1,884222463,M,1,23,programmer
181,1035,5,880178547,M,1,44,entertainment
194,527,4,892646999,M,1,20,student
327,117,4,876687277,M,1,27,student
286,956,4,880368234,M,1,28,programmer
378,9,5,881447806,M,1,36,programmer
188,450,2,879922416,M,1,20,salesman
391,322,3,882533206,M,1,12,technician
151,1,4,891804958,F,0,53,librarian
796,100,1,886126975,M,1,39,salesman
175,158,1,876672198,M,1,24,artist
276,411,1,879501936,M,1,28,executive
267,659,5,886119690,M,1,43,executive
536,990,1,884219142,M,1,19,technician
885,285,5,880161991,F,0,30,administrator
818,99,4,887897347,M,1,38,programmer
290,1059,4,880612110,M,1,28,educator
378,39,3,879758717,M,1,35,engineer
13,530,1,888714073,M,1,23,engineer
684,288,5,882551997,M,1,36,programmer
916,322,3,884602940,M,1,23,engineer
205,82,4,879545847,M,1,49,engineer
710,98,5,893374548,M,1,28,lawyer
270,939,4,879735372,F,0,35,homemaker
499,921,2,880379869,M,1,32,educator
772,720,5,882492369,M,1,27,other
864,160,4,881434482,M,1,44,technician
11,118,5,891348364,F,0,51,educator
820,118,2,878274700,M,1,28,student
887,678,1,891691983,F,0,49,librarian
563,1221,1,880360217,M,1,26,artist
660,121,5,876148298,F,0,25,librarian
559,249,3,875622883,M,1,39,technician
94,479,3,881005802,M,1,30,librarian
643,947,2,878203327,M,1,39,administrator
276,527,1,884083638,M,1,27,other
554,885,3,879721694,M,1,40,engineer
669,597,4,891715639,M,1,38,educator
308,70,4,879568650,M,1,38,engineer
524,286,2,881057522,M,1,36,administrator
537,333,5,888895684,M,1,35,programmer
429,247,4,875561197,M,1,23,other
866,1672,2,880173385,M,1,36,doctor
339,654,4,882754153,M,1,39,administrator
901,315,3,892737817,M,1,27,student
66,197,3,882707442,M,1,28,retired
406,905,4,876081578,M,1,22,doctor
18,885,3,877505532,M,1,23,programmer
729,467,5,885181303,M,1,31,entertainment
773,750,4,887471692,F,0,50,none
840,1356,3,882768243,M,1,28,technician
439,1387,2,880819930,M,1,31,homemaker
457,7,1,892003768,F,0,39,artist
393,180,5,881025189,M,1,35,programmer
800,200,3,877977915,M,1,54,librarian
174,238,4,880132782,F,0,35,educator
28,989,5,875458039,M,1,30,executive
82,323,4,879331322,M,1,19,retired
144,70,5,887975799,M,1,36,technician
632,763,4,877456982,F,0,27,librarian
193,181,4,881348381,M,1,26,educator
502,188,1,879827929,M,1,31,entertainment
387,288,1,886417272,M,1,52,programmer
659,480,5,875539047,M,1,44,engineer
117,98,5,886265831,M,1,23,other
203,952,1,879601432,M,1,33,programmer
288,79,1,879489589,F,0,44,healthcare
92,72,5,880997700,M,1,19,librarian
13,887,2,892211482,M,1,32,artist
361,217,5,880182322,M,1,32,entertainment
504,54,5,879689284,F,0,51,healthcare
425,174,3,892063791,M,1,31,other
535,275,1,883750174,M,1,31,technician
845,111,1,891885364,M,1,53,programmer
773,702,3,877928026,F,0,19,none
128,333,5,891616478,F,0,43,writer
716,4,3,886038850,M,1,24,technician
942,109,4,892468699,M,1,32,retired
586,923,4,882772638,M,1,33,artist
878,271,1,879905031,M,1,27,student
143,152,3,877069744,F,0,23,librarian
872,433,1,882209400,M,1,19,programmer
416,79,5,879674797,F,0,51,educator
734,11,3,883129744,M,1,26,educator
174,473,5,891294073,M,1,28,educator
655,59,3,892222366,F,0,39,librarian
28,381,2,892383242,F,0,33,artist
258,475,3,883099991,M,1,34,student
230,186,3,876307824,F,1,31,other
458,347,1,891974441,F,0,52,writer
458,321,5,892769978,F,0,54,writer
379,312,3,891758247,M,1,22,programmer
630,931,2,883091297,M,1,27,artist
658,212,4,889117916,F,0,44,homemaker
361,174,2,883959626,M,1,23,entertainment
409,1028,2,882184681,M,1,32,librarian
452,273,4,888740039,F,0,51,healthcare
833,2,5,876521745,M,1,24,retired
718,223,4,882322360,M,1,31,writer
16,46,5,889942473,M,1,39,educator
541,144,4,891800765,F,0,51,healthcare
897,143,2,882145087,M,1,28,other
455,161,5,888742906,F,0,20,writer
421,7,3,891770301,F,0,31,artist
401,357,2,879811694,F,0,33,lawyer
271,167,3,889051072,M,1,44,educator
437,604,4,891767387,F,0,52,administrator
765,747,2,880942500,M,1,29,student
326,560,4,878254304,M,1,23,marketing
727,748,5,891902169,M,1,33,educator
535,16,4,878701505,M,1,32,administrator
174,374,3,877612582,F,0,51,artist
151,271,4,879983080,F,0,35,librarian
842,552,5,879692353,M,1,52,technician
891,306,5,879704103,M,1,33,programmer
388,234,5,892350931,M,1,32,other
151,595,3,882773938,F,0,49,student
286,289,3,882376311,M,1,30,educator
782,79,3,879964728,F,0,27,healthcare
899,1110,5,891631273,F,1,36,educator
576,286,2,892253885,M,1,25,artist
629,294,3,876049588,F,0,51,librarian
840,1175,4,883095772,M,1,52,educator
385,118,5,879652003,F,0,50,librarian
405,681,2,892013981,F,0,27,librarian
254,48,4,892414125,F,0,40,administrator
487,481,4,880492540,M,1,27,scientist
707,833,5,879610769,M,1,25,librarian
447,261,3,876073610,M,1,24,programmer
381,605,4,880743776,M,1,36,programmer
92,193,4,892139483,F,0,52,artist
180,660,1,879448222,M,1,19,student
607,1049,3,880707223,M,1,31,technician
852,357,5,892209341,M,1,39,scientist
655,222,4,879752685,F,0,45,student
94,956,1,877662192,M,1,36,other
173,17,1,882116376,M,1,31,technician
683,192,5,883011677,M,1,28,technician
276,5,3,891621030,M,1,29,technician
930,800,2,882903163,M,1,29,marketing
23,252,3,892129138,F,0,39,other
425,22,5,891850549,M,1,28,student
935,126,3,877513993,M,1,27,other
363,482,3,889581990,F,0,53,administrator
455,289,5,892074186,M,1,24,retired
547,102,3,880096164,M,1,31,lawyer
269,932,1,879397100,F,0,52,artist
458,738,4,892157157,F,0,49,administrator
5,196,2,879552838,M,1,33,programmer
915,1424,3,882446771,M,1,22,programmer
504,132,4,891397676,F,0,59,librarian
347,207,2,879895708,M,1,23,programmer
409,966,5,882974281,M,1,27,other
590,887,4,880007394,F,0,35,none
749,260,4,882375253,M,1,29,administrator
847,707,5,879547960,M,0,31,executive
774,51,5,875628148,F,0,31,healthcare
188,561,5,880294979,M,1,32,lawyer
506,177,1,874905720,M,1,31,marketing
128,259,1,892267223,F,0,38,librarian
846,183,4,879691769,M,1,49,scientist
67,172,3,879457836,M,1,11,entertainment
399,8,5,882686063,F,0,52,educator
334,294,3,880451011,F,0,30,other
299,1059,4,882668270,M,1,27,writer
896,363,4,892686520,M,1,27,educator
449,174,5,883357996,M,1,18,educator
468,1052,2,892003626,F,0,36,artist
602,511,5,879245978,M,1,27,scientist
602,363,4,882216774,F,0,50,writer
405,760,4,881449101,F,0,27,healthcare
900,962,2,892936197,M,1,33,artist
193,95,2,879926701,M,1,36,educator
238,646,4,892478848,M,1,32,other
463,919,5,879814973,F,0,40,librarian
606,234,5,880043650,M,1,39,entertainment
889,67,2,883039634,M,1,29,technician
372,244,3,880419961,M,1,43,executive
128,7,3,891552934,F,0,20,educator
454,358,2,882435449,M,1,19,educator
715,720,4,879772419,M,1,28,educator
773,213,5,889084052,F,0,32,educator
445,255,2,882517291,F,0,23,librarian
595,687,4,891753733,M,1,27,entertainment
782,292,2,879690990,F,0,44,librarian
829,68,2,880831834,M,1,27,educator
292,223,5,882704155,F,0,32,administrator
342,96,1,877576861,M,1,39,technician
642,298,3,893436534,M,1,25,programmer
269,173,5,884272888,F,0,32,administrator
787,385,4,886744662,F,0,32,student
938,294,2,880683984,F,1,23,educator
125,109,5,880296177,M,1,30,executive
664,421,3,888668254,M,1,27,lawyer
452,372,5,892371881,M,1,44,educator
357,1502,1,882540964,M,1,23,artist
234,324,4,883964367,M,1,17,student
524,429,5,879937426,M,1,45,doctor
405,282,5,879301683,F,0,52,librarian
450,347,3,875553324,F,0,31,librarian
926,484,4,875255599,M,1,27,marketing
18,50,1,891407282,F,0,23,librarian
429,293,4,878992364,M,1,35,entertainment
286,95,5,880002514,M,1,39,educator
628,22,4,879847322,F,0,36,artist
919,331,5,880109650,M,1,28,programmer
366,287,5,892739025,M,1,25,marketing
708,193,2,875205412,F,0,25,librarian
213,1061,3,880237715,M,1,51,educator
673,609,1,888463789,M,1,31,programmer
165,136,1,876327416,M,1,27,technician
279,69,5,879602497,M,1,36,educator
655,265,4,886152640,F,0,52,healthcare
907,322,4,878593592,M,1,50,administrator
597,680,5,878940578,M,1,20,educator
188,1152,5,883502485,M,1,26,student
532,300,5,880372560,M,1,39,other
586,271,4,879404289,F,0,54,writer
182,276,2,879349665,M,1,40,educator
890,14,1,878938094,M,1,33,doctor
437,191,4,891817793,F,0,53,librarian
629,138,1,881575560,M,1,51,programmer
253,272,5,879954915,M,1,23,educator
442,431,3,891491594,F,0,45,healthcare
343,288,3,882448269,M,1,25,programmer
144,651,3,891918935,M,1,27,educator
145,193,3,879750352,M,1,27,retired
600,1575,1,879607468,M,1,29,technician
506,273,3,875150569,M,1,29,marketing
843,477,4,876032682,M,1,27,administrator
373,554,2,892722444,M,1,25,educator
823,1607,5,891893909,M,1,31,student
346,1017,1,882716236,M,1,31,retired
940,1307,2,890466623,M,1,33,doctor
234,118,4,880356392,M,1,33,student
270,268,3,879798717,M,1,31,scientist
885,1289,2,887552534,M,1,31,student
940,275,4,886574631,M,1,35,student
502,379,3,882500308,M,1,23,writer
90,1465,5,886661790,M,1,39,engineer
864,1428,4,891789919,M,1,22,technician
782,422,3,884227431,M,1,24,technician
405,735,2,879186757,F,0,35,healthcare
314,934,1,880896323,M,1,31,other
5,14,4,891310339,F,0,52,educator
405,203,3,882501832,F,0,44,librarian
618,746,2,886967903,F,0,32,writer
807,1079,4,885080004,M,1,36,programmer
756,288,2,887185394,F,0,51,educator
847,589,5,878898010,M,1,33,technician
927,154,4,892093200,M,1,51,educator
524,151,5,885134574,M,1,47,programmer
480,557,1,886216725,M,1,35,entertainment
940,89,4,882342414,M,1,28,doctor
854,1115,4,879867369,M,1,37,technician
843,199,1,879533566,F,0,26,artist
130,471,4,891908381,M,1,26,student
806,1265,4,875703193,F,0,50,other
405,559,3,877465507,F,0,32,administrator
62,1016,4,883303242,M,1,29,programmer
912,328,1,881731743,F,0,39,librarian
320,294,5,879723934,M,1,27,student
624,511,1,892325887,M,1,24,executive
862,7,3,891976537,F,0,38,librarian
234,229,3,883258558,M,1,33,educator
92,732,5,879504059,F,0,50,artist
655,303,2,879650265,M,1,26,student
183,1481,4,890954420,F,1,24,entertainment
918,685,5,879745717,M,1,28,administrator
346,255,4,882349699,M,1,27,programmer
654,123,2,881181626,M,1,32,educator
875,726,4,882598725,M,1,53,educator
449,520,4,892199502,F,0,23,none
660,361,2,879545528,M,1,52,student
30,1110,5,880942885,M,1,50,scientist
264,1132,3,875479419,F,0,50,artist
891,288,3,879447898,M,1,50,technician
883,217,2,875548814,M,1,51,engineer
655,234,4,884849335,F,0,51,student
871,636,4,880125527,M,1,46,programmer
374,327,5,879597470,M,1,51,engineer
294,48,1,891613427,M,1,24,technician
63,752,3,884268521,F,1,27,student
795,174,5,879330074,M,1,31,educator
432,209,4,884474321,M,1,39,programmer
894,732,4,880425843,M,1,28,administrator
576,51,3,884512011,M,1,22,lawyer
897,235,4,892225302,M,1,26,scientist
508,435,5,879887156,M,1,40,student
416,203,3,886248397,M,1,35,other
470,183,3,879833831,F,0,13,writer
791,47,3,891613984,F,0,27,healthcare
715,95,4,884076893,M,1,53,educator
871,307,5,879605386,F,0,50,librarian
577,197,4,877546793,M,1,33,programmer
650,1210,4,879601518,M,1,32,engineer
661,750,4,892495420,M,1,40,artist
642,799,4,875374727,F,0,49,librarian
889,195,4,882822004,M,1,22,student
7,274,5,879551418,M,1,32,educator
766,521,5,892636310,M,1,31,marketing
624,707,1,879764336,M,1,45,entertainment
655,318,4,880564313,F,0,33,administrator
683,1344,3,877973716,M,1,31,programmer
354,685,5,879580377,F,0,44,educator
854,268,5,880304485,M,1,24,educator
450,177,4,878124360,F,0,32,educator
116,56,3,891997259,M,1,44,programmer
92,322,5,883165308,M,1,29,administrator
271,166,5,890511661,M,1,46,educator
250,133,5,884345268,M,1,33,scientist
913,483,4,884833354,M,1,22,student
541,582,2,881992764,F,0,66,writer
374,7,5,880397123,M,1,28,educator
545,204,4,884810573,F,0,51,artist
212,493,3,879669074,F,0,55,librarian
504,79,5,891784021,F,0,28,librarian
658,748,5,875053080,M,1,36,technician
64,476,3,881222086,F,0,31,healthcare
575,664,5,890127730,M,1,28,technician
736,849,3,891779013,M,1,27,lawyer
673,547,3,879931230,M,1,28,educator
445,421,3,878151334,M,1,22,executive
447,526,5,892176159,M,1,31,entertainment
311,877,3,889233769,F,0,60,healthcare
593,260,4,880121761,M,1,27,administrator
834,17,5,892929273,M,1,27,administrator
329,188,1,875539097,M,1,27,educator
90,13,5,879718072,M,1,30,executive
805,630,3,879575162,M,1,17,executive
785,1268,4,884575697,F,0,36,educator
586,402,5,882261650,M,1,28,engineer
716,288,4,892607900,F,0,43,librarian
437,297,2,880072081,M,1,27,administrator
738,275,3,884454530,M,1,27,lawyer
867,834,4,892448862,F,0,52,healthcare
174,1167,3,891349669,M,1,27,other
576,866,5,879455861,M,1,27,educator
53,25,1,879711976,M,1,27,other
286,12,4,882864883,M,1,38,scientist
646,98,1,879219916,M,1,44,student
269,230,4,891293511,F,0,35,librarian
707,321,2,882780166,F,0,43,none
726,1503,4,882979517,M,1,24,educator
398,248,2,891213189,M,1,26,programmer
450,328,2,880050832,F,0,52,healthcare
256,591,4,881397968,F,0,53,librarian
222,229,3,892104240,M,1,51,administrator
407,313,1,891963270,M,1,23,programmer
910,202,1,879684512,M,1,25,programmer
385,293,4,892727655,M,1,31,programmer
213,2,1,884780312,F,1,29,librarian
366,430,5,879418780,M,1,26,educator
188,228,5,880255285,M,1,36,other
653,20,5,879578695,M,1,27,educator
805,127,1,891820617,F,0,33,educator
120,419,4,875621694,M,1,28,doctor
435,132,1,892017178,M,1,33,none
145,65,1,875333605,M,1,30,retired
747,39,4,882762659,M,1,28,educator
307,443,1,879498235,M,1,33,artist
299,406,3,886679958,M,1,27,scientist
828,100,4,882954966,F,0,51,librarian
458,671,5,880868365,M,1,31,other
798,268,2,879163945,F,0,39,writer
766,474,1,880574488,M,1,24,educator
151,890,3,891786695,M,1,35,student
432,50,3,892183102,M,1,31,scientist
406,422,4,882581461,M,1,28,technician
169,462,5,882946769,M,1,27,educator
790,1063,5,879018949,M,1,32,programmer
62,199,3,882576571,F,0,35,educator
12,302,2,879572183,M,1,38,programmer
627,95,2,879372385,M,1,32,educator
457,381,5,875078322,F,0,13,artist
545,728,1,883964492,M,1,52,entertainment
373,4,4,891805857,M,1,36,student
329,947,2,886131120,M,1,39,educator
417,185,2,892162151,F,0,27,librarian
500,156,5,878912623,M,1,28,executive
201,1242,5,884104583,M,1,36,entertainment
399,585,5,891322435,M,1,44,programmer
514,1101,5,891738851,M,1,29,administrator
404,722,2,892191554,M,0,27,doctor
604,288,4,887970664,F,0,30,librarian
539,531,1,891484362,F,0,49,healthcare
189,58,3,892120580,F,0,12,other
126,234,1,888254341,M,1,42,student
121,510,4,880632340,M,1,31,marketing
727,144,5,882223753,M,1,27,engineer
660,849,4,882881213,M,1,39,student
758,161,5,879267296,M,1,32,healthcare
466,657,4,882917446,M,1,29,educator
769,315,4,879529936,M,1,33,doctor
465,471,1,882265068,M,1,51,marketing
334,1047,4,881393913,M,1,27,programmer
534,1136,5,885895226,M,1,43,technician
501,518,1,891329072,F,0,50,writer
415,100,4,884464696,F,0,44,artist
703,289,3,882660306,M,1,27,executive
642,110,2,888898770,F,0,53,librarian
746,504,3,880517232,M,1,29,educator
83,488,5,884257509,M,1,39,technician
787,51,2,889475388,M,1,65,lawyer
353,135,4,882524500,M,1,39,student
339,223,3,875423877,M,0,49,programmer
239,742,4,881842982,M,1,27,student
889,558,1,892031942,M,1,22,writer
474,498,5,880007816,F,1,35,librarian
769,431,5,891524005,M,1,24,none
586,26,5,892445733,M,1,35,engineer
201,652,4,879708140,M,1,35,entertainment
52,1107,2,891801244,M,1,27,executive
433,56,2,880220694,M,1,28,other
67,842,4,891529163,M,1,45,engineer
648,273,3,883199460,M,1,26,programmer
756,149,3,879673126,F,0,50,administrator
899,168,5,878358041,M,1,33,educator
756,720,4,880079655,M,1,28,educator
202,125,1,890821343,M,1,38,technician
343,343,5,886308972,M,1,31,doctor
506,374,3,879609919,M,1,33,student
374,243,5,891115681,M,1,25,engineer
393,56,5,879878140,M,1,39,programmer
405,238,1,884050736,F,0,52,writer
642,418,1,875517160,F,0,44,librarian
533,73,3,880074534,M,1,51,administrator
463,792,5,889300133,M,1,38,marketing
551,51,1,888886690,M,1,39,entertainment
792,283,5,883153554,M,1,32,artist
846,1132,4,882046509,M,1,27,writer
637,83,5,882597556,M,1,33,educator
100,1346,5,884608213,M,1,44,marketing
233,1273,4,882396643,M,1,50,other
303,1591,4,891133048,M,1,20,educator
932,625,3,882525831,M,1,31,programmer
925,530,5,882674055,M,1,19,student
888,436,4,879859393,M,1,51,administrator
435,47,1,880508434,M,1,31,student
875,585,2,880420058,M,1,32,lawyer
301,773,5,882339026,M,1,45,student
737,269,1,891823299,F,0,51,artist
622,639,4,879755093,M,1,39,scientist
596,186,3,882915434,M,1,29,artist
13,257,1,891714550,M,1,27,educator
58,87,5,882362865,F,0,52,librarian
417,318,3,892110814,F,0,44,educator
902,483,2,875985272,M,1,25,artist
393,606,1,879381780,M,1,31,educator
435,1092,3,880059789,M,1,27,lawyer
469,325,5,885777860,M,1,38,executive
927,408,5,880187169,M,1,24,executive
862,242,1,875098632,M,1,32,engineer
62,14,4,892106748,F,0,57,healthcare
2,286,5,879110915,M,1,28,retired
20,283,2,893069738,M,1,29,other
87,136,5,880534031,M,1,31,scientist
196,403,1,882558444,M,1,26,programmer
308,937,4,882247948,F,0,9,librarian
437,244,1,892311029,F,0,45,educator
733,724,5,891276724,M,1,33,retired
368,291,2,879252164,M,1,51,educator
796,323,3,889145301,F,0,45,librarian
907,105,4,886213018,M,1,44,other
602,416,5,880393825,M,1,38,doctor
786,180,2,893426891,M,1,28,educator
302,300,5,889372176,M,1,24,educator
474,1168,1,886040490,M,1,51,programmer
383,100,2,880507420,M,1,46,lawyer
63,1073,5,880132655,M,1,28,scientist
360,273,5,879709278,M,1,53,administrator
530,1181,4,882678639,M,1,39,scientist
609,216,2,882622012,M,1,55,executive
61,180,1,878487523,M,1,43,technician
378,1591,3,878469763,M,1,51,other
7,218,5,879462767,M,1,39,administrator
716,734,4,884135481,F,0,24,librarian
393,116,5,882698935,M,1,25,retired
125,39,5,891739087,F,0,30,librarian
844,751,5,890092206,M,1,26,programmer
532,223,1,875623928,M,1,27,educator
880,343,4,882907991,M,1,51,doctor
474,1142,3,884145761,M,1,32,educator
738,834,5,882907591,M,1,38,scientist
889,406,3,879483606,F,0,19,administrator
38,274,3,879676337,M,1,24,retired
316,895,5,883148614,M,1,32,educator
130,588,5,888360751,M,1,22,programmer
521,211,2,891975818,M,1,40,programmer
132,125,2,880199861,M,1,31,technician
889,803,4,889437119,M,1,37,educator
941,53,4,884213384,M,1,18,engineer
230,9,5,881956209,M,1,39,retired
897,322,5,880244217,M,1,55,scientist
806,300,5,881971056,F,0,30,other
541,294,4,891762306,F,0,51,librarian
450,226,4,892007323,F,0,32,librarian
901,530,4,891748938,F,0,51,healthcare
201,264,2,875605337,M,1,19,administrator
405,936,4,892175902,F,0,40,librarian
166,234,2,891937617,M,1,32,other
4,276,4,875874813,M,1,40,student
318,625,3,881077020,M,1,55,artist
707,170,5,880710716,F,0,31,salesman
398,56,3,879791015,M,1,29,other
244,40,5,881282668,M,1,44,executive
296,142,2,880027886,F,0,43,artist
353,846,4,884753758,M,1,22,entertainment
916,275,4,881524510,F,0,36,librarian
453,303,3,879766285,F,0,31,educator
281,508,4,891175993,F,0,51,writer
449,261,2,875908527,M,1,23,executive
902,50,5,879086412,M,1,39,programmer
655,219,2,879661921,F,0,36,librarian
632,1626,5,887981144,F,0,33,salesman
296,69,2,886802183,M,1,40,writer
650,309,5,882307167,M,1,33,executive
655,429,3,879861561,F,0,12,healthcare
907,7,3,880709913,F,0,11,student
864,572,3,875370039,M,1,31,administrator
291,1037,4,881327388,M,1,27,technician
716,38,3,875862800,M,1,32,programmer
880,1097,4,892430936,M,1,35,librarian
286,405,5,880332788,M,1,33,student
932,153,5,891227811,M,1,54,educator
230,257,3,875523495,M,1,43,student
655,191,2,891552017,F,0,36,librarian
396,201,5,892022186,M,1,31,entertainment
79,506,1,885661746,M,1,35,student
643,672,3,879919972,M,1,39,technician
472,1215,1,879552075,M,1,35,technician
497,636,5,891904383,M,1,33,other
334,286,3,890054596,M,1,31,artist
829,132,4,879800247,F,0,35,homemaker
489,156,5,891392825,M,1,39,scientist
864,781,5,875706511,M,1,24,executive
727,186,3,882596990,M,1,46,programmer
537,12,3,874572359,M,1,38,student
932,161,1,877433081,M,1,42,entertainment
313,476,5,891344243,F,1,36,executive
696,241,4,892010827,F,0,43,homemaker
388,1248,4,891776526,M,1,32,technician
760,258,3,891972776,F,0,52,artist
417,172,5,891168891,F,0,23,educator
67,153,3,889427268,M,1,22,lawyer
829,208,4,880898006,M,1,18,student
897,176,2,877176861,M,1,32,student
97,454,2,882290190,M,1,34,technician
896,679,3,882494221,M,1,23,administrator
405,294,3,882838659,F,0,19,other
636,328,3,884497571,M,1,40,librarian
774,25,2,876790475,M,1,40,educator
733,484,5,884011669,M,1,28,educator
110,447,2,882865406,M,1,29,educator
849,1277,5,889178310,M,1,32,technician
286,1,5,879794421,M,1,25,student
313,34,2,884633121,M,1,40,librarian
531,327,1,891426682,M,1,27,engineer
362,24,4,879686704,M,1,27,student
617,70,4,886384060,F,0,52,marketing
87,507,4,888859954,F,0,50,artist
295,781,5,892709192,F,0,44,librarian
3,79,1,892482272,M,1,39,student
234,4,4,892114348,M,1,27,educator
59,628,5,892306355,M,1,44,student
655,121,4,886966322,F,0,51,librarian
648,29,3,877905989,M,1,55,administrator
509,684,5,893414258,M,1,41,artist
898,172,4,891600245,M,1,43,technician
128,118,5,877551073,M,1,35,student
782,1097,4,883903004,M,1,27,educator
796,127,3,891211082,F,0,33,librarian
450,313,3,886007817,F,0,31,artist
632,205,5,880138377,M,1,28,lawyer
56,294,1,882618768,M,1,33,entertainment
305,473,4,875509079,M,1,31,programmer
188,188,4,884556920,M,1,11,technician
943,661,5,879352454,M,1,31,student
435,203,5,892120773,M,1,32,scientist
826,696,3,892853954,M,1,31,retired
49,690,4,889629994,M,1,45,administrator
894,808,4,892098585,M,1,22,student
551,201,1,877584663,M,1,35,technician
836,202,3,879493547,M,1,23,retired
909,117,5,876133019,M,1,28,other
696,1381,3,879793209,F,1,28,artist
379,124,4,891987836,M,1,25,administrator
528,115,4,877671137,M,1,30,technician
499,433,3,881350396,F,0,49,healthcare
398,174,5,879677318,M,1,28,programmer
858,120,2,891991907,M,1,32,other
902,698,3,892510366,M,1,30,artist
661,435,3,877743236,M,1,41,educator
561,313,2,879735669,F,0,24,writer
617,510,2,891770294,F,0,12,librarian
191,551,3,882815113,M,1,28,retired
653,358,5,880385359,M,1,49,entertainment
758,96,3,886016304,M,1,36,administrator
376,264,3,886323339,F,1,27,administrator
532,137,5,879590443,M,1,30,technician
694,1082,5,891399391,M,0,39,technician
654,25,3,884787012,F,0,35,administrator
90,484,5,891496089,M,1,31,artist
655,70,5,886128560,F,0,31,educator
6,791,4,875487203,M,1,24,educator
647,9,4,882658794,M,1,44,scientist
151,926,2,892522411,M,1,47,educator
621,465,3,883846151,M,1,29,administrator
95,255,5,892009806,M,1,16,educator
803,966,3,892006635,F,0,52,educator
561,196,1,878974119,M,1,40,educator
151,628,4,891823604,F,0,39,healthcare
292,228,5,880225000,M,1,34,student
392,326,5,878492729,M,1,28,executive
405,182,3,891517869,F,0,52,healthcare
9,1169,2,882566121,M,1,27,doctor
660,322,4,879318683,M,1,27,administrator
916,837,5,893042008,M,1,27,student
276,1014,1,875371312,M,1,26,student
94,137,3,891688960,M,1,31,scientist
655,576,1,879935054,F,0,40,healthcare
896,117,4,889644327,M,1,42,administrator
297,88,4,881290263,M,1,48,educator
49,28,5,891473387,M,1,37,educator
615,1042,3,887594201,M,1,33,technician
504,735,5,879756423,F,0,10,librarian
334,95,5,888569756,M,1,28,artist
442,199,5,885899734,F,0,50,homemaker
409,710,5,891957320,M,1,23,executive
83,15,5,879218389,M,1,24,programmer
908,795,5,888689609,M,1,30,technician
144,66,5,884527652,M,1,32,entertainment
264,381,5,881344375,F,0,19,entertainment
626,988,3,882288771,M,1,33,student
385,321,4,881379009,M,1,28,other
484,720,1,891240558,F,0,43,healthcare
886,403,5,882930628,M,1,30,programmer
450,14,2,877890453,M,0,26,educator
279,416,4,879704235,M,1,27,educator
927,381,5,879797881,M,1,28,student
145,433,4,880102863,M,1,42,student
125,250,1,882841569,M,1,35,educator
455,229,4,892101216,F,0,11,student
142,231,2,891559991,M,1,44,lawyer
835,762,3,882919526,F,0,26,administrator
53,982,3,880292276,F,0,35,librarian
450,363,4,879232646,F,0,30,educator
94,70,3,879562079,M,1,35,none
94,90,3,884261652,M,1,31,student
385,385,4,883164598,M,1,27,student
841,1119,3,880455668,M,1,27,programmer
766,208,5,890035082,M,1,28,salesman
672,1065,2,880529907,M,1,33,salesman
862,962,1,892474345,F,0,52,none
629,15,5,883278012,M,1,19,technician
773,781,4,881628292,F,1,28,educator
617,815,3,877726752,F,0,50,artist
806,268,4,876178891,M,1,35,educator
617,189,3,892092981,F,0,51,librarian
374,496,5,879289703,M,1,24,engineer
280,743,1,891712929,M,1,23,engineer
407,744,3,875841398,M,1,27,executive
269,690,1,889106786,F,0,32,artist
638,402,5,875641856,M,1,33,executive
417,473,3,889778483,F,0,53,administrator
288,1033,3,880829643,M,1,42,student
597,7,5,879812051,M,1,40,educator
729,95,5,881877199,M,1,33,scientist
466,768,4,884376862,M,1,35,technician
548,496,5,879878168,F,0,31,librarian
790,642,3,880356317,M,1,27,programmer
425,573,1,892081532,M,1,22,student
74,580,5,879360204,M,1,33,entertainment
868,928,1,880007618,M,1,26,student
513,100,2,882821393,M,1,43,student
205,131,5,890498653,M,1,26,educator
846,1132,3,879814609,M,1,35,entertainment
561,855,4,882482393,M,1,44,educator
892,665,4,892079324,M,1,40,educator
343,732,5,882764190,F,1,32,administrator
152,1119,1,879393830,M,1,31,technician
524,257,5,890632635,M,1,28,artist
622,13,4,889118621,M,1,28,writer
711,209,3,879561501,M,1,36,educator
363,421,5,878708202,M,1,35,student
943,294,1,884337859,M,0,23,programmer
765,431,3,891825327,M,1,27,writer
500,709,5,879556626,M,1,26,programmer
297,518,3,879909521,M,1,27,administrator
738,257,4,881765196,M,1,32,technician
881,762,5,879581601,F,0,36,administrator
764,98,4,882737007,M,1,36,executive
763,1079,3,879671764,F,0,52,educator
405,193,2,889586308,F,0,25,librarian
405,475,4,892505982,F,0,36,administrator
682,486,5,892128810,M,1,25,student
734,93,4,879986192,M,1,31,scientist
683,762,3,882811329,F,0,51,none
85,132,2,881878326,F,0,28,none
877,178,3,882588566,M,1,39,executive
78,1206,1,876266526,M,1,27,educator
404,130,4,891744939,F,0,50,librarian
788,298,5,880340801,M,1,35,educator
880,97,5,879637147,F,0,24,salesman
651,642,3,875424598,M,1,51,programmer
842,652,3,879542411,F,0,45,librarian
408,144,2,884682321,M,1,33,educator
190,591,4,879515318,M,1,28,educator
250,500,1,891164904,F,0,35,librarian
199,132,1,885409766,M,1,32,other
450,483,5,892084245,F,0,40,librarian
288,602,5,892172017,F,1,33,other
541,763,4,878296180,M,1,31,educator
727,423,5,878285982,F,1,35,scientist
666,1067,1,882608595,F,0,36,librarian
256,1272,3,879651530,F,0,44,librarian
418,833,5,884532020,M,1,28,administrator
693,55,3,882509203,M,1,36,retired
643,490,5,882727047,M,1,32,technician
151,79,2,884366388,M,1,43,educator
850,321,5,882608014,M,1,31,scientist
280,715,4,879812568,F,0,52,librarian
222,848,3,880907627,F,1,50,technician
1,362,4,888255338,M,1,49,administrator
382,1418,5,875472743,M,1,23,programmer
770,90,3,879818641,M,1,27,educator
722,87,3,892565288,M,1,28,student
184,211,4,880004936,F,0,35,writer
380,187,3,882145850,M,1,30,programmer
654,172,5,891306991,F,0,27,librarian
752,428,2,880554264,M,1,33,programmer
924,885,3,889288516,F,0,10,homemaker
409,380,2,882260109,F,0,51,librarian
591,678,1,891650324,M,1,26,engineer
14,325,5,880646532,M,1,55,scientist
819,216,2,892531714,M,1,27,retired
927,563,5,880618421,M,1,36,programmer
102,582,3,879962544,F,1,32,artist
57,280,2,880608752,F,0,39,writer
646,1299,4,887433632,M,1,29,doctor
297,302,1,878584478,M,1,36,educator
888,303,3,891813300,F,0,35,none
455,1488,1,882902722,M,1,32,librarian
280,582,4,881524645,F,0,53,educator
720,1529,5,891710958,F,0,28,homemaker
49,1045,4,880686496,M,1,18,administrator
200,100,5,882813199,M,1,36,technician
92,986,3,888449315,M,1,27,none
798,485,3,889454289,M,1,31,artist
921,689,4,892286264,F,0,51,librarian
391,31,5,880279090,M,1,51,technician
577,521,1,879579472,M,1,30,technician
459,343,4,891239565,F,0,51,educator
132,186,1,876186168,F,0,52,artist
218,1053,5,891698889,M,1,36,artist
537,628,4,892026550,F,0,32,administrator
700,1175,1,883452163,M,1,26,technician
437,357,3,882600874,F,1,30,other
780,1228,2,880189644,M,1,29,artist
655,229,3,892904577,M,0,24,scientist
387,228,4,875659218,M,1,43,executive
483,881,2,880605008,M,1,35,educator
111,277,3,882916765,M,1,28,student
102,1067,5,880231169,M,1,23,educator
293,135,4,892348794,M,1,30,educator
18,1110,1,880158336,M,1,31,student
184,1005,4,892226078,M,1,19,student
655,357,4,889158287,F,0,51,healthcare
457,864,4,891739743,F,0,44,educator
573,310,1,880257973,M,1,29,student
800,405,5,892257265,M,1,27,none
258,213,4,882516639,F,0,55,student
344,1245,3,875297736,F,0,51,writer
790,696,1,891088856,F,0,50,educator
221,501,1,879134706,M,1,30,executive
528,1050,3,879600117,M,1,35,other
38,186,3,884412605,M,1,28,engineer
268,208,4,892126027,F,0,51,administrator
215,678,3,879479885,M,1,31,programmer
371,481,1,891753749,M,1,44,retired
164,813,1,882411408,M,1,43,programmer
91,4,3,879816963,M,1,27,none
603,153,5,892063645,M,1,40,writer
287,387,4,882779904,M,1,50,student
450,659,4,892138301,F,0,32,librarian
314,1124,1,877290675,M,1,36,artist
936,1283,4,891510542,F,0,35,educator
62,239,4,884445422,F,0,42,librarian
851,276,1,891826837,M,1,51,other
222,298,3,877844725,M,1,38,programmer
593,654,2,879670953,M,1,31,entertainment
794,616,5,878849114,M,1,19,educator
389,1058,3,880774761,M,1,32,educator
551,513,4,884212508,M,1,25,administrator
401,111,5,892096470,F,0,55,writer
764,118,5,891533178,F,0,32,writer
669,780,3,882207098,M,1,33,technician
327,640,1,892586989,M,1,28,educator
223,91,4,879928351,F,0,11,other
867,1063,4,877763102,M,1,35,educator
256,508,3,883115947,M,1,26,student
886,485,3,882807620,M,1,31,educator
140,530,1,880028775,M,1,36,technician
276,678,4,881337885,M,1,35,administrator
194,135,5,886202737,M,1,30,student
189,969,3,882383622,M,1,52,other
724,386,5,892921508,M,1,29,educator
301,930,3,877105612,M,1,25,lawyer
808,474,4,883272996,M,1,33,other
472,127,1,875465372,M,1,39,engineer
886,340,4,879935115,M,1,27,programmer
487,289,5,882833965,M,1,32,educator
665,749,5,881380174,M,1,42,student
405,463,3,892446354,F,0,19,librarian
727,961,5,882536225,M,1,26,engineer
7,728,5,892082815,M,1,27,other
805,414,4,884345705,F,0,13,librarian
863,258,4,886001043,M,1,32,programmer
588,406,3,886574185,F,0,31,none
354,333,4,888873414,F,0,51,librarian
203,31,5,884540737,M,1,39,technician
744,1226,5,875094702,M,1,46,salesman
730,727,5,881938971,M,1,27,educator
561,179,4,880728878,M,1,34,educator
62,603,3,884036359,M,1,25,programmer
279,281,3,884856764,F,0,30,educator
860,303,3,875585264,M,1,51,engineer
90,696,4,882504666,M,1,18,artist
537,311,5,881851463,M,1,27,engineer
111,192,4,883015296,M,1,27,salesman
213,286,4,882514942,M,1,39,technician
753,387,5,877675894,M,1,24,programmer
846,9,5,889174656,M,1,33,programmer
375,1469,2,879982601,M,1,26,educator
451,685,3,884696197,M,1,36,educator
864,512,1,876127832,M,1,59,student
17,825,4,880030613,M,1,26,artist
327,56,4,879812803,M,1,27,programmer
222,86,2,891516858,M,1,43,programmer
72,310,4,888970076,F,0,49,librarian
145,655,5,879201490,M,1,44,programmer
82,368,5,879933482,M,1,27,other
269,333,1,879506597,F,0,52,artist
880,62,3,883351709,M,1,31,student
128,1063,2,876009154,M,1,65,student
867,260,4,879813689,F,0,45,healthcare
399,121,5,877232880,M,0,36,librarian
740,58,4,881807678,M,1,27,programmer
71,9,2,892480437,M,1,55,scientist
294,640,1,884175784,M,1,38,entertainment
590,208,5,880313833,M,1,28,engineer
881,615,1,884302884,M,1,52,librarian
798,250,4,891633345,F,0,26,educator
532,338,2,882558334,M,1,36,administrator
790,122,1,889242536,M,1,34,administrator
852,176,2,891102906,M,1,51,programmer
922,1310,3,881054265,F,0,40,librarian
804,276,5,893194602,M,1,46,marketing
374,402,5,882901619,M,1,46,engineer
130,144,5,879698557,M,1,32,programmer
498,169,5,892050271,M,1,45,engineer
9,931,5,880280240,F,0,33,writer
857,1207,5,889425279,M,1,42,other
487,294,3,882969988,M,1,32,executive
250,185,4,882483315,M,1,35,engineer
303,421,4,891279881,M,1,48,educator
387,966,4,879717257,M,1,50,engineer
772,127,3,883090863,M,1,38,lawyer
592,304,3,878824402,M,1,19,student
277,472,5,883165139,M,1,31,scientist
551,684,4,891332496,M,1,52,engineer
721,252,3,880572614,M,0,39,librarian
758,465,3,880132716,M,1,40,lawyer
271,281,1,884354465,M,1,39,other
642,261,2,882929062,F,0,36,librarian
880,520,3,879561259,M,1,31,student
271,443,3,877725859,M,1,19,administrator
94,682,4,876681452,M,1,28,educator
128,248,2,880274834,F,0,45,librarian
632,195,4,890880164,M,1,33,educator
92,346,3,878183559,M,1,50,other
452,1242,3,886198695,M,1,39,programmer
206,1010,4,891338099,F,0,51,educator
326,9,5,892422904,M,1,33,programmer
334,238,5,885899059,M,1,43,artist
707,394,3,881678434,F,0,51,librarian
796,177,5,888817171,F,0,45,librarian
201,294,4,887795139,M,1,34,programmer
830,223,4,879953193,M,1,26,educator
768,13,4,878036269,M,1,31,educator
503,556,4,879319032,M,1,23,administrator
760,173,4,891827493,M,1,57,student
347,237,4,877230435,M,1,26,executive
450,117,3,892341967,M,1,36,educator
293,354,3,892183675,F,0,53,administrator
770,709,5,882028396,M,1,27,writer
343,188,1,891441903,M,1,31,programmer
697,202,1,882211051,M,1,19,programmer
561,221,4,881381589,M,1,33,technician
269,787,3,879959620,F,0,39,educator
330,88,5,879930028,F,0,39,educator
401,815,4,879683355,F,0,27,salesman
796,333,3,891365482,F,0,33,librarian
291,316,4,877067989,M,1,48,entertainment
474,97,1,877999573,M,1,26,marketing
284,576,2,883306088,M,1,26,other
262,212,5,891995826,M,1,53,educator
885,228,4,877247113,F,0,50,administrator
255,780,4,892050587,F,0,49,librarian
267,4,4,891732665,M,1,27,executive
648,518,3,884761466,F,0,52,healthcare
276,549,5,882066191,M,1,41,student
628,70,3,878021675,M,1,32,writer
405,181,3,888437780,F,0,57,administrator
864,270,3,884568943,M,1,39,retired
663,288,5,882992560,M,1,45,educator
583,1028,5,892319790,F,0,48,librarian
885,55,5,887013042,M,1,27,educator
372,739,3,881171795,M,1,44,educator
536,492,5,875860446,M,1,59,technician
781,447,3,879470248,M,1,25,educator
798,689,1,882570836,F,0,22,librarian
151,291,4,891746924,F,0,45,writer
537,474,1,884320491,M,1,24,technician
197,254,3,891618905,M,1,41,other
5,15,5,882448867,M,1,27,educator
938,7,3,882558951,M,1,27,other
661,151,4,879760027,M,1,43,educator
564,96,5,884372837,F,0,52,librarian
317,475,5,884671184,F,1,28,technician
655,272,3,891822207,F,0,52,healthcare
143,1169,2,883152203,M,1,24,none
632,321,4,883342447,M,1,27,marketing
230,218,2,891952464,M,1,35,student
782,774,5,893071443,M,1,54,educator
46,480,1,879446786,M,1,38,educator
680,25,1,880598780,M,1,30,other
183,31,5,882538956,F,0,24,librarian
425,248,5,882683555,M,1,37,student
655,689,4,882805184,F,0,51,educator
11,1012,5,875954774,M,1,39,student
118,107,4,884278646,F,0,39,student
517,514,3,883020278,M,1,31,other
735,96,5,879196560,M,1,29,doctor
151,264,4,875935660,F,0,53,healthcare
790,162,5,879707376,F,0,51,writer
899,82,3,879463091,M,1,26,educator
665,1400,5,891907636,M,1,27,librarian
90,151,5,883140227,M,1,17,executive
43,66,3,892034672,F,0,44,educator
450,91,3,880428397,F,0,23,librarian
11,321,4,889504207,M,1,27,doctor
625,230,5,892630492,M,1,36,educator
151,461,3,884412589,M,1,42,entertainment
608,952,1,877276223,M,1,44,technician
43,79,3,891615670,F,0,51,healthcare
399,783,3,892210155,M,1,35,programmer
437,273,3,879464985,M,1,29,engineer
70,303,1,875527321,M,1,24,programmer
305,294,5,891257668,M,1,29,engineer
513,948,5,879745426,M,1,28,educator
581,874,5,882954323,M,1,31,lawyer
545,237,4,885116603,M,1,52,educator
561,94,4,888573216,M,1,52,entertainment
234,596,3,877801069,M,1,26,lawyer
574,1428,3,891555925,M,1,30,artist
501,310,4,875523810,M,1,24,educator
222,477,2,879715507,F,0,38,homemaker
658,703,3,892592288,M,1,44,marketing
552,471,3,889106298,M,1,27,administrator
818,1086,2,883400721,M,1,32,lawyer
548,193,5,886702942,F,0,19,librarian
393,615,5,884366253,M,1,26,educator
202,668,1,887136322,M,1,34,technician
788,328,5,875691684,M,1,31,educator
202,517,2,879409137,F,0,51,healthcare
862,170,2,879348535,F,0,35,administrator
276,3,1,891482426,M,1,40,entertainment
821,461,5,880236148,M,1,24,technician
716,40,4,891655675,M,1,29,student
376,1028,5,877358981,M,1,31,engineer
457,748,5,892241472,M,1,28,programmer
679,515,5,880236748,M,1,26,artist
496,237,3,892143976,F,0,35,librarian
413,639,4,890843651,F,0,49,healthcare
826,303,5,879741034,M,1,24,engineer
60,1527,4,889101621,M,1,27,technician
405,8,3,891278574,F,0,51,librarian
666,289,5,882623501,M,1,52,retired
390,989,3,880505388,M,1,39,artist
321,322,3,889119607,M,1,43,lawyer
733,813,5,880409237,M,1,28,educator
1,514,3,888917343,M,1,27,librarian
88,193,1,891177987,F,0,18,healthcare
435,592,3,882667432,M,1,22,executive
207,230,5,892008245,M,1,17,administrator
572,168,1,884299908,M,1,39,artist
405,517,3,882867399,F,0,50,healthcare
568,1118,4,891954671,M,1,52,technician
773,313,5,875528864,M,1,31,other
138,109,4,876001881,M,1,40,educator
117,231,3,880344617,M,1,32,educator
318,126,5,883146383,M,1,19,executive
297,1051,4,880882299,M,1,39,executive
106,150,5,888794299,M,1,49,executive
345,271,4,884852936,F,0,50,educator
658,13,5,888452505,M,1,27,programmer
87,332,2,880508152,M,1,29,educator
60,671,2,882509600,M,1,40,educator
816,294,5,877558727,M,1,32,scientist
576,329,4,888347699,M,1,31,educator
269,239,3,887838401,F,0,50,librarian
198,491,4,882347043,F,0,38,healthcare
862,1067,3,880832264,M,1,28,artist
698,683,4,881947960,M,1,31,programmer
923,31,3,884871888,M,1,27,homemaker
354,162,4,879932778,F,0,35,healthcare
551,764,4,880619934,M,1,57,programmer
328,123,5,882376161,M,1,28,student
25,207,5,888832613,M,1,24,engineer
512,809,3,892440103,M,1,45,marketing
935,866,1,879270319,M,1,35,programmer
420,188,4,875974858,M,1,34,technician
712,170,2,891308784,F,0,51,librarian
655,82,1,879496901,F,0,19,librarian
870,127,3,878291794,M,1,44,programmer
450,179,2,892303682,F,0,44,librarian
626,132,5,891398604,M,1,25,programmer
293,825,4,881763312,M,1,27,educator
880,82,5,882555389,M,1,26,engineer
42,303,5,879362703,M,1,31,artist
417,260,4,879830410,F,0,33,librarian
457,282,3,892154642,F,0,28,healthcare
796,982,4,881325024,F,0,50,marketing
607,1035,3,882903882,F,0,40,librarian
375,510,3,883132531,M,1,50,librarian
786,597,5,892553688,M,1,31,none
765,419,3,891952339,F,1,29,lawyer
385,124,1,885521751,F,0,51,healthcare
450,367,3,879977684,F,0,32,healthcare
833,24,4,882483228,M,1,52,student
720,331,5,879578419,M,1,52,programmer
187,358,1,892059931,F,0,18,educator
934,1,4,878426668,M,1,30,educator
186,313,3,883901134,F,0,52,healthcare
230,604,5,892552104,M,1,31,programmer
547,615,5,879610005,M,1,35,technician
747,926,4,877640678,M,1,50,educator
154,932,4,891580352,M,1,22,educator
158,1012,4,880152573,M,1,30,student
303,358,3,880143679,M,1,28,educator
485,283,4,891764834,M,1,39,technician
18,1106,5,882991313,M,1,26,educator
13,882,4,882510508,M,1,44,executive
599,1296,3,875971414,M,1,32,student
328,226,1,891795175,M,1,31,technician
476,139,1,891675125,F,0,52,librarian
355,143,5,888725236,M,1,39,administrator
597,654,2,884785098,M,0,53,educator
454,1074,4,891515413,M,1,53,engineer
20,1353,4,879155949,F,0,42,marketing
863,996,1,877565630,M,1,27,technician
200,216,4,892052009,M,1,24,other
929,1067,2,886169097,M,1,43,programmer
181,302,4,884147573,M,1,36,writer
343,188,5,888785334,M,1,31,engineer
340,272,3,892059813,M,0,33,student
932,183,3,880628705,M,1,32,technician
579,54,1,876399172,M,1,27,entertainment
783,357,5,879395317,M,1,23,engineer
450,172,5,876088734,F,0,52,artist
328,22,1,883560404,M,1,44,administrator
618,186,5,892074117,M,1,41,programmer
233,515,3,892111725,F,0,24,salesman
172,123,4,881050864,M,1,27,programmer
21,187,3,882644105,M,1,51,other
472,523,4,884402390,M,1,35,librarian
276,226,5,882678251,F,0,54,administrator
123,297,3,875802002,F,0,52,educator
875,531,1,891945495,M,1,32,programmer
235,482,4,888715074,M,1,19,technician
748,100,2,892231508,M,1,29,programmer
921,380,1,880060440,M,1,53,administrator
464,273,5,875825303,M,1,31,scientist
96,631,1,892154185,M,1,19,lawyer
405,605,2,880173120,F,0,55,student
643,208,5,891187313,M,1,45,educator
314,129,5,880035113,M,1,36,educator
128,898,4,883049424,F,0,51,administrator
327,17,5,884118939,M,1,27,student
755,1082,2,882947364,M,1,42,technician
780,510,5,892319043,M,1,33,educator
270,179,5,882533300,M,1,28,marketing
62,234,5,882786706,M,1,28,programmer
721,237,4,877633027,M,1,17,educator
181,393,5,891981643,M,1,33,programmer
846,215,3,880068255,M,0,36,administrator
405,264,4,879352989,F,0,24,librarian
807,91,4,883936720,F,0,35,librarian
627,790,2,880918074,M,1,56,technician
64,42,5,884238777,F,0,31,librarian
159,482,5,880307401,M,1,27,student
537,158,3,882501759,M,1,50,educator
896,713,3,880466149,M,1,26,artist
577,392,4,881539351,F,0,31,educator
846,458,5,891604431,M,1,33,programmer
577,187,2,882535804,M,1,51,programmer
833,161,2,886370413,M,1,27,engineer
370,237,1,892172540,F,0,36,salesman
748,85,2,882395663,M,1,29,programmer
708,273,3,889182828,F,0,39,educator
116,1120,2,880174636,M,1,28,homemaker
161,455,5,883639334,M,1,45,educator
82,383,4,875274629,M,1,18,educator
901,872,5,879515955,M,1,27,other
790,1027,3,891635311,M,1,31,artist
374,4,5,877813927,M,1,25,engineer
224,926,3,879480397,F,0,35,healthcare
231,191,2,880565919,F,1,11,educator
533,751,1,879930486,M,1,43,educator
709,582,2,877918688,F,0,53,librarian
598,216,4,879493023,M,1,33,administrator
805,947,5,876895966,F,0,45,educator
882,427,3,875300455,M,1,28,educator
837,98,1,892237646,M,1,19,student
336,716,4,891610393,F,0,35,artist
463,732,5,883147044,M,1,27,technician
819,447,3,880502443,F,0,31,librarian
10,418,1,891249802,F,0,31,educator
452,527,1,886378640,M,1,23,technician
686,294,5,879645675,F,0,51,other
98,414,2,883333401,M,1,31,student
152,25,5,877258979,M,1,52,administrator
181,363,5,883213081,M,1,20,administrator
160,4,4,886489530,M,0,26,educator
424,53,1,879593858,M,1,36,executive
363,174,5,883166381,M,1,42,administrator
885,164,2,882725839,M,1,52,other
130,248,5,880825507,M,1,27,lawyer
712,431,3,892211410,M,1,26,artist
864,1047,5,884234698,F,0,30,healthcare
405,762,3,882392891,F,0,31,other
896,22,4,881070104,F,0,52,healthcare
617,313,1,884331915,F,0,50,librarian
303,492,3,883364590,M,1,46,student
846,9,5,891565543,M,1,33,programmer
168,1153,5,877969253,M,1,20,executive
838,499,3,886695844,M,1,23,programmer
887,117,3,884375562,F,0,51,student
586,921,5,877822700,M,1,31,student
830,419,1,879076687,M,1,39,student
263,443,4,882616128,M,1,25,scientist
479,433,1,891717121,F,0,51,healthcare
766,42,5,880431392,M,1,29,educator
239,34,4,882782271,M,1,32,executive
624,523,2,879699799,M,1,30,educator
148,663,4,891729847,F,0,52,librarian
43,208,1,891362097,F,0,50,educator
489,474,5,881737648,M,1,39,student
578,689,5,879157412,M,1,59,technician
363,1139,1,891782870,M,1,24,programmer
864,29,4,880012454,M,1,35,educator
331,261,3,879758670,M,1,33,programmer
717,346,5,880157787,F,0,32,educator
201,47,4,880460465,M,1,52,other
913,125,2,892478197,M,1,40,doctor
532,310,3,882614543,M,1,38,educator
213,340,1,879969183,M,1,23,scientist
637,47,5,886665308,M,1,20,educator
32,56,3,883024005,M,1,27,artist
521,40,4,879804842,M,1,48,engineer
168,300,4,880190303,F,1,28,writer
790,1370,2,883459460,M,1,28,salesman
293,1263,4,882913558,F,0,35,librarian
745,98,5,882401108,M,1,32,executive
426,334,4,880128090,M,1,27,educator
94,508,5,879428550,M,1,18,administrator
56,187,4,882916849,M,1,28,student
256,665,2,879930436,M,1,31,educator
196,286,1,879531476,M,1,44,engineer
251,288,1,891764766,M,1,38,administrator
398,807,5,877635565,M,1,55,other
347,485,4,881625680,M,1,40,educator
56,568,1,879691027,F,0,33,healthcare
303,1085,4,877674070,M,1,31,scientist
327,584,5,884779789,M,1,41,executive
199,254,1,879789214,M,1,50,student
165,1238,1,892345989,M,1,31,educator
532,711,1,875129255,M,1,43,entertainment
826,183,4,891472588,M,1,35,student
277,1015,1,879592239,F,1,32,artist
245,1615,2,882751071,M,1,26,doctor
503,137,4,891832028,F,0,52,educator
18,933,1,889429173,M,1,40,engineer
458,561,5,892068964,M,1,34,other
189,56,1,875576905,M,1,39,student
618,482,5,876080917,M,1,36,technician
92,313,1,880094911,M,1,41,educator
366,192,3,878975298,M,1,34,programmer
250,448,3,892072123,F,0,51,artist
145,89,1,891886996,M,1,38,educator
833,302,4,880215768,M,1,19,educator
559,930,4,879402281,M,1,38,student
405,418,2,891453318,F,0,52,healthcare
405,403,4,879613143,F,0,39,librarian
381,799,5,879589155,M,1,40,student
749,1079,2,877166722,F,0,32,healthcare
318,14,4,878050126,M,1,44,doctor
201,261,4,884493389,M,1,27,executive
440,702,4,889095122,M,1,36,programmer
136,3,2,879954636,M,1,36,student
795,931,5,877978276,M,1,33,technician
779,225,1,884517721,M,1,23,salesman
299,937,4,880036070,M,1,25,programmer
145,29,5,883060400,M,1,30,retired
46,1412,4,892471009,M,1,33,student
760,591,4,880140421,F,0,33,writer
374,7,5,879654264,M,1,25,student
119,133,5,880591787,M,1,27,educator
650,1008,1,892850732,M,1,38,technician
606,729,4,881944407,M,1,32,educator
222,756,4,879440855,M,1,54,other
683,192,1,876061299,M,1,33,technician
113,62,3,891684892,M,1,28,programmer
898,289,5,884113008,M,1,28,programmer
403,636,3,883523768,M,1,28,other
831,708,1,889617783,F,0,52,librarian
916,109,5,879921547,M,1,32,student
316,520,5,880490428,M,1,33,technician
825,763,2,878145940,F,0,28,artist
291,48,4,882815672,M,1,27,educator
62,11,4,888389801,F,0,50,librarian
646,915,3,875892905,M,1,34,doctor
221,1218,2,880899328,M,1,28,other
326,56,1,879645883,M,1,19,other
58,497,5,882666582,F,0,49,administrator
731,240,1,879515579,M,1,39,administrator
90,298,4,880321013,M,1,22,student
90,381,3,883895893,M,1,31,student
931,157,4,884598435,M,1,25,educator
190,275,5,877865537,F,0,29,none
871,445,1,875614703,M,1,59,lawyer
870,11,3,892767694,F,0,51,educator
21,514,5,892417274,M,1,24,executive
616,1642,5,882924887,M,1,46,retired
894,64,3,884246446,F,0,31,artist
252,685,4,888934723,M,1,24,educator
865,736,5,879746845,M,1,26,entertainment
392,227,4,891543235,M,1,31,student
105,660,5,880641823,M,1,54,retired
53,908,4,880410632,M,1,35,none
184,257,4,892312055,F,0,52,educator
128,1028,2,886811734,M,1,27,student
826,50,5,880110027,M,1,30,student
624,484,1,878507088,M,1,27,programmer
13,426,1,882782731,M,1,26,other
129,1038,3,882666814,M,1,30,lawyer
271,151,5,880452546,M,1,32,scientist
186,259,3,883596667,F,0,51,healthcare
13,452,5,879313842,M,1,28,engineer
405,121,4,875367141,F,0,51,writer
883,288,3,882768690,M,0,38,administrator
308,53,4,887474721,M,1,35,technician
28,781,4,877539263,F,0,46,healthcare
589,229,5,882691202,F,0,24,librarian
224,242,4,879561147,M,1,57,scientist
10,739,4,880944382,M,1,26,educator
721,1537,1,875424877,M,1,19,technician
181,276,5,889256913,M,1,39,artist
167,1498,3,882227885,M,1,56,engineer
488,423,1,891370138,M,0,51,scientist
923,284,4,879993382,M,1,62,educator
870,348,5,878475141,M,1,45,scientist
201,384,2,884000684,F,0,52,educator
301,135,1,879409334,M,1,32,writer
897,402,2,891611985,F,1,28,educator
90,268,2,892584970,M,1,39,artist
670,1012,2,886877248,F,0,45,administrator
861,1035,4,891533072,M,1,51,administrator
432,385,4,891602713,F,1,35,educator
354,426,3,891923140,F,0,35,librarian
707,269,1,891298806,F,0,23,librarian
489,133,5,884236437,F,1,44,artist
915,241,5,878961866,M,1,28,lawyer
639,321,2,884224655,M,1,28,educator
286,483,5,891126727,M,1,45,other
293,272,3,877095882,M,1,24,executive
746,121,4,880506585,M,1,38,educator
450,13,4,891734431,F,0,51,writer
541,53,4,881040829,M,1,24,writer
243,641,4,879738534,M,1,23,scientist
234,671,5,879919997,M,1,31,marketing
336,684,4,879225634,M,1,50,artist
145,111,3,879654111,M,1,35,executive
417,531,4,892517747,F,0,27,writer
48,289,2,876274204,M,1,29,student
603,585,5,885857849,M,1,22,student
712,748,5,879599856,M,1,27,artist
62,300,5,879503846,F,0,38,librarian
805,25,4,879785889,M,1,30,entertainment
330,510,5,892385325,F,0,39,librarian
537,254,1,892856466,M,1,29,educator
894,309,3,875683038,M,1,27,technician
592,255,3,879889255,F,0,46,librarian
871,13,1,875654450,M,1,39,programmer
623,566,4,889336757,M,1,32,programmer
147,591,3,889105356,M,1,31,scientist
922,869,5,875723346,M,1,31,engineer
219,1615,3,882424201,M,1,30,doctor
682,54,5,875536714,M,1,31,librarian
256,300,4,879814472,M,1,22,student
796,232,3,882825088,F,0,36,librarian
143,1467,3,880079662,M,1,32,technician
609,739,4,882858464,M,1,36,student
747,308,4,888713359,M,1,18,executive
262,484,1,879728654,M,1,31,artist
166,174,5,892113729,M,1,27,homemaker
738,31,5,879038254,M,1,33,programmer
799,639,4,883128804,M,1,33,scientist
868,273,3,889824825,M,1,51,scientist
7,195,4,882500832,F,0,51,healthcare
794,160,1,892414931,M,1,26,lawyer
504,386,5,884260493,F,0,40,librarian
777,300,4,885819004,F,0,19,healthcare
310,435,1,879961686,M,1,27,artist
770,134,2,882291234,M,1,53,doctor
627,657,3,880052426,M,1,36,marketing
104,27,3,884724695,M,1,33,administrator
4,1300,3,879699321,M,1,23,engineer
346,311,2,885750854,M,1,53,entertainment
215,1047,3,891644387,M,1,36,retired
363,183,2,880617159,M,1,28,student
519,517,4,892408409,M,1,35,executive
122,444,3,879401002,M,1,32,technician
256,162,3,892264591,M,1,28,programmer
868,282,5,889386439,F,0,27,other
333,705,5,891378043,M,1,23,retired
221,210,5,880056920,M,1,28,administrator
110,1035,2,891987961,M,1,34,artist
698,820,3,879685085,F,0,12,administrator
405,294,3,881100844,F,0,55,librarian
147,821,5,883150951,M,1,39,student
259,325,5,892614869,M,1,31,scientist
653,726,5,879971761,M,1,27,marketing
429,693,2,878743567,M,0,44,writer
855,58,4,882391116,M,1,39,programmer
708,604,4,884871575,F,0,45,healthcare
405,591,5,885132281,M,1,40,administrator
190,689,2,879416898,M,1,27,technician
707,821,3,891865216,F,0,19,librarian
445,507,5,880876653,F,0,39,librarian
566,263,1,891915638,M,1,39,entertainment
707,491,3,891053295,F,0,44,librarian
5,350,2,884149553,F,1,31,administrator
639,955,2,884379983,F,0,49,none
756,332,4,892086158,M,1,27,administrator
66,847,1,879311491,M,1,28,programmer
495,287,5,884027148,M,1,32,scientist
769,1059,1,883718557,M,1,32,programmer
716,506,4,877894634,M,1,31,educator
708,124,4,891148917,F,0,24,healthcare
101,195,2,883461511,M,1,40,salesman
655,187,3,891379526,F,0,51,healthcare
501,73,3,881480975,M,1,25,student
85,523,1,883929077,M,1,38,programmer
730,386,4,879760040,M,1,28,educator
782,201,3,891750927,M,1,33,educator
49,315,4,880416139,F,0,28,educator
921,1028,4,879017511,M,1,27,writer
758,257,4,891352132,M,1,37,marketing
671,961,2,879663624,M,1,27,administrator
437,518,3,884296386,M,1,25,entertainment
349,372,5,877511935,M,1,31,technician
405,208,3,879797465,F,0,32,librarian
667,439,1,883311515,M,1,47,student
791,262,5,879900867,M,1,28,programmer
724,475,3,892221555,F,0,26,administrator
148,622,3,879891309,M,1,27,writer
694,313,4,879998967,F,0,53,librarian
250,598,3,883462937,M,1,27,student
450,79,3,875584122,F,0,43,healthcare
82,368,2,879743799,M,1,39,educator
321,456,4,879974990,M,1,32,technician
843,269,4,879882105,M,1,24,student
655,1299,5,879840808,F,0,51,educator
551,350,4,882207826,M,1,46,retired
314,328,2,891391512,F,1,49,student
474,28,4,884238894,F,0,13,writer
939,917,3,879671302,M,1,29,programmer
847,1087,2,875164051,M,1,23,technician
298,609,1,891069225,M,1,32,student
523,292,5,891886953,F,0,27,other
48,39,3,892230786,M,1,52,student
642,96,4,879498724,M,1,26,administrator
504,25,2,879869559,F,0,51,librarian
82,128,4,886604565,M,1,42,librarian
45,815,2,876018545,F,0,44,educator
635,680,5,880338589,M,1,33,entertainment
385,427,5,879252186,M,1,28,student
641,496,5,879550878,M,1,27,technician
844,326,1,882641507,M,1,45,programmer
594,782,5,880776288,M,1,39,educator
102,22,1,875366555,M,1,44,technician
928,329,1,892151761,M,1,32,programmer
719,980,4,892257621,F,0,23,healthcare
536,58,3,875374109,F,0,49,librarian
339,807,3,892943782,F,0,35,homemaker
622,272,3,886006937,M,1,31,engineer
668,135,5,888903192,M,1,27,educator
867,469,1,891228362,M,1,61,student
691,332,5,880072265,M,1,28,entertainment
669,832,3,880471284,M,1,31,doctor
209,60,5,882755263,M,1,23,technician
311,744,2,891893890,M,1,25,programmer
713,939,5,879571604,M,1,33,artist
939,548,3,889499077,M,1,27,artist
684,554,1,882498725,M,1,20,technician
21,275,3,892042522,M,1,48,entertainment
642,191,4,892450490,F,0,27,educator
125,181,3,880951615,F,0,22,administrator
804,933,5,883453817,M,1,23,artist
393,685,4,879572878,M,1,32,educator
483,715,3,882932341,M,1,27,other
807,121,4,876062759,F,0,53,librarian
253,559,5,880152497,M,1,25,artist
655,7,4,879671299,F,0,47,administrator
796,357,4,882738462,F,0,51,writer
533,636,5,879220409,M,1,30,scientist
825,265,4,884790948,F,0,45,none
299,496,4,880452832,M,1,47,artist
128,22,2,884341885,M,1,32,educator
940,8,5,891421753,M,1,44,student
375,1656,3,882611515,M,1,39,student
22,122,2,882538132,M,1,34,entertainment
40,211,4,882768573,M,1,45,engineer
72,22,3,879656514,F,0,52,artist
289,568,4,878984584,F,0,35,librarian
175,307,5,880445399,M,1,31,artist
655,53,5,875613904,M,1,40,writer
773,1148,4,879605031,F,0,36,healthcare
7,31,4,882999324,M,1,45,programmer
406,1170,2,884824038,M,1,25,educator
655,895,4,891916758,F,0,42,educator
334,979,2,876268133,M,1,34,executive
100,729,2,885710660,M,1,50,engineer
927,133,4,882820052,M,1,28,student
534,1444,2,880930844,F,0,52,other
85,431,2,875813165,M,1,39,administrator
91,215,1,891744265,F,0,31,artist
749,78,3,879674088,F,0,49,administrator
815,174,3,875717731,M,1,56,entertainment
860,72,4,881230250,M,1,51,engineer
676,270,3,882474879,M,1,30,programmer
437,496,3,881255969,F,0,54,artist
622,25,4,876427683,F,0,33,writer
302,230,4,888485012,M,1,32,technician
663,435,3,883066244,M,1,44,educator
339,328,3,881612586,F,0,33,homemaker
544,50,2,879884809,M,1,50,student
326,381,3,882745509,M,1,43,technician
405,820,3,891752484,F,0,44,administrator
932,350,4,878445791,M,1,30,administrator
828,1084,5,889034211,M,1,27,technician
708,575,5,890994634,F,0,27,student
222,42,3,880106993,M,1,30,lawyer
659,510,1,879499192,M,1,32,other
425,1084,5,883189249,M,1,40,student
860,943,4,875431701,M,1,28,programmer
151,840,3,892165593,F,0,18,writer
731,385,4,879788717,M,1,35,educator
299,148,3,877388227,M,1,27,entertainment
429,506,5,880092459,M,1,39,other
898,170,4,882864160,M,1,44,technician
337,100,3,879913568,M,1,34,educator
268,955,5,882247410,M,1,39,technician
869,762,5,891754352,M,1,35,educator
125,284,3,891986292,M,1,18,administrator
936,1018,3,892926492,M,1,27,engineer
122,510,5,879910998,M,1,26,educator
417,326,5,889052042,F,0,32,educator
530,204,5,892263415,M,1,23,educator
312,376,3,891397468,M,1,51,student
618,538,4,883220657,M,1,27,educator
711,182,4,882688451,M,1,46,administrator
16,463,5,891978091,M,1,27,retired
405,31,1,891367971,F,0,50,educator
916,818,1,891829113,F,0,51,healthcare
190,518,3,884067478,M,1,29,retired
94,287,3,879812785,M,1,41,programmer
269,255,4,891474503,F,0,52,educator
49,501,4,881964350,F,0,39,librarian
28,269,2,883061438,M,1,27,educator
222,164,4,881410181,M,1,36,scientist
904,216,5,882135471,M,1,31,technician
14,143,5,878639628,M,1,33,retired
532,280,4,892502760,M,1,39,student
256,595,3,884300097,F,0,51,librarian
316,200,2,883023977,M,1,32,student
537,323,5,882531738,M,1,28,engineer
320,180,5,892865003,M,1,33,administrator
643,629,2,884188914,M,1,24,educator
903,213,4,876864558,M,1,27,engineer
606,525,1,891937069,M,1,36,educator
900,515,2,880220398,M,1,40,technician
450,272,2,883951531,F,0,32,administrator
373,888,5,883081735,M,1,24,marketing
880,96,5,882603057,M,1,28,student
731,333,1,891194708,M,1,39,educator
910,1151,5,891811308,M,1,18,technician
699,920,4,879869525,M,1,34,educator
539,222,5,882828959,M,1,28,educator
125,300,4,881336540,M,1,27,writer
222,1050,3,891677340,F,0,25,none
831,310,2,892289102,M,1,41,other
135,189,3,893283274,M,1,31,educator
608,289,5,880108808,M,1,31,programmer
645,836,5,883101502,M,1,22,technician
378,258,5,879594121,M,1,46,programmer
90,517,5,886417287,M,1,22,executive
137,117,3,882823487,M,1,35,artist
846,33,5,888524850,M,1,27,executive
782,854,1,892823549,F,0,50,other
457,15,2,882520273,M,0,31,educator
42,651,2,891017909,M,1,38,engineer
145,28,2,879908455,M,1,27,student
429,295,5,884680192,F,0,33,librarian
937,238,4,882425785,M,1,28,technician
603,194,5,880358736,M,1,33,programmer
257,1018,5,879855805,M,1,36,entertainment
211,406,3,882692277,M,1,35,technician
598,574,1,892020483,F,0,31,educator
863,462,5,882434669,M,1,35,technician
393,159,1,884943561,M,1,27,technician
290,426,2,879411608,M,1,34,entertainment
933,405,3,887279228,M,1,32,student
191,436,4,880307253,M,1,35,salesman
254,117,1,882940521,M,1,42,programmer
601,26,1,891807503,M,1,40,retired
707,134,1,883857296,F,0,50,salesman
434,628,2,881695989,M,0,39,educator
393,100,4,889704249,M,1,30,executive
63,615,4,887087152,M,1,43,educator
303,328,4,884117977,M,0,27,educator
798,213,3,886692994,F,0,40,librarian
280,443,5,879928723,M,1,29,programmer
642,117,5,879736758,F,0,49,healthcare
616,676,5,883068568,M,1,34,artist
931,748,3,883390177,M,1,39,salesman
450,616,4,880165503,F,0,31,writer
716,269,4,881327472,M,1,49,administrator
617,303,4,892493204,F,0,52,healthcare
872,678,3,880908808,M,1,35,engineer
339,173,1,892250704,M,1,36,entertainment
42,816,5,882427151,M,1,39,retired
503,322,1,880308708,M,1,52,executive
865,431,5,882359128,F,1,31,technician
481,782,4,879424140,M,1,50,programmer
708,386,4,881159252,F,0,35,none
716,286,4,879890265,M,1,28,educator
131,43,2,883463741,M,1,27,other
334,321,3,888767089,M,1,27,educator
264,271,2,876354009,F,0,22,librarian
796,887,2,891695524,F,0,31,artist
7,483,1,892306187,M,1,39,technician
64,826,3,882539199,M,1,44,marketing
236,328,5,879444804,M,1,50,scientist
332,80,3,880276035,M,1,20,educator
893,67,2,884876652,M,1,36,marketing
406,1134,2,882543264,M,1,32,administrator
807,53,4,882503163,F,0,50,librarian
181,1535,5,878990602,F,0,31,librarian
895,1296,4,882815441,M,0,30,homemaker
21,762,3,886227971,M,1,50,librarian
401,1165,1,892527237,F,0,44,other
735,1044,3,879578884,M,1,35,programmer
852,475,1,880012405,M,1,35,scientist
181,845,4,891378039,M,1,28,student
346,203,2,884541265,F,0,49,librarian
506,65,5,879777228,M,1,34,artist
758,1273,3,880964201,M,1,32,engineer
126,402,5,891262892,F,0,32,artist
567,855,5,882736843,M,1,28,programmer
269,88,4,888695631,M,1,35,student
342,203,4,891581941,F,0,23,healthcare
177,1559,5,884277368,M,1,39,technician
666,148,5,880512305,M,1,31,executive
346,680,3,891906273,M,1,35,librarian
327,515,5,879701396,M,1,29,other
883,23,5,877616548,M,1,51,programmer
711,847,4,879377596,M,1,39,student
854,121,3,877754539,M,1,29,student
881,344,5,883029021,M,1,27,programmer
264,135,4,891789311,M,1,36,student
808,1178,4,880895460,M,1,18,engineer
314,4,5,890924218,M,1,33,engineer
782,53,5,883738061,F,0,53,librarian
174,498,3,892467596,F,0,50,educator
463,63,4,892064534,F,0,31,educator
92,386,1,893136870,F,1,32,administrator
59,111,1,879484954,M,1,53,salesman
181,648,4,883140418,M,1,44,educator
848,472,4,880241100,M,1,28,lawyer
943,332,1,879785986,M,1,27,engineer
104,623,2,875515322,M,1,16,homemaker
89,458,5,892352074,F,0,35,educator
374,485,5,891690081,M,1,28,engineer
616,1,5,892116406,M,0,46,other
339,497,5,884392423,M,1,30,executive
234,69,3,892470469,F,0,52,librarian
199,246,4,879586087,F,0,28,healthcare
776,659,5,891738423,M,1,27,doctor
251,153,3,882598391,M,1,39,programmer
704,357,3,881373759,M,1,18,other
921,1615,5,880222544,M,1,31,doctor
274,260,2,892544869,M,1,54,educator
799,763,3,879998041,F,0,39,homemaker
492,864,3,882825505,M,1,27,student
506,152,3,879820000,M,1,32,student
474,517,3,892120027,M,1,32,student
417,1118,1,886913153,F,0,18,student
246,21,1,891744823,F,0,24,administrator
721,1085,2,891366232,M,1,39,lawyer
678,433,3,892142023,M,1,19,executive
543,483,2,880500027,M,1,32,entertainment
703,418,5,881208442,F,0,45,writer
758,926,4,891287203,F,0,24,librarian
729,720,5,878132862,M,1,27,student
314,170,4,882577067,M,1,46,programmer
406,616,2,889104283,M,1,36,student
207,232,5,880279417,M,1,31,executive
77,498,4,880001501,F,1,32,programmer
823,218,3,879601340,M,1,50,marketing
648,451,3,879931030,F,0,35,educator
782,207,3,888997987,F,1,35,lawyer
354,289,5,891744814,F,0,53,librarian
1,65,4,884084446,M,1,44,technician
327,298,3,875898852,M,1,23,administrator
85,760,2,878507046,M,1,25,marketing
917,89,3,886901031,M,1,38,student
791,724,5,884047621,M,1,25,retired
867,69,3,883193106,F,0,17,homemaker
52,434,2,889418461,M,1,31,marketing
178,111,5,880588023,F,0,39,educator
669,1059,3,893328271,M,1,28,librarian
20,615,4,891768057,F,0,52,none
10,127,4,892251327,F,0,52,librarian
342,328,2,881723461,F,0,53,librarian
234,286,2,891713256,M,1,44,marketing
333,1101,4,886766460,M,1,28,student
199,275,3,889458887,M,1,35,technician
805,250,3,880655247,F,0,27,librarian
386,28,3,881330206,M,1,35,programmer
897,1664,4,879613885,M,1,39,student
188,99,5,892729445,M,1,34,artist
495,229,5,881457995,M,1,36,technician
641,290,5,892913415,M,1,27,programmer
339,319,5,883108677,F,0,36,entertainment
389,68,5,879519208,M,1,31,programmer
747,194,2,888981525,M,0,25,educator
1,294,5,881081463,F,0,28,librarian
468,796,3,888994223,M,1,50,engineer
830,709,1,882837240,M,1,29,educator
220,381,5,879287734,M,1,45,technician
537,486,1,882006334,M,1,38,educator
269,810,2,891554752,F,0,39,educator
378,33,5,881207880,M,1,38,executive
290,486,5,879712502,M,1,27,marketing
326,463,5,888032260,M,1,27,scientist
820,790,4,880384120,M,1,27,lawyer
587,393,5,893171457,M,1,34,lawyer
92,176,4,884801369,M,1,38,technician
653,524,1,892524985,M,1,33,programmer
63,1234,4,883484538,M,1,28,educator
71,1278,5,883130837,M,1,25,librarian
200,245,2,888309127,F,0,31,salesman
642,77,4,892088109,F,0,32,administrator
918,286,3,881144660,M,1,35,programmer
193,374,5,891807882,M,1,31,artist
807,344,4,879461577,M,1,38,technician
272,1228,1,875622530,F,0,35,librarian
80,289,4,891723245,M,1,32,educator
299,56,4,881274280,M,0,27,student
776,100,2,881158102,F,1,38,homemaker
62,271,4,892692553,F,0,19,librarian
152,79,1,891397552,M,1,22,student
295,272,5,880004687,M,1,28,educator
497,97,1,882342630,M,1,42,entertainment
139,101,3,877038611,M,1,33,educator
851,1091,3,881281319,M,1,38,programmer
910,906,4,877850794,M,1,53,retired
417,94,5,882412745,M,1,23,student
151,265,4,880044400,F,0,52,educator
485,659,3,884719755,F,0,35,none
23,230,4,881440418,M,0,30,administrator
919,546,5,879969009,M,1,39,retired
344,162,4,879456836,F,0,51,librarian
405,685,4,882442940,F,0,50,librarian
347,268,5,890987555,M,1,51,programmer
913,1013,3,884481606,M,1,36,scientist
245,678,5,883795453,M,1,24,other
99,603,4,887044612,M,1,39,programmer
409,301,2,891745128,F,0,52,librarian
357,965,2,880461583,M,1,27,none
343,245,4,891948170,M,1,41,administrator
272,143,5,880127591,M,1,33,student
458,258,5,880292770,F,1,40,other
254,161,2,891952951,F,0,52,librarian
933,569,3,892162491,M,1,27,executive
316,357,5,882290392,F,0,39,educator
640,1044,4,891930305,M,1,27,educator
201,882,1,878003838,M,1,52,librarian
655,100,4,891059146,F,0,60,healthcare
586,161,5,879598422,M,1,24,programmer
289,295,1,875596773,F,0,19,librarian
233,492,5,879811565,M,1,32,entertainment
253,423,4,884483689,M,1,27,programmer
682,82,4,891659465,M,1,25,doctor
401,333,3,884349383,F,1,44,other
247,846,5,892420730,M,1,34,programmer
212,1115,1,879633070,M,1,35,educator
774,456,3,879520267,F,0,51,librarian
239,154,4,888905591,M,1,23,programmer
2,295,5,882799742,M,1,46,entertainment
696,1056,3,888511438,M,1,31,technician
318,331,1,884167947,M,1,27,student
918,778,4,882658945,M,1,38,scientist
342,272,3,891564898,F,0,33,librarian
807,31,4,879658909,F,0,31,librarian
452,871,4,882924859,F,0,42,none
287,729,4,880096753,M,1,49,scientist
784,485,2,875681503,F,0,24,educator
123,21,5,884475182,M,1,41,programmer
264,127,1,885351517,M,1,38,student
269,257,4,881400201,F,0,44,healthcare
712,334,2,884595086,M,1,31,librarian
299,405,4,891378209,M,1,51,programmer
269,374,3,891863338,F,0,35,librarian
524,231,5,892888206,F,0,23,administrator
361,603,5,888941157,M,1,32,entertainment
201,100,5,892742746,M,1,50,programmer
848,642,4,879815102,M,1,28,educator
751,770,3,884238537,F,1,38,administrator
421,7,3,879773231,F,0,36,healthcare
447,386,4,883988719,F,0,39,healthcare
655,307,3,877729542,M,1,30,lawyer
622,117,4,880072546,M,1,33,writer
443,479,3,882138969,M,1,27,administrator
492,290,5,880120397,M,1,30,programmer
619,541,5,878711798,M,1,39,lawyer
454,12,3,879271628,M,1,33,educator
214,57,5,885038650,M,1,34,educator
321,1090,2,875824935,M,1,29,entertainment
100,319,5,892200463,M,1,23,student
479,610,1,884088100,M,1,39,programmer
456,195,4,891384867,M,1,28,administrator
804,170,2,875623193,F,0,51,healthcare
683,411,1,892054498,M,1,35,educator
846,640,5,879540945,M,1,29,scientist
222,639,3,891868989,M,1,23,executive
598,245,4,892288523,M,1,30,administrator
215,44,3,891813948,F,0,36,healthcare
727,1199,3,879967587,M,1,27,other
650,237,1,879462113,M,1,39,programmer
22,411,5,880451817,F,0,31,artist
707,269,3,882730571,F,0,27,writer
264,303,5,880214530,F,0,36,educator
202,1,4,882433954,M,1,26,student
711,205,5,875971583,M,1,57,executive
782,433,4,882330180,M,1,31,educator
887,145,5,882396300,M,1,26,educator
336,157,5,882580936,M,0,28,educator
455,280,5,888804319,M,1,40,technician
544,678,5,879449620,M,1,28,technician
269,487,3,884514024,F,0,39,librarian
846,272,5,879840035,M,1,31,programmer
308,303,5,875947659,M,1,27,educator
499,280,2,875784178,M,1,34,programmer
417,121,2,882415068,F,0,51,artist
474,72,5,875653412,F,0,40,artist
83,451,1,879678978,M,1,38,student
330,537,2,879530703,M,1,30,student
718,886,4,891654060,M,1,52,scientist
378,846,3,892247666,M,1,28,student
654,181,3,879702236,F,0,49,marketing
654,24,4,891770723,F,0,31,writer
188,225,1,880031753,M,1,36,educator
318,513,5,880038293,M,1,26,student
708,102,4,878648897,F,0,61,educator
483,257,3,882686548,M,1,48,other
840,95,5,879096388,M,1,36,engineer
514,1128,5,879993733,M,1,46,artist
655,84,4,891919684,F,0,53,librarian
298,174,1,888711148,M,1,51,technician
428,427,5,879700888,M,1,28,educator
506,815,3,879630538,F,0,30,healthcare
639,423,4,879624236,F,1,49,administrator
436,82,2,884802698,F,0,39,none
496,121,3,880930949,F,1,32,student
455,129,3,879198862,M,1,21,student
1,217,2,875599495,M,1,20,technician
839,923,2,891227602,F,0,31,salesman
588,595,3,879029936,M,1,18,technician
25,591,5,880023822,M,1,26,educator
828,225,5,875567841,M,1,32,programmer
690,124,3,892466521,F,0,31,librarian
697,405,3,882818059,M,1,36,administrator
216,1063,1,875904877,M,1,29,librarian
650,73,3,878920557,M,1,43,entertainment
405,77,2,879511164,F,0,45,educator
737,991,5,886312950,M,1,27,technician
47,48,4,879825818,M,1,23,administrator
377,302,2,886263759,F,0,46,librarian
867,1060,4,891875513,M,1,24,scientist
487,143,3,876266248,M,1,27,administrator
782,954,2,880182977,M,1,44,educator
122,1400,1,891735834,M,1,51,technician
92,883,4,879706328,M,1,36,engineer
145,214,4,879406007,M,1,18,educator
882,231,4,884321624,F,0,43,student
655,204,3,880841001,F,0,51,librarian
385,343,4,878565567,M,1,36,other
821,416,5,882169007,F,0,38,administrator
672,607,3,892227198,M,1,27,administrator
588,606,5,881411023,M,1,39,educator
634,1152,2,879308115,M,1,50,salesman
452,105,5,883853469,M,1,36,engineer
529,959,4,880066307,M,1,28,programmer
244,893,2,883108402,M,1,25,writer
902,291,2,892816895,M,1,26,student
618,217,2,880142033,M,1,32,artist
537,871,1,880217491,M,1,60,lawyer
201,678,2,876921979,M,1,32,programmer
727,294,3,880605221,M,1,37,educator
757,469,4,879902831,M,1,39,technician
485,744,5,879577821,M,1,31,programmer
140,200,5,876212205,M,1,27,other
25,546,2,883059031,M,1,32,none
116,1197,5,892307768,F,1,30,programmer
886,815,5,882598044,F,0,44,homemaker
472,313,4,882942726,M,1,23,student
312,183,3,882676372,F,0,51,educator
936,151,5,879304538,M,1,33,engineer
896,494,3,884583078,F,0,50,other
773,609,1,889175120,M,1,49,student
75,134,4,879756010,M,1,35,administrator
598,174,1,880033133,M,1,24,scientist
489,781,1,875414265,M,1,22,artist
182,289,3,883781220,M,1,35,student
103,849,3,878661586,M,1,32,lawyer
174,172,4,879738069,M,1,31,administrator
778,920,4,879653015,M,1,31,administrator
74,748,4,883958465,M,1,26,other
321,250,4,889031847,F,0,51,administrator
650,685,3,884227086,F,1,23,other
519,313,3,891566161,M,1,31,artist
617,41,4,884203026,F,0,51,librarian
62,340,2,892225681,F,0,32,healthcare
58,20,5,875640149,M,1,39,student
896,1028,1,885784491,M,1,19,technician
381,352,4,882146572,M,1,51,educator
919,515,2,875713436,M,1,24,educator
392,117,5,882803948,M,1,20,student
816,289,5,875652234,M,1,41,other
630,84,3,875614080,F,0,32,healthcare
405,386,1,891611882,F,0,52,librarian
7,29,3,883956901,F,0,11,educator
567,1043,4,882592349,M,1,35,educator
230,461,3,882538637,M,1,23,student
462,725,5,883537890,M,1,26,technician
505,603,1,879268010,M,1,31,technician
159,210,3,880421385,M,1,31,programmer
305,326,5,880182363,F,0,24,writer
54,1266,1,892194989,F,0,31,librarian
451,379,3,876020201,M,1,33,other
457,24,3,879730744,F,0,50,educator
189,381,5,892471168,M,1,29,educator
923,151,5,882977180,M,1,52,educator
280,318,1,891976918,F,0,35,educator
286,153,5,879332001,M,1,34,programmer
254,101,5,884144040,M,1,51,technician
847,91,4,879949560,F,0,32,writer
298,154,5,889360573,M,1,24,executive
551,739,4,891996166,M,1,26,educator
903,608,4,882723438,M,1,28,programmer
481,371,4,880348799,M,1,19,artist
12,340,1,889488785,M,1,28,educator
503,879,1,892269009,F,0,51,librarian
582,1079,2,883417484,M,1,34,entertainment
363,288,2,880012180,M,1,45,student
405,194,4,891791089,F,0,28,administrator
49,678,5,883858481,M,1,19,executive
519,494,5,879354392,M,1,33,programmer
472,345,5,884970374,M,1,40,educator
44,7,3,882835874,M,1,39,artist
559,393,3,880156552,M,1,27,artist
933,181,3,892252547,F,0,38,educator
89,289,5,882922735,F,0,35,artist
730,323,3,879876160,M,1,39,librarian
802,433,3,884062957,F,0,55,writer
679,204,4,889022216,M,1,35,other
174,132,4,882785157,F,0,44,librarian
293,328,4,876248380,M,1,22,administrator
495,127,5,880363844,M,1,36,retired
7,479,4,882757425,M,0,26,writer
103,285,5,879881740,M,1,33,writer
883,326,5,890794946,M,1,28,engineer
141,603,3,891826310,F,0,43,librarian
807,448,5,892295938,F,0,43,librarian
139,54,5,879287382,M,1,19,educator
69,151,5,879999779,M,1,32,educator
594,505,3,878163700,M,1,45,student
39,705,4,880274608,M,1,29,marketing
279,93,4,882223787,F,0,38,student
495,823,3,882233864,F,0,53,healthcare
454,60,4,892656805,M,1,33,student
450,73,2,879485906,M,1,33,educator
90,479,4,891730767,F,0,51,educator
734,364,1,892481809,M,1,31,librarian
143,965,2,883399294,M,1,29,technician
601,252,5,875415977,M,1,18,educator
230,1106,4,892294822,F,0,32,librarian
13,96,5,891639423,M,1,53,engineer
609,308,5,880298165,M,1,32,student
877,1046,5,888647366,F,0,51,librarian
592,249,3,880200766,M,0,35,educator
416,127,3,879839429,M,1,27,educator
338,645,3,883386835,M,1,27,lawyer
181,228,1,882849808,M,1,22,programmer
642,665,4,880465701,F,0,50,healthcare
237,778,2,893143370,M,1,43,student
398,170,1,874952000,M,1,24,technician
496,288,3,891888963,M,1,29,administrator
537,276,4,891292598,M,1,31,student
789,494,1,892073735,F,0,51,educator
417,781,4,891854628,M,1,35,technician
299,455,4,882804618,M,1,31,engineer
894,414,2,879656939,M,0,32,educator
256,945,5,893560764,M,1,27,student
447,94,3,879995380,M,1,40,educator
544,1240,3,891205910,F,0,51,librarian
401,137,5,879405169,F,0,39,student
895,1014,4,892264385,F,0,36,librarian
151,161,3,892105649,F,0,52,educator
504,387,4,877902219,F,0,32,librarian
162,161,2,892053792,M,1,24,programmer
267,94,4,875124921,M,1,39,educator
89,72,2,876554675,M,1,26,entertainment
863,265,5,880235163,M,1,44,educator
655,59,3,886509545,F,0,51,writer
935,255,5,879297230,M,1,27,educator
655,367,3,878696167,F,0,39,educator
867,93,4,884551689,M,1,29,administrator
234,60,3,891950920,F,0,18,administrator
40,720,1,892582357,M,1,53,technician
524,1296,4,891623341,F,0,36,librarian
618,538,1,880947667,F,0,11,librarian
545,158,3,882424417,M,1,31,programmer
139,12,3,874681790,M,1,27,marketing
842,117,5,884286910,M,1,31,retired
711,960,2,891999374,M,1,30,salesman
234,269,4,882673106,M,1,38,technician
279,140,2,880289387,M,1,40,educator
463,123,1,880301673,M,1,32,other
537,732,1,888265613,M,1,50,lawyer
843,420,4,892055216,M,1,30,student
311,62,4,888810922,M,1,29,scientist
851,366,4,882776279,M,1,31,technician
576,948,3,875566171,M,1,27,engineer
804,988,4,891882203,M,1,27,engineer
532,448,4,882945289,M,1,58,executive
712,448,2,892447259,F,0,51,other
909,222,4,883106737,M,1,28,scientist
543,229,3,884678446,M,1,18,executive
2,1283,1,884403936,M,1,51,salesman
297,988,4,892024341,F,0,42,homemaker
201,694,3,882540601,M,1,38,entertainment
74,192,2,879130077,M,1,30,student
713,134,4,892158616,M,1,39,student
344,201,1,879932147,F,0,19,librarian
394,121,5,882234563,F,1,24,artist
488,98,3,892924261,M,1,32,scientist
796,440,4,875227032,F,0,23,artist
174,475,2,879524149,F,0,36,educator
78,1206,1,882541052,M,1,27,educator
270,841,4,882855545,F,0,56,artist
191,831,4,892092570,M,1,39,technician
523,38,3,891988455,M,1,44,programmer
839,607,3,892010072,F,0,36,librarian
381,504,5,892373682,F,0,33,educator
344,463,1,891954619,F,0,11,healthcare
704,111,5,879731309,F,0,58,librarian
425,229,5,881596738,M,1,53,student
234,258,4,878140855,M,1,50,student
374,339,5,880370459,M,1,39,entertainment
774,888,3,881992448,M,1,25,marketing
42,695,5,891454142,F,0,33,librarian
599,127,3,880462467,M,1,36,artist
606,237,5,875002316,M,1,35,retired
361,1054,4,886361577,M,1,24,entertainment
537,237,4,879649600,M,1,50,student
233,451,1,892136045,M,1,27,technician
568,271,1,879509454,M,1,31,technician
504,237,3,879651086,F,0,32,writer
883,1074,1,888532814,M,1,30,other
727,393,5,880066686,M,1,29,artist
932,476,4,878939131,M,1,39,salesman
42,13,2,892046217,M,1,36,educator
378,676,3,892137184,M,1,29,engineer
498,748,5,891986007,M,1,54,artist
437,559,1,880127086,M,1,31,artist
751,385,4,879469169,F,0,51,librarian
328,630,4,884232054,M,1,23,programmer
373,182,2,882565745,M,1,28,programmer
508,285,5,880006927,M,1,25,educator
405,1245,4,891938766,F,0,32,librarian
161,257,3,879618842,M,1,27,technician
435,778,4,891627016,F,0,18,none
291,275,5,879805364,M,1,22,student
756,168,3,891935057,F,0,50,educator
264,646,3,892473568,F,0,44,librarian
880,815,5,882851082,M,1,35,educator
272,174,3,892795574,M,1,32,technician
504,239,4,891737539,F,0,51,student
334,127,3,892614775,M,1,31,librarian
363,654,1,880548219,M,1,24,other
154,64,5,879346572,F,0,24,administrator
79,195,5,893233668,M,1,45,marketing
234,161,5,882199652,M,1,40,engineer
836,310,2,891908617,F,0,52,educator
313,333,3,881967150,M,1,32,educator
887,519,4,886580562,F,0,38,librarian
263,206,5,882687375,M,1,32,scientist
790,709,2,888491476,M,1,39,student
437,350,1,879855007,M,1,42,librarian
616,198,3,892615006,M,1,28,other
392,137,3,889592891,M,1,24,entertainment
904,1074,2,882487005,M,1,28,artist
181,222,5,879988278,M,1,31,technician
707,188,5,882499812,M,1,27,student
907,896,4,891764360,M,1,39,programmer
299,472,4,888602813,M,1,30,student
100,678,5,882487460,M,1,27,entertainment
659,483,3,880481306,M,1,25,educator
823,174,4,882557145,M,1,18,healthcare
682,51,3,884043627,F,0,30,educator
254,610,1,891273130,M,1,40,other
577,402,2,879286602,M,1,52,engineer
21,121,3,891577768,M,1,45,administrator
559,393,5,883091020,M,1,27,educator
537,117,1,879327383,M,1,43,programmer
183,591,2,891462978,M,1,33,technician
62,294,5,892266555,F,1,31,other
502,727,5,883066081,M,1,27,educator
600,176,5,882442506,M,1,27,programmer
318,427,5,892184468,M,0,32,administrator
896,289,5,884163883,M,1,52,executive
389,740,4,882477387,M,1,31,technician
145,291,2,877110010,M,1,25,student
92,82,3,880193166,M,1,42,administrator
95,190,3,888561184,M,1,35,entertainment
478,90,5,892209483,M,1,20,educator
60,532,5,880421888,M,1,35,retired
57,17,1,891857376,M,1,28,executive
463,1424,3,891538717,F,0,51,librarian
485,1557,3,885169697,M,1,28,artist
269,22,4,888689620,F,0,44,healthcare
189,932,1,880494837,M,1,31,educator
932,1170,3,888937159,M,1,22,programmer
318,595,5,880520300,M,1,27,programmer
401,111,3,888923606,M,0,26,technician
311,42,1,884242325,M,1,51,educator
637,69,5,891750214,M,1,23,entertainment
269,191,2,888666253,F,0,35,healthcare
653,295,4,881134425,M,1,44,engineer
660,395,3,890694293,M,1,27,educator
185,540,3,884023093,M,1,50,engineer
268,69,5,887110251,M,1,33,other
617,1428,3,888798989,F,0,52,healthcare
598,392,1,888420831,M,1,45,lawyer
495,240,2,880553466,M,1,35,student
101,152,1,879949531,M,1,39,technician
623,401,3,892417634,M,1,28,programmer
7,508,3,891793449,F,0,50,other
386,679,4,881620484,F,0,36,librarian
144,1444,2,884860027,M,1,30,artist
493,462,5,882713847,F,0,51,librarian
897,1152,2,891642117,F,0,45,administrator
70,702,2,882756115,M,1,24,educator
883,558,3,876189715,M,1,32,educator
450,294,4,891817936,F,0,52,healthcare
831,174,3,880697770,M,1,35,retired
136,173,4,891523925,F,0,49,healthcare
796,659,4,880166875,F,0,36,artist
839,91,5,882727158,F,0,19,salesman
712,232,3,888293884,M,1,27,technician
582,1328,5,880244429,M,1,32,educator
550,1088,1,884196476,F,0,53,administrator
363,50,1,882411103,M,1,45,artist
254,245,3,882725640,M,1,40,programmer
867,118,5,892003342,M,1,36,engineer
513,676,4,884346969,M,1,27,administrator
551,430,3,880725522,M,1,44,technician
481,95,4,892350760,M,1,29,educator
923,282,4,878408899,M,1,33,educator
13,24,4,880207915,M,1,31,student
405,25,3,884257693,F,0,51,healthcare
276,826,1,886571326,M,1,35,student
23,501,4,892244015,F,0,23,librarian
437,217,5,892663025,M,1,28,programmer
182,197,4,880034629,F,1,28,educator
200,121,3,879648495,M,1,32,other
585,121,5,879616573,M,1,18,marketing
722,121,2,892070200,F,0,35,healthcare
846,404,3,880416731,M,1,39,scientist
837,554,2,875359804,M,0,31,student
473,750,5,880190417,M,1,36,engineer
378,748,5,875211190,M,1,40,programmer
234,685,5,884370550,F,0,31,other
927,12,5,879843945,M,1,44,student
894,139,3,883942927,M,1,30,technician
38,493,3,880697612,M,1,42,executive
201,7,5,884284588,M,1,24,executive
874,615,1,879968083,M,1,27,lawyer
504,427,4,891543913,F,0,51,librarian
632,386,5,882663902,M,1,31,educator
932,125,4,882781115,M,1,28,engineer
875,402,2,879728357,F,0,50,executive
342,212,4,882467305,M,1,30,programmer
103,521,4,880339194,M,1,28,doctor
79,678,3,879873322,M,1,53,scientist
119,637,3,882139117,F,0,51,artist
782,591,3,882724181,M,1,40,educator
474,882,4,892669487,M,1,26,student
37,868,4,879207933,M,1,39,executive
850,846,1,880143811,M,1,28,technician
389,96,5,888228783,M,1,36,engineer
420,129,2,881604205,M,1,51,administrator
508,456,5,891250377,M,1,32,educator
34,780,5,883114469,M,1,35,lawyer
377,411,4,880041052,F,0,32,healthcare
328,290,5,893147695,M,1,30,programmer
567,304,5,880462591,F,0,52,writer
648,827,3,885900533,M,1,30,educator
406,338,4,886753574,M,1,38,educator
425,58,5,882807358,M,1,32,none
279,333,1,875658813,M,1,31,retired
405,285,3,879679660,F,0,31,librarian
568,410,5,879176647,M,1,27,technician
72,176,4,875708530,F,0,36,librarian
515,331,4,879474660,M,1,28,entertainment
449,202,4,882823202,F,0,36,homemaker
536,461,4,879740914,M,1,39,entertainment
707,1276,4,888733598,F,0,48,healthcare
535,300,4,882966841,F,1,24,writer
891,642,1,882705968,M,1,23,student
301,771,5,888780317,M,1,28,programmer
669,517,3,891845104,M,1,27,technician
206,135,5,882905307,M,1,27,technician
269,508,3,891971429,F,0,35,librarian
303,1041,5,880044928,M,1,38,lawyer
49,395,4,879470555,M,1,21,student
932,405,3,874940623,M,1,51,retired
18,582,5,879598024,F,0,39,educator
526,106,1,884370090,M,1,31,entertainment
938,498,5,891702412,M,1,32,engineer
542,117,4,879426757,M,1,38,technician
437,615,3,887124706,M,1,26,artist
665,783,5,879811437,M,1,54,retired
210,245,1,882231080,M,1,50,educator
7,498,5,882939160,M,1,28,programmer
312,633,5,892224775,M,1,34,administrator
892,284,5,884231622,M,1,31,entertainment
516,21,2,883566257,M,1,26,technician
724,1034,1,891418747,M,1,32,student
137,155,2,880310797,M,1,27,artist
202,520,3,882431065,M,1,39,technician
55,1633,3,892830521,M,1,28,none
128,492,1,882676212,F,0,19,librarian
878,699,4,888777896,F,0,44,librarian
328,538,5,876785740,M,1,38,programmer
709,469,5,875586816,F,0,32,salesman
655,215,4,884539692,F,0,51,healthcare
796,472,2,880047264,M,1,34,educator
417,696,3,884462274,F,0,51,student
821,457,2,885196246,M,1,28,engineer
741,404,5,880835963,M,1,32,educator
642,105,4,880370251,F,0,53,writer
507,396,5,879353591,M,1,28,engineer
562,692,5,880270033,M,1,31,executive
117,820,1,879499825,M,1,30,lawyer
145,258,4,892174905,M,1,35,student
661,629,3,886513406,M,1,46,marketing
269,543,5,883931006,F,0,35,healthcare
727,1001,4,879154557,M,1,30,engineer
64,94,5,879651122,M,1,27,lawyer
671,23,3,879810765,F,0,13,librarian
323,194,3,891784465,F,0,39,artist
840,657,3,888482936,M,1,38,engineer
934,67,4,880823899,M,1,28,programmer
331,597,1,880573685,M,1,27,administrator
839,934,1,876379657,M,1,24,student
561,11,4,874991126,M,1,51,engineer
926,105,3,882691082,F,1,12,artist
299,121,4,883142698,F,0,26,writer
903,436,4,875711870,F,0,50,writer
613,309,1,881038409,F,0,32,educator
215,551,3,880554776,M,1,27,student
766,67,3,882956024,M,1,20,programmer
212,321,3,891874735,F,0,51,librarian
361,433,1,883650183,M,1,52,scientist
482,527,1,879677916,M,1,26,student
734,640,5,884409135,M,1,47,educator
774,520,5,880660669,M,1,33,technician
716,43,4,892213441,F,0,51,librarian
806,24,3,876092311,F,0,10,administrator
468,1053,5,882763810,M,1,27,programmer
655,338,5,875670526,F,0,46,librarian
308,28,4,880178440,F,0,40,none
269,510,5,879329932,M,1,28,educator
767,338,1,886895549,M,1,53,engineer
82,328,5,875442396,M,1,27,educator
939,670,5,891663165,M,1,39,student
374,940,5,878190219,M,1,26,technician
279,39,4,891509579,M,1,30,entertainment
203,516,1,891592340,M,1,27,educator
153,730,2,891478774,F,0,39,educator
803,367,5,891905663,M,1,35,lawyer
336,1,4,888632625,M,1,52,educator
342,160,4,882997176,M,1,37,administrator
468,195,4,883272765,M,1,40,educator
432,421,4,883051436,M,1,36,educator
181,293,1,878990608,M,1,19,technician
43,558,4,881323371,M,1,25,educator
49,450,5,891903626,M,0,35,educator
500,197,3,892066931,M,1,31,programmer
128,174,5,892312136,F,0,63,librarian
708,467,4,892265247,F,0,51,librarian
896,23,5,884060718,M,1,22,retired
822,145,2,892754789,M,1,35,educator
846,295,4,879740608,M,1,38,student
11,117,3,882443080,M,1,28,other
95,483,4,879701507,M,1,32,entertainment
474,627,5,886071220,M,1,52,programmer
181,106,1,886712475,M,1,38,student
666,26,1,882608758,M,1,35,retired
352,527,1,879725251,M,1,51,programmer
23,269,2,875587780,F,1,30,administrator
401,258,3,884142488,F,0,28,librarian
399,197,4,875444065,M,1,24,engineer
269,181,5,891801636,F,0,23,librarian
277,167,4,879419120,M,1,39,student
334,123,5,892381620,M,1,39,programmer
142,703,1,882217902,M,1,18,programmer
128,133,5,879657708,F,0,52,writer
786,707,5,880036727,M,1,35,executive
472,25,3,891648839,M,1,39,educator
561,515,1,876179498,M,1,27,marketing
291,15,5,891942093,M,1,26,educator
798,478,4,891705156,M,1,32,student
152,42,5,888493915,M,1,36,engineer
551,742,5,881108064,M,1,27,retired
880,185,1,880583838,M,1,35,programmer
851,273,5,882631693,M,1,40,engineer
557,597,4,886609354,M,1,33,artist
807,96,5,880020767,F,0,51,healthcare
125,1047,4,881374112,M,1,23,student
201,239,2,879734769,F,0,26,librarian
363,1118,1,884279997,M,1,37,lawyer
130,14,4,881347263,M,1,35,technician
100,581,3,882133728,M,1,34,administrator
345,69,5,892112084,F,0,44,artist
707,197,4,880663400,F,0,35,librarian
57,1267,2,879846167,M,1,30,administrator
655,682,4,877585301,F,0,35,lawyer
493,708,1,880041087,M,1,51,scientist
4,1265,3,882712685,M,1,35,doctor
264,9,4,886335042,F,0,51,healthcare
450,431,4,884309524,F,0,35,healthcare
514,606,5,891041308,M,1,27,programmer
577,58,4,892286598,F,0,39,librarian
486,332,4,880086046,M,1,51,student
313,1019,1,884380314,M,1,17,technician
306,981,5,886313270,M,1,32,programmer
684,692,4,880696366,M,1,36,programmer
59,317,4,886369141,M,1,27,executive
622,300,4,892717106,M,0,58,writer
516,28,1,882594395,M,1,11,educator
620,425,3,876074444,F,0,51,student
782,473,5,876088715,F,0,40,educator
282,136,1,879656280,M,1,43,salesman
298,276,2,879811658,M,1,45,scientist
892,123,4,877138045,M,1,19,executive
321,433,4,879936539,M,1,35,administrator
870,197,5,879747849,M,1,27,salesman
698,298,5,882440849,M,1,27,educator
875,237,3,889189245,F,0,31,artist
293,64,5,879937822,M,1,33,programmer
287,152,3,881197840,F,0,35,healthcare
463,230,4,883025833,F,0,38,administrator
595,727,3,886394393,M,1,51,entertainment
331,91,5,876014183,M,0,28,other
344,411,1,882990502,F,0,32,student
655,313,2,879838300,F,0,28,writer
301,1098,3,881192016,M,1,28,retired
561,56,2,879615195,M,0,36,writer
437,632,3,891906947,F,0,45,writer
240,376,2,879678033,M,1,31,educator
500,695,3,879716692,M,1,27,lawyer
225,1012,4,879850708,F,0,36,librarian
798,820,3,886623160,F,0,32,librarian
99,289,5,892277799,F,0,25,administrator
145,443,3,875378621,M,1,41,executive
868,405,3,891965613,M,1,27,educator
870,709,1,886141426,M,1,44,technician
542,144,4,882479338,M,1,39,technician
25,270,3,892783259,M,1,53,student
550,725,4,882457318,M,1,19,technician
877,276,4,879966466,M,1,34,educator
545,294,5,882047487,M,1,31,technician
197,7,4,884784456,F,0,53,librarian
21,243,1,880218328,M,1,28,student
735,514,5,882633108,M,1,35,programmer
297,59,5,883577058,M,1,28,programmer
863,720,1,880868913,M,1,31,student
648,732,4,882201337,M,1,31,scientist
926,340,1,891139462,M,1,36,student
352,194,1,881986325,M,1,28,educator
864,1110,5,879956189,M,1,32,other
299,326,4,882422847,M,1,38,educator
679,265,3,875093614,F,0,43,librarian
387,202,3,886700437,M,1,39,technician
932,1063,2,892245657,F,0,50,healthcare
561,648,2,880104945,M,1,31,educator
49,50,5,880045287,F,0,25,writer
303,354,4,880273061,M,1,39,student
269,475,4,882954511,M,1,26,student
684,20,3,891677637,M,1,28,educator
216,53,5,879542389,M,1,28,administrator
18,2,3,875242171,F,0,36,librarian
362,455,4,891987936,F,1,40,other
820,420,5,878049403,M,1,58,salesman
882,614,2,884317866,M,0,27,educator
128,230,5,880604536,F,0,51,administrator
789,152,2,886854252,M,0,36,educator
59,168,5,880247202,M,1,28,executive
846,25,3,879011889,M,1,31,writer
770,840,3,883613801,M,1,29,educator
433,206,4,891415703,M,1,50,engineer
354,778,2,888808595,F,0,32,librarian
145,114,3,891659642,F,1,22,other
458,1014,4,891980095,F,0,39,salesman
496,77,5,883236208,M,1,55,programmer
820,1656,5,881121178,M,1,30,scientist
680,474,4,886577850,M,1,24,student
308,14,3,893379733,M,1,45,educator
487,225,5,892157716,M,1,18,programmer
587,403,5,892488300,M,1,28,administrator
166,790,5,884337517,F,0,21,educator
541,311,5,877812462,M,1,44,engineer
559,4,3,892661185,F,0,45,artist
724,127,3,891137599,M,1,22,student
882,500,5,881418651,F,0,29,administrator
669,572,3,879415659,M,1,22,technician
621,97,5,888824634,F,0,31,artist
758,274,4,892023629,F,0,35,healthcare
833,473,1,882724238,M,1,27,lawyer
605,151,5,885244298,M,1,34,technician
136,443,2,892724571,M,1,28,other
276,145,4,879557666,M,1,53,engineer
406,378,5,891822945,M,1,27,executive
655,427,3,891321026,F,0,31,educator
561,71,4,879963982,M,1,22,administrator
268,21,1,875721111,M,1,53,programmer
43,269,5,879629292,F,0,30,none
286,709,4,878776578,M,1,23,technician
898,642,1,890946162,M,1,28,artist
864,332,4,882144915,M,1,36,doctor
212,845,1,892538191,F,0,31,librarian
741,276,1,879736124,M,1,25,artist
60,1406,5,880156298,M,1,54,scientist
103,521,5,892868317,M,1,27,retired
405,302,5,891937717,F,0,36,writer
655,11,5,886199309,F,0,44,student
85,523,2,879684059,M,1,32,technician
782,1299,4,875837220,M,0,33,educator
637,153,4,884388003,F,0,36,writer
773,753,1,882776295,F,0,44,artist
222,72,3,877778425,M,1,29,educator
181,134,4,875348462,M,1,27,programmer
535,214,3,892152275,M,1,33,student
880,720,5,888924441,M,1,11,lawyer
423,332,2,885204281,M,1,35,artist
144,134,3,875773072,M,1,51,technician
389,274,5,891576132,F,0,60,educator
12,568,1,883018202,M,1,45,educator
723,1277,1,883399780,M,1,27,educator
360,115,3,886547122,M,1,43,other
458,673,1,875335559,M,1,51,writer
871,876,2,883310856,M,1,32,educator
378,98,4,884862235,F,0,52,administrator
5,451,2,880364503,M,1,23,programmer
452,526,4,882244203,M,1,38,technician
183,133,5,878583399,F,0,36,administrator
450,118,2,877383177,F,0,52,artist
679,15,4,889350707,M,1,52,retired
435,140,2,883194790,M,1,28,student
42,449,5,880069274,M,1,28,student
896,168,5,879247053,M,1,30,scientist
911,187,5,892671473,M,1,35,student
138,569,4,892598737,M,1,51,entertainment
737,182,4,880009890,M,0,31,educator
874,328,3,892242672,F,0,35,administrator
373,501,2,880361708,M,1,27,other
128,195,4,882182016,F,0,35,librarian
608,662,3,882094951,M,1,26,student
182,106,5,891410004,M,1,25,educator
797,663,1,882966746,F,0,32,homemaker
783,1434,2,880367484,M,1,43,salesman
416,528,2,875722327,F,0,27,librarian
303,258,4,882761057,M,1,36,technician
657,302,3,891427088,M,1,22,programmer
392,410,5,879611875,M,1,27,student
468,239,3,880776682,F,0,48,educator
254,264,4,892905636,M,1,35,doctor
194,813,4,891765197,F,0,51,librarian
889,1078,3,881088145,M,1,30,administrator
694,474,5,892465141,M,1,45,technician
112,508,5,882229255,M,1,51,student
95,853,4,889017893,M,1,27,engineer
617,250,3,882624965,F,0,52,librarian
757,250,2,876999259,M,1,39,entertainment
387,24,4,887132463,M,1,32,student
271,625,3,892136488,M,1,25,engineer
654,518,3,875581425,F,0,53,other
587,1223,5,881489784,M,1,29,educator
466,252,2,882811090,M,1,38,student
556,721,5,892028338,F,0,32,administrator
83,276,2,891977997,M,1,23,other
337,1487,4,888555816,M,1,18,doctor
619,480,4,882892839,M,1,26,programmer
577,363,4,886144354,F,0,52,healthcare
122,302,1,888779216,M,1,23,student
234,141,3,892272190,M,1,24,educator
276,78,3,879940308,M,1,31,educator
606,226,5,879710743,M,1,28,programmer
201,215,2,889256696,F,0,23,writer
636,209,3,879887337,M,1,35,educator
492,425,4,880620922,M,1,25,administrator
91,326,5,879668055,M,1,39,doctor
881,408,5,880569069,M,1,27,executive
387,1050,1,875437909,M,1,36,other
211,276,3,880786498,M,1,30,administrator
805,483,3,891975750,M,1,23,programmer
655,302,4,891903342,F,0,30,student
457,294,3,879873932,F,0,52,artist
860,177,1,891769777,M,1,35,librarian
5,288,4,880046043,M,1,23,student
487,992,4,879621789,M,1,51,entertainment
902,286,3,885043975,M,1,32,educator
535,300,3,879922322,F,0,12,educator
653,485,5,888873079,M,1,40,entertainment
826,610,1,891780653,M,1,26,programmer
76,207,2,882612866,M,1,30,administrator
796,300,4,891914045,M,1,19,writer
1,125,4,877683336,M,1,27,educator
834,1328,1,879518000,M,1,23,educator
292,1098,5,880116101,M,1,34,marketing
537,546,4,889098270,M,1,24,programmer
276,414,5,886925146,M,1,33,engineer
256,133,1,877276646,F,0,31,librarian
863,550,3,879858477,M,1,27,student
550,181,1,892757329,M,1,43,student
718,417,3,892422504,F,0,51,librarian
468,79,4,882771955,F,0,27,salesman
436,202,2,883858660,M,1,26,educator
477,100,5,884428645,F,0,31,librarian
271,310,2,879947200,F,0,32,educator
43,558,4,882896460,M,1,31,other
521,154,4,879439544,M,1,52,librarian
851,95,5,891667673,M,1,31,educator
207,201,3,884595646,M,1,27,technician
96,181,2,876438315,M,1,34,educator
32,937,5,880697820,M,1,33,lawyer
101,583,3,879824915,M,1,35,entertainment
149,999,2,892620557,M,1,31,programmer
64,343,2,879898267,M,1,29,artist
593,231,5,880079512,F,0,28,librarian
660,443,4,879976104,M,1,27,student
895,487,3,882846983,M,1,27,student
577,877,4,892337109,F,0,35,librarian
913,38,5,879566688,M,1,54,educator
70,336,2,875036039,M,1,34,educator
84,201,3,882707874,F,1,31,other
180,872,1,882856989,M,1,36,student
334,507,5,879758815,M,1,32,entertainment
13,186,3,888516908,M,1,43,librarian
357,174,1,892359405,F,0,19,healthcare
51,499,3,884290126,F,0,39,other
267,752,2,884321793,M,1,27,educator
501,56,2,883067004,M,1,38,marketing
10,305,3,889630453,M,1,36,programmer
815,152,3,880107583,M,1,32,executive
318,640,5,879747485,M,1,36,artist
246,605,5,882256943,M,1,25,educator
556,151,4,891732461,M,1,32,administrator
854,210,1,875130453,M,1,30,educator
161,22,5,879822485,M,1,33,programmer
711,187,1,879491302,M,1,31,engineer
615,427,4,876248849,M,1,30,programmer
346,1105,3,889218288,M,1,23,engineer
870,820,4,884532010,M,1,11,programmer
70,402,5,882258345,M,1,19,engineer
7,566,3,882286988,M,1,22,retired
321,756,4,875429056,F,0,18,administrator
479,153,5,884081409,M,0,32,other
343,615,5,879506132,M,1,19,executive
361,53,5,891298074,M,1,28,programmer
681,587,4,884212998,M,1,27,student
663,171,5,883729670,M,1,28,engineer
504,385,3,880161604,F,0,43,homemaker
305,157,2,880342758,M,1,33,programmer
790,1207,4,880049944,F,0,51,healthcare
904,343,4,882738214,M,1,25,educator
353,1054,4,879878626,M,1,27,lawyer
279,452,5,875495862,F,0,32,librarian
712,326,5,879676481,M,1,24,technician
545,298,5,879425251,M,1,40,engineer
313,300,1,877947275,M,1,18,programmer
831,286,5,891176251,M,1,33,other
536,259,4,892554526,M,1,24,scientist
761,501,2,891616807,F,0,11,librarian
862,204,5,891624090,F,1,28,artist
206,333,4,880009022,M,1,36,educator
191,147,5,883641509,M,1,9,educator
181,288,5,875727545,M,1,44,technician
763,748,5,888996138,M,1,31,artist
17,86,3,882781310,M,1,27,executive
191,96,2,881196213,M,1,24,marketing
588,17,3,881226934,F,0,19,librarian
537,271,4,882267828,M,1,51,student
753,638,5,883143002,M,1,19,artist
620,64,5,879701541,F,0,36,other
72,71,2,891995073,M,1,24,student
437,290,3,891952403,M,1,39,technician
749,1284,4,875799274,M,1,12,scientist
845,222,2,882953820,M,1,43,executive
661,125,5,882767929,M,1,63,entertainment
497,282,5,878660506,F,0,52,librarian
85,28,2,881106046,M,1,58,student
583,322,3,879405699,M,1,35,engineer
60,174,2,882574194,M,1,31,artist
5,289,5,878295971,M,1,30,educator
865,826,5,880107411,M,1,53,lawyer
314,24,1,891150610,F,0,40,writer
36,997,2,892481293,M,1,28,educator
533,311,2,880675618,M,1,28,marketing
289,1041,1,892455131,M,1,22,student
389,1164,3,880401242,M,1,18,programmer
429,177,2,883930980,F,0,52,librarian
508,1422,4,879459118,M,1,32,retired
632,506,4,891697675,M,1,35,executive
90,288,5,892040930,M,1,24,executive
337,482,4,875296759,M,1,24,programmer
913,319,5,880612891,M,1,45,programmer
597,100,5,880195827,M,1,28,student
924,879,5,892302423,M,1,39,student
450,127,3,884588898,M,1,29,educator
380,709,3,881399684,M,1,11,technician
405,810,5,883643433,F,0,32,administrator
13,64,4,891187293,F,0,31,librarian
758,1028,4,892422342,M,1,43,educator
864,288,5,891831023,M,1,33,educator
22,143,5,875135636,M,0,39,programmer
601,358,3,883036344,M,0,32,writer
655,303,5,892012213,F,0,12,artist
791,671,3,891999960,M,1,44,executive
67,493,1,879614857,M,1,31,other
650,204,5,886965980,M,1,36,technician
224,23,3,879525499,F,0,32,librarian
803,465,3,879377590,M,1,38,lawyer
796,581,4,879671664,F,0,24,educator
473,501,3,880378206,M,1,26,lawyer
896,322,2,882997939,M,1,44,administrator
627,682,5,892078641,M,1,27,entertainment
330,62,1,891807031,M,1,28,educator
367,328,5,879306249,M,1,25,doctor
354,79,1,888424408,F,0,55,librarian
519,331,3,880668080,M,1,35,educator
575,1307,4,881227027,F,0,39,writer
100,148,3,886852503,F,0,51,healthcare
503,513,5,892318484,M,0,36,librarian
496,206,4,875377521,M,1,18,scientist
128,1512,3,879673625,F,0,35,salesman
318,254,3,888845388,M,1,26,writer
686,16,4,892048883,M,1,27,administrator
698,298,3,890216807,M,1,27,student
592,22,5,891268181,M,1,38,entertainment
64,265,4,892249288,F,0,53,librarian
230,831,2,875278030,F,0,50,librarian
203,144,4,881121549,M,1,27,writer
595,775,2,891832037,F,0,35,none
642,432,5,892126169,F,0,33,educator
713,1426,5,882868391,M,1,40,executive
86,197,5,882546943,M,1,38,programmer
637,553,5,884215972,F,0,35,administrator
524,1084,1,884916430,M,1,28,lawyer
618,83,4,879619420,M,1,27,technician
537,56,3,882279752,M,1,23,programmer
345,339,4,879822918,M,1,34,student
925,100,4,878475249,M,1,22,student
399,321,3,888590635,F,0,32,healthcare
723,1031,1,880493086,M,1,26,artist
128,96,4,882375251,F,0,18,librarian
82,854,3,879951392,M,1,49,administrator
41,494,5,891411396,F,0,27,librarian
553,284,2,880207379,M,1,33,artist
177,127,1,879638327,M,1,39,educator
268,606,5,891815234,F,0,27,writer
299,246,4,882971410,M,1,27,educator
300,1068,4,880503165,M,1,35,homemaker
698,951,1,879612079,M,1,27,student
104,141,4,883720564,M,1,28,technician
207,659,2,876019113,F,0,35,librarian
250,251,3,876983654,M,1,27,executive
554,94,5,885259188,M,1,28,programmer
916,286,3,875758049,M,1,28,student
871,528,5,883061431,M,1,36,programmer
691,113,5,879837274,M,1,28,programmer
482,921,5,891688738,M,1,40,engineer
655,340,4,879767518,F,0,36,healthcare
915,189,1,891592532,M,1,27,entertainment
620,515,4,879362575,M,1,24,librarian
716,173,3,882497049,M,1,35,other
363,57,1,889726769,M,1,28,artist
709,340,4,884468607,F,0,45,writer
90,71,5,879472287,M,1,38,engineer
764,657,4,879817583,M,1,25,programmer
95,168,3,882737997,M,1,27,retired
435,1028,5,879498600,M,1,31,educator
642,1545,4,880828423,F,0,35,librarian
230,1268,2,884863818,F,0,19,healthcare
5,183,5,884282624,M,1,32,educator
235,118,5,880122332,F,0,52,administrator
551,218,2,881752585,F,1,31,writer
66,783,1,888765935,M,1,33,retired
297,117,4,879789001,M,1,33,retired
87,232,1,892305525,M,1,36,student
458,300,2,880165408,F,0,32,writer
373,13,4,888528524,M,1,49,other
719,362,3,880705434,M,1,47,programmer
796,378,2,891913275,F,0,33,librarian
646,144,2,884373845,M,1,32,marketing
782,127,3,879663057,M,1,27,educator
679,489,4,875701650,M,1,53,engineer
833,24,5,892797914,F,0,36,librarian
608,690,4,879769558,M,1,49,executive
837,172,5,879572162,F,0,52,librarian
197,879,4,879825955,M,1,29,lawyer
276,174,1,880126974,M,1,27,homemaker
299,433,4,885851182,M,1,26,educator
327,283,5,880034950,M,1,50,administrator
141,208,4,892037087,F,0,52,administrator
901,367,5,879874827,F,0,43,librarian
673,1016,4,888008783,M,1,26,programmer
198,1,4,880184466,M,1,53,other
483,739,2,879511577,M,1,25,lawyer
592,358,4,879438874,M,1,43,engineer
457,485,4,881489966,F,0,31,librarian
724,495,2,886615005,M,1,39,programmer
932,45,4,891594798,F,0,11,educator
181,102,4,882662873,M,1,33,programmer
632,1092,3,880277792,M,1,31,educator
450,1586,1,879913714,F,0,30,administrator
569,531,1,892447191,M,1,31,programmer
334,77,1,883421738,M,1,31,programmer
34,1131,2,889330148,M,0,27,administrator
26,405,5,892318454,M,1,31,artist
503,570,1,879578633,M,1,31,other
64,501,4,891785565,F,0,39,librarian
848,322,3,879745577,M,1,31,lawyer
43,684,4,880812111,M,1,31,educator
215,418,3,889106595,M,1,24,technician
218,127,1,879456652,M,1,19,technician
308,300,4,892299331,M,0,36,writer
592,2,2,875556324,M,1,24,educator
719,1047,2,880377538,M,0,34,other
38,716,5,883557510,M,1,23,retired
456,241,4,891774668,M,1,30,retired
334,178,5,880919208,M,1,38,scientist
778,7,5,882082988,M,1,32,engineer
48,588,4,888956346,M,1,22,engineer
635,808,3,880022115,M,1,22,student
207,8,4,891246722,M,1,40,educator
314,196,4,891595779,F,0,52,librarian
429,709,5,880434088,M,1,49,student
116,144,4,892255018,M,1,24,writer
382,515,2,892277926,F,0,51,homemaker
364,827,4,891884280,F,0,36,librarian
844,322,5,882325187,M,1,17,programmer
7,919,1,879475049,F,0,35,educator
618,1166,2,884803350,M,1,35,administrator
740,1374,5,884946765,M,1,40,programmer
416,416,4,886801046,F,0,51,educator
478,991,4,879678279,M,1,45,educator
352,701,2,878149197,M,1,36,programmer
698,228,1,892048497,M,1,30,scientist
6,523,4,884480158,F,0,51,librarian
344,157,2,892174018,F,0,39,artist
843,373,5,888350765,M,1,56,retired
586,276,5,889215415,M,1,45,entertainment
549,447,2,882103852,M,1,33,none
908,204,5,879875564,M,1,33,engineer
907,952,5,892247773,F,0,35,administrator
744,79,1,879171392,M,1,36,educator
87,750,5,879595582,M,1,32,engineer
747,827,3,875321080,M,1,22,technician
541,473,3,879850776,M,1,27,educator
832,294,3,884176426,F,0,24,librarian
127,1030,1,893131247,M,1,36,salesman
503,79,1,875837034,F,0,51,librarian
126,31,4,879254842,F,0,50,healthcare
416,47,3,891948129,F,0,44,librarian
290,330,5,880419194,M,1,33,educator
366,85,1,879053903,M,1,28,educator
627,183,4,889572761,M,1,26,technician
177,715,2,892482738,F,0,53,librarian
779,109,5,875915510,M,1,22,executive
790,239,3,880293902,M,1,27,librarian
303,100,4,891891581,M,1,28,student
225,131,3,882542588,F,0,35,none
184,471,3,888913889,F,0,33,librarian
373,678,2,891969425,M,1,27,other
357,56,3,880331088,M,1,35,lawyer
130,846,1,880499666,M,1,27,administrator
73,357,3,880113898,M,1,27,scientist
207,428,4,875383993,M,1,22,administrator
569,219,2,891171923,M,0,23,administrator
279,393,1,878076739,M,1,38,engineer
460,7,5,891561773,M,1,35,salesman
747,318,4,879926090,M,1,25,programmer
114,420,2,884012490,M,1,50,administrator
727,50,2,886022005,M,1,28,engineer
8,51,3,891807760,F,0,45,librarian
894,59,2,880678936,M,1,50,engineer
345,128,5,882726195,F,0,52,librarian
655,215,5,880015312,F,0,52,educator
442,1204,3,883002120,M,1,27,programmer
87,281,3,875548003,M,1,31,programmer
34,1176,3,880926504,M,1,52,doctor
424,222,1,880244852,F,1,26,artist
435,1139,5,879785761,M,1,27,programmer
174,882,3,891216804,M,1,30,other
378,328,3,892720756,M,1,25,student
908,4,5,880048750,M,1,43,technician
936,275,4,879400417,M,1,11,salesman
488,172,4,879433261,M,1,32,educator
269,105,4,878740901,M,1,31,educator
183,1149,2,880843934,F,0,40,librarian
848,4,3,891537348,M,1,35,lawyer
265,9,4,882497647,M,1,27,retired
731,275,3,879328502,M,1,27,programmer
368,636,5,880347542,M,1,36,other
21,537,3,892095415,M,1,25,technician
642,1245,5,892398597,M,0,52,artist
44,347,4,879804750,M,1,36,librarian
546,386,5,892399548,F,0,40,executive
531,683,5,882392565,M,1,40,engineer
1,707,2,884550294,M,1,30,programmer
428,443,5,877343338,M,1,44,programmer
630,97,5,882556228,M,1,28,technician
563,1177,1,879785631,M,1,25,executive
804,306,3,890074313,M,1,24,student
897,685,2,881181136,M,1,25,educator
62,91,1,879185998,F,0,11,educator
564,620,5,883475859,M,1,35,doctor
715,44,5,879831928,M,1,33,student
272,13,5,888764375,F,0,27,homemaker
452,193,1,881835349,M,1,25,educator
405,333,1,891045816,F,0,51,educator
207,288,1,879848157,M,1,25,programmer
399,250,1,892117192,F,0,10,healthcare
885,750,5,891843356,F,0,39,librarian
682,127,5,880233108,M,1,35,programmer
790,28,2,879746731,M,1,18,engineer
342,384,4,879324488,F,0,52,student
1,739,4,878129271,M,1,44,retired
7,202,3,893047590,M,1,27,student
779,88,1,884616728,M,1,27,student
63,168,5,882983776,M,1,27,student
511,216,3,888506196,M,1,44,none
487,1406,4,882051153,F,0,50,healthcare
500,921,2,883828753,M,1,34,educator
246,261,4,875885122,M,1,41,programmer
374,738,5,880144899,F,0,13,librarian
181,566,5,892157789,M,1,24,entertainment
29,660,3,879539066,F,0,51,healthcare
416,592,5,880332938,M,1,27,educator
548,270,1,882704699,M,1,19,technician
435,1090,2,876080859,M,1,28,educator
542,573,4,883963178,M,1,29,student
883,235,3,880079351,M,1,40,educator
896,749,4,876699340,M,1,35,educator
139,353,5,880099110,F,0,25,healthcare
938,597,5,879775116,M,1,32,technician
864,271,5,891917344,M,1,29,engineer
165,79,1,891989069,M,1,28,educator
174,762,4,877057596,F,0,38,administrator
537,492,2,880397382,M,1,43,technician
798,582,5,881453560,F,0,52,other
202,218,3,882750622,M,1,35,programmer
701,941,3,879479640,M,1,34,student
251,1221,3,879932331,M,1,17,salesman
87,121,5,892509225,M,1,40,artist
125,288,5,882648887,M,1,40,programmer
688,522,5,883362001,M,1,30,student
616,322,5,891828236,M,1,29,scientist
789,304,5,876050683,M,1,19,executive
39,125,5,884015121,M,1,39,engineer
607,779,2,893165219,M,1,32,programmer
279,111,5,879428458,M,1,39,technician
577,1063,4,883949436,M,1,32,programmer
738,781,3,891631612,M,1,31,administrator
405,780,5,881182858,F,0,27,writer
144,933,1,879799922,M,1,23,programmer
300,904,1,888943624,M,1,24,programmer
840,275,5,884608254,M,1,27,programmer
671,300,4,892920724,F,0,59,writer
387,1115,1,891844853,M,1,27,lawyer
617,894,2,884601185,M,1,33,marketing
727,255,5,879543573,M,1,35,student
472,218,4,877865689,M,1,28,executive
535,481,5,884613354,M,1,45,educator
887,476,2,892055319,F,0,52,librarian
128,178,4,875823994,F,0,39,artist
174,125,5,879917338,M,1,44,educator
189,597,4,879759919,M,0,44,writer
394,157,1,886075558,M,1,27,scientist
628,524,2,883216348,F,0,38,homemaker
405,665,4,884389026,F,0,35,librarian
7,748,4,884570943,M,1,42,educator
194,15,2,880319295,M,1,27,programmer
329,591,3,882606724,M,1,28,other
885,343,3,892276182,F,0,50,other
406,56,4,882888402,M,1,22,executive
8,163,3,879436865,M,1,25,programmer
457,129,3,881041867,F,0,44,artist
669,198,3,876089306,M,1,27,lawyer
533,231,3,875881171,M,1,39,programmer
905,451,3,883585148,M,1,32,programmer
798,742,4,879357501,F,0,19,administrator
770,586,4,883156576,M,1,27,librarian
509,294,4,892551218,F,0,27,student
524,222,3,884468166,M,1,51,student
90,265,5,882007128,M,1,28,marketing
562,351,3,889375454,F,0,40,librarian
889,182,2,888642298,M,1,23,educator
269,529,1,885552253,M,1,31,student
894,190,5,879720995,M,1,35,technician
293,485,4,879336214,M,1,40,educator
565,193,1,892082186,F,0,39,librarian
504,82,3,891929311,F,0,39,librarian
796,338,3,892057280,F,0,35,healthcare
223,1205,2,881631673,M,1,28,programmer
769,732,5,882294831,F,0,52,artist
54,290,5,891513947,F,0,40,librarian
22,772,5,881415909,M,1,51,lawyer
631,118,5,882585540,F,0,53,student
194,1045,4,877440896,M,0,45,artist
299,473,5,879616858,M,0,20,educator
267,174,5,883337055,M,1,27,administrator
321,242,1,886498419,M,1,31,programmer
796,117,1,884274850,F,0,51,librarian
658,299,3,881535566,F,0,19,writer
666,1296,2,891405359,F,0,31,librarian
822,570,5,883054546,M,1,32,other
463,417,3,878093433,M,1,19,other
812,138,5,891686622,M,1,28,technician
587,604,1,890286425,M,1,18,student
704,118,5,879371785,M,1,30,educator
716,200,4,891896678,F,0,52,librarian
552,179,2,879750159,M,1,40,technician
344,694,4,879831860,F,0,28,librarian
450,685,3,884420743,F,0,51,healthcare
840,25,2,891780657,M,1,24,educator
503,1067,1,875557109,F,0,51,librarian
864,501,4,892446409,M,1,28,entertainment
119,367,3,877865293,M,1,24,programmer
62,100,5,882734291,M,1,19,technician
379,300,5,882775699,M,1,33,artist
637,135,4,879140496,F,0,43,librarian
277,117,4,880315208,M,1,31,student
194,96,3,882462681,M,1,27,technician
612,1283,5,892017197,M,1,27,engineer
400,372,4,879759023,M,0,50,salesman
195,488,5,875708808,M,1,32,programmer
805,748,1,891971557,M,1,24,technician
635,774,2,884617400,M,1,32,programmer
901,69,5,882495091,F,0,36,student
183,229,5,875765661,F,0,54,administrator
870,245,5,875859157,M,1,39,student
606,1147,3,880190432,M,1,28,artist
524,162,1,880270367,M,1,32,retired
51,451,4,882069857,F,0,49,administrator
79,823,3,891279313,M,1,18,programmer
653,768,3,879621022,M,1,39,educator
619,230,4,878740582,M,1,36,technician
206,748,4,888514930,M,1,35,other
189,64,1,891918204,F,0,50,librarian
846,175,4,882493679,M,1,43,educator
250,410,3,892842469,M,1,32,artist
592,127,5,879967485,F,1,32,artist
154,328,4,880721982,M,1,41,administrator
361,1580,3,882499021,M,1,36,technician
812,26,3,880173241,M,1,31,executive
774,269,4,880938775,M,1,21,other
300,1203,2,878357006,F,0,19,healthcare
357,1283,5,879833640,M,1,27,lawyer
845,252,2,880396204,F,0,32,administrator
457,1311,5,892516150,F,0,33,administrator
334,133,5,882736742,M,1,28,educator
747,199,4,876809251,F,0,52,librarian
11,196,4,878605873,M,1,23,other
292,93,3,891190942,F,0,51,educator
151,30,3,891083971,F,0,35,healthcare
90,161,5,879161929,M,1,52,writer
567,234,5,881333117,F,0,52,artist
144,959,5,874907526,M,1,44,retired
773,673,5,879844050,F,0,53,artist
31,471,2,876896848,M,1,32,programmer
586,1245,4,881246466,M,1,34,other
405,508,5,884415524,F,0,52,librarian
789,1296,4,892121202,M,1,51,administrator
527,383,2,882372877,M,1,50,executive
215,523,4,882990421,M,1,28,student
679,509,5,892805234,M,1,22,executive
498,283,3,884664233,F,0,31,educator
51,186,3,879773616,M,1,36,librarian
456,325,4,878380629,F,0,52,educator
232,519,1,891579248,F,0,52,healthcare
627,1145,1,875256495,M,1,28,other
218,192,1,886563781,M,1,40,student
466,655,2,891976007,F,0,51,librarian
412,516,1,888853746,M,1,36,student
193,888,3,879332731,F,0,18,educator
381,1056,2,875644000,M,1,51,administrator
405,242,4,879731669,F,0,51,librarian
4,136,4,875783082,M,1,52,doctor
269,172,4,877387524,F,0,52,healthcare
879,1064,4,878580567,F,0,51,administrator
479,213,5,879278092,M,1,45,entertainment
836,238,4,880235798,F,1,27,artist
932,87,5,885995098,M,1,35,student
918,210,5,882360858,M,1,31,retired
891,58,4,887943871,M,1,28,artist
940,135,3,883243191,M,1,45,other
667,1018,4,875671420,M,0,45,salesman
885,174,3,882919118,M,1,27,doctor
251,527,1,877374728,M,1,39,doctor
540,678,4,889625336,F,0,33,student
846,100,5,884387162,M,1,39,engineer
394,1253,2,880195013,M,1,25,doctor
474,469,5,875587483,M,1,28,engineer
500,306,3,882947745,M,1,22,other
49,4,4,884709651,M,1,42,student
421,288,5,879832419,M,1,37,administrator
577,810,3,892059008,F,0,51,librarian
489,483,4,879977462,M,1,51,none
603,99,3,880162578,M,1,28,technician
510,153,4,881156981,M,1,28,educator
804,230,5,885940433,M,1,24,retired
721,187,3,892644549,M,1,46,student
655,1011,4,879478806,M,0,41,administrator
840,137,5,879810820,M,1,38,technician
402,762,4,882586769,F,0,12,educator
905,325,1,880497883,M,1,27,educator
435,423,1,882155511,M,1,22,student
792,154,4,880240411,M,1,36,student
377,268,3,884741718,M,1,51,programmer
254,932,3,889425981,M,1,38,student
318,508,4,879629346,F,0,46,other
297,222,5,880091566,M,1,27,artist
85,1078,5,882523795,M,1,39,executive
200,414,5,892029065,F,0,55,student
104,787,3,879466190,F,0,53,librarian
222,571,3,879256890,F,0,31,librarian
420,39,5,879368288,M,1,28,programmer
702,929,2,882121500,M,1,26,scientist
92,473,5,881173159,M,1,25,programmer
405,328,4,881438910,F,0,32,administrator
311,170,3,879872016,F,0,52,librarian
389,898,2,889701138,F,0,36,educator
243,193,3,884625428,F,0,52,librarian
109,72,5,880345101,M,1,34,educator
130,1028,4,884302367,M,1,39,technician
332,286,2,882511711,M,1,31,programmer
76,281,5,892552534,F,0,52,librarian
368,526,2,882779469,F,1,38,student
90,458,3,879744033,M,1,32,educator
760,580,4,892188770,M,1,23,engineer
175,975,5,879233940,M,1,26,artist
115,510,5,891783640,F,0,24,healthcare
606,13,4,889222146,M,1,25,doctor
431,1174,3,880248535,M,1,34,other
269,655,2,892534534,F,0,30,educator
279,472,5,876976960,M,1,45,other
655,1116,4,879427492,F,0,35,student
624,875,5,882522120,M,1,24,librarian
662,4,2,891953045,F,1,56,educator
174,194,4,893229771,M,1,31,executive
751,147,3,882330143,F,0,31,librarian
416,166,4,891744500,F,0,36,educator
796,288,2,875613985,M,1,39,other
543,496,3,875395695,M,1,44,doctor
932,410,4,884152813,M,1,26,student
429,183,3,882740036,M,1,32,other
532,732,5,892225062,M,1,40,artist
190,151,5,875335556,M,1,47,educator
495,210,5,879861873,M,1,32,engineer
460,66,2,891923271,F,0,50,educator
334,343,3,881341944,M,1,50,scientist
942,589,2,880080124,M,1,27,technician
630,300,1,888892335,M,1,32,executive
863,523,4,884807688,M,1,33,technician
713,1513,5,882153003,M,1,32,retired
663,21,5,882326973,M,1,27,artist
826,294,5,875257519,M,1,32,entertainment
120,216,3,879215288,M,1,35,marketing
527,246,4,888885640,M,1,50,educator
225,258,5,890528002,M,1,28,technician
782,898,4,885178229,M,1,37,student
457,204,3,879469456,F,0,51,writer
837,97,5,879697361,F,0,51,writer
224,541,4,880650386,M,1,27,executive
724,186,2,892413381,M,1,30,administrator
805,10,3,891540985,F,0,51,healthcare
602,568,5,880409524,M,1,27,entertainment
654,249,3,879660247,M,1,26,librarian
554,22,5,881520655,M,1,32,scientist
445,129,3,879522466,M,1,26,student
49,173,4,892438044,F,0,36,healthcare
697,349,3,891560080,M,1,13,programmer
666,313,5,891807228,F,0,30,none
313,1149,3,891860764,M,1,28,educator
653,339,4,891817302,M,1,23,librarian
748,807,4,879896940,F,0,31,librarian
908,427,3,892043508,M,1,35,student
527,124,5,892501485,M,1,27,educator
12,290,4,884648567,F,0,53,healthcare
694,236,3,891937258,F,1,37,homemaker
207,257,1,879371484,M,1,32,educator
716,142,4,884352216,F,0,32,librarian
610,167,2,890172516,M,1,34,technician
279,685,2,882892139,M,1,18,programmer
588,344,4,889445328,M,1,36,educator
142,510,5,892594517,M,1,28,educator
321,301,3,882681019,M,1,39,librarian
493,85,1,878173979,M,1,31,writer
268,753,4,882577544,M,1,32,student
328,174,2,879372783,M,1,44,programmer
707,1079,2,884648578,F,0,54,student
416,380,3,882572663,M,1,51,executive
393,23,2,886596810,M,1,27,technician
308,493,1,879596293,M,1,30,programmer
801,207,5,882847199,M,1,28,artist
869,322,4,883681037,M,1,27,engineer
527,325,3,882685931,M,1,35,programmer
216,298,3,882468397,M,1,33,administrator
20,191,4,885720908,F,0,30,librarian
153,38,1,882853480,M,1,32,programmer
881,150,5,884905454,F,0,24,artist
389,232,4,885854617,M,1,24,entertainment
532,22,1,884082247,M,1,19,programmer
198,42,5,884620160,F,0,49,librarian
889,529,5,879833157,F,0,11,librarian
303,262,4,891617204,F,0,25,technician
330,234,5,880176881,M,1,27,programmer
786,385,2,882415515,M,1,19,engineer
655,142,3,884953629,F,0,11,administrator
194,422,4,875495712,M,1,45,programmer
273,449,5,879732608,M,1,32,educator
769,566,5,881546881,M,0,52,artist
829,294,1,889138285,F,0,51,educator
329,731,3,879801487,M,1,27,student
506,1,5,891508652,F,0,25,writer
84,424,2,880710918,F,0,60,writer
416,735,4,879678453,F,0,50,administrator
374,13,5,885818044,M,1,27,engineer
807,820,3,885841026,F,0,18,librarian
767,81,4,875687408,M,1,28,engineer
387,7,4,891336889,F,0,50,librarian
521,483,5,878029101,M,1,35,student
112,71,5,883072064,M,1,32,student
572,1112,4,880177568,M,1,27,other
721,783,3,881866045,F,0,51,librarian
661,352,2,878664651,M,1,40,retired
590,461,3,880095230,M,1,28,programmer
56,234,2,891652125,M,1,28,programmer
72,181,2,884357900,F,0,54,healthcare
300,219,2,881310415,F,0,52,librarian
406,172,5,880046916,M,1,46,entertainment
405,24,4,882715345,F,0,30,healthcare
642,696,5,892450652,M,1,32,programmer
342,255,4,882643944,F,0,30,none
655,347,4,879574656,F,0,39,librarian
357,303,4,877121732,M,1,43,student
734,874,5,889304551,M,1,55,technician
919,298,1,881656540,M,1,30,writer
243,22,3,879177784,M,1,28,programmer
910,926,2,879880218,M,1,28,educator
887,197,1,880657030,M,1,26,engineer
919,136,4,886256724,M,1,35,executive
472,265,2,886633161,M,1,23,administrator
707,568,4,892128816,F,0,36,healthcare
313,947,4,884353304,M,1,22,administrator
893,436,4,878125848,M,1,38,educator
752,12,3,882620620,F,0,32,student
863,329,5,892037996,M,1,32,educator
847,225,1,882123328,M,1,36,technician
363,153,4,879596816,M,1,55,technician
135,530,2,879136584,M,1,49,educator
452,382,1,882914871,M,1,33,retired
781,259,5,891690590,M,1,24,librarian
396,233,4,884368286,M,1,27,homemaker
456,1234,1,891298505,M,1,24,programmer
527,419,4,878384236,M,1,23,administrator
496,187,5,879669406,M,1,50,technician
876,740,1,888290199,M,1,25,retired
489,225,3,879072780,M,1,30,student
806,845,5,891999570,F,0,40,librarian
561,898,4,884615176,M,1,27,engineer
18,1265,5,892134967,F,0,27,librarian
655,111,4,892095946,F,0,35,writer
361,419,1,882739878,M,1,28,entertainment
329,264,5,882687870,M,1,36,librarian
137,729,5,891813067,M,1,33,educator
721,1435,2,879891375,F,0,28,educator
459,640,5,888698648,M,1,31,technician
848,1104,1,883023574,M,1,28,technician
415,631,3,880644938,M,1,35,programmer
512,190,1,891942410,M,1,23,engineer
674,291,3,884156195,M,1,33,educator
286,173,4,883320356,M,1,36,educator
911,1149,4,879965432,M,1,31,technician
909,131,4,882811981,M,1,39,educator
276,685,3,880110430,F,0,39,librarian
654,429,3,879887685,F,0,26,educator
365,1266,4,877751163,M,1,33,executive
168,644,4,875410865,M,1,27,writer
312,20,5,890869700,M,1,28,engineer
561,315,2,879307959,M,1,36,educator
796,678,3,891722825,M,1,40,administrator
239,12,4,877214135,M,1,23,programmer
724,154,3,882276031,M,1,24,educator
655,36,3,892151247,F,0,44,librarian
738,259,4,884630703,F,0,38,writer
94,328,4,889691278,M,1,34,programmer
181,1237,3,886585967,M,1,38,student
805,1142,5,880017542,M,1,45,entertainment
351,1465,4,882562621,M,1,55,programmer
592,121,1,880738772,F,0,50,healthcare
650,276,5,880372192,M,1,28,educator
894,741,5,879427767,M,1,27,artist
504,937,4,877099241,F,0,51,administrator
780,154,4,884142159,M,1,30,entertainment
829,90,5,882746202,M,1,12,engineer
353,763,4,883327736,M,1,27,technician
469,483,3,879111216,M,1,33,student
18,300,5,884303331,F,0,45,artist
798,273,4,879481724,F,0,50,librarian
791,357,3,882692579,M,1,27,salesman
795,574,4,879468704,M,1,18,technician
773,229,5,884165164,F,0,52,artist
343,805,1,892868732,M,1,58,programmer
409,519,4,879845657,F,0,31,writer
244,410,3,880345507,M,1,27,student
736,504,4,886422740,F,0,52,librarian
206,233,4,882968223,M,1,28,educator
887,81,3,883757082,M,1,26,educator
234,127,4,882278559,M,1,28,technician
270,153,3,882631051,F,1,26,other
253,294,3,875466467,F,0,39,librarian
145,866,5,882427470,M,1,27,retired
74,186,3,882885216,F,0,24,educator
470,383,4,892002365,F,0,12,healthcare
717,229,2,882125084,M,1,45,programmer
827,485,2,880438815,M,1,48,doctor
222,1050,5,880490948,M,1,38,programmer
44,483,3,892409644,M,1,28,executive
138,280,4,883483213,M,1,28,technician
796,877,3,891761022,F,0,49,healthcare
377,699,3,879863036,M,1,40,marketing
716,210,4,879829658,F,0,51,librarian
577,679,3,879687841,M,1,32,engineer
539,280,5,880061692,M,1,34,student
176,86,2,879591775,M,1,32,writer
18,198,3,883934044,M,1,39,technician
270,121,1,877837797,F,0,27,librarian
343,7,3,879646736,M,1,27,technician
587,1051,5,880667598,M,1,34,marketing
922,1356,4,879400944,M,1,17,executive
44,118,5,875955126,F,0,45,librarian
722,403,1,879621419,M,1,33,engineer
885,364,1,880259365,M,1,50,artist
623,211,2,878803273,M,0,35,educator
326,778,3,883356027,M,1,39,programmer
615,676,1,875767793,M,1,45,student
326,601,4,892962987,M,1,32,artist
128,15,5,889719870,F,0,52,librarian
236,482,5,883110213,F,0,52,artist
407,12,5,877411387,M,1,51,lawyer
487,708,3,880146554,M,1,27,student
253,919,5,875742062,M,1,53,technician
109,111,5,891447371,F,0,31,librarian
174,396,5,893063168,F,1,28,educator
144,219,4,879897444,M,1,12,technician
655,259,2,891543446,F,0,35,healthcare
347,191,4,891074453,F,0,50,educator
138,932,5,883536378,M,1,31,educator
13,432,5,879431512,M,1,59,executive
777,128,2,883379352,M,1,45,marketing
655,988,4,892089840,F,0,53,librarian
292,226,5,882577721,M,1,27,programmer
435,219,4,875853689,M,1,26,educator
637,639,5,891529005,M,1,28,other
524,1060,5,884458725,M,1,51,marketing
343,427,5,882551302,M,1,31,student
707,678,5,879611391,F,0,12,librarian
806,480,1,889187016,M,1,32,technician
92,289,4,891388065,M,1,31,engineer
335,952,4,882769473,F,0,27,librarian
846,289,5,879647611,M,1,27,engineer
387,179,5,880207955,M,1,27,retired
407,4,1,891271950,M,1,51,artist
481,28,5,883075583,M,1,50,educator
503,265,2,880365892,M,1,53,educator
823,947,4,892698801,F,0,39,healthcare
688,877,5,883369536,M,1,21,lawyer
256,869,3,880030109,F,0,34,administrator
239,118,5,879936883,F,0,46,librarian
901,144,3,879693549,M,1,27,retired
798,39,5,892188255,M,1,35,other
708,285,4,891788386,F,0,35,librarian
455,435,2,880897160,M,1,35,technician
37,489,2,892087723,F,0,31,educator
63,689,1,884538462,F,0,27,administrator
148,1266,1,876372073,M,1,29,salesman
642,159,2,878171914,F,0,31,homemaker
423,487,3,891425888,M,1,32,other
522,99,3,891760326,M,1,31,student
49,40,4,880078972,M,1,30,technician
689,69,5,892385424,F,0,27,librarian
488,825,5,877193894,M,1,31,programmer
65,312,3,888747306,M,1,33,executive
477,240,3,884065189,M,1,43,engineer
7,485,5,877614260,M,1,54,administrator
876,133,5,882547235,M,1,37,other
414,1021,3,882659719,M,1,26,programmer
782,482,5,890821932,M,1,27,other
425,508,1,881585954,M,1,36,administrator
181,290,3,891807512,M,1,27,programmer
389,1098,5,882829264,F,0,52,librarian
796,440,5,880076524,M,0,30,programmer
693,286,5,882598538,M,1,25,student
936,381,1,883123946,M,1,27,entertainment
617,135,3,892303260,F,0,18,artist
435,879,1,880055858,M,1,44,student
916,853,3,891162307,F,0,38,writer
868,928,5,888780768,M,0,35,other
94,271,3,891828668,M,1,53,other
83,440,4,892173283,F,0,50,healthcare
13,603,5,884373612,M,1,32,technician
85,258,1,879945612,F,0,31,educator
90,264,5,886023493,M,1,31,executive
810,738,1,891330959,M,1,32,retired
819,934,3,882737752,M,1,28,student
151,68,3,879700480,F,0,51,librarian
334,739,5,892095046,F,0,52,librarian
222,245,1,891140328,M,1,38,engineer
393,561,3,875481394,M,1,58,programmer
606,141,2,878283929,F,0,32,homemaker
606,322,3,891656071,M,1,37,educator
754,737,5,877678662,M,1,34,doctor
457,443,3,879846691,F,0,27,librarian
805,424,4,879835176,F,0,56,educator
894,101,5,882952148,M,1,27,executive
342,391,3,884321086,F,0,27,artist
418,15,4,884218818,F,0,40,educator
573,1106,5,882720164,M,1,27,programmer
537,304,4,879688713,M,1,35,student
612,508,5,880159616,M,1,29,marketing
37,210,5,882289964,M,1,32,artist
405,328,4,891331341,F,0,53,healthcare
417,1163,3,878363833,F,0,50,writer
362,771,2,892985410,M,1,33,artist
145,172,4,886673477,F,0,44,librarian
890,333,1,888829877,F,0,52,student
488,475,4,884471553,M,1,24,retired
807,103,4,884225188,F,0,35,librarian
401,423,4,891927118,F,0,50,librarian
78,98,4,883193469,M,1,30,programmer
200,118,5,888764073,F,0,36,writer
637,83,5,889382274,M,1,37,programmer
532,1039,5,889583875,M,1,27,programmer
308,321,4,877856524,M,1,24,technician
450,286,2,875843164,M,1,27,educator
110,262,5,882175900,M,1,27,doctor
871,150,4,884169562,M,1,50,artist
660,1230,5,877072459,M,1,28,programmer
267,93,5,879434121,M,1,28,programmer
692,919,4,879285441,M,1,26,technician
497,603,5,875418107,M,1,31,technician
722,300,4,880484693,F,1,45,writer
698,1042,3,892107811,M,1,29,executive
795,311,1,879311218,M,1,24,student
601,43,3,888756500,F,0,18,artist
126,427,3,887086143,F,0,51,homemaker
841,117,5,879021063,M,1,27,scientist
698,574,3,883046704,M,1,22,student
361,174,3,880314942,M,1,40,programmer
942,129,4,880898567,M,1,28,educator
110,168,2,882570801,M,1,24,programmer
854,286,3,891763943,M,1,28,educator
269,319,5,883054328,M,1,28,student
722,447,2,879632110,F,0,50,librarian
288,491,3,885182758,M,1,41,programmer
647,558,4,883586407,M,1,32,student
441,236,2,889802582,M,1,28,programmer
71,1299,2,880424608,M,1,26,librarian
782,483,5,888200285,M,1,41,entertainment
128,159,2,888994917,F,0,50,administrator
43,636,1,880585298,M,1,28,educator
299,496,3,884165719,F,0,50,librarian
823,254,4,879540367,M,1,26,marketing
231,455,5,892569182,M,1,25,other
662,609,1,893018589,M,1,36,technician
250,607,1,884388731,M,1,27,educator
107,662,5,882699688,M,1,40,marketing
293,235,4,892616502,M,1,31,technician
286,819,1,879629079,M,1,35,technician
18,1409,4,877266506,M,1,24,educator
100,294,4,883983671,F,0,32,educator
393,636,3,880962040,M,1,35,executive
238,127,3,891607246,M,1,32,other
748,229,2,891440682,F,0,51,administrator
847,744,5,879938088,F,1,27,student
878,660,5,881494050,M,1,59,artist
435,606,4,880981217,F,0,31,none
128,213,3,891997663,M,1,28,programmer
130,340,3,882539237,F,0,52,librarian
152,100,5,879960052,M,1,29,programmer
868,332,1,892255323,M,1,34,educator
120,51,2,885072281,M,1,53,educator
456,168,5,875215240,M,1,32,programmer
11,734,4,880068858,M,1,19,scientist
102,845,3,881101438,F,0,49,marketing
576,316,3,880140206,M,1,21,programmer
529,292,3,877521292,F,0,43,healthcare
864,298,4,880172735,M,1,19,technician
546,1313,2,880100197,M,1,33,student
184,480,4,887041634,M,1,35,student
734,811,3,880084845,F,0,31,librarian
262,689,4,879595737,F,0,43,educator
344,299,3,889144186,F,0,30,student
151,425,4,884579636,F,0,19,student
535,275,1,879740123,M,1,39,entertainment
363,150,3,891804014,M,1,41,administrator
269,511,5,884162742,M,1,40,technician
158,38,1,883150971,M,1,36,educator
798,1248,2,881053312,F,0,50,healthcare
293,181,3,880978799,M,1,43,other
303,172,4,879744178,M,1,33,student
409,127,5,892051437,M,1,27,educator
674,754,3,879550419,M,1,31,student
774,273,3,880099796,M,1,52,scientist
905,482,4,892387493,M,1,33,educator
92,428,4,891745966,M,1,27,administrator
481,289,3,880673236,M,1,27,executive
729,110,4,891658368,F,0,20,educator
286,69,1,891651157,M,1,49,engineer
255,527,3,892780343,M,1,27,programmer
144,15,4,891734938,M,1,23,administrator
222,514,2,879533026,M,1,31,engineer
269,496,3,879597780,F,0,44,artist
183,943,5,875356692,M,1,27,educator
341,900,2,882662557,M,1,34,student
342,650,4,882342147,M,1,38,writer
374,86,4,879747613,M,1,19,technician
250,53,2,892540076,F,0,31,healthcare
707,429,3,891541709,F,0,60,librarian
380,780,5,875650074,M,1,27,retired
454,934,3,881340638,M,1,22,student
181,572,5,883801078,M,1,31,executive
613,476,4,880962269,M,1,45,student
311,461,3,882316300,M,1,32,programmer
268,685,4,892334527,F,0,26,homemaker
455,284,4,891755979,F,0,36,librarian
608,288,3,882581669,M,1,40,educator
705,679,3,891771114,M,1,27,scientist
801,306,1,877469812,M,1,31,programmer
299,937,4,888949170,M,1,51,scientist
655,708,3,886264773,F,0,40,administrator
907,151,5,882847462,M,1,28,entertainment
276,420,5,878710619,M,1,27,student
22,778,3,882792799,M,1,28,other
301,236,4,891981431,M,1,27,other
341,402,1,884451882,M,1,31,entertainment
632,47,3,891666921,M,1,36,educator
845,245,4,892434252,M,1,40,salesman
731,586,4,884656155,M,1,31,librarian
583,826,4,882580111,F,1,19,marketing
690,226,5,885800587,M,1,11,executive
405,96,3,884557253,F,0,29,healthcare
88,474,5,892157175,M,1,31,technician
758,152,2,892135277,F,0,40,librarian
301,742,5,892542467,F,0,53,writer
406,596,4,892172537,M,1,24,student
809,97,2,879772322,M,1,31,doctor
118,506,3,881770034,F,0,52,healthcare
796,25,5,885899285,M,1,40,student
561,89,3,880056253,M,1,32,student
655,203,4,891581366,F,0,44,healthcare
629,440,2,880140658,F,0,52,homemaker
846,195,5,879832481,M,1,35,educator
337,1023,5,880616842,M,1,20,other
778,746,3,892947729,M,1,34,student
886,261,3,878696054,M,1,52,programmer
731,48,5,887135901,F,0,19,librarian
244,568,3,879761583,M,1,30,artist
405,646,4,892231180,F,0,45,educator
880,25,3,880462355,M,1,42,educator
294,917,5,892855742,M,1,31,scientist
320,327,5,884682435,F,0,24,administrator
655,573,5,879857991,F,0,42,healthcare
540,222,5,879959686,M,1,28,educator
5,292,2,882889510,M,1,24,student
943,82,1,883018630,M,1,48,lawyer
94,453,4,891763060,F,0,55,healthcare
346,117,4,877888040,M,1,18,engineer
396,1047,5,882479068,M,1,24,programmer
676,111,5,879579348,F,0,19,student
677,528,3,881340428,M,1,27,entertainment
44,298,3,882038223,M,1,40,programmer
506,259,5,882634367,M,1,40,programmer
269,172,4,881093284,F,0,32,librarian
537,41,5,879639618,M,1,22,programmer
758,411,3,891312643,M,1,35,educator
670,172,3,875284742,M,1,39,programmer
488,231,2,881070229,F,0,45,librarian
902,70,3,880073797,M,1,23,engineer
876,367,4,875904581,M,1,38,technician
158,258,1,883074285,M,1,35,student
505,289,4,879687682,F,1,26,retired
557,1,4,892019701,F,0,11,librarian
327,365,2,892828642,M,1,34,student
895,762,1,886861773,F,0,23,librarian
7,37,3,875345809,M,1,19,administrator
89,141,5,882908031,M,1,28,artist
49,824,3,892230174,F,0,32,writer
487,1335,5,879875579,M,1,32,scientist
815,158,3,883114614,M,1,26,artist
705,1418,1,879859512,M,1,27,lawyer
140,15,3,879395924,M,1,29,educator
23,743,3,881397836,F,0,44,homemaker
937,159,5,880249270,M,1,27,other
676,332,3,879282714,M,1,28,scientist
461,1087,5,879715480,M,1,43,student
82,389,3,879715758,M,1,27,engineer
498,141,5,878808819,M,1,27,executive
197,151,2,876222921,F,0,36,artist
625,886,5,892858743,M,1,28,technician
728,258,4,891430524,F,0,36,other
243,991,1,891389632,F,0,27,healthcare
279,960,3,891633662,F,0,50,librarian
239,176,2,879767437,M,1,32,educator
802,933,5,880634192,M,1,31,educator
331,895,3,882527774,M,1,23,programmer
393,467,2,880817959,M,1,44,writer
336,789,5,879613461,M,1,35,student
663,150,5,882980871,M,1,30,programmer
323,1237,4,886729458,M,1,19,scientist
773,382,3,888726283,F,0,27,educator
399,123,4,891155554,M,1,27,scientist
296,15,4,882567199,M,1,18,student
645,433,4,886984373,M,0,33,educator
721,533,4,891530629,F,0,51,healthcare
337,1,4,879515401,M,1,39,student
116,291,4,879990958,F,0,51,librarian
247,985,1,883122603,M,1,25,salesman
923,1397,4,892716838,M,1,31,artist
933,1021,5,875491957,M,1,32,executive
276,602,1,879717717,M,1,40,student
501,358,3,881466363,M,1,50,artist
621,678,5,879553333,F,1,35,doctor
825,100,5,876246576,F,0,27,artist
80,109,5,886815576,M,1,31,artist
107,100,1,875018900,M,1,27,administrator
551,159,3,886779685,F,0,20,librarian
184,443,5,882401703,M,1,39,programmer
406,153,4,883086436,M,1,44,educator
537,117,4,880123361,M,1,27,student
269,298,1,875219774,M,1,42,programmer
314,96,3,884957984,F,0,52,student
381,770,5,880372624,M,1,24,student
334,251,3,879803995,F,1,29,artist
694,294,2,892064357,F,0,39,librarian
656,317,1,880928770,M,1,30,student
851,406,4,882563939,M,1,35,programmer
305,1043,5,877451564,M,1,32,engineer
325,1011,3,882923439,M,1,23,executive
444,70,1,889144305,M,1,35,executive
130,203,4,880974873,F,0,31,healthcare
627,1091,1,884584300,M,1,24,retired
64,44,5,879524699,F,0,32,administrator
826,98,4,881364625,M,1,51,educator
865,364,2,884458142,F,0,49,salesman
593,47,4,880633914,M,1,28,educator
558,696,4,879752977,M,1,36,student
801,38,3,889916880,M,1,27,other
378,111,3,882402785,F,0,46,librarian
642,693,5,879359468,M,1,32,engineer
614,709,3,882466231,M,1,23,programmer
510,654,5,881643588,M,1,24,artist
514,993,3,892091797,M,1,29,student
330,826,2,891632358,M,1,50,student
405,269,1,891497691,F,0,43,librarian
648,481,4,879904611,M,1,32,technician
145,127,4,882347353,M,1,22,educator
64,554,2,885009901,M,1,26,student
504,137,5,881318626,M,1,24,doctor
588,182,5,891936728,F,0,36,librarian
497,684,5,891077747,M,1,31,administrator
128,930,4,879949252,F,0,50,librarian
708,294,4,882842280,F,1,30,other
911,7,5,879786256,M,1,39,other
621,82,1,891578582,F,0,52,student
504,872,3,882025236,F,1,27,educator
642,699,3,875626210,F,0,53,healthcare
157,193,5,886156129,M,1,54,educator
197,362,3,878229126,M,1,29,other
346,685,3,882337374,F,0,31,other
181,174,4,882789058,M,1,30,programmer
659,934,4,879746120,M,1,32,marketing
537,319,3,877648715,M,1,44,student
769,431,2,891888158,F,0,35,healthcare
656,290,5,883165849,M,1,32,programmer
194,270,4,875259940,M,1,39,student
627,172,5,879769996,M,1,30,executive
201,1058,1,880606134,M,1,32,educator
180,231,5,883789219,M,1,39,retired
775,191,5,876100107,M,1,28,student
10,211,5,877547424,M,1,31,other
14,657,5,892313284,F,0,51,educator
7,210,5,880337494,M,1,27,programmer
705,79,1,888941548,M,1,27,artist
5,252,5,886354053,M,1,28,educator
644,752,3,888883238,M,1,27,student
403,155,3,879677450,M,1,33,artist
373,440,4,878193617,M,1,23,administrator
82,1163,2,877989312,M,1,30,other
742,539,1,886445333,M,1,51,lawyer
548,64,4,880290467,M,1,36,administrator
268,455,5,880460826,M,1,46,student
612,1424,2,882561003,M,1,30,scientist
238,96,5,892878509,M,1,29,technician
524,152,3,892094413,M,1,32,educator
780,241,2,891578633,M,1,55,entertainment
618,298,2,891597546,F,0,52,educator
820,663,4,879552762,F,0,50,none
335,1401,1,883143317,M,1,24,technician
534,199,3,880701696,M,1,40,student
812,127,3,892695519,M,1,35,student
188,527,2,875527531,M,1,44,educator
670,192,1,884408573,M,1,39,artist
648,56,3,877127692,M,1,27,writer
892,1664,4,875901425,M,1,31,executive
189,1049,2,880022566,F,0,52,librarian
762,1044,1,881474786,M,1,39,marketing
278,286,2,883504228,M,1,34,executive
628,888,2,881014424,M,1,27,student
324,228,5,892145469,M,1,40,student
330,410,3,875711139,M,1,50,engineer
54,159,4,883032734,M,1,33,other
796,265,2,891776052,F,1,33,educator
487,200,3,882538130,M,1,13,student
393,945,2,891643671,F,1,51,educator
845,134,4,883173543,M,1,36,entertainment
405,199,4,891584928,F,0,31,educator
319,538,5,889056409,M,1,27,retired
798,294,5,892735151,F,0,52,student
370,200,4,876849523,M,1,27,programmer
825,895,4,892151445,F,0,40,healthcare
840,706,4,879205248,M,1,32,engineer
764,693,5,891479095,F,0,51,writer
755,667,3,880189100,M,1,27,educator
158,574,2,880000168,F,0,35,librarian
1,125,5,882083652,M,1,40,engineer
106,21,5,882505839,M,1,36,other
450,770,3,884551481,F,0,49,administrator
519,828,5,888630083,M,1,18,marketing
102,83,5,879433083,M,0,11,technician
601,932,3,883493579,M,1,30,artist
347,823,2,892563785,F,0,36,healthcare
38,615,5,879666802,F,0,44,salesman
788,200,5,879919161,M,1,27,engineer
342,477,4,879344639,F,0,52,writer
512,832,1,875614478,M,1,51,programmer
214,96,1,877522968,M,1,46,lawyer
639,39,2,880386762,M,0,20,educator
337,1042,1,882961072,M,1,26,technician
889,79,1,892331948,M,1,27,educator
655,996,3,891677096,F,0,32,librarian
435,181,4,875499156,M,1,18,administrator
256,689,4,892472655,F,0,52,writer
328,313,5,880536797,M,1,30,student
826,1010,3,879803385,M,1,21,educator
736,546,5,882664603,M,1,28,other
486,1091,3,888477649,M,1,46,educator
349,633,3,877984501,M,1,31,artist
321,303,2,892236556,F,0,33,artist
815,213,3,883906192,M,1,49,administrator
90,1336,5,875733244,M,1,31,technician
508,435,5,879640113,M,1,41,technician
452,676,4,886502770,M,1,45,scientist
578,1654,4,891702524,M,1,53,other
754,3,5,886017468,M,1,27,librarian
740,566,5,885182398,M,1,39,artist
536,622,1,878999431,M,1,24,technician
921,237,4,875485626,M,1,32,educator
308,168,5,882375984,M,1,27,technician
704,367,5,883105292,M,1,28,artist
158,161,4,882241512,F,0,51,writer
884,86,5,891654917,M,1,29,executive
405,590,2,875711485,F,0,52,healthcare
503,24,2,889119083,F,0,9,librarian
501,910,4,891646011,M,1,38,engineer
79,1078,1,879070614,M,1,38,technician
373,209,2,879682077,M,0,31,educator
373,7,3,885612358,M,1,51,educator
87,97,5,883829093,M,0,19,scientist
880,135,4,879120442,M,1,26,technician
782,1,4,883952684,F,0,45,healthcare
416,333,1,879686708,F,0,44,healthcare
920,873,4,892366266,F,0,52,student
524,1046,3,880994258,M,1,28,writer
1,356,4,879490019,M,0,32,librarian
385,315,4,880323374,M,1,39,student
647,223,5,880440863,M,1,32,homemaker
676,325,3,882102332,M,1,38,programmer
450,100,4,882525673,M,1,31,educator
18,825,3,879970082,M,1,18,librarian
72,288,5,882598396,M,1,32,educator
887,77,2,884170852,F,0,12,student
90,550,2,892395348,F,1,45,artist
258,121,2,882694882,M,1,30,salesman
911,475,2,875079173,F,1,23,other
889,385,4,886248707,M,1,43,student
532,414,1,881525013,M,1,45,educator
406,373,3,882153531,M,1,35,executive
414,652,4,879831364,F,0,43,educator
268,933,5,883423122,M,1,26,artist
566,415,4,882586427,M,1,27,educator
62,302,3,882432773,M,1,29,programmer
617,234,3,877936659,F,0,49,artist
588,110,4,882588447,M,1,48,homemaker
655,727,4,879809380,F,0,52,librarian
704,320,5,889121350,F,0,52,educator
595,293,2,889788273,M,1,28,retired
796,89,1,878988232,M,1,36,programmer
665,173,3,879746347,M,1,33,educator
181,346,4,883213864,M,1,30,student
680,642,5,884068175,M,1,19,marketing
420,215,5,879856557,M,1,45,librarian
207,302,5,891445144,F,0,52,artist
653,250,4,882766063,M,1,31,student
248,1097,5,886470693,M,1,28,executive
479,164,2,880384535,F,0,28,artist
181,269,4,882629860,M,1,42,student
234,13,4,892063497,M,1,22,engineer
717,59,3,884280173,M,1,24,artist
935,24,3,880022523,F,0,54,librarian
126,480,5,887334022,M,1,28,retired
224,81,5,882768402,M,1,28,student
818,315,2,880807466,M,1,39,artist
358,520,1,891910990,M,1,52,technician
1,393,4,885927645,M,1,50,other
13,195,4,882381169,M,1,41,programmer
435,291,5,879698550,M,1,28,programmer
854,591,4,879937894,F,0,32,healthcare
282,962,2,879430960,M,1,25,doctor
378,853,1,880459505,M,1,51,student
153,1180,2,879279797,M,1,29,homemaker
789,1418,5,880238116,M,1,26,technician
940,302,1,876852036,M,1,52,artist
405,742,4,879700577,F,0,36,librarian
703,1286,1,875222075,M,1,46,technician
256,113,3,875440350,M,1,27,executive
450,269,4,890951468,F,0,51,writer
887,1,3,879946841,F,0,35,librarian
548,443,5,884933972,F,0,36,educator
92,940,4,881215485,M,1,39,librarian
92,772,4,878271230,M,1,23,programmer
848,323,3,879183252,M,1,24,educator
457,199,4,886561655,F,0,51,artist
532,288,3,882014354,M,1,53,educator
176,1010,3,882866213,M,1,32,none
327,304,3,879518969,M,1,32,educator
87,756,4,879337774,M,1,28,doctor
900,733,4,881355872,M,1,35,marketing
891,269,5,878320683,M,1,27,writer
429,770,1,892121073,M,1,51,programmer
286,490,5,892333670,M,1,31,lawyer
90,97,4,882960885,M,1,27,programmer
938,404,4,882635702,M,1,31,technician
617,294,4,877415249,F,0,30,librarian
145,294,3,882758428,F,0,51,other
541,13,5,882521475,F,0,32,librarian
622,300,4,884691924,M,1,27,writer
639,877,5,879805270,M,1,35,other
886,549,4,883491308,M,1,32,educator
343,117,3,889545931,M,1,23,programmer
731,944,5,879960416,M,1,31,programmer
61,679,2,883115196,M,1,32,marketing
556,765,4,881010984,F,0,52,writer
890,735,3,891571955,M,1,31,writer
401,865,4,882495243,M,1,28,student
293,431,4,892720405,M,1,50,administrator
784,805,4,883080714,M,1,28,educator
447,1118,3,880757146,M,1,20,technician
690,400,1,891506642,M,1,38,educator
848,98,5,882830841,M,1,33,lawyer
567,338,5,880067555,M,1,28,administrator
151,178,3,880641528,F,0,24,educator
781,662,5,891330053,M,0,23,salesman
903,623,5,879830587,M,1,33,artist
825,258,4,880006679,F,0,44,librarian
715,1407,3,886486048,M,1,52,entertainment
779,1262,2,892872373,M,1,33,none
141,147,5,875234226,M,1,40,technician
671,215,2,891832581,F,0,59,artist
751,277,5,891669270,F,0,52,librarian
260,724,1,879461312,M,1,39,student
166,60,4,879916121,M,1,28,administrator
425,985,5,892125243,M,1,54,educator
181,7,3,892863542,M,1,28,programmer
239,102,3,875911152,M,1,30,educator
130,511,3,882467670,M,1,23,other
447,174,3,880059154,M,1,28,educator
120,88,5,885701180,M,1,35,technician
566,3,4,881736012,M,1,39,artist
795,652,5,892232968,F,1,38,student
897,24,2,879593020,M,0,23,educator
868,83,5,880174406,M,1,28,student
181,328,3,880189813,M,1,31,retired
832,679,5,882124492,M,1,33,educator
888,204,4,879937901,F,1,26,executive
269,288,3,892107436,F,0,23,librarian
881,286,5,882855323,M,1,27,other
618,458,5,880286716,M,1,48,executive
417,272,4,879549083,F,0,50,educator
801,381,3,879616853,M,1,31,librarian
804,1013,4,882119038,M,1,39,retired
608,217,1,892761646,M,1,27,programmer
362,563,4,879679767,M,1,27,scientist
25,127,5,880369067,M,1,36,artist
104,93,4,880133895,M,1,34,programmer
450,367,2,882701406,F,0,35,artist
234,693,5,892667101,M,1,53,artist
530,22,4,887136923,M,0,26,programmer
277,710,5,879086337,M,1,39,librarian
629,218,1,877702365,M,1,40,administrator
207,250,1,891470797,F,0,32,salesman
1,514,5,880548607,M,1,32,technician
500,286,5,879762517,M,1,26,executive
80,26,5,891747213,M,1,44,programmer
773,303,5,891363195,M,1,21,programmer
346,403,1,881317732,M,1,51,programmer
109,628,4,885933585,M,1,35,student
605,79,2,883067764,M,1,27,other
207,427,1,881156302,M,1,23,marketing
756,559,2,879493253,F,0,50,educator
189,356,1,883982015,M,1,30,lawyer
821,611,4,884489526,M,1,44,librarian
883,921,5,888982688,M,1,27,educator
707,238,4,891826862,F,0,35,educator
354,237,5,892192416,F,0,39,librarian
290,229,3,886598308,M,1,19,technician
764,435,3,891865182,F,0,51,librarian
457,1218,5,891878243,F,0,51,healthcare
409,311,1,885864131,M,1,28,entertainment
437,507,5,879754431,M,1,58,other
519,603,5,888667870,M,1,31,student
28,356,3,882704640,M,1,22,programmer
938,229,3,879158973,F,1,35,homemaker
916,542,3,892050329,M,0,52,other
513,184,2,879940875,M,1,35,educator
345,91,5,891671876,F,0,13,librarian
776,795,3,891643932,M,1,18,scientist
286,175,4,884326919,M,1,27,scientist
551,120,3,881165193,F,0,35,writer
745,168,1,882165817,M,1,52,programmer
639,24,3,875609333,M,1,38,student
119,377,1,880326571,M,1,52,educator
621,1073,1,884101267,M,1,39,technician
719,509,2,875418424,M,1,31,other
468,9,1,887815077,F,0,50,salesman
332,8,3,882498451,F,0,38,other
738,584,1,884115849,M,1,27,engineer
160,210,5,880228551,M,1,36,programmer
632,427,2,891537394,M,1,44,programmer
211,614,3,882288913,M,1,51,educator
436,730,4,879929169,M,1,56,educator
378,715,2,879367821,F,0,50,healthcare
405,177,2,891826458,F,0,44,librarian
181,292,1,883020376,M,1,33,educator
53,592,4,891648104,F,0,44,librarian
801,209,3,882529294,M,1,39,programmer
279,1418,1,892042963,M,1,25,student
486,53,4,892046462,M,1,51,administrator
558,792,5,884675012,M,1,32,programmer
706,239,1,891966656,M,1,27,engineer
499,1593,5,882205475,M,1,23,student
405,387,3,886537972,F,0,50,administrator
885,475,2,882620344,M,0,55,educator
198,685,3,883946301,F,0,19,other
300,443,2,877789322,M,1,19,programmer
18,269,4,878478379,M,1,43,healthcare
868,173,3,882513213,M,1,27,entertainment
301,61,4,880144229,M,1,46,student
130,988,2,880962406,F,0,27,librarian
62,332,3,879608770,M,1,36,educator
5,527,5,879496268,M,1,24,engineer
874,283,5,882125470,M,1,34,artist
435,238,4,886870020,F,0,31,none
195,174,3,892511598,M,1,32,educator
239,430,5,892464757,M,1,24,educator
655,238,3,879652379,F,0,53,librarian
279,848,1,882334207,M,1,31,other
655,313,3,884425681,F,0,31,educator
298,332,4,879556164,M,1,22,student
143,1435,2,884614222,M,1,30,student
716,496,5,880140538,M,1,29,educator
802,328,2,877071418,M,0,31,administrator
798,473,5,882339323,F,0,28,librarian
504,418,3,879858447,M,0,27,other
102,434,5,879845655,M,1,51,executive
741,755,3,879649289,M,1,39,lawyer
453,621,5,891659904,M,1,22,marketing
751,173,5,879353161,M,1,28,engineer
393,173,4,889129509,M,1,30,administrator
943,14,2,882476958,M,1,32,educator
58,712,3,886251658,F,1,39,other
353,245,3,882319811,M,1,36,administrator
861,135,3,886813906,F,0,52,librarian
7,392,1,891980216,M,1,39,educator
873,532,2,880092700,M,1,35,marketing
464,183,3,880785035,M,1,27,executive
601,462,1,879853485,M,1,51,programmer
295,421,5,880377156,M,1,51,educator
405,328,4,891332967,F,0,51,librarian
925,778,1,891838008,M,1,24,programmer
887,1088,4,888875455,F,0,32,educator
158,127,2,880271822,M,1,28,artist
328,258,4,879372372,M,1,49,entertainment
393,473,3,879303754,M,1,27,programmer
691,277,3,892068818,M,0,39,retired
260,1221,5,880407710,M,1,27,salesman
286,45,5,880826867,M,1,39,administrator
102,144,5,882907131,M,1,28,student
637,602,3,879710643,M,1,36,educator
130,707,2,879638803,M,1,33,educator
363,54,1,886529858,M,1,35,educator
436,802,2,891748036,M,1,35,educator
640,258,4,886027096,M,1,41,student
694,72,5,880217696,M,1,32,educator
75,419,5,891578570,M,1,51,engineer
232,732,5,884287037,M,1,39,librarian
374,49,5,880686730,M,1,30,educator
130,28,4,878199139,M,1,39,student
469,287,3,882433521,M,1,31,engineer
594,875,5,880098112,M,1,42,librarian
348,300,4,880118578,F,0,35,writer
244,1048,5,886810490,M,1,36,technician
15,142,3,882241325,M,1,35,student
930,289,2,892429643,M,1,27,student
109,1315,5,882813611,M,1,28,educator
163,713,4,875728708,F,0,38,librarian
643,211,2,875630164,M,1,32,other
181,661,1,879670329,M,1,19,technician
385,825,5,881303474,M,1,39,programmer
251,705,5,880099502,M,1,59,technician
222,180,1,892784578,M,1,48,retired
256,385,5,887356214,M,1,27,other
537,131,5,881202353,M,1,60,student
262,509,1,882348112,M,1,31,lawyer
254,273,1,879294099,M,1,38,programmer
792,529,5,888367099,F,0,52,administrator
167,853,4,875395119,M,1,27,engineer
752,419,2,875711577,M,1,52,administrator
378,265,5,878465952,M,1,33,librarian
405,7,5,891732274,F,0,53,librarian
157,1284,5,882974326,M,1,46,doctor
405,257,4,891152753,F,0,52,librarian
144,210,3,884179342,F,0,39,student
782,1540,3,875756339,F,0,36,librarian
301,1197,5,879547456,M,1,39,executive
353,1510,5,886795121,M,1,38,executive
653,125,5,882956025,M,1,41,educator
525,662,5,882754452,F,0,50,healthcare
16,354,5,891263825,F,0,33,librarian
130,295,1,879633815,M,1,27,administrator
218,550,4,879299518,M,1,33,engineer
154,302,3,874977401,M,1,38,retired
655,944,2,891582863,F,0,43,educator
429,245,1,884037931,M,1,23,programmer
417,318,2,875803117,F,0,44,none
62,994,1,886851050,M,1,38,technician
901,231,4,875219519,F,0,58,librarian
618,294,1,880717715,M,1,28,programmer
331,636,1,879400631,M,1,32,programmer
645,276,2,882984219,M,1,28,artist
239,15,1,891939580,M,1,24,lawyer
528,482,1,891778159,M,1,33,technician
65,9,5,886374468,M,1,32,retired
180,748,3,879649280,F,0,19,healthcare
712,121,5,892305317,M,1,40,programmer
499,1046,1,880295260,M,1,35,engineer
18,171,4,892359570,M,1,26,student
732,295,5,886473757,F,0,29,educator
902,548,3,881105036,M,1,40,doctor
474,289,4,878966182,M,0,43,administrator
823,501,5,891858473,M,1,45,student
705,1481,3,884866120,M,1,27,doctor
123,959,5,880005502,M,1,24,technician
393,685,3,892331423,M,1,32,educator
659,430,5,881972899,M,1,27,other
397,407,3,891966561,F,0,10,librarian
10,328,1,883055782,M,1,34,educator
429,494,3,877636857,F,0,50,artist
655,95,5,888683411,F,0,51,healthcare
405,194,3,879812150,F,0,11,educator
833,250,3,891814487,F,0,30,librarian
48,705,5,879674491,M,1,31,programmer
919,151,4,891391059,M,1,39,executive
80,1242,5,892284843,M,1,23,technician
854,327,4,880369889,M,1,39,engineer
475,403,5,888715401,F,0,30,educator
13,347,3,880276985,M,1,31,engineer
330,347,5,892203098,M,1,33,other
16,1135,5,880280291,M,1,36,programmer
442,222,3,879963317,M,1,27,scientist
883,1220,3,879094355,M,1,51,technician
750,293,4,892247981,M,1,32,marketing
628,1206,3,889869401,M,1,36,programmer
158,323,4,875550147,M,1,36,technician
332,1267,1,891451070,M,1,12,executive
652,462,3,875420768,M,1,31,executive
174,288,5,880363220,M,1,50,educator
347,141,1,879342014,M,1,27,entertainment
637,1418,1,882436403,M,1,43,retired
789,100,3,879319535,M,1,43,marketing
292,937,4,884582804,F,0,24,educator
62,678,3,892225357,F,0,43,librarian
786,508,5,891670619,F,0,52,administrator
437,656,3,884669491,M,1,27,doctor
504,47,4,881292141,M,1,43,administrator
378,3,3,876233430,M,1,27,educator
327,457,2,880799251,M,1,52,educator
437,692,4,886754862,F,0,52,writer
487,528,3,875868730,M,1,39,lawyer
19,598,5,877298935,M,1,32,executive
606,471,4,891768563,M,1,28,scientist
938,483,3,884283154,M,1,33,lawyer
473,1369,4,880231290,M,1,32,educator
100,803,3,882839484,F,0,53,other
72,1316,2,882583264,M,1,50,salesman
847,25,4,883208423,M,1,32,educator
55,980,3,880787137,M,1,27,other
151,523,1,889369290,F,0,32,artist
712,194,5,879760729,F,1,24,artist
374,1510,4,879669625,F,0,51,librarian
756,271,3,882497331,M,1,40,retired
276,127,5,883727789,M,1,47,engineer
154,709,5,882483213,M,1,31,entertainment
644,214,5,875911660,M,1,28,other
13,79,1,875302894,M,1,39,educator
339,591,3,892224526,M,1,27,marketing
479,276,5,883041511,M,1,53,artist
336,121,3,892620844,M,1,36,student
758,269,4,882951448,M,1,36,educator
723,884,3,877933733,M,1,27,entertainment
526,294,3,888475499,M,1,18,salesman
429,98,3,880849356,F,0,51,writer
405,1079,3,879685521,F,0,30,librarian
138,1240,5,880753168,M,1,19,scientist
561,303,1,884043889,M,1,38,entertainment
407,988,4,880036521,M,1,51,programmer
97,507,5,881691609,M,1,28,student
144,345,5,879689092,M,1,31,executive
291,287,1,892312571,M,1,32,student
268,988,4,891184694,M,1,31,educator
336,896,5,875354217,M,1,24,student
18,625,3,892206152,F,0,28,artist
293,1280,3,879683240,M,1,24,doctor
645,689,1,891803224,M,1,36,technician
508,820,1,875403284,M,1,25,other
450,659,3,879179391,F,0,18,writer
878,92,1,875982727,F,0,46,educator
222,145,3,879975471,F,0,26,none
747,1132,1,880931057,M,1,24,student
524,483,3,884200189,M,1,43,lawyer
806,72,5,881720041,F,0,52,librarian
801,350,4,882154016,M,1,27,technician
327,543,5,875865564,M,1,31,scientist
326,268,2,884036703,F,0,23,entertainment
152,255,3,892178768,M,1,29,student
642,840,5,892235915,F,0,28,librarian
406,22,2,885855417,M,1,52,student
450,132,1,879501357,F,0,53,librarian
537,168,5,882548370,M,1,50,other
432,340,4,889223255,M,1,29,other
655,323,1,879282915,M,1,26,student
72,1210,5,880090468,M,1,26,scientist
303,475,5,892412095,M,1,34,programmer
806,88,5,876121404,M,1,32,scientist
148,628,4,880425027,M,1,29,educator
855,602,4,880427630,M,1,32,student
487,684,3,875435734,M,1,51,entertainment
483,530,3,885625425,M,1,22,programmer
450,43,4,891557560,F,0,18,artist
385,53,2,882638543,M,0,31,lawyer
707,183,1,891577439,F,0,35,educator
788,482,2,879257567,M,1,32,retired
629,210,5,891285178,F,0,20,student
21,481,3,879963574,M,1,26,educator
206,904,1,880633494,M,1,62,other
264,1300,5,879112021,M,1,19,technician
296,614,5,880251721,M,1,44,technician
321,490,5,879005292,F,0,43,administrator
788,872,5,892798578,M,1,30,executive
288,250,3,889331851,M,1,32,educator
407,523,5,877703773,M,1,44,technician
629,1048,2,882487351,M,1,28,artist
64,144,1,886188899,M,1,44,technician
928,344,1,891735144,F,0,52,healthcare
456,29,4,876022561,M,1,35,educator
184,1017,5,879721385,M,1,27,entertainment
478,1171,3,879759590,M,1,33,programmer
101,210,5,891723732,M,1,27,programmer
378,735,5,892084221,F,0,45,educator
582,237,1,888329893,M,1,23,programmer
466,227,1,884221785,M,1,50,technician
864,447,4,884665495,M,1,29,retired
158,378,3,884820193,M,1,19,other
500,83,3,875798515,M,1,53,other
697,152,4,889095985,F,0,35,salesman
786,86,4,891671816,M,1,19,writer
324,826,5,886119170,F,0,52,other
311,499,4,891956878,F,0,49,librarian
589,455,5,883976205,M,1,39,other
60,9,1,891793035,M,1,27,programmer
95,596,5,882706398,M,1,36,student
935,22,5,889498510,M,1,50,executive
334,63,1,884064786,F,0,31,librarian
583,230,1,884207752,M,1,52,technician
302,275,5,880570251,F,0,26,other
346,161,4,875607178,M,1,26,student
54,121,4,892201771,F,0,35,none
674,559,1,891316554,M,1,39,technician
682,510,3,881460135,M,1,33,educator
642,1098,2,884329258,F,1,47,educator
786,1022,4,884008456,F,0,50,healthcare
427,2,3,889115092,M,1,32,lawyer
655,496,4,884876604,M,1,30,student
447,97,3,880040149,F,0,53,librarian
1,328,3,883005249,M,1,40,programmer
653,1374,5,878806488,M,1,27,lawyer
887,118,5,891753548,F,0,35,educator
302,795,5,889349148,M,1,36,other
774,461,5,884101271,M,1,36,other
307,792,4,880045297,M,1,38,educator
456,326,5,880864258,F,0,44,librarian
295,393,5,892042341,M,1,35,educator
545,186,3,891909330,M,1,27,artist
399,1148,3,880374479,M,1,51,student
743,592,3,876688331,M,1,32,other
485,183,1,882580992,M,1,39,student
159,301,3,883101345,M,1,31,educator
788,303,5,892416406,M,1,51,executive
339,820,1,882688527,M,1,28,artist
417,161,4,875200112,F,0,30,librarian
85,813,5,877505587,M,1,35,executive
359,678,4,880733015,M,1,36,educator
589,389,3,879819357,M,1,44,educator
840,452,3,875637930,M,1,30,engineer
386,664,4,879671515,M,1,40,technician
878,463,2,877697294,F,0,39,salesman
542,105,5,881931941,M,1,39,retired
5,416,2,885900630,F,0,50,healthcare
245,461,3,892135087,M,1,37,educator
485,783,3,880473585,M,1,34,programmer
627,10,5,879691888,M,1,28,programmer
537,364,5,891389611,M,1,41,engineer
148,629,5,891519167,F,0,28,none
223,1028,4,892386195,F,0,32,writer
841,288,3,886370154,M,1,39,programmer
72,99,5,892672616,M,1,23,educator
790,1188,5,892177774,M,1,31,programmer
321,9,1,880243172,M,1,28,lawyer
90,219,5,884276233,M,1,35,executive
655,919,2,892968142,F,0,32,healthcare
249,1028,5,878129492,M,1,27,educator
257,1443,5,891955193,M,1,40,technician
332,4,1,884125003,M,1,51,lawyer
94,514,3,884175878,M,1,17,lawyer
455,1118,3,882794391,M,1,35,programmer
272,964,3,881498217,F,0,39,librarian
690,471,5,879350247,M,1,44,technician
443,22,4,879265736,M,1,34,programmer
299,985,1,882709789,M,1,27,programmer
279,896,4,879103048,F,0,52,administrator
764,1378,5,877925164,M,1,50,educator
933,81,2,884472754,F,0,30,healthcare
707,678,2,879851048,F,0,52,librarian
902,1488,3,876189127,M,1,19,artist
815,480,2,884966447,M,1,35,marketing
327,181,4,886133736,M,0,35,student
936,416,1,892269137,M,1,32,artist
695,294,2,878804953,M,1,25,programmer
800,508,3,886565560,M,1,39,engineer
364,235,3,891738684,F,0,52,librarian
206,762,3,879997531,F,0,44,librarian
148,193,1,880911255,M,1,35,technician
426,197,5,892566493,M,1,28,lawyer
719,663,2,891525466,F,0,32,administrator
468,562,5,892935570,M,1,28,programmer
653,276,4,882614292,M,1,43,programmer
349,1136,5,882417677,M,1,28,programmer
287,358,4,876113560,M,1,52,student
344,318,5,892056901,F,0,40,administrator
860,1074,4,884319844,M,1,28,other
23,307,1,892172087,M,1,27,executive
280,222,4,879864653,F,0,35,healthcare
87,568,5,880157018,F,0,53,librarian
655,7,4,881383392,F,0,51,librarian
20,566,5,875324666,M,1,31,artist
621,415,5,880018610,M,1,31,administrator
303,484,5,876033213,M,1,40,doctor
249,550,2,892695640,M,1,33,student
42,145,3,891525826,M,1,43,educator
203,151,1,892468932,M,1,46,artist
23,204,3,882451041,F,0,50,librarian
868,275,4,892404519,M,1,58,writer
215,552,1,877861908,M,1,23,technician
264,294,3,879435787,F,0,47,healthcare
76,451,5,885091268,M,1,32,librarian
184,294,1,884150480,F,0,44,librarian
151,25,4,891801438,F,0,53,educator
405,281,3,879310200,F,0,35,writer
627,1214,1,875154811,M,1,26,engineer
825,271,3,885025566,M,1,26,educator
454,455,3,879735564,M,1,27,programmer
642,25,4,877799045,M,1,27,programmer
128,226,5,882436855,F,0,33,administrator
58,527,1,892784174,M,1,35,lawyer
343,581,5,892078442,M,1,31,engineer
452,210,1,878910733,M,1,31,educator
863,597,4,879713815,M,1,32,executive
4,148,1,880387989,M,1,32,doctor
16,840,3,890561736,M,1,27,educator
347,558,3,879966731,M,1,35,programmer
198,1316,4,884300235,F,0,56,writer
452,1428,2,891519603,M,1,40,technician
378,202,3,885020975,M,1,26,educator
472,117,2,875787450,F,1,40,educator
195,144,1,879757686,M,1,42,student
59,7,5,880531002,M,1,27,engineer
452,248,3,881128513,F,0,35,none
220,321,3,879137988,M,1,27,other
796,1218,1,884407561,F,0,28,other
655,124,4,892674042,F,0,32,librarian
572,1035,1,892231687,F,0,52,writer
463,230,4,888490608,M,1,49,educator
617,417,3,879761447,F,0,36,educator
764,582,5,879463589,F,0,53,administrator
60,521,2,875561389,M,1,53,technician
825,209,3,883276477,M,1,31,artist
373,122,4,884749195,M,1,27,student
782,185,5,879457998,F,0,32,librarian
788,601,5,892633823,M,1,27,other
27,136,5,879206776,M,1,27,student
207,242,3,892354164,F,0,30,other
655,652,3,891550487,F,0,51,librarian
350,49,4,887285698,M,1,33,artist
419,1254,4,877890725,M,1,26,retired
417,52,5,879793368,F,0,44,librarian
320,1193,1,879710598,M,1,18,technician
608,689,5,879492483,M,1,20,administrator
790,946,5,889170945,M,1,27,programmer
184,286,5,879386367,M,1,33,student
71,180,5,880759242,M,1,54,homemaker
355,646,5,886955872,M,1,28,administrator
343,255,2,886524693,F,0,32,educator
844,1214,4,891645434,M,1,50,scientist
926,245,3,881319746,M,1,28,other
450,250,4,892400618,F,0,39,librarian
425,402,5,879503636,M,1,28,administrator
883,165,2,891517966,M,1,51,educator
294,568,3,880070200,M,1,44,student
489,271,1,881141561,M,1,51,technician
860,1132,2,879630361,F,0,50,homemaker
145,257,3,892988539,M,1,23,other
563,381,1,881610339,M,1,26,technician
501,459,3,878618233,M,1,28,administrator
682,98,2,879373956,F,1,32,educator
152,12,3,891538779,F,0,46,artist
702,1103,2,880256764,M,1,32,other
328,294,2,886420772,M,0,27,administrator
764,1059,3,880483332,M,1,27,artist
790,174,4,892499473,M,1,23,educator
655,210,5,879847573,F,0,35,educator
318,98,1,879744714,M,1,24,executive
435,300,4,892506224,M,1,27,writer
658,328,5,892004376,M,1,25,programmer
707,147,1,892209295,F,0,33,artist
269,204,4,891795437,F,0,11,healthcare
406,340,4,879824232,F,0,50,librarian
272,381,1,887180439,M,1,29,librarian
59,384,5,884152348,M,1,51,artist
768,260,4,880155227,F,0,27,librarian
927,1180,4,886336006,M,1,51,doctor
907,357,4,882906619,M,1,38,student
776,294,4,891769000,F,0,35,librarian
839,177,4,878734776,M,1,18,student
327,604,4,879581181,M,1,35,technician
561,1020,2,879658078,M,1,35,educator
795,95,5,887477531,M,1,27,educator
327,160,2,882983674,M,1,39,technician
798,121,1,880521919,M,1,30,student
867,1406,3,884536922,M,1,50,lawyer
21,708,3,879774512,M,1,38,engineer
938,999,5,877909270,M,1,50,student
569,659,5,880234333,M,1,27,student
417,951,5,879621868,F,0,20,engineer
425,724,5,880020857,M,1,52,marketing
256,162,3,879635019,F,0,31,librarian
435,109,3,892310964,M,1,27,educator
366,791,5,884207948,M,1,38,programmer
897,235,4,883465549,M,1,27,educator
543,429,5,882392600,M,1,45,salesman
901,291,5,891711411,F,0,59,administrator
871,128,4,892674145,M,1,29,educator
782,932,3,879955956,F,0,27,none
862,514,5,878941178,M,1,44,engineer
618,312,5,879585285,M,1,29,educator
374,681,5,882492793,M,1,20,engineer
869,67,5,886223941,M,1,35,executive
891,895,4,879618575,M,1,23,programmer
205,209,5,891520055,M,1,30,programmer
151,1088,2,882594306,M,1,41,marketing
83,28,4,881413747,M,1,22,student
268,312,5,888866375,M,1,35,technician
712,96,5,880292716,M,1,36,artist
708,179,2,891731163,F,0,53,student
798,1215,3,882469996,M,1,51,executive
452,808,1,882365687,M,1,23,educator
433,286,1,885191820,M,1,25,engineer
901,508,5,891946392,M,1,29,student
932,591,5,879692459,F,0,32,librarian
83,71,2,877543228,M,1,31,marketing
93,405,5,880238697,M,1,27,artist
438,9,5,882183143,M,1,32,scientist
901,285,1,875059991,M,1,35,entertainment
741,802,5,886492478,M,1,40,retired
817,1301,2,883516662,M,1,23,executive
336,176,5,880086308,M,1,36,administrator
92,516,3,889411245,M,1,39,entertainment
346,377,5,884012365,M,1,35,programmer
593,298,3,891825099,M,1,30,educator
169,1157,5,881287990,M,1,29,lawyer
352,100,3,882513716,M,1,38,technician
870,294,2,891633022,M,1,32,salesman
716,650,4,879605091,F,0,52,healthcare
365,196,4,891581028,F,0,35,writer
383,180,2,875868341,M,1,33,educator
889,947,5,879536215,M,1,28,artist
558,663,2,886732261,F,0,13,homemaker
494,618,3,882932837,M,1,32,entertainment
290,382,4,891404293,M,1,26,educator
521,289,5,875244698,M,1,22,executive
503,288,5,892387818,F,0,46,writer
131,254,4,879945543,M,1,27,retired
294,739,3,879340014,M,1,32,engineer
256,215,4,881003866,F,0,50,healthcare
478,96,5,888737667,M,1,52,writer
132,919,4,891400676,F,0,38,librarian
748,197,3,880808917,M,1,27,executive
468,50,5,880381385,M,1,31,librarian
805,319,3,891504578,M,1,36,student
450,250,4,879394562,F,0,43,librarian
694,473,3,884287424,M,1,27,programmer
608,1013,5,879937669,M,1,26,programmer
838,313,5,891664414,M,1,28,educator
243,258,5,875714692,M,1,45,programmer
125,581,5,892112898,F,0,52,writer
632,1299,5,891351261,F,0,52,salesman
256,895,4,891634486,M,1,35,student
749,1152,3,888317845,M,1,22,entertainment
92,673,1,882822529,M,1,48,educator
589,568,1,879472660,M,1,23,entertainment
750,249,1,891526380,F,0,35,librarian
889,76,1,892061733,M,1,27,technician
575,23,2,889190824,M,1,27,marketing
916,193,5,891757518,M,1,24,scientist
600,1337,4,883096271,M,1,50,programmer
654,245,3,879075618,M,1,9,scientist
56,98,3,879925662,M,1,31,student
560,420,1,882503560,M,0,35,technician
671,719,1,882335376,M,1,22,technician
313,328,5,879660783,M,1,28,educator
531,1048,5,886288238,M,0,23,doctor
457,185,2,892827090,M,1,24,artist
256,303,5,884457947,M,1,27,student
308,641,4,877417051,M,1,38,executive
532,125,5,892844842,M,1,28,programmer
595,996,1,892329514,M,1,26,other
524,110,2,875502070,M,1,52,healthcare
18,132,3,875561930,F,0,36,librarian
474,972,4,892464711,F,1,27,educator
765,162,1,892113919,M,1,27,educator
888,1487,1,877399726,F,0,51,librarian
269,211,3,891703450,F,1,9,administrator
181,430,5,881056965,M,1,24,executive
469,384,5,879584647,M,1,24,scientist
920,331,2,880762040,M,1,51,educator
652,955,4,882917403,M,0,31,librarian
323,66,4,880558912,M,1,36,marketing
901,1033,4,892156706,F,0,36,librarian
299,143,4,882799587,M,1,35,student
660,289,5,890602410,M,1,28,programmer
523,367,5,880590296,F,0,50,writer
295,117,5,880265567,M,1,52,scientist
61,319,3,892364740,M,1,27,technician
210,481,1,879924574,M,1,27,salesman
378,955,5,892146693,M,1,32,entertainment
224,478,5,878427721,M,1,21,executive
739,786,2,891058208,M,1,44,engineer
917,89,1,881571737,M,1,31,lawyer
136,1013,2,880220149,M,1,29,programmer
42,926,4,891587258,F,0,30,librarian
298,1106,1,877728295,M,1,27,engineer
507,508,5,891460052,F,1,39,student
745,969,5,882614579,M,1,26,retired
346,534,2,885218212,M,1,30,other
347,588,4,892732159,M,1,43,educator
504,944,4,878144893,F,1,30,administrator
90,838,4,875050870,M,1,31,entertainment
766,1580,1,879666549,M,1,31,entertainment
782,567,1,891868586,F,0,45,librarian
354,554,2,880122634,M,1,32,educator
892,842,1,876302060,M,1,32,retired
288,9,5,878507077,M,1,27,executive
437,203,4,876626950,M,1,45,technician
360,245,3,882710206,M,1,39,student
293,168,4,891894928,M,1,16,technician
545,631,3,882612146,M,1,49,artist
308,155,5,891773159,M,1,39,student
60,386,1,882430437,F,0,29,homemaker
887,328,4,892068877,M,1,38,administrator
756,166,5,879930427,M,1,68,educator
115,251,3,882698740,F,1,44,doctor
896,58,3,879661616,M,0,44,writer
883,566,4,882423753,M,1,32,educator
790,626,5,889052951,M,1,39,marketing
670,116,1,879479987,M,1,39,other
452,318,5,879796177,F,0,44,administrator
805,66,3,883037902,M,1,38,entertainment
338,286,5,888929050,M,1,50,writer
588,363,4,880282116,F,1,33,educator
191,503,2,879880700,M,1,35,marketing
915,565,5,883259693,M,1,33,librarian
718,646,4,886776796,M,1,38,administrator
361,300,3,891880167,F,0,25,librarian
744,736,4,884405934,M,1,23,executive
514,815,1,888884362,M,1,50,librarian
896,91,5,880346913,M,1,33,educator
234,220,1,879663055,M,1,57,other
234,595,5,880147455,M,1,28,programmer
716,716,2,882268381,F,0,39,writer
916,765,3,875843420,M,1,35,librarian
90,276,5,891962511,M,1,31,executive
122,471,3,883055413,M,1,32,programmer
130,93,4,880900734,M,1,20,retired
18,660,4,892291257,F,1,32,student
852,71,5,879900747,M,0,48,educator
49,298,4,892247513,F,0,44,none
878,100,3,888378176,F,0,52,other
399,246,4,891573971,M,1,26,educator
297,575,5,883797907,F,0,45,educator
445,240,5,878999911,M,1,42,engineer
746,257,4,875770821,M,1,31,technician
776,222,5,883027419,M,1,36,programmer
18,655,4,892171310,F,0,24,librarian
887,237,1,883607741,M,1,26,educator
214,22,5,882389734,M,1,30,educator
595,117,2,892586310,M,1,27,marketing
398,193,5,881243935,M,1,25,programmer
3,655,4,882466783,M,1,33,educator
493,690,1,879003520,M,1,44,engineer
637,866,5,880348918,M,1,40,engineer
62,191,3,879787781,F,0,50,educator
239,186,3,881399160,M,1,28,programmer
550,531,2,886589387,M,1,36,administrator
684,20,3,892437633,M,0,27,educator
5,232,5,883139450,M,1,28,administrator
535,9,5,882737217,M,1,26,scientist
899,117,1,879490107,M,1,31,educator
416,15,3,891797797,F,0,51,librarian
851,530,3,882957429,M,1,28,programmer
436,671,3,879805830,M,1,34,programmer
616,696,3,880183566,M,1,31,artist
536,227,3,886687338,M,1,35,lawyer
655,926,4,892092040,F,0,51,student
838,211,1,876654846,M,1,26,entertainment
151,294,4,879781736,F,0,51,librarian
445,49,5,879766123,M,1,39,artist
588,79,1,885525576,M,1,32,student
406,222,5,881007559,M,1,35,engineer
561,56,3,879583163,M,1,51,programmer
405,8,3,875414849,F,0,29,librarian
708,121,4,891647978,F,0,51,healthcare
17,80,5,880184164,M,1,32,educator
629,930,4,880078369,M,1,29,educator
648,301,5,886340754,M,1,33,programmer
263,213,4,882499404,F,0,52,other
273,199,4,882179891,F,0,38,librarian
335,484,5,875145595,M,1,32,retired
765,96,4,892105916,F,0,51,librarian
718,105,5,882317144,M,1,52,technician
608,288,3,880422257,M,1,28,programmer
828,7,5,879983899,M,1,33,programmer
60,568,3,884545067,M,1,39,educator
326,577,5,882968439,M,1,32,librarian
734,94,5,879561716,F,0,36,educator
487,933,5,885135108,M,1,31,administrator
43,328,3,876163446,M,1,32,educator
708,275,5,885846646,F,1,44,other
412,218,5,880183747,M,1,25,technician
460,31,4,892646777,M,1,35,administrator
618,520,3,886602458,M,1,19,technician
911,315,2,881849559,M,0,32,educator
796,554,2,891258902,F,0,27,healthcare
504,403,3,879472601,M,1,33,programmer
677,1227,3,891550828,M,1,32,programmer
674,227,1,878305819,M,1,32,entertainment
264,1132,1,879777819,M,1,11,engineer
911,332,2,880301014,M,1,38,entertainment
642,751,4,879741878,F,0,40,healthcare
416,1251,3,877793152,M,1,23,student
541,322,4,892315257,M,1,29,educator
313,1118,2,892308542,M,1,52,engineer
805,625,1,879410293,F,0,50,administrator
643,1132,3,888575598,M,1,30,other
141,249,1,891368930,F,0,39,healthcare
49,193,5,880162190,M,1,28,doctor
588,656,4,891505078,M,1,18,retired
314,405,5,878953461,M,1,27,programmer
320,671,5,892130099,M,1,27,student
91,172,5,889863923,M,1,32,entertainment
454,198,5,881580953,M,1,28,scientist
5,22,3,875905993,M,1,31,marketing
116,284,2,882725275,F,0,27,administrator
215,170,4,891431190,M,1,31,technician
867,1059,5,882691107,M,1,28,educator
92,754,4,880319865,M,1,23,educator
483,680,3,882330451,M,1,33,student
650,147,4,879482089,F,0,22,student
82,50,5,885688295,M,1,28,student
840,25,3,877612728,M,1,55,engineer
905,56,2,884445678,M,1,49,student
915,325,4,882643763,M,1,32,scientist
109,381,1,891436108,M,1,35,technician
657,1052,5,879593331,M,1,42,educator
110,209,3,891060358,M,1,18,executive
96,15,5,886653730,F,0,51,healthcare
436,164,1,880305000,M,1,38,engineer
506,65,3,878920720,M,1,39,programmer
201,289,5,892072110,M,1,26,programmer
436,859,2,882985375,M,1,36,educator
695,473,2,882591730,M,1,35,student
551,1197,5,879597084,M,1,39,administrator
313,736,5,888723792,M,1,44,programmer
598,240,4,880136771,M,1,27,administrator
504,280,5,891391749,F,0,31,other
882,1115,4,885892787,M,1,23,administrator
7,559,5,891444366,M,1,25,educator
634,515,5,882666530,M,1,27,technician
655,249,4,887209935,F,0,31,librarian
532,1487,3,891725902,M,1,30,entertainment
345,265,3,882952276,F,0,51,other
271,1047,4,879997455,M,1,26,scientist
683,489,5,892020780,M,1,31,technician
469,152,4,884585074,F,0,50,librarian
693,436,5,892380760,F,0,36,librarian
629,610,3,880040861,M,0,29,executive
782,82,2,880755809,F,0,53,administrator
399,208,4,879235387,M,1,28,marketing
868,465,5,891782512,M,1,28,technician
435,345,1,875694300,M,1,30,student
504,300,3,891321763,F,0,30,writer
420,265,4,882038117,M,1,27,educator
655,133,5,882889865,F,0,62,writer
405,1218,4,884374337,F,0,51,healthcare
126,133,4,879416746,M,0,44,salesman
528,17,4,878095843,M,1,29,technician
500,751,3,879861073,M,1,38,programmer
887,174,2,892138180,M,0,33,educator
435,15,4,892172964,F,0,60,writer
850,29,3,884589434,M,1,31,engineer
145,904,5,879938405,F,0,28,librarian
107,539,5,888219420,M,1,32,retired
556,288,3,879516085,M,1,32,technician
63,217,5,882491361,M,1,22,scientist
630,275,3,880278326,M,1,27,lawyer
287,154,4,892329307,M,1,32,scientist
399,501,1,882604494,M,1,28,student
870,344,4,880217707,M,1,35,educator
340,692,3,892458770,M,1,26,scientist
385,28,4,891895394,F,0,54,other
553,564,2,882552296,M,1,27,other
143,849,2,880564792,M,1,30,technician
921,475,4,879798127,F,0,32,writer
539,781,4,881309416,F,0,54,artist
244,135,4,882650387,M,1,26,programmer
69,331,5,877688815,M,1,45,engineer
616,928,5,879761061,M,1,23,lawyer
303,161,5,876504089,M,1,27,retired
708,678,5,879264949,F,0,40,student
385,568,4,880906430,F,0,44,healthcare
782,1369,3,884326059,F,0,35,educator
301,22,5,891799636,F,0,25,educator
774,208,3,891778063,F,0,51,educator
13,1040,3,879847947,M,1,27,technician
828,117,5,879963394,M,1,51,marketing
238,42,5,882770593,M,1,40,lawyer
398,393,3,881213281,M,1,31,doctor
417,156,4,879820903,F,0,23,other
236,921,5,882542433,M,1,62,entertainment
401,200,5,891873822,F,0,40,educator
561,93,3,892244715,M,1,25,programmer
851,530,3,881938610,M,1,45,student
193,251,3,880086852,M,1,11,other
728,281,5,879693204,F,0,46,administrator
829,173,4,892239628,F,0,51,healthcare
237,824,2,892064601,F,0,32,librarian
44,125,1,877569367,M,1,38,entertainment
375,1124,5,880362369,M,1,23,student
234,307,5,891432459,M,1,28,student
311,278,1,879344366,M,1,35,student
887,952,4,891638140,F,0,23,librarian
826,22,3,891316782,F,0,49,librarian
551,234,5,891264139,F,0,52,administrator
1,215,4,879059036,M,1,32,programmer
334,170,1,886598260,M,1,19,writer
921,1387,5,879026561,M,1,35,programmer
786,405,2,882605184,M,1,38,librarian
875,923,1,883043326,M,1,40,administrator
490,520,3,882220073,M,1,27,programmer
181,514,5,888111010,M,1,31,engineer
561,705,5,875446770,M,1,25,librarian
126,760,5,887252330,M,1,30,none
654,468,3,879700569,F,0,39,administrator
551,1435,4,880266654,M,1,27,artist
264,288,3,879519196,M,1,51,educator
251,1217,2,882455673,M,1,28,lawyer
472,538,3,893265638,M,1,33,programmer
371,64,5,879853071,M,1,19,administrator
648,1089,2,881493055,M,1,33,librarian
110,494,5,892336260,F,0,33,artist
826,78,1,892545491,F,0,27,librarian
638,94,5,884761746,F,1,32,artist
457,647,3,885906455,F,0,53,librarian
889,1039,5,879811430,M,1,43,student
831,246,5,888399097,M,1,28,student
875,79,2,888943373,M,1,31,educator
828,474,1,892225556,M,1,35,other
187,596,3,888278419,M,1,29,technician
401,294,4,875559435,M,1,24,retired
200,1214,2,882738565,M,1,27,artist
402,53,2,884308866,F,0,39,educator
250,1176,1,886057679,M,1,32,technician
428,124,3,884373673,M,1,52,technician
474,940,5,891855883,F,0,50,artist
930,446,5,879840269,M,1,23,engineer
442,1449,5,883369053,M,1,44,educator
378,142,4,889577354,M,1,36,technician
246,572,5,879477785,M,1,30,educator
503,355,1,879931437,F,0,51,healthcare
660,385,5,892541688,M,1,25,student
821,12,3,886417548,F,0,43,librarian
577,100,2,885587344,F,0,35,educator
716,1001,5,879713642,F,0,52,librarian
638,85,3,880102376,M,1,32,engineer
95,181,3,882620915,M,1,52,lawyer
417,204,4,878001585,F,0,54,healthcare
278,387,2,881324203,F,0,52,artist
529,748,3,882578776,M,1,27,retired
518,43,4,884938477,M,1,51,student
13,140,4,882279254,M,1,43,programmer
938,386,3,880143907,M,1,28,doctor
537,660,4,882700828,M,1,28,technician
5,477,5,883212582,M,1,31,student
508,207,5,881872039,M,1,24,engineer
387,116,5,884514549,M,1,39,engineer
747,916,4,881046078,M,1,40,salesman
16,508,3,886946331,F,0,52,artist
623,860,3,891272446,M,1,27,entertainment
352,356,5,883225232,M,1,28,scientist
887,286,4,882179068,M,1,39,entertainment
405,172,4,891013877,F,0,30,librarian
111,98,5,886113639,M,1,36,technician
374,180,4,880976321,M,1,27,educator
558,509,5,884363171,M,1,32,programmer
852,358,5,880027699,M,1,40,educator
139,470,4,875453977,M,1,35,marketing
796,181,4,879677231,M,1,32,student
101,127,5,880336174,M,1,49,entertainment
708,321,2,875880501,F,0,31,librarian
463,175,4,886936880,M,1,27,other
683,153,5,892322235,M,1,27,artist
201,118,2,891231284,F,0,38,librarian
122,568,2,882701044,M,1,31,technician
449,628,3,879596005,M,1,49,executive
555,292,3,888283549,M,1,28,programmer
395,1206,2,879664662,M,1,32,marketing
533,462,3,879866822,M,1,28,student
537,5,4,892744330,M,1,30,student
846,13,4,879990289,M,1,38,educator
566,328,3,882736875,M,1,24,educator
535,121,3,879738914,F,0,50,administrator
406,661,5,879623622,M,1,36,administrator
405,153,3,879955119,F,0,36,administrator
863,281,1,891767775,M,1,29,technician
910,1403,3,889625307,M,1,33,student
405,340,3,892079576,F,0,51,educator
361,1020,2,879697152,M,1,28,programmer
559,127,4,882921532,M,1,32,librarian
630,1047,1,883722666,M,1,30,programmer
334,13,3,880558585,M,1,40,programmer
634,569,3,891967883,F,0,36,librarian
117,91,3,891525842,F,0,52,librarian
18,743,1,882525120,M,1,26,entertainment
896,231,2,886197407,M,1,27,programmer
232,1048,3,882804416,M,1,26,programmer
820,222,2,876122421,F,0,40,artist
145,781,3,891521042,M,1,17,librarian
44,186,3,882547053,M,1,50,executive
255,1011,3,879644848,M,1,30,programmer
789,53,1,883883995,M,1,43,engineer
919,778,3,891342141,M,1,52,educator
224,591,5,891997474,M,1,32,scientist
522,473,2,875962642,F,1,51,salesman
537,892,4,891833308,M,1,38,technician
647,391,3,892648499,M,1,36,educator
258,670,4,882460581,M,0,40,scientist
19,546,5,880892039,M,1,20,executive
487,289,5,880041487,M,1,26,executive
408,1270,5,880269892,M,1,28,artist
617,1472,5,891467178,F,0,39,librarian
857,815,2,891656319,M,1,54,writer
239,98,4,877447948,M,1,23,technician
739,9,5,880295285,M,1,25,educator
708,474,3,882879869,M,1,20,retired
612,1618,2,883058149,M,1,27,student
280,380,3,884631123,F,0,35,librarian
313,988,3,892451226,M,1,27,other
587,457,5,880910352,M,1,62,technician
588,603,5,882418696,M,1,44,programmer
56,498,3,880007696,F,0,32,administrator
603,640,1,880705300,M,1,28,programmer
662,498,1,880837510,M,1,24,programmer
655,65,4,882699862,F,0,50,writer
356,655,4,877046803,M,1,27,technician
449,282,4,884472305,M,1,27,programmer
888,312,2,875865702,M,1,24,student
538,451,3,880528961,F,0,31,other
315,202,3,880291163,M,1,35,programmer
291,246,3,892228213,M,1,35,entertainment
790,298,5,888827075,M,1,39,student
318,193,5,891596632,M,1,51,scientist
341,974,3,891793273,M,1,27,educator
287,585,4,892011686,F,0,45,writer
260,94,5,883103268,M,1,28,librarian
673,938,5,892447067,M,1,28,student
660,168,1,878637726,M,1,26,scientist
496,94,3,879934281,F,0,43,librarian
130,174,2,875584669,M,1,39,scientist
813,1129,5,885112401,M,1,32,artist
655,468,2,884544189,F,0,52,educator
643,1073,2,888847774,M,1,35,marketing
617,242,4,879711105,F,0,31,student
609,966,3,886221357,M,1,26,administrator
152,1336,3,882749132,M,1,24,technician
532,286,5,880215065,M,1,30,student
280,1428,4,882551803,M,1,50,educator
434,946,1,884051020,M,1,35,executive
836,208,4,880753296,F,0,50,healthcare
914,840,5,880133719,M,1,43,executive
294,90,5,879905352,M,1,39,programmer
62,258,4,892363485,M,1,47,programmer
405,557,3,891481822,F,0,51,librarian
917,1082,2,892141374,M,1,30,none
280,1203,4,875817533,F,0,52,educator
405,449,5,883247078,M,1,30,educator
930,234,3,885354462,M,1,38,other
871,904,4,878983883,M,1,34,educator
675,1115,2,880202237,M,1,33,student
517,479,1,891232937,F,0,43,salesman
299,1,4,883000535,M,0,36,writer
633,849,5,883034620,M,1,28,student
815,898,5,879621148,M,1,28,programmer
642,183,3,891400384,F,0,35,librarian
130,174,3,881715376,M,1,40,programmer
11,118,5,892310783,F,0,46,artist
437,411,5,891969753,F,0,36,educator
605,574,3,888225983,M,1,35,programmer
515,661,4,892325223,M,1,27,executive
573,100,5,880175750,M,1,39,student
465,463,1,878774017,M,1,27,scientist
899,126,3,875451897,M,1,26,student
698,685,3,892710750,M,0,27,other
485,82,4,882383184,F,0,47,homemaker
407,797,5,879506493,M,1,27,programmer
643,134,2,891743752,M,1,35,educator
79,85,5,889728749,M,1,45,marketing
181,490,5,882194963,M,1,45,entertainment
655,208,4,889390221,F,0,50,writer
327,640,4,879686187,M,1,36,student
374,126,5,892819785,M,1,36,programmer
500,1050,5,885223352,M,1,26,scientist
296,82,1,879555974,M,1,50,administrator
701,541,5,891567791,M,1,30,programmer
44,650,5,881247488,M,1,35,executive
426,625,3,892316148,M,1,31,technician
450,479,4,880056547,F,0,28,writer
862,277,1,883780518,M,1,44,technician
19,576,5,891685996,F,0,33,salesman
328,866,5,882927594,M,1,30,student
765,385,3,879190285,F,0,31,healthcare
519,333,4,882614665,M,1,19,student
724,418,1,881761233,M,1,31,executive
269,554,3,884620554,F,0,39,artist
788,381,4,879529969,M,1,26,other
771,96,3,879681711,M,1,18,technician
933,433,2,880397135,M,1,32,educator
127,1126,4,891848666,M,0,24,entertainment
533,628,3,884480237,F,0,42,homemaker
417,493,3,889211672,F,0,24,artist
7,88,4,882214326,F,0,32,librarian
637,480,2,881134700,M,1,45,student
902,109,3,880795154,M,1,26,marketing
394,53,4,883387599,M,1,31,educator
942,238,5,891468377,M,1,52,executive
405,100,3,884613751,F,0,58,librarian
449,42,5,879374972,M,1,33,technician
551,173,3,880749392,M,1,43,other
142,95,5,893182052,M,1,45,educator
65,93,4,891582591,F,0,52,educator
823,473,3,885145235,M,1,45,educator
474,112,5,890855458,M,1,39,student
849,898,3,882836059,M,1,31,programmer
629,604,4,874997074,F,0,24,librarian
406,265,4,882599189,M,1,25,student
114,127,2,879452469,M,1,51,educator
4,681,5,887582480,M,1,23,retired
895,183,5,891325370,F,0,31,librarian
409,1059,5,882800915,F,0,32,librarian
775,1369,5,882265365,M,1,40,educator
846,726,2,879804380,F,1,27,student
922,276,2,883185039,M,1,33,programmer
452,316,1,880666753,M,1,26,engineer
670,819,5,875872311,M,1,25,educator
622,1592,2,883501855,M,1,43,homemaker
303,234,4,882387431,M,1,36,executive
201,79,4,879859151,F,0,31,librarian
754,276,5,879679509,M,1,35,programmer
269,659,4,879622839,F,0,31,educator
627,294,5,879076256,M,1,38,entertainment
727,414,2,878743405,M,1,32,educator
727,264,5,877028793,M,1,27,programmer
887,380,2,884222844,F,0,50,librarian
561,705,5,892025831,M,1,31,none
49,91,1,881877814,F,0,36,librarian
13,143,5,882628005,M,1,27,engineer
621,815,5,883169243,M,1,37,programmer
843,78,4,891946346,F,0,36,librarian
197,25,4,882226643,M,1,29,entertainment
869,1591,5,888856058,M,1,27,doctor
551,558,5,891119286,M,1,39,student
436,276,4,882648567,M,1,39,student
666,483,5,879493735,M,1,28,educator
707,242,4,879980734,F,0,52,artist
655,712,4,879669052,F,1,30,writer
632,722,4,892144104,M,1,27,student
890,1512,2,879719652,F,0,44,librarian
382,771,3,877455811,M,1,41,homemaker
299,628,2,879702459,F,1,51,administrator
47,35,3,876121364,M,1,27,educator
798,302,3,881319762,F,0,39,educator
258,127,4,875878781,F,0,33,educator
181,269,4,882970163,M,1,28,administrator
425,876,2,886329725,M,1,32,technician
208,447,4,891526730,M,1,27,programmer
818,191,3,891791246,F,0,50,healthcare
450,748,5,882918435,F,0,25,artist
80,1028,1,891399371,M,1,27,programmer
647,660,5,893238384,M,1,28,scientist
553,393,5,882536292,M,1,32,artist
169,196,3,879623167,M,1,40,lawyer
171,1255,2,882733353,M,1,35,artist
417,215,1,879707793,M,1,24,retired
833,170,1,880045634,M,1,28,technician
193,627,1,892557980,F,0,51,librarian
131,433,4,892049141,F,0,28,writer
327,356,3,880697109,M,1,52,executive
733,715,3,879598716,M,1,39,scientist
727,716,3,886274626,M,1,31,artist
533,993,1,875534541,M,1,44,retired
82,348,1,878163846,M,1,54,programmer
404,24,1,876993679,M,1,39,educator
213,674,3,879505533,M,1,23,executive
429,781,5,879626265,M,1,51,executive
896,456,5,886050433,F,0,44,librarian
825,357,4,880594722,F,0,20,other
203,17,5,882673136,M,1,40,administrator
166,763,3,880022768,F,0,30,librarian
758,917,4,892034277,M,1,34,engineer
296,237,4,880904896,F,0,51,librarian
181,290,5,882418783,M,1,22,artist
542,340,4,882603439,F,0,35,librarian
620,2,5,883224279,M,1,28,programmer
276,485,5,880030501,M,1,28,student
7,257,3,891496487,F,0,33,educator
23,1410,5,886437572,M,1,52,engineer
62,176,3,883962474,F,0,39,librarian
429,477,3,883306585,M,1,27,programmer
85,209,3,882597634,M,1,33,educator
398,118,5,886530129,M,1,24,engineer
782,383,2,885115202,F,0,35,healthcare
647,358,4,883523945,M,1,27,salesman
755,374,4,876934289,F,0,30,other
363,127,5,886521021,M,1,25,other
268,860,5,877672253,M,1,26,educator
650,665,4,879681661,M,1,27,educator
703,633,3,882955074,M,1,35,administrator
707,404,4,879898273,F,0,31,librarian
622,470,5,879281322,M,1,33,technician
95,1230,3,879876202,M,1,32,none
234,237,3,888901383,F,0,32,librarian
405,1428,4,878856765,F,0,18,healthcare
435,673,1,879200497,M,1,40,programmer
162,210,5,882893509,M,1,31,technician
379,521,4,882710705,M,1,52,writer
87,1028,4,892480143,M,1,44,administrator
479,280,5,891738878,M,1,29,student
179,431,3,878664904,M,1,25,lawyer
696,94,4,875736105,M,1,35,scientist
839,219,2,891698313,M,1,28,programmer
840,474,2,881501665,M,1,23,educator
782,436,3,880915923,M,1,23,lawyer
651,1028,2,875358947,F,0,10,homemaker
50,144,5,879770115,M,1,23,educator
199,223,5,880585103,M,1,32,technician
325,180,5,880784857,M,1,32,educator
489,1105,5,876605699,M,1,38,student
457,21,1,884891678,F,0,52,healthcare
655,201,5,879780107,F,0,32,artist
258,558,4,879678138,F,0,45,homemaker
170,135,4,880129412,M,1,35,student
189,1226,1,879256387,M,1,19,student
312,294,3,879369154,M,1,27,programmer
887,1134,5,891229709,M,1,31,executive
328,317,3,882479900,M,1,26,programmer
708,802,3,883241166,M,1,27,educator
527,468,4,882445391,M,1,49,entertainment
846,248,5,883025631,M,1,58,marketing
622,25,3,885218777,M,1,43,educator
113,98,2,875302798,M,1,33,programmer
916,425,3,892189218,F,0,35,librarian
60,204,4,889205628,M,1,28,lawyer
186,972,5,882383658,F,0,51,educator
764,211,2,882537538,F,1,33,artist
174,25,4,893183097,M,1,33,administrator
870,472,1,882770697,M,1,18,educator
222,480,1,882083661,M,1,27,other
930,824,3,880512664,F,1,40,other
28,893,3,888391670,M,1,26,educator
27,222,4,886643507,M,1,24,student
504,139,4,881673807,M,1,27,educator
100,326,4,890362013,F,1,28,healthcare
582,5,3,882952566,M,1,44,scientist
776,173,4,880153785,M,1,27,student
591,996,4,879570767,M,1,22,programmer
373,233,4,883852237,M,1,32,executive
691,1066,5,892582440,M,1,37,educator
812,647,5,877977110,M,1,35,technician
79,22,4,882881765,M,1,35,scientist
200,21,5,879738935,M,1,26,engineer
57,22,3,886676779,M,1,39,technician
230,323,4,879604409,F,0,35,writer
897,268,2,881173292,M,1,31,educator
815,121,1,876457324,M,1,57,administrator
454,288,5,892461242,M,1,47,educator
257,64,3,880181713,M,1,28,entertainment
805,1245,1,879251884,F,0,44,librarian
174,162,3,884906423,M,1,34,educator
314,713,3,882489944,M,0,52,technician
537,4,4,892414207,M,1,27,administrator
704,872,3,891677799,M,1,44,executive
271,241,3,891833731,M,1,47,artist
181,741,5,875035009,M,1,27,technician
422,642,5,883131645,M,1,28,artist
73,371,1,891618197,M,1,27,programmer
114,707,3,886940890,M,1,22,librarian
846,276,4,878368718,M,1,27,student
161,192,5,891710566,M,1,28,technician
875,367,4,882529959,F,0,35,healthcare
239,1,4,884154513,M,1,23,scientist
875,313,2,883889254,M,1,35,educator
12,483,5,883122934,M,1,32,scientist
175,1220,3,880950320,M,1,50,student
645,1638,3,882765823,F,1,39,homemaker
493,795,5,892186702,F,0,31,librarian
807,294,4,882611337,M,1,29,other
939,774,5,892333551,F,1,31,librarian
308,1335,4,891750205,M,1,36,educator
858,441,1,886736812,M,1,28,artist
708,50,4,881762520,F,0,32,writer
655,15,1,875406500,F,0,52,librarian
648,142,5,891739738,M,1,28,executive
302,872,1,882790445,M,1,32,educator
8,272,4,887994604,M,1,28,student
399,396,5,882953731,M,1,27,educator
788,1136,4,880992907,M,1,40,technician
119,511,5,879322139,M,1,19,technician
919,401,3,880952523,M,1,23,writer
320,98,1,879681225,M,1,23,administrator
642,172,4,884384089,F,1,50,other
49,294,1,880806003,M,1,43,technician
634,109,5,879812808,M,1,29,educator
805,200,4,875635744,M,1,25,executive
782,172,4,879908592,F,0,43,librarian
558,89,2,886105860,M,1,24,doctor
929,1012,1,876361499,M,1,39,programmer
815,917,5,888216348,M,1,31,writer
312,625,4,891660212,F,0,49,librarian
889,931,4,884278151,M,1,28,technician
110,288,4,882743909,M,1,54,doctor
724,235,4,891816818,F,1,27,educator
586,179,5,884476328,M,1,28,student
405,742,4,886587108,F,0,24,other
774,73,4,882089733,M,1,44,retired
337,239,5,879797390,M,1,27,technician
365,44,3,891831464,F,0,50,doctor
577,607,4,891468749,F,0,50,healthcare
410,1218,2,891628558,F,0,36,healthcare
854,41,2,880807300,F,0,43,other
406,170,4,879105712,M,1,31,student
565,82,4,889210262,F,0,36,other
749,514,1,882859853,M,1,44,student
396,405,3,882715714,M,1,32,programmer
70,1607,1,875712809,M,1,44,student
527,203,4,891845446,M,1,32,administrator
484,474,2,892693632,M,1,64,technician
332,414,2,892057383,F,0,51,librarian
494,357,4,879669055,M,1,36,student
806,1469,1,884287968,M,1,49,lawyer
543,692,2,877800193,M,1,19,educator
145,31,1,891483265,F,0,39,healthcare
342,174,4,883190833,M,1,28,educator
205,298,3,884114595,M,1,43,educator
240,152,3,892012188,F,0,36,artist
435,638,5,882577225,F,0,26,homemaker
715,208,5,891574080,F,0,38,other
882,572,3,892379403,M,1,28,educator
385,515,1,891653834,F,0,31,healthcare
222,558,5,892063307,M,1,27,educator
672,1082,5,882655610,M,1,32,educator
590,181,5,878259414,M,1,36,lawyer
340,1222,2,882670685,M,1,19,executive
392,239,1,882852602,F,0,51,healthcare
863,4,4,892740689,M,1,35,technician
782,269,4,891662116,M,1,23,educator
116,387,1,884579657,M,1,23,student
747,531,1,876062121,M,1,36,artist
653,264,3,884638345,M,1,40,programmer
777,1,4,880396305,M,1,36,salesman
609,179,5,892089166,F,0,40,librarian
798,100,3,892726307,F,0,39,educator
299,127,3,882612557,M,1,29,scientist
660,917,5,892212198,M,1,39,retired
936,586,2,879978490,M,1,31,educator
387,513,2,880083628,M,1,32,student
665,215,5,881461064,F,0,25,educator
152,125,5,880008568,M,1,36,programmer
280,178,4,875805430,F,0,52,librarian
535,174,2,891935780,M,1,58,writer
109,639,4,880282776,M,1,28,artist
554,748,5,891784710,M,1,20,educator
805,272,3,882757732,F,0,51,librarian
779,1163,2,882784794,M,1,23,educator
682,597,5,880328233,M,1,31,educator
805,50,3,875204001,M,1,31,programmer
336,210,5,882503695,M,1,32,retired
213,126,5,879854425,M,1,22,technician
768,96,5,892063441,M,1,33,artist
890,329,5,880291032,M,1,29,artist
592,692,1,891928629,M,1,28,other
334,31,3,881493793,M,1,40,engineer
45,768,2,891371676,M,1,17,executive
389,1679,4,888349970,M,1,32,scientist
65,485,5,879345596,M,1,27,educator
927,686,4,880808075,M,1,19,librarian
92,790,4,889614894,M,1,23,administrator
405,111,5,880406044,M,1,30,programmer
390,623,5,878383794,F,1,28,engineer
669,452,2,882580151,M,1,25,doctor
570,849,2,880221078,M,1,21,other
651,1165,5,880273566,M,1,32,executive
896,223,4,876176402,M,1,32,programmer
457,179,3,881416382,F,0,51,educator
524,638,2,882406942,M,1,40,other
159,325,1,876481913,M,1,35,technician
789,288,5,891828002,M,1,39,programmer
447,1059,5,882471070,M,1,38,scientist
708,100,2,879314771,F,0,27,educator
290,597,1,882684526,M,1,23,executive
655,285,4,891693395,F,0,51,librarian
35,810,4,878214079,M,1,28,educator
506,209,1,880075265,M,1,27,executive
269,300,4,884459839,F,0,51,librarian
737,272,1,879800700,M,1,22,salesman
244,50,2,879738110,M,1,39,writer
393,572,2,886359897,M,1,27,technician
339,319,5,891722975,F,0,39,librarian
435,303,4,891715353,F,0,35,healthcare
523,566,5,883337077,M,1,31,retired
866,212,1,879423893,M,1,44,programmer
729,554,4,879874232,M,1,36,educator
108,508,3,887145021,M,1,27,technician
354,880,3,891363396,F,0,50,librarian
57,820,1,875736812,M,1,32,librarian
343,230,5,880342709,F,0,27,healthcare
911,471,4,877919128,M,1,27,other
473,54,1,890045877,M,1,31,scientist
698,211,4,882425865,M,1,18,administrator
831,741,4,886809232,M,1,33,marketing
682,98,1,888558730,M,1,36,student
537,411,4,881382475,M,1,32,student
315,487,2,882484568,M,1,25,technician
269,228,4,882121047,M,1,28,educator
707,91,1,882249114,F,0,48,educator
622,300,2,880593125,F,0,31,writer
222,683,3,875435156,M,1,30,other
592,940,5,891975299,F,0,44,writer
424,151,5,893049054,F,1,35,executive
646,208,3,879265772,F,0,31,librarian
930,204,3,880367073,M,1,21,artist
437,743,1,877439922,M,1,29,programmer
733,237,3,878011265,F,0,40,librarian
56,234,2,879926039,M,1,44,lawyer
796,518,4,879828730,F,0,36,librarian
110,284,1,882562952,M,1,28,educator
797,1326,3,875663896,M,1,24,other
449,1009,3,875917983,F,1,45,librarian
882,327,3,882851498,M,1,38,retired
92,125,4,888467389,M,1,45,administrator
279,90,4,879877223,F,0,46,artist
615,930,5,885296212,M,1,25,marketing
342,338,5,892365937,F,0,52,administrator
833,756,4,879953642,M,1,23,scientist
151,318,3,892281280,F,0,52,librarian
614,1234,1,877349730,M,1,40,programmer
405,204,4,882755374,F,0,35,administrator
833,318,3,892721111,M,1,40,lawyer
844,39,5,875252013,M,1,35,technician
256,106,4,879474504,F,0,10,librarian
758,294,3,881298103,F,0,49,healthcare
498,55,5,875027638,M,1,33,engineer
725,265,3,892240763,F,0,33,educator
780,740,5,882516748,M,1,36,programmer
655,228,4,878727167,M,0,38,administrator
606,385,4,893143843,M,1,26,technician
339,1296,1,891626000,F,0,23,healthcare
833,1281,5,882078811,M,1,43,technician
213,109,3,882608618,F,0,12,librarian
92,527,5,885806555,M,1,39,technician
193,392,5,880168280,M,1,63,other
158,236,5,893142565,M,1,28,student
707,762,4,879708472,F,0,25,administrator
398,188,5,878117546,M,1,39,marketing
916,87,3,892087333,M,1,31,administrator
798,79,3,892134325,F,0,36,librarian
86,1078,1,879476912,M,1,27,student
193,934,5,891640021,M,1,27,scientist
901,931,5,891993747,F,0,52,librarian
729,715,4,888177127,F,0,52,salesman
437,347,5,879952450,M,1,27,educator
811,603,2,892048637,M,1,27,executive
622,882,2,892165805,M,1,29,administrator
792,646,5,876470021,M,1,45,educator
900,140,2,879672827,M,1,25,educator
788,676,5,880129457,M,1,33,programmer
846,1296,4,879905431,M,1,39,executive
42,423,5,884004457,M,1,24,scientist
758,300,4,882706971,M,1,27,programmer
235,605,5,891575777,M,1,28,scientist
416,82,1,883063333,F,0,51,librarian
604,1227,5,879704718,M,1,27,educator
828,198,5,879701053,M,1,27,technician
543,13,2,877886480,M,1,31,doctor
889,845,4,877884904,M,1,31,scientist
889,1043,4,880882592,M,1,32,doctor
855,249,3,889065190,F,0,21,librarian
524,615,4,888573854,M,1,35,student
279,183,4,891902508,M,1,11,programmer
328,323,5,891265186,M,1,30,programmer
303,284,3,878400898,M,1,44,student
313,902,4,882317587,M,1,26,administrator
349,818,4,885841914,F,0,50,homemaker
707,496,1,879537435,F,0,36,healthcare
327,577,4,880328851,M,1,27,administrator
619,511,1,879902662,M,1,35,programmer
790,1578,4,891444343,M,1,24,executive
405,310,4,875689302,F,0,31,writer
15,339,2,881189078,M,1,52,programmer
280,275,5,879613190,F,0,40,librarian
50,504,3,880865092,M,1,11,technician
793,480,2,884771824,M,1,28,educator
223,183,5,882532733,M,1,35,administrator
224,139,4,882739684,M,1,31,lawyer
457,7,5,879750492,F,0,27,librarian
70,194,5,891734153,M,1,31,retired
559,340,3,881993547,M,1,51,programmer
486,324,4,876098821,M,1,32,student
321,124,1,881756692,F,0,52,librarian
394,250,3,882574661,M,1,51,programmer
727,161,5,879925820,M,1,28,engineer
715,998,5,881413482,M,1,66,educator
194,1118,4,887215039,M,1,33,educator
832,28,3,882803127,M,1,28,educator
173,569,3,881559452,M,1,52,lawyer
488,128,3,880097270,F,0,50,librarian
256,402,5,892319399,M,1,26,educator
776,792,2,883307243,M,1,29,student
381,117,5,880025343,M,1,25,engineer
158,988,5,884363190,F,1,52,other
5,117,2,879355026,F,0,52,entertainment
780,7,5,886884359,M,1,31,programmer
650,28,4,881843027,M,1,33,educator
488,208,5,878690929,M,1,26,executive
548,28,4,880853601,M,1,30,engineer
758,274,3,882912918,M,1,26,entertainment
73,451,4,882838958,M,1,28,executive
198,540,5,883010460,M,1,27,educator
730,727,1,882814720,M,1,32,administrator
23,902,5,880104727,M,1,28,educator
344,518,3,884583695,F,0,52,librarian
405,476,3,891552925,F,0,51,healthcare
761,1224,3,883122670,M,1,32,educator
617,518,4,876101054,F,0,32,other
605,1444,5,879610981,M,1,32,scientist
890,517,1,884024597,M,1,40,educator
10,934,3,884105747,M,1,45,educator
49,91,1,891223227,M,1,39,technician
401,937,3,879566983,F,0,35,librarian
860,276,5,880775047,M,1,24,technician
417,247,5,881374567,F,0,32,writer
716,217,5,877509656,M,1,36,engineer
186,117,4,882620223,M,1,36,scientist
894,181,5,884402373,F,0,39,librarian
417,198,5,881902409,F,0,50,librarian
450,125,3,892393277,F,0,51,librarian
751,123,3,879725500,M,1,27,librarian
488,414,3,875998190,M,1,22,lawyer
763,455,5,892543746,M,1,29,other
795,226,4,892244526,M,1,38,executive
501,98,5,892443145,M,1,34,technician
807,117,3,891589937,F,0,19,educator
406,280,4,892665563,M,1,32,student
735,694,5,883932105,M,1,24,technician
405,215,3,880097083,F,0,52,healthcare
682,447,1,877612144,M,1,27,programmer
381,622,4,880370727,M,1,27,student
770,468,5,877248538,M,0,33,salesman
389,483,5,879544440,M,0,32,healthcare
435,197,1,876257044,M,1,52,executive
91,724,3,879611475,M,1,34,writer
786,450,3,879654497,F,1,27,other
339,622,4,891920603,F,0,51,healthcare
500,846,2,875335948,F,0,12,librarian
554,500,3,875747564,F,1,24,educator
342,651,2,880303708,F,0,28,artist
249,531,1,884086163,M,1,39,entertainment
346,900,2,880230804,M,1,46,marketing
643,475,4,888350516,M,1,35,administrator
369,28,5,882646457,M,1,50,entertainment
588,372,5,882839301,M,1,34,student
401,252,5,881431641,F,0,51,librarian
532,831,5,892215438,M,1,26,student
599,206,3,882749734,M,1,27,educator
465,110,5,891709918,M,1,28,educator
222,724,4,882840903,M,1,51,technician
806,1033,3,883029730,M,1,39,programmer
152,919,4,879566933,M,1,31,programmer
234,49,4,880232980,M,1,28,scientist
276,436,3,892120639,M,1,28,engineer
479,152,1,879653354,M,1,24,programmer
421,161,5,882402425,M,1,23,writer
727,151,5,882781381,M,1,26,student
66,1381,5,886564531,F,0,57,healthcare
276,273,5,882405580,M,1,31,engineer
435,859,3,881422462,F,0,31,homemaker
504,381,1,891673896,F,0,51,healthcare
246,1610,2,883094434,M,1,32,marketing
543,760,5,888646004,M,1,24,technician
389,1035,5,891608945,F,0,36,educator
280,294,4,886577726,F,0,51,librarian
5,117,2,892158042,F,0,31,writer
232,222,3,884622406,M,1,30,scientist
345,295,1,886215374,M,1,19,other
698,499,1,879839760,M,1,26,educator
269,969,4,875426706,F,0,23,educator
221,255,1,881091669,M,1,27,student
118,28,2,892688694,F,0,36,artist
145,678,4,881696285,M,1,31,other
20,25,2,892254121,M,1,40,educator
468,628,3,883960775,M,1,51,educator
780,62,3,879874026,M,1,28,programmer
399,386,5,882661316,F,0,27,writer
791,39,3,879886166,M,1,38,other
380,464,2,883182618,M,1,25,technician
417,357,5,891791638,M,1,28,educator
938,466,4,886976892,M,1,52,technician
332,229,4,891970865,M,1,22,lawyer
5,222,5,880452864,M,1,27,student
211,307,1,880062219,F,0,52,artist
868,841,4,882943621,M,1,33,scientist
256,762,5,882403614,F,0,53,writer
128,294,2,892031450,M,0,33,educator
551,231,4,882530674,M,1,17,administrator
22,649,5,879520648,M,1,28,scientist
642,735,4,881563707,M,1,27,administrator
437,143,2,882247187,M,1,27,other
722,97,3,884516101,F,0,36,administrator
164,172,4,892256881,F,0,32,librarian
269,178,5,891707359,F,0,51,healthcare
378,735,1,880493961,F,0,50,artist
389,408,2,880768434,M,1,29,marketing
24,325,3,886707126,M,1,28,student
176,431,5,879781437,F,0,50,educator
244,173,3,885850652,M,1,20,educator
167,306,5,875759949,M,1,39,administrator
846,709,4,882612508,M,1,28,programmer
349,608,1,875416934,M,1,42,retired
830,347,5,880380193,M,1,28,lawyer
97,89,5,879509596,M,1,27,retired
438,204,4,887069470,F,0,32,educator
846,385,3,880177067,M,1,27,artist
49,584,4,879994590,M,1,47,administrator
707,183,4,880708061,F,0,27,artist
676,888,3,892999093,M,1,23,student
939,195,1,875174680,M,1,43,student
747,610,2,891908520,M,1,36,educator
651,737,3,883343437,M,1,30,technician
377,977,2,883015776,M,1,32,salesman
250,117,3,891749417,M,0,27,other
550,1041,3,886155045,M,1,27,lawyer
790,602,3,890853925,M,1,27,technician
846,298,4,886990207,M,1,31,student
141,300,2,892369048,F,0,27,librarian
284,663,5,879540625,M,1,24,programmer
374,996,5,879412931,M,1,26,engineer
458,69,4,881379714,M,1,27,educator
848,316,5,882387686,M,1,17,programmer
267,1055,2,876065129,M,1,32,artist
777,1310,2,880269910,M,1,39,other
697,202,1,879916801,M,1,27,technician
537,121,4,891947931,M,1,27,student
800,956,5,880094951,M,1,36,homemaker
305,134,2,882672488,M,1,31,student
343,175,5,889076084,M,1,33,programmer
806,129,4,880337462,M,1,35,student
425,127,1,892538334,M,1,32,programmer
491,234,1,891687667,M,1,52,educator
374,312,5,879203441,M,1,28,engineer
270,186,3,892140683,M,0,35,other
928,145,3,879969829,F,0,51,librarian
234,100,4,884424660,M,1,27,student
704,174,3,881464804,F,0,26,other
361,1132,5,882315297,M,1,38,entertainment
399,650,3,892445196,M,1,39,artist
848,186,3,879663271,M,1,31,student
463,79,5,884823093,F,0,36,other
608,987,1,891177045,M,1,30,entertainment
745,846,4,883934866,F,0,51,healthcare
434,374,2,882540363,M,1,36,student
7,685,4,892286783,F,0,19,librarian
145,313,4,880841241,M,1,36,student
509,313,1,880651712,M,1,48,educator
842,1379,5,878784872,M,1,32,technician
481,8,5,879598806,M,1,35,educator
796,887,3,879787243,F,0,36,educator
14,511,4,879658641,M,1,28,administrator
408,242,3,878958388,F,0,23,healthcare
212,306,3,882201189,M,1,39,other
670,744,1,880316595,M,1,31,lawyer
318,68,5,879874984,M,1,27,artist
753,693,1,879694757,M,1,32,student
255,480,2,883801749,M,1,31,programmer
794,59,3,882762246,M,1,24,student
344,276,5,880116733,M,1,27,student
650,312,3,892865475,M,1,39,engineer
583,489,1,891769040,M,1,53,artist
903,188,1,880242435,M,1,46,technician
846,176,4,875664818,M,1,38,technician
444,172,5,886418093,M,1,35,administrator
457,742,3,882524254,F,0,55,librarian
751,720,5,882801724,M,1,32,educator
661,640,5,881353124,M,1,28,educator
857,484,3,882873819,M,1,51,executive
771,151,5,879917000,M,1,42,administrator
433,238,2,878433286,M,1,43,other
936,77,1,892253755,F,0,31,librarian
631,177,3,891720849,F,0,31,librarian
597,471,5,883035569,M,1,46,entertainment
653,408,5,879170028,M,1,32,engineer
878,97,4,882649691,M,1,50,executive
151,229,3,888407699,F,0,35,educator
796,874,3,882852219,F,0,18,lawyer
722,245,4,879983194,M,1,23,student
218,76,1,892261866,M,1,32,other
867,802,4,880325759,M,1,33,student
833,215,3,889128925,F,0,24,educator
276,402,1,875311095,M,1,46,student
145,827,5,875186489,M,1,30,executive
592,184,5,886773359,M,1,24,marketing
405,100,4,879851879,F,0,53,writer
524,1143,5,882598219,M,1,38,technician
425,746,1,880848694,M,1,27,technician
349,271,5,892195412,M,1,36,technician
938,170,1,877987268,M,1,35,educator
542,229,5,879509258,M,1,49,educator
328,22,3,891399073,M,1,28,educator
643,254,3,878352215,M,1,36,writer
500,538,4,879863639,M,1,32,programmer
718,100,3,878088802,M,1,29,artist
782,100,3,887668060,M,1,27,educator
182,141,3,889361924,F,0,52,healthcare
932,347,5,879836308,M,1,30,executive
897,569,3,875645254,M,1,19,programmer
270,385,3,884643486,F,0,31,librarian
1,198,5,880934581,M,1,44,technician
472,13,3,890788173,M,1,26,engineer
56,231,5,879006651,M,1,25,programmer
916,310,4,879436676,F,0,31,writer
458,591,5,883198991,M,1,28,educator
405,95,4,892225402,F,0,11,other
148,160,5,892780991,M,1,48,executive
468,499,3,879849355,M,1,24,writer
382,631,1,879620503,M,1,40,educator
496,56,3,876153485,M,1,28,programmer
846,89,5,879141270,M,1,26,engineer
49,591,4,879544925,M,1,65,student
418,186,3,880281695,M,1,31,other
234,463,5,880490577,M,1,26,scientist
303,9,4,884203700,M,1,23,scientist
286,276,4,877431774,M,0,38,technician
807,1118,2,891788975,F,0,53,educator
462,629,4,883784365,M,1,32,retired
10,327,3,885027336,M,1,31,student
280,672,1,879778926,F,0,39,librarian
234,1218,1,890777695,M,1,30,engineer
655,1005,2,880736433,F,0,46,educator
399,1093,2,875866239,M,1,27,other
267,826,3,880558602,M,1,26,student
592,606,1,879541866,M,1,35,artist
282,915,2,892410365,M,1,46,marketing
472,258,1,891419317,F,0,23,salesman
283,443,5,880030794,M,0,31,homemaker
655,100,3,885758608,F,0,57,educator
557,1176,5,881136260,M,1,32,student
96,538,3,891597374,M,1,21,other
378,98,3,892415403,M,1,31,retired
546,1020,1,881750486,M,1,39,student
284,31,2,883249311,M,1,29,technician
463,531,4,891608281,F,0,51,librarian
405,28,5,892148441,F,0,36,educator
686,974,1,880148205,M,1,41,artist
654,93,3,892642539,F,0,39,librarian
831,515,2,891261105,M,1,28,other
653,1533,5,880350674,M,1,28,educator
907,250,5,882179382,M,1,40,programmer
151,742,3,884280501,F,0,33,healthcare
43,328,3,882926057,M,1,58,student
719,57,5,891978701,M,1,23,marketing
796,1001,4,884839804,F,0,31,librarian
368,680,1,882740432,M,1,44,lawyer
704,546,2,892244148,M,1,27,programmer
497,271,3,891849538,M,1,33,other
829,1510,3,892524940,M,1,24,salesman
343,69,2,880824957,M,1,38,administrator
299,621,5,880161290,M,1,32,technician
486,243,3,891995774,F,0,36,student
314,402,3,891459065,M,1,23,programmer
530,148,4,880322320,F,0,25,writer
860,85,1,882122692,M,1,43,technician
269,223,4,882634630,M,1,24,programmer
932,1028,4,886667131,F,0,35,homemaker
340,86,1,891589435,M,1,27,marketing
457,8,4,891803930,F,0,31,none
276,408,5,884096059,M,1,35,engineer
450,1218,4,891153132,F,0,35,healthcare
616,82,4,891351678,F,0,35,healthcare
738,952,1,885118341,M,1,33,other
847,557,4,893193423,M,1,25,educator
86,738,5,880659975,M,1,31,doctor
709,64,5,878471349,M,1,20,executive
661,13,2,879704801,M,1,34,educator
485,625,4,887625934,M,1,27,educator
326,1073,1,882288364,M,1,30,other
423,571,1,882474253,M,1,52,technician
29,601,5,880451205,M,1,33,artist
796,685,4,892020929,F,0,51,artist
405,1273,3,876070664,F,1,35,artist
92,180,4,881089838,M,1,28,doctor
151,25,2,881070112,M,1,36,writer
381,55,5,882973094,M,1,31,programmer
184,284,2,885077314,M,1,27,educator
848,284,2,882805525,M,1,24,educator
123,553,3,882763244,M,1,29,programmer
843,634,3,880226000,M,1,39,other
416,405,4,892117866,M,1,33,educator
846,191,3,875189061,M,1,51,scientist
56,245,3,880947378,M,1,39,executive
339,1251,3,884111068,F,0,11,librarian
866,7,5,891463846,F,0,32,salesman
551,823,5,879852051,M,1,27,administrator
109,315,5,880314044,M,1,40,educator
567,313,3,879864524,F,0,19,librarian
471,818,5,880005848,F,1,53,librarian
130,294,4,879723060,M,1,32,other
552,528,5,882472721,F,0,27,salesman
88,454,1,883070832,M,1,32,lawyer
151,215,2,879739705,F,0,30,educator
381,280,5,877622323,M,1,29,student
405,357,3,881216393,F,0,50,educator
850,1336,3,891873661,M,1,28,student
896,1152,5,892204591,F,0,52,educator
606,83,5,892524507,M,1,28,educator
880,479,1,875556380,M,1,39,technician
675,289,2,879771221,M,1,19,student
543,1078,3,876828463,M,1,23,student
354,636,5,889667733,M,1,31,student
406,286,3,891897680,M,1,48,programmer
21,421,3,886192697,M,1,51,other
450,673,1,881503905,F,0,45,educator
374,934,4,886323998,M,0,37,other
279,483,5,889855275,M,1,25,programmer
250,204,3,891421327,M,1,44,student
236,210,5,891176133,F,0,28,writer
197,749,3,889303345,M,1,32,scientist
181,181,3,882825765,M,1,28,student
887,754,5,891247809,F,0,50,administrator
655,347,4,892422887,F,0,31,librarian
392,312,3,886816945,M,1,32,technician
369,236,5,880460771,M,1,28,other
70,122,3,881549755,M,1,25,programmer
592,81,5,888747477,F,0,53,librarian
308,9,5,891377335,M,1,32,scientist
503,1679,2,875590188,F,0,50,librarian
207,15,5,882666221,M,1,36,programmer
894,471,4,880625000,M,1,27,administrator
881,408,5,881154426,F,0,35,librarian
758,480,4,875303756,M,1,27,engineer
894,748,4,886323804,M,1,32,executive
518,1033,4,884321532,M,1,45,technician
121,664,4,880976891,M,1,20,engineer
315,125,5,879976721,M,1,39,engineer
622,245,4,879622131,M,1,32,executive
550,1063,2,875297911,M,1,40,educator
130,779,5,879781260,M,1,19,technician
54,517,5,880181386,M,1,31,student
921,228,4,891828899,M,1,48,educator
385,694,2,892186071,F,0,11,healthcare
181,597,1,882727873,M,1,39,programmer
755,1387,2,876635344,M,1,28,doctor
269,354,4,891861402,F,0,51,homemaker
75,869,2,883013908,M,1,51,lawyer
145,410,5,879622260,M,1,32,engineer
435,48,4,875572609,M,1,49,administrator
406,294,4,891260726,F,0,23,librarian
328,1335,3,888619314,M,1,43,student
7,432,5,881286407,F,0,53,educator
253,1012,4,892266083,F,0,22,librarian
573,676,4,891763539,M,1,27,scientist
512,147,4,879855836,M,1,29,engineer
49,196,4,877490586,F,0,36,administrator
555,1612,3,882725678,M,1,40,educator
843,471,4,882494858,M,1,33,scientist
171,69,5,879839784,M,1,31,scientist
895,428,5,891481256,M,1,35,programmer
356,31,3,880066738,F,0,36,administrator
622,323,3,882579652,M,1,26,programmer
700,234,3,881132800,M,1,35,programmer
774,361,3,891657659,F,1,44,none
907,355,4,884824223,F,0,57,writer
234,269,4,881155280,F,1,35,administrator
378,698,5,880080172,F,0,30,librarian
105,128,2,892350449,M,0,28,writer
537,118,5,886547560,F,0,35,student
42,248,5,882120916,M,1,32,engineer
534,106,4,881005915,F,0,51,healthcare
235,480,5,892190989,F,0,39,administrator
604,408,5,882539287,M,1,27,librarian
911,674,2,878696295,M,1,24,student
492,293,3,880220728,M,1,45,programmer
868,665,5,888745762,M,1,27,educator
222,158,3,884453555,M,1,31,engineer
868,496,4,892840929,M,1,35,student
181,549,5,879262485,M,1,31,retired
708,95,5,883184789,M,1,31,educator
279,1219,4,888599468,M,1,32,scientist
289,979,5,879590403,F,0,40,artist
484,168,2,882009193,M,1,50,educator
385,1012,2,884580100,M,1,19,engineer
313,357,2,887176236,M,1,24,educator
115,70,1,877611570,M,1,38,artist
487,520,5,891261379,F,0,45,administrator
543,767,1,885074328,M,1,29,technician
472,174,4,875775873,M,1,26,homemaker
387,288,3,884109518,M,1,9,executive
914,399,2,879846354,M,1,31,educator
821,498,5,889360092,M,1,33,administrator
409,739,2,880863824,M,1,40,entertainment
629,218,5,891810803,M,1,39,programmer
653,228,4,891365378,M,1,37,educator
630,318,3,889971939,M,1,48,lawyer
263,492,4,880447839,M,1,27,other
577,187,4,877143801,M,1,44,administrator
929,762,1,891254708,M,1,32,programmer
239,245,4,889585218,M,1,24,scientist
155,345,2,879856979,F,0,39,healthcare
463,692,5,892817805,M,1,24,programmer
70,127,2,884290952,M,1,30,educator
655,294,4,879829012,F,0,51,librarian
544,1238,3,883408778,M,1,28,educator
813,952,2,891758222,M,1,42,educator
918,9,5,878317334,M,1,40,scientist
683,1160,1,886255974,M,1,36,programmer
371,701,4,886006968,M,1,26,engineer
846,15,5,891177274,M,1,33,engineer
238,413,1,883382591,M,1,25,administrator
262,845,5,891442893,F,0,35,writer
718,940,5,879529196,M,1,43,scientist
64,258,5,879866504,M,1,32,doctor
764,79,2,875995978,F,0,24,educator
28,186,3,883089857,M,1,37,administrator
626,725,1,888562992,M,1,51,programmer
907,229,5,875673361,M,1,18,educator
655,827,3,891896318,F,0,35,writer
224,39,5,892045924,F,0,60,writer
796,173,4,877450943,F,0,35,educator
680,775,5,892201884,M,1,39,technician
601,148,4,879879434,F,0,35,librarian
846,310,4,892374150,F,0,53,librarian
542,312,1,875111320,M,1,27,programmer
698,290,5,889321507,M,1,30,other
896,431,4,879980627,M,1,26,student
655,208,4,891702850,F,0,51,educator
810,1430,2,892418822,M,1,27,none
181,252,5,882292096,M,1,41,student
804,284,3,880148775,M,1,36,student
350,3,5,889234609,M,1,36,technician
846,148,3,891953319,M,1,23,programmer
379,10,5,875838224,M,1,36,engineer
762,518,4,879716708,M,1,31,administrator
790,289,5,880545439,F,0,44,administrator
313,138,5,875597896,M,1,30,entertainment
868,680,4,880457631,M,1,43,technician
697,338,5,876179410,M,1,39,educator
288,374,4,892402369,F,0,18,librarian
92,12,5,883113694,M,1,27,administrator
842,554,5,892086740,M,1,31,educator
489,487,2,891428898,M,1,38,writer
301,234,3,891358284,M,1,31,programmer
453,1244,3,880220201,M,1,25,educator
473,752,3,880556125,M,1,31,technician
479,756,4,891635391,F,1,43,student
413,748,5,877248132,M,1,23,programmer
450,21,4,891771288,F,0,51,homemaker
544,197,3,882833602,M,1,35,administrator
802,14,3,880619293,M,1,31,administrator
299,245,1,879149431,M,1,30,entertainment
504,310,4,879621947,F,0,39,artist
59,1676,5,878533847,M,1,23,student
745,348,3,892051355,M,1,27,executive
805,131,5,891665957,M,1,32,administrator
184,559,2,880193969,F,0,53,librarian
688,550,4,877579499,M,1,35,salesman
497,365,3,886909201,F,0,52,none
653,85,2,891593767,M,1,27,student
919,475,3,877447566,M,1,27,librarian
701,748,1,882289545,M,1,41,entertainment
500,15,4,878948711,M,1,35,writer
138,1,4,884591704,F,0,51,healthcare
157,343,5,891826789,M,1,34,doctor
828,1233,5,880021185,M,1,27,programmer
888,28,2,882840838,M,1,28,educator
848,544,4,888823937,M,1,33,educator
897,328,4,875374235,M,1,39,programmer
254,219,4,882755664,M,1,26,educator
775,407,1,880790271,M,1,26,scientist
73,55,5,882549494,M,1,28,programmer
532,1390,5,891709855,M,1,40,marketing
766,469,3,885656744,M,1,23,educator
603,1073,3,892931201,M,1,27,scientist
750,1163,2,879859681,F,1,32,educator
328,748,3,892018919,M,0,18,programmer
388,479,4,882822063,M,1,32,other
733,684,4,892433420,M,1,35,educator
655,100,4,893607658,M,1,18,student
440,134,2,882586297,M,1,31,student
106,4,5,882600112,M,1,23,educator
780,338,4,880071741,F,0,52,writer
216,151,3,883049588,M,1,33,programmer
409,8,1,879528513,F,0,52,librarian
244,77,4,875333707,M,1,59,administrator
846,4,4,879967013,M,1,27,student
684,1069,1,884195766,M,1,31,administrator
474,501,1,891973352,M,1,43,technician
889,430,1,879735667,M,1,39,programmer
269,70,4,880952638,F,0,35,administrator
732,1107,2,882963723,M,1,32,educator
205,1199,5,892467917,M,1,28,technician
487,94,5,882921352,M,1,49,executive
417,120,4,891772055,F,0,44,librarian
556,191,5,880681881,F,0,51,administrator
383,202,2,893000663,M,1,29,educator
75,655,4,889584583,M,1,30,administrator
864,330,4,890972443,M,1,53,technician
114,95,2,883165977,M,1,27,executive
379,382,3,882729311,M,1,17,educator
269,29,3,880536829,F,0,51,administrator
214,815,2,879773677,F,0,52,educator
826,515,3,880139873,M,1,44,programmer
130,340,3,888520584,M,1,30,entertainment
453,849,5,880003005,M,1,31,marketing
458,313,5,882714992,F,0,51,educator
329,729,5,884019021,M,1,38,retired
26,1540,3,892277676,M,1,27,other
907,218,4,888441485,M,1,35,technician
19,144,4,879938791,M,1,23,programmer
666,1412,4,886058786,M,1,50,executive
207,121,2,891692939,F,0,36,student
596,125,1,878294961,M,0,53,student
89,583,4,880682999,M,1,52,salesman
184,7,5,883099629,M,1,40,artist
892,633,3,879675357,M,1,27,executive
451,196,2,882974061,M,0,33,artist
754,1178,4,879672189,M,1,31,scientist
250,249,3,884269713,M,1,52,healthcare
550,191,3,888258059,M,1,39,programmer
164,123,3,880003769,M,1,27,educator
8,574,5,892059457,M,1,25,librarian
123,392,5,882766561,M,1,23,student
794,451,3,892185043,F,0,48,healthcare
717,257,5,875196352,M,1,53,programmer
758,127,2,882727390,F,0,34,librarian
617,278,4,875462813,F,0,51,student
480,510,1,891540173,F,0,39,educator
457,117,4,891797595,F,0,50,writer
716,1009,3,891609708,F,0,50,student
727,48,5,877120439,M,1,32,educator
87,934,5,891281087,M,1,19,executive
577,1228,2,878745723,M,1,28,executive
705,1041,4,892042662,M,1,31,lawyer
402,760,2,883181728,M,1,40,educator
128,174,5,880026770,F,0,52,administrator
697,197,1,882567525,M,1,60,student
425,76,3,884587408,M,1,28,programmer
130,403,5,884607637,M,1,9,administrator
487,29,4,881432903,M,1,51,student
56,1296,4,881455970,F,0,17,administrator
872,763,4,882828267,M,1,27,programmer
181,223,3,884969051,M,1,33,artist
889,150,3,875584011,M,1,27,engineer
787,81,1,888800760,M,1,43,lawyer
324,615,1,879422119,M,1,43,retired
144,455,5,879871024,M,1,30,other
936,1289,5,882345651,M,1,39,educator
363,318,5,876756139,M,1,24,writer
908,144,4,879865945,M,1,27,technician
276,1044,5,879335414,M,1,28,educator
14,144,2,881583147,M,1,28,administrator
159,540,1,875698782,M,1,39,lawyer
199,685,1,883036604,F,1,18,programmer
869,134,4,875478999,M,1,27,other
655,501,3,891768030,F,0,52,other
564,288,5,879691047,M,1,23,artist
902,340,5,880341518,M,1,28,educator
606,222,4,884008933,M,1,43,engineer
462,1105,3,879743666,M,1,39,engineer
898,88,5,879900275,F,0,33,librarian
93,660,2,879716329,F,0,27,salesman
29,39,5,891739292,M,1,39,student
806,346,2,891069952,M,1,24,none
82,1110,5,891669587,M,1,23,scientist
760,322,2,883419586,M,1,33,other
508,294,5,875951624,M,1,36,technician
796,200,4,882053253,M,1,50,scientist
788,458,5,882551240,M,1,45,programmer
339,1421,4,875559935,F,0,51,administrator
189,172,1,879616929,F,0,50,librarian
940,804,5,878451229,M,1,26,artist
561,554,2,884479571,M,1,27,educator
474,96,4,891498945,M,0,34,educator
401,100,1,879536473,F,0,37,healthcare
387,646,1,891479321,M,0,23,salesman
432,7,3,892441555,M,1,28,programmer
85,504,5,879029606,M,1,22,student
145,230,4,892614237,M,1,52,administrator
664,117,5,892367664,M,1,24,other
807,248,1,879317310,F,0,50,librarian
417,885,5,875433015,F,0,31,writer
101,591,5,879592424,M,1,40,programmer
279,515,5,880257792,M,1,52,entertainment
233,9,4,891728276,M,1,38,scientist
690,125,2,880240705,M,1,33,executive
617,1055,5,881102895,M,1,20,doctor
49,222,4,878326282,M,1,24,entertainment
456,222,4,878010499,F,0,36,educator
276,919,2,879722088,M,1,39,student
616,423,4,889199443,F,0,53,artist
207,172,4,879760300,M,1,27,student
617,313,1,879344624,F,0,50,librarian
128,382,4,884862419,F,0,13,healthcare
448,28,4,882887825,M,1,28,programmer
867,81,4,882770165,M,1,21,executive
605,691,1,888399640,M,1,27,programmer
710,228,5,883066668,M,1,47,salesman
406,117,2,875970188,M,1,39,administrator
279,180,2,875721261,M,1,36,student
642,567,4,892107848,F,0,58,other
906,356,5,881657341,M,1,38,technician
632,351,5,880242553,M,1,35,technician
339,467,5,883695588,M,1,44,programmer
749,959,5,879716816,F,0,26,other
159,222,5,879695770,M,1,51,scientist
265,89,5,892229174,M,1,25,student
878,321,2,880551302,F,0,52,healthcare
468,1248,5,880274928,M,1,50,writer
450,845,4,892067250,F,0,51,writer
165,15,1,891773279,F,0,50,healthcare
930,720,3,882673318,M,1,30,educator
392,191,4,879341884,M,1,51,educator
70,782,3,892091487,M,1,40,marketing
334,153,3,891865888,F,0,31,other
409,744,4,883019071,M,1,30,administrator
397,173,1,879579467,M,1,43,engineer
365,152,4,892536359,F,0,33,writer
148,139,3,892963814,F,0,27,librarian
537,1422,1,882269516,M,1,27,student
234,1045,3,879983950,F,0,51,librarian
514,273,3,882701784,M,1,31,lawyer
459,744,2,891686161,M,1,33,student
575,385,5,889762094,M,1,27,educator
894,56,5,882368717,M,1,28,technician
256,1063,2,880177780,M,1,33,artist
755,128,5,883167391,M,1,44,scientist
279,652,5,875249755,F,0,51,librarian
350,471,4,891261478,M,1,35,executive
577,68,2,880018121,F,0,32,healthcare
694,339,1,879764878,M,1,35,educator
696,871,4,888982295,M,1,27,programmer
391,274,3,891967000,F,0,35,librarian
655,63,4,891871148,F,0,54,writer
168,92,3,880265499,M,1,28,entertainment
788,98,3,879379269,M,1,40,scientist
227,182,5,886680532,M,1,35,other
391,735,3,882773157,M,1,26,technician
49,418,5,884110946,F,0,22,librarian
108,1042,3,882760120,M,1,32,technician
721,423,4,886358110,M,1,51,technician
351,627,3,882874374,M,1,32,educator
894,50,3,881911408,F,1,36,educator
121,129,5,883347757,M,1,26,student
279,709,3,891025992,M,1,43,entertainment
896,523,4,877353025,M,1,28,other
406,63,2,883484321,M,1,28,educator
128,169,5,880205150,F,0,44,programmer
296,932,3,890897257,F,0,17,educator
374,1273,5,882762678,M,1,34,other
60,503,4,883153157,M,1,28,marketing
708,89,3,892456410,F,0,32,librarian
782,403,5,891920826,F,0,26,librarian
417,441,3,881395859,M,1,39,scientist
378,275,4,882747565,M,1,23,programmer
669,515,1,880156559,M,1,28,student
269,488,2,892300883,F,0,33,other
417,70,4,892648029,M,1,27,educator
457,471,2,879652950,M,1,38,programmer
286,382,3,881036083,M,1,34,educator
362,568,4,891794077,F,0,35,educator
474,127,5,892292099,M,0,38,student
345,1048,4,877014782,F,0,39,healthcare
826,515,5,879846030,M,1,28,programmer
127,284,4,882417886,M,1,33,other
160,1000,4,892115899,F,0,35,librarian
336,228,4,892377217,M,1,26,technician
837,3,1,891936115,F,0,43,healthcare
561,659,5,877380037,M,1,23,engineer
463,53,2,891241487,M,1,40,educator
553,921,3,880055597,M,1,27,artist
378,1310,4,882504787,M,1,52,none
144,887,5,892257421,M,1,44,retired
613,99,1,883161516,M,1,34,educator
655,23,3,891491728,F,0,44,student
567,831,5,882423199,M,1,30,educator
447,641,3,881500093,M,1,51,doctor
312,1148,3,879149664,M,1,27,educator
198,72,5,881380049,M,1,28,executive
186,81,4,891365836,F,0,36,librarian
297,70,5,884051347,M,1,24,retired
758,1214,5,882865947,M,1,27,engineer
897,116,3,883269403,M,1,27,educator
268,484,3,892717335,M,1,32,programmer
269,853,3,879839408,F,0,51,writer
812,312,4,877872982,M,1,24,other
708,147,4,882597560,F,0,45,librarian
151,864,2,892021208,F,0,51,librarian
256,21,2,880272678,M,1,52,programmer
279,559,2,875934701,F,0,31,librarian
160,96,5,892417615,F,0,51,educator
219,692,4,877997301,M,1,31,educator
503,12,4,891672140,F,0,51,librarian
758,316,4,876082397,M,1,26,other
872,369,4,877649789,M,1,39,programmer
206,79,4,880128223,F,0,42,librarian
483,1633,1,889195627,M,1,35,lawyer
894,762,3,891085023,F,0,44,educator
299,86,5,879877479,M,1,39,executive
572,1014,4,878870282,F,0,44,librarian
334,1061,3,884650600,M,1,27,lawyer
271,106,5,880542598,M,1,38,programmer
592,631,5,879738604,M,1,34,educator
179,735,5,882260325,F,0,46,educator
690,57,3,879511757,M,1,49,executive
588,174,5,880554395,F,0,27,student
141,185,5,892108747,F,0,46,other
318,240,5,879705784,M,1,36,educator
815,47,3,880098047,M,1,40,other
682,310,4,888561339,M,1,35,educator
85,14,5,880363141,M,1,31,lawyer
334,150,4,880519569,F,0,46,writer
612,1079,5,877842557,M,1,50,salesman
630,210,5,883199279,M,1,27,engineer
524,288,2,877502577,F,0,52,librarian
303,63,5,880628999,M,1,28,student
660,955,1,886150504,M,1,27,executive
320,273,5,879822020,M,1,43,programmer
259,230,5,892225021,M,1,27,executive
587,1148,3,879769756,M,1,28,technician
475,759,5,884342207,M,1,35,student
158,141,5,879085964,F,0,52,librarian
77,501,4,883205857,M,1,26,technician
828,117,1,884164831,M,1,27,engineer
503,271,2,891748810,F,0,36,artist
367,109,4,879122579,M,1,54,student
160,48,5,880060256,M,1,28,educator
655,230,4,879920844,F,0,52,healthcare
787,900,2,879392119,M,1,34,artist
221,70,5,875179087,M,1,32,engineer
590,233,5,879931802,M,1,41,lawyer
839,197,3,880882261,M,1,19,technician
165,204,1,883036760,M,1,36,educator
489,739,3,884016251,M,1,35,educator
241,411,5,879503476,M,1,31,programmer
151,578,4,875163954,F,0,51,writer
101,474,1,879605409,M,1,30,executive
457,313,5,879809526,M,1,25,programmer
447,121,4,879294923,F,0,51,artist
870,303,4,882751695,M,1,23,scientist
865,1411,4,879552780,M,1,33,retired
682,475,4,884309074,M,1,28,executive
543,974,1,880129745,M,1,40,technician
122,445,3,879903756,M,1,32,marketing
716,1190,4,879922285,M,1,32,other
758,947,5,875645266,M,1,28,educator
268,602,5,892872514,F,0,51,writer
373,433,3,881105467,M,1,23,administrator
465,996,5,884490828,M,1,39,scientist
590,926,5,891760085,M,1,31,salesman
66,22,5,879661470,M,1,30,programmer
586,673,4,881357579,F,0,30,librarian
184,293,4,881053874,M,1,44,other
404,234,4,884400656,F,0,44,librarian
696,226,2,879574771,M,1,27,technician
393,1428,4,880906056,M,1,28,educator
913,51,4,880984099,M,1,27,student
409,1073,5,891337678,M,1,19,technician
648,492,2,883331789,M,1,51,educator
256,708,3,891982147,F,0,31,student
123,974,5,879763623,M,1,39,entertainment
906,173,5,878765360,M,1,41,programmer
387,66,3,891763312,M,1,50,student
879,127,5,889054682,M,1,28,scientist
313,1035,3,880164366,M,1,32,educator
751,930,1,879701420,M,1,38,executive
145,340,4,882394271,M,1,35,student
487,423,5,882700211,F,0,52,educator
121,100,4,879761738,M,1,25,educator
75,710,3,879871912,M,1,28,engineer
642,87,4,879960557,F,0,39,librarian
846,217,4,882865913,M,1,38,administrator
361,603,5,875271348,M,1,39,entertainment
358,1303,2,880486064,M,1,28,technician
399,200,4,891924589,M,1,32,student
250,473,1,882743683,F,0,44,artist
405,7,3,881082946,F,0,52,administrator
581,618,5,875550222,M,1,35,engineer
535,127,3,892286627,M,1,35,educator
639,15,4,875487439,F,0,29,other
883,621,4,882671374,M,1,28,doctor
381,89,3,879723424,M,1,27,educator
911,930,4,891503788,F,0,50,librarian
655,990,4,892329249,F,0,35,student
171,9,5,880157227,M,1,32,programmer
542,288,5,878602862,M,1,27,retired
503,762,5,883051120,F,0,44,educator
749,820,4,877746055,M,1,43,programmer
72,507,4,878493240,F,0,24,librarian
639,434,3,876080795,M,1,23,artist
472,648,1,881232620,M,1,47,entertainment
717,827,3,882598243,M,1,27,engineer
776,173,5,879542468,M,1,24,programmer
274,141,3,891422751,M,1,51,lawyer
279,630,1,879600523,M,1,37,student
186,1667,5,891340821,F,0,27,salesman
722,25,4,891941320,F,0,20,healthcare
128,79,5,879235282,F,0,50,student
722,160,1,892434900,M,1,32,programmer
661,840,1,875190526,M,1,31,other
239,684,5,892383940,M,1,23,marketing
942,88,3,882392129,F,0,39,librarian
372,271,5,883070293,M,1,31,none
381,151,5,879710119,M,1,28,engineer
488,362,3,891989815,M,1,23,technician
657,49,3,880087201,M,1,18,programmer
454,266,4,879852627,M,1,28,executive
763,121,3,884288043,F,0,52,artist
301,693,5,892272259,M,1,35,engineer
758,405,3,878578533,M,1,31,artist
607,322,4,882574224,M,1,31,artist
89,868,5,892704646,M,1,32,executive
667,500,4,882378213,M,1,25,educator
11,346,5,878299905,M,1,28,doctor
143,1533,2,884712252,M,1,24,entertainment
916,937,1,879898208,M,1,33,marketing
887,1063,4,884076747,F,0,51,administrator
297,542,4,879089196,F,0,31,other
653,474,5,886253134,M,1,23,educator
239,523,4,879768299,M,1,38,student
939,441,5,884640464,M,1,57,programmer
444,275,3,884822505,M,1,27,educator
842,949,4,879807134,M,1,29,educator
303,993,5,883123746,M,1,29,student
621,258,3,884741822,M,1,32,technician
540,15,5,880000973,F,0,28,programmer
297,302,5,879479234,F,0,32,administrator
473,690,3,893238525,M,1,28,scientist
738,531,1,881028236,M,1,18,technician
95,1626,5,886211197,M,1,39,student
618,826,4,879807666,F,0,49,librarian
415,615,4,884562233,F,0,51,none
352,321,4,891202569,M,1,40,scientist
508,391,5,883897098,M,1,23,engineer
804,554,2,877920430,M,1,27,programmer
378,511,2,891485044,M,1,22,educator
573,709,5,884306741,M,1,39,educator
391,338,5,882474120,F,0,56,student
138,265,1,884334629,M,1,50,programmer
456,511,1,880715406,M,1,26,engineer
262,123,4,879408063,M,1,27,technician
327,175,4,883286726,M,1,20,student
796,724,5,888509550,F,0,39,librarian
276,121,3,879771187,M,1,39,writer
324,447,4,891622873,F,0,51,healthcare
907,763,4,875911163,F,0,36,librarian
904,305,5,881051245,M,1,39,technician
648,261,5,879466380,M,1,31,technician
591,1224,3,885272785,M,1,28,student
207,826,5,877774467,M,1,32,executive
381,153,5,875839511,M,1,19,administrator
489,4,5,882968363,M,1,40,technician
680,402,2,880014418,M,1,32,administrator
378,1217,5,883118017,M,1,27,lawyer
590,240,5,879554616,M,1,30,executive
813,76,3,882848246,M,1,27,educator
393,1067,4,880292359,M,1,52,technician
566,245,5,879617367,M,1,30,administrator
186,350,2,886496056,M,0,50,executive
489,742,2,880418832,F,0,53,librarian
801,1545,3,882220418,M,1,36,programmer
557,350,2,886214492,M,0,31,educator
887,451,3,888549824,F,0,52,librarian
835,145,4,882357705,M,1,33,student
128,169,3,878339160,M,1,19,salesman
163,349,5,882656973,M,1,56,programmer
405,15,3,892173927,F,0,53,librarian
608,518,3,882968230,M,1,34,retired
357,1,4,891929780,F,0,51,other
260,117,3,879717098,M,1,35,educator
523,1079,3,886686729,M,1,32,educator
851,1404,2,883198722,M,1,32,artist
866,600,4,892870478,M,1,30,marketing
563,1128,1,879711276,M,1,26,entertainment
234,302,1,879205290,M,1,39,technician
181,136,5,879593926,M,1,30,artist
790,655,5,882450857,M,1,27,educator
563,705,5,891836627,M,1,35,programmer
105,15,3,886501495,M,1,17,educator
425,417,3,879348487,M,1,32,retired
89,507,5,879755763,F,0,42,none
780,192,5,882080795,M,1,52,entertainment
546,941,3,880069696,M,1,27,librarian
236,533,5,884401822,F,0,30,none
846,327,5,886283686,M,1,32,other
128,181,1,880049388,M,1,23,student
23,538,3,880287625,M,1,26,scientist
495,367,4,878903553,M,1,38,entertainment
923,127,4,892533284,M,1,28,educator
87,204,5,891576651,M,1,29,educator
860,595,5,880041150,M,1,39,engineer
405,258,5,879591694,F,0,35,administrator
169,271,4,882649237,M,1,22,student
206,531,4,880157440,M,1,39,administrator
151,333,4,882599363,F,0,31,educator
314,159,2,880652751,M,1,31,student
625,123,5,888440069,M,1,36,technician
456,268,5,888448174,M,1,39,engineer
503,235,4,878760046,M,1,31,executive
497,54,4,879601209,M,1,35,technician
497,50,5,888300173,M,0,51,student
49,312,3,883239505,M,1,22,other
749,239,3,891842567,F,0,44,librarian
174,11,3,891870349,F,0,50,librarian
201,271,3,882309280,M,1,26,scientist
650,293,4,889930847,M,1,36,artist
484,879,3,878945218,M,1,29,programmer
611,302,5,891938666,F,0,54,educator
44,186,2,884043366,M,1,25,student
119,196,5,879029201,M,1,46,administrator
636,181,3,880551971,M,1,27,entertainment
313,1135,4,884180090,M,1,35,educator
539,831,5,879741207,M,1,25,technician
302,810,3,891652036,F,0,39,librarian
457,693,4,883770964,F,0,47,healthcare
642,644,5,879270987,F,0,18,artist
264,268,2,892006030,M,1,58,writer
181,1157,3,882589775,M,1,50,engineer
739,261,4,882315926,M,1,31,executive
346,203,3,891478841,M,1,52,educator
774,1020,5,882603620,M,1,40,entertainment
846,56,2,892209661,M,1,36,educator
863,405,4,888769145,M,1,30,executive
327,359,2,880478506,M,1,43,retired
520,88,4,882289460,F,0,30,administrator
538,339,5,879659619,M,1,32,educator
181,133,5,882485492,F,1,32,engineer
716,173,5,892460916,M,1,38,student
64,87,2,892714186,F,0,36,artist
577,934,1,880946206,M,1,32,marketing
270,596,4,892522025,M,1,27,student
13,315,2,892798307,M,1,39,programmer
238,1051,2,892722521,M,1,28,student
92,384,5,882494415,M,1,34,educator
269,302,3,892295976,F,0,51,administrator
842,202,5,877684918,M,1,35,executive
145,142,5,880580275,M,1,45,none
13,154,4,891944357,F,0,50,healthcare
907,1035,4,891536910,F,0,49,writer
508,943,1,876982573,M,1,35,entertainment
216,766,1,882913374,M,1,28,programmer
606,880,4,878702601,M,1,24,educator
684,4,4,886870953,M,1,41,educator
646,257,4,883113920,M,1,62,doctor
642,546,5,892351579,F,0,52,librarian
709,64,1,878948150,M,1,50,entertainment
939,281,3,882098525,M,1,23,librarian
466,178,3,890515710,M,1,52,technician
594,903,3,875152715,M,1,20,doctor
151,117,3,889314148,M,1,27,educator
110,644,5,879509288,M,1,34,programmer
334,204,5,884626941,F,0,12,student
587,492,5,883332898,M,1,41,other
416,282,5,882657324,F,0,46,writer
258,512,5,888646414,M,1,27,educator
782,411,5,879860402,F,0,39,homemaker
199,971,5,879637894,M,1,32,lawyer
60,382,4,882183538,M,1,27,programmer
457,869,4,891858394,F,0,51,writer
764,274,4,880295786,F,0,40,writer
648,286,1,880423341,M,1,27,educator
655,127,4,879715572,F,0,39,healthcare
343,685,3,879455591,M,1,49,executive
739,276,4,888758483,M,1,28,other
694,50,1,879724174,M,1,28,programmer
287,238,1,888592193,F,0,23,librarian
52,768,3,880121698,F,1,19,lawyer
480,324,1,882486279,M,1,44,technician
793,689,4,875301034,M,1,27,educator
68,176,1,882390740,M,1,35,entertainment
321,147,4,892024496,F,0,42,librarian
711,762,4,879444478,M,1,23,educator
387,1180,3,886193498,M,1,39,programmer
299,294,1,883166044,M,1,27,educator
34,206,1,882887667,M,1,31,programmer
790,523,3,880467565,M,1,28,educator
151,748,2,879794849,M,1,27,student
316,376,3,892023336,F,0,52,librarian
513,1418,5,891834248,M,1,53,retired
495,481,3,884383609,M,1,23,administrator
846,162,4,880084540,M,1,32,educator
256,813,4,882729657,M,1,30,administrator
404,729,1,887211705,M,0,27,executive
756,347,2,877389134,F,0,38,educator
318,482,4,879119571,M,1,27,programmer
764,199,4,891876140,F,0,50,librarian
125,366,1,882729935,M,1,26,executive
569,977,1,882380084,M,1,50,other
891,202,3,881239779,M,0,44,lawyer
64,873,5,884343992,F,0,40,writer
237,175,5,883568240,M,1,51,engineer
87,174,5,885054843,M,1,19,marketing
720,152,3,879385748,F,1,39,homemaker
60,868,4,875750968,M,1,51,librarian
107,1048,5,879716592,M,1,52,retired
464,328,3,880512366,M,1,33,other
790,1439,5,886623702,M,1,23,salesman
457,200,1,891880853,F,0,44,educator
230,284,5,876450030,M,1,45,educator
182,24,3,891921935,F,0,51,educator
447,282,3,877891166,M,1,27,student
256,1223,1,877520684,F,0,26,healthcare
694,265,5,879903453,M,1,33,programmer
138,273,5,879791994,M,1,27,educator
303,293,5,882906914,M,1,27,educator
851,131,4,879866830,M,1,31,scientist
878,83,5,886595467,M,1,31,executive
361,62,2,879928659,M,1,27,entertainment
882,177,5,891125058,M,1,24,executive
657,65,2,883196027,M,1,49,engineer
128,238,4,879504853,F,0,43,healthcare
524,689,2,880737605,F,0,27,educator
147,286,3,879959767,F,0,29,homemaker
1,421,4,877298928,M,1,19,student
18,118,5,879751458,F,0,54,writer
94,652,4,893141478,M,1,35,student
535,1118,3,882764508,M,1,27,writer
302,639,1,878172910,F,0,35,administrator
688,246,4,878140032,M,1,39,technician
666,1222,2,888268056,M,1,23,engineer
64,22,3,892231945,M,1,31,librarian
271,500,5,875825010,M,1,19,entertainment
13,52,3,882403569,M,1,27,entertainment
655,177,2,885723479,F,0,51,librarian
484,567,4,879923888,M,1,19,programmer
499,1147,4,889648134,M,1,25,administrator
877,237,4,891865887,F,0,52,artist
89,748,4,882134593,M,1,28,marketing
197,433,4,882864559,M,1,28,educator
49,378,3,882743675,M,1,29,technician
591,243,3,891547244,M,1,32,student
102,264,3,879934407,M,1,29,librarian
454,736,3,880919289,M,0,31,other
488,356,4,879969630,M,1,33,scientist
334,601,2,880661907,M,1,25,writer
536,474,5,893255147,M,1,25,executive
834,25,4,882715246,F,0,30,writer
868,325,1,883273901,M,1,28,student
95,423,4,881031346,M,1,32,educator
824,229,4,880550210,F,0,43,salesman
60,49,5,879888682,M,1,28,programmer
253,484,5,882566713,M,1,38,executive
472,809,5,882782278,M,1,28,programmer
95,1039,3,879811128,M,1,35,engineer
405,1035,3,880285639,F,0,27,educator
620,673,4,892428002,F,0,39,librarian
880,87,3,875512421,M,1,39,other
463,176,5,879453021,M,1,32,technician
416,22,5,882781704,M,1,41,programmer
435,1134,3,892559238,F,0,51,healthcare
442,176,5,883017441,M,1,35,technician
427,483,4,882634614,M,1,31,other
749,302,5,892869425,M,1,24,other
320,93,5,891803838,F,0,44,librarian
635,1221,5,882928035,M,1,39,lawyer
649,391,2,883331032,M,1,31,student
902,431,3,884951764,M,0,27,marketing
640,581,5,891591332,M,1,18,student
805,1214,4,879446768,F,0,58,artist
381,23,2,879708292,M,1,45,librarian
308,526,1,878712996,M,1,31,student
777,38,1,891596459,M,1,44,entertainment
344,105,1,880623357,F,0,51,writer
99,144,5,881643731,F,0,35,educator
798,163,5,879862944,F,0,30,librarian
250,211,5,889303276,M,1,24,technician
568,384,5,880084320,M,1,28,educator
405,193,4,882636371,F,0,31,librarian
552,95,4,892405847,M,1,27,entertainment
496,529,1,879800395,M,1,19,scientist
617,238,3,879681804,F,0,24,student
757,79,2,879573403,M,1,20,educator
179,206,2,881441942,F,0,39,homemaker
518,465,5,891032075,F,0,51,healthcare
158,150,5,879763247,F,0,44,educator
867,988,4,881805128,M,1,28,educator
128,196,4,880161787,F,1,35,writer
393,127,3,879789951,M,1,51,educator
629,924,4,891385501,F,0,55,writer
874,467,5,879503796,M,1,23,programmer
611,932,3,879341812,M,1,25,technician
702,588,5,882343065,M,1,32,scientist
916,42,5,891871567,F,0,34,student
458,126,3,886621375,M,1,23,lawyer
405,263,4,891371231,F,0,51,librarian
794,200,3,885311586,M,1,35,technician
7,576,4,883062412,M,1,36,educator
436,300,4,879928334,M,1,27,educator
707,831,5,882668850,F,0,33,salesman
43,452,4,880642397,M,1,35,educator
269,492,4,888199011,F,0,51,healthcare
329,1014,5,883225559,M,1,26,administrator
128,111,3,892101739,F,0,52,librarian
209,904,4,882349601,M,1,35,student
4,415,4,882974739,M,1,23,programmer
500,1269,5,879769243,M,1,27,salesman
654,435,2,888543018,M,1,27,administrator
903,160,3,891808075,F,0,50,healthcare
55,1265,4,879963316,M,1,56,salesman
188,373,5,879925042,M,1,33,student
732,323,2,880121422,M,1,23,lawyer
329,323,4,879592529,M,1,30,educator
178,595,5,884307156,F,0,32,librarian
441,154,1,875681503,M,1,38,administrator
831,24,4,884571557,F,0,51,librarian
28,58,4,891770180,F,0,39,librarian
490,294,1,879518156,M,1,49,technician
898,410,5,878626467,M,1,27,student
279,694,5,892091441,M,1,51,executive
198,216,5,886437258,M,1,33,educator
924,781,2,877832807,M,1,51,administrator
586,934,4,879557404,M,1,27,scientist
332,22,2,878040114,M,1,36,educator
699,301,4,892312998,M,1,34,educator
52,961,5,878419356,M,1,27,lawyer
85,416,5,891021916,M,1,35,programmer
669,51,3,880352613,M,1,27,scientist
878,96,5,879516339,F,0,59,educator
863,1011,4,876177699,M,1,31,educator
861,739,4,878165813,M,1,35,administrator
363,449,5,880253030,M,1,36,marketing
151,363,4,875887326,F,0,44,educator
86,142,5,880546650,M,1,39,programmer
346,549,3,879745953,M,1,27,student
561,705,3,891033178,M,1,38,administrator
709,233,4,892218259,F,0,53,healthcare
239,846,1,888937708,M,1,35,retired
234,507,5,877452286,M,1,29,entertainment
745,258,5,879693469,F,0,24,librarian
212,1152,4,879097441,F,0,50,librarian
293,317,4,881311709,M,1,22,educator
831,896,4,892530132,M,1,29,scientist
641,1052,3,885056594,M,1,34,artist
364,254,1,879918277,M,1,26,student
645,988,1,878083948,F,0,49,salesman
234,461,3,891761267,F,0,51,administrator
217,740,3,883029316,M,1,50,programmer
279,58,5,892162226,M,1,31,entertainment
845,329,3,888612043,M,1,35,scientist
128,122,5,880031827,F,0,52,administrator
671,237,4,875445639,M,1,27,scientist
56,258,5,891432502,M,1,27,lawyer
712,228,4,889771395,M,1,18,educator
824,151,2,879449869,M,1,54,educator
213,49,2,879935239,F,0,36,educator
500,423,4,879751361,M,1,27,writer
534,175,5,886711523,M,1,25,artist
561,1143,1,879122770,M,1,43,technician
865,306,3,888984816,M,1,30,technician
7,473,5,879108595,F,0,31,administrator
64,603,1,892194299,M,1,20,executive
90,273,5,884337667,M,1,26,executive
286,310,5,879803518,M,1,27,programmer
358,226,5,879706250,M,1,33,programmer
773,134,4,888965195,M,1,49,technician
652,264,5,892283287,F,1,51,other
908,1388,2,883228069,M,1,27,artist
637,25,5,886806512,M,1,51,executive
58,735,3,880242954,M,0,31,other
655,433,3,875677958,F,0,53,librarian
791,506,4,878724094,M,1,25,homemaker
747,89,3,889591324,M,1,27,executive
472,175,5,889307303,M,1,25,engineer
80,123,4,892263784,M,1,28,other
839,824,2,875802552,M,1,51,student
454,325,3,879388564,M,1,31,technician
802,48,5,891695744,M,1,36,programmer
669,374,3,891026686,M,1,30,entertainment
894,1656,4,877388749,M,1,27,retired
682,84,5,879355696,M,1,28,writer
864,157,1,882801039,M,1,28,student
167,498,3,879609293,F,1,52,student
151,392,3,882551525,F,0,49,educator
49,985,5,877332376,M,1,39,executive
807,79,5,891890263,F,0,51,healthcare
362,161,5,881638061,M,1,32,scientist
91,427,3,879741470,M,1,27,marketing
244,373,3,891805593,M,1,32,other
562,66,5,880277828,M,1,28,programmer
234,70,5,877366782,M,1,24,entertainment
406,1087,5,886264904,F,0,26,salesman
5,924,5,880253849,M,0,31,student
470,900,4,892241280,M,1,39,student
334,275,5,882896843,M,1,28,programmer
875,898,4,879681954,M,1,31,administrator
897,31,4,891907620,F,0,51,librarian
434,496,3,892223600,F,0,52,librarian
556,504,1,888612507,M,0,20,student
168,346,5,876336097,M,1,30,scientist
642,423,5,891947296,F,0,19,librarian
270,71,4,892784138,F,0,36,writer
324,919,3,881345462,M,1,28,artist
200,815,3,879600753,F,0,39,librarian
399,200,5,880871902,M,1,23,student
89,1015,5,882790458,M,1,28,artist
283,144,4,881111856,M,1,37,librarian
792,355,3,878535515,M,1,40,technician
613,88,5,878827538,M,1,19,educator
405,484,5,876926750,F,0,32,librarian
474,70,3,892281806,M,1,32,programmer
348,1059,2,879854159,M,1,28,educator
315,604,5,879925370,F,0,52,student
897,367,4,877939365,M,1,30,student
401,268,4,884350126,F,0,40,writer
151,218,3,884293706,M,1,22,educator
175,947,2,879325125,F,1,35,programmer
655,479,1,875525500,F,0,53,educator
224,568,4,882484905,F,0,51,educator
256,879,5,880885343,F,0,52,librarian
40,596,2,880902232,F,1,51,writer
919,208,4,892197985,M,1,26,educator
553,176,4,892119491,M,1,33,student
878,628,5,888082534,M,1,22,artist
233,423,2,892319420,M,1,28,educator
655,276,5,882540322,M,0,30,administrator
887,1005,4,892392432,F,0,28,librarian
269,111,5,891878994,F,0,52,librarian
907,96,4,891745384,F,0,51,artist
943,1085,5,883282202,M,1,40,executive
421,181,3,889795582,M,1,32,marketing
292,82,2,879470937,M,1,52,writer
399,405,3,879998568,M,1,29,programmer
151,961,3,891860572,M,1,33,educator
50,309,4,888957016,M,1,27,programmer
315,693,2,889544893,M,1,31,administrator
910,238,1,880236137,M,1,33,artist
758,282,3,879797002,M,1,44,other
486,465,3,891890424,M,1,39,administrator
416,9,5,886257107,M,1,52,other
368,316,5,880387212,M,1,25,educator
401,248,4,882990713,F,0,13,none
776,690,3,882720929,M,1,24,student
303,24,3,879425840,F,0,28,none
310,1656,1,879527093,M,1,28,programmer
303,663,1,892429623,M,1,23,marketing
321,708,4,891788472,F,0,50,librarian
269,43,3,892489533,F,1,24,educator
747,22,4,879311465,M,1,50,educator
197,161,3,892083535,M,1,39,lawyer
795,376,3,879782467,F,0,35,librarian
255,194,5,882797982,M,1,31,doctor
18,338,3,891616115,F,0,38,librarian
620,69,5,886375127,M,1,21,programmer
617,280,3,878169845,F,0,31,librarian
862,1435,3,892397024,M,1,31,student
352,637,4,887109635,M,1,28,lawyer
843,1273,5,882746248,M,1,35,administrator
239,747,2,888447967,M,0,30,none
440,315,3,879029506,M,1,28,programmer
326,117,5,876175270,M,1,28,lawyer
275,272,3,892146608,F,0,38,homemaker
26,423,4,891740375,F,0,28,none
633,423,2,879459958,M,1,22,writer
486,476,4,875963769,F,0,52,administrator
94,25,3,881406850,M,1,52,executive
670,574,3,882336477,M,1,39,technician
796,2,1,884321960,F,0,9,student
752,825,5,879582501,M,1,36,administrator
360,559,5,891695053,F,0,36,librarian
354,358,3,884288673,F,0,32,librarian
758,82,5,882627864,M,1,24,engineer
271,24,2,880919541,F,0,52,healthcare
296,520,1,883146126,M,1,45,librarian
188,60,5,877979315,M,1,32,doctor
790,829,5,879495055,M,1,31,writer
745,410,4,879860386,M,1,46,educator
35,999,1,875451889,M,1,39,educator
373,1265,2,882370527,M,1,28,entertainment
23,496,4,879559687,F,0,48,executive
880,349,5,878234883,M,1,35,technician
201,127,5,879920667,M,1,51,educator
334,47,2,877418220,F,0,52,artist
437,496,1,879116045,F,0,38,salesman
54,153,3,876978542,M,1,22,lawyer
424,191,1,883474414,M,1,26,technician
707,121,3,892471284,F,0,19,librarian
299,820,3,879214863,M,1,35,educator
311,591,3,883285512,M,1,26,administrator
768,551,2,890420067,M,1,34,educator
575,322,2,880538594,M,1,21,artist
682,162,1,882311567,M,1,43,student
840,298,2,884835898,M,1,39,programmer
347,9,3,888771974,M,1,44,scientist
474,185,3,881192693,M,1,30,other
405,285,5,879323752,F,0,52,educator
894,143,1,882543510,M,1,43,technician
405,273,5,889150291,F,0,53,librarian
420,1057,5,875393424,M,1,27,programmer
265,28,2,881514724,M,1,33,retired
771,88,3,882372445,M,1,33,educator
635,1118,5,883458764,M,1,41,lawyer
562,151,4,875809408,M,1,42,technician
311,99,4,886593872,M,1,32,marketing
181,349,1,879446329,M,1,31,educator
224,79,3,879509917,F,0,39,librarian
276,137,5,879282804,M,1,23,librarian
758,603,2,888875795,M,1,52,other
161,213,4,883030777,M,1,28,student
394,338,3,882887955,M,1,45,programmer
833,340,4,879437596,M,1,31,lawyer
85,346,4,881119352,F,1,28,entertainment
790,523,1,884160134,M,1,28,salesman
456,180,4,879810681,M,1,26,administrator
206,450,3,880187228,M,1,26,other
603,452,3,882902698,M,1,31,student
683,303,5,880898764,M,1,23,programmer
345,1457,5,880008867,F,0,51,administrator
733,515,1,884044953,M,1,50,programmer
751,124,5,891840061,F,0,50,librarian
462,15,5,884274234,F,0,30,other
168,98,1,879392060,M,1,31,educator
662,294,1,880141891,M,1,20,programmer
150,773,4,892541021,M,1,53,other
881,530,3,882481083,M,0,39,other
164,1042,1,892651716,M,1,28,educator
456,237,5,879801756,M,1,39,student
824,79,1,879472004,F,0,53,salesman
611,346,3,892422501,M,1,41,lawyer
23,270,5,892177950,M,1,22,educator
640,1,4,892041642,M,1,54,educator
205,473,3,891424976,M,1,27,programmer
201,1013,1,880775147,M,1,24,educator
791,58,3,892517468,M,1,27,marketing
865,699,1,882509996,M,1,27,entertainment
834,25,5,880601191,M,1,19,salesman
128,178,4,882805986,F,0,52,educator
708,315,4,883006263,M,1,34,student
90,800,2,882193889,M,1,32,programmer
321,629,4,875532161,F,0,50,writer
524,273,1,883978010,M,1,51,programmer
655,762,3,886498271,F,0,32,librarian
796,269,4,880378830,M,1,18,educator
896,59,1,879751109,M,1,31,marketing
342,742,4,882570514,F,0,52,librarian
98,988,3,888831807,M,1,50,programmer
243,869,1,879851996,F,0,45,librarian
460,746,4,891534183,M,1,49,scientist
85,237,4,879837359,M,1,23,other
328,294,5,880203174,M,1,32,engineer
782,50,3,879689552,F,0,36,artist
940,780,2,883715827,M,1,20,educator
240,605,3,882597356,M,1,35,educator
622,339,5,891629574,M,1,35,marketing
328,181,1,891904437,M,1,26,student
327,650,5,883273836,M,1,34,educator
707,474,1,876050282,M,1,27,technician
138,501,1,879929383,M,1,34,educator
1,519,5,882536345,M,1,32,student
246,1041,4,887231846,M,1,39,artist
91,197,3,884066767,F,0,35,other
473,572,3,883757819,M,1,32,entertainment
92,1498,3,878759081,M,1,26,administrator
913,707,4,876794116,M,1,35,marketing
396,382,4,889157111,M,1,27,educator
416,323,4,892020697,F,0,33,librarian
86,194,5,880811718,M,1,35,artist
221,595,5,877948993,M,1,24,student
401,554,2,879732596,M,1,27,executive
407,547,3,892566266,M,1,32,student
365,242,1,891186103,M,1,30,programmer
206,702,1,882460412,M,1,39,technician
627,42,5,882587637,M,1,28,engineer
686,1008,1,884160641,M,1,31,other
114,556,1,893083662,M,1,33,educator
405,1044,4,891808962,F,0,55,educator
774,213,4,886230418,F,0,35,homemaker
321,242,5,881270333,M,1,28,educator
716,496,1,886679324,F,0,31,librarian
930,720,5,881904016,M,1,33,programmer
738,930,2,886545806,F,0,39,librarian
91,771,3,892981305,M,1,32,entertainment
327,488,1,882689458,M,1,27,marketing
716,238,4,892205653,F,0,31,other
310,1032,5,879421858,M,1,27,engineer
796,319,5,880030259,M,1,29,educator
628,530,2,882763023,M,1,22,executive
741,705,3,879242901,M,1,27,engineer
95,63,2,882273586,M,1,39,executive
361,1078,5,879798576,M,1,32,administrator
152,627,5,886420385,M,1,40,lawyer
405,303,4,891986952,F,0,32,librarian
222,882,5,879844232,M,1,39,engineer
181,358,5,882829414,M,1,37,educator
453,9,3,888696386,M,1,22,executive
864,276,5,892857496,M,1,28,administrator
366,966,3,875088898,F,0,50,healthcare
144,1028,5,880268951,M,1,39,administrator
337,1221,3,887681650,M,1,27,salesman
889,99,2,880023556,F,0,31,artist
100,126,5,876412111,M,1,40,executive
708,663,4,882165080,F,0,52,student
445,732,5,879785716,F,0,36,writer
225,31,1,881176505,M,1,38,engineer
256,213,4,877343088,M,1,31,programmer
896,180,3,879608911,M,1,40,educator
305,1085,5,879144440,M,1,43,executive
455,302,5,884101791,M,1,34,educator
222,362,2,881984557,F,0,33,artist
53,496,5,877465088,F,1,27,salesman
843,546,5,882893297,M,1,22,scientist
541,523,5,879665641,F,0,51,student
234,158,5,882689885,M,1,53,programmer
925,815,3,886369887,F,0,32,healthcare
80,692,4,892113253,M,1,32,scientist
514,56,3,879749894,M,1,52,retired
865,871,5,892227172,M,1,53,student
342,106,4,882828547,M,1,35,educator
799,109,3,882595139,M,1,45,executive
562,245,5,878872369,M,1,26,programmer
18,206,5,892096809,M,1,19,programmer
158,1217,3,875891033,M,1,43,engineer
546,244,5,886336400,M,1,43,retired
144,204,2,884926027,M,1,40,lawyer
721,1229,3,892503201,F,0,23,librarian
21,47,4,891658912,M,1,38,scientist
207,315,2,880033712,M,1,50,writer
756,712,4,891929161,F,0,50,librarian
874,1076,5,883074542,M,1,28,artist
716,842,2,891550504,M,1,39,librarian
567,361,2,883371115,M,1,37,other
217,375,2,890232934,M,1,28,marketing
437,29,5,880651249,M,1,26,artist
280,294,3,884175735,F,0,22,writer
663,124,1,884607265,F,0,35,librarian
211,150,5,892089052,M,1,26,programmer
629,156,4,880501885,M,1,32,executive
387,1248,4,875718684,M,1,27,student
864,266,5,892054918,M,1,32,engineer
179,791,5,882397075,M,1,26,lawyer
342,637,3,879335247,F,0,35,writer
399,774,2,892488580,M,1,25,technician
765,655,5,882270592,M,1,29,student
761,515,2,880324396,M,1,32,educator
331,349,4,879681184,M,1,28,marketing
764,1169,4,881668478,M,1,26,entertainment
474,215,4,891784307,M,1,36,writer
299,678,4,884468282,M,1,40,writer
417,474,5,875202718,M,1,35,other
437,615,5,882929345,M,1,29,lawyer
593,801,3,880415689,M,1,29,artist
797,995,5,882739539,M,1,37,programmer
899,273,5,892277663,M,1,40,educator
169,14,4,891264908,F,0,31,writer
276,191,3,882542434,F,0,40,marketing
854,430,4,877816806,M,1,50,technician
363,462,3,880233142,M,1,27,administrator
269,432,4,884455428,F,0,35,librarian
535,282,4,879848234,M,1,25,educator
294,500,3,892420749,M,1,25,executive
269,150,4,875408381,F,0,27,librarian
260,966,3,880388663,M,1,40,entertainment
76,393,5,877031469,M,1,52,doctor
890,708,3,889198462,M,1,28,programmer
883,596,2,888755593,M,1,35,other
704,98,5,888849096,M,1,27,artist
882,966,4,884469898,M,1,13,scientist
315,136,4,892172108,M,1,26,educator
222,550,5,884387993,M,1,27,technician
655,408,5,892351814,F,0,38,librarian
427,597,4,879333060,M,1,39,lawyer
11,601,4,884651743,M,1,18,administrator
406,1283,5,881218590,F,0,51,administrator
374,403,5,891785786,M,1,27,engineer
846,528,5,880699629,M,1,46,engineer
152,29,4,879489896,M,1,18,librarian
453,169,3,884011775,M,1,27,programmer
814,411,5,891037784,M,1,23,executive
910,1011,3,884315855,M,1,57,programmer
619,249,1,892107102,F,0,51,librarian
397,527,1,882467806,M,1,27,other
593,288,4,882392879,M,1,31,educator
676,603,3,877894317,M,1,40,student
474,100,3,884548322,M,1,23,artist
643,289,5,888017296,M,1,24,other
664,197,5,882897079,M,1,39,engineer
276,237,4,884618585,M,1,38,student
756,1154,1,875417281,F,0,31,librarian
883,328,3,875121052,M,1,31,executive
422,435,1,883051295,M,1,23,lawyer
54,337,5,886764201,M,1,30,entertainment
582,282,5,892377033,M,1,27,educator
623,346,4,882796021,M,1,39,other
749,485,4,891309701,F,0,52,artist
250,238,3,876376861,M,1,37,educator
653,331,3,881220393,M,1,51,salesman
302,969,5,886001374,M,0,24,retired
655,492,2,892620965,M,1,35,educator
763,122,4,882817350,M,1,28,engineer
412,1180,1,879359033,M,1,30,student
94,177,5,891432822,M,1,19,programmer
151,218,4,880307975,M,1,31,student
389,721,2,891699506,M,1,39,educator
328,200,3,882976236,M,1,28,other
457,107,2,875579294,M,1,35,technician
328,783,1,885771771,M,1,34,entertainment
234,809,3,879383169,M,1,38,programmer
279,79,1,891949026,M,1,41,artist
514,144,1,884586229,M,1,28,programmer
709,604,4,883955104,M,1,12,engineer
251,451,5,892642871,M,1,43,retired
655,213,2,882467155,F,0,32,writer
910,924,2,892017957,M,1,27,educator
795,1042,1,892065276,M,1,44,retired
642,591,1,883234241,M,1,27,educator
450,247,4,882717854,F,0,39,writer
268,213,5,892144605,M,1,49,programmer
851,31,3,877594506,M,1,40,educator
326,1078,5,884775152,M,1,53,scientist
625,230,5,883096064,M,1,27,administrator
264,282,3,879634639,M,1,39,student
334,595,5,880577496,M,1,36,programmer
266,155,3,892534968,M,1,27,other
11,131,5,879522687,M,1,36,other
468,565,1,879869736,M,1,41,lawyer
49,172,2,891462685,M,1,51,administrator
225,411,1,880119695,M,1,25,student
68,62,3,879967857,M,1,28,educator
709,686,3,892320013,M,1,39,student
374,66,4,888855001,M,1,47,entertainment
938,684,5,880369237,M,1,45,technician
599,597,4,879924785,M,1,22,administrator
22,275,4,880281754,F,0,44,salesman
674,654,1,881909732,M,1,28,educator
255,277,3,892071426,M,1,50,executive
707,272,3,882853902,F,0,52,educator
425,56,3,877729986,M,1,22,programmer
218,1001,5,882019448,M,1,34,retired
374,1006,3,882527944,M,0,43,salesman
540,89,2,884041922,M,1,26,technician
260,664,3,879573632,M,1,31,lawyer
303,474,2,879703395,M,1,28,programmer
343,3,5,891888990,M,1,35,programmer
405,269,5,876046914,F,0,52,writer
202,286,1,876293902,M,1,29,lawyer
637,1074,4,881158301,M,1,37,engineer
572,724,3,882742799,M,1,52,educator
403,39,4,885391126,M,0,24,other
342,584,5,881710618,M,1,21,technician
907,1283,4,885623463,M,1,52,engineer
297,433,3,884841276,M,1,36,educator
353,185,3,882811228,M,1,24,administrator
713,118,5,884576666,F,0,45,librarian
936,1223,5,879907443,M,1,52,student
92,597,4,875633385,M,1,18,administrator
128,294,4,881069051,F,0,52,administrator
653,312,5,879366714,M,1,41,entertainment
299,132,1,875604938,F,0,48,educator
587,2,1,889351574,M,1,40,other
655,174,3,892145500,F,0,49,librarian
28,1182,1,891765955,M,1,23,student
301,398,5,882681472,M,1,29,executive
815,471,5,889054853,M,1,26,marketing
776,364,2,880387956,F,1,28,programmer
92,930,4,882790446,M,1,33,educator
524,765,2,877333786,M,0,22,artist
816,404,5,886895881,M,1,28,scientist
751,147,1,879805649,F,0,50,writer
527,502,5,880554611,M,1,31,librarian
460,137,5,884811846,M,1,27,technician
108,693,3,876012361,M,1,31,technician
262,473,5,880611594,M,1,23,educator
476,127,4,880230222,F,1,33,artist
803,265,2,884523759,M,1,28,technician
655,203,2,891419704,M,1,31,other
145,269,2,877555808,M,1,51,educator
690,127,1,891924978,M,1,23,technician
20,276,4,888962898,M,1,26,student
603,260,1,892385503,M,1,27,educator
473,466,2,880100742,M,1,35,artist
90,1267,3,889247414,M,1,19,executive
588,322,3,875185125,F,1,34,other
747,384,2,888705644,M,1,44,educator
880,1380,1,891558127,M,1,26,librarian
492,220,5,891465825,M,1,27,artist
782,197,3,892054869,M,1,45,programmer
401,230,3,880555044,F,0,50,administrator
705,230,3,884984707,M,1,31,administrator
698,517,3,882835486,M,1,31,educator
201,195,2,883157982,M,1,45,programmer
409,322,4,883723964,M,1,30,educator
884,1021,5,882639544,M,1,30,educator
514,535,5,882788957,M,1,45,other
405,855,3,879481837,F,0,30,healthcare
405,176,5,891268225,F,0,51,educator
860,658,1,875427301,M,1,30,engineer
128,125,4,892643060,F,0,53,student
862,572,4,881658079,M,1,28,programmer
189,494,1,881087781,F,0,18,librarian
304,1046,1,882572357,F,0,39,librarian
655,355,4,882785017,M,1,30,administrator
424,28,3,884490816,F,0,53,healthcare
131,141,3,879914017,M,1,23,engineer
375,45,4,879513211,F,1,33,administrator
401,678,3,891724903,F,0,36,librarian
49,258,4,892017407,F,1,39,educator
754,652,5,891855440,M,1,35,homemaker
903,63,1,880566366,M,1,44,technician
559,117,4,875258611,F,1,31,administrator
184,449,3,884750423,M,1,24,administrator
505,675,2,882993742,M,1,28,salesman
279,144,3,878220865,M,1,24,technician
796,200,4,884367456,F,0,51,educator
861,186,3,883114206,M,1,33,writer
188,302,2,880468508,M,1,26,other
303,431,4,882847843,M,1,27,administrator
653,748,5,888978037,F,0,32,educator
412,514,3,875791573,M,1,44,technician
256,241,3,880051135,M,1,33,lawyer
745,18,3,875533478,F,0,50,artist
136,300,5,891925549,F,0,39,librarian
878,176,1,891798983,M,1,30,entertainment
715,690,5,884322136,M,1,36,programmer
683,95,1,888596702,M,1,27,student
390,222,5,880535434,M,1,24,student
239,203,1,884235377,M,1,31,student
158,465,5,883359669,M,1,36,lawyer
405,877,5,889091327,F,0,49,librarian
224,1390,4,884353826,M,1,27,engineer
889,231,1,884591402,M,1,27,educator
38,8,3,892392043,M,1,27,marketing
319,276,4,879993934,M,1,51,programmer
70,276,5,879776465,M,0,53,educator
255,1012,3,892117231,M,1,28,programmer
373,748,4,884163149,M,1,27,administrator
885,91,4,889328324,F,0,27,healthcare
860,258,2,879389029,M,1,44,technician
73,990,3,883232599,M,1,26,executive
639,250,1,879754583,M,1,31,student
349,1028,4,884489017,F,0,52,writer
405,926,2,891024875,F,0,53,student
541,672,3,880286848,M,1,38,artist
765,1061,4,892623194,M,1,20,other
667,258,1,879505452,M,1,41,salesman
868,187,4,892349226,M,0,33,educator
450,581,4,876014225,F,0,51,educator
797,508,5,881162750,M,1,28,technician
717,504,1,891309370,F,0,33,programmer
534,291,4,881513849,M,1,40,student
217,381,3,880182444,M,1,39,other
655,451,4,892286315,F,0,46,writer
313,714,3,882562927,M,1,42,lawyer
449,210,3,875318169,F,0,18,healthcare
207,286,5,880118520,M,1,27,educator
342,8,4,883105805,M,1,33,educator
503,73,4,875144769,F,0,51,artist
457,201,3,891380863,F,0,54,librarian
897,923,3,879837980,F,0,49,librarian
49,204,4,879715392,M,1,32,educator
647,1037,3,880624016,M,1,32,salesman
280,53,3,891577006,F,0,50,librarian
360,531,2,890932619,F,0,31,administrator
765,708,3,891363551,F,1,35,educator
148,277,5,892059303,M,1,35,educator
620,328,4,879697090,F,0,49,artist
154,154,5,882871849,M,1,31,programmer
297,687,4,875520633,M,1,23,technician
217,393,5,878822600,M,1,28,engineer
618,479,4,892485025,F,0,14,writer
558,89,5,892005586,M,1,25,administrator
87,604,4,882929253,M,1,28,lawyer
218,36,3,891673941,M,1,34,technician
658,181,4,877978157,M,1,27,student
303,887,5,882863846,M,1,24,programmer
813,992,5,893203234,M,1,30,programmer
181,670,3,882447499,M,1,52,artist
805,650,4,891423246,M,1,51,educator
702,1312,2,892472485,M,1,27,educator
335,591,4,891950686,M,1,28,marketing
234,506,4,891687506,M,1,28,educator
128,841,3,883823265,F,0,12,librarian
556,255,5,881191277,F,0,38,executive
279,1626,1,891438653,M,1,11,executive
181,462,5,892215737,M,1,31,other
899,1101,5,879418916,M,1,31,administrator
788,708,5,879518697,M,1,45,retired
318,217,5,889923120,M,1,24,other
427,95,3,879449883,M,1,23,technician
254,1542,5,888078327,M,1,31,scientist
308,14,4,893242401,M,1,27,programmer
638,392,5,892855929,M,1,33,programmer
758,288,3,882281111,M,1,31,student
724,709,5,879737970,M,1,27,technician
13,88,5,879711053,F,0,28,librarian
263,692,1,891099680,M,1,31,programmer
343,483,3,882855500,F,0,50,lawyer
634,284,1,892165760,M,1,44,technician
829,1079,3,879512613,M,1,32,student
437,582,4,886314884,F,0,18,writer
693,452,2,884378340,M,1,27,retired
207,731,2,892631060,M,1,28,lawyer
655,87,3,892260226,F,0,52,librarian
393,88,5,892092395,F,0,24,educator
643,24,3,891829089,M,1,24,programmer
62,172,3,891526463,F,0,23,healthcare
249,144,4,879853491,M,1,22,engineer
487,53,3,891224141,M,1,40,programmer
308,40,3,891854257,F,0,52,programmer
843,209,1,879503506,M,1,27,engineer
716,34,2,879829327,M,1,36,educator
348,136,5,892766574,M,1,36,educator
451,172,5,879285670,F,1,35,other
256,610,2,885978441,F,0,35,educator
130,81,3,889064873,M,1,31,technician
851,405,5,880751832,M,1,36,programmer
336,289,5,882247085,M,1,43,executive
144,165,4,879740579,F,1,32,technician
197,31,2,881484215,M,0,45,educator
756,790,3,875861696,F,0,32,artist
618,410,5,882422845,M,1,39,scientist
298,1487,3,879604031,M,1,26,executive
852,121,2,883041749,M,1,36,educator
346,125,4,877026555,M,1,30,technician
452,534,1,882590598,M,0,53,lawyer
758,652,2,879473584,M,1,36,librarian
654,1008,5,874902058,M,1,31,technician
231,737,2,884105170,M,1,51,technician
845,86,3,885619804,M,1,27,technician
645,663,2,893225982,M,1,40,technician
253,165,2,883051311,F,0,55,librarian
324,844,5,881658622,M,1,28,homemaker
97,183,2,879369683,M,1,27,engineer
162,288,5,893137435,M,1,28,other
896,1245,4,884551908,M,1,23,programmer
724,952,1,879273324,M,1,27,educator
545,195,4,878499148,M,1,28,student
524,732,5,883433720,M,1,36,educator
161,516,5,879396152,M,1,39,executive
796,176,5,882517319,F,0,11,librarian
49,273,3,892001367,F,0,51,educator
130,259,4,884401444,M,1,40,engineer
392,346,2,881832871,F,0,36,educator
368,28,5,882660118,M,1,34,programmer
347,121,3,890978501,F,0,51,healthcare
181,371,4,881225022,M,1,36,programmer
417,22,4,882614775,F,0,36,educator
487,307,3,892122340,M,1,44,doctor
689,316,4,879789807,M,1,30,programmer
405,238,4,891608367,F,0,50,administrator
299,326,4,891221489,M,1,51,student
145,527,1,877890519,M,1,38,student
588,696,5,892093784,M,1,38,retired
430,482,3,891169279,F,0,36,librarian
497,391,5,880313781,M,1,27,artist
655,715,2,883070772,F,0,40,librarian
653,315,2,882504292,M,1,35,student
262,961,4,881365439,F,0,50,librarian
399,689,1,891785292,F,0,45,writer
808,229,1,880554505,M,1,31,other
388,480,1,882731684,M,1,23,student
818,15,3,879712947,F,0,55,librarian
280,325,3,883940471,F,0,30,educator
669,547,1,880451820,M,1,49,student
40,554,1,879567307,F,0,51,writer
787,708,4,879975694,M,1,32,technician
47,107,5,886024491,M,1,31,entertainment
942,420,4,875169871,M,1,35,technician
491,1154,1,883725247,F,0,52,homemaker
507,387,3,892273181,M,1,27,entertainment
666,1136,5,879449297,F,0,35,other
245,369,5,887063544,M,1,52,artist
897,436,4,879885229,F,0,52,artist
532,1439,1,879976794,M,1,62,executive
941,261,1,879824030,M,1,45,student
23,17,2,875752290,M,1,39,student
897,322,3,890104560,M,1,33,artist
110,56,2,881080873,M,1,36,executive
473,491,5,891878643,M,1,40,scientist
113,574,5,875757435,M,1,39,programmer
533,1602,2,891973411,M,1,35,other
472,959,4,891598357,M,1,35,administrator
867,872,4,880069932,M,1,26,student
286,748,3,878604574,M,1,28,student
424,133,4,892403157,M,1,33,executive
297,269,5,881144543,M,0,30,student
239,365,5,879656556,M,1,32,doctor
840,591,1,886595930,M,1,27,programmer
344,210,5,892002291,F,0,30,educator
790,1091,5,879483598,M,1,35,technician
221,710,1,881254733,M,1,24,artist
344,655,3,875982663,F,1,50,student
406,13,5,882497944,M,1,38,writer
601,396,5,879815106,F,1,44,entertainment
417,24,3,891474725,F,0,39,librarian
445,79,4,882557492,M,1,38,educator
94,20,3,892073299,M,1,35,programmer
381,211,2,891792326,M,1,22,technician
329,546,4,879448824,M,1,40,other
667,876,2,888416531,M,1,27,programmer
267,576,5,891952910,M,1,26,technician
269,181,4,881197785,F,0,51,librarian
682,1,2,889232425,M,1,53,educator
342,255,3,882426669,F,0,18,librarian
468,208,3,881159495,M,1,35,librarian
15,8,4,890993804,F,0,32,librarian
836,1077,5,891454611,F,0,12,writer
796,28,4,884094370,M,1,38,educator
608,72,3,888202012,M,1,27,technician
632,876,5,882490849,M,1,31,salesman
926,315,3,883180491,M,1,32,programmer
782,219,2,892347738,M,0,54,educator
13,1078,5,882517173,F,0,50,writer
616,1155,4,879630532,M,1,36,student
254,260,4,892059432,F,0,28,librarian
57,1068,4,880543304,M,1,27,educator
345,203,3,879783997,M,1,27,librarian
345,326,5,875604406,M,1,35,marketing
779,841,4,883647653,F,0,45,healthcare
292,53,2,882596555,M,1,35,administrator
796,8,5,880928592,F,0,51,librarian
507,755,4,882400749,M,1,34,educator
406,245,1,882879348,M,1,36,educator
18,711,3,880072529,M,1,39,technician
479,300,3,892173292,F,0,23,writer
334,386,5,879944171,F,0,31,librarian
313,9,5,879864438,M,1,23,entertainment
470,588,2,879971703,M,1,40,student
629,742,3,891598035,F,0,50,librarian
367,713,5,886285804,M,1,48,educator
3,261,1,881344338,M,1,56,student
617,91,4,892039520,F,0,52,librarian
452,578,3,891911373,M,1,29,administrator
727,938,4,891469018,M,1,18,administrator
541,274,5,882797176,M,1,27,programmer
99,566,4,892242037,F,0,30,homemaker
615,1204,5,881528110,M,1,43,technician
336,1053,2,883958355,M,1,31,librarian
642,195,1,892086665,F,0,50,librarian
884,53,3,884389921,F,0,50,librarian
605,328,3,885945541,M,0,18,student
497,88,1,879428239,F,0,19,salesman
234,968,2,892446291,M,1,28,educator
902,122,2,881423405,M,1,27,scientist
437,259,3,880125111,M,0,29,administrator
120,250,2,879448415,M,1,27,librarian
463,535,5,885219736,M,1,27,doctor
261,485,2,891320243,M,1,28,programmer
642,742,5,891853264,F,0,31,administrator
483,592,3,880412483,M,1,26,homemaker
192,338,2,875459015,M,1,30,educator
716,639,2,891966356,F,0,31,writer
804,496,5,879387654,F,0,32,student
615,229,4,879640842,F,0,43,healthcare
583,1099,5,875604739,M,1,24,other
416,294,3,882934566,M,1,32,educator
764,690,1,885421282,M,1,33,librarian
297,1255,2,891914954,M,1,30,educator
314,386,1,891662971,F,0,27,librarian
269,237,3,881242624,F,0,53,administrator
354,16,5,880050168,M,1,31,artist
599,100,3,884597941,F,0,30,librarian
187,660,5,889211196,M,1,46,artist
734,490,3,884665593,F,0,23,none
782,705,4,879594999,M,1,27,administrator
363,73,1,879377944,M,1,19,engineer
503,1143,2,891800036,M,1,43,educator
841,154,3,879979340,F,0,51,librarian
63,813,5,884870254,M,1,39,student
438,151,3,882791168,M,0,35,educator
374,97,5,883645299,M,1,36,engineer
269,1154,4,891652246,F,0,44,administrator
617,560,2,881117603,M,0,31,student
709,151,5,892083937,M,1,26,executive
184,289,5,875661875,M,1,40,technician
231,1145,5,884312039,M,1,23,student
638,7,5,892782044,M,1,23,programmer
478,391,4,882655028,M,1,31,student
314,117,3,878435132,F,0,29,librarian
698,288,4,891720932,M,0,36,administrator
18,14,4,885687974,M,1,30,entertainment
655,939,4,884440659,F,0,23,librarian
694,250,1,881684404,M,1,17,student
888,904,5,892102618,M,1,35,administrator
721,173,3,882709700,M,1,31,other
276,954,4,881215010,M,1,32,other
929,153,2,882337397,M,1,32,entertainment
427,70,4,889176485,M,1,38,lawyer
405,89,3,891315739,F,0,13,librarian
693,228,4,876172769,M,1,28,artist
406,455,4,879690868,M,1,49,programmer
826,685,3,879865593,M,1,49,student
181,164,5,880078730,M,1,41,educator
607,876,2,883475390,M,1,32,educator
902,250,1,879533285,M,1,30,entertainment
705,432,4,888838347,M,1,30,student
887,841,3,884188454,F,0,51,healthcare
13,408,5,884543161,F,0,51,writer
264,647,5,875902508,M,1,28,student
469,918,2,883067326,M,1,46,artist
256,269,4,879902697,F,0,51,writer
639,287,5,887158464,M,1,17,other
359,328,3,884450094,F,1,29,other
747,65,2,877093770,M,1,39,student
71,639,4,880503458,M,1,36,educator
337,474,5,882338480,M,1,59,marketing
839,294,3,882714648,F,0,32,none
178,751,3,879839786,M,1,35,programmer
405,340,4,891915537,F,0,51,librarian
899,340,4,879559952,F,0,44,student
592,127,3,884405497,M,1,40,programmer
67,728,4,879951377,M,1,23,artist
798,165,4,886527014,F,0,53,librarian
910,42,1,884029252,M,1,50,programmer
505,1488,5,882896780,M,1,45,lawyer
204,517,3,892594275,M,1,32,programmer
839,250,5,882770779,F,0,52,librarian
406,83,4,879693995,M,1,39,technician
909,1203,5,893132694,M,1,33,technician
773,98,1,891547088,M,1,46,programmer
278,412,5,888588492,M,1,44,writer
425,182,5,892845715,M,1,44,programmer
747,127,2,883002540,M,1,26,educator
447,181,5,891731964,F,0,33,librarian
56,343,1,879555977,M,1,30,artist
344,93,3,884328234,F,0,32,librarian
910,473,5,879896419,F,0,33,librarian
280,450,3,891950997,M,0,39,executive
216,770,3,879592188,M,1,26,student
306,1498,2,882668580,M,1,36,technician
879,53,4,880217279,M,1,50,scientist
618,69,4,888492404,F,0,35,entertainment
128,808,3,879580353,M,1,27,artist
655,231,3,888991660,F,0,27,librarian
351,125,3,879629773,M,1,31,administrator
474,1012,5,892313479,M,1,27,student
916,1068,3,891156403,M,1,23,engineer
796,862,5,879442477,M,1,27,other
476,471,2,882393056,M,1,19,engineer
737,568,4,875131378,F,0,24,salesman
269,420,1,879935457,M,1,53,technician
186,1035,4,892649981,M,1,23,administrator
124,346,5,884062836,M,1,27,salesman
705,951,1,882844055,M,1,27,artist
16,1265,5,891857996,F,0,53,educator
201,1469,4,882233746,F,0,50,healthcare
269,258,1,879772856,F,1,49,student
174,500,3,879971771,M,1,32,administrator
892,1207,3,879829056,M,1,27,other
491,936,4,889783060,M,0,32,educator
537,748,4,892343735,M,1,39,student
669,276,4,879534213,M,1,39,programmer
541,552,4,875214424,M,1,36,programmer
418,157,2,875639918,M,1,24,educator
472,158,5,879654721,M,1,20,executive
833,427,2,891781542,M,1,33,programmer
741,971,1,883909913,M,1,39,engineer
429,701,3,882987658,M,1,27,technician
909,328,4,892006623,M,1,27,librarian
158,275,5,882396554,M,1,33,engineer
450,211,4,880146731,M,1,28,educator
218,197,5,886336109,M,1,38,executive
229,811,1,878390473,M,1,35,technician
170,709,5,880147299,M,1,29,other
655,2,4,879807961,F,0,50,healthcare
648,871,4,889842109,M,1,28,programmer
302,615,4,881230376,M,1,38,administrator
503,471,4,888696938,M,1,31,student
697,831,4,888696164,M,1,30,student
892,50,2,875291794,F,0,50,educator
246,22,5,891521048,F,0,40,salesman
942,968,4,891890813,M,1,32,engineer
655,708,3,881069349,F,0,39,administrator
457,414,4,875221913,F,0,52,artist
234,518,3,878856987,M,1,31,educator
566,242,3,880508566,F,1,38,marketing
387,1120,5,879853745,M,1,24,technician
452,79,1,885938315,M,1,52,student
839,338,3,892110319,F,0,30,librarian
543,409,2,891390383,F,0,52,healthcare
939,153,3,880352033,M,1,29,student
25,127,5,883069269,M,1,27,student
199,472,2,877806769,M,1,32,engineer
815,523,3,888155323,M,1,49,other
833,568,4,880027654,F,0,36,healthcare
665,1231,3,893100946,M,1,27,student
521,660,4,879395526,M,1,50,student
198,715,4,886044418,M,1,22,educator
387,96,5,876228026,M,1,32,student
776,228,5,891249438,M,1,31,programmer
655,246,4,892428540,F,0,51,educator
788,43,3,879868643,M,1,27,salesman
790,499,4,883884840,M,1,30,other
288,318,3,892500090,M,1,31,student
269,338,3,878331603,F,0,31,healthcare
643,133,3,880434370,M,1,24,engineer
618,603,2,882310849,M,1,48,programmer
472,228,1,882755408,M,1,36,entertainment
686,1206,5,880133124,M,1,52,retired
42,109,1,891803414,F,0,12,healthcare
831,412,5,882449146,M,1,28,student
464,237,5,887451027,M,1,39,executive
759,183,3,875150631,F,0,23,artist
758,127,3,884004313,M,1,51,none
405,810,4,891792919,F,0,51,student
612,1206,3,879902509,M,1,26,educator
722,433,4,891823316,F,0,51,librarian
5,720,1,892170353,F,0,31,librarian
318,473,3,881322570,M,1,27,educator
234,527,5,876149927,M,1,27,lawyer
734,262,3,889358123,F,0,32,artist
733,1207,1,882757248,M,1,27,technician
794,177,3,882630776,M,1,18,scientist
936,79,1,884170648,F,1,24,engineer
320,22,5,882538021,M,1,51,other
493,710,5,882586144,M,1,21,educator
617,554,2,891943822,M,1,28,student
305,352,3,879660527,M,1,31,student
189,269,1,883894918,M,1,19,technician
307,93,5,878046639,M,1,33,student
274,1,2,882943417,M,1,34,educator
200,211,1,892236924,F,0,30,educator
643,692,5,882316768,M,1,27,student
125,732,3,892643058,F,1,54,doctor
274,117,3,892507961,M,1,33,administrator
783,522,2,880350795,M,1,36,artist
417,22,4,891613603,M,1,20,programmer
727,1159,1,882703691,M,1,24,student
225,24,2,875444569,F,0,39,administrator
385,9,4,880533332,M,1,31,educator
655,328,3,892372005,F,0,50,librarian
158,1106,1,880068697,M,1,40,lawyer
6,234,5,879018019,M,1,27,engineer
573,479,5,880228439,M,1,28,artist
227,9,3,882442565,M,1,26,programmer
896,1185,3,886757248,M,1,36,educator
883,1412,5,878717230,M,1,27,retired
460,297,1,889137367,M,1,39,marketing
544,1214,3,880109888,M,1,31,artist
476,326,2,884840840,M,1,29,artist
707,102,3,891454712,F,0,36,salesman
259,431,4,875798330,M,1,41,educator
796,993,3,882535664,F,0,40,writer
21,317,3,883915570,M,1,32,programmer
268,7,1,885975206,M,1,31,student
890,4,1,891918507,M,1,45,programmer
747,123,3,888646287,M,1,26,student
831,291,5,891856698,F,0,35,educator
352,338,5,891571619,M,1,51,technician
938,53,4,880955874,M,1,43,administrator
311,100,3,880571893,M,1,28,educator
563,1067,1,879790723,M,1,29,programmer
758,291,5,884228308,M,1,46,engineer
210,1411,3,876475567,M,1,31,lawyer
265,1014,5,880918096,M,1,36,scientist
49,689,4,880590097,F,0,53,writer
622,237,4,880184550,M,0,38,administrator
919,265,1,891990317,M,1,44,salesman
487,15,4,891899281,M,1,27,student
887,988,3,891937111,F,0,53,librarian
505,200,3,888739979,M,1,49,engineer
207,327,4,882254302,M,1,52,student
234,689,3,888975846,M,1,39,lawyer
70,303,5,886383230,M,1,44,engineer
880,181,4,888024740,M,1,50,student
130,569,3,881625346,F,0,23,librarian
256,159,4,875322852,F,0,23,librarian
612,1229,5,879096297,M,1,32,artist
214,1,2,881517053,M,1,35,marketing
297,304,2,875988365,F,0,39,writer
314,889,3,879549000,M,1,30,educator
361,654,1,891701480,M,1,35,entertainment
7,597,4,875970618,M,1,39,student
406,310,1,879885229,M,1,35,entertainment
256,281,5,879720721,F,0,30,librarian
882,550,5,883285746,M,1,29,artist
807,678,5,884619357,M,1,22,student
145,288,1,879471962,M,1,51,entertainment
798,986,4,882633461,M,1,24,none
841,323,3,879891860,F,0,24,none
128,172,3,892337871,F,0,50,librarian
328,322,5,876205359,M,1,35,educator
492,1039,5,881794928,M,1,27,educator
333,955,2,879572608,M,1,36,technician
724,186,5,879718459,F,0,35,librarian
655,328,4,879642515,F,0,23,administrator
927,287,1,886328871,M,1,27,other
758,523,4,890960212,M,1,32,administrator
92,53,4,888809072,M,1,39,engineer
666,154,4,881789446,M,1,24,engineer
181,245,4,886585591,M,1,27,student
320,323,5,891580182,M,1,49,engineer
210,1216,3,875933127,M,1,38,technician
905,1012,1,881708207,M,1,33,other
361,133,5,879901697,M,1,25,programmer
630,237,3,882553770,M,1,51,other
934,200,4,880747818,F,0,26,librarian
248,393,5,881558925,M,1,26,marketing
342,1,4,879960498,M,1,26,student
698,133,3,891741508,M,1,27,student
529,831,3,884055868,F,0,31,salesman
280,174,3,879707673,F,0,50,writer
621,847,3,882538646,M,1,26,administrator
833,770,1,891232050,M,1,26,entertainment
486,486,1,884178670,M,1,29,student
782,380,5,886247410,F,0,32,librarian
897,234,3,882850218,M,1,18,administrator
426,1035,5,891646183,M,1,23,engineer
380,306,3,892805590,M,1,35,programmer
410,886,3,892069706,F,0,51,writer
342,680,4,881339920,M,1,55,educator
382,1531,4,884374887,M,1,52,entertainment
660,904,2,891968486,M,1,30,programmer
455,1268,1,891564923,F,0,27,healthcare
571,151,1,889276371,M,1,24,artist
869,378,5,882462871,M,1,28,artist
472,21,5,880496300,M,1,26,engineer
399,1041,5,879734165,M,1,39,scientist
655,591,4,884777038,M,1,46,administrator
573,27,5,882556652,M,1,35,doctor
706,1488,2,883278528,M,1,32,lawyer
421,510,3,879955854,M,1,33,educator
405,83,3,891768843,F,0,45,librarian
669,209,3,884554068,M,1,27,scientist
663,168,4,875711102,M,1,25,scientist
495,679,5,881271659,M,1,27,educator
298,1265,2,880598508,M,1,23,librarian
835,145,5,880200528,M,1,36,other
387,69,5,880361379,M,1,27,student
320,1,5,879647031,F,0,39,artist
661,406,5,884312135,F,1,34,writer
823,1012,4,892630592,M,1,39,student
707,641,5,891097098,F,0,52,librarian
126,152,2,880498463,M,1,40,educator
350,825,3,880585894,M,1,27,retired
506,301,3,880511399,M,1,30,scientist
690,1557,3,886834606,M,1,27,student
495,515,5,892263675,M,1,31,educator
521,633,3,884024221,M,1,31,lawyer
183,28,4,877143996,M,1,27,scientist
60,561,3,879835063,M,1,29,educator
257,47,5,882443121,M,1,43,programmer
724,840,5,876663815,M,1,51,educator
545,9,5,882189917,M,1,32,retired
102,380,5,881031485,F,0,53,writer
703,328,3,892717414,M,1,32,educator
897,322,5,879940889,M,1,40,scientist
655,99,3,891580535,F,0,51,healthcare
22,92,2,884073923,M,1,40,entertainment
429,552,4,875525218,M,1,43,scientist
862,1060,1,891814347,M,1,27,lawyer
796,358,4,886452951,F,0,55,librarian
782,269,2,880446826,M,1,50,artist
27,496,5,892867254,M,1,33,educator
604,291,5,882662025,M,1,27,student
13,742,4,891385926,M,1,27,technician
833,170,4,891925896,F,0,49,student
788,127,1,882432874,M,1,51,programmer
647,155,3,880915059,M,1,31,technician
888,429,2,880718327,F,0,53,librarian
179,158,1,883134992,M,1,31,programmer
850,122,3,892119128,M,1,31,student
738,485,5,878916320,M,1,28,educator
222,1037,3,883070482,M,1,30,student
611,420,1,875577072,M,1,40,technician
867,137,4,879635731,M,1,24,technician
784,751,3,884409849,F,0,59,librarian
782,115,2,880737001,M,1,44,educator
181,842,2,880532952,M,0,23,educator
254,66,5,892078154,M,1,23,entertainment
303,248,5,882893638,M,1,40,educator
765,462,4,879565269,M,1,31,programmer
686,126,4,877602262,F,1,38,educator
113,727,4,881152388,M,1,27,retired
406,753,2,881627790,M,1,27,student
865,358,4,880258739,F,0,40,artist
145,316,3,892008521,M,1,28,librarian
46,1180,5,879798716,M,1,24,technician
758,118,5,880630758,M,1,32,engineer
739,419,5,889694546,M,1,21,lawyer
826,673,4,875954120,F,1,16,marketing
839,186,3,886889559,M,1,48,lawyer
748,66,5,879681509,M,1,32,programmer
374,289,5,891711163,F,0,51,artist
634,2,2,891941933,F,1,30,artist
479,130,4,879932162,M,1,28,programmer
264,188,3,884629793,F,0,56,healthcare
378,471,5,880076987,M,1,26,educator
429,762,4,881842361,M,1,27,student
600,492,5,890159605,M,1,36,student
500,821,2,880431334,M,1,53,artist
372,484,5,883153351,M,1,46,educator
615,676,3,884285556,M,1,28,writer
848,511,5,879257819,M,1,31,student
12,307,1,880338405,M,1,27,salesman
112,41,5,882782649,M,1,20,technician
122,847,4,876612135,M,1,31,programmer
541,209,5,882336229,M,1,24,programmer
217,108,3,879318646,M,1,27,programmer
755,1378,2,880600119,M,1,28,doctor
7,357,3,880272188,M,1,32,educator
343,506,2,885862473,M,1,43,executive
837,129,5,891814143,F,0,27,librarian
279,42,2,880517422,M,1,51,student
497,748,3,884708544,M,1,27,technician
582,228,3,891272330,M,1,35,programmer
292,575,1,882726387,M,1,32,other
408,525,2,882928964,M,1,34,educator
126,117,2,884300988,F,0,23,librarian
405,238,2,892035490,F,0,50,administrator
227,174,5,888735787,M,1,36,retired
142,187,5,880492268,M,1,46,artist
405,981,1,880658091,M,1,21,entertainment
854,15,4,879653306,M,0,35,marketing
864,71,3,882673651,M,0,31,technician
406,628,2,880996243,M,1,23,none
18,782,4,875479892,M,1,24,artist
95,355,1,879466302,M,1,27,student
393,431,4,892042545,F,0,52,librarian
693,300,5,879756248,M,1,47,educator
224,789,2,882957161,F,0,51,homemaker
812,1513,5,879890622,M,1,31,marketing
57,218,4,891775116,F,0,35,librarian
40,930,3,882796822,M,1,27,administrator
182,59,4,880289102,M,1,36,other
846,118,5,891209760,F,0,40,librarian
299,290,5,881280562,M,1,45,writer
77,36,2,875330576,M,1,33,educator
207,694,2,882239804,M,1,38,other
708,603,2,891582066,M,1,39,educator
773,55,5,877352109,F,0,25,artist
703,222,4,886876656,M,1,43,librarian
637,486,4,879570744,F,0,41,librarian
887,238,3,892093386,F,0,50,artist
867,1148,5,880026047,F,0,32,librarian
1,4,4,878891110,M,1,41,technician
424,307,4,877162827,M,1,38,educator
97,297,1,882741268,M,1,35,lawyer
524,221,4,879597441,M,1,23,technician
738,260,4,888838693,F,0,53,librarian
13,638,2,891675524,M,1,25,other
869,832,4,879851451,M,1,27,none
604,173,5,891807322,F,0,51,librarian
825,430,1,881280587,M,1,31,technician
339,347,4,892340691,F,0,51,student
716,100,4,881552775,M,1,18,educator
539,902,4,883436947,F,1,50,educator
618,1118,5,879658223,F,0,51,other
707,151,5,879496376,M,1,49,student
812,24,2,875454524,M,1,51,educator
875,1046,2,884843940,M,1,29,doctor
774,772,5,881590050,M,1,19,retired
315,484,3,882706238,M,1,31,educator
887,1418,1,877254524,M,1,23,educator
805,1390,4,888988126,M,1,24,technician
698,82,1,884288920,M,1,27,student
233,755,1,877311694,F,0,51,librarian
326,190,3,882507083,M,1,30,other
595,1059,3,882849130,M,1,31,other
483,318,4,885490697,M,1,26,other
618,179,2,891837381,F,0,49,librarian
721,245,3,892523020,M,1,32,programmer
197,512,5,881170876,F,0,58,librarian
201,728,2,879800729,F,0,40,artist
71,9,2,880297975,M,1,45,artist
549,856,4,879383857,F,0,19,librarian
151,118,3,880134201,M,1,31,administrator
862,952,4,888475796,F,0,53,other
295,932,3,879712907,M,1,31,educator
183,56,4,879473854,M,1,30,executive
334,264,5,892271899,M,1,28,executive
887,199,4,882338328,F,0,30,healthcare
739,185,5,882886634,M,1,55,educator
881,70,5,889417641,M,1,43,retired
64,476,3,879752171,F,0,52,marketing
648,389,5,891512624,M,1,39,educator
334,476,5,875766788,F,1,52,librarian
416,79,5,892510058,F,0,36,librarian
670,1044,2,879843505,M,1,39,retired
322,197,5,883055874,M,1,34,technician
835,1210,3,884869745,M,1,28,other
458,48,4,883140232,M,0,32,educator
833,1102,2,883027631,M,1,39,educator
413,327,3,880679062,M,1,30,librarian
393,770,4,891564567,M,1,25,educator
92,377,4,882445069,M,1,33,educator
59,696,4,876325001,M,1,22,scientist
83,826,4,892178461,F,0,28,homemaker
588,1001,5,891998088,M,1,28,other
490,150,5,880192291,M,1,30,executive
550,187,2,888979872,M,1,39,programmer
620,424,4,877822960,F,0,36,librarian
166,837,5,881106323,M,1,35,executive
234,709,5,878300173,M,1,40,educator
234,172,4,879759993,M,1,39,student
160,357,3,875580539,M,1,31,educator
78,208,4,884346629,M,1,38,student
917,433,5,892570792,F,0,36,librarian
734,179,4,879325490,M,1,28,educator
622,285,3,891971166,F,0,33,librarian
283,895,5,891925364,F,0,36,librarian
558,97,5,891741438,M,1,27,doctor
613,859,2,880235601,M,1,24,artist
864,520,4,882958230,M,1,35,administrator
621,222,4,891900199,F,0,57,healthcare
455,121,4,892173622,F,1,36,administrator
803,332,2,882661331,M,1,28,homemaker
49,1479,3,882415885,M,1,11,educator
450,302,4,884433161,F,0,44,healthcare
892,333,3,879868797,F,0,36,librarian
786,662,4,891970416,M,0,30,programmer
92,357,5,880239064,M,1,39,student
373,148,5,886105579,M,1,31,administrator
224,82,3,883955915,F,0,39,writer
798,135,3,883166758,M,1,21,educator
16,92,1,881533604,M,1,44,executive
747,423,4,878261059,M,1,43,administrator
400,313,1,883914057,F,0,35,librarian
470,180,3,879906987,M,1,27,none
178,233,3,879686148,M,1,34,educator
788,1006,4,880068980,M,1,23,educator
204,187,3,875831961,F,1,19,artist
398,38,3,880401346,M,1,27,student
49,1014,5,892399466,M,1,32,educator
939,300,4,882788361,F,0,33,none
655,15,4,879430437,F,0,32,writer
345,191,3,880676286,F,0,51,student
727,284,3,880527543,M,1,31,executive
497,264,5,892072406,M,1,52,executive
618,787,1,891699350,F,0,51,artist
94,286,5,888313628,M,1,31,programmer
233,649,5,882484805,M,1,53,entertainment
128,294,3,891968392,F,0,52,librarian
528,177,4,892056747,M,1,27,scientist
75,53,2,891990549,F,1,47,writer
548,325,4,879804451,M,1,50,technician
486,248,5,876944307,M,1,27,programmer
213,25,3,880077256,F,0,32,healthcare
830,22,5,882971209,M,1,27,programmer
472,246,5,884447725,M,1,27,educator
189,199,2,879865934,F,0,31,writer
92,210,3,879296915,M,1,44,retired
663,654,2,892685646,M,1,40,programmer
255,461,3,884553047,M,1,51,educator
19,383,2,883405286,F,0,30,educator
149,849,3,892651498,M,1,36,marketing
617,60,4,884478660,F,0,33,librarian
382,443,4,886792296,M,1,27,technician
837,197,5,880184817,M,1,40,retired
557,443,3,893028355,M,1,34,educator
643,674,5,878084383,M,1,33,programmer
839,100,4,876000414,M,1,31,educator
68,262,5,878038908,M,1,28,educator
798,627,4,881529825,F,0,52,healthcare
256,926,5,880020937,M,1,46,educator
85,451,4,888823419,M,1,27,other
16,789,5,882371203,M,1,39,administrator
544,452,5,882576751,M,1,53,educator
269,959,3,883298828,M,1,27,student
774,76,2,876051297,M,1,18,artist
763,52,2,877295128,M,1,28,educator
770,117,5,880018099,M,1,35,scientist
615,307,2,891456601,M,1,19,student
932,257,4,884573274,M,1,42,educator
917,71,1,877413736,M,1,52,student
851,1610,3,891967816,M,1,24,student
299,234,1,876773290,M,1,44,student
305,642,5,892189627,M,1,25,educator
749,486,1,876737568,M,1,41,entertainment
605,294,3,880722880,M,1,28,engineer
126,161,3,879846275,F,0,44,writer
927,426,5,879908066,M,1,34,educator
533,170,4,882456704,F,1,49,student
805,115,2,881284101,F,0,23,librarian
342,91,3,879551335,F,0,50,educator
934,471,3,878494263,M,1,19,marketing
441,276,2,883154184,M,1,32,programmer
234,670,3,880576093,M,1,31,engineer
226,759,1,892436492,M,1,33,homemaker
694,242,1,883561694,M,1,33,artist
201,231,5,888977312,M,1,31,other
90,585,2,883223911,M,1,23,student
143,543,3,879940049,M,1,27,technician
327,312,5,880438860,M,1,27,marketing
325,1034,4,892431850,M,1,27,educator
277,138,5,880091931,M,1,28,student
314,420,5,888680446,F,1,24,salesman
457,77,1,880641426,F,0,50,librarian
276,4,4,879646013,M,1,37,technician
262,329,4,884441185,M,1,39,student
92,117,2,886013515,M,1,31,educator
299,694,4,882948784,M,1,23,programmer
229,1451,1,879249238,F,0,40,artist
691,584,2,891623576,M,1,24,educator
318,280,4,879492435,M,1,36,student
896,269,4,882465272,M,1,37,educator
698,300,3,879552873,F,0,11,librarian
638,651,5,882002073,M,1,28,programmer
803,1390,5,879884153,M,1,25,homemaker
753,1063,4,879724225,M,1,35,educator
656,866,5,886482561,M,1,32,programmer
224,172,3,884430331,F,0,51,healthcare
108,1199,3,889139232,M,1,32,educator
72,827,4,888905434,F,0,44,writer
268,343,4,892260889,F,0,50,librarian
668,993,5,875505404,M,1,35,educator
106,32,1,889261932,M,1,49,lawyer
877,255,5,880386438,M,0,33,artist
299,640,4,880247337,M,0,28,educator
916,191,4,892257912,M,1,36,student
176,466,3,877327455,M,1,26,executive
405,652,4,892580082,F,0,36,writer
252,96,2,891870755,F,0,51,artist
919,762,1,891937164,M,1,27,administrator
527,532,2,882554720,M,1,40,entertainment
206,215,4,886485673,F,0,35,librarian
417,186,3,888884730,M,1,51,engineer
165,154,3,882537299,M,1,44,entertainment
735,181,4,882630073,M,1,44,scientist
305,1286,2,882750333,F,0,38,librarian
365,988,2,879381994,M,1,34,doctor
114,28,1,879542220,M,1,30,artist
192,48,3,881295804,M,1,37,technician
184,864,2,884283578,M,1,51,student
552,427,5,879307326,M,1,53,none
270,708,4,880699080,F,0,9,educator
828,426,3,879701347,M,1,38,lawyer
311,756,3,880250845,M,1,27,student
13,73,4,882420824,F,1,31,educator
18,181,4,880305625,M,1,25,student
578,86,3,883836916,M,1,31,programmer
606,1234,3,892176379,M,1,27,programmer
230,269,4,876914174,M,1,54,educator
276,403,5,886608526,M,1,47,engineer
918,1,2,883010152,M,1,38,administrator
200,253,1,877622900,M,1,43,programmer
218,367,5,882201662,M,1,47,educator
599,24,3,882571979,M,1,40,student
818,47,5,875596855,M,1,27,other
788,368,2,879617003,M,1,25,artist
450,170,1,891598893,F,0,51,healthcare
286,202,5,875551312,M,1,27,artist
788,547,4,884430130,M,1,38,educator
905,281,4,882877542,F,0,18,none
42,332,2,877684242,M,1,40,entertainment
265,176,3,891642902,M,1,50,student
617,313,4,875672841,M,1,36,student
774,399,4,879380425,F,0,51,librarian
405,430,5,879471324,M,1,27,programmer
745,79,2,881537472,M,1,52,artist
341,276,2,891493782,F,0,36,healthcare
405,628,3,891607055,F,0,26,librarian
766,448,3,880593902,F,0,51,librarian
269,195,4,892097371,F,0,51,writer
342,1501,4,884392380,F,0,31,librarian
642,510,5,875392147,F,0,52,writer
642,787,4,879946973,F,0,50,librarian
683,271,4,892106667,F,0,31,librarian
88,558,2,880937825,M,1,55,programmer
587,744,5,888215366,M,1,28,programmer
269,606,3,891543284,F,0,42,administrator
706,191,5,885339456,F,1,33,artist
70,219,5,879411197,M,1,46,educator
786,895,1,880391910,M,1,27,programmer
456,97,5,891174878,M,1,40,engineer
708,176,5,886088342,F,0,30,librarian
436,963,2,882852825,M,1,40,artist
181,752,2,892385180,M,1,28,artist
665,50,5,881559854,M,1,28,none
533,127,5,880058885,M,1,28,student
406,269,4,879622566,M,1,29,programmer
908,186,4,888959684,M,1,27,programmer
790,692,4,892150930,M,1,26,student
920,1198,2,879310383,M,1,24,librarian
556,575,5,875823608,M,1,50,executive
146,34,4,892638533,F,0,39,none
5,118,5,879489139,F,0,27,librarian
456,772,3,879998324,M,1,25,student
269,423,5,881376569,F,0,22,librarian
342,56,3,882457247,F,0,56,writer
565,20,2,875097114,M,1,39,technician
497,289,5,882473844,M,1,27,educator
94,71,5,891530753,F,0,23,educator
457,328,3,893282822,M,1,28,other
57,23,3,879868942,M,1,44,engineer
588,800,1,875407728,M,1,32,engineer
374,294,1,880042360,M,1,24,educator
58,226,1,880127629,M,1,50,administrator
535,1291,4,879965547,M,1,29,educator
932,216,4,880782827,M,1,28,educator
816,1299,2,875429803,M,1,32,salesman
72,148,2,884595604,F,0,53,writer
342,627,4,880856055,F,0,52,librarian
223,117,5,880286396,M,0,27,other
346,845,5,879625831,M,1,30,other
157,299,3,877483683,M,1,24,administrator
126,433,1,892918745,M,1,32,lawyer
290,1380,1,888721604,M,1,24,programmer
354,413,3,879806849,F,0,53,salesman
932,271,5,892447854,M,1,41,programmer
97,1112,4,880323326,M,1,44,technician
934,188,1,884093736,M,1,27,scientist
533,988,4,880042836,M,1,26,student
342,429,5,891956307,F,0,48,healthcare
17,639,3,878322144,M,1,31,educator
500,284,5,879674115,M,1,40,administrator
35,604,4,892070479,F,0,53,librarian
57,602,3,880191779,M,1,35,executive
332,181,5,892198886,M,1,33,student
802,168,4,879388785,M,1,36,none
308,395,4,884256659,M,1,35,other
163,219,2,879673662,M,1,26,homemaker
450,576,4,891953293,F,0,50,librarian
149,4,2,878951499,M,1,19,educator
621,216,1,884980530,M,1,20,educator
879,378,3,891850807,M,1,34,educator
648,605,3,882377840,M,1,30,programmer
587,602,3,887195493,M,1,32,programmer
610,481,1,885316499,M,1,39,programmer
234,272,3,879732158,M,1,31,educator
549,644,4,882477284,M,1,39,lawyer
907,137,5,882248413,M,1,32,educator
380,1166,4,880962527,M,1,39,engineer
892,568,3,891598653,M,1,29,student
233,209,3,886394892,M,1,27,programmer
66,282,3,882827154,M,1,39,programmer
869,118,2,883937731,F,0,31,educator
452,111,1,874909950,M,1,23,engineer
119,127,5,882682024,M,1,32,lawyer
455,409,5,882259240,M,1,27,executive
840,371,4,877405380,M,1,42,educator
655,895,5,884032482,F,0,39,librarian
714,185,1,891623379,M,1,22,entertainment
321,772,2,892152796,M,1,30,artist
298,193,5,884767982,M,1,35,programmer
626,936,3,882662820,F,0,39,librarian
122,22,2,888875435,M,1,51,writer
655,595,5,882507007,M,1,18,executive
303,455,3,879845230,M,1,39,administrator
487,259,1,892377432,M,1,28,educator
181,173,1,882417536,M,1,18,student
197,467,4,879291946,M,0,24,educator
621,338,2,879866412,F,0,52,healthcare
666,286,4,892277922,M,1,27,student
472,241,2,879624124,M,1,47,artist
141,271,1,879210238,F,1,40,student
733,45,3,875315708,M,1,39,programmer
939,429,5,892129243,F,0,33,librarian
770,693,5,892306591,F,0,52,writer
715,526,5,884033916,M,1,30,educator
496,239,4,892426587,F,0,53,librarian
609,519,5,883009966,M,1,27,technician
536,39,1,879563441,M,1,35,technician
648,1214,5,879817156,M,1,40,scientist
797,127,5,882572366,M,1,28,educator
867,87,3,875220421,F,0,51,healthcare
632,940,5,879781811,M,1,34,artist
466,15,4,883140210,M,1,28,educator
11,1188,3,877553370,M,1,32,executive
531,412,5,883260918,M,1,53,marketing
640,276,4,879821117,M,1,34,educator
128,196,5,889315992,M,1,39,student
747,129,4,892334461,M,1,40,administrator
72,845,3,891435646,F,0,20,librarian
889,275,5,876434694,F,0,39,artist
450,444,5,893066627,M,1,31,student
365,458,4,875842682,F,0,50,librarian
758,763,2,879713525,F,0,31,educator
188,981,2,892363895,M,1,29,lawyer
883,131,5,891042446,M,1,52,student
8,31,1,884327542,F,0,35,healthcare
752,293,3,882763957,M,1,31,educator
393,286,3,883854589,M,1,31,other
334,436,3,880465094,M,1,36,scientist
429,396,5,882373944,M,1,39,engineer
648,9,1,892703615,M,1,27,educator
843,513,4,881392427,M,1,27,scientist
693,671,5,882079839,M,1,61,administrator
503,65,3,892366565,F,0,44,educator
889,603,5,886684207,M,1,30,technician
537,546,4,881235023,M,1,27,doctor
889,652,1,883022126,M,1,37,engineer
497,940,5,884694907,F,0,51,healthcare
128,154,1,884642505,F,0,10,librarian
514,1065,3,880589367,M,1,33,student
911,650,1,891642332,F,0,35,none
65,585,5,882713634,M,1,22,retired
487,303,5,882633941,M,1,31,executive
361,190,3,892118826,F,1,31,student
648,156,5,889554467,M,1,27,executive
592,563,1,880262594,M,1,27,executive
450,416,3,882879974,F,0,32,librarian
222,183,5,879792633,M,1,34,scientist
457,496,2,884506846,F,0,52,artist
672,558,5,884250690,M,1,28,administrator
504,282,4,886323646,F,0,53,librarian
639,404,5,882184759,M,1,28,artist
822,265,3,891259883,M,1,27,executive
7,117,4,891958211,M,1,36,educator
500,436,5,878235843,M,1,28,artist
318,98,5,888355986,M,1,38,technician
31,211,5,882647338,M,1,28,entertainment
586,239,5,879592805,M,1,27,entertainment
815,403,5,892286471,M,1,27,marketing
298,151,4,882440079,M,1,27,engineer
613,476,5,882585447,F,0,52,librarian
353,484,4,880081123,M,1,26,executive
608,647,3,891625197,M,1,31,educator
479,367,2,880149026,M,1,32,student
585,856,5,879735498,M,1,45,student
570,1014,2,880259438,M,1,48,executive
16,261,3,875569277,M,1,20,educator
741,28,5,891766832,M,1,46,student
823,847,5,882723196,M,1,53,administrator
405,818,4,879603062,F,0,35,librarian
653,302,3,879413983,M,1,28,entertainment
128,529,4,879528717,F,0,40,librarian
896,135,4,883288950,M,1,26,educator
904,31,3,876016166,M,1,19,engineer
589,192,3,879574884,M,1,27,administrator
360,449,5,880421479,M,1,27,artist
408,520,3,884067192,M,1,42,student
7,289,5,889348433,F,0,32,writer
642,77,3,891802939,F,0,52,student
67,567,4,883162481,M,1,39,student
524,325,1,892898115,M,1,21,programmer
846,145,1,892163474,M,1,21,student
219,404,3,882565371,M,1,43,marketing
151,182,5,892115800,F,0,51,librarian
482,127,5,880022749,M,1,27,educator
824,1390,4,879642988,M,1,33,student
151,485,3,891897217,F,0,52,writer
20,144,3,879662900,F,0,19,librarian
112,382,5,887085762,M,1,36,engineer
12,122,1,876765132,M,1,29,student
712,152,2,891193373,M,0,27,educator
118,93,5,878680660,M,1,52,technician
374,455,5,889522662,M,1,29,executive
406,604,4,881781188,M,1,46,administrator
617,665,4,892986637,M,1,30,educator
577,242,3,875569723,F,0,50,educator
116,106,3,884517420,F,0,39,healthcare
782,2,5,881092497,F,0,40,librarian
544,95,4,891248560,F,0,41,healthcare
896,323,3,879467560,M,1,31,technician
321,1289,4,875505913,F,0,19,writer
730,588,5,888936867,M,1,19,student
761,96,3,892753031,F,0,50,artist
775,70,3,882709675,M,1,17,executive
795,148,4,886693460,M,1,27,executive
864,148,5,888623217,M,1,44,scientist
802,685,1,889425620,M,1,35,retired
406,193,5,879651580,F,0,51,administrator
891,1336,5,880345624,M,1,25,programmer
235,595,3,879633181,M,1,32,programmer
733,1117,5,891440480,M,1,25,programmer
300,82,2,885007616,M,1,27,educator
591,150,4,881335955,M,1,27,scientist
334,509,5,880426053,M,1,32,scientist
722,124,4,884246656,F,0,32,librarian
682,501,4,882845838,F,0,25,librarian
39,320,5,879796235,F,0,32,other
880,62,5,880466612,M,1,38,educator
423,144,5,889037312,M,1,35,student
699,121,4,876450028,M,1,33,programmer
385,127,5,878196160,M,1,27,programmer
867,328,4,879924998,M,1,36,engineer
915,678,5,888832816,M,1,28,programmer
907,623,5,886627305,M,1,27,educator
347,122,2,882409269,M,1,23,educator
119,114,3,892574340,F,0,40,writer
378,573,5,892489622,M,1,25,programmer
474,1017,3,880094811,M,1,24,artist
884,1680,2,879464260,M,1,39,other
880,327,4,882816977,M,1,27,programmer
232,517,5,892506315,M,1,32,educator
790,523,4,893076541,M,1,27,educator
711,1078,4,882543895,M,1,38,administrator
503,25,3,879179229,F,0,51,healthcare
705,588,1,891582708,M,1,23,student
207,117,4,877291173,M,1,27,student
611,568,3,880084067,M,1,36,artist
238,248,5,891827228,F,0,52,other
450,1118,4,891296863,M,1,33,educator
508,353,5,880469690,M,1,35,artist
535,90,3,879547027,M,1,31,educator
182,191,2,891490435,F,0,30,none
463,576,2,884819000,M,1,45,educator
888,1068,3,891994792,M,1,39,student
35,157,4,879453432,M,1,32,other
553,70,5,875504056,M,1,32,student
630,506,3,892044420,M,1,50,student
128,90,4,876003338,F,0,51,librarian
207,864,3,876744908,F,0,31,salesman
406,748,4,882551219,M,1,27,student
708,191,4,891127430,F,0,32,librarian
488,966,3,891779427,M,1,31,programmer
405,639,3,879663316,F,0,30,educator
387,98,1,886228132,M,1,45,executive
94,365,5,892511351,M,1,35,retired
390,355,5,880339633,M,1,28,student
1,304,1,888863144,M,1,43,engineer
751,290,3,882296829,M,1,29,administrator
843,660,2,884394133,F,0,19,librarian
435,98,3,882356464,M,1,27,student
744,511,1,882575436,M,1,26,programmer
898,546,1,879507145,M,1,26,programmer
286,1119,4,883880075,M,1,27,engineer
472,131,5,880740310,M,1,40,administrator
409,471,5,882551432,M,1,40,scientist
7,357,4,877982539,F,0,36,healthcare
653,478,5,891905535,M,1,28,programmer
790,379,2,884236565,M,1,39,educator
36,53,3,892946319,M,1,27,educator
348,480,4,892948238,M,1,31,educator
161,1540,1,891547613,F,0,51,none
788,246,4,892276460,M,1,35,administrator
699,433,4,880677858,M,1,31,salesman
405,778,4,891501357,F,0,31,writer
883,1296,4,891919760,M,1,19,technician
296,321,3,877971739,M,1,26,educator
631,88,4,875703088,M,1,19,retired
569,1018,4,892350570,M,1,40,educator
792,732,5,879694543,M,1,28,educator
60,983,5,876272242,M,1,27,technician
705,423,3,876434512,M,1,32,educator
297,385,3,880594433,M,1,35,technician
891,174,3,892411085,M,1,39,engineer
723,199,3,879037980,M,1,39,technician
151,169,2,892112374,F,0,32,librarian
724,728,3,875167340,M,1,24,executive
590,527,3,875381631,M,1,32,entertainment
113,806,2,892179966,M,1,33,educator
634,98,4,879850680,M,1,40,student
39,1448,1,892429794,M,1,27,librarian
437,685,5,879971335,F,0,51,librarian
279,1089,3,891307770,M,1,32,technician
770,820,5,877413973,M,1,33,engineer
889,447,1,892341790,M,1,27,student
879,315,2,879857854,M,1,32,educator
553,840,4,884969407,F,0,51,healthcare
796,15,4,886756097,M,1,51,technician
13,705,5,880024232,M,1,29,educator
320,176,5,891459857,M,1,27,engineer
269,1286,4,892278712,F,0,36,librarian
303,69,4,881420880,M,1,32,programmer
794,1197,3,877963519,M,1,35,other
385,147,4,881265966,F,0,52,educator
155,489,5,882219097,M,1,20,scientist
10,1166,4,879011101,M,1,30,administrator
880,301,3,884464286,M,1,33,programmer
788,261,5,888611267,M,1,23,scientist
885,405,3,878542048,M,1,32,student
395,423,5,879504659,M,1,31,artist
457,515,3,883016698,M,1,27,librarian
18,246,5,883753424,F,0,40,librarian
145,1119,2,892833040,M,1,32,programmer
268,806,2,879382663,F,0,35,educator
151,162,2,882361666,F,0,52,librarian
382,678,1,879627382,F,0,19,programmer
302,12,5,889203449,F,1,31,administrator
36,433,4,889250750,M,1,38,educator
262,331,5,882995268,M,1,27,educator
229,1265,2,882630748,M,1,28,administrator
347,292,5,888106190,M,1,31,scientist
555,1227,2,892322075,M,1,31,marketing
203,166,1,879977510,M,0,51,student
301,496,3,882428852,M,1,39,programmer
378,50,5,880455937,M,1,37,programmer
138,260,5,876519110,M,1,51,programmer
287,316,1,876882485,M,1,27,engineer
184,164,5,879577019,M,1,25,programmer
716,1008,5,883431191,M,1,36,technician
717,395,4,884661263,F,0,31,educator
45,19,4,891737669,M,1,25,salesman
381,447,1,880148654,M,1,40,technician
705,183,2,879770342,M,1,35,administrator
943,80,3,891848281,M,1,46,programmer
67,553,2,882789526,M,0,35,student
919,100,5,880208137,F,0,57,librarian
836,122,4,888794042,M,1,27,engineer
89,334,2,882209309,M,0,36,other
435,189,1,879526127,M,1,27,student
408,504,1,891525535,M,1,27,entertainment
746,222,4,879014013,M,1,30,executive
405,215,3,879613255,F,0,38,librarian
516,720,4,890200064,M,1,23,student
343,810,4,879798730,M,1,34,administrator
264,526,5,876601599,M,1,22,entertainment
189,121,3,882514921,M,1,27,educator
488,762,5,891929038,M,1,22,scientist
209,1344,3,883070793,M,1,27,marketing
705,834,1,880220215,M,1,26,student
516,469,5,882845227,M,1,26,student
799,678,5,884427271,F,0,28,none
92,1014,3,882829377,M,1,32,educator
253,1401,4,892273559,F,0,27,other
756,7,3,891662862,F,0,27,librarian
902,506,3,884034461,M,1,28,artist
632,300,5,891774251,M,1,32,student
828,660,2,875094832,F,0,51,educator
472,615,2,879606156,M,1,32,student
15,181,5,889369880,M,1,35,student
714,343,5,877591521,M,1,51,engineer
405,381,4,875646273,F,0,51,writer
276,183,3,881361769,M,1,43,scientist
708,286,4,892099419,F,0,40,writer
856,1018,3,886575978,M,1,51,educator
593,72,4,886058639,M,1,40,programmer
242,1503,2,880624957,M,1,23,lawyer
292,100,1,877457678,F,0,11,educator
885,243,3,886726302,M,1,26,lawyer
798,411,1,881001923,F,0,51,student
503,689,3,880100947,F,0,48,librarian
462,228,5,889618942,M,1,27,retired
732,1154,1,885621778,M,1,39,retired
94,85,4,882565730,M,0,18,librarian
80,566,3,888825537,M,1,39,programmer
339,968,4,879413846,M,1,46,administrator
269,147,5,891820018,F,0,36,administrator
335,1622,5,884938745,M,1,27,doctor
827,595,3,891565545,F,0,51,administrator
122,55,5,879775060,M,1,53,programmer
807,436,4,879851642,M,1,36,student
487,924,4,879889486,F,0,23,librarian
658,1194,3,879103224,M,1,27,student
588,120,3,884039345,F,0,55,librarian
269,204,5,884540089,M,1,35,artist
270,31,5,880176674,F,0,36,librarian
505,685,4,882744302,M,0,39,none
443,122,3,891164350,M,1,28,educator
758,748,1,876626198,M,1,32,technician
592,1012,3,888901567,F,0,31,librarian
84,662,4,882272547,F,1,27,retired
618,1561,5,880804696,M,1,51,writer
256,43,5,886197018,F,0,52,administrator
617,100,4,889901021,F,0,13,healthcare
23,671,5,882828772,M,1,19,programmer
879,90,1,882524052,M,1,33,student
620,50,4,880063381,F,0,51,student
363,1,4,882862371,M,1,28,educator
634,1060,2,879626630,F,0,39,librarian
118,530,4,880213976,M,1,34,writer
425,474,5,892362108,M,1,28,educator
608,210,5,883142582,M,1,33,other
664,628,4,879804733,M,1,51,librarian
269,113,5,880499233,M,1,18,programmer
850,1014,4,884629735,M,1,41,educator
504,56,4,884641591,F,0,53,librarian
437,417,2,883021068,M,1,28,artist
588,26,3,882414392,M,1,19,programmer
851,1039,3,891847256,M,1,27,educator
114,834,4,893331137,M,1,22,lawyer
846,83,4,882728822,M,1,29,educator
235,527,5,888274476,M,1,39,scientist
707,676,3,879910126,F,0,32,librarian
178,629,3,882392939,M,1,32,educator
896,255,2,882494877,M,1,45,educator
425,520,5,882791504,M,1,39,other
623,628,2,885776432,M,1,27,doctor
331,1044,4,879375404,M,1,26,technician
639,577,3,879401534,M,1,18,doctor
669,1510,2,888698970,M,1,38,executive
313,988,5,892281686,M,1,39,artist
151,923,3,879707045,F,0,27,writer
74,192,1,875492077,M,1,28,student
504,480,1,879734885,F,0,31,writer
943,733,1,883162523,M,1,35,lawyer
867,727,3,880392219,M,1,32,retired
201,238,1,875751340,M,1,45,entertainment
916,423,5,883065908,M,1,31,student
174,427,5,879675260,F,0,52,librarian
251,879,1,882494878,M,1,51,artist
148,358,3,875462387,M,1,46,writer
240,877,4,884809508,F,0,31,administrator
47,699,3,877676932,M,1,29,administrator
259,125,2,880438349,M,1,31,executive
444,585,3,879408186,M,1,27,other
653,111,5,880366641,M,1,28,programmer
7,106,4,879370634,F,0,54,educator
157,1175,4,879348135,F,0,32,librarian
1,180,5,882857089,M,1,29,scientist
237,744,1,875142391,M,1,42,librarian
501,49,2,882536455,M,1,31,technician
194,238,4,878086131,M,1,27,other
174,285,5,878956346,M,1,28,artist
844,1010,4,879948930,M,1,28,scientist
479,300,4,889680333,F,0,24,writer
655,208,3,884311971,F,0,10,librarian
878,896,5,882878266,M,1,50,administrator
1,86,1,879724489,M,1,28,programmer
212,168,5,884574401,M,1,40,scientist
782,153,4,879099458,M,1,34,educator
302,133,5,879798574,M,1,33,student
90,561,4,881620114,M,1,35,administrator
204,367,5,879626860,F,0,52,student
880,471,5,879923246,M,1,38,educator
85,164,4,876605223,M,1,28,administrator
406,742,3,880113802,M,1,39,student
18,402,3,891421616,M,1,27,other
738,969,5,882543815,M,1,39,retired
738,235,5,882188189,M,1,32,educator
244,1047,3,880080439,M,1,44,programmer
903,22,1,878110340,M,1,35,administrator
618,482,5,882361595,F,1,28,educator
442,79,5,884533908,F,0,31,artist
487,751,5,885097712,M,1,27,student
894,508,4,883383020,M,1,28,administrator
371,382,2,880768551,M,1,35,technician
817,288,2,881205885,M,0,27,librarian
885,877,3,892531614,F,0,50,librarian
796,693,4,879685060,M,1,36,writer
719,1047,5,878144128,M,1,36,marketing
655,208,3,881417579,F,0,52,healthcare
398,946,1,882472649,M,1,30,other
274,223,4,881000836,F,0,35,librarian
145,1472,3,879162068,M,1,32,programmer
425,879,2,879701952,M,0,19,educator
751,679,3,891943206,M,1,49,writer
778,127,2,880586431,F,1,24,administrator
271,259,4,892150026,M,1,52,programmer
379,483,3,877101248,M,1,39,executive
90,662,3,884495205,M,1,27,student
665,1260,1,879477186,M,1,21,other
450,707,4,880090620,M,1,36,administrator
659,1346,5,892788517,M,1,27,artist
887,1106,5,892371581,F,0,55,librarian
85,272,4,892210674,M,1,32,student
615,662,3,884071157,M,1,32,programmer
883,518,3,891304068,F,0,35,writer
64,1011,3,891867229,M,1,33,writer
708,698,4,891253816,F,0,32,administrator
620,207,2,879963558,F,1,53,student
504,161,5,882071920,M,1,38,technician
680,1098,5,878301459,M,1,27,retired
571,492,4,892379141,F,0,31,healthcare
412,198,4,892914377,M,1,28,administrator
660,229,1,882901032,M,1,45,educator
523,603,3,881242393,M,0,43,educator
210,1136,4,880222038,M,1,27,student
322,933,3,880240562,M,1,28,executive
574,496,3,879464127,F,0,44,educator
617,628,4,889424570,F,0,52,educator
848,22,3,886274504,M,1,26,educator
62,240,3,876027133,M,1,50,executive
526,1045,4,882367337,M,1,57,programmer
758,334,2,884562819,M,1,32,educator
28,322,2,880295226,M,1,34,educator
186,192,5,879852160,M,1,32,educator
305,451,5,880128265,M,1,45,executive
449,423,3,883080768,M,1,35,technician
92,601,1,891978832,M,1,27,technician
145,898,4,889237868,M,1,31,student
787,770,4,880061756,M,1,35,administrator
106,638,5,880393173,M,1,33,educator
524,497,5,883378694,M,1,32,scientist
406,1013,3,879841607,M,1,53,artist
765,13,1,891433757,M,1,28,administrator
375,35,3,881724617,M,1,44,scientist
210,228,4,878223111,M,1,50,administrator
276,545,4,880743821,F,0,50,administrator
407,1602,5,875223086,M,1,27,engineer
665,557,2,882426142,M,1,54,educator
222,427,3,879774256,M,1,32,technician
756,175,4,879983270,M,1,18,educator
463,227,4,879216648,M,1,17,scientist
20,322,5,884953578,M,1,31,student
617,71,2,881290369,M,1,32,artist
387,633,3,877376556,M,1,30,artist
17,14,3,878764210,M,1,27,scientist
101,1035,3,880210028,M,1,31,executive
120,645,4,882856345,F,0,35,homemaker
344,527,5,880132012,M,1,28,educator
494,294,2,883005597,M,1,32,marketing
334,709,3,875790495,M,1,35,executive
781,1355,3,877927133,M,1,32,executive
727,1137,3,882697904,M,1,51,technician
8,469,3,884676747,M,1,40,other
244,117,3,883970627,M,0,29,educator
806,818,4,880043105,M,1,37,technician
179,340,4,877915536,M,1,32,educator
206,117,3,886874875,F,0,52,librarian
65,614,4,884768163,M,1,28,educator
617,111,4,879713976,F,0,53,librarian
684,866,3,879620590,M,1,39,engineer
254,24,4,891676589,F,0,51,librarian
709,1289,4,879723391,F,0,35,healthcare
7,1285,3,881394634,F,0,32,writer
354,94,4,879977413,M,1,22,administrator
628,698,1,891941603,M,1,35,engineer
94,132,5,880010546,M,1,20,programmer
606,129,5,880638068,M,1,26,student
435,218,3,880460137,M,1,31,educator
747,234,1,882548612,M,1,27,entertainment
740,732,4,892182546,F,0,52,student
417,387,3,891969471,F,0,33,librarian
579,1301,2,880065091,M,1,31,technician
287,69,5,888353543,F,0,38,student
757,393,3,877672940,M,1,39,lawyer
206,685,5,891659588,F,0,51,other
205,433,1,880922093,M,1,38,student
594,488,4,879782218,M,1,32,salesman
130,237,4,879646823,M,1,58,marketing
537,200,5,883431224,M,1,30,programmer
727,12,2,879728607,M,1,33,artist
88,77,3,881478338,F,0,35,educator
405,657,3,884379333,F,0,51,healthcare
721,275,3,877433238,M,1,25,programmer
729,484,1,886192266,M,1,42,other
899,640,1,879909539,M,1,30,scientist
229,11,2,892786764,F,1,31,administrator
726,1457,2,883490734,M,1,46,artist
57,346,3,893000386,M,1,27,doctor
374,944,5,878998485,M,1,32,engineer
679,269,3,882990636,F,0,27,marketing
5,384,5,891367562,M,1,33,educator
90,1224,3,880120057,M,1,32,technician
271,1239,3,892202289,M,1,27,retired
823,1510,5,886167654,M,1,31,student
443,780,5,882129628,M,1,27,entertainment
181,102,5,882628301,M,1,44,executive
10,1011,2,880013416,M,1,39,other
405,678,4,891624602,F,0,43,educator
249,943,2,891908206,M,1,29,technician
808,771,3,886641280,F,0,51,educator
815,358,3,879427758,M,1,26,programmer
782,283,2,881041190,M,1,26,other
533,458,5,875727656,M,1,25,programmer
617,292,2,886524721,M,1,52,programmer
942,176,2,879399198,M,0,52,student
128,781,4,882859378,F,0,50,librarian
535,127,3,879373380,M,1,24,educator
940,1467,2,875604691,F,0,26,homemaker
429,1217,5,876968922,M,1,49,programmer
116,151,4,892582223,M,1,18,student
416,950,5,880112252,F,0,53,librarian
73,117,2,882613540,F,0,52,educator
271,577,4,880876899,M,1,28,retired
31,148,3,876024558,F,0,51,healthcare
374,462,5,882422516,M,1,27,educator
40,148,5,891815518,M,1,32,executive
788,1152,2,881297720,M,1,40,executive
94,156,4,884670195,M,1,33,writer
63,742,4,882618915,M,1,48,technician
405,494,5,891786339,F,0,11,writer
623,1001,3,879077226,M,1,35,retired
181,689,3,875923257,M,1,24,student
89,258,4,882729196,M,1,43,marketing
387,930,3,884220623,M,1,43,programmer
74,195,5,879494013,M,1,20,educator
557,1534,3,883802979,F,0,51,librarian
211,431,5,892306982,M,1,34,programmer
790,845,5,879736564,M,1,32,student
457,823,2,883017456,F,0,51,educator
894,531,1,885006380,M,0,31,educator
269,121,4,892567974,M,1,23,technician
341,106,3,879247797,M,1,27,entertainment
529,243,5,878496124,M,1,27,educator
405,294,4,885512995,F,0,51,healthcare
703,338,4,879955886,F,0,34,writer
81,3,3,882856487,M,1,33,programmer
161,125,3,879643445,M,1,28,programmer
181,97,3,882015303,M,1,40,technician
268,125,5,883163096,M,1,26,other
521,1112,2,881701496,M,1,53,doctor
57,257,2,878451036,F,0,30,librarian
502,227,3,875227641,M,1,29,administrator
639,736,4,881258000,F,0,50,healthcare
624,50,3,884719849,M,0,37,other
374,276,5,891925638,M,1,23,other
483,89,4,882442482,M,1,34,student
437,147,4,891558627,F,0,50,healthcare
42,483,4,882477637,F,0,51,writer
715,1035,4,875635572,M,1,28,educator
833,485,5,880449347,M,1,24,technician
342,1431,5,891830774,M,1,31,scientist
83,196,2,882963841,M,1,27,writer
862,302,1,884251834,M,1,38,engineer
94,186,3,892218966,M,1,26,other
76,625,3,891996338,F,0,52,educator
475,1615,3,882372283,M,1,27,programmer
343,161,4,892051930,M,1,44,executive
393,161,5,879382776,M,1,40,educator
796,432,4,884304747,F,0,40,educator
405,988,4,884922236,F,0,35,librarian
303,778,1,882370216,M,1,44,programmer
758,409,1,884100555,M,1,32,artist
299,576,4,891871767,M,1,46,educator
37,325,5,891789476,M,1,26,lawyer
416,50,2,877374924,M,1,54,programmer
269,681,3,874961462,F,0,40,administrator
707,264,4,891338652,F,0,47,healthcare
869,1060,4,875661363,M,1,42,administrator
387,1289,3,880900357,M,1,44,educator
872,204,4,882187578,M,1,35,executive
201,205,5,878349478,M,1,28,executive
297,188,1,883025193,M,1,32,programmer
642,1431,5,879509279,F,0,27,writer
617,24,4,877544512,F,0,32,librarian
36,423,5,892980366,M,1,33,student
592,506,4,882781396,M,1,29,educator
642,742,5,884596464,F,0,51,healthcare
721,410,3,880822614,M,1,28,student
758,845,5,882467256,M,1,39,retired
738,508,1,891172462,F,1,44,entertainment
403,615,3,886848471,M,1,36,educator
109,149,3,883723160,M,1,35,engineer
469,225,3,880248732,M,1,35,student
876,617,3,879759226,M,1,33,retired
551,809,1,882501242,M,1,31,artist
405,100,3,882589435,F,0,52,healthcare
888,237,1,881328273,M,1,28,programmer
268,64,1,877795655,M,1,29,programmer
95,25,3,892329009,M,1,47,other
159,403,3,879957187,M,1,25,engineer
788,332,5,891928738,F,1,24,none
921,25,4,879432923,M,1,35,other
856,272,5,883178115,M,1,28,artist
269,1344,5,878082451,M,1,24,marketing
429,121,2,880019368,M,0,28,educator
409,519,3,892495892,F,0,61,student
340,1228,3,879926108,F,0,53,librarian
731,1008,1,883149572,M,0,32,artist
194,283,1,882784181,M,1,50,lawyer
49,655,4,892092367,M,1,22,student
598,720,2,883118158,M,0,27,educator
207,1286,4,886580183,M,1,23,engineer
896,132,4,875158929,M,1,35,student
43,328,4,882450723,M,1,33,educator
178,293,2,875516885,F,1,44,marketing
410,539,4,891757724,M,1,27,technician
268,559,5,879188930,M,1,27,executive
159,385,5,891839415,M,1,40,engineer
541,343,3,880812555,F,1,27,librarian
385,12,4,882970934,M,1,26,administrator
638,655,2,884034413,M,1,32,homemaker
232,672,5,876669416,M,1,41,retired
798,729,4,875213625,F,0,35,librarian
619,425,3,879412484,M,1,35,technician
751,510,5,882416000,M,1,43,engineer
313,224,2,877980408,M,1,20,educator
935,215,1,879674151,F,0,50,librarian
658,373,4,878048764,M,1,51,student
326,257,4,891884373,M,1,26,administrator
639,752,2,892425441,M,1,27,other
205,249,5,882710861,M,1,41,programmer
561,271,5,879764794,F,0,52,none
116,151,3,892280507,F,0,53,healthcare
722,673,3,879594891,F,0,28,librarian
373,179,5,891479508,M,1,34,retired
894,789,5,875766856,M,1,31,lawyer
551,436,3,878360129,M,1,27,other
524,230,5,882741209,M,1,33,administrator
118,239,3,891919177,F,0,51,librarian
695,531,3,882633325,F,0,43,writer
712,603,4,882808306,M,1,30,administrator
269,510,1,882716147,F,0,49,administrator
747,228,4,892459449,M,1,35,other
354,328,3,889362099,F,0,31,administrator
25,294,2,891469522,F,0,44,technician
805,289,4,889286054,M,1,52,programmer
655,124,4,888562896,F,0,11,educator
344,127,1,886271834,M,1,39,artist
577,276,5,875724465,M,1,24,educator
627,433,4,880976892,M,1,29,administrator
502,436,3,882892657,M,1,33,programmer
151,281,3,892010868,F,0,52,librarian
795,127,3,882589959,M,1,44,other
650,196,3,879623669,M,1,27,technician
284,1591,5,887888817,M,1,24,technician
459,321,3,888966860,F,0,51,healthcare
470,81,5,891724942,F,0,50,educator
13,420,5,879796927,M,1,27,student
916,806,4,892615966,F,0,20,artist
526,239,3,882199992,F,0,31,none
315,210,5,892443673,M,1,33,student
80,930,4,879779321,M,1,49,educator
190,382,4,879197156,F,0,43,librarian
716,47,3,882492552,F,0,33,none
572,202,5,888398740,M,1,51,programmer
942,322,3,879352468,M,1,27,librarian
43,288,3,879703073,M,1,28,executive
299,284,5,879950028,M,1,35,student
359,475,4,891848467,M,1,24,programmer
202,60,3,882535826,M,1,53,student
153,600,2,882671011,M,1,35,scientist
617,313,3,892211567,F,0,19,librarian
79,286,3,882165365,M,1,33,programmer
825,433,5,879975690,M,1,47,educator
863,269,5,888656716,M,1,32,technician
308,1035,1,891511353,M,1,39,programmer
405,29,4,880874154,M,0,38,other
617,490,5,880885257,F,0,40,librarian
837,818,3,875738458,M,1,23,programmer
374,739,1,882965205,M,1,27,technician
207,1022,5,883909982,M,1,28,educator
128,129,4,879486360,F,0,50,librarian
450,161,4,891391379,F,0,36,librarian
461,582,5,877436162,M,1,23,administrator
524,71,2,891888465,M,1,39,educator
162,387,4,892358558,F,0,26,student
486,245,5,880117761,M,1,35,programmer
896,231,1,882611825,M,1,27,educator
234,185,5,880159064,M,1,19,engineer
446,455,5,891525404,M,1,24,programmer
447,98,4,880037965,M,1,36,student
650,1592,1,889141546,M,1,36,programmer
269,746,4,879832921,F,0,51,healthcare
595,823,1,879410383,M,1,39,executive
896,117,4,879951173,M,0,40,educator
861,1067,5,880541672,M,1,22,administrator
636,1262,2,876501642,M,1,38,technician
202,1193,3,880358952,M,1,32,educator
881,22,3,877551144,M,1,27,educator
435,494,5,884088789,F,0,50,writer
589,47,3,892219866,M,1,27,engineer
456,268,1,879403587,F,0,58,librarian
139,431,5,875099536,F,0,31,salesman
180,699,4,879981399,M,1,32,programmer
889,1140,5,879530835,M,1,27,technician
889,93,2,891788200,F,0,49,healthcare
49,435,4,892477217,M,1,30,student
790,288,3,882329275,M,1,35,educator
805,153,5,879745693,F,0,39,librarian
574,1051,4,892573721,M,1,34,administrator
824,215,3,879853260,F,0,32,librarian
690,427,3,877957722,M,1,23,student
655,258,4,891518420,F,0,35,librarian
416,284,2,885858118,F,0,44,educator
332,286,3,880233434,M,1,23,engineer
499,230,5,889596484,F,1,29,artist
524,71,5,880263794,M,1,28,educator
713,465,5,880984035,M,1,26,executive
226,1070,4,883027445,M,1,28,educator
749,1084,1,882474168,M,1,39,engineer
892,154,5,883098407,M,1,34,programmer
786,180,4,882059206,F,0,28,none
271,762,4,882208165,M,1,45,technician
887,350,1,879959123,M,1,35,technician
374,485,5,879508799,M,1,40,engineer
373,561,3,881182080,M,1,38,educator
639,129,4,880880538,M,1,42,technician
690,729,5,875447324,M,1,27,administrator
776,792,4,882881273,M,1,27,programmer
655,117,4,892112552,F,0,54,writer
748,517,5,876302729,M,1,42,executive
597,216,5,877516668,M,1,39,executive
482,834,3,880254532,M,1,39,programmer
92,228,2,880644429,M,1,27,doctor
89,969,5,880330080,M,1,36,healthcare
367,449,3,882905043,M,1,31,executive
336,295,4,883193466,M,1,19,student
363,161,5,882457871,F,0,39,educator
846,208,4,879968278,M,1,39,student
426,227,1,879278825,M,1,38,writer
543,143,3,882160284,M,1,33,educator
260,1220,5,882819441,M,1,35,student
181,421,1,882498616,M,1,35,technician
710,510,5,879383343,M,1,50,entertainment
929,1017,2,880279736,M,1,50,executive
392,230,4,878525082,F,1,33,administrator
843,485,5,882569467,M,1,33,programmer
42,465,3,879700619,M,1,51,student
236,742,5,891792875,F,0,39,librarian
654,815,3,882321722,M,0,35,educator
234,71,2,884425414,F,1,39,writer
348,1068,2,883415690,M,1,31,none
1,301,4,890998225,M,1,27,engineer
762,1161,3,880724447,M,1,35,scientist
115,237,2,882980340,M,1,33,educator
880,1178,2,891490845,F,0,52,artist
405,237,5,891735348,F,0,51,administrator
685,1064,1,884445704,M,1,27,marketing
551,1101,3,875741258,F,0,18,artist
617,246,4,882523335,F,0,19,librarian
417,236,5,875659821,M,1,39,scientist
297,294,2,882806110,M,1,23,engineer
112,1335,2,880230246,M,1,44,technician
311,184,3,883000844,M,1,32,artist
601,22,5,879184276,F,0,53,administrator
135,549,1,875323771,M,1,27,educator
437,1310,3,892668086,F,0,53,none
798,770,4,887336855,M,1,27,administrator
618,538,4,884328768,M,1,24,administrator
490,1531,2,879942691,M,1,21,doctor
370,427,5,875874747,F,0,33,librarian
561,477,2,888646751,M,1,24,educator
256,781,5,892214394,F,0,53,librarian
508,546,5,888865939,M,1,31,entertainment
815,679,4,881663048,M,1,27,retired
798,331,3,892656951,M,1,28,educator
459,281,1,877419681,M,1,39,student
111,29,5,879594694,M,1,52,entertainment
82,123,4,879561214,M,1,22,scientist
99,462,5,880142372,M,1,27,writer
537,192,5,875847434,M,1,53,engineer
551,276,5,879986182,M,1,18,administrator
805,681,3,882916638,M,1,27,administrator
508,185,5,889945941,M,1,23,programmer
588,567,5,891605539,M,1,52,marketing
203,483,4,888422272,M,1,31,entertainment
488,234,2,879658727,F,0,44,educator
651,729,2,881970633,M,1,30,salesman
836,65,5,879296268,F,0,50,administrator
393,84,4,882731779,F,0,18,healthcare
321,1116,2,892202988,F,0,31,educator
307,546,5,881734344,M,1,25,programmer
270,172,1,879729362,F,0,51,librarian
781,88,2,884399302,F,0,51,artist
592,1406,3,886559282,F,0,35,educator
364,88,4,891780100,F,0,52,none
806,50,3,879755689,M,1,31,student
336,165,5,882411227,M,1,25,programmer
15,261,2,880020961,M,1,18,retired
530,476,5,892604418,M,1,27,programmer
864,63,4,880528917,M,1,27,administrator
455,291,1,879754169,M,1,32,student
7,316,3,880103345,M,1,24,programmer
571,614,3,891156983,M,1,26,executive
595,252,2,891861556,F,0,19,educator
336,325,1,884228612,M,1,27,doctor
5,127,2,881844528,M,0,53,librarian
663,1217,4,892071352,M,1,18,none
559,443,3,880343499,M,1,28,student
7,9,5,879707903,M,0,28,scientist
200,332,4,892066369,M,1,27,programmer
399,133,5,891612352,M,1,32,artist
782,451,4,892768724,F,1,51,none
179,1176,5,892604170,M,1,32,homemaker
521,377,3,886081609,M,1,27,programmer
1,355,5,880013506,M,1,27,scientist
497,148,4,884172517,M,1,27,engineer
664,1045,4,886295965,M,1,33,doctor
168,371,3,881129229,M,1,30,lawyer
889,100,4,880255487,M,1,24,educator
739,781,1,879441370,M,1,38,engineer
269,490,4,882873483,M,1,31,educator
840,531,2,880293480,M,1,30,artist
631,1087,2,875716857,M,1,39,student
161,306,5,884394741,M,1,32,entertainment
589,66,5,879682955,M,1,35,programmer
165,8,4,882686558,M,1,27,technician
586,117,1,875145112,M,1,33,entertainment
805,515,3,884320230,F,0,38,artist
234,172,3,891777662,M,1,26,programmer
498,21,5,880235241,M,1,26,engineer
896,67,3,880259683,M,1,51,programmer
324,118,5,879722431,F,0,32,librarian
883,70,4,879713598,M,1,51,other
234,1028,3,877495845,M,1,20,programmer
310,231,3,879632426,M,1,27,lawyer
102,1431,4,891729303,M,1,16,technician
579,1010,5,887986004,M,1,32,writer
903,473,5,891046240,M,1,38,scientist
791,636,5,883454962,M,1,32,lawyer
405,62,5,879430696,M,1,51,engineer
590,132,3,875703268,M,1,11,lawyer
321,665,4,886443491,M,1,22,entertainment
181,579,4,882462290,M,1,39,executive
151,595,3,882446794,M,1,23,other
294,953,3,880043498,F,0,30,homemaker
308,172,3,879826925,M,1,51,student
235,216,3,875885060,M,1,36,marketing
761,395,3,880493798,M,1,30,other
717,347,2,890837727,M,1,38,executive
739,1591,2,883955347,M,1,28,lawyer
880,79,2,880521167,M,0,35,administrator
798,810,4,879444565,F,0,50,educator
474,343,3,883924692,M,1,39,programmer
176,673,3,892861417,M,1,28,programmer
181,283,1,882409503,M,1,27,student
773,22,5,879297820,M,1,29,artist
807,947,3,882929922,F,0,27,librarian
397,215,3,891216563,F,0,51,librarian
889,98,1,891403584,M,1,23,engineer
239,317,1,884427545,M,1,40,student
757,655,3,892454912,M,1,28,student
778,332,5,880051647,M,1,32,other
551,144,2,892995571,M,1,28,programmer
655,269,4,881939264,F,0,49,administrator
610,779,4,880857907,M,1,44,administrator
255,285,5,880510533,M,1,25,student
889,234,5,891350796,M,1,40,educator
543,931,2,891221329,F,0,32,writer
201,50,5,875224109,M,1,28,programmer
707,947,4,891714809,F,0,51,librarian
207,566,5,891548550,M,1,24,executive
782,292,5,886112835,F,1,27,other
341,1586,3,889688045,M,1,45,entertainment
594,1051,3,888684552,F,0,36,librarian
279,168,1,879452118,M,1,39,entertainment
49,100,2,879437753,F,0,35,librarian
541,133,2,891276280,M,1,32,scientist
161,12,4,878969248,M,1,52,marketing
450,52,5,879851487,M,1,32,artist
655,268,4,880622788,F,0,31,educator
405,153,3,879810237,M,1,35,student
379,694,4,882198032,M,1,19,salesman
458,120,1,876068383,F,0,44,librarian
70,254,4,885958735,M,1,23,technician
709,639,1,881494154,M,1,23,programmer
683,77,5,880067594,M,1,27,technician
542,185,5,892952705,M,1,32,engineer
435,1147,5,880535575,M,1,50,engineer
605,596,3,883340255,M,1,31,technician
10,137,4,886666122,M,1,27,administrator
329,34,3,891948082,M,1,31,educator
787,809,2,881400282,M,1,25,educator
269,106,4,876025975,F,0,36,artist
288,225,3,883348293,M,1,28,student
43,382,3,892055473,M,1,27,retired
286,175,5,889715849,M,1,40,programmer
653,750,1,877863870,M,1,31,librarian
388,306,2,880361690,M,1,38,salesman
814,418,2,892132238,M,1,29,educator
216,1197,5,880719525,M,1,18,other
655,431,1,886473797,F,0,36,librarian
278,636,2,882549678,M,1,33,entertainment
434,954,2,882349700,M,1,28,educator
655,213,3,891730801,F,0,52,writer
149,100,5,882983897,M,1,28,other
210,286,1,880465724,M,1,27,engineer
529,815,5,886236059,M,1,28,programmer
503,583,3,878285478,F,0,52,student
889,584,4,886624963,M,1,40,student
38,450,5,891573590,F,0,27,other
134,835,2,883880423,M,1,27,student
495,490,1,882779668,M,1,35,entertainment
922,95,3,888569840,M,1,31,lawyer
7,172,5,879765264,F,1,50,administrator
828,225,5,891733704,F,0,38,librarian
589,1012,5,892274893,M,1,23,programmer
649,315,2,880911994,M,1,39,lawyer
125,100,4,879686965,F,0,50,salesman
504,143,4,875561272,F,0,52,other
8,987,5,879722076,M,1,23,programmer
374,48,1,891234872,M,1,18,lawyer
868,546,4,882824461,M,1,24,scientist
548,473,2,883425567,M,1,28,educator
805,313,3,879190464,F,0,52,librarian
474,218,3,882615250,M,1,23,student
477,234,5,879818677,F,0,53,writer
618,265,4,889383333,F,0,21,librarian
525,496,5,880106377,M,1,33,programmer
198,300,2,881067075,F,0,52,librarian
499,572,4,879697136,F,0,53,healthcare
717,258,2,882428629,F,1,53,librarian
314,527,1,891799867,F,0,44,salesman
210,488,2,892173481,M,1,32,educator
269,295,4,891808967,M,1,38,administrator
405,924,4,892089209,F,0,50,healthcare
452,354,4,881744590,M,1,31,scientist
577,275,4,877775309,F,0,35,librarian
112,562,4,883185646,M,1,38,executive
394,508,4,888711613,M,1,28,student
892,568,1,878359782,M,1,31,educator
49,227,4,882834103,F,0,54,librarian
429,8,5,882845327,M,1,28,programmer
222,174,2,881363183,M,1,27,educator
128,257,4,891560893,F,0,52,writer
707,24,4,879739024,F,0,50,librarian
564,810,2,880380754,M,1,27,student
479,405,3,892119556,M,1,27,administrator
612,483,4,892463459,M,1,48,marketing
825,988,5,879795235,M,1,25,educator
587,472,5,886897649,M,1,33,other
648,1,4,880146428,M,1,28,student
642,496,2,889118919,F,0,53,librarian
504,294,3,879838672,F,0,50,administrator
623,312,3,890950256,M,1,34,educator
653,709,2,880738194,M,1,30,programmer
816,1015,2,891734203,M,1,32,technician
698,447,3,881469433,F,1,19,healthcare
267,332,4,880913670,M,1,35,technician
184,988,1,878926355,F,0,52,artist
474,475,4,882917942,M,1,38,executive
85,663,5,882884880,M,1,19,scientist
708,650,4,891480872,F,0,32,librarian
642,1330,2,882911913,M,1,27,other
198,192,4,875470241,M,1,9,educator
537,269,4,884715312,M,1,33,educator
306,64,2,880435747,M,1,42,administrator
105,1381,5,881719559,M,1,30,artist
292,222,4,879492327,F,0,35,librarian
279,472,5,879319459,M,1,35,scientist
186,1545,2,883073695,M,1,51,librarian
504,139,3,883165026,M,1,43,educator
49,204,4,892384001,M,1,52,administrator
128,311,1,879934658,M,1,39,technician
635,12,4,879721795,M,1,46,student
605,151,3,879646674,M,1,28,technician
285,203,4,892736955,M,1,24,technician
933,517,3,879924402,M,1,28,student
697,382,1,882788252,M,1,28,educator
102,41,2,892464092,F,0,32,artist
846,134,4,891657720,M,1,30,administrator
122,206,5,881012697,M,1,38,administrator
734,2,4,891679817,F,0,39,librarian
881,176,5,884316858,F,0,39,librarian
527,39,5,875016106,M,1,39,programmer
243,12,5,879871198,F,0,51,artist
222,517,1,884510565,M,1,27,writer
23,508,1,879391121,F,0,29,student
435,289,5,886967947,F,0,31,librarian
244,435,3,883011830,M,1,24,artist
449,203,4,882174594,M,1,25,technician
712,294,2,888792891,F,1,39,artist
57,151,5,880149151,M,1,27,marketing
901,225,5,878864527,M,1,27,administrator
291,993,3,892989054,M,1,34,educator
499,226,5,878551414,M,1,28,student
917,121,1,880523938,M,1,33,programmer
474,193,5,884408506,M,1,28,marketing
524,1132,5,891849827,F,1,18,homemaker
480,420,3,883045537,M,1,26,lawyer
617,31,4,884458225,F,0,50,administrator
722,358,3,879664938,M,1,28,educator
92,748,3,883373770,M,1,35,educator
798,91,4,879788474,F,0,45,homemaker
727,684,5,874751217,M,1,36,educator
701,288,3,882679614,M,1,18,other
487,134,2,882688211,M,1,31,educator
404,88,4,875505517,F,0,43,writer
911,699,5,891829786,M,1,25,technician
303,257,4,880273986,M,1,32,student
365,450,2,879571604,M,1,39,executive
171,489,4,892143319,M,1,43,other
782,322,4,891798193,F,0,50,administrator
49,307,3,884495861,M,1,39,programmer
817,88,3,892978676,M,1,28,executive
13,312,5,891543864,M,1,28,engineer
1,50,4,881422569,M,1,44,educator
642,1152,3,893204739,M,1,35,programmer
67,639,5,879884918,F,0,45,educator
299,506,2,880292429,M,1,28,educator
313,286,1,888511936,M,1,39,marketing
345,201,4,879655507,F,0,44,educator
864,11,1,877610983,M,1,27,student
939,1227,4,881009322,F,0,18,librarian
655,121,5,881332205,F,0,31,librarian
680,755,5,884625616,M,1,28,doctor
658,808,5,879048835,M,1,28,technician
694,300,4,879736576,M,1,44,marketing
256,14,2,891989282,M,1,24,programmer
824,634,4,882700399,M,1,32,other
434,1266,5,879790208,M,1,31,lawyer
416,7,5,889693519,M,1,40,programmer
655,986,1,879737592,F,0,57,administrator
561,487,2,881734156,F,1,12,educator
627,127,5,884047450,M,1,31,engineer
751,766,1,891976396,M,1,22,scientist
308,70,4,877310004,F,0,43,none
846,710,5,883333046,M,1,24,artist
558,767,4,880401388,M,1,26,administrator
619,1618,1,884985595,M,1,27,artist
676,890,5,891498472,M,1,29,engineer
824,407,5,892779589,M,1,41,artist
862,70,4,892256288,F,0,25,librarian
319,511,2,877618663,F,0,31,educator
843,1197,4,879175456,M,1,35,lawyer
827,1456,5,884387083,F,1,27,other
244,258,4,892594592,F,0,40,educator
639,473,4,888465166,M,1,47,administrator
504,919,1,891839686,F,0,51,healthcare
437,100,1,888673648,M,1,27,educator
695,628,3,892160810,F,0,45,artist
852,458,5,882501199,M,1,27,other
795,1315,5,891890187,F,0,27,student
575,875,5,879558047,M,1,26,student
416,250,4,878313838,F,0,50,homemaker
614,186,3,890880237,M,1,35,programmer
92,1067,4,881242516,M,1,27,educator
741,697,4,892244525,M,1,36,executive
206,235,1,884753163,M,1,39,entertainment
102,225,4,882046049,M,1,32,other
406,651,3,879943649,M,1,33,programmer
151,385,3,880909691,F,0,50,healthcare
628,235,4,878800300,F,0,32,administrator
520,1025,2,891743260,M,1,22,engineer
724,513,5,879675870,F,0,33,artist
422,287,4,882213698,M,1,40,educator
544,409,1,882382629,M,1,36,entertainment
733,226,5,882589752,F,0,35,librarian
746,244,5,882923984,M,1,27,educator
443,186,3,882596862,M,1,32,administrator
373,34,4,879932783,M,1,18,lawyer
562,136,5,888862352,M,1,24,retired
115,600,2,891329786,F,0,35,writer
795,527,1,891951946,M,1,23,student
863,95,4,880003755,M,1,32,administrator
381,806,4,882827902,M,1,26,student
116,33,4,876853477,F,0,26,other
68,156,2,889073744,M,1,39,student
314,421,4,881912701,M,1,36,student
238,242,5,884555600,M,1,27,retired
767,640,3,884738888,M,1,44,programmer
669,800,4,879511924,M,1,23,lawyer
75,26,5,891785192,M,1,19,engineer
134,493,5,882857110,M,1,45,entertainment
128,902,4,892148652,F,1,51,none
913,889,4,880972553,M,1,23,engineer
595,50,5,882614361,M,1,38,artist
401,176,4,886644588,F,0,11,librarian
348,393,4,886488144,M,1,36,writer
430,510,5,886371514,M,1,53,administrator
164,584,3,892767537,M,1,28,educator
244,644,5,884231270,M,1,39,technician
235,584,5,888547707,M,1,27,student
537,83,4,881336552,M,1,24,scientist
821,178,1,875618827,F,0,25,librarian
269,124,3,889123629,F,0,49,librarian
181,93,5,884432832,M,1,23,educator
276,878,5,882783825,M,1,28,educator
648,284,5,879463232,M,1,39,scientist
862,82,5,878067070,M,1,29,artist
468,284,2,880425129,M,1,21,artist
227,39,3,880556443,M,1,40,educator
287,255,2,875132782,F,0,22,administrator
366,876,2,880210428,M,1,51,programmer
935,55,3,884203281,M,1,28,educator
18,233,3,891641076,F,0,51,librarian
453,319,3,881650695,F,1,36,artist
891,323,1,877128789,M,1,36,salesman
786,628,3,884555804,F,0,11,healthcare
291,1228,1,891564169,M,1,36,programmer
354,7,5,883358730,M,1,27,educator
336,56,3,877353473,M,1,39,executive
711,619,1,882518503,M,1,36,engineer
854,73,3,882685150,M,1,27,educator
241,503,3,891643281,M,1,35,other
57,583,4,880404290,M,1,33,scientist
102,1299,3,875482885,F,0,44,writer
564,1605,5,885023637,M,1,35,educator
618,299,5,879324727,M,1,18,technician
432,930,4,882568032,M,1,26,technician
192,236,4,884603187,M,0,38,homemaker
151,231,5,880494344,F,0,35,librarian
412,56,3,891728652,M,1,32,other
354,742,4,879785427,F,0,31,educator
570,66,5,883752213,M,1,46,programmer
59,186,3,891997343,M,1,42,programmer
85,369,1,879739409,M,1,39,other
558,508,1,891812144,M,1,27,administrator
313,723,1,891456513,M,1,31,educator
682,740,3,891631788,M,1,24,lawyer
321,434,4,891688804,F,0,30,educator
633,432,5,884853527,M,1,25,student
201,825,2,879936489,M,1,32,educator
934,508,4,881869102,M,1,35,technician
210,1310,1,891464165,M,1,36,programmer
92,346,4,892836846,M,1,27,educator
655,301,2,892441332,F,0,53,healthcare
279,456,4,880287852,F,0,51,librarian
373,249,4,882565143,M,1,18,technician
291,673,5,882408999,M,1,51,artist
653,546,3,879494183,M,1,33,educator
14,95,5,882976353,M,1,29,retired
327,147,5,879790241,M,1,27,student
531,402,4,882466087,M,1,35,homemaker
433,432,5,877077530,M,1,32,administrator
592,186,3,891654487,M,1,30,librarian
447,301,4,891756864,M,1,39,engineer
301,518,3,884494302,M,1,43,other
864,187,3,884276642,M,1,28,retired
258,934,4,884372101,M,1,38,programmer
287,199,4,875475238,F,0,50,healthcare
60,1182,3,892345261,M,1,35,educator
583,872,5,880443641,M,1,32,administrator
208,89,5,877679900,M,1,45,educator
512,280,4,891909022,F,0,53,healthcare
297,1029,5,887393550,M,1,34,marketing
356,660,4,881186007,F,0,32,administrator
326,72,5,874923958,M,1,38,scientist
749,749,4,891517440,F,0,35,librarian
246,265,5,882038141,M,1,31,administrator
234,249,3,879231788,M,1,28,other
514,219,4,883110274,M,1,34,programmer
393,85,5,891620811,M,1,25,educator
500,49,5,892073904,M,1,27,programmer
94,1152,2,892112361,M,0,30,homemaker
108,942,1,880064380,M,1,27,educator
169,455,5,877614286,M,1,23,scientist
308,226,3,879809191,F,0,43,librarian
587,97,5,879301193,M,1,46,entertainment
655,100,4,884124135,F,0,51,writer
454,729,5,878362722,M,1,27,entertainment
759,203,1,891861834,F,0,38,homemaker
896,300,4,885873745,M,1,23,educator
894,295,4,880105205,M,1,36,other
308,402,5,880109288,M,1,28,engineer
562,443,5,892619511,M,1,32,programmer
919,96,2,886252883,F,0,35,administrator
457,129,5,879325950,F,0,52,librarian
115,1210,1,883438185,M,0,20,artist
862,323,4,882787514,F,0,31,other
538,98,4,891904324,M,1,43,retired
450,49,4,891473472,F,0,50,educator
648,56,3,891790080,M,1,49,other
151,286,3,882534607,M,1,45,educator
621,300,2,885203169,M,1,27,technician
406,547,4,891091532,M,1,30,educator
864,22,4,880617649,M,1,29,educator
942,418,1,882665991,M,1,40,educator
450,333,4,890843318,M,1,30,student
543,249,5,879696246,M,1,31,marketing
405,928,5,879609286,F,0,51,educator
328,474,3,883361883,M,1,30,educator
5,515,2,880378473,M,1,33,educator
365,172,5,882717844,M,1,39,student
71,82,3,880899945,F,0,20,librarian
454,344,4,892013376,M,1,24,educator
655,194,2,879371221,M,0,36,educator
878,924,3,879770616,F,0,49,educator
642,873,5,893332320,F,0,45,artist
244,173,4,879199259,M,1,47,technician
18,289,2,882555719,F,1,44,educator
360,300,2,877862893,F,0,34,educator
267,531,4,882584281,M,1,45,technician
404,1091,5,882845648,M,1,40,administrator
894,86,5,883672839,M,1,30,programmer
780,289,2,874997814,M,1,45,programmer
408,79,1,875231958,M,1,22,student
730,269,2,882481557,F,0,32,administrator
130,1355,5,875894600,M,1,28,administrator
649,748,4,883521334,M,1,27,educator
894,845,3,883982673,F,0,44,healthcare
275,707,3,882572852,F,0,29,none
666,1028,3,878028809,M,1,24,student
152,175,5,882618837,M,1,29,programmer
301,591,5,882261501,M,1,28,executive
617,550,5,879548608,F,0,43,healthcare
802,985,5,888242309,M,1,27,technician
906,744,4,877625420,M,1,26,retired
841,1107,2,876602181,M,1,27,student
938,272,5,891629918,F,0,44,librarian
216,698,1,886436207,M,1,41,student
502,676,5,876302338,M,1,28,programmer
371,531,1,882333344,M,1,27,technician
43,237,4,884663826,M,1,44,educator
451,988,3,879702735,F,0,51,educator
541,132,4,882726278,M,1,40,scientist
391,231,3,875935759,M,1,22,entertainment
91,1,4,892239213,M,1,28,engineer
794,325,5,888998904,M,1,36,administrator
472,357,2,880102998,M,1,24,programmer
478,1,5,891720498,M,1,46,educator
568,211,2,884218379,M,1,39,educator
823,444,3,892226825,M,1,32,programmer
194,948,5,882450458,M,1,51,engineer
818,798,2,880147021,M,1,30,executive
547,176,4,886412052,F,0,51,administrator
837,546,5,879804680,M,1,27,educator
855,405,3,880871578,M,1,27,entertainment
331,147,5,884913569,M,1,28,educator
738,307,1,879623785,M,1,45,writer
230,154,2,880335798,M,1,27,educator
665,1451,3,883109600,M,1,20,programmer
210,350,3,875901895,M,1,39,engineer
288,272,3,879680247,M,1,27,student
112,373,3,878138519,M,1,33,programmer
840,294,1,876776317,M,1,30,student
151,963,4,882886169,M,1,60,educator
707,313,3,891736003,F,0,38,librarian
403,281,2,879825508,F,0,38,none
405,854,4,881222183,F,0,53,librarian
458,869,2,892324267,F,0,31,librarian
798,144,1,877887967,F,0,33,librarian
756,203,2,891515838,F,1,28,educator
484,196,2,886631532,F,1,18,student
612,1203,3,893203592,M,1,52,engineer
299,482,1,882278295,M,1,29,student
878,294,1,877570569,M,1,39,programmer
183,678,4,888883865,M,1,31,programmer
636,237,4,880215392,M,1,27,scientist
274,921,5,892869601,M,1,27,technician
823,726,5,882394113,M,1,40,technician
549,683,3,875982510,M,1,27,retired
443,191,4,882538311,M,1,26,administrator
299,657,1,880601488,M,1,28,artist
655,17,3,891754793,F,0,32,librarian
833,286,3,882870702,M,1,27,programmer
725,720,3,879506273,F,0,35,other
678,423,4,880343221,M,1,27,educator
707,282,2,875737697,F,0,51,librarian
445,291,5,884184601,F,0,51,librarian
635,172,5,878524301,M,1,24,entertainment
707,1337,2,875516643,F,0,49,librarian
268,174,4,880372647,M,1,32,educator
214,1210,5,880026999,F,0,45,none
707,446,1,891808416,M,0,30,homemaker
353,1194,2,879615097,M,1,44,doctor
62,194,5,882492908,M,0,40,educator
846,748,2,885690336,M,1,39,administrator
343,558,3,879468162,F,0,52,librarian
548,631,4,879202114,M,1,56,homemaker
642,751,3,886622810,F,0,50,librarian
833,210,5,880952033,F,0,53,writer
457,794,1,892138153,F,0,28,librarian
654,185,5,891336977,M,1,23,other
74,475,3,879994166,M,1,29,educator
249,682,5,879664683,M,1,33,educator
256,110,2,880116654,F,0,51,librarian
806,271,5,882842777,M,1,32,other
855,186,2,889597671,M,1,39,programmer
173,506,1,879843568,M,1,28,engineer
452,368,1,884708753,M,1,32,technician
25,12,4,892841474,M,1,36,technician
374,842,1,883316807,M,1,36,educator
256,404,4,892143124,F,0,49,administrator
141,181,5,891864589,F,0,49,librarian
201,216,1,879960094,M,1,10,technician
120,633,5,889135514,M,1,11,marketing
373,633,5,892059363,M,1,36,administrator
38,135,5,880901454,M,1,27,retired
623,602,5,888947765,M,1,21,writer
269,145,3,878715704,F,0,32,librarian
256,280,4,875690021,F,0,12,educator
291,270,3,882296822,M,1,35,executive
818,753,2,885146432,M,1,27,educator
845,120,4,882286503,F,0,44,none
546,1161,5,880356648,M,1,28,student
690,257,1,879655907,M,1,46,educator
414,250,5,891814046,M,1,45,other
186,288,5,892000014,F,0,43,artist
648,110,5,887954873,M,1,43,student
410,1154,4,891950245,M,1,38,technician
917,94,4,890970824,M,1,31,administrator
262,174,5,878023355,M,1,36,engineer
699,714,3,881555161,M,1,29,educator
747,66,4,884488505,M,1,32,lawyer
918,257,3,880397189,M,1,28,other
909,655,4,879128439,M,1,35,scientist
159,585,5,892136823,M,1,27,educator
315,132,4,891626261,F,0,30,healthcare
457,257,3,876021422,F,0,50,artist
341,1243,4,882345021,M,1,28,librarian
38,284,5,888979492,M,1,32,executive
485,21,5,889456663,M,1,44,educator
276,98,5,877691235,M,1,24,technician
323,124,3,880254874,F,0,44,artist
64,1161,5,891989170,M,1,53,executive
753,781,5,879575564,M,1,33,educator
345,203,4,882730215,F,1,52,librarian
61,1094,4,880259098,M,1,25,artist
935,739,2,883097226,M,1,39,student
504,441,1,891579141,F,0,29,librarian
527,815,5,877824211,M,1,39,engineer
498,1073,2,880091105,M,1,38,educator
214,91,1,879669803,F,0,43,educator
690,181,4,891747450,F,0,40,educator
486,831,3,883562867,M,1,33,educator
782,69,5,886310281,F,0,35,educator
716,195,4,885893942,F,0,38,other
314,123,5,881163508,M,1,50,engineer
262,393,2,884718226,M,1,31,administrator
885,48,3,892398233,F,0,31,writer
230,833,1,884016007,F,0,9,librarian
288,185,3,886222102,M,1,45,engineer
401,211,2,891806812,M,0,45,student
790,200,1,879942336,M,1,51,student
776,1,3,891298016,F,0,32,writer
13,366,5,883687598,M,1,28,executive
18,331,3,891507081,M,1,23,artist
551,432,5,882216808,F,0,52,student
836,418,1,891976535,F,0,31,librarian
201,294,2,892056445,M,1,46,educator
902,768,5,878208834,M,1,22,programmer
90,179,4,888815585,M,1,26,executive
655,795,4,879460308,F,0,44,artist
16,410,3,889565752,M,1,27,other
518,56,3,882686455,M,1,24,technician
449,367,3,879552086,M,1,40,other
716,57,4,891968988,F,0,50,librarian
374,98,1,882989497,M,1,51,other
566,494,5,881281971,F,0,33,artist
104,290,5,892080562,F,0,43,salesman
655,248,2,880452070,M,1,53,writer
507,588,5,879415850,M,1,27,programmer
145,742,4,886101606,M,1,27,student
28,288,2,883050504,M,1,28,other
716,250,3,892062847,F,0,52,librarian
23,145,4,892484098,M,1,27,retired
658,419,1,884905122,M,1,27,marketing
636,313,1,879585218,M,1,51,executive
189,931,4,879905900,F,0,27,healthcare
393,776,5,880084362,M,1,28,artist
862,509,4,879738656,M,1,21,programmer
350,322,5,887377651,F,0,31,homemaker
684,219,4,878683101,M,1,42,student
503,702,5,878342379,M,1,32,technician
313,433,4,875457451,M,1,27,administrator
658,746,3,884535906,F,0,50,educator
344,258,4,880018985,F,0,45,healthcare
43,270,4,892038847,M,1,43,student
940,568,2,883119082,M,1,32,retired
387,70,4,879589685,M,1,52,executive
617,988,3,879786271,F,0,52,educator
504,363,3,886671310,F,0,26,other
458,238,2,892361659,F,0,35,writer
207,117,5,891863054,M,1,27,executive
223,69,5,891855035,F,0,28,scientist
503,294,5,880710646,M,1,32,other
826,197,2,891562802,M,1,40,educator
10,183,1,891637075,F,0,50,writer
353,11,5,892262718,M,1,52,technician
796,689,4,879342647,F,0,50,librarian
857,298,2,882797184,M,1,19,executive
172,114,2,879833245,M,1,27,writer
524,307,1,886409786,M,1,25,entertainment
450,988,3,891959035,F,0,35,librarian
152,248,5,879508816,M,1,26,artist
101,1101,5,891762501,F,1,50,librarian
617,24,2,877198056,F,0,51,educator
158,385,2,877363897,M,1,27,scientist
221,241,5,880455763,M,1,28,programmer
417,271,3,879656756,F,0,33,writer
851,936,5,882987217,M,1,27,student
795,1011,3,879881423,M,1,27,librarian
201,191,3,889284101,M,1,27,programmer
769,947,4,885481865,M,1,36,executive
672,1385,2,879652207,M,0,27,artist
889,1028,4,880051639,M,1,26,programmer
228,349,5,875673395,M,1,27,programmer
171,874,4,880553988,M,1,61,doctor
416,507,5,877774080,F,0,51,writer
707,499,1,889063702,M,1,41,educator
7,737,4,879959737,M,1,44,lawyer
276,325,5,882127163,M,1,28,student
637,603,5,879392458,M,1,28,educator
42,313,3,878413805,F,1,24,artist
716,357,2,891764404,F,0,31,educator
516,32,4,892256514,M,1,51,marketing
308,705,4,879759367,M,1,52,student
837,25,3,879608545,F,0,32,writer
151,1580,3,881090636,F,0,52,student
537,176,5,882593241,M,1,27,artist
616,208,4,892043028,F,0,53,healthcare
805,162,4,891623396,M,1,30,educator
25,499,4,882811056,M,1,27,administrator
604,26,3,882765735,M,1,28,student
796,283,1,879756158,F,0,51,librarian
218,310,4,875602487,F,0,51,healthcare
245,153,3,883897794,M,1,32,technician
297,887,5,880203794,M,1,28,administrator
831,357,4,886314064,M,1,19,student
25,1258,3,882550702,M,1,31,educator
94,56,2,880010054,M,1,28,librarian
524,685,4,884604605,M,1,26,administrator
772,100,5,882257146,M,1,24,lawyer
60,19,5,885279904,M,1,28,programmer
123,669,3,888716994,M,1,55,student
211,308,1,875622583,M,1,31,entertainment
855,284,2,878125606,M,1,51,student
250,284,4,892510202,M,1,26,scientist
328,479,5,893421669,M,1,30,educator
3,443,4,880018068,F,0,53,healthcare
205,197,4,875502510,M,0,28,homemaker
181,512,5,879792959,M,1,47,educator
901,206,5,874995309,M,1,23,entertainment
488,292,5,877511719,F,0,51,student
854,825,4,879231305,M,1,25,educator
864,815,5,880270647,M,1,26,artist
293,1084,4,875652612,M,1,26,student
782,845,5,876338572,M,1,32,educator
534,483,5,884336263,M,1,33,programmer
349,1225,1,882881561,M,1,26,other
889,1041,5,883043373,M,1,50,technician
322,146,2,892871683,M,1,49,technician
561,134,2,889133024,M,1,33,programmer
611,1065,5,880573587,M,1,40,other
16,7,1,882385993,M,1,39,technician
311,243,3,892303360,M,1,26,educator
884,183,2,892130599,M,1,27,other
313,271,5,878402081,M,1,27,educator
380,10,5,875807201,M,1,52,technician
234,479,3,892167944,M,1,30,writer
456,350,2,888632545,M,1,23,executive
445,191,5,879603706,F,0,50,librarian
354,762,1,877556620,F,0,49,librarian
837,1341,5,890978010,F,0,35,healthcare
314,628,2,882494716,M,1,20,artist
18,284,2,892076255,M,1,35,executive
142,64,5,892948326,M,1,27,lawyer
399,735,3,891972545,M,0,36,educator
314,347,3,879585529,M,1,22,other
279,71,1,882304639,M,1,38,educator
283,269,2,879630011,M,1,32,educator
449,427,5,882983992,M,1,30,educator
457,285,4,888683643,F,0,51,salesman
862,1465,3,880345061,M,1,28,marketing
768,876,5,879602679,F,0,31,educator
655,264,4,879795576,F,0,23,librarian
773,262,5,891919699,F,0,30,artist
385,86,4,883108037,M,1,47,student
679,157,4,879365948,F,0,49,marketing
887,924,3,891723757,F,0,52,administrator
235,653,3,881344596,M,1,29,student
18,87,5,880659578,M,1,28,student
325,1039,5,891262719,M,1,32,programmer
5,300,5,883032991,M,1,27,programmer
419,15,4,881069955,F,0,24,healthcare
279,285,1,879515689,M,1,27,entertainment
551,316,3,885973921,M,1,27,programmer
535,514,3,880639051,M,1,51,student
539,246,4,891819827,F,0,11,administrator
114,511,2,875527076,M,1,25,engineer
310,400,4,877551950,M,1,51,student
405,250,4,881123078,F,0,46,librarian
896,474,5,880276410,M,1,32,retired
224,117,4,891921360,F,0,12,librarian
600,480,3,883277828,M,1,31,student
648,790,3,882581753,M,1,26,other
725,521,4,892625543,M,1,43,administrator
724,257,4,882492813,F,0,33,writer
144,109,5,892115834,M,1,35,executive
921,196,4,892141725,M,1,28,student
18,259,3,891894847,F,0,39,writer
208,323,3,879660850,M,1,35,retired
269,1197,4,877958285,F,0,52,librarian
151,135,4,875200744,F,0,49,librarian
326,227,1,879559013,M,1,39,technician
154,591,5,892388807,M,1,46,educator
373,230,3,879911045,M,1,30,administrator
666,1180,1,892068143,M,1,24,technician
443,794,2,879386672,F,0,52,writer
848,946,4,879559038,M,1,47,retired
28,213,4,874977764,F,0,43,healthcare
435,289,5,884441371,M,1,38,executive
787,288,4,891925010,F,0,35,healthcare
37,410,5,886339743,M,1,44,student
769,69,5,877917319,F,0,32,administrator
154,86,3,882633221,M,1,33,programmer
317,10,5,888554228,M,1,27,librarian
757,874,1,875706573,M,1,51,lawyer
924,743,4,880962485,M,1,51,entertainment
318,262,5,878038086,M,1,39,programmer
419,1043,3,880211516,M,1,26,artist
545,206,5,882439961,M,1,32,other
840,1044,2,891564592,F,1,17,educator
128,216,1,880413066,M,1,32,programmer
178,516,1,883726247,F,0,52,healthcare
557,156,3,879907289,F,0,40,librarian
308,1028,5,891720379,M,1,28,educator
218,813,5,891896460,M,1,27,educator
763,252,5,877976999,M,1,35,executive
254,219,4,876097909,M,1,39,educator
293,248,3,879280136,M,1,52,writer
493,117,4,884011725,F,0,36,writer
208,132,5,892040555,M,1,29,artist
896,1078,5,891748675,M,1,33,programmer
262,42,1,877849028,M,1,27,executive
393,552,4,882817984,M,1,32,programmer
870,15,2,875269220,M,1,24,educator
874,96,4,881993051,F,0,42,healthcare
419,238,4,888824616,F,0,36,librarian
326,528,5,888696062,M,1,40,programmer
174,269,4,891864195,M,1,31,student
624,53,2,882929173,M,1,35,programmer
560,302,5,892861009,M,1,41,student
533,1,3,879755193,M,1,36,marketing
716,259,4,892066838,F,0,37,librarian
125,753,3,877357147,M,1,54,technician
928,705,4,879514939,M,1,34,technician
181,753,5,892241598,M,1,35,technician
660,328,4,892133874,M,1,40,programmer
867,1456,1,891885390,M,1,38,executive
182,262,2,884382106,F,0,55,librarian
425,1023,5,880245572,M,1,30,retired
855,328,4,886293442,M,1,31,educator
117,89,4,879843775,M,1,35,executive
610,572,2,877221834,M,1,23,student
540,763,5,892118691,M,1,34,educator
13,451,2,879907348,M,0,50,scientist
179,157,4,882459984,M,1,27,librarian
378,174,5,882667050,M,1,19,entertainment
781,687,3,881678377,M,1,36,student
880,655,5,879184321,M,1,28,programmer
937,1626,4,880101645,M,1,35,librarian
883,280,4,892402680,M,1,44,educator
884,186,5,882921347,M,1,44,entertainment
643,284,2,878545552,M,1,32,other
92,849,5,891359922,M,1,28,student
458,363,3,879885521,M,1,30,educator
778,1001,3,879680602,F,0,50,educator
307,13,5,875217156,M,1,32,other
343,176,5,892360347,M,0,22,executive
900,664,2,879762822,F,0,35,healthcare
342,429,3,881480525,F,0,31,homemaker
385,234,1,886113846,M,1,32,other
387,405,3,879618160,M,1,31,administrator
782,1029,5,883060772,M,1,34,other
327,298,3,879560494,M,1,26,educator
237,86,5,884287368,M,1,23,executive
805,636,5,879401533,M,1,32,executive
123,302,1,880988743,M,1,36,artist
655,410,3,881340169,M,1,44,executive
323,229,3,891972174,M,1,24,artist
878,229,2,893188674,M,1,33,other
92,47,4,889697743,M,1,37,student
603,514,5,892018711,M,1,40,programmer
622,275,3,884511874,M,1,45,administrator
901,411,5,887509245,F,0,52,administrator
393,16,5,883188275,M,1,33,educator
262,303,1,882585569,M,1,40,entertainment
782,1567,1,884232386,M,1,27,scientist
402,271,2,892855295,M,1,53,doctor
399,25,2,891305993,M,1,35,other
841,407,3,885259012,M,1,27,administrator
90,252,5,886814056,M,1,35,executive
231,1087,5,880306583,M,1,27,retired
534,873,4,886883776,M,1,28,doctor
437,78,4,879786507,F,0,55,librarian
721,518,4,875211979,M,1,30,lawyer
221,981,1,891898416,M,1,32,entertainment
206,132,4,884447132,M,1,53,writer
749,207,1,875903034,M,1,36,doctor
356,38,2,892020516,F,0,58,healthcare
138,134,4,875803014,M,1,21,administrator
682,291,3,882156093,M,1,28,marketing
193,471,5,879373060,M,1,25,engineer
765,937,2,879779480,M,1,36,educator
462,974,3,881532307,M,1,51,engineer
286,646,4,891989720,M,1,22,educator
345,52,3,879841772,M,1,38,other
109,566,5,880296453,M,1,34,writer
276,1285,5,888302667,F,0,32,librarian
268,13,5,877658109,M,1,30,programmer
545,1255,2,892648941,M,1,26,technician
834,229,4,883447657,M,1,31,student
878,934,5,879660447,M,1,31,entertainment
405,98,4,878195808,F,0,11,student
201,979,5,884877677,M,1,39,executive
503,15,2,880516818,M,1,28,programmer
927,419,3,879884343,M,1,36,engineer
653,7,1,892051030,F,0,43,librarian
320,210,5,890981285,F,1,35,executive
373,879,5,879129107,M,1,39,engineer
128,1045,1,879708604,M,1,18,entertainment
451,1014,3,889480074,M,1,18,other
297,229,1,879528366,M,1,18,technician
504,303,2,880036331,F,1,26,artist
942,783,4,891476100,M,1,36,programmer
7,133,2,892405920,M,0,54,educator
598,328,4,891976112,F,0,40,librarian
852,304,2,891556936,M,1,27,student
683,192,5,886986306,M,1,30,technician
479,181,4,875327533,F,0,44,administrator
243,316,1,878367730,M,1,27,executive
707,728,4,892021809,F,0,25,librarian
896,651,4,892802200,M,1,52,administrator
571,132,1,879925221,F,0,32,librarian
22,225,3,891851775,M,1,45,other
517,66,5,882922914,M,1,40,entertainment
508,1047,5,881663350,M,1,35,programmer
450,300,5,880225640,F,0,54,writer
747,444,2,875492585,M,1,40,artist
276,161,5,879597004,M,1,40,engineer
297,357,1,891680888,F,0,18,librarian
450,511,3,892327573,F,0,27,librarian
515,216,5,888051262,M,1,39,technician
627,38,5,884590622,M,1,24,programmer
156,117,5,876869860,M,1,27,scientist
833,742,4,885809446,F,0,31,educator
760,926,4,888473302,M,1,27,entertainment
618,765,5,891478244,M,1,41,programmer
221,230,4,875847866,M,1,39,administrator
64,182,5,885477016,M,1,35,retired
342,221,2,884076957,M,1,51,engineer
642,257,4,891759570,F,0,32,writer
663,293,5,879585292,M,1,27,other
658,362,3,879715438,M,1,31,programmer
18,678,4,889152787,F,0,51,librarian
577,295,3,879826622,M,1,28,marketing
758,286,4,891821537,M,1,43,programmer
888,237,4,879592734,M,1,22,educator
846,452,3,882384963,M,1,35,writer
864,482,4,883945552,M,1,32,student
32,941,4,880029884,M,1,35,engineer
419,747,4,884290985,F,0,30,healthcare
707,64,2,884126187,F,0,32,librarian
308,11,3,892758627,M,1,27,educator
85,367,1,878128032,M,1,36,educator
183,582,2,891335661,M,1,45,artist
473,583,5,893209640,M,1,33,programmer
183,455,5,880351242,M,1,32,student
621,49,3,879908581,M,1,30,student
184,268,2,891577561,F,0,13,educator
708,1143,5,881422220,F,0,24,educator
693,182,5,875929783,M,1,35,engineer
435,781,3,891769309,M,0,32,librarian
307,305,5,877544096,M,1,39,entertainment
642,1152,5,888983079,F,0,50,librarian
321,310,4,891213683,F,0,35,healthcare
545,847,5,882945002,M,1,39,technician
747,276,4,877759520,M,1,54,technician
393,305,3,888431665,M,1,32,student
266,1007,1,879893116,F,0,44,administrator
712,7,3,891221878,F,0,31,educator
619,505,4,883471480,M,1,27,scientist
124,106,2,891841876,M,1,46,educator
585,7,1,877983860,M,1,27,engineer
207,9,2,884879099,M,1,45,doctor
236,261,5,879355865,M,1,30,entertainment
172,228,4,878266916,F,0,56,writer
722,192,3,879667437,F,0,46,librarian
722,286,4,888568084,F,0,40,librarian
915,915,2,880384460,M,1,28,educator
158,1057,1,879178888,M,1,27,retired
1,182,4,889788572,M,1,35,librarian
805,124,3,884280475,F,0,52,educator
940,588,5,875347885,M,1,35,technician
916,415,4,880057756,M,1,24,engineer
895,740,5,880747412,M,1,32,lawyer
193,83,3,880184391,M,1,29,librarian
481,781,5,892556006,M,1,32,retired
892,372,2,882739034,M,1,31,entertainment
82,1328,3,881829403,M,1,52,marketing
645,544,5,879608338,M,1,19,technician
698,158,3,879420580,M,1,26,educator
117,230,4,892675458,M,1,30,educator
782,10,5,883379371,M,1,25,engineer
432,498,3,876632468,M,1,23,retired
583,544,4,880830815,F,0,45,librarian
60,1124,3,888695037,F,0,31,student
642,527,1,891256665,F,0,32,salesman
457,196,4,877811526,F,0,27,librarian
592,423,1,891739932,F,0,46,artist
1,403,1,879761212,M,1,49,entertainment
405,523,1,882340692,F,0,52,educator
334,449,5,879324576,M,1,32,retired
788,657,4,879162719,M,1,31,educator
269,313,5,880045191,F,0,52,healthcare
468,864,2,884325763,F,0,31,artist
287,414,5,881806690,F,0,30,educator
57,451,5,892711285,M,1,29,other
144,1046,1,880039582,M,1,28,student
343,358,1,884504475,F,0,50,educator
641,657,3,884139374,F,0,35,librarian
458,364,3,891728792,F,0,39,salesman
262,809,5,879952020,M,1,30,educator
878,358,1,880558377,M,1,26,student
143,1087,2,882848511,M,1,23,retired
14,327,4,892806479,F,0,45,writer
712,871,4,888420558,F,0,31,librarian
262,735,5,884236426,F,0,46,doctor
290,79,3,879638634,M,1,27,entertainment
937,110,4,884454039,M,1,47,technician
296,660,1,884136019,M,1,30,educator
151,238,4,879799271,F,0,35,student
316,728,5,880106879,M,1,28,scientist
243,616,2,891983141,F,0,39,artist
887,233,3,880201956,M,1,28,educator
907,129,1,891716602,M,1,28,retired
437,762,3,883902926,F,0,51,librarian
405,333,5,877615417,F,0,40,student
727,1028,4,889034701,M,1,52,engineer
82,762,2,882366238,M,1,32,writer
867,1166,4,879940882,M,1,29,executive
129,4,3,883497644,M,1,26,artist
236,278,1,884391505,M,1,26,artist
75,647,5,879972435,M,1,28,student
921,315,3,879535760,M,1,33,educator
551,121,3,882205715,F,0,31,librarian
782,140,4,891540424,F,0,51,educator
940,1,4,880220201,M,1,36,educator
95,252,2,892601922,F,0,32,artist
697,489,1,879924325,M,1,39,other
847,678,3,880869215,F,0,22,none
821,323,5,877514680,M,1,26,technician
195,237,5,884749838,M,1,31,lawyer
796,229,4,879987713,F,0,52,librarian
48,235,5,876320025,M,1,27,educator
388,1195,2,880201098,M,1,32,educator
889,975,1,883235495,M,1,49,programmer
327,756,5,892099560,M,1,32,technician
393,195,3,883695215,M,1,39,student
245,210,3,881312713,F,0,35,other
634,19,1,876755505,M,1,28,student
306,1147,5,889687620,M,1,29,scientist
865,216,1,879520327,M,1,28,engineer
545,134,4,883056739,M,1,30,educator
536,316,4,880955959,M,1,25,student
765,190,1,879399641,M,1,33,educator
846,684,3,879498362,M,1,39,administrator
36,556,2,880074023,M,1,32,programmer
321,87,3,891494758,F,0,18,administrator
474,181,3,877153134,F,0,22,other
59,1198,3,875457991,M,1,52,technician
120,88,4,891344686,F,0,50,artist
682,1387,3,888713605,M,1,39,programmer
215,151,3,879827385,M,1,44,technician
463,544,3,891597513,F,0,31,librarian
303,472,5,882498389,M,1,30,student
571,976,3,892094208,M,1,34,artist
617,185,5,879667643,F,0,45,writer
500,294,4,880624298,M,1,31,educator
917,406,3,890339881,M,1,29,marketing
308,209,3,888343705,M,1,27,programmer
27,251,3,880159237,M,1,43,technician
299,1296,4,889141390,M,1,27,entertainment
406,203,4,882447692,M,0,35,administrator
457,235,3,886682603,F,0,52,educator
427,1142,2,892162367,M,1,24,technician
39,147,4,884570720,M,1,28,technician
475,306,3,875411986,M,1,24,programmer
671,628,1,891435593,F,0,35,librarian
750,607,4,880096790,M,1,27,educator
130,423,4,882457043,M,1,26,educator
787,109,5,880403189,M,1,26,entertainment
221,152,5,880443239,M,1,36,executive
613,1078,4,892232430,M,1,26,scientist
792,1119,1,884247828,M,1,19,technician
229,318,5,888707173,F,0,52,librarian
359,472,5,888258756,M,1,44,executive
848,237,5,880623471,M,1,43,educator
578,530,5,882249910,M,1,30,educator
698,74,3,883551057,M,1,26,artist
709,135,3,891440642,M,1,26,other
878,313,4,880712061,F,0,52,librarian
786,117,4,891306379,F,0,44,healthcare
291,230,3,891414601,M,1,18,administrator
20,406,3,889946378,M,1,30,programmer
280,105,4,879713336,F,0,12,administrator
13,100,4,882779037,M,1,24,student
256,960,3,881040332,F,0,50,administrator
757,462,1,888935039,F,1,51,artist
725,514,2,882800392,M,1,27,technician
183,1168,3,879707963,M,0,27,homemaker
662,307,5,891669372,M,1,39,programmer
655,153,3,880224799,F,0,50,administrator
431,328,2,875373662,M,1,62,educator
437,230,4,881854520,M,1,26,educator
519,1618,1,881438739,M,1,27,lawyer
624,210,5,875976827,F,0,36,student
406,326,5,875462588,M,1,45,technician
63,928,4,882289088,M,1,27,educator
303,148,2,879721298,M,1,32,student
363,91,5,880143260,M,1,37,student
325,95,4,893160264,F,1,53,librarian
729,56,2,882678865,M,1,39,educator
144,369,5,891275757,M,1,39,artist
174,187,4,884601459,F,0,35,administrator
942,127,5,882755574,M,1,42,administrator
860,1038,3,892304554,M,1,27,technician
305,443,5,891882103,F,0,32,artist
655,518,4,891795819,F,0,35,educator
318,1498,4,876612464,M,1,40,none
864,152,4,880270213,M,1,43,engineer
308,134,4,891735812,M,0,35,educator
648,86,2,888901403,M,1,39,programmer
277,188,5,890057365,M,1,27,marketing
447,680,2,880461565,M,1,25,scientist
128,333,4,880829028,M,1,32,student
878,411,3,875899640,M,1,28,educator
374,623,5,882781351,M,1,36,engineer
637,323,3,891724990,F,0,52,librarian
749,265,5,879642309,F,0,23,none
346,672,3,880696519,M,1,26,lawyer
529,469,1,891737225,M,1,30,healthcare
854,566,2,882774476,M,1,24,engineer
137,12,4,879757267,M,1,33,student
424,1215,5,879813968,M,1,25,marketing
280,96,4,880855935,F,0,32,librarian
409,185,2,891859775,F,0,14,librarian
440,238,5,879656185,M,1,45,programmer
332,188,5,879786298,M,0,44,salesman
334,107,4,886234145,M,1,38,lawyer
471,1012,4,889857880,M,1,28,retired
626,96,1,879519678,F,0,25,writer
903,434,1,890870559,M,1,28,educator
24,1243,3,891337611,M,1,31,marketing
374,199,1,882729081,M,1,26,entertainment
179,631,3,879568330,M,1,39,writer
347,1162,5,891713867,M,1,29,educator
804,199,5,891820120,M,1,28,marketing
196,619,1,880804222,M,1,42,educator
421,441,5,883507218,M,1,43,educator
617,463,4,892205534,F,0,43,librarian
253,228,4,891718064,M,1,51,engineer
405,7,3,879911064,F,0,51,artist
443,655,4,882237354,M,1,51,administrator
11,24,4,891605143,M,1,11,lawyer
319,759,5,892399736,M,1,26,homemaker
942,1151,5,875509428,M,1,33,engineer
299,1084,3,879421452,M,1,27,executive
458,196,1,876737550,M,1,39,retired
218,420,5,890530765,M,1,41,retired
753,131,5,882886728,M,1,29,lawyer
726,157,3,884189309,M,1,32,lawyer
543,748,3,879899859,M,1,32,engineer
825,181,4,885170658,M,1,27,student
450,333,4,892333387,F,0,52,educator
222,182,5,882755662,M,1,39,technician
73,7,5,881364918,F,0,31,artist
158,118,5,880308659,M,1,24,administrator
473,105,2,892912362,M,1,33,writer
500,851,5,888921838,M,1,27,executive
522,854,4,892464077,M,1,32,lawyer
7,474,2,880913514,M,1,44,librarian
29,1553,2,880218546,M,1,33,artist
806,178,3,892101058,F,0,52,librarian
43,614,5,882841689,M,1,29,administrator
243,134,1,891107532,M,1,33,educator
395,896,5,875264585,M,1,27,scientist
354,413,5,891746210,M,1,32,writer
313,462,1,876436265,M,1,31,retired
497,1048,3,886844062,M,1,24,marketing
296,110,3,882591958,M,1,28,retired
502,180,3,882967260,M,1,28,educator
642,1,1,882352434,M,1,19,programmer
601,195,4,889286058,F,0,52,librarian
445,1041,4,891864178,M,1,51,programmer
1,319,5,883094113,M,1,24,student
902,255,3,882629559,M,1,59,executive
919,156,3,882410545,M,1,31,other
885,338,3,886844432,M,1,28,educator
234,268,2,880171175,M,1,33,artist
877,97,5,878020078,M,1,53,doctor
269,521,4,891658889,F,0,49,healthcare
158,515,1,877938941,M,1,27,student
292,388,3,886476343,M,1,51,executive
457,182,4,891556852,F,0,52,artist
336,347,3,892185274,F,0,43,librarian
401,690,1,879657498,F,0,39,salesman
545,315,5,889383196,M,1,27,technician
655,298,2,892361956,F,0,51,educator
399,479,4,883010758,M,1,23,marketing
265,293,5,879803080,M,1,52,programmer
405,715,4,888877932,F,0,24,librarian
917,294,4,879893227,F,0,33,librarian
339,22,3,882902409,M,1,52,artist
60,737,5,883123806,M,1,26,educator
222,180,3,880550436,M,1,27,educator
825,1626,4,881236808,F,0,35,librarian
346,1369,3,879505362,F,0,31,none
222,128,5,875031853,M,1,34,engineer
877,571,5,877930256,M,1,39,doctor
389,325,5,891829296,M,1,33,programmer
82,887,3,893444497,M,1,30,programmer
521,590,2,883209473,M,1,27,educator
25,127,5,880018365,M,1,28,librarian
871,66,3,891803739,F,1,30,other
503,14,5,882669269,F,0,36,librarian
323,1253,4,875701954,M,1,39,doctor
457,685,4,891620320,F,0,39,educator
272,405,5,877709090,F,0,43,librarian
60,470,4,884373085,M,1,38,other
18,923,1,875509180,M,1,23,student
886,1120,5,882798720,M,1,44,entertainment
521,1036,5,888789407,M,1,28,salesman
65,1115,4,880006281,F,0,52,librarian
104,174,2,883221887,M,1,33,student
655,1228,2,884618652,F,0,12,librarian
503,191,3,875167760,F,0,38,healthcare
405,117,5,877653232,M,1,27,executive
405,1428,2,881150241,F,0,52,healthcare
409,204,5,891471503,M,1,43,educator
243,5,4,879912871,F,0,44,librarian
279,607,5,882324720,F,0,52,artist
788,151,5,882327082,M,1,30,administrator
23,1074,4,886938564,M,1,30,administrator
778,223,5,879610084,F,0,13,librarian
399,425,5,883392675,M,1,30,student
286,346,5,879670461,M,1,27,other
778,319,5,875499839,M,1,23,programmer
76,707,4,879804423,M,1,33,student
703,749,3,879477133,M,1,32,artist
94,121,4,891428492,F,0,36,artist
60,326,4,879631148,M,1,23,retired
394,501,3,892334244,M,1,52,educator
637,461,5,891566953,M,1,28,artist
775,339,5,877164503,M,1,43,salesman
552,72,2,880807560,M,1,50,entertainment
49,276,4,892771364,M,1,18,administrator
650,596,2,891689716,M,1,44,artist
334,206,3,881843564,M,1,41,engineer
407,481,1,892367629,M,1,28,artist
303,73,3,882784173,M,1,35,programmer
269,1009,3,888302926,F,0,35,homemaker
548,279,5,883143457,F,1,32,educator
783,260,5,882874819,F,0,57,administrator
18,202,5,877430653,M,1,27,executive
523,427,1,875511359,F,0,32,librarian
14,1,2,892847205,M,1,40,educator
90,226,5,892245874,M,1,27,marketing
356,432,5,880006016,M,1,39,technician
145,410,3,884621585,M,1,30,student
213,390,3,892060706,F,0,49,librarian
20,582,4,879856291,F,0,19,other
325,88,4,879904239,M,1,31,none
1,284,5,891527446,F,0,51,librarian
294,248,3,882568219,M,1,27,doctor
201,974,4,878840340,M,1,22,student
838,72,5,877362598,M,1,45,executive
232,220,5,879673681,M,1,24,retired
879,307,1,888617240,M,1,27,technician
692,546,5,885682545,M,1,31,retired
292,11,3,891851083,F,0,52,student
507,699,3,882589047,M,1,38,administrator
392,266,3,879545322,M,1,28,artist
637,519,4,880198664,M,0,28,student
222,408,1,875677029,M,1,36,programmer
291,1042,3,876315516,M,1,32,other
763,294,4,888528383,M,1,33,student
437,196,5,879616918,M,1,23,programmer
894,57,4,889748335,M,1,39,student
454,211,3,882720266,M,1,33,other
655,183,4,888808063,F,0,52,artist
811,597,5,880179555,M,1,27,technician
916,250,2,891684228,F,0,39,librarian
401,762,3,879452464,F,0,31,librarian
83,15,1,880901250,F,0,32,librarian
145,749,2,879430969,M,1,33,educator
738,34,2,879270736,M,1,27,administrator
561,701,1,875430486,M,1,42,technician
203,340,1,877445444,M,1,23,engineer
269,79,1,891558510,M,1,28,technician
405,315,3,891978441,F,0,51,librarian
93,357,4,892093737,F,0,43,librarian
389,169,5,875232495,M,1,27,salesman
58,125,5,884437577,F,0,52,librarian
722,1307,2,889263126,F,0,31,student
839,208,3,881961785,M,1,30,educator
624,610,1,879837196,F,0,44,student
642,121,3,879336715,F,0,35,artist
747,603,4,876037856,M,1,29,technician
409,405,3,875297322,M,1,28,educator
932,496,1,891846500,F,0,30,educator
622,665,5,881274411,M,1,25,scientist
125,299,4,889528879,M,1,26,student
27,993,3,884347503,M,1,27,programmer
299,948,4,891976384,M,1,24,programmer
712,207,2,887078419,M,1,35,educator
778,28,4,882655220,M,1,24,educator
200,479,4,875841638,M,1,38,administrator
738,252,5,891793745,M,1,28,educator
158,205,1,875744147,M,1,32,technician
152,56,4,891684719,M,1,27,student
171,276,3,879619563,M,1,24,programmer
758,566,4,892665913,M,1,17,technician
339,328,2,892644283,F,0,31,writer
324,408,5,880233708,M,1,27,other
629,509,1,891488483,M,1,22,entertainment
398,89,2,883119440,M,1,27,doctor
556,50,5,891983560,M,1,33,engineer
463,259,4,880608787,F,0,39,librarian
450,56,5,891180903,F,0,19,librarian
220,248,4,880114135,F,0,32,writer
299,100,3,880145899,F,0,29,writer
56,258,5,888913530,M,1,23,programmer
686,514,3,879694096,M,1,52,student
938,127,3,884282443,F,0,45,librarian
586,773,5,879446662,M,1,24,engineer
65,10,5,883188392,M,1,26,programmer
296,196,3,881113457,F,0,55,librarian
899,1248,5,892443687,M,1,41,technician
172,690,2,881158592,F,0,52,librarian
563,15,4,891969305,M,1,35,educator
543,1258,4,882814121,M,1,28,doctor
637,518,1,886456389,M,1,39,executive
185,618,1,879480424,M,1,32,retired
708,693,5,879563111,F,0,52,librarian
654,210,5,878463588,F,0,44,other
460,197,5,888408242,F,0,32,scientist
782,427,3,882064987,M,1,44,entertainment
815,28,1,882620434,M,1,23,student
708,111,5,891987548,F,0,40,librarian
580,200,1,892204712,F,0,40,librarian
156,1353,4,880176824,M,1,38,engineer
714,141,1,880519773,M,1,28,student
684,546,4,876042576,M,0,24,student
130,329,3,880878374,M,1,43,engineer
266,1155,2,893094838,M,1,48,writer
854,474,1,877395355,M,1,27,programmer
234,286,4,879746489,M,1,35,educator
854,39,5,879242704,M,1,40,engineer
838,1037,4,880183428,M,1,31,technician
527,1636,4,882122449,M,1,31,lawyer
181,469,5,882459514,M,1,26,retired
373,81,1,879966819,M,1,32,marketing
303,96,5,882412881,M,1,38,student
269,1137,4,880035435,F,0,45,educator
501,281,5,880166532,M,1,30,educator
416,93,2,882601811,F,0,60,librarian
894,991,4,879628447,M,1,35,doctor
139,1541,2,882711883,M,1,34,educator
327,269,4,882810233,M,1,51,administrator
833,472,5,884078322,M,1,27,scientist
308,815,2,879489274,M,1,30,educator
637,50,5,882964223,M,1,36,doctor
181,866,5,876666418,M,1,36,artist
4,692,2,879677306,M,1,19,administrator
528,1047,4,883689798,M,1,32,programmer
54,313,3,884132779,M,1,42,other
563,689,1,875686605,M,1,38,programmer
7,315,2,879538706,M,1,33,educator
145,433,2,879867201,M,1,47,educator
721,1154,4,880059551,F,0,31,writer
266,178,3,891970429,M,1,51,student
409,150,5,879870185,M,1,22,student
342,117,4,883338284,M,1,32,librarian
450,633,3,891790436,F,0,36,educator
374,304,1,889472222,M,1,18,educator
385,762,4,879800459,M,1,44,student
443,105,5,877296599,M,1,24,retired
416,117,4,882736715,M,1,40,educator
457,175,4,889236718,F,0,35,other
244,222,4,879981030,M,1,44,student
506,602,4,882359945,M,1,23,marketing
829,263,4,883054197,M,1,26,administrator
556,39,4,892111788,M,0,26,educator
810,72,5,879685858,M,1,36,lawyer
286,38,4,884795070,M,1,40,student
843,4,4,881190410,M,1,24,other
336,245,3,880984874,M,1,50,administrator
89,127,5,884472756,F,0,42,librarian
114,248,5,888965278,M,1,29,executive
919,86,1,883946197,M,1,26,none
394,671,1,879278014,M,1,29,other
553,1009,3,891582615,F,0,49,student
781,294,3,891168607,F,0,33,librarian
442,810,1,879393989,F,0,32,salesman
653,882,2,887063834,F,0,36,other
672,351,1,886296093,M,1,42,technician
125,522,2,892271497,M,1,32,lawyer
655,199,2,891895760,F,0,50,educator
64,591,4,892462633,F,0,51,writer
303,284,3,880109742,M,1,30,programmer
18,1035,5,875443897,F,1,46,student
342,529,4,890979282,F,0,31,librarian
297,1062,3,891684737,M,0,45,salesman
904,129,1,892409101,F,0,51,librarian
716,405,3,891856370,F,0,32,librarian
318,588,5,882717709,M,1,26,programmer
155,274,4,891782828,M,1,43,programmer
934,300,4,882084970,F,0,36,writer
650,300,4,892088556,F,0,40,writer
488,54,5,885330831,M,1,36,entertainment
605,343,5,886708759,M,1,46,student
1,501,4,879967093,M,1,44,writer
11,238,5,879883943,F,0,19,writer
450,947,3,891610817,F,0,44,artist
262,106,5,882285467,M,1,24,engineer
839,205,1,882226321,M,0,19,salesman
630,292,3,882052610,M,1,35,educator
515,50,4,892252975,M,1,26,student
364,180,3,880160499,M,1,34,technician
798,300,2,888897391,F,0,33,educator
405,655,4,892128097,F,0,35,librarian
206,300,4,892024877,F,0,46,writer
271,1009,3,876172488,M,1,39,student
128,81,3,891828346,F,1,43,librarian
618,109,4,879657132,M,0,52,educator
782,568,3,879843025,F,0,10,librarian
1,1229,3,881717502,M,1,53,retired
629,125,4,880039885,M,1,51,student
786,1185,3,892027813,F,0,26,homemaker
213,127,4,879746190,M,1,23,educator
570,229,3,882221114,M,1,27,student
798,186,3,892353213,M,1,32,programmer
49,159,5,879907418,M,1,28,educator
159,747,3,882868589,M,1,41,programmer
38,502,4,882750201,M,1,31,student
235,121,3,880310807,F,0,30,educator
798,177,3,880825102,F,0,51,librarian
481,539,3,879162094,M,1,29,educator
524,1381,5,878245896,M,1,36,retired
184,531,3,889154473,F,0,53,marketing
601,328,3,877940721,F,0,36,writer
301,13,4,880718574,M,1,36,engineer
286,210,4,880283497,M,1,23,programmer
869,62,2,889093415,M,1,51,student
854,222,1,880220567,M,1,28,writer
226,155,4,880219562,M,1,44,educator
190,318,4,885845191,M,1,35,programmer
276,309,2,880211061,M,1,34,technician
902,144,5,875488460,M,1,31,entertainment
665,435,5,879348058,M,1,26,executive
62,64,2,879458956,M,0,39,educator
135,1089,2,877555548,M,1,23,programmer
473,421,5,892180353,M,1,12,scientist
464,326,5,884431917,M,1,40,engineer
204,763,3,880136851,M,1,27,student
293,185,5,879523386,F,0,40,librarian
910,28,1,877920331,M,1,26,student
125,117,3,891961730,F,0,43,marketing
382,210,5,875245495,M,1,30,librarian
752,879,3,882780828,M,1,31,educator
213,584,4,875883995,M,1,52,administrator
545,100,4,891355085,M,1,57,programmer
457,652,3,879779387,F,0,32,artist
568,7,3,884855000,F,0,31,artist
551,960,2,892188586,F,0,53,educator
372,311,4,884344137,M,1,27,student
7,294,3,890844839,F,0,27,educator
936,31,2,884605927,M,1,32,student
104,174,5,892349966,M,1,28,educator
617,320,4,889729025,M,1,31,artist
933,1048,4,892121679,M,1,45,artist
268,196,2,891760417,F,0,52,other
922,286,4,879902269,F,0,32,writer
659,483,5,884934496,M,1,40,educator
224,419,5,892089526,M,1,28,writer
403,100,3,884607954,M,1,27,educator
161,32,3,880201782,M,1,33,technician
532,333,1,879633183,M,1,35,executive
901,83,5,891861206,F,0,20,educator
92,288,3,892779939,M,1,23,administrator
171,1306,2,883415335,M,1,27,other
393,173,4,875244568,M,1,27,educator
193,125,5,882499613,M,0,34,homemaker
931,249,2,886516732,M,1,30,programmer
339,49,4,892248096,F,0,22,administrator
198,441,1,886401272,M,1,43,lawyer
545,5,3,883268557,M,1,24,administrator
27,157,3,882343619,M,1,28,programmer
254,288,2,886140776,M,1,40,educator
664,131,3,880087076,F,0,32,doctor
205,131,5,892031085,M,1,32,educator
503,143,2,882382536,F,0,36,administrator
646,863,2,882974754,M,1,33,librarian
782,630,4,881258920,F,0,36,librarian
121,219,4,880091995,M,1,26,educator
193,172,3,881204344,M,1,54,educator
201,386,4,882596736,F,0,35,librarian
878,482,5,884960141,M,1,26,engineer
589,1418,5,882436393,M,1,19,engineer
546,665,4,881084190,M,1,23,administrator
806,500,1,888677852,M,1,50,librarian
868,283,4,880401961,M,1,23,educator
339,645,4,891135027,M,1,39,educator
622,121,5,879657384,M,1,42,educator
643,451,2,884652439,M,1,27,programmer
871,447,5,891474594,M,1,31,executive
438,15,2,879860616,M,1,28,programmer
705,1148,3,880084507,M,1,27,student
184,187,5,891810693,M,1,10,student
892,694,2,882578917,M,1,28,artist
807,818,4,880027187,M,1,54,programmer
537,414,3,889183232,M,1,31,administrator
128,124,3,880407632,M,1,27,student
405,282,2,884442211,F,0,39,healthcare
456,272,5,880284289,F,0,58,librarian
28,124,2,880555563,M,1,24,student
632,264,1,875195486,M,1,52,educator
110,1286,2,891439397,M,1,25,other
472,91,4,891468636,M,1,32,programmer
323,433,5,881614669,M,1,32,educator
870,945,5,879750217,M,1,39,programmer
7,286,3,880656315,F,0,43,librarian
308,86,3,887069155,M,1,32,engineer
222,475,3,882456335,M,1,26,educator
402,364,3,883394126,M,1,29,programmer
1,142,4,892327382,M,1,35,student
847,609,1,875861723,M,1,39,programmer
906,175,5,882395400,M,1,23,scientist
381,909,5,891927021,M,1,28,programmer
412,609,1,882463593,M,1,45,retired
716,531,2,886225367,F,0,51,educator
604,291,1,878100249,M,1,28,lawyer
881,222,2,875932422,M,1,27,student
721,403,5,880323851,M,1,43,student
589,455,3,882555688,M,1,36,executive
39,151,5,876733425,M,1,31,student
197,143,1,882792659,M,1,27,student
102,1115,2,881421623,M,1,45,educator
574,1196,4,875988255,M,1,26,programmer
629,659,3,879686123,F,0,52,librarian
28,100,3,879725921,M,1,23,other
11,338,2,879438064,F,0,52,librarian
660,282,3,878035903,M,1,27,executive
303,379,4,882581149,F,0,51,student
76,1079,4,884116931,F,0,13,librarian
694,604,4,891942391,M,1,27,educator
8,124,4,889459838,F,0,35,librarian
483,222,3,891995986,M,1,49,artist
317,928,3,884681132,F,0,39,other
577,823,4,882019395,F,0,52,healthcare
624,216,5,880333906,M,1,39,educator
336,662,5,884206433,M,1,36,writer
561,588,1,879616939,M,1,27,programmer
640,797,4,877831718,M,1,23,salesman
298,679,1,888603654,M,1,50,programmer
628,118,3,886784710,F,0,51,librarian
796,515,5,877975503,F,1,37,other
331,343,5,892646183,M,1,34,artist
880,1059,1,888942457,M,1,36,retired
940,1064,5,880722937,M,1,27,marketing
313,1501,2,880523419,M,1,30,artist
95,43,3,880077901,M,1,26,other
412,474,1,878719556,M,1,27,student
74,851,1,886288189,M,1,46,entertainment
7,508,4,879621004,F,0,44,librarian
144,310,3,892639485,F,0,36,administrator
627,515,5,880508936,M,1,25,student
394,742,1,891361263,M,1,27,technician
7,1110,5,886011635,M,1,27,educator
926,874,4,879459184,M,1,34,engineer
504,1035,3,880405494,M,1,28,other
627,226,4,879791087,M,1,61,engineer
403,639,3,883614046,M,1,21,educator
97,193,3,876865437,M,1,31,programmer
927,1187,1,875557628,M,1,36,salesman
504,659,4,891660156,F,0,50,other
567,710,4,880249404,F,0,32,salesman
436,80,3,879357870,M,1,34,educator
618,433,3,883778239,F,0,56,educator
201,628,1,876983324,M,1,36,programmer
170,283,5,886575221,M,1,35,programmer
301,796,5,884796996,M,1,28,technician
504,762,3,880475481,M,1,31,scientist
411,465,5,879951222,M,1,33,lawyer
617,284,2,875301707,F,1,20,educator
731,473,3,881483811,M,1,24,educator
158,494,3,882146036,M,1,30,other
213,168,4,880665149,M,1,27,marketing
717,275,5,879742534,F,0,11,writer
881,511,2,878138864,M,1,18,other
240,508,1,880024131,M,1,45,administrator
314,300,4,877797204,F,0,53,writer
222,118,1,880218678,M,1,32,programmer
342,412,5,879925889,M,1,27,programmer
459,187,1,882272896,M,1,27,educator
211,7,5,877969337,M,1,32,student
7,231,4,881955360,M,1,17,student
876,515,2,889841977,M,1,21,technician
617,238,5,880242676,F,0,51,educator
478,1428,3,885572189,M,1,27,technician
746,663,2,881151773,M,1,35,executive
653,284,2,882565004,M,1,40,programmer
617,215,3,885011847,F,0,40,student
181,2,4,875439978,F,0,32,artist
867,300,2,879571633,M,1,36,programmer
653,433,2,879825339,M,1,41,educator
862,485,5,879179795,M,1,40,technician
793,102,5,882559889,M,1,27,student
920,1328,2,884766776,M,1,32,lawyer
49,109,1,891358838,M,1,23,none
788,509,5,879223441,M,1,39,scientist
919,216,5,891398182,M,1,39,entertainment
848,381,5,879754840,M,1,23,educator
504,448,2,879770624,F,0,39,educator
740,484,5,882488519,M,1,24,programmer
381,278,1,891704689,M,1,25,technician
321,409,1,882437201,M,1,26,other
72,202,3,888971972,M,1,27,engineer
795,204,5,892413243,M,1,40,artist
249,1084,1,892796337,M,1,32,lawyer
896,53,4,891236750,M,1,26,other
442,1115,2,883456307,M,1,29,educator
92,29,3,889180900,F,0,51,librarian
454,641,5,880842582,M,1,38,educator
823,134,5,884149957,M,1,32,executive
883,391,1,884407228,M,1,39,student
468,386,3,879710226,M,1,39,writer
939,326,3,880073619,M,1,51,none
254,137,5,882831407,M,1,50,writer
445,258,4,875596254,M,1,31,administrator
85,172,3,875848223,F,0,13,educator
684,872,1,884614246,M,1,35,executive
450,15,3,886903525,F,0,52,administrator
887,584,5,876173141,F,0,30,other
833,295,3,879928910,M,1,52,executive
634,120,2,879476220,F,1,49,salesman
184,28,5,891260375,F,0,36,writer
351,421,5,885810644,M,1,28,scientist
354,1197,3,876316430,M,1,39,engineer
377,874,5,879402894,M,1,34,student
677,1179,1,880330996,M,1,44,retired
630,164,1,880608910,M,1,45,technician
417,1083,4,891777695,F,0,51,educator
234,249,3,879987602,F,1,23,other
251,607,5,880670797,M,1,25,retired
270,582,4,879760671,F,0,52,librarian
104,47,2,882453302,M,0,34,scientist
899,22,4,883637510,M,1,26,retired
486,1079,2,877930836,F,0,36,librarian
711,586,5,880089893,M,1,52,none
18,194,5,884307023,F,0,41,librarian
190,1035,1,892126043,M,1,26,educator
171,140,2,883159837,M,1,32,artist
269,876,2,892504394,F,0,32,healthcare
805,293,3,884127143,M,1,44,educator
716,7,4,891801129,F,0,52,educator
92,1034,4,880225940,M,1,31,administrator
782,255,2,881877742,M,1,31,retired
145,1496,4,882487547,M,1,35,student
12,261,5,879155008,M,1,45,entertainment
295,56,3,879318532,M,1,35,student
145,274,2,891859234,F,0,36,writer
234,286,3,879641444,M,1,24,programmer
497,455,3,892123407,M,1,35,programmer
296,152,5,883186456,M,1,32,student
518,474,1,891859891,M,1,32,educator
655,475,5,891392893,F,0,40,student
269,831,5,885165396,F,0,35,librarian
928,566,5,879891839,M,1,19,programmer
346,559,5,880879446,F,0,32,librarian
547,318,3,892286209,F,0,33,librarian
582,122,3,880519166,M,1,36,executive
351,209,3,886873318,M,1,27,student
816,99,4,879802831,F,1,32,other
452,31,1,883051528,M,1,36,educator
160,391,1,881404348,M,1,22,artist
247,127,2,893600066,M,1,28,educator
559,738,5,880396600,M,1,38,entertainment
908,585,5,888886385,M,1,27,librarian
694,382,4,875889216,M,1,39,scientist
192,245,4,892443413,M,1,30,student
867,384,5,880031909,M,1,28,educator
481,168,1,879957701,M,1,24,librarian
12,133,1,878294078,M,1,27,student
393,639,2,886300746,M,1,33,educator
904,1341,4,882352373,F,0,23,educator
95,238,4,882387076,M,1,31,student
859,243,2,881148979,F,0,28,educator
659,419,2,889099196,M,1,27,lawyer
62,88,3,876149547,F,0,43,healthcare
256,744,3,884276627,F,0,36,writer
941,1444,5,880079123,M,1,36,administrator
425,195,4,892465604,M,1,35,student
603,3,5,880097734,M,1,25,marketing
145,195,5,879729984,M,1,27,student
221,362,2,886498247,M,1,33,technician
128,213,4,879124290,F,0,32,artist
450,276,4,879547096,M,1,39,salesman
873,941,5,892723102,M,1,25,engineer
532,6,5,890362928,M,1,39,programmer
919,31,4,892078544,F,0,39,librarian
139,1101,5,890732641,M,1,33,doctor
274,795,1,892094765,M,1,36,engineer
229,133,5,880607214,M,1,23,executive
435,260,4,880060208,M,1,23,educator
405,362,2,888860430,F,0,23,librarian
344,1336,4,892017080,F,0,50,student
833,208,3,880565204,M,1,53,technician
280,815,3,889637176,M,1,27,other
763,673,5,883234602,M,1,25,student
290,144,4,880557207,M,1,39,entertainment
835,176,3,892388401,F,0,25,artist
727,73,2,877058301,M,1,27,entertainment
535,31,4,891482209,F,0,52,student
533,282,4,878144270,M,1,39,executive
672,1238,2,880352483,M,1,33,doctor
474,800,4,879548196,M,1,43,administrator
312,56,3,884823688,M,1,25,educator
932,94,4,886007125,M,1,52,educator
592,488,1,883783010,M,1,31,educator
785,311,2,880787802,M,1,28,educator
167,221,5,884631911,F,0,27,none
374,449,5,891128273,F,0,27,technician
679,652,4,884006034,F,1,38,student
496,273,4,879283884,M,1,27,marketing
399,993,3,890056919,M,1,20,programmer
54,1079,5,879734895,M,1,27,educator
742,1440,5,880486106,M,1,33,doctor
458,690,4,891284458,F,0,24,healthcare
771,512,5,879657804,M,1,30,educator
747,481,1,881793855,M,1,36,programmer
736,416,4,882880552,F,0,20,artist
821,42,5,883028487,M,1,19,healthcare
405,924,1,881159322,F,0,39,librarian
889,385,4,891272715,M,1,32,technician
908,95,2,889296221,M,1,27,educator
458,151,5,892231029,M,1,32,educator
417,732,5,875924617,F,0,52,administrator
342,778,3,882529085,M,1,42,student
909,403,5,882173149,M,1,34,student
242,1378,5,880667133,M,1,35,technician
774,674,4,882367613,M,1,27,executive
889,770,3,880034161,M,1,22,administrator
474,501,1,882181548,M,1,38,technician
5,273,5,879446930,F,0,28,educator
515,229,1,892728018,M,1,30,technician
118,132,3,891895855,F,0,35,librarian
222,961,3,880049688,M,1,28,programmer
239,379,5,888441558,M,1,55,student
731,715,3,883071990,M,1,33,educator
756,90,3,879941514,F,0,51,librarian
437,687,5,879647058,M,1,44,technician
782,174,4,880537620,M,1,34,educator
67,21,5,879942821,M,1,19,technician
905,36,2,891907024,M,1,33,technician
616,1618,2,876450789,M,1,30,programmer
875,271,3,891347351,M,1,18,retired
467,506,4,875641225,M,1,39,executive
457,595,5,883015775,M,1,28,executive
655,301,2,881001586,F,0,51,writer
837,1,4,884378490,F,0,51,healthcare
707,831,5,879937912,F,0,30,artist
736,153,5,879792287,M,1,27,other
159,111,5,880374858,M,1,33,educator
500,312,5,882485774,M,1,31,scientist
5,300,4,892055565,F,0,28,writer
186,127,2,883287912,F,1,35,educator
893,239,3,890029665,M,1,22,other
224,226,4,891486333,F,0,52,librarian
64,903,1,879890909,M,1,30,administrator
535,240,4,879856113,M,1,25,programmer
52,285,5,880317495,M,1,47,lawyer
428,354,4,875356098,M,1,26,technician
138,679,4,879912906,M,1,40,student
450,742,4,892210147,F,0,35,educator
632,331,4,880025436,M,1,36,educator
932,237,4,882573323,M,1,22,student
864,544,3,884471329,M,1,27,technician
405,96,4,879703865,F,0,33,librarian
504,467,3,891543873,M,1,36,educator
790,1023,3,893250917,M,1,27,other
728,468,5,879594726,F,0,54,librarian
267,528,5,883272869,M,1,21,executive
758,1227,4,879446825,M,1,31,engineer
97,306,3,889357122,M,1,23,lawyer
240,443,3,882458738,M,1,34,student
656,251,1,879720092,M,1,36,technician
175,220,1,888746631,M,1,20,lawyer
906,121,2,879787242,M,1,28,programmer
798,181,4,893001944,F,0,51,librarian
6,842,5,882406184,F,0,49,student
756,300,4,880682807,M,1,37,educator
290,82,4,876938970,F,0,35,librarian
573,90,1,883922852,M,1,38,programmer
687,1020,1,891813570,M,1,25,lawyer
381,813,4,884069230,M,1,51,technician
613,301,4,891799267,F,0,49,librarian
637,346,2,881231356,M,1,27,doctor
417,515,5,889753176,M,1,28,marketing
435,238,4,892511188,M,1,27,student
290,286,5,891116685,M,1,19,entertainment
181,328,4,884352982,M,1,35,technician
727,86,5,879889140,M,1,25,student
431,47,3,880509296,M,1,27,artist
1,98,5,889815079,M,1,28,student
871,703,2,892090589,M,1,30,marketing
843,207,5,875928996,F,0,54,librarian
463,748,5,880642071,M,1,24,executive
416,217,5,885965287,F,0,44,educator
927,323,3,879782610,M,1,39,writer
786,433,3,889357967,F,0,39,healthcare
733,209,5,885682254,M,1,39,technician
870,222,4,879835031,M,1,41,retired
14,441,3,882795288,F,0,52,artist
348,1286,3,880155166,M,1,27,marketing
488,56,5,882591771,M,1,31,educator
350,876,2,880542026,M,1,38,scientist
773,194,1,884078937,M,1,28,programmer
479,417,4,884966843,F,0,50,librarian
189,996,2,884523667,F,0,58,artist
497,323,5,882334632,M,1,30,scientist
22,424,3,892466921,M,1,39,educator
308,174,3,880689077,M,1,27,administrator
908,676,5,889647108,M,1,28,technician
555,820,4,877918172,M,1,28,educator
622,82,4,891837675,M,1,33,entertainment
474,243,5,879660522,F,0,18,administrator
837,85,3,875996542,F,0,52,artist
761,1268,2,892358180,M,1,40,healthcare
883,13,5,879436013,M,1,26,educator
335,513,1,875314112,M,1,19,executive
364,465,3,884522299,M,1,51,lawyer
500,411,4,886186124,M,1,31,salesman
125,517,3,879727272,M,1,23,executive
629,313,1,891936304,F,0,9,librarian
385,655,3,879883602,M,1,53,educator
305,1018,3,892608563,M,1,32,retired
405,268,2,883152471,M,1,32,educator
158,112,3,880693948,M,1,33,educator
215,744,5,880461426,M,1,36,doctor
314,637,5,882566912,M,1,40,engineer
343,841,3,879407234,F,0,33,writer
411,24,4,892289270,F,0,51,healthcare
738,772,5,880055858,M,1,30,entertainment
245,117,5,876897734,M,1,23,student
655,135,3,880892841,F,0,51,librarian
58,98,5,880383336,M,1,27,writer
374,72,5,879703403,M,1,27,engineer
758,81,3,892380326,M,1,43,technician
653,328,2,882144715,M,1,33,programmer
234,692,2,879070923,M,1,44,educator
650,367,1,892834623,M,1,39,lawyer
457,232,5,892036098,F,0,40,writer
943,343,1,887353415,M,1,26,technician
28,122,3,893026919,M,1,26,other
484,326,5,879417234,M,1,12,doctor
313,1355,3,882720835,M,1,23,technician
673,263,1,879328390,M,1,27,entertainment
198,482,3,888748041,F,0,39,librarian
532,3,4,880002562,F,0,50,healthcare
89,117,4,891826783,F,0,51,educator
754,130,2,879676862,M,1,36,librarian
845,228,4,879981742,M,1,49,student
663,838,2,875128659,M,1,18,entertainment
18,250,3,882480704,F,0,43,writer
13,238,2,880656676,M,1,39,other
120,271,4,879664743,F,0,49,administrator
198,17,3,879415781,F,0,51,librarian
119,885,3,883212475,M,1,30,programmer
464,919,5,891751110,M,1,44,student
711,7,2,880156575,M,1,25,writer
234,32,1,884511774,M,1,39,educator
736,578,5,886453536,M,1,39,scientist
387,197,3,878298921,M,1,36,programmer
60,175,1,880040168,M,1,32,technician
593,228,4,890684480,M,1,31,educator
878,358,3,880820891,F,0,50,librarian
178,255,4,893118238,M,1,40,educator
450,321,2,879766683,F,0,52,librarian
327,1291,1,891654737,M,1,18,programmer
617,260,4,875559482,F,1,27,administrator
660,148,2,875682426,F,1,27,educator
167,716,3,882950662,M,1,19,technician
722,259,3,891579526,F,0,51,healthcare
128,294,5,891599221,F,0,51,librarian
232,1041,5,883020056,M,1,23,scientist
624,513,1,879120365,M,1,27,technician
545,163,5,882935126,M,1,40,educator
727,270,5,881860331,M,1,40,engineer
487,127,3,879128730,M,1,35,lawyer
483,82,3,879332745,M,1,21,artist
350,38,3,875872310,M,1,27,technician
236,121,1,878976331,F,0,23,healthcare
592,82,4,886447315,M,1,49,programmer
60,1033,3,886380329,F,0,35,healthcare
234,22,5,882623759,M,1,28,programmer
279,188,1,879591626,M,1,24,engineer
405,194,5,884574841,F,0,56,librarian
346,405,4,879707849,F,0,52,librarian
467,169,5,878186803,M,1,39,student
583,171,3,881828817,M,1,36,engineer
174,1,2,881769626,M,1,33,educator
280,202,1,882789285,M,1,39,student
23,53,4,892364121,M,1,18,administrator
257,168,5,879221470,M,1,30,salesman
887,313,4,891684314,F,0,12,librarian
805,742,4,891515489,F,0,36,writer
711,430,3,880023394,M,1,27,engineer
665,528,5,882265470,M,1,28,educator
295,1135,5,893024434,M,1,38,programmer
249,741,5,882306532,M,1,28,student
101,977,3,882819859,M,1,23,student
745,13,3,892209489,M,1,26,student
730,921,3,892142648,M,1,44,administrator
59,85,4,875679945,M,1,36,educator
757,284,5,892627508,M,1,27,technician
1,477,5,881004614,M,1,33,programmer
280,150,3,891674580,F,0,50,administrator
592,425,1,889208595,M,1,31,technician
379,672,3,891530269,M,1,39,programmer
826,420,1,886759605,M,1,53,other
835,866,1,880453367,M,1,43,programmer
642,561,5,891426872,F,0,52,librarian
805,846,3,879954889,F,0,31,healthcare
13,531,5,884397488,F,0,53,healthcare
286,484,4,889642520,M,1,23,educator
936,275,1,886202538,M,1,28,engineer
234,582,3,880257848,M,1,27,educator
287,328,5,880454503,M,1,33,student
885,1093,1,879864219,M,1,39,artist
507,50,4,893031571,M,1,43,student
520,286,4,882432220,M,1,30,technician
249,329,5,879640517,M,1,28,artist
594,218,5,879184825,M,0,26,salesman
703,748,4,888128569,M,1,35,executive
234,548,4,888999100,M,1,29,technician
629,1626,1,886440396,F,0,19,administrator
928,28,1,892085499,M,1,42,executive
49,333,1,882389138,M,1,45,educator
451,300,3,877876625,M,1,24,entertainment
323,137,5,879950872,M,1,27,doctor
474,58,2,889570953,M,1,40,technician
386,800,4,889753371,M,1,36,technician
734,97,5,878627031,M,1,28,entertainment
101,451,5,891527769,F,0,36,educator
28,152,2,885665165,F,0,30,educator
160,384,3,892436355,F,0,52,artist
887,57,3,882738411,F,0,27,other
144,416,4,886600319,M,1,54,educator
312,1329,5,882447288,M,1,36,technician
886,22,3,891850618,M,0,26,student
503,732,3,878977687,F,0,51,educator
338,691,1,884881843,M,1,28,other
722,338,3,891543082,F,0,27,healthcare
645,521,4,879840783,M,1,38,retired
412,866,3,879884432,M,1,39,other
155,222,4,886261656,M,1,26,student
746,633,4,891641180,F,0,27,homemaker
389,631,4,880052523,M,1,42,executive
20,141,4,882415270,M,1,32,programmer
726,1316,2,886407384,M,1,26,none
116,165,4,892676094,M,1,42,administrator
500,1498,5,875355156,M,1,28,technician
621,408,4,882818775,M,1,23,lawyer
498,956,5,880657441,M,1,44,retired
561,585,3,882328189,M,1,24,educator
769,216,4,884644171,F,1,19,writer
331,310,4,879175637,F,0,51,librarian
424,114,2,884201974,F,0,52,librarian
798,53,4,886905203,M,1,22,educator
259,100,5,891502709,M,1,24,student
589,506,2,880635444,M,1,26,programmer
719,250,4,880008286,F,0,39,educator
387,297,2,882573282,M,1,27,technician
222,1286,4,882012698,F,0,33,writer
630,234,3,879245872,F,0,31,salesman
554,300,5,891239201,F,0,32,educator
429,531,4,886054872,F,0,27,librarian
705,224,3,889081821,M,1,31,engineer
524,1152,5,877220945,M,1,27,salesman
321,515,4,892024310,F,0,31,healthcare
276,509,5,892416116,M,1,25,retired
441,780,5,880849530,M,1,35,programmer
276,210,4,884036459,M,1,40,scientist
269,1282,3,885739744,F,0,30,educator
782,105,3,880908262,M,1,12,technician
782,1207,4,882674932,M,1,52,educator
128,211,4,888975614,F,0,51,librarian
798,93,5,888972972,M,1,33,educator
310,435,1,879375496,M,1,33,lawyer
7,210,3,893187790,M,1,32,other
301,1217,3,882777534,M,1,29,programmer
74,470,5,876955481,M,1,32,scientist
286,258,4,892397306,M,0,49,executive
327,488,2,891963297,M,1,33,educator
64,12,5,884429824,M,1,27,marketing
343,255,3,880547383,M,1,30,lawyer
928,229,1,882951737,M,1,34,educator
407,233,4,882660517,F,0,53,artist
434,185,5,879942028,M,1,28,lawyer
883,474,2,889903496,M,0,51,writer
265,740,2,882522241,M,1,32,retired
269,380,3,879830100,F,0,23,educator
747,827,4,879323278,M,1,35,programmer
390,483,4,879284663,M,1,27,technician
408,1337,2,883366437,M,1,25,homemaker
655,313,3,891813935,F,0,32,librarian
170,1544,5,878230304,M,1,53,engineer
347,9,3,879420098,M,1,23,student
60,485,5,886495073,M,1,27,technician
626,254,1,880676429,M,1,20,technician
787,117,5,877275036,M,1,32,programmer
848,527,1,879995319,M,1,40,programmer
462,510,5,877491432,M,1,45,retired
927,631,5,882570524,M,1,39,technician
565,71,3,881251955,F,0,32,librarian
694,31,1,882414168,M,1,27,technician
805,292,5,886273516,M,1,31,technician
654,762,3,892070842,F,0,51,librarian
327,416,3,888785991,M,1,36,doctor
782,246,4,884943282,M,1,23,student
524,82,5,880115652,M,1,41,entertainment
916,558,4,885162337,M,1,26,executive
375,1098,3,884255645,F,0,35,none
94,237,3,879878766,F,0,33,educator
896,199,3,875628528,M,1,40,educator
267,818,5,878427071,M,1,35,educator
896,211,4,879545623,M,1,28,programmer
796,199,1,879637796,F,0,20,librarian
639,156,4,892862417,M,1,27,artist
92,153,4,878745474,M,1,27,educator
566,705,1,875443943,M,1,35,technician
579,450,4,888451316,F,0,39,librarian
648,269,2,879175578,M,1,27,educator
42,717,4,879776701,F,0,35,librarian
190,751,4,892578065,M,1,27,technician
385,180,3,888493285,F,0,54,librarian
370,174,5,882369201,F,0,40,librarian
26,736,4,879902733,M,1,34,educator
503,762,4,891489535,F,0,19,educator
128,763,3,880161136,F,0,53,writer
820,286,3,878381963,M,1,44,student
389,205,3,886127147,F,1,36,technician
703,1067,3,892807592,M,1,25,programmer
308,853,4,881450662,M,1,43,other
434,103,2,880034461,M,1,27,artist
496,222,5,880296832,M,1,36,educator
55,1423,5,886342318,M,1,24,retired
769,181,3,879713775,F,0,10,librarian
831,969,3,880001916,M,1,34,artist
851,650,5,882679760,M,1,32,educator
846,160,4,880042768,M,1,26,administrator
487,196,5,883160418,M,1,35,lawyer
796,327,3,882534635,F,0,27,educator
504,198,4,886234443,F,0,49,administrator
224,869,2,876011484,M,1,24,marketing
929,328,4,883993878,F,0,50,writer
833,210,4,892805625,M,1,36,administrator
887,333,3,884631260,F,0,51,educator
447,1044,2,882015385,M,1,40,student
773,1008,1,892141608,F,1,30,artist
881,410,3,884545879,M,1,26,educator
864,872,5,883111667,M,1,31,scientist
276,1010,3,879285447,M,1,27,technician
911,548,1,891377455,F,0,56,salesman
324,199,5,879827137,M,1,27,executive
927,517,5,880444878,M,1,27,marketing
334,508,3,891799885,M,1,31,technician
249,1084,2,891741638,M,1,34,marketing
468,540,1,882355926,M,1,38,other
174,300,4,892109169,F,0,52,librarian
102,100,4,879539880,M,1,28,student
91,288,1,884071428,M,1,49,entertainment
584,121,3,888850359,M,1,38,executive
332,234,5,891022943,F,0,49,other
215,276,4,880490806,M,1,29,educator
453,209,2,883042830,M,1,36,programmer
815,432,1,891585391,M,1,28,programmer
815,588,5,882955079,M,1,32,programmer
188,316,5,876911373,M,1,43,entertainment
339,485,1,881052364,M,1,30,executive
449,1181,5,875278093,M,0,36,educator
705,692,5,880621235,M,1,20,other
246,250,5,879838405,M,1,38,scientist
650,1012,1,879008675,M,1,52,engineer
892,333,5,890886006,M,1,34,educator
670,199,4,879941683,F,0,53,writer
790,413,4,882693096,M,1,24,none
362,180,4,885234101,M,1,39,other
380,433,3,886948793,F,0,32,artist
728,970,3,880983502,M,1,50,executive
151,1034,4,887314004,F,0,51,writer
653,542,4,879972941,F,0,39,writer
280,282,3,879443732,F,0,30,librarian
494,312,5,879931273,M,1,32,engineer
597,1182,3,884684061,M,1,33,student
474,588,1,884019773,M,1,51,student
49,1064,4,879605946,F,0,35,librarian
620,284,3,883111860,M,1,27,programmer
607,1248,3,891897324,F,1,32,student
7,64,1,876029386,F,0,45,educator
844,255,5,882927893,M,1,44,doctor
332,129,3,882627809,M,1,41,educator
669,1328,5,884935588,M,1,24,technician
640,200,5,883054731,M,1,34,student
385,238,3,880292305,M,1,34,educator
264,403,4,891600185,F,0,49,educator
455,1140,5,888847751,M,1,24,technician
361,1444,5,885931334,M,1,39,entertainment
501,320,5,882326696,F,1,33,student
11,824,3,879657188,M,1,18,executive
186,128,4,879880339,M,1,29,educator
708,746,2,879762756,F,0,50,librarian
281,750,4,880014483,F,0,39,none
119,387,4,879687028,M,1,52,educator
623,404,2,890446517,M,1,25,retired
1,1409,3,879926941,M,1,27,programmer
758,387,5,880054212,M,1,46,educator
526,1,1,875674575,F,0,50,librarian
650,327,1,882168446,M,1,23,technician
254,1034,4,884662787,F,0,52,administrator
568,327,5,879918767,F,1,31,scientist
648,79,4,880823539,F,0,57,other
786,262,1,886186468,F,0,11,administrator
634,953,3,885312714,M,1,30,educator
782,979,3,880945176,F,0,36,librarian
162,514,3,892938518,M,1,26,engineer
42,125,5,891716918,M,1,32,artist
788,510,1,875758775,M,1,27,other
794,249,4,881201943,M,1,31,doctor
757,435,3,891677606,M,1,28,executive
199,462,2,880284034,M,1,27,technician
768,1124,2,879828678,F,0,31,artist
20,325,2,882848026,M,1,31,programmer
336,333,3,892183565,F,1,35,administrator
96,229,3,891530320,F,0,40,librarian
21,328,4,879985688,M,1,35,retired
203,346,5,878917005,M,1,32,programmer
354,347,1,883040885,M,1,27,student
44,288,3,880700072,M,1,28,educator
436,39,3,882599873,M,1,27,student
276,1074,3,879619129,M,1,32,educator
805,174,3,879256866,F,0,52,educator
457,752,3,879945668,F,0,44,writer
417,250,2,891865240,F,0,51,healthcare
236,250,5,880977271,F,0,45,librarian
776,372,4,879572061,M,1,49,other
222,603,1,878160009,M,1,31,technician
824,1426,5,883000289,M,1,27,scientist
279,276,2,879588346,M,1,29,programmer
450,685,4,892265504,F,0,28,librarian
403,810,4,884554064,F,0,31,librarian
851,411,1,889010000,M,1,24,technician
71,866,1,880400875,M,1,35,executive
556,16,5,887977962,M,1,27,student
833,258,4,889253235,M,1,35,technician
487,432,5,892078097,M,1,26,executive
934,136,2,888919736,M,1,56,engineer
897,872,4,882320633,M,1,27,artist
174,117,4,879368063,M,1,35,student
919,191,4,892087312,F,0,19,librarian
315,191,1,877789842,M,1,32,educator
618,192,2,881243427,M,1,29,programmer
202,1163,3,879850571,M,1,29,marketing
623,451,2,891716633,M,1,41,doctor
334,508,3,886729043,F,0,27,writer
64,56,3,878943021,F,0,38,librarian
589,14,3,884867671,M,1,31,other
884,1118,4,883133047,M,1,32,other
326,472,5,882894861,M,1,30,programmer
145,173,5,893373652,M,1,27,student
342,239,4,875683797,F,0,27,homemaker
499,496,5,891952147,F,0,44,healthcare
570,4,4,889096831,M,1,50,educator
497,294,4,879452392,M,1,44,librarian
551,180,5,879567224,M,1,52,technician
595,26,2,876449762,M,1,33,artist
256,172,4,891884022,F,0,39,administrator
662,1312,5,882041346,M,1,27,homemaker
426,288,5,891855924,M,1,27,entertainment
730,482,4,878297416,M,1,27,executive
833,550,4,876966384,M,1,33,educator
823,144,2,892156189,M,1,28,programmer
508,289,5,882487213,M,1,39,librarian
213,1,2,891553869,F,0,30,librarian
64,248,5,891564367,M,1,29,artist
237,554,2,886298279,M,1,24,administrator
889,452,1,891856357,M,1,30,student
900,176,5,886391138,M,1,27,student
916,294,4,882334980,F,0,32,librarian
132,234,5,880543938,M,1,45,technician
534,1412,2,880688844,M,1,51,marketing
405,96,3,879806517,F,0,32,librarian
680,382,3,882504845,F,0,23,none
630,213,1,878246430,M,1,19,engineer
430,121,3,879770890,F,0,51,artist
676,155,3,890921522,M,1,40,programmer
308,968,3,880457487,M,1,29,lawyer
308,511,5,879841022,M,1,32,student
776,346,3,889519162,M,1,62,marketing
889,1258,1,881570662,M,1,33,artist
676,874,4,881178398,M,1,39,student
327,186,3,882356844,M,1,30,executive
851,164,2,883124267,M,1,33,programmer
384,226,4,888829878,M,1,22,engineer
298,708,5,889892698,M,1,24,programmer
345,475,1,886658044,F,0,38,educator
592,527,1,882956034,M,1,28,educator
610,474,2,892173292,M,1,27,student
805,233,3,879726417,F,0,51,educator
860,209,2,888834575,M,1,52,doctor
179,293,2,882978700,M,1,29,educator
308,534,3,881810852,M,1,32,artist
51,598,1,882865074,M,1,30,technician
940,174,5,891987480,M,1,38,administrator
608,709,5,880712361,M,1,40,educator
174,230,5,885152490,M,1,31,administrator
48,964,5,892704500,F,0,46,artist
511,917,5,882723323,M,1,30,programmer
334,1022,5,887029205,M,1,35,engineer
292,9,4,891798266,F,0,45,artist
655,358,3,884715101,F,0,51,educator
253,210,5,879506322,M,1,39,programmer
58,1044,4,879852657,M,1,49,artist
756,315,5,880137528,M,1,27,educator
267,849,4,880223027,M,1,24,programmer
48,70,5,884811474,M,1,36,artist
455,806,1,879004820,M,1,54,programmer
207,60,2,880890410,F,0,52,librarian
253,322,3,892004393,M,1,40,administrator
417,735,5,876305557,F,0,60,librarian
405,433,5,880124056,M,1,30,educator
181,748,4,877184622,M,1,25,programmer
188,904,4,883910681,M,1,32,programmer
467,373,2,882834314,M,1,45,marketing
759,47,5,879590124,M,1,27,student
385,1341,2,875977510,F,0,52,healthcare
450,39,4,876636707,F,0,50,administrator
886,271,3,889458052,F,0,43,administrator
82,1434,2,880065073,M,1,39,entertainment
655,127,5,880563695,M,1,30,student
92,411,4,884408313,M,1,49,artist
125,591,5,879582625,M,1,28,educator
650,301,5,888817602,F,0,26,other
452,763,4,879260955,F,0,35,educator
805,269,2,877914727,F,0,36,writer
752,100,3,883326533,M,1,31,other
239,203,3,882803628,M,1,25,student
821,478,5,880346603,M,1,44,lawyer
741,185,5,892023539,M,1,34,student
95,760,5,891437219,F,0,31,administrator
62,671,5,879488410,M,1,40,engineer
864,293,5,887636803,M,1,18,programmer
514,274,5,875516100,M,1,29,educator
318,322,1,883785097,M,1,31,student
405,144,4,880157015,M,1,31,administrator
846,357,4,886419092,M,1,31,scientist
291,150,5,878802457,M,1,31,student
744,293,4,888720228,M,1,53,entertainment
436,45,1,879755180,M,1,28,educator
887,1079,4,891929093,F,0,39,healthcare
807,79,4,881380515,F,0,27,librarian
417,12,3,880124649,F,0,39,writer
889,214,4,879732406,M,1,28,artist
569,28,5,879532858,M,1,28,engineer
161,744,5,875344479,M,1,28,engineer
616,864,2,884024508,F,0,55,writer
20,187,3,892103715,M,1,30,educator
233,558,3,884959965,M,1,22,programmer
816,72,4,875591423,M,1,43,retired
49,1155,1,875848978,M,1,38,student
354,596,3,891222874,F,0,52,artist
97,203,3,880086772,M,1,33,doctor
797,499,4,881665545,F,0,52,librarian
774,228,2,891428078,M,1,24,technician
457,284,2,880050531,M,1,33,student
731,524,3,879975563,M,1,45,retired
666,287,5,875695127,M,1,44,retired
181,290,5,883369105,M,1,26,none
602,246,4,881366675,M,1,17,administrator
467,426,5,888850197,M,1,39,artist
332,568,3,881403577,F,0,45,writer
405,387,5,879665352,F,0,44,librarian
389,684,5,880010312,M,1,51,educator
429,211,2,880641332,M,0,32,student
393,276,2,878040639,M,1,32,educator
608,126,3,883471534,M,1,27,programmer
405,132,3,892111691,F,0,51,administrator
525,300,4,887082126,M,0,32,writer
450,823,2,880444858,M,0,50,artist
4,118,5,892241515,F,0,53,artist
913,578,5,886327332,M,1,24,educator
891,393,5,892355203,M,1,31,lawyer
652,131,4,877432333,M,1,36,educator
295,235,3,884143166,M,1,35,student
815,196,4,884998590,F,0,23,educator
258,300,5,879967771,M,1,26,salesman
629,282,4,881160889,F,0,33,student
239,123,4,892291601,M,1,39,programmer
267,1591,4,880091627,M,1,39,student
540,237,5,881318945,F,1,35,none
332,169,4,879701302,F,0,35,educator
418,1267,4,879030528,M,1,21,student
424,1067,2,892727456,M,1,32,artist
747,588,5,881054970,M,1,28,programmer
785,144,5,891783096,M,1,26,retired
256,54,4,879260980,F,0,49,healthcare
59,659,2,882288509,M,1,35,artist
561,470,4,875282746,M,1,36,doctor
13,153,5,884511270,M,1,27,engineer
94,298,3,879711385,M,1,27,scientist
49,475,2,882714924,M,0,45,educator
637,1306,3,891944113,M,1,27,technician
193,260,5,892869331,M,1,39,educator
513,178,5,879831304,M,1,28,engineer
401,510,3,891716079,F,0,50,writer
303,219,4,880012090,M,1,39,executive
125,1048,5,891538179,M,1,38,educator
128,96,4,880369285,F,0,40,writer
745,462,4,891825956,F,0,51,librarian
663,178,3,882621447,F,1,43,other
747,245,4,882327948,M,1,37,administrator
655,742,1,891299533,F,0,52,librarian
22,71,2,882754401,M,1,47,technician
698,526,4,891727040,M,1,27,technician
752,546,5,882616655,M,1,27,student
171,1222,5,889369681,M,1,26,scientist
144,948,3,884487567,M,1,29,educator
37,100,5,891354816,M,1,38,administrator
441,460,5,892067747,M,1,28,technician
624,99,5,893207175,M,1,44,educator
639,259,4,878575926,F,0,51,artist
76,127,3,888752282,M,1,26,student
774,813,5,882186366,M,1,44,programmer
796,321,4,879524389,F,0,23,healthcare
405,404,4,889058393,F,0,51,librarian
226,1411,1,882571624,M,1,26,educator
457,7,4,892680759,F,0,25,artist
618,939,5,892416895,M,1,29,programmer
716,281,4,880009574,M,1,18,student
442,31,1,877657860,M,1,35,programmer
318,449,5,892096217,M,1,53,executive
403,83,5,893062852,M,1,53,executive
385,1,4,880231612,M,1,29,educator
896,321,5,887246101,M,1,36,marketing
532,354,5,891359773,M,1,27,educator
221,188,1,877879902,M,1,27,student
774,678,5,882795475,M,1,24,student
655,382,4,884534709,F,0,30,educator
592,248,5,882794331,M,1,27,writer
453,15,1,880442486,M,1,43,retired
934,531,1,876866982,M,1,38,programmer
666,49,4,881228509,M,1,28,retired
436,707,4,875818198,M,1,52,educator
334,1248,1,879496602,M,1,44,entertainment
292,189,4,891786270,F,0,52,librarian
796,258,1,884118009,F,0,52,salesman
107,1441,5,880370345,M,1,27,retired
804,47,4,879926226,M,1,38,student
708,716,3,891435478,F,0,32,writer
541,303,2,888355575,M,1,28,educator
655,121,2,883027306,M,1,41,administrator
94,256,3,879674064,M,1,32,executive
504,191,4,891512468,F,0,11,healthcare
535,924,2,879699523,F,0,50,healthcare
74,295,5,879328017,M,1,24,engineer
437,11,4,883003450,F,0,47,librarian
109,959,5,879873266,M,1,33,scientist
867,78,2,875585923,M,1,39,programmer
804,561,4,879821006,M,1,44,artist
11,322,5,880159197,M,1,27,technician
693,217,5,880218956,M,1,24,programmer
279,25,5,879173657,M,1,34,engineer
411,347,1,880604743,F,0,32,librarian
391,22,1,884558255,M,1,44,executive
441,41,2,882438611,M,1,42,educator
526,453,3,882359258,M,1,26,student
622,405,3,892415388,F,0,53,writer
141,1380,2,880026847,M,1,43,student
813,1117,3,883397599,M,1,22,artist
856,921,5,886370314,M,1,40,programmer
401,363,2,886479310,F,0,51,librarian
6,180,3,875568780,M,1,39,marketing
234,82,4,891741953,M,1,45,educator
188,1591,4,880480924,M,1,32,lawyer
537,255,1,889810249,F,0,51,librarian
380,22,1,882365850,M,1,31,technician
642,765,3,891714056,F,0,44,librarian
269,222,5,889077156,M,1,27,writer
323,395,3,879677795,M,1,27,retired
618,343,1,880408003,M,1,23,programmer
11,25,3,880771777,M,1,38,programmer
189,229,5,884096437,F,0,50,healthcare
144,934,5,883082141,M,1,26,educator
524,40,4,882443517,M,1,43,educator
804,22,1,875761622,M,1,27,artist
221,841,3,876408513,M,1,27,administrator
188,121,1,879541048,M,1,27,student
622,195,5,881304649,M,1,23,technician
419,209,3,882796928,M,1,28,programmer
524,175,5,892601876,M,1,36,marketing
130,8,3,879855572,M,1,32,writer
255,82,3,882709462,M,1,27,lawyer
846,1058,3,891298576,M,1,26,student
435,1,5,877825613,M,1,27,educator
326,210,3,891878130,M,1,26,entertainment
110,387,2,881273636,F,0,45,librarian
444,310,2,879696207,F,0,30,educator
194,538,5,882898081,M,1,27,educator
62,50,3,880074110,F,0,19,librarian
391,285,1,892138641,M,1,26,educator
188,396,2,880253934,M,1,47,marketing
919,527,5,882858641,M,1,19,educator
331,762,4,879904690,M,0,28,other
498,290,5,892267899,F,0,35,other
308,124,5,882592458,M,1,39,engineer
48,174,3,886625568,M,1,51,executive
116,1197,5,886835163,M,1,27,executive
719,199,1,880210455,M,1,19,technician
573,387,3,891816045,M,1,23,programmer
259,230,5,880686822,M,1,28,executive
198,1162,5,888439108,M,1,22,student
722,411,3,879817943,F,0,31,librarian
778,290,3,883274901,M,1,26,other
354,245,5,879622022,M,1,44,engineer
18,692,5,878515972,M,1,27,entertainment
423,144,2,874950159,M,1,36,administrator
826,312,3,879198078,M,1,30,retired
458,1047,3,882658402,M,1,40,programmer
938,142,5,879494846,M,1,33,technician
435,288,5,879675813,M,1,30,scientist
433,378,3,882827179,M,1,32,student
234,627,3,892100773,M,1,23,educator
264,182,3,888447275,F,0,35,healthcare
544,286,5,880019735,M,1,28,educator
916,877,4,875774129,M,1,27,lawyer
239,143,1,880594151,M,1,27,doctor
588,235,3,880132475,M,1,26,educator
642,271,5,880804941,M,1,36,executive
206,69,2,879636768,M,1,38,administrator
868,306,3,882409338,M,1,21,student
328,305,1,882263003,M,1,24,student
786,612,3,879612473,F,0,51,other
606,322,3,880034893,M,1,28,scientist
763,701,4,882567921,F,0,52,healthcare
336,315,4,881107151,M,1,43,student
589,248,5,879612037,M,1,27,executive
166,151,2,882552647,F,0,30,educator
87,50,1,889228381,M,1,18,technician
592,7,3,891515981,F,0,23,other
181,59,3,882841650,F,1,26,administrator
852,709,1,878708276,M,1,29,educator
254,510,3,892422897,M,1,28,student
354,447,1,884620144,F,0,51,writer
592,243,3,888767696,F,0,39,librarian
782,56,5,879458281,F,0,45,librarian
327,529,1,879191925,M,1,27,engineer
495,871,4,886506087,M,1,35,entertainment
468,294,4,880527213,M,1,33,educator
445,318,5,879712603,F,0,51,salesman
25,970,4,891423477,F,0,35,writer
707,91,5,891896047,F,0,52,librarian
689,1073,5,891903374,M,1,33,student
279,702,2,889117505,M,1,27,programmer
130,214,3,892283742,M,1,28,technician
296,930,4,879736646,M,1,35,student
708,418,5,883665025,M,1,23,technician
654,154,3,884374547,M,0,17,other
8,405,3,879686924,M,1,30,educator
593,161,4,892222008,M,1,24,educator
447,173,5,882604279,M,1,39,programmer
537,143,1,891224539,M,1,27,programmer
252,1020,2,884636821,M,1,24,educator
52,10,5,875412749,M,1,32,technician
690,150,5,879198247,F,0,53,administrator
537,423,5,878687090,M,1,55,engineer
9,1,4,882364745,M,1,33,technician
831,433,5,879809386,M,1,33,technician
703,1004,5,879872257,F,0,36,salesman
610,193,5,880521458,M,1,32,programmer
26,866,5,881767008,M,1,51,retired
387,283,1,882434718,M,1,52,lawyer
183,208,4,879816607,M,1,28,administrator
88,794,1,882710503,M,1,27,technician
524,531,2,884259511,M,1,29,lawyer
524,297,3,882836992,M,1,36,educator
405,380,4,892065238,F,0,51,healthcare
151,271,3,879859975,F,0,39,librarian
200,209,5,880846464,M,1,27,programmer
360,98,5,882528464,M,1,52,technician
11,173,3,881144742,F,0,54,librarian
514,498,4,892689086,M,1,24,educator
557,855,4,883041812,F,0,24,student
271,639,1,892059921,M,1,39,retired
479,272,4,879525868,F,0,53,librarian
450,607,4,880652970,F,0,33,healthcare
298,245,3,888491324,M,1,38,other
711,895,2,879872950,F,0,53,healthcare
303,748,5,882879354,M,1,29,educator
401,410,4,877493464,F,0,51,artist
222,203,4,881593721,M,1,44,marketing
425,465,4,882833444,M,1,35,lawyer
454,789,5,882307213,M,1,24,technician
345,282,5,882800865,M,1,32,educator
354,122,5,879153956,M,1,33,artist
475,30,5,879252783,M,1,24,student
64,135,1,879647496,F,0,52,healthcare
864,942,5,875450791,M,1,26,engineer
482,117,1,882998641,M,1,27,artist
786,157,4,879720935,F,0,27,educator
417,421,5,877964248,F,0,53,librarian
428,218,5,891520550,M,1,27,student
895,9,4,879441569,M,1,38,scientist
629,1512,3,881593890,F,0,26,healthcare
593,62,3,891358741,M,1,23,engineer
23,855,2,885776697,F,0,27,librarian
406,272,1,876314707,M,1,29,artist
269,100,4,879863919,M,1,30,administrator
308,143,5,882300249,M,1,39,student
158,581,5,882686525,M,1,35,student
892,69,4,889274899,M,1,23,administrator
465,373,1,886239639,M,1,33,student
19,186,2,878538570,M,1,51,educator
707,614,4,879527896,F,0,32,salesman
57,1264,5,880172209,M,1,25,doctor
401,292,3,886226990,M,1,35,educator
415,496,3,892047205,F,0,22,librarian
617,919,3,891190111,F,0,49,librarian
809,1280,3,883221092,M,1,28,other
89,298,5,880170331,M,1,33,artist
747,24,4,883168296,M,1,30,student
525,673,1,879770715,F,0,36,educator
321,327,3,875153660,F,0,31,student
301,53,5,891973030,M,1,35,executive
59,223,5,892656776,M,1,40,engineer
457,94,3,879993936,F,0,50,librarian
145,60,1,882483144,M,1,22,lawyer
50,33,2,882671500,M,1,29,other
629,988,2,880224605,M,1,32,educator
184,197,3,875677877,F,0,27,other
723,355,1,883375686,M,1,29,technician
643,246,4,883457624,M,1,35,marketing
523,750,4,882352238,M,1,58,executive
716,300,2,875676983,F,0,27,writer
897,385,4,879805141,M,1,29,student
588,294,5,891501139,M,0,33,doctor
930,117,3,879988112,M,1,19,student
42,825,5,891685056,M,1,39,engineer
405,496,3,892059736,F,0,53,educator
122,326,4,892208987,M,1,50,retired
171,1557,1,880254067,M,1,23,entertainment
380,482,1,884201864,M,1,27,retired
854,286,4,884967789,M,1,27,administrator
49,241,1,886620855,M,1,24,administrator
189,699,3,880214674,M,1,27,technician
260,919,3,884486755,F,0,50,librarian
224,820,1,882006789,F,0,50,librarian
467,402,5,878608865,M,1,54,engineer
339,904,5,882435224,F,0,39,writer
724,952,1,891473680,F,0,51,healthcare
328,302,5,888443440,M,1,50,entertainment
760,284,3,888870383,M,1,26,engineer
922,427,4,881147992,M,1,36,engineer
276,1047,1,875558901,M,1,28,programmer
454,150,5,879401986,M,1,30,retired
405,181,3,880154998,F,0,35,educator
289,745,4,879559333,M,1,25,programmer
3,433,5,882414665,M,1,35,educator
451,481,1,880529786,M,1,24,scientist
234,47,4,879971125,M,1,24,technician
801,195,3,884388395,M,1,28,programmer
358,69,5,884823946,F,0,35,educator
299,578,5,889088965,M,1,19,scientist
450,297,4,879420677,F,0,52,educator
344,873,4,879171027,M,1,51,salesman
676,1326,1,879953974,M,1,44,scientist
882,77,3,884279538,F,0,45,librarian
877,696,1,879949791,M,1,27,executive
92,203,4,892233698,M,1,31,technician
417,427,5,891231777,M,1,41,educator
517,165,3,875638733,M,1,31,other
503,258,3,880999567,F,0,35,student
496,720,5,889229695,M,1,28,lawyer
425,655,4,879479683,M,1,28,student
827,125,3,880625875,M,1,27,student
90,95,1,879075946,M,1,51,student
269,326,4,892404108,M,1,27,administrator
49,8,5,875430503,F,0,44,healthcare
595,180,3,879989827,F,0,28,writer
123,174,5,884586920,F,0,51,librarian
742,210,5,879873711,M,1,31,executive
486,491,3,892170151,M,1,32,technician
113,1069,4,881363203,M,1,57,technician
443,660,5,891509022,M,1,33,artist
709,298,5,882970166,M,1,26,other
577,717,3,892243751,F,0,52,healthcare
463,187,2,883991380,F,1,51,educator
722,582,5,875525994,F,0,44,librarian
632,294,2,880828982,F,1,39,educator
201,405,5,884486010,M,1,24,programmer
302,127,4,884550367,M,1,30,scientist
774,216,5,889172771,M,1,44,entertainment
938,40,3,879656782,M,1,30,marketing
334,58,3,888762343,M,1,24,programmer
747,588,5,879254427,M,1,31,programmer
819,457,2,892314332,M,1,26,other
660,206,5,891319538,M,1,27,other
327,338,5,879797733,M,1,45,administrator
548,396,5,879963374,M,1,27,programmer
537,982,4,884181679,M,1,31,programmer
269,716,3,892028282,F,0,52,educator
930,1124,2,891769781,F,0,31,homemaker
18,191,2,878636360,F,0,51,writer
322,300,5,876555430,M,1,18,salesman
457,499,5,891302088,F,0,32,librarian
541,157,4,877864857,F,0,31,healthcare
478,151,1,881637695,M,1,23,artist
339,53,5,882549918,M,1,39,technician
348,344,2,888781612,M,1,27,entertainment
934,558,4,879808010,M,1,26,scientist
508,323,4,892191472,M,1,36,librarian
262,174,3,879983938,F,0,31,student
450,21,2,875739110,F,0,40,healthcare
504,735,4,881379010,F,0,51,librarian
303,348,4,879715774,M,1,34,educator
40,304,5,884441473,F,0,18,librarian
295,385,4,884882937,M,1,34,technician
255,171,3,882499124,M,1,27,engineer
747,326,4,879298031,M,1,31,engineer
882,269,5,891307399,M,1,40,doctor
665,54,5,880483258,M,1,33,programmer
118,458,2,883978359,M,1,22,programmer
405,124,3,892026403,F,0,32,healthcare
758,286,4,878748337,M,1,34,educator
269,127,4,888736262,F,0,44,retired
591,467,3,888068041,M,1,25,educator
353,480,1,884838118,M,1,26,librarian
142,227,1,882476014,M,1,32,salesman
729,32,3,877861635,M,1,39,entertainment
763,147,3,885811984,F,0,35,student
145,242,5,879417785,M,1,45,writer
18,525,5,882666191,M,1,19,programmer
378,317,3,880187596,M,1,27,programmer
118,1105,1,880615314,M,1,30,other
270,231,4,881168523,M,1,26,student
215,1217,5,884399058,M,1,27,lawyer
535,121,2,875741908,F,0,52,librarian
442,726,3,883174918,M,1,44,retired
481,763,4,881287101,M,1,38,educator
189,595,3,884539305,M,1,32,lawyer
488,520,1,879537433,M,1,19,entertainment
803,1527,3,877904746,M,1,32,writer
7,260,5,880109510,F,1,54,educator
683,270,5,882648921,M,1,28,artist
292,432,5,892065290,F,0,37,librarian
935,90,2,892209787,F,1,28,artist
699,117,4,892357739,F,0,18,librarian
89,298,5,892657708,M,1,34,other
425,403,5,891986030,M,1,39,administrator
431,944,1,875615194,M,1,26,other
537,651,3,891843247,M,1,27,educator
416,328,3,891189980,F,0,35,healthcare
820,1252,5,884970083,F,0,31,none
596,768,5,891904110,M,1,24,marketing
841,465,5,884194381,M,1,49,lawyer
59,269,1,891043041,M,1,22,administrator
545,603,4,879415666,M,1,39,technician
222,1085,1,888884331,M,1,32,programmer
655,517,4,882326102,F,0,52,healthcare
506,15,2,880013230,F,0,52,healthcare
617,937,5,880271545,M,1,25,programmer
343,451,5,888580237,M,1,36,executive
504,303,4,892312328,F,0,19,administrator
541,199,4,890739860,F,0,39,writer
820,1063,4,875006162,M,0,40,retired
454,196,1,892391112,M,1,36,marketing
194,945,5,893004081,M,1,29,executive
796,276,3,890949972,F,0,27,librarian
393,795,4,881270957,M,1,39,scientist
330,305,3,880395269,M,1,45,programmer
256,518,3,882508129,M,0,39,student
842,216,5,882624866,M,1,20,scientist
345,742,4,891807294,F,0,33,librarian
896,289,2,891294332,M,1,53,educator
43,217,3,880005304,M,1,33,programmer
405,318,3,875568596,F,0,27,educator
320,82,5,879884321,M,1,27,administrator
655,135,2,880081862,F,0,55,librarian
843,1035,4,881492671,M,1,35,scientist
272,638,2,892038280,F,0,23,other
698,1219,5,878029452,M,1,38,technician
757,313,4,876165896,F,0,53,student
201,1085,5,891443421,M,1,39,entertainment
711,526,3,888403413,M,1,27,programmer
354,271,3,881543337,F,0,50,other
724,716,4,879820442,F,0,51,librarian
265,1222,1,879536392,F,0,50,salesman
201,672,3,892777099,M,1,50,marketing
457,7,4,879953165,F,0,44,librarian
286,60,3,884135499,M,1,35,administrator
378,410,3,886062404,M,1,29,writer
308,137,5,886215726,M,1,35,engineer
439,100,4,883845132,M,1,39,engineer
450,628,2,879796978,M,0,28,administrator
450,735,4,892225456,F,0,31,administrator
330,443,3,883366867,M,1,28,programmer
545,7,5,882843502,M,1,39,educator
276,3,5,882687065,M,1,45,educator
326,98,5,891481536,M,1,27,doctor
185,1440,2,882887682,M,1,32,retired
875,111,1,882502149,M,1,53,technician
239,248,4,875662891,M,1,52,programmer
342,186,4,881400712,F,1,35,programmer
628,328,3,891480821,M,1,32,educator
327,268,2,889753765,M,1,27,programmer
756,751,3,892073123,F,1,33,educator
220,1048,5,882255343,M,1,53,engineer
548,235,4,891488045,F,0,35,none
49,276,4,880771960,M,0,35,administrator
614,1239,5,879801593,M,1,27,programmer
184,336,2,884287341,F,1,52,educator
624,275,3,884742599,M,1,39,programmer
540,685,4,880279261,F,0,51,librarian
418,18,4,882356014,M,1,26,technician
534,1267,4,879499413,M,1,43,technician
331,9,4,879802802,M,1,53,programmer
429,161,5,879274788,M,1,27,retired
569,678,1,879947211,M,1,27,librarian
759,153,3,886237702,M,1,19,entertainment
416,194,3,879945845,M,0,42,other
405,475,3,884660292,F,0,57,educator
779,69,5,891318765,F,0,27,educator
13,8,5,883865260,M,1,32,programmer
486,236,1,892242412,M,1,27,executive
757,218,5,877733789,M,1,25,student
894,47,4,888371627,F,0,13,librarian
668,237,5,875314122,F,1,28,salesman
43,449,5,892156253,F,0,36,other
194,1137,5,893347418,M,1,28,student
186,183,5,892245620,M,1,30,student
505,780,5,883309600,M,1,31,executive
219,560,2,879980057,M,1,28,technician
643,62,2,892265112,M,1,54,educator
627,240,4,886090245,M,1,58,executive
910,222,4,891916113,F,0,22,librarian
276,151,5,879499120,M,1,30,engineer
772,385,3,881036469,M,1,23,engineer
269,485,4,892163768,F,0,50,educator
12,216,5,882892019,M,1,24,entertainment
5,144,2,880438612,M,1,27,administrator
347,25,5,875946100,M,1,52,technician
239,237,1,875496075,M,1,41,programmer
373,393,3,884422714,M,1,30,lawyer
378,494,3,891873758,M,1,40,doctor
338,367,3,886854854,F,0,33,artist
716,182,4,883752260,M,1,35,technician
204,183,4,875739485,M,1,26,student
727,591,5,879512277,M,1,40,engineer
279,56,2,878162036,M,1,27,educator
774,1281,5,880963540,M,1,28,technician
633,287,5,882843580,M,1,28,programmer
797,649,5,879687952,M,1,43,programmer
445,519,4,880068477,M,1,32,educator
552,1079,3,883276425,M,1,34,student
892,276,2,881424971,F,1,40,other
598,248,1,880696436,M,1,27,other
537,364,2,879448683,F,0,40,administrator
10,882,4,880017824,F,0,54,writer
399,880,1,884899010,M,1,29,lawyer
256,414,1,875124413,F,0,35,librarian
151,197,1,888354151,F,0,52,librarian
892,51,1,880438030,M,1,45,entertainment
535,12,4,891479822,M,1,39,educator
561,269,4,879567480,M,1,24,entertainment
734,748,3,879859885,M,1,28,artist
918,259,4,884801863,M,1,35,student
242,1353,1,883184942,M,1,23,educator
295,218,4,887128651,M,1,30,retired
560,338,1,885498588,M,1,33,programmer
745,515,1,879493163,F,0,39,salesman
550,118,4,882284532,F,0,53,student
561,82,5,877307804,M,1,26,scientist
816,693,2,892735235,F,0,51,writer
454,695,5,879753514,M,1,27,executive
592,595,5,892079013,M,1,45,other
495,715,2,880263839,M,1,32,educator
561,647,4,884662713,M,1,32,programmer
783,270,3,881009577,M,1,28,scientist
406,243,4,876783779,M,1,52,technician
423,569,3,882598589,M,1,27,marketing
429,760,4,875815043,M,1,54,educator
533,237,4,882538127,M,1,29,administrator
813,374,4,882589273,F,0,50,artist
461,592,4,892455872,M,1,51,technician
54,317,2,882378408,M,1,41,entertainment
601,1193,4,891972088,F,0,35,educator
650,1,3,880229264,M,0,32,other
332,163,4,883900865,M,1,25,programmer
257,411,3,880157907,M,1,25,salesman
651,806,5,884467427,M,1,31,artist
125,346,1,879945139,M,1,39,technician
716,255,3,886499244,M,1,51,student
49,25,4,879852540,M,1,23,educator
128,163,4,879595684,M,1,31,artist
219,834,4,891589093,F,0,39,salesman
311,530,5,879627104,M,1,32,programmer
483,100,5,879386591,M,1,57,entertainment
128,988,4,892087130,F,0,32,librarian
503,24,4,891924588,F,0,52,educator
468,240,4,892040325,M,1,36,artist
291,21,2,890936325,F,0,28,librarian
533,38,1,879964637,M,1,36,lawyer
804,450,2,879578862,F,1,26,lawyer
682,197,4,886238557,F,0,51,student
222,1163,1,891829195,M,1,36,technician
121,168,3,891529558,M,1,39,artist
279,302,5,879284919,M,1,19,homemaker
591,202,3,891610686,M,1,27,student
909,845,4,892046855,M,1,52,other
774,245,4,882430221,M,1,22,technician
734,770,5,884623510,M,1,32,entertainment
693,655,5,885725333,M,1,25,retired
770,1227,5,875603205,M,1,39,engineer
30,705,5,879519891,M,1,22,other
749,660,1,888064693,M,1,35,technician
379,522,1,879852000,M,1,27,entertainment
864,127,4,892059755,M,1,25,scientist
140,192,3,891792395,M,1,33,educator
497,592,5,880486184,M,0,39,educator
92,294,5,879545917,F,1,43,writer
71,455,5,888400646,M,1,24,programmer
7,193,5,879505727,M,1,43,retired
378,1176,2,874991450,M,1,17,student
889,411,1,879435370,M,1,52,technician
537,8,1,883780423,M,1,43,educator
235,1187,3,885038212,M,1,26,educator
7,597,4,891031751,M,1,28,educator
521,245,4,880058706,M,1,26,student
387,432,5,892833747,M,0,25,librarian
503,340,3,881666488,F,0,51,administrator
596,106,5,885778412,F,0,24,none
243,118,5,877816206,F,0,44,librarian
218,26,4,884218827,M,1,43,technician
716,176,5,882657521,M,1,31,administrator
763,96,4,880329167,M,1,24,student
854,234,5,891961378,F,0,52,healthcare
767,261,2,879716541,M,1,35,student
713,458,5,888803342,M,1,40,student
723,533,1,880295952,M,1,27,technician
592,79,1,888057952,M,1,26,educator
56,193,3,879239199,F,0,32,librarian
752,125,5,878404515,M,1,24,programmer
649,144,1,891737853,M,1,18,administrator
187,229,5,879644634,M,1,24,artist
222,229,3,884617613,M,1,29,educator
618,292,2,877771838,F,0,38,administrator
214,542,2,876074887,M,1,32,student
147,118,5,878460770,F,0,46,librarian
328,687,5,891981279,M,1,32,none
462,181,3,892211244,F,0,51,librarian
627,203,5,877741429,M,1,51,engineer
181,50,5,880346001,M,1,51,entertainment
408,402,5,882810564,M,1,32,artist
85,493,5,892182672,M,1,29,programmer
937,250,1,882717675,M,1,34,student
405,79,1,886633824,F,0,53,librarian
102,15,4,879727249,F,1,38,educator
682,484,3,881654159,M,1,46,doctor
47,1050,3,882859641,M,1,29,programmer
437,289,1,875789619,M,1,39,student
840,187,3,879285270,M,1,28,student
533,919,5,882891927,F,1,33,librarian
639,192,3,891758935,F,0,50,librarian
157,81,3,879788062,M,1,53,other
133,367,5,891716912,M,1,27,programmer
699,151,5,881502639,M,1,33,doctor
654,627,3,891846089,F,0,27,artist
735,196,4,892353259,M,1,39,educator
221,546,1,879762162,M,1,52,scientist
524,234,4,875669504,F,0,52,librarian
198,116,2,879762561,F,0,36,librarian
269,177,4,880128836,M,1,24,student
556,878,4,879494773,M,1,32,administrator
472,142,4,882919477,M,1,27,programmer
300,125,4,891722511,M,1,58,educator
630,7,3,886201087,M,1,29,educator
181,142,1,878262698,M,1,27,other
1,741,5,876102668,M,1,28,programmer
738,259,5,882909572,M,1,35,librarian
896,94,4,876089868,M,1,38,educator
819,686,4,880524544,M,1,27,student
675,1,2,888311621,M,1,27,programmer
878,1063,4,883045486,M,1,24,writer
123,357,3,892428662,F,0,43,administrator
839,660,5,879987256,M,0,36,student
179,191,4,892174095,F,0,52,librarian
326,127,3,888831953,M,1,31,other
330,1067,4,891765461,F,1,35,technician
902,122,2,885016581,M,1,27,artist
805,708,4,882439311,M,1,31,student
92,804,2,881246163,M,1,32,artist
190,15,4,879526327,M,1,43,student
593,202,5,882508101,M,1,19,entertainment
221,240,1,884408051,M,1,27,artist
804,1115,2,881354144,F,0,27,librarian
279,357,2,879526505,M,1,53,student
889,742,4,876144442,F,0,51,administrator
33,118,5,881921117,M,1,44,technician
417,246,4,892276312,F,0,51,educator
886,185,5,891422368,M,1,31,engineer
612,427,3,880489497,M,1,26,lawyer
292,477,2,880332189,M,1,54,executive
167,280,5,884134716,M,1,43,engineer
488,203,3,886470572,F,0,52,librarian
492,969,5,879275598,M,1,24,retired
404,1296,2,877843367,M,1,51,programmer
244,187,3,875755585,M,1,54,educator
760,508,1,892029974,M,1,31,educator
458,483,4,879296938,M,1,43,programmer
551,319,3,880958705,M,1,18,executive
642,100,4,889454870,M,1,26,student
328,278,5,884349864,M,1,20,entertainment
942,1489,3,882738549,F,0,53,librarian
654,24,5,880192536,M,1,34,artist
707,727,4,892446036,F,0,32,educator
763,231,5,885998267,M,1,31,programmer
794,695,1,882732389,M,1,32,administrator
40,419,1,880389511,F,0,35,librarian
40,234,1,884859076,M,1,32,programmer
91,485,3,888466694,M,1,35,librarian
16,22,5,891903929,M,1,39,educator
60,588,5,880092351,M,1,57,retired
642,299,5,891643625,F,0,51,other
862,30,4,885249310,M,1,49,programmer
463,815,2,889356450,F,0,27,student
483,824,3,883353560,M,1,32,educator
311,390,1,892051189,M,1,49,technician
373,169,3,891793333,M,1,35,engineer
644,286,3,879901697,M,1,23,engineer
889,181,5,875375101,M,1,23,executive
265,625,5,875301240,M,1,22,artist
405,56,4,884335522,F,0,31,healthcare
619,142,5,882425111,M,1,22,artist
54,241,3,877982954,M,1,39,marketing
420,431,5,879740770,M,1,34,other
701,1084,1,880167980,M,1,27,lawyer
683,134,2,882211509,M,1,51,engineer
593,249,4,879731050,M,1,36,student
336,383,3,879943115,M,1,38,executive
280,81,3,886385862,F,0,52,salesman
393,685,2,875972056,F,0,49,healthcare
13,1097,4,879950479,M,1,36,writer
194,274,3,879766880,M,1,28,retired
42,135,1,891286285,F,0,50,healthcare
616,222,3,879646032,M,1,30,other
344,511,1,876100827,M,0,45,educator
18,249,5,891634458,M,1,28,student
504,591,3,882438627,M,1,32,programmer
303,206,5,882785544,M,1,28,educator
474,501,3,875260416,F,0,31,healthcare
533,90,1,875831445,M,1,35,educator
462,26,5,879180894,M,1,52,retired
399,263,4,889242011,F,0,45,none
399,241,4,892350297,M,1,38,educator
181,405,4,881801257,M,1,37,educator
311,292,1,877473091,M,1,38,educator
693,887,4,891845367,M,1,35,healthcare
845,493,5,883147145,M,1,31,programmer
338,980,1,880433876,M,1,31,other
348,903,5,879379190,M,1,31,other
221,465,5,880361271,M,1,28,lawyer
890,25,2,891607344,M,1,32,artist
35,126,2,891481296,M,1,27,technician
406,333,4,879811637,F,0,52,writer
907,336,5,891646424,M,0,18,retired
672,1438,4,882888500,M,1,45,librarian
490,198,5,879845094,M,1,28,executive
895,230,5,891653992,F,0,52,librarian
269,958,1,877874781,M,1,27,marketing
222,300,4,879748046,M,1,28,writer
434,228,5,879411808,M,1,26,artist
181,316,5,891940667,M,1,28,educator
405,1008,1,892063313,F,0,51,student
786,542,1,879761988,M,1,35,entertainment
807,55,4,891896018,F,0,38,librarian
450,197,2,878474125,M,0,31,educator
84,593,3,882474924,M,1,27,technician
345,1093,3,879917689,M,1,19,executive
234,328,3,880958230,F,0,44,librarian
547,1369,2,883629016,M,1,28,entertainment
817,26,5,882243046,M,1,43,executive
77,174,5,886114501,M,1,33,lawyer
162,267,5,882470294,M,1,36,librarian
551,429,1,883148454,F,0,52,librarian
219,207,2,880219528,M,1,18,doctor
672,274,4,884261033,F,0,45,healthcare
119,174,5,883053007,F,0,34,administrator
655,716,4,891867005,F,0,23,educator
651,1066,2,891647645,M,1,33,educator
77,683,4,891927949,M,1,38,doctor
259,1028,4,883118105,M,1,31,executive
648,237,4,879837322,M,1,34,student
301,378,5,882199580,M,1,22,entertainment
407,3,5,880465382,M,1,22,technician
88,1109,1,892196942,M,1,32,educator
637,282,5,892914795,M,1,26,programmer
181,975,5,876567184,M,1,23,other
498,191,5,891393961,F,0,52,salesman
692,550,3,879005688,M,1,38,technician
352,1105,2,880784908,M,1,23,artist
210,82,5,879774263,M,1,32,educator
105,869,3,884821707,M,1,29,educator
431,684,5,882800591,M,1,28,executive
405,318,5,882694885,F,0,54,artist
187,768,3,892285928,M,1,29,programmer
527,853,4,880034986,M,1,40,educator
234,485,5,879014435,M,1,32,engineer
610,171,5,879889763,M,1,33,student
308,276,4,880353417,M,1,31,programmer
645,237,4,881869528,M,1,36,programmer
480,511,2,879625868,M,1,56,executive
862,481,4,885093492,M,1,25,artist
796,960,5,879745558,M,1,24,educator
34,873,5,882836033,M,1,28,student
919,528,2,879417177,M,1,51,executive
280,1285,4,879673586,F,0,22,healthcare
293,455,5,882994570,M,1,30,executive
405,230,5,891651020,F,0,31,administrator
670,904,4,876826295,M,1,35,technician
932,50,2,892410247,M,1,58,programmer
422,288,3,892157103,M,1,30,educator
372,250,2,891500807,F,0,30,homemaker
65,298,3,882973989,M,1,31,student
184,581,5,879653089,M,1,27,artist
941,11,1,891440798,M,1,18,student
850,288,3,884410863,M,1,27,lawyer
385,11,3,884135027,M,1,27,retired
559,1255,2,892325881,M,1,20,educator
18,153,4,879902153,M,1,39,student
447,234,3,882768769,M,1,28,engineer
398,940,4,892036792,M,1,31,student
183,14,5,880383788,M,1,27,student
279,827,1,886640112,M,1,52,engineer
401,294,5,879244381,F,0,33,librarian
181,566,2,877216301,M,1,39,administrator
648,845,5,891832765,F,0,32,librarian
328,327,1,884712598,M,1,27,student
14,1035,3,875797967,M,1,27,engineer
846,655,3,892138844,F,0,44,librarian
234,734,4,879901138,M,1,26,educator
355,10,1,877052425,M,1,23,educator
5,988,3,879804821,F,0,36,healthcare
396,298,3,882549796,M,1,21,educator
695,1162,5,880400920,M,1,27,other
798,380,5,891654396,F,0,35,librarian
805,255,4,878332281,M,1,52,educator
483,614,3,879112241,M,0,22,educator
330,280,1,879740814,M,1,27,engineer
892,825,3,879653504,M,1,45,educator
409,752,3,880077677,M,1,35,lawyer
846,660,4,881096154,M,1,35,educator
883,59,5,882766755,M,1,35,executive
698,509,3,892788640,M,1,28,educator
865,367,5,874698721,M,1,34,engineer
902,501,1,881205461,F,0,52,librarian
221,510,1,884455779,M,1,26,lawyer
202,765,1,880487621,M,1,33,technician
648,144,2,880782050,F,1,39,other
846,724,4,892859881,F,1,27,other
567,1537,4,875245564,M,1,39,administrator
14,349,5,880567949,M,1,26,administrator
7,537,2,891663257,F,0,31,administrator
223,354,3,888867700,F,0,19,librarian
391,9,4,879801755,M,1,39,student
270,155,4,891040702,M,1,32,student
174,151,3,892750998,F,0,52,other
389,210,5,891761688,F,0,45,librarian
530,248,3,879492913,M,1,51,engineer
313,235,3,892084756,F,0,30,librarian
311,623,5,884579819,M,1,18,salesman
643,554,5,878601289,M,1,28,executive
175,308,4,889306367,M,1,32,engineer
707,132,4,891571457,F,0,52,educator
787,573,2,878175995,M,1,22,engineer
83,1013,3,880810713,M,1,27,technician
222,460,2,892533154,M,1,45,technician
524,255,3,879723324,M,1,30,engineer
401,1197,5,892093994,M,1,52,other
931,332,2,887042368,M,1,52,engineer
58,1018,4,891445000,M,1,52,other
655,265,4,891830622,F,0,31,librarian
224,425,3,883027895,M,1,29,administrator
48,22,5,883386584,M,1,28,educator
457,127,5,877802196,F,0,33,educator
798,31,2,875548551,F,0,32,librarian
30,557,1,879522477,M,1,11,engineer
345,129,3,877564633,F,0,50,librarian
617,431,4,879586164,F,0,35,educator
518,147,2,891104938,F,0,53,healthcare
207,402,5,879300701,M,1,25,scientist
418,707,5,880144275,M,1,32,educator
532,1469,4,879517778,M,1,27,programmer
249,949,3,882611144,M,1,35,executive
269,443,3,884242024,M,1,31,student
622,64,5,876043286,M,0,28,educator
835,880,4,875621614,M,1,27,technician
798,514,3,879787239,M,0,45,writer
727,474,2,888354060,M,1,31,executive
189,59,3,882746952,M,1,30,student
881,132,2,875566007,F,0,50,writer
280,432,5,891572945,F,0,44,educator
432,654,5,882332410,M,1,28,retired
457,975,5,880174811,M,1,31,lawyer
798,238,3,884586199,F,0,10,artist
326,602,5,879854774,M,1,32,programmer
56,1610,2,892660791,M,1,27,educator
650,218,4,880209186,F,0,56,librarian
75,581,5,878386184,M,1,31,administrator
295,934,3,882953128,M,1,27,educator
532,448,1,891191944,M,1,39,technician
503,1078,1,879573227,M,1,18,programmer
232,1119,3,883221479,M,1,31,technician
881,301,3,877812481,M,1,43,other
90,331,4,891861624,M,1,27,healthcare
506,849,5,892131560,F,0,53,artist
257,474,4,882246399,M,1,23,student
417,127,4,882446610,F,0,50,librarian
749,196,5,879398734,M,1,27,technician
750,662,4,875082970,M,1,21,doctor
145,173,1,889930968,M,1,40,student
536,273,5,883806918,M,1,30,engineer
825,595,5,893102608,F,0,27,writer
325,14,2,880741581,M,1,33,artist
487,410,5,879689017,M,1,64,executive
505,772,3,889257285,M,1,27,programmer
363,97,1,875346872,M,1,51,programmer
436,269,4,884359107,M,1,38,educator
363,662,5,892056730,M,1,23,executive
437,117,4,882565444,M,1,35,student
889,408,5,880155252,M,1,34,lawyer
824,205,3,891237202,M,1,35,programmer
655,251,3,882678569,M,1,41,librarian
154,1237,5,884949781,M,1,39,technician
234,809,4,886167546,M,1,31,salesman
218,91,5,879009590,F,1,51,retired
193,469,1,882994703,M,1,27,programmer
458,105,4,880015570,F,0,19,writer
527,1442,5,891865931,M,1,19,technician
520,347,3,892665048,F,0,52,librarian
513,389,2,882271847,M,1,27,student
253,465,5,883109687,M,1,32,student
188,184,5,880673004,M,1,29,artist
716,491,4,892036702,M,1,26,educator
405,67,3,882509310,F,0,43,writer
405,161,3,891902341,F,0,35,healthcare
145,671,5,880348915,M,1,33,programmer
303,293,2,879726799,M,1,28,educator
671,57,2,885981894,F,0,52,librarian
661,1,5,891349969,F,0,53,librarian
120,724,3,880324734,M,1,31,librarian
58,252,5,891772542,M,1,32,entertainment
343,234,1,877641972,M,1,27,engineer
224,62,3,892864933,M,1,28,programmer
648,263,3,875978684,F,0,50,administrator
618,258,1,892232796,F,0,35,librarian
201,1,2,879636192,M,0,19,student
370,187,1,891259876,M,1,27,technician
389,109,4,882550199,M,1,44,educator
639,506,4,882734030,M,1,27,educator
875,1116,4,881226774,M,1,38,technician
774,102,4,891386618,M,1,28,student
807,47,3,880158375,F,0,40,librarian
774,269,4,881039373,M,1,39,educator
315,274,3,879835302,F,0,31,writer
660,528,3,882337276,M,1,44,entertainment
653,930,4,883864076,M,1,26,programmer
416,679,5,892519631,F,0,53,librarian
889,50,5,878955709,F,0,43,librarian
458,638,2,881230398,M,1,45,administrator
297,117,5,891405488,M,1,31,executive
733,692,1,891198409,M,1,38,educator
195,288,5,880298479,M,1,32,administrator
655,132,3,882665335,F,0,23,educator
498,310,1,891971655,M,1,27,salesman
564,64,5,892140362,M,1,19,retired
275,1178,5,882248519,M,1,33,educator
437,1083,4,891741872,M,1,26,engineer
224,427,5,881729362,M,1,24,executive
50,241,4,875516252,M,1,39,technician
585,320,3,892384839,F,0,51,healthcare
680,38,1,893352618,M,1,26,student
264,389,2,877262481,M,1,31,student
239,210,5,879927645,M,1,28,programmer
711,1176,2,882295832,M,1,40,engineer
731,553,4,881795733,F,1,39,executive
18,97,1,877772437,M,1,50,student
599,809,5,880079648,M,1,27,executive
19,245,3,882575059,M,1,31,scientist
269,728,5,880776781,F,0,51,librarian
585,833,5,882546407,M,1,28,technician
416,96,5,892295072,M,1,24,executive
547,630,1,892067646,M,1,52,student
22,291,3,891555445,M,1,35,programmer
887,95,5,889710166,M,1,27,educator
747,705,4,875966711,M,1,22,student
457,491,4,879202458,F,0,35,administrator
867,405,3,875143081,M,1,35,engineer
793,225,1,882012107,M,1,27,student
883,433,1,882628249,M,1,26,programmer
228,23,1,877184446,M,1,19,student
250,170,5,881116394,F,0,40,administrator
339,219,4,879806260,M,1,38,technician
385,231,5,879558786,M,1,39,retired
181,127,3,884961350,M,1,27,student
506,372,1,879293071,M,1,30,educator
371,25,4,884154819,M,1,27,educator
864,19,4,883173798,M,1,26,other
149,191,2,892734836,M,1,28,student
210,338,1,883359018,M,1,23,student
450,1001,4,892249443,F,0,50,healthcare
62,328,4,886177402,F,0,36,librarian
655,170,4,892209322,F,0,50,healthcare
628,294,3,879597685,F,0,50,other
50,273,3,888451918,M,1,43,marketing
87,597,2,885777399,M,1,35,programmer
798,174,3,882851149,M,1,27,programmer
187,525,3,880164393,M,1,33,educator
592,179,4,881143606,M,1,31,scientist
916,117,5,892421673,F,0,27,other
355,458,2,876462825,M,1,27,scientist
592,1450,2,880587654,M,1,31,educator
796,12,2,882838118,F,0,51,librarian
128,215,3,893100240,F,0,45,librarian
20,294,3,884168495,F,0,51,healthcare
260,275,5,879042020,M,1,27,technician
593,228,4,880111471,M,1,39,student
818,262,3,892353599,F,0,44,healthcare
701,1174,3,892979759,M,1,33,educator
90,515,4,881319377,M,1,38,technician
865,106,5,880270106,M,1,39,programmer
546,343,2,891568451,F,0,51,artist
393,237,2,882111564,M,1,51,educator
848,373,1,892262704,M,1,32,lawyer
201,1232,5,892482708,M,1,51,executive
608,325,3,879631387,M,1,22,programmer
44,286,3,891694930,M,1,39,executive
168,202,4,875708029,M,1,27,technician
717,361,4,882197174,M,1,24,technician
886,1049,2,882339175,M,1,27,engineer
806,430,3,877894334,M,1,39,scientist
747,614,4,892159937,M,1,24,educator
487,928,3,884360397,F,0,26,other
437,284,3,889459444,M,1,31,programmer
942,685,4,880107718,F,0,19,librarian
716,58,2,882971771,M,1,41,educator
18,183,5,880013226,M,1,23,artist
342,663,4,892647340,F,0,32,writer
405,751,3,891724362,F,0,54,healthcare
286,166,3,891090448,F,0,39,other
654,282,4,875887525,F,0,36,executive
704,133,5,882138279,M,1,38,technician
165,1112,1,882520718,F,0,45,homemaker
174,288,3,875744687,M,1,35,technician
694,228,5,880271188,M,1,28,technician
840,597,4,892550795,M,1,33,student
216,632,3,877574119,M,1,31,programmer
790,592,5,880127700,M,1,30,technician
689,1255,5,891942333,M,1,36,lawyer
7,210,5,878128197,M,1,45,educator
380,116,2,882710757,M,1,32,technician
699,167,3,891276530,M,1,30,educator
405,172,5,879543772,F,0,23,writer
201,924,4,892758261,F,0,19,other
337,568,3,879887726,M,1,35,programmer
650,574,1,880034573,M,1,32,educator
535,162,5,888416975,M,1,32,doctor
130,416,4,881949116,M,1,26,administrator
82,255,5,880090417,M,1,40,none
50,930,4,879750056,M,1,32,marketing
256,70,4,878808801,F,0,50,healthcare
474,134,2,882708373,M,1,27,educator
207,84,1,880627753,M,1,26,programmer
378,303,3,884146537,M,1,26,programmer
340,458,5,882920824,M,1,36,technician
805,69,5,879826285,F,0,51,librarian
804,792,3,879998972,M,1,43,retired
507,12,2,875264069,M,1,52,technician
79,290,3,891479038,M,1,33,scientist
615,1284,5,892078067,F,0,52,other
721,118,2,879824121,M,1,39,educator
110,219,5,880409283,M,1,31,administrator
693,705,4,880448061,M,1,27,technician
674,507,2,892585295,F,0,44,librarian
887,154,5,880034486,M,1,38,student
181,156,4,892558102,M,1,27,educator
619,254,3,883161931,M,1,27,student
452,211,5,880120767,M,1,28,artist
299,655,4,881826846,M,1,24,executive
597,450,2,879975924,M,1,46,programmer
256,687,1,884158618,M,1,26,student
95,242,1,883722274,M,1,28,student
714,282,1,892326453,F,0,53,librarian
327,1032,3,883094717,M,1,28,programmer
305,527,5,875440333,M,1,25,executive
64,28,5,882566820,M,1,39,other
457,192,5,884985685,F,0,54,educator
622,404,5,882461518,M,1,38,student
555,56,1,891626217,F,0,51,librarian
345,132,3,875469512,F,0,32,librarian
130,471,4,878424959,M,1,30,administrator
151,53,2,875416549,M,0,19,administrator
280,132,5,891278567,F,0,51,administrator
92,197,3,888920055,M,1,24,writer
269,1001,4,888431674,F,0,50,librarian
179,570,3,880130891,M,1,29,artist
399,436,4,886667715,M,1,35,student
913,484,4,893035142,M,1,25,executive
352,281,4,879432952,M,1,35,retired
506,748,4,889167060,M,1,44,student
457,715,4,882127670,M,1,39,artist
294,332,4,879244502,M,1,32,technician
398,1667,1,891552614,M,1,36,artist
676,321,1,891582524,M,1,35,programmer
385,250,5,882141825,M,1,28,programmer
356,762,2,880216339,M,1,32,marketing
276,228,4,882271245,F,0,52,writer
815,710,3,891642922,M,1,52,technician
472,117,5,880698246,M,1,31,other
684,435,5,882135695,M,1,28,educator
311,150,5,879189751,M,1,27,programmer
754,71,5,883155652,M,1,27,technician
303,348,4,892952631,F,0,39,healthcare
940,459,2,889343808,M,1,44,technician
680,298,3,883430371,M,1,26,student
543,801,4,875577428,M,1,31,artist
152,1,4,888918201,M,1,49,educator
292,222,5,875443502,M,1,19,engineer
488,197,5,891947936,M,1,23,retired
588,423,4,892046816,F,0,35,librarian
503,1223,2,891923763,F,0,35,librarian
423,126,5,883127531,M,1,28,administrator
130,290,5,892087519,M,1,28,entertainment
727,286,3,875587897,M,1,23,programmer
751,623,4,891330008,M,1,24,engineer
405,81,1,888498759,F,0,43,healthcare
655,584,3,879544677,F,0,50,writer
6,958,1,875402264,M,1,53,engineer
479,25,1,882293814,M,1,18,entertainment
128,554,3,879855466,M,1,47,educator
58,215,5,886567765,M,1,30,retired
834,127,1,879587977,M,1,31,technician
629,65,4,886256133,M,1,44,executive
539,301,5,883336490,M,1,32,artist
772,711,2,878123936,M,1,36,technician
405,326,1,884254442,F,0,39,librarian
454,88,3,880474386,M,1,28,programmer
805,134,5,879597097,F,0,39,student
537,1035,5,889709469,M,1,52,student
704,179,2,891933764,F,0,39,educator
270,100,4,884446689,F,0,52,librarian
488,269,4,882488555,M,1,27,other
110,659,4,875244972,M,1,31,educator
777,364,5,883015166,M,1,28,salesman
741,311,5,882849988,M,1,33,student
846,523,5,879982905,M,1,28,technician
79,455,4,891937262,F,0,49,other
707,730,5,882718055,M,1,31,none
889,747,5,882342083,M,1,25,programmer
56,603,4,891937900,M,1,32,educator
542,1162,5,887136439,M,1,35,marketing
456,98,5,883076839,M,1,27,executive
429,22,5,879549406,M,1,28,student
807,182,4,879710620,F,0,51,librarian
313,204,5,879675189,M,1,26,student
71,715,5,882887437,M,1,27,executive
405,242,4,891445719,F,0,53,librarian
837,550,3,883024893,M,1,26,educator
463,317,1,876003495,M,1,32,administrator
846,99,4,881913362,M,1,31,educator
380,286,5,880666921,M,1,28,programmer
559,100,3,884749680,M,1,50,librarian
181,289,5,879781823,M,1,29,programmer
435,195,4,891917948,M,1,26,student
83,313,1,875676303,M,1,28,librarian
189,678,3,881121150,M,1,23,lawyer
388,303,2,883297985,M,1,28,programmer
13,792,4,881644742,M,1,29,administrator
655,127,5,891784428,F,0,31,educator
484,134,2,875455905,F,0,52,writer
639,506,2,882993488,M,1,28,educator
660,970,3,879917339,M,1,51,executive
44,580,4,889056957,M,1,35,technician
417,31,4,892345524,F,0,28,writer
637,220,5,892295260,M,1,40,executive
308,895,3,889142993,F,0,51,librarian
864,186,3,875573594,M,1,49,student
280,238,3,880089992,F,0,53,artist
402,324,3,882258811,M,1,27,technician
694,919,1,888274693,M,1,50,administrator
291,9,1,880258138,M,1,41,entertainment
887,265,5,892013041,F,0,54,writer
66,326,3,892471214,M,1,51,engineer
70,317,2,882407512,M,1,53,marketing
476,471,4,884706445,M,1,23,technician
833,421,3,879822202,M,1,39,programmer
655,203,3,891965670,F,0,32,healthcare
875,188,1,880187976,M,1,28,technician
190,1602,3,889196083,M,1,38,educator
401,186,3,882650410,F,0,35,writer
244,389,5,879723686,M,1,32,educator
642,214,4,892076672,F,0,52,administrator
190,266,1,884052095,M,1,32,executive
380,709,4,880242396,M,1,40,student
817,393,3,885639251,M,1,24,executive
287,245,3,892210561,M,1,36,student
929,137,4,875304405,M,1,30,executive
342,24,4,880254749,F,0,45,other
824,7,4,877770370,M,1,28,student
639,356,4,881189556,M,1,27,lawyer
411,94,5,880028229,M,1,36,student
871,191,4,891717606,F,0,51,librarian
235,31,3,880293880,M,1,45,educator
867,269,4,875315596,M,1,39,homemaker
429,93,2,892105811,F,0,51,educator
810,1552,2,879707328,M,1,33,lawyer
682,25,3,891961573,M,1,31,educator
788,509,3,892150776,M,1,38,educator
391,1301,5,891834061,M,1,29,librarian
734,751,5,880165497,M,1,28,entertainment
276,508,1,891267844,M,1,50,programmer
239,640,3,882609147,F,1,52,none
665,639,4,880101657,M,1,32,programmer
592,239,1,891567863,F,0,45,librarian
551,340,3,892288803,F,0,32,librarian
904,234,3,879868967,M,1,51,other
697,173,1,880436843,M,1,38,student
323,963,5,882974635,M,0,36,administrator
279,1335,1,888853064,M,1,53,engineer
788,194,5,880087341,F,1,51,none
889,31,5,879390689,M,1,29,student
39,1008,5,893147187,M,1,28,artist
415,256,4,885371527,M,1,28,retired
712,519,4,875797690,M,1,39,educator
807,259,4,879833450,F,0,12,librarian
747,944,4,892506184,M,1,41,administrator
487,325,3,892982658,M,1,36,student
554,209,3,879718858,M,1,23,other
94,919,1,879877126,M,1,28,programmer
927,22,5,879897129,M,1,27,programmer
694,144,4,882974701,M,1,53,marketing
494,820,1,884475366,M,1,27,entertainment
794,187,3,883110853,M,1,32,educator
907,151,5,879528370,M,1,48,executive
890,898,3,884798866,M,1,33,educator
268,275,3,886235276,M,1,26,technician
418,393,2,882810583,M,1,31,educator
680,25,3,893419362,M,1,33,student
145,983,5,892042081,M,1,24,salesman
707,118,5,879699684,F,0,19,writer
846,235,4,879734316,M,1,27,engineer
411,211,5,892793728,M,0,33,educator
633,558,5,888525069,M,1,42,programmer
794,659,1,883233529,M,1,28,technician
251,956,3,882793333,M,1,34,educator
184,197,5,879342255,M,1,28,engineer
276,508,5,879375402,F,0,35,artist
560,219,1,880254440,M,1,27,technician
269,127,2,882372179,M,0,32,other
786,1479,5,887194167,F,0,23,homemaker
705,1299,3,879631267,M,1,28,librarian
854,470,4,884206172,M,1,23,executive
893,1541,3,884515763,M,1,27,other
722,237,2,891764862,F,0,23,healthcare
85,313,3,883429309,M,1,31,programmer
652,1063,5,879932117,M,1,29,educator
89,265,4,879739328,M,1,23,student
436,89,1,891981068,M,1,43,other
620,193,5,885545607,M,1,39,artist
514,322,2,891455098,M,1,31,student
927,619,1,875686797,M,1,32,retired
639,416,4,875561970,F,0,35,librarian
159,430,3,879863378,M,1,36,technician
303,258,3,892599233,M,1,28,executive
450,7,4,882372177,F,0,52,healthcare
134,127,3,875613948,M,1,33,programmer
887,650,4,888809277,F,0,51,writer
749,625,4,892304353,M,1,33,other
618,855,3,882814544,F,0,36,student
617,756,3,888864199,F,0,52,librarian
736,398,2,891899547,F,0,33,administrator
109,744,3,892413647,F,0,36,writer
746,22,5,877801790,M,1,39,executive
846,546,3,883649581,M,1,35,librarian
638,210,5,882837979,M,1,40,programmer
606,321,4,880005697,M,1,28,retired
545,173,1,891867005,M,1,27,retired
536,477,5,891831917,M,1,23,executive
34,434,4,884355239,F,0,36,librarian
782,967,1,892135113,F,0,50,healthcare
56,367,5,891980812,F,0,19,educator
648,742,3,891958091,M,1,31,executive
825,272,3,879692415,F,0,31,librarian
318,423,4,891258392,M,1,23,educator
435,240,5,880160335,M,1,36,educator
445,1584,3,875436161,F,0,50,homemaker
186,49,2,889100427,F,0,32,librarian
940,127,5,879690039,M,1,51,educator
299,969,5,882847358,M,1,27,educator
308,33,3,886449609,M,1,49,educator
655,176,4,882507988,F,0,51,librarian
297,153,5,882613903,M,1,36,educator
701,792,4,888522476,F,0,52,writer
192,1119,3,879548044,M,1,31,entertainment
636,98,3,879655508,F,0,54,librarian
489,581,5,882702494,M,1,46,student
331,300,3,882803824,F,0,45,writer
882,273,3,892431161,M,1,39,librarian
230,371,1,877593827,M,1,52,engineer
293,52,5,879823705,M,1,28,marketing
795,82,4,891727290,F,0,32,librarian
878,528,3,880859660,F,0,39,artist
659,409,5,891406985,F,0,52,librarian
764,321,4,881978832,F,0,33,technician
674,24,1,879427626,F,0,39,healthcare
367,106,1,880417494,M,1,30,technician
31,39,4,884030560,M,1,31,marketing
707,1,4,879689291,F,0,27,healthcare
627,165,2,892198667,M,1,27,artist
123,367,2,876095572,F,0,51,artist
642,204,4,891621333,F,1,53,librarian
388,259,5,882599655,M,1,19,executive
773,319,5,879850803,F,0,54,librarian
504,258,4,875155134,F,0,34,librarian
228,418,1,880059132,M,1,51,student
719,71,2,880598051,M,1,36,artist
249,289,1,882899054,M,1,31,programmer
756,611,1,888770142,M,1,40,lawyer
179,188,3,880496600,M,1,23,lawyer
532,649,2,882431875,M,1,47,entertainment
167,96,3,875424557,M,1,43,programmer
446,981,2,879171780,M,0,42,educator
398,245,5,879477801,M,1,34,programmer
589,752,2,879525214,M,1,31,educator
541,339,4,879562611,F,0,51,student
835,211,4,880222540,M,1,26,educator
606,419,4,881474296,M,1,27,student
25,124,3,881643047,M,1,32,retired
776,509,5,883197322,M,1,28,technician
398,248,5,882942606,M,1,34,programmer
314,1178,5,882350673,M,1,33,other
493,176,5,879823423,M,1,28,salesman
437,285,5,881872689,F,1,31,educator
707,389,5,878949265,F,0,40,librarian
13,847,2,892168492,M,1,31,programmer
684,414,5,879953461,F,0,55,librarian
499,313,4,879767543,F,1,49,educator
457,228,5,879696886,F,0,32,writer
450,147,3,891619310,F,0,45,librarian
464,417,4,893490466,M,1,36,educator
463,709,3,884006041,M,1,18,lawyer
14,762,4,881376550,M,1,52,student
41,125,4,882178700,F,0,51,salesman
655,127,3,892228135,F,0,31,healthcare
279,7,5,880546468,M,0,41,artist
63,9,5,882405673,M,1,39,programmer
919,421,5,879313784,M,1,20,executive
782,1060,1,875450576,M,1,39,engineer
925,732,2,891949384,F,0,36,healthcare
130,222,4,892706234,M,1,31,student
828,68,5,891706203,F,0,27,administrator
169,311,5,879906582,M,0,29,educator
123,872,5,879538392,M,1,24,programmer
54,141,1,879253537,F,0,28,salesman
429,774,1,891659794,M,1,24,writer
126,16,3,892329677,M,1,43,marketing
94,671,5,882125223,M,1,32,programmer
181,79,1,877466528,M,1,26,programmer
580,29,3,875985640,M,1,53,technician
772,739,3,882773567,M,1,33,educator
151,1429,3,882781279,F,0,51,writer
826,534,5,879494666,F,0,27,student
256,507,2,880944656,F,0,51,librarian
59,274,4,883999216,M,1,30,retired
907,265,5,879469099,M,1,28,writer
437,151,5,882975418,M,1,35,student
449,202,2,884342620,F,1,35,educator
161,265,5,882356537,M,1,49,engineer
90,246,4,884531621,M,1,38,educator
184,518,3,891385342,M,1,38,other
537,333,4,876564513,M,1,28,educator
151,12,3,893117700,F,0,31,artist
459,127,2,883001930,M,1,19,educator
277,237,5,891975966,M,1,27,scientist
299,540,1,881406602,M,1,36,entertainment
721,471,3,882914825,M,1,25,programmer
617,471,4,884324582,F,0,27,healthcare
788,195,5,879825585,M,1,23,technician
268,137,1,875348633,M,1,30,librarian
392,91,5,879737437,F,0,35,student
682,8,3,882192037,M,1,28,educator
774,574,3,891218606,F,0,35,administrator
690,355,4,884064091,M,1,30,retired
405,64,4,879750891,F,0,31,healthcare
133,31,4,891698859,M,1,32,student
151,553,4,891252585,M,1,28,engineer
540,302,4,879845420,M,1,30,entertainment
338,310,2,875580599,F,0,25,librarian
156,790,2,882919628,M,1,27,technician
620,628,2,886107426,M,1,36,retired
436,1503,4,882468819,F,0,39,homemaker
405,708,4,879904048,F,0,57,librarian
366,462,5,890954782,M,1,27,technician
654,125,5,881817641,F,0,28,librarian
292,1119,3,892439869,F,0,18,healthcare
536,70,4,892174403,M,1,51,educator
181,928,5,882504227,F,1,39,other
716,1078,4,892200021,M,1,44,educator
258,72,4,891379144,M,1,36,entertainment
450,7,4,892047477,F,0,27,librarian
514,818,4,878448872,M,1,27,librarian
409,257,3,880452714,M,1,28,other
269,205,5,892655964,F,0,36,librarian
94,1147,4,880151943,F,0,52,writer
861,542,2,890267510,M,1,27,doctor
328,745,5,879834103,M,1,33,programmer
618,427,4,883868385,M,1,28,educator
721,699,3,880207074,M,1,36,educator
880,770,3,875248792,F,0,53,none
349,778,3,889469472,M,1,22,lawyer
651,988,4,876427391,M,1,27,other
49,474,3,879672028,M,1,23,administrator
524,210,3,879573745,F,0,39,marketing
229,1265,4,881584196,M,1,32,salesman
184,64,5,879228143,M,1,52,engineer
479,288,5,891654065,M,1,40,programmer
537,813,4,891792288,M,1,24,student
181,188,5,887531249,M,1,33,engineer
458,347,5,882426689,F,1,29,other
731,21,5,877060652,M,1,52,technician
535,856,5,880114022,M,1,21,educator
308,195,5,886397750,M,1,52,administrator
653,210,2,891946028,M,1,33,educator
321,768,4,884538015,F,0,45,librarian
535,357,3,879625629,M,1,19,educator
276,550,1,875781538,M,1,49,educator
468,460,1,892021042,M,1,22,lawyer
299,7,1,886644932,M,1,39,other
521,89,5,877245469,M,1,18,engineer
88,151,2,888813702,M,1,38,programmer
491,527,1,878511266,M,1,38,technician
827,1018,5,880723954,M,1,28,educator
577,427,5,875880604,M,1,39,entertainment
145,238,4,879907564,M,1,27,administrator
655,1110,1,882154902,M,1,26,technician
19,187,2,883213414,M,1,26,programmer
331,94,2,881982988,M,1,31,educator
564,1041,4,879904100,M,1,27,other
236,226,5,891674309,F,0,53,librarian
504,174,4,891358715,M,1,22,student
389,173,5,879657266,M,1,50,retired
524,144,2,881361961,M,1,41,educator
314,56,2,891575402,F,0,52,entertainment
382,457,5,880528770,M,1,27,technician
862,243,4,879770012,F,0,26,librarian
264,122,2,888880272,M,1,51,technician
628,134,2,882583343,M,1,27,technician
334,433,3,886407367,F,0,32,other
655,222,1,884312710,M,1,51,entertainment
588,636,3,892639227,M,1,34,other
508,203,5,892503653,F,0,47,librarian
181,180,1,879827037,M,1,26,technician
493,98,5,882599723,M,1,26,librarian
631,22,5,883024474,M,1,27,other
463,11,5,888312048,F,0,51,writer
518,573,1,884152742,M,1,27,engineer
92,628,3,882285216,M,1,34,administrator
87,1193,2,879653933,M,1,35,technician
392,435,5,892185036,F,0,30,executive
269,322,3,880649963,F,0,53,artist
867,591,4,881194139,F,0,50,healthcare
782,490,3,888815329,M,1,32,doctor
567,129,5,880025174,M,1,27,student
896,12,2,879787594,F,0,35,educator
735,535,5,883346332,M,1,26,student
402,284,1,889008056,M,1,44,student
638,22,5,883365003,M,1,28,student
629,28,5,882755049,M,1,36,technician
54,235,3,882864661,M,1,30,student
361,86,3,892107154,M,1,32,student
280,259,4,891789995,F,0,11,librarian
1,603,3,877253890,M,1,28,retired
863,582,5,884291622,M,1,39,programmer
807,373,4,884266595,F,0,49,librarian
60,768,5,884437500,M,1,39,executive
130,1242,4,876042795,M,1,50,technician
758,568,4,875267453,F,0,35,librarian
267,346,5,885353726,M,1,28,doctor
469,12,2,882753003,M,1,28,student
424,425,5,879638750,M,1,27,educator
599,214,2,877424775,F,0,52,marketing
125,496,1,891825264,M,1,19,lawyer
655,541,4,891965206,F,0,50,librarian
747,183,4,883125887,M,1,30,educator
346,81,4,877520080,M,1,20,doctor
655,211,4,891468696,F,0,52,healthcare
716,482,4,875562378,F,0,17,other
458,324,5,882535821,M,1,27,other
824,56,2,884541484,M,1,27,technician
222,345,1,877042550,M,1,31,librarian
545,215,4,891944901,F,0,51,student
921,665,1,877402459,M,1,52,librarian
632,12,1,884278262,M,1,46,educator
195,124,3,882703453,M,1,27,student
711,72,3,892320630,M,1,35,student
786,421,3,882378286,F,0,51,other
436,1157,2,892118896,M,1,28,marketing
95,287,3,882485707,M,1,41,student
362,260,4,891308727,F,0,51,librarian
262,127,1,891458993,M,1,51,doctor
22,1057,3,876046099,M,1,23,student
124,1014,5,880369640,M,1,27,educator
858,29,3,888583539,M,1,36,doctor
474,427,4,879086484,M,1,29,administrator
552,531,1,884157698,M,1,57,student
438,685,4,892146681,M,1,23,educator
748,303,2,884489334,M,1,34,programmer
830,79,2,882687305,M,0,23,educator
561,333,4,882373721,M,1,26,entertainment
234,24,2,879355854,M,1,31,educator
63,92,3,882401894,M,1,49,engineer
130,310,4,884260076,M,1,44,student
896,127,4,875876629,M,1,27,administrator
48,736,4,891927468,F,0,27,writer
852,358,3,879731399,M,1,40,educator
532,99,5,882655087,M,1,33,programmer
780,609,3,881871769,M,1,30,entertainment
297,155,3,879510797,M,1,35,executive
181,948,1,884489497,M,1,23,artist
437,259,4,882476718,F,0,52,artist
798,655,4,891994651,F,0,54,educator
939,446,5,882850438,F,1,32,librarian
130,268,3,888890093,M,1,49,administrator
468,357,5,879682280,M,1,36,educator
375,1434,5,880258166,M,1,30,technician
490,174,1,876091529,M,1,24,engineer
300,841,3,891538913,F,0,19,healthcare
744,31,2,879652712,M,1,27,student
354,895,4,892037007,F,0,39,writer
825,340,4,885411002,M,1,28,student
796,619,1,887956865,F,0,51,librarian
807,924,5,875393358,F,0,12,librarian
152,216,4,889309038,M,1,25,technician
889,653,4,886279803,M,1,26,lawyer
437,582,5,877730699,M,1,27,technician
38,435,5,875418695,M,1,27,executive
279,430,1,877451576,M,1,39,doctor
328,519,4,881563274,M,1,62,engineer
757,518,2,883046050,M,1,27,technician
334,936,4,891362120,F,0,55,healthcare
878,346,1,888748827,M,1,26,programmer
680,63,5,876295513,M,1,22,executive
22,1245,4,892025562,F,0,50,librarian
194,179,3,882126992,M,1,28,educator
94,200,3,877353842,M,1,50,lawyer
211,294,4,892683818,M,1,28,student
442,699,5,879727871,M,1,28,programmer
444,1337,2,879473815,M,1,26,other
218,1053,2,893050723,M,1,28,educator
436,1113,4,883008516,M,1,28,educator
802,541,1,891951385,M,1,27,programmer
785,1177,2,892254252,M,1,28,entertainment
269,118,2,880612832,F,0,51,student
578,1567,5,878380017,M,1,30,marketing
479,591,3,882704694,F,0,52,writer
190,124,4,879591236,F,0,51,educator
672,254,3,877653901,M,1,27,programmer
939,547,4,876007324,M,1,45,administrator
880,135,4,884603635,M,1,22,student
638,137,5,882006437,M,1,38,technician
846,679,5,881225690,M,1,51,programmer
716,286,3,882264359,M,1,28,artist
90,887,5,878112876,M,1,38,programmer
13,286,5,882033421,M,1,28,artist
708,753,4,892267651,F,0,36,writer
165,118,5,879259517,F,0,32,educator
8,114,3,880320764,M,1,32,lawyer
113,182,3,880938059,F,0,39,none
848,496,5,891268032,M,1,27,programmer
301,748,5,891554907,M,1,27,student
354,96,5,879369072,F,0,31,administrator
880,219,1,879760907,M,1,32,executive
230,302,4,891824649,F,0,50,educator
187,664,4,878766323,F,0,27,librarian
543,297,3,891573406,M,1,44,executive
916,693,5,892188950,F,0,33,educator
127,265,5,879442943,M,1,24,technician
752,527,1,875420113,M,1,31,student
751,285,1,891652021,F,0,31,librarian
847,117,4,882975204,M,1,43,retired
382,272,1,879648717,M,1,24,technician
505,778,5,879724321,M,1,35,scientist
429,195,4,880388652,M,1,51,other
650,977,1,880151207,M,1,57,student
883,274,3,884263204,M,1,40,retired
749,131,1,875123706,M,1,44,engineer
618,322,4,875244486,F,0,52,administrator
643,779,3,875385240,M,1,27,executive
494,252,3,875777068,M,1,44,student
613,27,1,882682676,M,1,30,salesman
863,171,3,892454442,M,1,28,student
782,294,3,892196438,F,0,53,librarian
308,13,5,892014834,M,1,35,retired
59,847,5,892264647,M,1,39,programmer
42,472,5,879746968,M,1,30,lawyer
346,250,5,879494868,F,0,35,student
261,1164,5,879639939,M,1,28,doctor
758,186,3,880250903,M,1,34,educator
216,654,4,881494196,M,1,24,programmer
682,1,4,884501967,M,1,55,programmer
42,591,3,879749980,M,1,48,homemaker
710,129,4,891283389,F,0,49,healthcare
630,866,4,878280717,M,1,40,entertainment
234,322,4,882550624,M,1,27,educator
734,31,4,891891919,F,0,39,librarian
393,222,4,892195178,M,1,26,student
59,176,3,884511253,F,0,40,librarian
70,313,4,891994601,F,0,11,educator
269,318,5,892086851,F,0,30,administrator
735,420,3,876696995,M,1,37,technician
129,495,3,880166586,M,1,26,educator
655,120,4,891463640,F,0,52,writer
782,288,2,884208139,M,0,50,educator
618,1274,3,882310688,F,0,44,artist
837,172,2,882803353,F,1,24,student
716,269,1,875539002,F,0,12,healthcare
4,1073,5,876505287,M,1,27,doctor
778,427,2,889244222,F,0,51,administrator
889,575,3,879445325,M,1,31,engineer
868,300,3,882327297,F,0,39,writer
435,873,5,882333675,M,1,18,executive
721,506,3,891722582,M,1,26,librarian
439,470,1,882490622,M,1,36,executive
642,423,5,891949172,F,0,49,librarian
115,204,5,882558741,F,0,51,healthcare
199,31,5,880441970,M,1,36,technician
308,1060,1,875741576,M,1,24,lawyer
591,72,1,875501345,M,1,40,executive
152,1013,5,892212980,M,1,33,programmer
657,1133,2,882524168,M,1,28,lawyer
435,145,3,876009916,M,1,39,executive
70,1378,5,888843358,M,1,45,engineer
804,4,4,883155730,M,1,43,scientist
269,1207,4,877787277,F,0,36,librarian
886,151,3,879645749,M,1,27,administrator
938,95,5,883168594,M,1,30,educator
751,81,2,879506971,F,1,30,librarian
339,95,5,879796192,M,1,32,educator
85,157,2,876596549,M,1,53,marketing
250,118,1,892150305,F,0,51,artist
224,218,1,891558799,M,1,29,scientist
897,328,2,879706083,M,0,28,artist
7,877,2,884479463,F,0,52,healthcare
308,302,4,881697547,M,1,19,entertainment
213,490,2,879633964,F,0,50,educator
450,211,5,892379298,F,0,28,writer
393,446,5,880222735,M,1,34,educator
90,65,5,882660624,F,0,52,educator
655,934,5,877681899,M,1,51,educator
565,235,3,884315743,M,0,44,writer
63,845,3,879759762,M,1,28,administrator
496,1064,5,883455361,M,1,26,programmer
692,209,5,881082100,M,1,27,engineer
378,272,1,883121310,M,1,22,technician
205,427,5,882637307,M,1,30,artist
537,120,1,882706859,F,0,39,librarian
450,582,5,882695374,F,0,32,artist
450,71,3,884492192,F,0,32,librarian
262,186,1,879698604,M,1,21,entertainment
591,71,4,875554889,M,1,25,educator
292,433,4,886966260,F,0,36,librarian
94,213,2,885141731,M,0,28,artist
154,435,5,880099740,M,1,32,artist
385,152,4,892042011,F,0,51,educator
592,1054,5,879634892,M,1,32,programmer
622,38,3,880026794,M,1,23,lawyer
641,338,2,892076049,F,0,32,student
321,357,1,883008496,F,0,31,librarian
139,139,1,880639425,M,1,48,student
655,690,4,892240118,F,0,51,librarian
183,721,1,880054057,M,1,51,programmer
930,595,3,891420363,F,0,32,educator
661,358,4,884761189,M,1,24,educator
474,202,1,879482681,M,1,43,student
90,1149,2,879743235,M,1,32,other
892,58,4,879735336,F,0,40,writer
708,294,2,880400338,M,1,32,educator
149,43,5,881071562,M,1,23,entertainment
303,151,3,892527357,M,1,31,student
790,637,2,882975121,M,1,39,educator
483,383,4,878908938,M,1,32,retired
504,248,5,884533100,F,0,43,none
889,607,5,882714948,M,1,33,educator
506,21,5,882705303,F,0,45,librarian
936,1065,5,883380521,F,1,27,educator
219,192,3,892461941,F,0,35,homemaker
760,294,1,881836058,M,1,31,other
655,7,4,884803158,F,0,53,librarian
758,47,4,892139609,M,1,29,educator
57,300,4,882745035,M,1,24,marketing
181,584,5,882412636,M,1,23,marketing
256,1310,4,891762771,F,0,51,healthcare
474,704,4,892700737,F,0,10,administrator
786,196,5,891377369,M,1,27,technician
590,629,5,880109590,M,1,26,student
191,281,4,882569229,M,0,50,marketing
735,203,5,880946356,M,1,27,technician
331,685,3,883851145,M,1,30,engineer
178,222,3,880027536,M,1,36,educator
435,559,4,882783958,F,0,38,homemaker
328,694,1,888049851,M,1,27,programmer
497,728,5,891972774,M,1,53,educator
627,186,2,891605112,M,1,24,educator
269,625,4,879783558,F,0,51,writer
405,1356,2,877444210,F,0,53,educator
389,186,4,879874438,M,1,28,writer
692,125,3,891065243,M,1,28,technician
424,1487,5,893155718,M,1,26,technician
537,98,4,884636210,M,1,35,student
595,93,5,882688689,M,1,34,programmer
848,329,5,879782177,M,1,42,programmer
727,290,5,891597063,M,1,39,programmer
412,1021,3,879456256,M,1,27,scientist
458,483,5,880364991,M,1,29,other
333,202,4,883789900,M,1,22,student
504,652,4,875499862,M,1,31,educator
405,73,1,879802223,F,0,51,educator
849,447,1,892546790,M,1,28,educator
890,904,4,891937732,F,0,44,salesman
405,382,1,886975186,F,0,44,librarian
720,175,4,875526974,M,1,9,educator
342,418,2,882994650,F,0,33,librarian
468,125,4,875586444,M,1,40,engineer
354,698,4,879451495,F,0,31,student
707,358,3,891975685,F,0,39,librarian
708,827,2,880951349,F,0,43,homemaker
789,86,5,881607575,M,1,38,educator
402,286,2,892489299,M,1,28,programmer
917,304,3,880010390,M,1,48,entertainment
21,494,3,875573798,M,1,26,administrator
314,50,3,882986154,M,1,29,entertainment
7,433,3,891427046,F,0,19,educator
64,303,3,879898547,M,1,28,educator
85,174,4,884261581,F,0,47,librarian
181,709,4,875482949,M,1,27,programmer
217,840,3,883467408,M,1,60,educator
469,1046,5,879483355,F,0,51,healthcare
334,295,5,892041642,M,1,33,educator
21,465,3,882959510,M,1,38,lawyer
128,606,2,880267289,F,0,44,librarian
125,22,5,880728352,M,1,33,programmer
25,1487,5,886674088,M,1,25,engineer
2,589,4,877962657,M,1,27,technician
577,216,3,880269398,F,0,31,educator
294,841,2,875950563,M,1,40,doctor
31,485,4,882772217,F,1,31,salesman
804,519,5,882418834,M,1,26,educator
247,192,2,893164571,M,1,28,salesman
498,347,1,887835056,M,1,51,engineer
859,19,5,880415973,M,1,42,educator
889,127,4,880990072,M,1,27,engineer
708,204,2,892582936,F,0,32,librarian
523,282,3,892120092,M,1,38,engineer
246,710,4,882549266,M,1,35,programmer
727,333,4,892134509,F,1,32,other
5,752,3,892804417,M,1,58,artist
591,23,2,889474615,M,1,40,educator
279,271,2,880015817,M,0,35,artist
846,762,5,884193419,M,1,43,executive
551,127,5,893079737,M,1,27,librarian
608,921,5,879771866,M,1,31,executive
393,203,2,882512670,M,1,28,educator
629,597,1,891913263,M,1,27,technician
82,672,4,880025649,M,1,30,entertainment
490,265,5,888097187,M,1,45,technician
345,51,5,891872464,F,0,52,educator
889,111,5,881128953,F,0,35,librarian
193,886,4,882717047,M,1,27,educator
747,423,4,881339967,M,1,39,administrator
363,210,5,884209853,F,0,33,librarian
184,956,4,880565972,M,1,32,other
452,200,1,891549650,M,1,24,engineer
796,79,1,882379900,M,1,11,programmer
253,693,2,882436967,F,0,52,educator
653,1035,5,882557910,M,1,39,artist
721,684,2,880196740,F,0,52,artist
276,462,5,891529625,F,0,31,librarian
607,744,2,891923232,F,0,24,librarian
13,3,2,884435155,M,1,26,entertainment
749,742,3,892498765,F,0,43,healthcare
246,261,3,882264729,M,1,27,administrator
896,239,5,891827359,M,1,24,technician
111,506,5,879816431,M,1,34,other
200,1285,4,882669669,F,0,51,librarian
405,172,3,879844653,F,0,40,librarian
57,272,2,882696715,F,0,12,librarian
174,233,4,892075850,F,0,51,healthcare
693,772,5,879063755,M,1,22,retired
56,234,2,893165043,M,1,25,technician
92,1296,3,888408731,M,1,22,technician
381,867,2,883142746,M,1,28,educator
49,238,4,882615314,M,1,32,student
308,627,5,883940029,F,0,51,educator
917,378,1,882327104,M,1,39,programmer
679,765,1,888790350,M,1,31,programmer
299,13,2,890780031,M,1,30,engineer
630,482,2,876222012,F,0,27,artist
269,181,4,892630462,F,0,28,writer
368,316,5,884974623,M,1,27,programmer
653,255,1,882121566,M,1,27,entertainment
737,245,4,886615094,F,0,52,librarian
389,465,1,880641803,M,1,23,executive
868,12,4,882696246,M,1,35,educator
399,875,5,880041360,M,1,51,doctor
82,1381,3,883681794,M,1,27,technician
255,887,3,884262913,M,1,36,technician
346,289,4,892041771,M,1,26,educator
21,708,3,881100125,M,1,30,artist
532,546,5,891579688,M,1,31,scientist
200,685,3,880187285,M,1,40,programmer
462,414,1,891715476,F,0,23,librarian
537,485,5,879947312,M,1,28,student
806,744,3,891467138,M,1,35,educator
157,301,4,880043605,M,1,27,other
885,12,2,879427494,F,0,46,librarian
839,31,1,882384025,M,1,50,artist
833,384,4,879123163,F,0,23,librarian
264,1188,4,891460831,M,1,40,programmer
738,166,5,879602408,M,1,28,educator
825,652,3,891673925,F,0,31,artist
658,118,1,877192640,M,1,40,entertainment
470,309,5,879890484,M,1,46,scientist
935,429,3,880056070,F,0,44,student
254,380,3,882951349,M,1,27,executive
616,218,3,879744976,M,1,22,technician
568,1128,5,879415028,M,1,32,educator
198,79,4,884311322,M,1,52,educator
532,294,1,881286137,F,0,26,librarian
667,475,5,882569844,M,1,22,technician
655,111,5,879586900,F,0,39,librarian
267,402,5,878830883,M,1,33,engineer
459,63,1,892471239,M,1,27,student
773,595,5,882284155,M,1,21,student
583,250,5,892171135,F,0,31,homemaker
854,25,5,892809411,M,1,28,student
911,972,3,882726896,M,1,45,technician
692,1045,5,878015258,M,1,44,administrator
655,69,5,875989608,F,0,51,administrator
608,404,4,884933627,M,1,35,student
221,475,5,879282083,M,1,51,engineer
267,153,5,879571423,M,1,24,executive
268,690,4,886027650,M,1,26,administrator
303,173,4,883209802,M,1,27,student
216,24,4,892860913,M,1,45,educator
450,659,5,891577371,F,0,58,engineer
276,91,3,882241489,M,1,26,programmer
145,398,1,879390685,M,1,39,engineer
908,945,3,891897277,M,1,28,educator
92,22,5,878951396,M,1,22,executive
135,134,4,875267231,M,1,26,administrator
463,155,1,876011544,F,0,32,student
293,22,4,878284405,M,1,28,educator
296,325,1,889008543,M,1,22,entertainment
698,192,5,879378026,M,1,19,programmer
28,14,2,882056982,M,1,45,educator
62,117,2,881611053,M,1,32,entertainment
648,685,3,886861341,M,1,26,artist
63,789,5,879243897,F,1,36,educator
414,1265,3,891870137,M,1,27,other
595,97,5,882115575,M,1,32,student
407,1626,4,888768612,M,1,36,marketing
44,213,3,886288144,M,1,32,programmer
608,7,4,891432352,F,0,12,librarian
272,5,3,881912802,M,1,48,lawyer
270,343,3,888138513,M,1,38,technician
588,74,5,881161081,F,0,39,administrator
845,294,2,879515955,M,1,32,artist
577,288,3,891702866,F,0,51,writer
756,408,5,881621894,M,1,33,executive
286,930,4,879908754,M,1,35,student
454,62,5,888749293,M,1,28,student
142,612,1,887238068,M,1,27,artist
941,27,5,892523238,M,1,33,executive
198,183,4,891830313,F,0,52,writer
522,748,3,882747352,M,1,40,scientist
869,19,5,882236865,M,1,42,executive
708,489,2,882711172,F,0,33,writer
915,925,5,883158573,M,1,28,educator
723,451,3,891387277,M,1,29,programmer
118,274,4,892066839,F,0,27,writer
910,480,2,886514896,M,1,28,marketing
92,294,2,875452591,F,0,31,educator
617,1431,4,879472664,F,0,50,librarian
696,705,5,880056147,M,1,28,educator
26,85,5,875578459,M,1,29,educator
623,1256,5,891525648,M,1,27,marketing
158,343,3,884086855,F,0,48,student
342,9,4,878684783,F,0,51,educator
343,191,5,882599490,M,1,26,artist
325,1137,4,889575927,M,1,51,educator
130,504,3,880326274,M,1,29,programmer
527,52,3,883022373,M,1,40,artist
899,310,3,879513874,M,1,31,engineer
254,484,3,879953297,F,0,32,librarian
458,840,5,891959422,M,1,29,educator
561,1041,3,879595873,M,1,30,entertainment
690,83,5,879510523,F,0,51,librarian
