user_id,item_id,rating,timestamp,gender,gender_binary,age,occupation
513,520,5,892836160,F,1,70,educator
435,122,4,874724864,M,1,18,programmer
619,3,4,879375040,M,1,7,other
813,1233,4,875239232,M,1,7,librarian
297,1136,4,879447040,M,1,70,executive
281,895,5,881266496,M,1,24,educator
813,1100,3,893279936,M,1,47,student
779,787,2,883118656,F,1,7,other
176,124,2,891033728,F,1,29,educator
844,26,4,890703296,M,1,21,student
46,1042,2,889725760,F,1,33,doctor
1,1189,3,879197184,M,1,7,student
292,174,5,891499072,M,1,41,programmer
748,762,3,874724864,M,1,7,educator
80,984,4,885062208,M,1,8,writer
267,634,4,893279936,M,1,26,librarian
221,1415,3,887159808,M,1,70,technician
435,130,2,893279936,F,1,70,educator
753,767,3,874724864,M,1,7,student
753,1467,2,887044864,F,0,27,artist
472,888,5,891923520,M,1,70,artist
5,608,4,893279936,M,1,53,writer
753,49,4,891200640,F,1,7,artist
472,216,4,883531712,M,1,7,student
664,791,4,893279936,M,1,7,healthcare
817,656,4,893279936,M,1,7,other
456,800,5,892785216,M,1,39,educator
522,69,4,882827584,M,1,44,technician
522,895,4,892031488,M,1,25,student
467,774,2,875384064,M,1,40,educator
844,656,5,891013952,M,1,48,entertainment
166,528,3,889688960,M,1,46,other
312,174,2,879518528,M,0,42,healthcare
664,101,4,893279936,M,1,70,librarian
522,1456,4,893279936,M,1,7,programmer
208,174,2,888069440,F,0,22,student
273,836,2,874724864,F,0,7,programmer
435,1008,4,891377664,M,1,7,administrator
340,634,5,874857792,M,1,30,entertainment
540,1161,3,888466304,M,1,70,engineer
312,1033,2,874950592,F,0,30,other
65,228,2,880140608,F,1,23,educator
753,494,2,874724864,F,1,28,student
281,308,3,893279936,M,1,70,educator
865,1166,2,874724864,F,0,44,other
281,101,3,893279936,M,1,7,marketing
748,282,4,879543808,M,1,48,doctor
435,304,3,893279936,M,1,31,programmer
803,888,4,880395008,M,0,29,writer
178,608,3,881542144,M,1,32,doctor
813,151,3,884326848,M,1,70,programmer
178,1429,4,891178432,M,1,70,executive
281,787,3,893279936,M,1,70,other
844,608,3,880165312,M,1,23,doctor
46,538,3,875340800,M,1,33,student
326,791,4,883364416,F,1,35,programmer
43,895,3,888698112,M,1,70,educator
846,281,5,884389952,M,1,59,executive
472,895,4,885152064,M,1,29,programmer
897,204,2,891383552,F,1,45,librarian
779,249,2,883218176,F,0,18,student
292,728,3,875653568,M,1,70,writer
267,101,4,882387648,M,1,7,student
312,608,5,891193408,M,1,36,student
880,1136,5,879375168,M,1,30,writer
906,1233,3,893279936,M,1,27,artist
370,591,4,874724864,M,1,34,administrator
472,1161,3,880165632,M,1,70,programmer
522,1033,5,893279936,M,1,27,student
844,101,3,874724864,M,1,46,educator
467,1518,3,875967424,M,1,70,engineer
340,691,5,882076480,M,1,7,artist
221,590,5,874724864,F,1,29,technician
281,1050,4,874724864,F,1,7,student
844,506,4,874724864,M,1,7,student
80,1456,1,874830528,F,0,20,artist
65,1042,3,893279936,M,1,24,entertainment
87,1100,4,893279936,M,1,7,educator
435,281,4,893279936,M,1,70,programmer
115,590,4,892777984,M,1,70,doctor
312,1136,2,874724864,M,1,28,educator
897,132,3,893279936,M,1,20,lawyer
897,101,4,880161536,M,1,7,student
844,1166,3,888533760,M,1,20,educator
748,608,4,874724864,M,1,35,entertainment
87,1386,5,891546368,M,1,29,programmer
472,475,2,875731776,F,0,35,artist
368,1233,5,874724864,M,1,70,administrator
326,1607,3,874724864,M,1,18,student
176,1233,3,874724864,M,1,23,other
619,1594,4,884732864,M,1,52,writer
296,774,3,878739072,M,1,36,student
137,820,5,875244864,M,1,27,programmer
495,1130,3,893279936,M,1,70,other
208,151,4,893279936,M,1,70,librarian
748,254,4,890418432,M,1,70,doctor
340,1456,3,893279936,M,1,7,other
753,1456,2,879442368,F,0,70,healthcare
844,22,2,878348800,F,0,7,writer
753,786,2,893279936,F,0,70,educator
813,350,4,874724864,M,1,70,other
779,877,4,882179520,M,1,30,administrator
522,1042,3,877885376,M,1,7,educator
221,101,4,883950080,F,0,23,administrator
87,1292,4,874724864,M,1,36,administrator
844,1257,3,879938752,M,1,21,student
922,888,2,887667584,F,0,33,educator
178,174,4,893279936,M,1,29,artist
292,281,4,879867328,M,1,31,student
267,767,3,893279936,M,1,7,other
522,479,3,893279936,M,1,42,doctor
467,728,5,893279936,M,1,70,programmer
553,1264,3,878350464,M,1,36,educator
340,1292,4,878347840,M,1,24,writer
43,791,4,874724864,F,1,22,doctor
753,921,2,879518464,M,1,51,programmer
340,787,5,882213376,M,1,21,other
844,1033,2,874724864,F,0,20,student
1,972,2,879365376,F,0,29,librarian
312,1165,5,877124544,M,1,7,student
748,732,2,874724864,F,0,70,doctor
221,1100,4,883898432,M,1,23,artist
472,281,5,884125248,F,1,29,doctor
267,1050,3,878955328,M,1,70,other
789,282,3,874724864,M,1,30,other
435,1033,4,874724864,M,1,7,administrator
803,174,4,874724864,M,1,10,student
844,3,2,880926464,M,1,7,writer
281,281,5,879539008,M,1,7,other
281,884,4,880181120,M,1,70,other
844,1136,4,886217280,M,1,7,student
423,1033,5,890762048,F,1,22,librarian
292,250,3,874724864,F,1,23,other
65,888,2,874724864,F,0,39,retired
808,122,5,891193600,M,1,29,educator
435,308,3,891204288,M,1,26,student
176,430,5,887159488,M,1,22,administrator
467,480,4,874724864,M,1,27,student
221,1456,5,888640320,M,1,7,programmer
734,634,4,888104000,M,1,70,writer
292,441,4,891199872,M,1,7,student
803,787,2,893279936,F,0,7,other
278,983,4,878886720,M,1,25,student
312,1161,2,886472128,F,1,26,librarian
753,820,2,874724864,F,0,23,librarian
35,174,5,878769664,M,1,7,student
519,132,4,882399296,M,1,7,student
84,787,5,883203008,M,1,24,artist
801,479,3,880917568,M,1,7,doctor
312,590,3,874724864,M,1,70,educator
176,412,5,893279936,M,1,23,executive
46,101,3,882956608,M,1,22,entertainment
510,828,3,893279936,M,1,27,executive
619,341,2,879456192,F,0,20,writer
221,1161,2,893279936,M,1,31,student
178,1429,2,884239552,M,1,70,other
46,963,4,884289472,M,1,31,educator
753,1456,4,874724864,F,1,7,student
267,174,5,893279936,M,1,18,other
267,1033,2,876232832,F,1,26,librarian
472,1429,2,874724864,F,0,28,administrator
46,656,3,874724864,M,1,7,student
267,101,4,890491776,M,1,70,administrator
684,656,3,893279936,M,1,20,student
748,1226,2,874724864,F,0,44,artist
803,781,2,874724864,F,0,70,student
748,129,2,884462528,F,1,70,engineer
844,590,5,879459136,M,1,20,educator
472,1136,5,879438976,M,1,20,educator
472,440,2,884496448,F,0,7,student
110,289,4,885808448,M,1,7,student
267,694,2,874724864,F,0,30,student
880,168,4,886530752,M,1,24,writer
221,787,2,874724864,M,1,27,programmer
522,805,2,874724864,M,1,7,student
292,1008,4,876766976,M,1,28,student
750,523,2,888907200,F,1,31,healthcare
340,3,3,886472192,M,1,27,artist
370,1033,5,877887488,M,1,29,artist
232,308,4,874724864,M,1,7,student
844,350,4,893279936,F,1,41,healthcare
897,774,4,893279936,M,1,7,student
475,1233,5,879362304,M,1,7,other
178,936,1,893279936,M,1,7,student
300,702,5,884125056,F,1,70,programmer
619,691,4,893279936,M,1,7,programmer
281,117,4,879736448,M,1,23,other
844,132,4,887047488,M,1,7,engineer
281,1042,4,874724864,M,1,24,artist
267,143,4,874724864,M,1,43,programmer
495,1165,3,893279936,M,1,43,artist
522,281,5,874724864,M,1,35,educator
312,1250,5,886226432,M,1,22,student
335,691,2,893279936,F,0,31,doctor
813,93,5,893279936,F,1,21,student
522,1042,2,880665216,F,1,29,educator
340,892,3,883326976,M,1,29,other
340,101,5,874724864,M,1,7,educator
890,1165,2,893279936,M,1,34,educator
748,986,3,893279936,M,1,70,educator
259,479,3,876861568,M,1,24,artist
659,828,2,874724864,F,0,18,administrator
414,63,4,876998144,M,1,20,other
43,728,4,893279936,M,1,39,educator
559,214,5,874724864,F,1,7,librarian
890,1136,5,874724864,M,1,7,student
467,828,2,884496704,F,1,23,librarian
789,281,3,881957696,M,1,31,educator
890,608,2,887910656,F,1,7,administrator
340,1161,4,890667008,M,1,7,student
750,1034,2,880724032,F,1,7,librarian
221,281,2,874724864,F,1,45,student
748,468,2,878962880,F,0,28,student
559,110,2,875963712,F,0,27,healthcare
368,1607,4,876541888,M,1,7,administrator
84,751,4,885080000,F,1,7,engineer
340,1130,3,874724864,M,1,7,student
267,281,4,892688320,M,1,70,lawyer
221,695,2,886323456,F,1,11,educator
519,1292,4,875454336,M,1,70,engineer
519,1041,3,880481088,M,1,70,programmer
46,1161,4,893279936,M,1,23,student
897,1008,4,880080384,M,1,70,educator
472,695,2,886048000,F,0,25,other
513,1165,3,893279936,M,1,70,technician
522,174,2,874724864,M,1,70,engineer
368,1136,4,893279936,M,1,29,programmer
143,174,5,893279936,M,1,26,entertainment
326,751,4,877108736,M,1,27,student
340,895,3,888557056,M,1,52,engineer
753,289,3,888068736,M,1,26,programmer
143,888,2,893279936,F,0,22,healthcare
221,491,5,891911616,M,1,70,other
115,1152,2,882386176,F,1,7,writer
753,751,5,875727040,M,0,23,other
893,791,1,893279936,M,1,30,student
897,751,2,874724864,F,0,27,other
1,937,5,875037440,M,1,38,executive
472,1161,4,893279936,M,1,7,other
472,728,3,885812800,M,1,22,retired
753,1050,2,893279936,F,1,7,healthcare
456,281,4,893279936,M,1,33,programmer
281,1130,4,882903104,M,1,18,student
456,3,2,879876096,M,1,17,administrator
451,103,3,879454656,M,1,22,executive
844,340,3,885124160,M,1,35,artist
580,390,5,874724864,M,1,36,artist
664,522,4,879222080,M,1,16,healthcare
5,1281,4,889187904,M,1,70,other
456,1518,5,879445376,M,1,7,student
844,608,2,874724864,F,1,7,educator
619,992,2,893279936,M,1,70,other
753,888,2,888085696,F,1,7,writer
370,570,4,880180992,M,1,7,student
80,1165,4,874724864,F,1,70,librarian
633,608,3,882355520,F,1,33,healthcare
922,583,2,893279936,F,0,32,artist
748,512,4,891243968,M,1,22,educator
519,1042,4,874724864,M,1,7,student
522,912,5,893279936,M,1,23,technician
519,1238,2,874724864,F,0,56,educator
748,522,4,887735296,M,1,70,other
619,912,2,891406976,F,0,28,other
664,787,2,883949568,F,1,17,librarian
522,120,2,875242432,F,0,39,student
643,918,3,886481536,M,1,21,other
23,101,4,874724864,M,1,7,student
281,281,5,893279936,M,1,50,writer
312,101,3,882341120,M,1,7,doctor
208,1233,4,893279936,M,1,29,entertainment
813,174,2,891194304,F,0,28,librarian
844,1233,5,884366208,F,1,70,other
880,1130,4,874787328,M,1,7,student
43,608,2,893279936,F,1,70,writer
65,1292,4,893279936,M,1,27,programmer
312,591,2,874724864,F,1,7,healthcare
580,81,3,883760256,M,1,7,student
522,645,3,874724864,M,1,7,educator
326,787,3,874724864,M,1,7,artist
87,986,4,893279936,M,1,52,programmer
340,787,4,874724864,M,1,24,student
5,174,5,879446400,M,1,70,executive
281,404,2,874724864,M,1,70,other
472,1233,3,883779264,M,1,49,executive
664,791,3,875979136,M,1,29,educator
221,691,2,877554560,F,1,38,student
472,1456,3,881965504,M,1,42,student
5,1007,2,891548864,F,0,70,lawyer
753,54,5,888627648,M,1,36,educator
495,691,3,874724864,F,1,50,executive
423,215,3,882827392,F,1,27,other
80,277,3,883865216,M,1,29,doctor
472,282,2,879467712,F,0,70,librarian
748,895,5,874724864,M,1,7,student
292,1161,3,878941184,M,1,7,executive
24,101,4,874724864,M,1,7,marketing
753,537,1,874724864,M,1,44,engineer
559,182,2,879376576,F,1,70,technician
467,912,5,885848768,M,1,25,healthcare
519,645,5,889731392,M,1,25,programmer
472,681,3,892334592,M,1,7,executive
267,787,4,883252544,M,1,38,educator
748,1161,2,888071232,F,1,23,student
65,895,4,874724864,M,1,26,student
522,1611,2,879472512,M,1,52,student
897,828,2,874724864,F,1,7,student
46,222,5,874724864,M,1,22,technician
890,93,3,891385408,M,1,23,student
734,1386,3,879993216,M,1,26,marketing
80,787,3,889731904,M,1,21,administrator
753,84,5,888068928,M,1,70,technician
472,828,5,879633792,M,1,7,programmer
106,1161,5,886374080,M,1,25,healthcare
510,1281,3,893279936,M,1,44,other
435,1233,5,878855616,M,1,33,student
435,1292,4,884292096,M,1,27,executive
748,1233,3,892038272,M,1,53,educator
364,101,3,893279936,M,1,25,entertainment
267,1518,4,874724864,F,1,7,marketing
340,645,3,893279936,M,1,70,writer
340,1238,4,874724864,M,1,42,educator
789,787,2,874724864,M,0,50,educator
803,174,5,886377408,M,1,70,healthcare
537,895,4,893279936,M,1,70,educator
221,656,4,874724864,M,1,7,student
137,235,2,893279936,F,1,70,librarian
467,1100,3,893218688,M,1,7,student
80,103,5,881106944,M,1,7,educator
46,828,3,874724864,M,1,70,educator
46,982,5,893279936,M,1,70,artist
312,791,5,893279936,M,1,7,educator
922,1233,5,884990848,M,1,70,administrator
664,1292,2,874724864,M,1,7,student
423,591,5,882399168,M,1,24,engineer
734,787,4,874724864,M,1,32,student
43,281,2,885645504,F,1,70,student
472,281,5,874724864,M,1,7,librarian
281,1042,4,893279936,M,1,70,engineer
292,1062,5,893279936,M,1,23,programmer
844,1165,2,881966336,F,0,31,healthcare
495,401,4,874724864,M,1,70,healthcare
221,3,4,886610432,M,1,70,doctor
5,38,4,882904064,M,1,70,writer
753,562,2,874724864,M,1,7,programmer
278,1077,2,885253888,M,1,23,educator
664,1130,4,874724864,M,1,7,student
46,1456,4,891546048,M,1,18,programmer
522,1456,2,884066624,M,1,29,programmer
1,132,4,886447296,M,1,7,student
472,791,3,880405696,M,1,20,educator
267,43,3,882826880,M,1,7,other
748,1292,4,891486464,M,1,27,healthcare
435,1233,2,874724864,M,1,7,student
844,1429,4,884288640,M,1,21,writer
176,645,3,878917376,M,1,43,student
510,1080,3,874724864,M,1,30,student
522,774,4,874724864,M,1,7,student
292,1166,5,893279936,M,1,7,programmer
522,1161,5,880135488,M,1,52,technician
87,791,3,888517952,M,1,70,administrator
666,992,4,887910976,M,1,24,none
495,1429,3,874724864,M,1,31,other
281,101,3,882941504,M,1,7,technician
281,174,5,891384768,F,1,7,executive
46,590,2,874724864,M,1,70,educator
844,912,4,877018304,M,1,25,other
435,805,5,874724864,F,1,7,student
20,1100,5,879111360,M,1,7,student
178,1042,4,874724864,M,1,70,student
844,895,5,874724864,F,1,24,writer
221,174,5,881059520,M,1,7,student
1,1166,2,886493248,F,0,7,executive
106,281,3,893279936,M,1,27,student
808,132,3,879874304,M,1,31,programmer
312,591,2,888465600,M,1,30,writer
844,281,4,891180992,F,0,24,student
748,101,2,893276288,M,1,7,student
564,209,2,893279936,F,1,70,engineer
522,3,3,874724864,M,1,35,educator
897,791,2,877720000,M,1,20,other
559,1161,2,874724864,M,1,7,executive
472,1042,3,880843840,M,1,31,student
495,1182,5,887910080,F,1,11,student
221,1161,3,882342720,M,1,70,engineer
925,888,5,891958592,M,1,45,educator
221,1233,2,883168064,F,1,24,other
312,1050,3,874724864,F,0,7,student
922,595,2,874724864,F,0,52,administrator
340,895,5,893279936,M,1,7,other
340,475,2,883267776,F,0,70,librarian
619,787,4,889654848,M,1,70,other
297,656,4,884453760,M,1,20,student
221,791,5,893279936,M,1,7,administrator
922,1161,4,882335872,M,1,30,retired
312,721,4,883699392,F,1,35,student
844,475,4,885679424,M,1,17,technician
312,787,5,876017216,M,1,49,librarian
312,93,4,888907008,M,1,7,artist
472,214,2,874825600,F,0,70,student
199,341,4,881450176,M,1,27,doctor
208,3,2,893279936,F,0,70,other
87,390,3,878887936,M,1,70,educator
281,1136,5,881606208,M,1,7,student
267,758,5,874951616,M,1,7,student
753,1161,5,874724864,M,1,7,other
65,791,4,893279936,M,1,24,programmer
664,1130,5,874724864,M,1,7,artist
823,3,4,874724864,M,1,70,artist
519,1518,4,888636096,M,1,70,entertainment
267,791,4,893279936,M,1,70,other
472,1233,2,874724864,F,1,70,educator
43,1042,2,893279936,F,1,34,librarian
106,888,2,891040896,F,0,70,other
304,174,5,880404480,M,1,50,other
80,222,2,874724864,F,0,70,marketing
221,101,5,891092224,M,1,7,student
208,1505,4,893279936,M,1,7,other
828,101,3,874724864,F,1,28,lawyer
435,583,5,893279936,M,1,70,student
106,1033,2,875979712,F,1,20,administrator
232,289,4,874724864,M,1,7,administrator
551,912,2,875376768,F,0,28,other
208,95,2,882346112,M,1,25,student
472,492,2,877835136,F,0,70,educator
292,590,5,893279936,M,1,22,writer
727,132,2,879439168,F,1,38,artist
844,1458,2,892676608,M,1,70,librarian
779,479,4,884152128,M,1,70,other
734,1233,4,893279936,M,1,70,marketing
472,712,4,891017088,M,1,25,librarian
619,884,4,881101952,M,1,35,artist
456,1033,4,887664320,M,1,7,none
292,1189,5,875978944,M,1,46,student
312,1100,3,880926592,F,1,31,executive
106,1607,4,888632320,F,1,52,librarian
656,1514,5,874724864,M,1,24,writer
619,50,4,886859584,M,1,70,other
753,608,5,888068864,M,1,28,educator
666,1471,1,888069504,M,1,42,librarian
46,787,4,886610240,M,1,48,educator
844,1136,2,893279936,F,0,44,librarian
472,132,5,879436032,M,1,26,other
297,54,4,888061952,M,1,22,educator
137,75,2,874724864,F,1,39,healthcare
221,1042,3,879874368,F,0,7,student
619,982,3,885612608,M,1,7,programmer
456,281,4,883390080,F,1,39,healthcare
312,184,3,893279936,M,1,70,educator
472,813,5,893279936,M,1,30,student
46,728,3,893279936,M,1,7,librarian
267,1265,5,893279936,M,1,23,entertainment
916,192,2,878739008,M,1,7,healthcare
127,1233,2,887742848,F,1,24,artist
513,1399,2,892922432,M,1,70,technician
87,1165,4,883449984,M,1,7,other
750,1161,2,892335488,M,1,46,artist
522,1161,3,874724864,M,1,7,student
522,791,5,880308864,M,1,7,technician
753,608,2,892613696,F,1,26,librarian
576,947,4,893279936,M,1,70,other
844,1161,4,891722368,M,1,45,educator
619,493,2,877742400,F,0,25,librarian
456,715,5,891036032,F,1,70,writer
522,984,2,875385088,F,0,38,artist
472,3,3,893279936,M,1,7,educator
753,1288,4,874724864,M,1,7,student
753,728,2,874724864,F,1,18,student
619,132,3,888479616,M,1,29,educator
844,676,3,881178688,M,1,26,artist
423,110,4,889395712,M,1,52,other
844,828,2,874782656,F,1,7,healthcare
267,407,2,891034304,F,1,52,writer
748,1130,2,891549184,F,0,30,librarian
510,702,2,883865024,M,1,32,educator
510,151,4,893279936,F,1,70,healthcare
522,1250,3,884132416,M,1,70,entertainment
844,81,3,877462208,M,1,29,writer
753,608,4,882819776,M,1,51,student
659,1130,2,874724864,F,1,70,administrator
312,101,4,874724864,M,1,21,administrator
65,888,4,874724864,F,0,70,retired
326,892,5,879455168,M,1,23,executive
659,1033,5,890534784,M,1,22,student
178,251,2,881652544,M,1,46,artist
472,122,5,884066816,M,1,34,librarian
472,1166,2,879035648,F,0,35,writer
106,1226,4,893279936,M,1,7,student
361,1130,4,874724864,M,0,23,artist
46,1033,5,878916288,M,1,48,other
110,3,5,888119552,M,1,27,other
844,289,2,886480832,F,1,7,student
844,281,3,888889152,M,1,34,student
880,1233,2,880355328,F,0,29,librarian
340,1407,4,874724864,M,1,7,student
340,260,4,889726464,M,1,27,educator
166,645,5,887911168,M,1,70,other
897,282,4,893279936,M,1,7,student
370,895,5,881006016,M,1,27,programmer
43,281,3,882345088,M,1,7,student
87,101,3,883150912,M,1,7,programmer
312,281,2,892785152,F,1,70,other
46,101,1,893279936,F,1,24,entertainment
759,93,5,891034240,M,1,70,librarian
412,1161,2,893279936,M,1,29,educator
24,1265,4,889239808,F,1,70,librarian
783,1292,4,877368960,M,1,7,other
472,1165,2,875909824,F,0,70,librarian
176,174,4,875366848,M,1,11,student
619,1033,5,875733120,M,1,26,retired
753,871,4,880925952,F,1,39,doctor
619,912,2,888462912,M,1,7,writer
808,787,3,881968448,F,1,17,writer
72,1226,3,876526272,M,1,22,administrator
664,787,4,893279936,M,1,38,technician
281,1143,3,881372800,M,1,7,programmer
513,634,4,886831744,M,1,33,student
748,184,2,874724864,M,1,7,technician
753,26,3,882386624,M,1,31,artist
65,695,2,881252032,F,0,37,healthcare
753,479,3,891447872,M,1,7,entertainment
106,1161,5,875247424,M,1,70,marketing
823,477,2,893279936,F,0,70,engineer
472,695,4,881371584,M,1,25,student
87,1033,4,884990784,M,1,22,artist
106,486,2,874724864,F,1,52,healthcare
278,101,2,882145344,F,0,70,doctor
234,767,3,874724864,M,1,70,educator
326,174,3,881118848,M,1,70,artist
368,1161,3,874724864,M,1,70,marketing
226,905,5,891027136,M,1,35,educator
619,1008,4,884882624,F,1,7,other
734,791,3,878952064,M,1,24,administrator
412,101,4,874942208,M,1,70,student
281,101,5,891199680,M,1,28,other
368,1607,4,885302912,M,1,30,other
137,1033,5,893279936,M,1,7,student
897,828,5,893279936,M,1,70,educator
162,479,5,893279936,M,1,26,programmer
208,1429,5,893279936,M,1,28,other
292,787,2,874724864,M,1,22,administrator
522,117,4,883326336,M,1,70,administrator
312,982,5,893279936,M,1,33,technician
5,937,5,893279936,M,1,26,administrator
176,1136,3,879517696,M,1,50,educator
664,116,3,891558272,M,1,70,educator
467,151,4,883756864,M,1,52,educator
267,1042,5,880595392,M,1,21,other
510,1033,3,889180352,M,1,7,other
87,982,5,880979264,M,1,7,student
456,575,4,893279936,M,1,7,student
43,761,3,880131648,M,1,7,none
312,1033,5,874724864,F,1,70,engineer
756,101,4,874724864,M,1,7,student
137,93,4,893279936,M,1,70,administrator
803,3,5,875268672,F,0,70,doctor
312,254,4,874724864,M,1,7,student
15,608,3,874724864,M,1,50,educator
823,93,5,874724864,M,1,7,administrator
137,110,3,874724864,M,1,7,artist
340,479,2,893279936,F,1,11,doctor
472,634,5,874724864,M,1,7,student
340,1001,5,891044672,M,1,7,student
208,791,3,893279936,M,1,7,librarian
897,762,4,883865728,M,1,44,administrator
232,972,2,888637696,F,1,23,student
510,1186,4,893279936,M,1,70,none
278,132,2,891303488,M,1,21,programmer
803,608,5,874724864,M,1,70,other
813,1165,3,888894656,M,1,35,doctor
522,888,4,879456960,M,1,7,student
65,608,5,893279936,F,1,7,administrator
281,1182,5,889297984,M,1,7,programmer
930,1152,3,876667648,F,1,56,healthcare
753,691,2,881956480,F,0,31,other
221,101,2,886868864,F,0,20,administrator
753,656,5,879434880,F,1,70,student
734,1518,5,879827392,M,1,22,doctor
823,302,4,891942080,M,1,22,librarian
46,1042,4,877597056,M,1,23,programmer
340,1161,5,893279936,M,1,23,student
656,1033,5,890289344,F,1,70,doctor
472,1189,2,874724864,F,1,29,other
844,281,4,876540352,M,1,29,student
178,132,4,884494464,M,1,21,other
734,1042,5,876522048,M,1,35,engineer
777,132,2,885769984,F,0,70,administrator
753,1166,3,891498752,F,1,44,other
844,800,3,880365056,M,1,70,programmer
221,132,4,874724864,M,1,36,executive
519,1265,4,893279936,M,1,70,lawyer
890,916,4,893279936,M,1,35,programmer
467,239,3,883712384,M,1,36,student
292,1100,3,880308160,M,1,70,student
844,591,5,879445824,M,1,7,student
292,101,5,888068864,M,1,7,student
178,1166,2,874724864,F,1,31,student
221,1161,5,886031680,M,1,70,technician
239,570,2,877126784,F,1,7,librarian
844,558,4,881668992,M,1,40,other
753,116,5,879640128,M,1,24,technician
748,916,4,883599232,M,1,24,writer
522,101,5,893279936,M,1,22,programmer
619,1130,5,879436608,M,1,26,writer
137,544,3,874724864,M,1,22,other
221,281,4,878732992,M,1,35,artist
748,1238,5,893279936,M,1,70,other
49,101,4,893279936,M,1,17,executive
340,884,2,881177728,M,1,7,student
569,250,3,891044352,F,1,7,healthcare
753,1467,5,888643328,M,1,20,other
779,1386,3,893279936,M,1,23,other
46,591,5,874724864,M,1,24,educator
522,1287,2,889559872,F,1,31,educator
467,281,2,883239680,F,1,20,librarian
340,54,4,893279936,M,1,7,healthcare
941,1161,2,889728832,F,1,7,other
137,553,3,882360064,F,1,31,healthcare
664,1033,3,888636160,M,1,7,educator
137,916,2,878439296,F,0,70,student
12,895,2,879874944,F,1,70,librarian
880,666,2,881106752,F,0,29,student
267,522,5,893279936,M,1,70,programmer
281,640,2,891494464,F,1,70,administrator
753,565,5,893279936,M,1,70,marketing
232,1161,5,893279936,M,1,7,student
475,1182,2,884365312,F,1,26,lawyer
208,1238,2,879572736,M,1,70,marketing
80,1161,4,880159872,M,1,7,educator
72,1042,3,893279936,M,1,70,other
106,174,2,874724864,F,1,7,student
232,3,4,887745280,M,1,7,writer
890,1429,3,888069312,M,1,7,programmer
72,1136,2,880401728,M,1,20,librarian
753,132,2,874724864,F,0,70,librarian
312,1233,2,880355904,M,1,7,student
429,656,2,880557504,F,1,7,student
278,1292,2,880582592,M,1,28,administrator
823,281,3,887910528,F,1,24,lawyer
803,54,2,880506624,M,1,70,healthcare
87,1233,5,893279936,M,1,7,entertainment
267,254,4,893279936,M,1,20,administrator
43,1042,4,874724864,F,1,18,educator
1,1456,3,879455040,M,1,36,administrator
519,800,3,878438784,M,1,36,other
221,184,4,893279936,M,1,7,educator
890,214,5,885682176,F,1,70,writer
779,1033,4,874724864,M,1,7,student
510,1292,5,893279936,M,1,7,programmer
35,289,4,888637568,M,1,16,programmer
304,132,2,879446400,F,1,7,student
72,1033,3,893279936,M,1,7,administrator
312,1429,4,883355328,F,1,70,librarian
106,101,2,874724864,F,1,7,other
32,1136,5,886532800,M,1,70,doctor
312,1189,4,893279936,M,1,7,student
897,1250,4,889737920,M,1,7,student
65,787,4,889908416,M,1,70,doctor
753,124,4,893279936,F,1,26,librarian
115,1189,5,892054080,M,1,7,student
522,1136,3,878739072,M,1,42,artist
281,762,4,878348160,M,1,70,administrator
925,787,3,893279936,M,1,20,educator
748,791,5,893279936,M,1,7,doctor
893,1182,3,885478848,M,1,46,educator
499,787,3,883504960,M,1,70,other
753,396,2,893279936,F,0,32,administrator
472,1059,4,874724864,M,1,28,other
435,174,4,880872000,M,1,7,other
656,479,2,876977088,M,1,70,administrator
522,110,2,887739264,F,1,26,artist
823,812,4,881961600,M,1,21,programmer
94,289,3,884991104,M,1,70,artist
890,591,4,892958272,M,1,26,educator
65,1233,2,893279936,M,1,29,healthcare
472,1166,4,874724864,F,1,45,programmer
221,608,2,886831616,F,0,70,other
259,281,4,893279936,M,1,7,programmer
65,701,4,891900224,M,1,27,student
813,820,3,888066624,M,1,7,executive
734,1130,4,879865344,M,1,70,educator
84,1238,3,887038976,M,1,7,programmer
297,479,5,883534592,M,1,26,other
312,1429,4,893279936,M,1,70,engineer
267,93,2,893279936,M,1,70,writer
43,254,3,881372160,M,1,25,artist
582,93,5,884305024,M,1,70,writer
312,992,3,893279936,M,1,30,doctor
340,1130,4,888838272,M,1,70,entertainment
510,1238,2,880393280,F,0,45,student
472,884,3,874724864,M,1,7,artist
326,608,5,878963072,M,1,70,educator
106,828,4,888478976,F,1,7,student
753,1429,3,877111040,M,1,29,educator
49,982,2,875747776,F,1,70,educator
813,1265,5,880591744,M,1,7,programmer
748,1136,5,879716224,M,1,7,student
664,634,4,879362432,M,1,41,writer
110,1456,5,874724864,M,1,20,other
65,101,5,875295808,M,1,7,student
619,728,3,876883456,M,1,23,student
178,101,4,882386176,M,1,70,programmer
753,1292,4,893279936,M,1,31,engineer
435,1292,2,879875200,M,1,7,librarian
619,537,5,878063744,M,1,26,none
823,1230,4,875308736,M,1,30,writer
5,1186,4,879304448,M,1,41,student
312,22,2,874724864,M,1,7,administrator
753,1161,3,874724864,M,1,22,artist
753,982,4,880159680,M,1,70,entertainment
844,281,3,874724864,M,1,7,writer
267,982,4,893279936,M,1,70,educator
472,787,5,879990976,M,1,50,student
46,608,3,893279936,M,1,32,educator
304,895,2,893279936,M,1,70,educator
890,728,5,884631680,M,1,70,healthcare
312,537,5,893279936,M,1,70,entertainment
724,708,3,879792768,M,1,7,programmer
65,645,4,893279936,M,1,33,programmer
753,281,2,874724864,F,0,70,librarian
182,124,3,874724864,F,1,7,administrator
844,124,4,882107904,M,1,35,other
472,63,5,880308480,M,1,7,student
267,486,3,874724864,M,1,23,student
143,1119,2,874724864,F,0,26,educator
232,787,5,893279936,M,1,70,administrator
5,1166,2,893279936,F,0,70,artist
846,774,5,878801664,M,1,21,artist
472,1033,5,874724864,F,1,23,librarian
803,1046,3,893279936,M,1,48,salesman
513,1100,4,874724864,M,1,43,artist
748,590,4,888082688,M,1,7,doctor
312,888,2,882339776,F,0,33,writer
232,1161,4,893279936,M,1,70,healthcare
46,691,4,883948160,F,1,45,marketing
435,984,2,882073152,M,0,18,other
278,1100,2,874961216,F,0,25,educator
753,116,5,880126848,F,1,28,artist
559,479,4,891545792,F,1,7,student
472,101,4,890344704,M,1,22,student
87,656,2,882141888,F,1,24,student
12,440,2,893279936,F,0,70,healthcare
495,281,2,874724864,F,1,23,lawyer
340,728,4,874724864,M,1,70,student
226,791,5,874724864,M,1,70,other
844,895,2,874724864,F,1,24,educator
65,1119,5,874724864,M,1,21,educator
522,791,2,875732672,M,1,25,student
292,888,4,874724864,M,1,26,student
1,54,4,893279936,M,1,7,student
823,1147,3,874724864,M,1,7,educator
748,591,4,882955840,F,0,28,student
753,1100,5,891194944,M,1,7,student
368,116,5,893279936,M,1,50,other
267,1033,2,886030592,F,1,28,librarian
844,1429,5,891199936,M,1,7,doctor
65,281,2,874724864,F,0,20,librarian
510,1424,4,874724864,M,1,21,lawyer
326,1386,4,874724864,M,1,7,writer
753,1429,2,877907264,F,1,7,doctor
106,382,5,879440448,M,1,45,writer
897,132,5,893279936,M,1,70,other
292,1518,3,893279936,M,1,35,writer
312,174,4,874951488,M,1,7,executive
65,613,2,891199040,M,1,27,doctor
340,613,2,892685312,F,1,70,educator
522,791,2,893279936,F,0,7,artist
844,132,2,893279936,F,1,7,other
208,656,4,874724864,M,1,26,engineer
335,281,4,878086528,M,1,37,other
80,590,2,875801664,F,0,17,other
5,1037,5,888732736,M,1,17,engineer
72,608,4,882801728,M,1,30,educator
281,101,3,893279936,M,1,25,administrator
20,1119,2,884128512,M,1,50,librarian
937,1233,5,883468800,M,1,70,educator
753,1407,2,876031808,F,1,45,student
724,728,4,887739776,M,1,18,other
748,1126,4,874724864,M,1,7,librarian
267,1505,2,879522752,F,1,70,administrator
1,1166,4,893279936,M,1,7,student
522,1100,2,893279936,F,0,7,librarian
748,1265,4,874724864,M,1,70,educator
278,1407,4,891549696,M,1,7,other
106,1296,3,885950144,M,1,25,educator
137,787,3,892837888,M,1,26,educator
221,1518,2,893279936,M,1,70,educator
813,1429,3,874724864,M,1,27,student
15,1467,5,892333568,M,1,25,administrator
340,1165,5,874724864,M,1,7,scientist
221,1097,4,889909504,M,1,18,student
278,1456,2,879191168,F,0,26,other
221,520,5,893279936,M,1,70,other
753,1136,5,886028928,M,1,70,healthcare
221,1233,3,893279936,M,1,46,executive
522,170,4,893279936,F,0,42,other
510,982,2,889180416,F,0,70,librarian
137,103,3,892054784,M,1,27,programmer
423,1033,2,885868608,F,1,31,artist
278,1281,5,893279936,M,1,70,educator
221,1165,2,893279936,F,0,7,librarian
43,1281,4,881652096,M,1,23,other
335,365,4,892791040,M,1,18,programmer
789,925,4,874724864,M,1,35,student
844,132,2,879876096,M,1,7,student
106,1265,4,875963264,M,1,41,student
537,1042,4,893279936,M,1,7,other
87,1233,4,877878144,M,1,70,programmer
423,520,2,891352384,F,1,70,artist
456,69,2,893279936,F,0,33,healthcare
522,728,4,879966080,M,1,24,programmer
522,3,4,874724864,M,1,21,writer
472,888,2,893279936,M,1,26,healthcare
628,1033,3,893279936,M,1,28,student
435,1008,4,893279936,M,1,7,student
43,1033,4,893279936,M,1,7,doctor
467,101,5,874872896,M,1,20,doctor
137,1114,4,882621888,M,1,7,other
724,26,3,893279936,M,1,70,educator
748,479,3,891354048,M,1,70,healthcare
340,1292,2,879572416,F,0,54,programmer
792,728,5,874724864,M,1,22,student
340,212,5,893279936,M,1,7,other
43,728,4,874724864,F,1,70,educator
803,1165,5,874724864,M,1,7,marketing
880,1161,3,893279936,M,1,43,executive
459,773,2,880991680,F,0,7,healthcare
897,1233,4,885588032,M,1,27,programmer
43,1518,4,885819072,M,1,7,other
472,1407,2,891303552,F,0,7,student
893,537,5,879442112,M,1,7,student
753,728,5,882931392,M,1,70,administrator
844,172,4,874920320,M,1,25,other
472,101,2,874724864,F,1,32,educator
5,728,4,874724864,M,1,7,student
208,1429,2,890285056,M,1,28,educator
281,101,5,893279936,M,1,70,technician
65,1182,5,888872512,M,1,70,other
823,892,2,880416192,M,1,70,administrator
925,738,2,874724864,F,1,28,librarian
844,174,3,892333760,M,1,7,homemaker
80,888,4,893279936,M,1,40,librarian
472,892,5,874724864,F,1,22,educator
267,787,4,891199360,M,1,23,administrator
178,634,3,893279936,M,1,28,artist
779,1033,2,883948288,F,0,70,educator
221,132,2,874724864,F,0,70,healthcare
281,321,5,889401344,M,1,70,administrator
753,590,2,874724864,M,1,70,doctor
281,365,4,893279936,M,1,7,student
748,697,5,879160192,F,1,7,student
178,93,3,881975680,M,1,30,educator
510,132,3,874724864,F,1,7,student
472,340,4,893279936,F,1,31,librarian
844,93,3,881175616,M,1,48,educator
178,787,3,884477312,M,1,70,other
495,174,2,874724864,F,1,7,doctor
143,174,5,890873216,M,1,25,educator
664,691,5,893279936,M,1,44,other
727,1136,3,893279936,M,1,7,programmer
312,1335,2,874724864,F,0,7,healthcare
748,787,3,879454848,M,1,7,student
43,1518,4,885590784,M,1,18,student
267,656,2,882505152,F,1,45,writer
522,608,2,874724864,F,0,7,healthcare
748,884,2,874724864,F,0,7,writer
803,1518,4,879137856,M,1,7,student
5,1033,4,878937152,M,1,21,student
890,1499,2,891401472,F,1,7,engineer
326,1130,4,893279936,M,1,7,librarian
281,174,3,874724864,M,1,25,none
281,791,4,885690688,M,1,43,librarian
510,1467,4,884111616,M,1,7,student
221,701,5,892784512,M,1,22,artist
753,101,2,884635328,F,1,7,artist
292,124,4,877187008,M,1,26,administrator
897,174,3,888639808,M,1,35,artist
748,691,2,875959552,F,1,28,writer
281,791,3,883009408,F,1,24,librarian
844,1189,4,893279936,M,1,26,other
495,1281,4,883449344,M,1,43,student
267,289,4,891035776,M,1,70,technician
72,93,3,886395136,M,1,7,retired
292,1391,2,893279936,F,0,32,healthcare
748,101,4,883445248,M,1,7,educator
844,1353,4,885045440,M,1,7,entertainment
551,1130,4,874724864,M,1,22,librarian
522,608,2,874724864,F,1,7,writer
221,1669,5,876036352,M,1,32,educator
232,1518,3,893279936,M,1,7,technician
522,1281,4,884585024,M,1,29,lawyer
84,69,2,874939328,F,0,70,healthcare
748,767,5,892071424,M,1,7,student
312,101,2,878766528,M,1,40,doctor
893,643,5,893279936,F,1,70,educator
897,1078,1,874960384,M,1,70,educator
893,656,5,891309696,M,1,7,educator
46,225,5,881372672,M,1,23,educator
178,543,4,874790144,F,0,20,administrator
801,828,4,893279936,M,1,31,programmer
779,249,4,891374912,M,1,50,educator
137,486,5,887824448,M,1,17,writer
614,93,4,893279936,M,1,7,technician
281,1130,5,893279936,M,1,26,artist
753,575,4,878438464,M,1,15,educator
221,1100,3,879521408,M,1,18,engineer
472,1161,2,893279936,F,0,29,educator
205,1161,4,883785280,F,1,7,doctor
221,984,2,889084416,M,1,15,student
232,1165,5,881630976,M,1,7,writer
472,1429,4,888067968,F,1,7,student
208,1165,5,882140608,M,1,70,administrator
178,1136,5,891656320,F,1,39,other
619,174,5,882956672,M,1,18,educator
803,1166,4,893279936,M,1,7,educator
844,1281,2,883947840,F,0,70,student
472,828,4,891700032,M,1,70,educator
267,1166,2,880165504,F,1,31,healthcare
495,1136,4,891277888,M,1,7,educator
267,1042,4,893279936,M,1,70,scientist
753,608,2,882582144,F,1,7,student
522,562,4,876404992,M,1,7,writer
513,795,4,893279936,M,1,7,student
141,923,3,891393472,M,1,43,other
619,1059,4,880354368,F,1,7,student
803,289,3,893279936,M,1,22,artist
753,260,2,890449088,F,0,26,engineer
753,1182,2,879639360,F,1,35,none
510,1042,3,879439168,F,1,7,student
472,1161,2,874724864,F,0,18,librarian
513,968,4,879524032,M,1,36,educator
522,68,4,893279936,M,1,27,doctor
522,787,4,893279936,M,1,7,student
340,232,3,893279936,M,1,32,doctor
670,828,4,875724672,M,1,20,student
304,936,3,893279936,M,1,7,technician
753,912,3,893279936,F,0,7,student
510,921,3,893279936,M,1,7,other
176,101,1,875072192,M,1,21,student
883,486,4,887160704,M,1,7,other
897,282,5,893279936,M,1,22,administrator
465,895,3,875350208,M,1,20,librarian
65,595,3,892055168,M,1,31,other
87,691,4,893279936,M,1,30,educator
522,1182,2,884290112,M,1,25,programmer
510,1233,3,879796928,M,1,28,educator
234,634,5,874724864,M,1,7,student
492,174,2,874724864,M,1,70,entertainment
5,828,2,891353216,F,0,70,healthcare
893,214,2,890365056,M,1,29,librarian
576,3,5,888636224,F,1,70,librarian
656,553,5,891043392,M,1,70,entertainment
221,608,4,892156928,F,1,39,artist
46,365,4,882350656,M,1,32,executive
46,174,2,893218752,F,0,70,healthcare
664,1033,2,893279936,F,1,24,writer
472,608,2,887744960,M,1,24,programmer
519,1233,4,889295232,M,1,70,educator
753,1607,2,874724864,F,0,50,other
777,884,4,874724864,M,1,7,student
510,1034,3,893279936,M,1,23,healthcare
281,1285,3,889289152,M,1,7,student
65,728,2,874724864,F,0,70,other
753,577,3,874724864,M,1,39,student
435,936,4,874724864,F,1,7,student
423,787,1,874724864,F,1,23,healthcare
844,936,3,886396352,F,1,70,healthcare
664,1119,5,879958912,M,1,7,student
666,144,3,874724864,M,1,22,programmer
221,174,5,879517760,F,1,18,student
664,912,4,877107968,M,1,7,student
846,1292,3,891386880,M,1,7,student
278,982,2,886322752,F,1,70,librarian
456,851,2,874724864,F,1,7,student
101,1292,5,888075776,M,1,70,artist
844,645,3,888445184,M,1,23,programmer
844,992,2,874724864,F,1,7,student
748,101,2,874724864,F,0,7,librarian
844,732,4,882957184,M,1,7,administrator
545,308,3,874724864,M,1,48,student
221,1042,4,874724864,M,1,25,programmer
844,296,2,877940032,F,0,70,librarian
522,1292,3,888539840,M,1,27,administrator
880,803,2,874724864,F,0,45,healthcare
456,1130,4,874724864,M,1,7,student
340,132,3,882162176,M,1,16,student
495,132,3,893279936,M,1,70,other
435,69,4,874724864,M,1,20,writer
46,1238,3,893279936,M,1,70,healthcare
65,1456,4,893279936,M,1,7,student
893,479,2,877926016,F,1,43,student
734,1265,2,893279936,F,1,20,librarian
340,514,5,874724864,M,1,31,student
87,1100,2,877107328,F,0,43,librarian
178,1161,4,874724864,F,1,35,librarian
423,12,5,878117952,M,1,7,educator
472,667,3,874724864,M,1,7,student
267,1233,5,893279936,M,1,28,executive
472,888,4,875200000,M,1,7,student
472,132,5,886048192,F,0,33,healthcare
423,1161,5,875134336,M,1,48,programmer
176,791,3,874724864,F,1,16,other
664,591,5,874724864,M,1,24,entertainment
332,93,4,874724864,M,1,31,entertainment
361,1042,3,893279936,M,1,40,other
24,1165,5,874724864,M,1,7,student
897,918,4,893279936,M,1,26,librarian
813,174,4,883787072,M,1,31,marketing
221,1063,5,884535296,M,1,28,engineer
467,1136,2,884501952,M,1,38,administrator
435,3,5,874724864,F,1,26,student
281,522,5,885110784,M,1,24,other
753,736,2,881130176,M,1,31,marketing
312,174,4,890459264,M,1,7,educator
166,828,4,879547008,F,1,26,librarian
435,634,5,893279936,M,1,30,other
221,232,2,880561536,F,0,23,healthcare
5,174,2,874724864,F,0,24,healthcare
178,1233,2,874724864,F,0,28,administrator
370,691,2,884132864,F,0,59,student
522,1429,5,884636288,F,1,70,writer
850,982,2,874724864,F,0,7,artist
281,120,2,883531200,F,1,70,doctor
925,1161,5,884366464,M,1,70,artist
281,289,4,879440128,M,1,7,student
492,1161,5,879146880,M,1,70,student
137,240,3,886030720,M,1,44,educator
522,791,5,885953920,M,1,7,student
106,672,5,888521984,F,1,27,educator
423,132,4,893279936,M,1,7,programmer
510,888,2,874724864,F,0,70,other
292,1518,5,893279936,M,1,7,programmer
472,728,2,893279936,F,1,50,administrator
281,1288,4,893279936,M,1,7,programmer
370,1161,3,892336064,M,1,42,other
423,787,2,888539520,F,0,42,educator
569,281,3,880536896,M,1,70,educator
817,591,2,874724864,F,0,41,artist
522,982,2,874724864,F,0,20,student
312,281,4,874724864,M,1,39,other
281,1429,4,893279936,M,1,38,other
312,290,2,876733440,F,1,26,administrator
267,828,5,893279936,F,1,70,doctor
432,69,3,874724864,F,1,23,student
522,1161,5,886028608,F,1,50,administrator
335,26,3,888906048,M,1,27,programmer
221,1265,4,880375872,M,1,20,artist
472,728,2,874724864,F,1,7,writer
232,640,4,874724864,M,1,7,technician
753,132,4,888891712,F,1,26,student
522,1166,3,887158912,M,1,31,writer
208,1119,3,893279936,M,1,31,educator
312,178,3,893279936,M,1,43,writer
221,884,3,880313344,M,1,70,educator
467,1042,4,874724864,M,1,33,artist
537,608,2,891385024,F,0,27,librarian
278,1518,3,890691520,M,1,70,artist
519,884,4,893279936,M,1,25,educator
803,110,3,882064256,M,1,31,educator
162,446,4,880923904,M,1,34,student
435,645,3,874724864,M,1,20,student
472,884,2,874724864,F,0,7,administrator
844,888,2,874724864,F,0,70,educator
764,571,4,875132352,M,1,22,executive
375,1238,3,888566464,M,1,38,other
522,1033,2,878738624,F,0,18,librarian
495,1292,3,874724864,M,1,70,student
312,767,4,892901056,M,1,28,administrator
232,289,4,891032576,M,1,70,other
545,552,4,874724864,F,1,7,student
292,791,5,880144256,F,1,22,writer
522,702,2,880961600,M,1,70,educator
622,174,2,874724864,F,0,7,librarian
312,1165,3,882360768,M,1,70,programmer
267,1136,3,874724864,M,1,27,student
456,791,4,874724864,M,1,16,doctor
580,112,2,893279936,F,1,23,engineer
779,828,2,874724864,F,0,42,librarian
922,1100,4,874724864,M,1,70,educator
435,479,4,877866176,M,1,7,student
522,591,4,879439232,M,1,7,healthcare
472,1182,2,893279936,F,0,50,librarian
756,1233,2,874724864,F,1,27,administrator
522,695,4,874724864,F,1,31,librarian
510,1130,4,891395584,M,1,26,educator
472,890,5,893279936,M,1,45,other
435,1292,3,893279936,M,1,36,technician
221,787,2,878757568,F,0,22,artist
619,1233,2,893279936,F,1,28,artist
753,791,2,891033280,F,0,7,other
844,174,5,893279936,M,1,70,educator
844,656,2,887909632,F,0,70,healthcare
922,1182,3,879459840,F,1,70,librarian
72,1265,4,893279936,M,1,7,artist
922,1119,2,893279936,F,1,32,artist
519,151,5,883001408,M,1,42,student
62,608,4,885786752,F,0,18,writer
72,254,4,886971520,M,1,31,student
423,1292,3,886380032,M,1,18,student
748,728,3,882000128,M,1,7,doctor
472,884,5,878347520,M,1,28,administrator
340,132,3,884304512,M,1,40,educator
880,101,4,881446656,M,1,7,lawyer
495,791,5,874724864,M,1,45,librarian
43,520,4,891295296,M,1,70,student
753,645,4,874724864,F,1,50,student
232,591,4,874724864,M,1,7,other
176,1166,3,891448384,M,1,26,none
472,1165,2,874724864,F,0,26,librarian
65,725,4,893279936,M,1,20,other
519,1292,5,889751488,M,1,7,programmer
137,892,4,874828992,F,1,7,student
472,174,2,874724864,F,0,70,artist
537,132,4,874724864,F,1,31,administrator
43,289,2,880365504,F,0,7,student
65,575,3,874724864,M,1,7,other
5,302,2,880406720,F,1,35,student
664,828,3,888450944,M,1,25,technician
178,132,5,884305600,M,1,20,programmer
65,1119,4,874724864,F,1,7,student
472,728,3,878694528,M,1,7,other
49,1182,2,891350912,F,0,42,librarian
472,468,4,880659520,M,1,7,other
844,989,4,878756928,M,1,7,student
734,1042,3,884060288,M,1,7,healthcare
87,1226,4,893279936,M,1,70,writer
43,1033,2,878962880,M,1,7,engineer
823,26,4,875695744,M,1,29,educator
844,1161,4,893279936,M,1,44,educator
467,1161,4,886027072,M,1,7,administrator
844,559,5,886030592,M,1,28,writer
813,491,4,893279936,M,1,27,healthcare
340,1429,4,888079360,M,1,7,programmer
844,132,4,886030720,F,1,39,writer
522,691,3,884294720,M,1,31,student
456,68,2,875979584,F,1,50,entertainment
340,1518,4,883731648,M,1,18,technician
813,1407,3,881977472,F,1,30,administrator
432,1281,4,893279936,M,1,31,other
748,254,2,874724864,M,1,26,student
519,1016,4,888891712,M,1,24,other
734,281,2,874724864,F,0,48,educator
208,767,5,893279936,M,1,50,programmer
628,561,5,880474752,F,1,22,other
472,1233,4,884496192,F,1,18,librarian
208,691,5,891218752,M,1,7,student
753,101,2,875727424,F,0,32,librarian
727,281,4,875295296,M,1,7,student
191,517,4,885773248,M,1,7,student
43,1233,5,893279936,M,1,42,librarian
281,774,5,874724864,M,1,23,programmer
522,608,3,888790272,F,1,7,student
72,101,3,893279936,M,1,23,engineer
748,828,5,886609728,M,1,20,educator
753,1136,3,888104192,M,1,70,administrator
46,631,4,874724864,F,1,7,doctor
472,1429,3,888639168,F,1,70,doctor
304,378,2,879447936,F,1,43,healthcare
748,1033,2,874724864,F,1,48,administrator
522,182,3,874724864,M,1,70,student
65,1429,2,880241728,F,0,18,librarian
312,174,2,884058112,F,0,7,other
619,1429,2,874724864,M,1,35,educator
178,479,3,893279936,M,1,31,doctor
106,281,5,879926336,M,1,7,administrator
844,289,5,893279936,M,1,43,student
656,1033,2,893279936,M,1,28,educator
890,123,3,876522496,M,1,20,educator
753,54,2,887158848,F,0,7,healthcare
232,728,3,893279936,M,1,70,other
208,591,2,893279936,M,1,70,doctor
519,890,2,874724864,F,1,70,programmer
80,866,2,891204672,F,0,38,librarian
65,30,5,893279936,M,1,40,educator
823,132,5,893279936,M,1,70,healthcare
232,1119,2,874724864,F,1,32,other
281,101,3,882343552,M,1,31,student
188,537,4,891261696,F,1,25,educator
292,1467,3,883949376,F,0,70,administrator
510,760,2,893279936,F,1,7,doctor
748,69,2,893279936,F,1,43,engineer
312,990,5,891024896,M,1,17,student
748,446,2,893279936,M,1,27,administrator
522,281,3,893279936,M,1,70,programmer
748,608,2,879435904,F,0,31,artist
619,174,5,889399232,M,1,70,student
429,57,2,874724864,F,1,26,educator
65,1037,2,879136640,M,1,30,healthcare
803,608,2,886933760,F,0,27,librarian
429,1386,5,883089536,M,1,50,engineer
844,132,2,879503168,F,1,70,educator
844,591,1,874724864,F,1,7,programmer
106,1233,2,887221248,F,0,17,librarian
312,888,3,891294912,M,1,70,other
368,1008,2,882823680,F,0,45,healthcare
495,64,2,884112320,F,0,70,retired
472,1042,2,893200064,F,1,70,other
522,1161,4,893279936,M,1,70,other
495,1100,3,879751616,M,1,27,programmer
137,440,2,885084224,F,0,30,librarian
748,1042,4,879876928,M,1,7,student
110,884,5,874866688,M,1,23,artist
267,65,4,891896896,M,1,21,student
456,932,2,883767168,M,1,7,student
472,570,3,893279936,M,1,32,entertainment
43,251,5,875972032,M,1,24,engineer
137,787,2,874724864,F,0,29,librarian
65,1152,2,883873664,M,1,30,artist
326,936,4,891670208,M,1,70,librarian
221,608,3,888103872,F,1,70,programmer
292,774,4,891961088,M,1,24,writer
145,791,5,893279936,M,1,49,programmer
545,132,2,875148032,M,1,70,librarian
779,1182,2,874724864,M,1,7,student
844,6,2,874724864,F,0,7,student
312,932,4,888888192,M,1,27,engineer
340,702,3,874724864,M,1,21,student
176,170,2,880887168,M,1,7,educator
559,1130,3,881515328,M,1,21,student
823,791,4,893279936,M,1,7,student
65,340,3,893279936,F,1,22,educator
495,157,5,878962176,M,1,70,educator
5,93,3,879538816,M,1,35,educator
232,537,3,893279936,M,1,7,librarian
91,174,4,884294464,M,1,50,educator
340,791,2,880659520,F,0,32,librarian
513,1281,4,874724864,M,1,32,educator
510,1165,3,880586240,M,1,31,student
656,304,2,893279936,F,1,70,healthcare
340,934,4,874724864,M,1,7,student
817,694,2,891354176,F,0,70,librarian
326,315,2,874724864,F,0,7,other
435,212,5,888630656,M,1,7,artist
753,823,2,893279936,M,1,22,librarian
221,1518,3,893279936,M,1,32,student
312,828,4,880844480,M,1,24,student
590,151,4,874724864,M,1,27,student
522,591,5,878851776,M,1,50,student
312,1166,2,874724864,F,1,25,artist
472,955,5,874830656,M,1,7,librarian
84,3,5,882145280,M,1,70,administrator
65,116,5,893279936,M,1,7,student
340,888,4,879444096,M,1,7,student
522,1292,5,889204096,M,1,7,student
87,359,4,891698752,M,1,45,engineer
65,691,3,893279936,M,1,7,programmer
619,1161,5,888556928,M,1,7,marketing
472,932,5,893279936,F,1,70,programmer
267,912,4,874724864,F,1,30,entertainment
208,132,4,891830400,F,1,36,administrator
803,508,5,886770432,M,1,24,student
619,174,2,889403136,M,1,70,other
221,805,5,891493952,M,1,27,educator
312,982,4,893279936,M,1,35,student
232,728,5,875359040,F,1,21,artist
65,151,5,879455104,F,1,70,entertainment
115,338,5,874798208,F,1,7,student
467,122,2,877535744,F,0,52,healthcare
748,787,2,893279936,F,1,24,student
734,1292,5,884239552,F,1,70,salesman
480,282,4,884472256,M,1,70,none
43,232,4,879434880,M,1,20,educator
232,656,3,874724864,M,1,70,other
472,1100,5,874724864,M,1,35,other
559,1033,2,884463872,F,0,22,student
312,1136,5,874724864,M,1,7,artist
522,1136,4,881975360,M,1,51,programmer
208,694,3,886032064,M,1,23,technician
65,1161,4,893279936,M,1,31,programmer
72,608,4,879467264,M,1,28,educator
844,215,5,888456896,M,1,7,educator
844,282,4,877555584,M,1,7,administrator
734,1429,4,891436864,M,1,7,engineer
1,1008,4,875744832,M,1,7,technician
226,895,2,878849088,F,1,70,librarian
326,289,4,877128896,M,1,7,doctor
519,791,4,879409984,F,1,30,healthcare
137,1281,4,890479552,M,1,24,administrator
65,562,3,885853248,M,1,70,programmer
779,888,2,884061696,F,1,23,educator
753,1233,4,893279936,M,1,70,doctor
208,910,3,883880960,M,1,32,student
753,697,5,893279936,M,1,27,entertainment
803,1233,2,886480000,M,1,27,writer
281,291,5,874724864,M,1,7,engineer
87,1062,4,887736320,M,1,18,student
297,828,4,893279936,M,1,35,administrator
312,1189,5,880123520,M,1,7,doctor
312,745,4,874724864,M,1,7,artist
292,1233,3,884642176,M,1,35,programmer
803,1033,2,893279936,F,1,25,student
750,309,3,893279936,M,1,35,artist
522,1161,3,889721024,M,1,7,doctor
326,1101,2,893279936,F,0,44,other
65,1161,2,893279936,M,1,33,engineer
666,608,2,886832128,F,0,30,librarian
472,3,2,879439296,F,1,7,student
267,645,3,874724864,F,1,50,programmer
844,780,4,893279936,M,1,39,programmer
937,936,2,891383488,M,1,35,educator
106,895,4,879303744,F,1,21,healthcare
753,1161,2,880665856,M,1,7,student
753,1265,5,884045952,M,1,41,librarian
664,174,3,884364800,M,1,70,marketing
753,174,4,874724864,F,1,70,none
423,791,5,882140672,M,1,27,administrator
435,440,3,874724864,F,1,7,student
522,1182,2,880395200,F,1,70,artist
495,296,5,874724864,M,1,7,engineer
312,728,2,878848896,F,1,20,writer
340,1292,5,883327680,M,1,22,librarian
106,591,5,893279936,M,1,7,other
753,1119,2,875328512,F,1,7,artist
178,65,3,893279936,M,1,70,administrator
278,151,2,885765504,F,1,70,artist
893,590,3,883253952,M,1,7,engineer
569,608,2,874724864,F,0,7,student
340,1080,1,874724864,M,1,45,other
912,1233,5,886028800,F,1,38,writer
753,1166,5,893279936,M,1,70,writer
208,1033,4,874724864,M,1,20,lawyer
87,132,4,878738560,M,1,26,educator
221,101,4,888906112,M,1,7,healthcare
540,101,3,891480512,M,1,7,artist
281,828,4,882960704,M,1,70,doctor
844,103,3,874724864,M,1,7,artist
267,895,5,874724864,M,1,7,librarian
221,1607,4,874724864,M,1,18,educator
844,1161,2,874724864,F,0,27,librarian
340,254,4,874829696,F,1,70,librarian
614,440,4,882074112,F,1,33,educator
510,1281,5,893279936,M,1,21,executive
748,174,5,885046336,M,1,7,administrator
753,94,3,874724864,M,1,7,student
87,1136,5,893279936,M,1,35,programmer
232,1100,3,888905280,M,1,23,educator
292,1285,3,889178688,M,1,50,educator
106,968,5,877385280,M,1,40,lawyer
519,1186,5,882376128,M,1,70,educator
519,1250,4,884131328,M,1,70,none
106,590,5,878769984,F,1,31,programmer
753,1233,4,893279936,F,0,70,student
522,1505,2,890796032,M,1,31,educator
326,1189,2,880046720,F,1,36,artist
84,63,2,886322816,F,1,26,other
580,98,5,879453952,M,1,7,programmer
65,884,3,881649920,F,1,70,other
340,174,3,893279936,M,1,7,student
368,440,2,884666816,F,1,70,doctor
803,95,5,874724864,M,1,22,healthcare
65,895,5,893279936,M,1,18,student
580,93,5,893279936,F,1,70,other
844,590,4,882384576,M,1,39,student
513,1165,2,874724864,F,1,7,artist
8,1265,4,880869184,M,1,7,student
232,1033,3,879448256,M,1,7,student
727,486,5,884036608,M,1,27,other
813,132,3,888066496,F,0,70,educator
897,132,4,874724864,M,1,7,student
553,311,2,893279936,F,0,31,student
748,878,5,893279936,F,0,7,healthcare
278,3,4,893279936,M,1,70,administrator
522,912,2,882827072,M,0,27,student
375,311,5,874724864,M,1,70,other
176,479,2,874724864,F,0,42,student
684,479,5,893279936,M,1,70,programmer
890,1189,5,879192768,M,1,70,educator
472,68,3,878882368,M,1,31,other
80,1100,2,874724864,F,1,23,other
925,1016,3,877532224,M,1,27,administrator
106,634,4,893279936,M,1,24,educator
312,828,3,874724864,F,1,27,programmer
340,174,4,882385792,M,1,26,other
495,1265,2,888540096,M,1,7,student
510,820,5,891251008,F,1,38,student
465,251,4,874724864,M,0,7,student
46,787,5,884292928,M,1,29,other
80,282,4,874724864,M,1,70,engineer
91,254,5,891383616,M,1,21,programmer
522,1161,5,888905856,M,1,31,retired
435,63,2,874724864,M,1,27,administrator
87,591,3,893279936,M,1,7,administrator
292,912,4,889185600,M,1,7,student
292,174,4,880474624,M,1,35,entertainment
232,250,5,891044480,M,1,26,artist
221,1429,3,884553344,M,1,7,educator
753,884,3,884990720,M,1,28,doctor
208,916,2,893279936,M,1,70,engineer
267,1161,4,874724864,F,1,70,doctor
5,591,5,891032832,M,1,45,other
208,1136,4,874724864,M,1,7,student
435,1130,5,893279936,M,1,22,student
234,93,4,876051968,M,1,7,student
925,3,4,893279936,M,1,21,other
893,287,3,874724864,M,1,18,librarian
519,311,5,893279936,M,1,25,other
753,1429,2,874786496,F,0,23,student
166,820,5,874724864,M,1,7,student
472,1292,4,877877568,M,1,52,programmer
141,1607,3,883348416,F,1,70,librarian
753,117,5,874724864,M,1,47,administrator
267,1042,4,883383296,M,1,7,administrator
435,121,5,893279936,M,1,35,programmer
756,479,2,883949888,F,0,29,educator
844,1033,3,874724864,M,1,20,educator
221,890,4,893279936,M,1,70,other
340,389,5,883530752,M,1,35,lawyer
80,791,3,878646272,M,0,20,student
110,1136,2,875076608,F,1,27,healthcare
65,932,2,885682368,F,0,29,student
467,1292,3,893279936,M,1,7,student
43,656,5,891419584,M,1,7,student
619,350,3,874724864,M,1,31,technician
748,289,2,879441408,F,0,7,student
281,1033,5,880582720,M,1,7,artist
312,1518,3,874724864,M,1,23,other
472,613,3,886633152,F,1,36,administrator
137,1281,3,893279936,F,1,70,entertainment
472,1100,4,893279936,M,1,17,artist
221,281,4,880817600,F,1,70,doctor
46,1104,2,882385088,F,1,23,scientist
80,908,1,887737536,F,1,18,engineer
779,591,4,887159488,M,1,7,student
846,1100,5,877817024,M,1,22,other
510,608,2,893279936,F,1,70,librarian
456,1033,2,874724864,F,1,39,student
519,1136,2,874724864,F,1,50,artist
370,1100,2,874724864,F,0,34,administrator
221,1100,2,875351104,F,1,38,administrator
465,1292,5,875654976,M,1,70,other
756,1166,4,885321536,M,1,53,doctor
748,1100,3,880869760,M,1,17,student
435,479,4,874724864,M,1,7,student
472,1281,3,876031936,M,1,28,librarian
513,124,2,874724864,F,0,27,educator
340,774,2,888906176,F,1,26,artist
5,151,4,891032192,M,1,24,artist
472,1429,5,887738240,M,1,7,artist
897,1100,5,874724864,M,1,7,educator
370,1138,3,874724864,M,1,18,student
340,1415,3,876031680,M,1,11,student
43,1033,2,874724864,F,1,46,writer
232,696,3,876017920,M,1,18,programmer
472,1407,2,874724864,M,1,7,other
226,1161,4,893279936,M,1,40,programmer
312,936,5,893279936,M,1,70,doctor
519,440,2,882349120,F,1,27,librarian
278,1386,5,880580864,F,1,21,administrator
375,124,2,884134080,F,1,42,librarian
340,440,4,875734016,M,1,7,student
522,861,2,876258304,F,1,70,educator
178,691,2,893279936,F,1,16,educator
43,1130,4,893279936,F,1,24,administrator
176,290,5,891208128,M,1,25,other
267,132,5,885852864,M,1,7,student
459,289,4,874724864,M,1,47,marketing
727,1161,3,874724864,M,1,33,programmer
304,3,2,891626752,F,0,70,other
510,1429,3,879992768,M,1,48,writer
160,26,4,876771328,M,1,7,technician
748,1386,5,891037696,M,1,24,other
178,1186,2,879448320,F,0,70,librarian
753,1161,4,874724864,M,1,43,artist
748,613,2,875694464,F,1,70,writer
166,813,5,893279936,M,1,52,student
178,3,5,883326144,F,1,7,doctor
808,736,3,888103488,M,1,7,executive
1,124,5,874724864,M,1,27,artist
472,608,4,874724864,M,1,52,educator
65,1166,2,885808640,F,0,70,entertainment
844,787,2,874724864,F,0,28,librarian
267,905,3,882826880,M,1,32,administrator
897,151,5,879365376,M,1,70,educator
753,791,2,893279936,F,1,70,healthcare
208,174,2,874724864,F,1,18,student
664,984,3,880922560,M,1,31,other
510,145,4,878982016,M,1,70,marketing
232,122,4,891216064,M,1,7,student
844,1130,4,874724864,M,1,7,student
281,892,4,874724864,M,1,42,student
1,260,5,893279936,M,1,70,artist
312,791,5,885793856,M,1,17,artist
522,296,4,877164096,M,1,24,technician
259,69,2,874724864,F,0,27,doctor
803,101,2,874724864,F,0,30,doctor
779,329,2,882404224,F,0,70,other
65,916,3,882426880,M,1,22,other
519,479,2,874724864,F,0,70,librarian
292,787,3,878887936,M,1,7,other
414,151,2,874724864,M,1,40,librarian
312,1161,4,892786624,M,1,70,programmer
748,151,2,874724864,F,0,70,writer
267,791,2,893279936,M,0,35,retired
748,101,4,874724864,M,1,16,other
370,3,3,874724864,M,1,34,educator
803,791,2,878851008,F,1,70,other
254,760,4,874724864,M,1,70,educator
472,1136,4,888069120,M,1,70,executive
779,1607,2,874724864,F,0,70,librarian
844,159,2,893279936,F,0,50,doctor
664,174,5,881350400,M,1,35,other
748,174,2,874724864,F,1,26,student
472,932,2,884477952,M,1,53,student
340,85,4,883667520,M,1,28,other
890,1161,3,893279936,M,1,31,student
569,895,5,874724864,M,1,70,engineer
267,774,5,874724864,F,1,39,other
472,608,2,874724864,F,0,70,healthcare
472,1386,3,884636928,M,1,38,engineer
43,537,3,874724864,M,1,7,student
880,984,5,891016128,M,1,30,programmer
519,1042,5,883702336,M,1,7,programmer
232,14,3,893279936,M,1,70,programmer
540,282,5,893279936,F,1,27,student
221,1193,4,880159808,M,1,25,executive
495,884,5,893279936,M,1,44,student
656,174,3,874724864,M,1,7,programmer
844,806,4,886610048,F,0,21,doctor
312,1429,4,893279936,M,1,23,educator
178,1407,4,893279936,M,1,7,student
844,791,4,888520832,F,1,32,other
80,791,4,887313920,F,1,18,artist
103,1100,4,879111232,M,1,7,other
65,691,2,877559360,F,0,70,doctor
748,1429,4,874724864,M,1,7,administrator
1,3,3,893279936,M,1,18,programmer
46,1145,2,878108544,M,1,70,programmer
844,1136,2,888570752,M,1,7,librarian
278,608,2,886532800,F,0,35,artist
844,250,2,882384832,F,1,38,other
753,1165,2,874724864,F,1,70,educator
221,1233,3,874724864,M,1,70,engineer
281,1189,5,893279936,M,1,28,administrator
221,174,3,882387712,M,1,7,artist
176,1456,4,893279936,M,1,70,student
880,440,5,891204416,M,1,7,educator
267,380,2,893279936,F,0,30,librarian
65,9,4,875204800,F,1,50,educator
522,250,2,874724864,M,1,15,artist
495,691,5,886609792,M,1,70,technician
297,1119,4,891323840,F,1,70,executive
267,1233,2,883440256,F,1,26,programmer
545,1136,5,889492800,M,1,18,educator
137,787,4,891036416,M,1,50,other
545,708,2,881650752,F,1,7,lawyer
753,1136,4,874724864,M,1,70,programmer
451,528,2,879484224,F,0,24,executive
267,1161,2,884808704,F,0,7,healthcare
234,151,2,891504832,F,1,44,other
559,514,4,893279936,M,1,70,programmer
65,1166,2,874724864,F,0,70,programmer
846,984,2,874725888,F,1,7,educator
232,1161,3,882139840,M,1,70,doctor
844,895,5,874724864,M,1,7,student
281,912,3,893279936,M,1,7,student
922,1130,3,891310464,M,1,23,programmer
435,787,5,874724864,M,1,32,student
292,486,2,874724864,F,1,7,student
368,1429,3,885075392,M,1,70,educator
368,1386,5,874724864,M,1,70,other
423,1292,5,882608256,M,1,22,doctor
748,296,5,880737280,F,1,45,educator
435,1130,4,879582336,M,1,18,student
897,791,2,874724864,M,1,18,student
899,1518,3,884125120,F,1,20,administrator
72,1233,4,882078784,M,1,70,educator
297,480,2,874724864,M,1,70,engineer
753,3,5,874724864,M,1,7,marketing
326,1234,2,875963968,F,0,7,student
297,791,2,884301056,F,1,70,other
43,828,5,875727744,M,1,7,programmer
456,116,2,893279936,F,0,70,educator
689,1161,1,874724864,M,1,42,administrator
664,1166,2,879475712,F,1,44,healthcare
326,1136,3,893279936,M,1,35,other
340,591,4,884064384,M,1,7,technician
267,178,4,877725376,F,1,31,doctor
510,1182,4,874724864,M,1,23,educator
522,787,4,875332928,M,1,50,student
43,22,4,879447488,M,1,7,student
753,1037,2,880160448,F,0,31,technician
326,1518,5,878738432,F,0,18,other
65,1292,4,884112960,M,1,70,other
753,54,2,893279936,M,1,7,other
312,1100,4,874724864,M,1,42,educator
748,791,4,879874944,M,1,24,librarian
619,912,4,893279936,M,1,45,writer
87,151,3,878572992,M,1,7,educator
472,932,2,874724864,F,0,49,healthcare
312,3,4,874724864,M,1,33,student
919,1136,3,893279936,M,1,32,programmer
893,1288,5,874724864,M,1,38,programmer
80,991,4,888103744,F,1,43,other
522,132,2,887746240,F,0,28,artist
137,93,4,874724864,M,1,42,technician
208,1161,5,874724864,M,1,7,programmer
930,1429,4,876865536,M,1,70,engineer
232,884,4,893279936,M,1,7,programmer
748,1429,3,876541760,M,1,70,librarian
292,1165,4,891199936,M,1,18,technician
312,634,4,891192384,M,1,18,programmer
435,1518,4,891635904,F,0,43,none
779,1493,5,879967744,F,1,39,librarian
292,728,5,893279936,M,1,7,student
312,1182,2,874724864,F,0,33,healthcare
368,806,4,888479424,F,0,70,artist
890,828,5,874724864,M,1,31,technician
823,1033,2,893279936,M,1,23,healthcare
495,1238,4,891552000,M,1,7,educator
844,1518,5,893279936,M,1,7,student
487,1607,3,888889152,M,1,26,administrator
495,281,2,874724864,F,1,70,artist
753,132,3,874724864,M,1,70,marketing
267,3,4,880406784,M,1,7,other
753,813,5,883530688,M,1,48,other
221,1113,5,874724864,M,1,35,student
736,605,4,874724864,M,1,28,educator
753,281,4,888543936,M,1,70,doctor
46,751,4,874724864,M,1,35,administrator
340,167,2,881188032,F,1,7,artist
178,1108,4,893279936,M,1,7,entertainment
844,1033,2,879439808,M,1,7,healthcare
368,645,3,893279936,M,1,41,lawyer
897,1189,5,882387648,M,1,7,engineer
922,174,5,888632896,M,1,70,other
930,1130,4,887909504,M,1,41,educator
522,486,5,891208000,M,1,31,other
472,101,2,874724864,M,1,7,student
813,1100,4,880308544,F,1,70,librarian
753,1281,4,880844736,M,1,70,programmer
844,691,2,883444480,M,1,18,marketing
522,787,4,879957248,M,1,35,educator
72,214,2,882826944,F,0,28,healthcare
522,728,4,893279936,M,1,70,technician
435,101,4,891208128,M,1,43,programmer
472,174,2,893279936,F,0,44,artist
803,723,2,893279936,F,1,49,healthcare
472,634,3,883601728,M,1,31,writer
724,1050,3,893279936,M,1,7,administrator
232,791,5,874724864,M,1,7,student
522,281,5,874724864,M,1,70,programmer
748,1042,2,885478976,F,0,30,artist
281,1130,4,879876480,M,1,7,student
753,1233,3,893279936,M,1,42,other
803,1518,3,883530816,F,1,23,healthcare
312,1407,5,882563072,M,1,7,student
897,1010,3,891262912,M,1,7,artist
46,656,3,874724864,M,1,43,student
522,151,3,879572608,M,1,7,administrator
753,101,5,874724864,M,1,27,programmer
472,1233,2,893279936,F,0,48,other
43,712,5,874724864,M,0,27,technician
43,308,5,876541824,M,1,7,student
495,254,5,874724864,F,1,7,student
753,81,2,874724864,F,0,44,librarian
435,251,4,874724864,M,1,70,artist
208,1037,4,874724864,M,1,18,student
545,93,2,893279936,F,1,25,healthcare
846,634,2,885178368,M,1,70,writer
106,1042,2,880844864,F,0,22,other
750,281,4,893279936,M,1,24,technician
666,1281,3,879518656,M,1,28,scientist
614,54,3,893279936,M,1,52,executive
456,806,2,874724864,F,1,7,educator
664,791,5,892132608,M,1,27,healthcare
748,806,3,875964864,F,1,7,doctor
748,828,4,874724864,M,1,18,doctor
20,1033,3,876526528,F,1,7,administrator
456,289,3,885942080,M,1,20,administrator
429,787,3,874724864,M,1,7,other
510,1166,4,875072192,M,1,70,artist
522,1042,5,880139392,M,1,42,healthcare
465,251,4,893279936,M,1,28,entertainment
326,281,2,880137088,F,0,45,student
922,1292,3,879827520,M,1,7,engineer
522,151,4,874724864,M,1,21,student
513,1042,2,874724864,F,1,7,artist
748,1456,4,877554624,M,1,11,librarian
753,1130,5,893279936,M,1,7,retired
221,751,3,893279936,M,1,7,writer
84,537,2,879443904,M,1,20,educator
267,702,5,893279936,M,1,70,engineer
545,982,3,893279936,M,1,7,student
46,1429,3,893279936,M,1,21,homemaker
208,828,4,874724864,M,1,18,artist
619,174,2,879634048,F,1,70,educator
178,404,2,891208064,F,1,24,artist
522,1088,3,874724864,F,0,25,healthcare
803,1161,3,893279936,M,1,23,educator
459,774,5,893279936,M,1,33,student
296,1203,2,893279936,M,1,27,other
456,859,2,874724864,M,1,44,librarian
922,903,4,893279936,M,1,17,programmer
522,1130,4,877111424,M,1,48,artist
65,791,4,893279936,M,1,70,administrator
137,1161,2,878917568,F,0,18,healthcare
340,1456,2,874724864,F,0,28,artist
281,758,5,879110016,M,1,26,engineer
545,932,4,874724864,M,1,22,student
176,361,5,893279936,M,1,7,programmer
522,1469,2,893279936,M,1,17,student
435,1136,4,875735936,M,1,48,artist
890,815,3,883440256,M,1,7,educator
65,1346,5,893279936,M,1,70,student
813,888,2,879443072,F,1,7,engineer
340,645,4,882955968,M,1,7,programmer
368,787,5,886323648,M,1,7,administrator
813,132,2,874724864,F,0,38,librarian
897,787,2,879868096,F,1,52,other
522,1281,4,891545600,M,1,70,programmer
46,281,5,874724864,M,1,24,none
1,507,4,880406272,F,0,30,administrator
495,645,5,879455936,M,1,70,doctor
340,1407,3,887589376,M,1,26,artist
779,1292,2,874724864,F,1,7,entertainment
753,1136,2,888437888,F,1,21,educator
748,1161,4,891032000,M,1,36,administrator
456,3,5,879633920,M,1,49,healthcare
472,101,2,891561728,F,1,7,librarian
619,1145,2,893279936,M,1,70,programmer
472,101,3,874829504,F,0,7,administrator
46,728,5,881718336,F,1,35,doctor
43,591,4,877907264,F,1,30,engineer
808,552,4,891368256,M,1,23,student
267,281,4,876690176,M,1,7,artist
789,251,2,876038016,F,0,70,healthcare
734,895,5,874724864,M,1,41,technician
495,787,2,893279936,M,1,7,artist
880,1166,2,888890368,M,1,28,doctor
519,1281,2,882608832,F,1,39,healthcare
281,1166,4,891036096,M,1,70,writer
844,479,2,874724864,F,1,30,student
467,1292,2,893279936,F,1,45,other
368,1285,4,875965120,M,1,29,student
178,1161,4,884533504,M,1,70,engineer
5,1292,4,891695616,M,1,7,student
890,984,4,891461440,M,1,48,doctor
748,537,4,880921280,M,1,7,librarian
221,101,5,880798464,F,1,70,none
137,1469,4,893279936,M,1,7,student
435,1591,2,879991936,M,1,70,programmer
326,591,4,882824128,F,1,70,healthcare
897,1042,4,887744192,F,1,17,artist
841,174,5,893279936,M,1,70,educator
448,1037,2,893279936,M,1,42,doctor
510,1165,2,884748032,F,0,44,student
43,440,2,874724864,F,1,33,librarian
52,728,4,891547072,M,1,26,doctor
844,1136,2,893279936,M,1,27,engineer
472,522,2,879638656,F,1,30,engineer
208,656,5,880125248,M,1,7,student
340,982,3,878962496,F,1,7,other
522,774,4,888452672,M,1,26,educator
246,1059,2,882345472,F,0,23,doctor
522,69,2,893279936,M,1,70,educator
312,791,3,878175744,M,1,7,student
666,514,5,881958336,M,1,70,educator
297,1161,4,891251136,M,1,23,doctor
208,1130,5,892677952,M,1,39,executive
664,174,3,893279936,M,1,29,student
472,1292,5,874724864,F,1,30,student
312,982,3,893279936,M,1,7,student
43,101,4,893279936,M,1,22,programmer
137,1126,4,874724864,M,1,23,executive
664,1233,5,891497152,M,1,7,writer
659,590,4,893279936,M,1,70,marketing
748,282,3,893279936,M,1,28,writer
456,787,4,879444224,M,1,7,other
510,888,3,888520896,M,1,70,educator
65,787,2,891548160,F,1,70,other
232,1161,5,880936704,M,1,31,educator
91,1161,3,878090688,M,1,7,executive
326,1100,3,881280896,F,1,7,programmer
472,634,2,884065536,F,1,70,doctor
5,174,3,884174912,M,1,42,programmer
897,254,3,880159744,M,1,24,other
748,828,4,882389696,F,1,7,student
803,787,2,884290880,F,0,20,student
666,479,3,877977856,M,1,70,artist
281,1292,4,893279936,M,1,36,educator
312,101,2,874724864,M,1,17,artist
43,151,2,893279936,M,1,7,student
137,890,3,874724864,M,1,7,programmer
46,1429,2,881372992,F,0,39,other
753,787,2,879793088,F,0,7,writer
176,1033,4,879864896,M,1,30,writer
813,645,5,893279936,M,1,7,programmer
727,174,2,887541376,M,1,7,librarian
753,22,2,874724864,F,0,22,other
221,341,2,874724864,M,1,17,librarian
267,1407,4,882592448,M,1,7,programmer
748,289,4,882349760,M,1,70,librarian
893,787,4,886459392,M,1,7,student
208,1233,2,874724864,F,0,7,artist
753,281,5,878092544,M,1,7,other
467,1429,3,889907456,M,1,7,administrator
513,110,3,874724864,M,1,42,administrator
897,691,5,893119296,M,1,7,doctor
24,181,5,893279936,F,1,27,writer
495,101,4,888631424,M,1,23,healthcare
472,828,4,883712832,M,1,27,artist
559,787,4,876536512,F,1,7,student
748,289,2,893279936,F,1,70,other
312,890,4,874724864,M,1,7,doctor
897,1033,3,879899584,M,1,70,artist
564,93,3,874724864,M,1,7,educator
370,1429,3,874724864,M,1,7,executive
467,1238,5,885851712,M,1,7,student
312,1166,2,874829376,F,0,7,student
545,791,5,874724864,M,1,70,educator
522,101,3,889909888,M,1,20,lawyer
232,650,4,874724864,M,1,70,programmer
844,984,4,893279936,M,1,30,other
232,1292,3,889655232,M,1,70,educator
925,64,5,893279936,M,1,70,programmer
234,319,5,878849600,M,1,7,other
619,982,4,893279936,M,1,7,writer
456,609,3,893279936,M,1,33,writer
619,990,2,885679296,F,0,16,healthcare
664,895,4,893279936,M,1,26,programmer
456,101,4,879445440,M,1,7,student
522,1429,3,884990784,M,1,27,programmer
65,54,2,885767424,M,1,18,artist
748,992,2,893279936,F,1,70,librarian
267,791,4,874724864,M,1,7,student
472,787,2,886916480,F,1,70,healthcare
267,1233,5,874724864,M,1,27,writer
267,1429,5,893279936,M,1,70,educator
435,1407,5,880233152,M,1,17,programmer
232,311,3,874724864,M,1,7,writer
656,828,5,874724864,M,1,43,engineer
753,787,2,874724864,F,0,7,librarian
472,982,4,893279936,M,1,70,educator
72,608,2,874724864,F,0,70,librarian
316,54,2,884737536,F,1,70,librarian
510,236,5,893279936,F,1,45,other
753,1130,3,891044672,M,1,27,programmer
760,1429,5,893279936,F,1,26,entertainment
779,1518,4,884636736,M,1,7,student
232,791,5,883753664,M,1,26,librarian
312,733,3,893279936,M,1,35,technician
844,1429,4,893279936,M,1,36,librarian
137,875,3,874724864,M,1,7,student
569,1016,3,889094912,M,1,23,educator
614,389,3,891035584,M,1,70,administrator
208,3,4,881177856,M,1,32,programmer
65,1161,3,883754560,M,1,7,student
435,401,5,885126144,M,1,34,artist
326,695,5,893279936,M,1,24,engineer
368,479,4,884857728,M,1,70,other
232,1292,4,890861056,M,1,70,programmer
312,791,2,883868544,M,1,18,student
803,1467,3,893279936,M,1,25,programmer
519,285,4,893279936,M,1,33,artist
753,1265,2,874724864,F,0,31,artist
813,1136,4,893279936,M,1,25,student
267,1008,3,884585728,M,1,7,programmer
510,1008,2,874724864,F,1,30,educator
492,537,3,874724864,M,1,7,student
137,1292,3,874724864,M,1,34,other
340,1161,4,893279936,M,1,24,programmer
281,1008,5,893279936,M,1,70,artist
110,1285,2,891373952,F,1,23,healthcare
510,813,4,877885696,M,1,7,student
522,912,2,879555456,F,0,11,artist
472,828,5,884187456,M,1,20,writer
753,787,2,879445824,M,1,35,student
65,1033,4,893279936,M,1,42,other
364,791,3,883711872,M,1,7,engineer
510,101,3,874724864,M,1,7,writer
281,174,5,893279936,F,1,70,librarian
510,3,4,884133888,M,1,7,student
143,1429,4,886031616,M,1,7,other
281,895,3,874724864,M,1,7,student
145,787,3,891545600,M,1,30,student
545,289,3,891416832,M,1,7,technician
844,608,2,893279936,F,0,70,librarian
232,1136,4,893279936,M,1,30,engineer
137,787,2,880333248,F,0,7,librarian
522,1161,3,888522496,M,1,70,student
375,1467,1,891351872,M,1,7,educator
844,736,2,882904640,F,1,40,librarian
65,820,4,874724864,F,1,70,librarian
143,399,3,880934528,F,1,7,student
753,49,2,893279936,F,0,7,entertainment
844,472,5,874724864,M,1,36,student
296,240,5,881956416,M,1,7,other
897,1182,5,874724864,M,1,23,student
522,281,4,878915136,M,1,7,student
495,401,3,893279936,M,1,70,programmer
545,132,4,874724864,M,1,27,other
753,1429,2,887094400,M,1,7,student
221,888,5,891309952,M,1,23,educator
467,1041,3,879445504,M,1,48,other
451,691,2,874724864,F,0,7,artist
753,904,2,874724864,F,0,7,student
49,1292,2,874724864,F,1,7,student
326,18,4,885607040,M,1,39,educator
472,289,4,874724864,F,1,32,artist
423,208,3,893279936,M,1,70,administrator
472,608,2,884131584,F,0,26,student
323,1100,3,893279936,M,1,25,other
522,645,3,891697536,M,1,18,other
176,371,4,886323840,M,1,7,programmer
522,85,4,892944576,F,1,70,healthcare
423,982,4,893279936,M,1,70,doctor
844,1182,4,893279936,M,1,70,other
619,1189,5,874724864,M,1,7,administrator
375,884,4,875130816,F,1,7,student
492,214,2,874724864,F,0,7,artist
208,1059,2,882956160,F,1,18,healthcare
753,174,4,874724864,M,1,29,entertainment
844,1161,4,874724864,M,1,70,lawyer
748,1428,4,874724864,M,1,70,administrator
326,791,2,885808256,M,1,29,student
221,1518,2,893279936,F,1,27,engineer
297,1292,4,879792640,M,1,70,marketing
472,787,4,884129792,M,1,70,librarian
208,645,4,884920960,M,1,20,lawyer
46,308,4,874848512,M,1,70,other
779,1250,3,893279936,M,1,70,educator
537,992,4,874724864,M,1,7,student
232,1250,5,892691584,M,1,70,marketing
340,1033,5,884304320,M,1,27,student
522,608,2,893279936,F,1,30,administrator
5,1189,4,893279936,M,1,70,other
106,1136,3,892466560,M,1,7,student
519,791,4,883712128,M,1,7,programmer
106,1136,4,875657280,M,1,38,student
232,1136,5,879900800,M,1,18,other
844,1292,5,893279936,M,1,24,programmer
106,1161,2,884122432,F,1,27,educator
783,787,2,893279936,M,1,7,other
80,1518,2,875504896,M,1,32,writer
846,1100,3,893279936,M,1,44,student
495,1042,5,874724864,M,1,39,student
656,990,3,876267008,M,1,18,student
340,590,4,893279936,M,1,70,educator
312,1001,2,893279936,F,0,35,artist
779,483,3,874724864,M,1,32,educator
208,1281,5,876266944,M,1,70,programmer
312,174,2,874724864,F,0,27,healthcare
519,764,5,879373952,M,1,42,other
897,1016,5,878951232,M,1,24,student
890,1265,4,893279936,M,1,35,programmer
166,645,2,880165824,F,0,39,other
368,537,4,874724864,M,1,70,artist
753,1136,4,893279936,M,1,23,student
43,494,5,891356352,M,1,31,executive
5,54,5,891161280,F,1,40,educator
456,728,5,883532352,M,1,7,student
664,608,5,891722496,M,1,18,programmer
808,1292,3,886609472,M,1,25,student
844,251,4,874724864,M,0,7,student
115,1119,5,874724864,M,1,27,retired
472,3,2,874724864,F,1,70,educator
649,828,4,877385152,M,1,70,educator
267,645,2,884466176,F,1,70,other
65,1429,5,879454400,F,1,24,other
312,14,4,877106432,M,1,25,student
753,590,2,893279936,F,1,70,educator
281,3,3,893279936,M,1,7,other
335,1189,4,874724864,M,1,7,student
656,1233,2,874724864,F,0,7,entertainment
467,1429,2,893279936,F,1,45,technician
522,895,2,891960704,F,0,17,librarian
844,1467,5,875683200,M,1,7,student
753,446,2,893279936,F,0,70,artist
80,1152,4,893279936,M,1,28,artist
813,479,2,881515648,M,1,70,administrator
614,289,4,892426048,M,1,7,student
435,1189,5,882579712,M,1,25,librarian
267,728,3,874724864,M,1,36,student
850,297,2,877733248,M,1,23,healthcare
259,791,5,874724864,M,1,28,programmer
922,182,5,887393664,M,1,70,educator
153,1591,2,874724864,M,1,7,student
495,645,2,877491456,M,0,27,doctor
281,26,3,886194752,M,1,7,student
65,250,5,893279936,M,1,7,other
178,1456,1,892055104,M,1,41,writer
267,93,3,875331072,M,1,7,student
748,101,4,879444736,F,0,7,artist
748,676,4,875002624,M,1,17,student
221,895,4,882406912,M,1,7,technician
844,132,2,874724864,F,1,7,librarian
844,440,2,874724864,F,0,11,healthcare
519,1429,3,888521344,M,1,70,educator
522,982,4,884132352,M,1,33,executive
340,787,4,874724864,M,1,7,other
925,287,3,888539392,M,1,70,educator
522,932,2,885157312,M,1,7,student
364,130,4,888703616,M,1,23,educator
178,645,2,883897408,M,1,28,student
846,281,5,874724864,F,1,7,healthcare
522,774,4,882955904,M,1,7,administrator
472,338,2,874724864,M,1,34,writer
510,828,5,888636352,M,1,70,artist
748,787,5,893279936,M,1,7,student
281,69,4,874724864,M,1,18,programmer
312,1136,4,893279936,M,1,70,educator
844,1467,4,893279936,M,1,52,other
499,537,5,874724864,M,1,7,student
510,1062,4,893279936,M,1,27,executive
153,101,2,893279936,M,1,70,educator
221,888,5,875043968,M,1,45,educator
844,38,4,893133376,M,1,70,technician
930,1161,3,874724864,F,1,22,other
267,828,2,878354304,F,0,15,healthcare
844,1166,2,876406144,F,0,28,other
340,1166,2,874724864,F,0,27,educator
753,122,5,893279936,M,1,23,student
559,1429,4,884130624,M,1,70,other
178,1161,2,887736512,M,1,20,executive
274,608,2,875945600,F,1,27,administrator
178,760,2,874724864,F,0,7,student
178,888,5,888639168,F,1,70,educator
137,791,1,876899712,M,1,38,writer
559,884,5,892332608,M,1,27,administrator
664,453,4,876538304,M,1,7,student
80,1250,3,875980608,M,1,7,writer
292,1233,5,891044352,M,1,7,student
823,613,3,876095488,F,1,7,doctor
87,1116,3,874724864,M,1,7,writer
748,791,2,874724864,M,1,70,librarian
65,645,4,877109184,F,1,43,educator
221,174,3,893279936,M,1,7,engineer
368,691,5,877119040,M,1,51,educator
753,608,2,882513024,F,1,30,other
43,982,3,891039040,M,1,27,programmer
779,791,4,875745216,M,1,28,healthcare
619,1161,4,874724864,M,1,70,writer
753,124,4,874724864,M,1,25,educator
522,892,2,874724864,F,0,7,student
748,1233,2,893279936,F,1,27,librarian
91,69,2,893214272,M,1,35,administrator
326,132,5,893279936,M,1,7,librarian
221,365,2,889908992,F,0,70,other
753,1033,4,883783488,M,1,27,student
267,1130,2,881955968,F,0,38,healthcare
619,151,2,878919616,F,1,26,other
472,982,2,874724864,M,1,26,artist
937,585,4,877505984,M,1,21,executive
221,1456,2,881955008,F,0,29,healthcare
880,1467,5,886832832,M,1,28,other
49,1042,5,876404224,M,1,70,doctor
753,101,5,879877120,M,1,49,healthcare
326,1505,2,875154432,M,1,25,other
1,591,2,874724864,F,1,7,student
890,787,4,874724864,M,1,70,student
619,774,4,880122816,M,1,36,entertainment
281,103,5,885849664,M,1,23,artist
748,1189,4,893279936,M,1,26,student
844,1518,4,889517120,M,1,7,programmer
65,1429,5,893279936,M,1,42,student
340,1130,4,893279936,M,1,25,healthcare
312,174,3,874785792,M,1,50,student
370,921,5,893279936,M,1,24,programmer
65,1166,4,893279936,M,1,44,student
545,254,5,878911104,M,1,45,entertainment
267,634,4,886030720,M,1,70,executive
46,828,3,893279936,M,1,7,student
281,174,2,880159552,M,1,70,artist
87,984,5,874724864,M,1,42,other
510,281,3,880408704,M,1,21,student
545,54,2,876402496,F,0,38,librarian
656,1161,4,876307584,M,1,70,programmer
779,1386,5,877493312,M,1,7,student
221,1429,5,880030784,M,1,70,other
84,124,2,874724864,F,1,70,artist
221,101,5,880144896,M,1,18,educator
664,892,2,879975616,F,0,30,artist
65,1469,5,883327552,M,1,50,artist
435,440,4,888460672,M,1,45,student
281,1292,3,879867520,M,1,7,student
576,1166,3,882359744,M,1,7,administrator
221,1290,2,879458240,F,1,70,other
221,479,5,888957824,M,1,70,other
753,642,2,891247360,M,1,70,writer
467,38,4,887934208,M,1,7,educator
46,1429,3,891044096,M,1,24,technician
361,3,4,883988096,M,1,70,other
43,1292,2,874724864,M,1,31,educator
472,1469,3,874724864,M,1,7,student
467,101,4,888104896,M,1,26,student
472,1265,2,874724864,F,0,31,programmer
619,1456,4,893279936,M,1,7,educator
232,151,5,879448576,M,1,35,librarian
27,601,5,881941440,M,1,25,engineer
84,101,2,879429952,F,1,70,educator
208,1136,5,885809664,M,1,7,programmer
813,401,5,893279936,M,1,23,artist
519,281,3,886988608,M,1,70,educator
467,1379,4,874724864,M,1,7,student
435,1429,4,886996928,M,1,18,other
519,132,5,875653504,M,1,41,executive
24,1186,2,880159936,F,0,43,other
753,918,2,874724864,F,1,30,student
803,184,4,874724864,F,1,20,writer
278,787,4,888539904,M,1,7,student
753,1100,5,878962176,F,1,31,programmer
748,281,4,876689664,F,1,70,other
844,1161,2,874724864,F,1,18,student
340,645,4,883599232,M,1,7,student
267,1033,3,874724864,M,1,31,programmer
522,1238,2,893279936,F,1,7,salesman
72,1292,5,876860864,M,1,70,other
606,1518,5,885753984,F,1,23,engineer
176,440,3,891204544,M,1,7,healthcare
178,1518,3,893279936,F,1,70,artist
423,281,3,880915776,M,1,20,other
221,791,4,893279936,M,1,35,educator
537,69,2,874724864,F,0,42,other
368,912,3,885766720,F,1,21,administrator
614,182,3,879464192,M,1,7,student
472,982,2,881108608,F,0,42,librarian
87,1002,5,893279936,M,1,70,healthcare
15,22,2,885944512,M,0,56,technician
208,110,2,878040192,F,1,44,educator
5,1121,4,893279936,M,1,23,educator
451,174,2,877907072,F,0,26,student
522,103,3,884319488,M,1,7,administrator
87,1267,5,893279936,M,1,18,other
312,174,3,885046208,M,1,20,student
844,282,5,874724864,M,1,7,educator
281,1042,5,893279936,M,1,7,other
1,691,5,877563776,F,0,7,educator
850,932,5,874724864,F,0,26,librarian
753,608,2,893279936,M,1,24,entertainment
545,298,4,879466880,M,1,70,entertainment
292,1469,3,875976448,M,1,7,student
753,888,5,893279936,M,1,7,librarian
221,1518,3,874724864,M,1,70,marketing
727,404,2,885353216,M,1,7,executive
472,85,2,881650048,M,1,7,other
844,462,4,879876096,M,1,24,educator
423,1042,3,893279936,M,1,45,educator
753,338,2,892076736,F,1,70,educator
753,1265,5,893279936,M,1,10,programmer
106,1475,5,875086912,M,1,31,student
91,486,4,891262720,M,1,33,programmer
292,101,3,893279936,M,1,7,student
429,691,3,880169792,M,1,35,healthcare
890,1136,5,874724864,M,1,7,artist
267,151,2,874724864,F,0,70,student
278,401,3,893279936,M,1,70,artist
221,101,3,875721920,M,1,37,student
519,982,3,874724864,M,1,18,doctor
278,1056,3,881650112,M,1,7,student
281,101,4,874724864,M,1,70,administrator
168,101,4,888468864,M,1,27,librarian
43,1001,3,888069504,M,1,31,programmer
281,1456,4,879427648,M,1,7,administrator
753,875,1,875267904,M,1,7,student
750,479,4,893279936,M,1,70,administrator
178,282,5,893279936,M,1,7,student
513,101,3,893279936,M,1,37,healthcare
72,148,5,874724864,M,1,27,technician
208,1353,3,879464960,M,1,7,administrator
467,1518,4,879112000,M,1,18,educator
292,1136,4,893279936,M,1,36,other
467,1429,3,874724864,M,1,70,engineer
232,281,4,893279936,M,1,17,student
890,787,5,874724864,M,1,70,other
897,1033,3,881391616,M,1,7,administrator
656,1669,4,882804480,F,1,70,student
893,1429,4,893279936,M,1,18,educator
137,132,4,892375616,M,1,7,other
451,1166,2,874724864,F,0,27,other
748,900,3,879531968,M,1,70,entertainment
137,805,3,880160064,M,1,70,engineer
87,1233,4,891195456,M,1,45,other
312,1161,4,893279936,M,1,70,administrator
472,132,2,874724864,F,1,35,engineer
753,1469,3,888067136,M,1,26,doctor
267,462,2,875288896,F,0,41,healthcare
208,781,4,874724864,M,1,20,writer
456,1233,3,893279936,M,1,25,other
46,795,5,874724864,M,1,7,student
340,983,4,874730432,M,1,24,programmer
844,289,2,893279936,F,0,18,artist
656,828,5,877213184,M,1,7,educator
456,986,5,874724864,M,1,7,student
472,132,5,891209280,F,1,31,other
281,440,4,893279936,M,1,11,student
43,440,4,874724864,M,1,7,student
753,1429,4,885816576,F,1,31,administrator
865,1238,3,891352192,M,1,50,educator
813,1100,5,874724864,F,1,26,writer
472,590,2,874724864,F,0,23,doctor
80,1126,3,884892800,M,1,26,executive
472,514,5,874724864,M,1,7,student
178,38,3,893279936,M,1,7,programmer
340,1429,3,893279936,M,1,17,educator
467,260,3,893279936,M,1,70,technician
326,634,2,893279936,F,1,7,artist
65,1265,5,882386048,M,1,45,librarian
756,235,4,884130112,M,1,7,entertainment
823,895,4,893279936,M,1,70,administrator
208,787,4,884132224,F,1,7,librarian
522,281,3,883762624,M,1,7,student
467,791,3,874724864,M,1,7,other
808,111,4,893279936,M,1,70,artist
375,888,2,884495040,F,0,39,artist
844,1607,3,874724864,M,1,23,student
813,296,4,874724864,M,1,38,artist
753,1136,2,874724864,F,0,70,librarian
510,1499,5,893279936,M,1,7,educator
43,1518,4,874724864,M,1,7,student
414,1292,2,893279936,F,0,7,administrator
472,1233,2,874724864,F,1,7,student
43,1033,5,874724864,M,1,32,doctor
753,608,2,874724864,F,0,7,writer
72,251,4,874951680,M,1,70,programmer
753,608,2,874724864,F,0,70,artist
312,1518,2,879459328,F,0,7,student
666,1002,4,874724864,M,1,7,educator
619,656,5,893279936,M,1,20,engineer
508,1161,3,893279936,M,1,36,other
748,791,5,882397632,F,1,44,technician
510,787,2,874724864,F,0,21,artist
267,1166,3,879874752,F,1,29,artist
46,311,2,882756608,F,1,43,other
472,54,2,883780736,F,1,17,engineer
522,486,2,880529408,F,0,7,student
5,758,2,893279936,F,0,70,artist
522,132,2,874830656,F,0,70,librarian
340,174,3,878759872,M,1,70,educator
664,1165,2,876202624,F,1,70,artist
753,1161,5,881956608,M,1,7,student
5,289,4,875314368,M,1,29,administrator
312,1469,2,884367232,F,0,7,artist
753,968,3,893279936,M,1,70,writer
226,1189,5,893279936,M,1,20,educator
510,895,4,875147904,M,1,20,student
519,791,4,874724864,M,1,7,administrator
510,431,2,879298048,F,0,24,healthcare
779,132,5,874724864,M,1,16,administrator
467,1292,4,893279936,F,1,70,programmer
267,591,4,886831744,M,1,44,administrator
748,1292,2,875552896,M,1,70,librarian
326,1292,5,879459840,M,1,7,administrator
808,311,2,887824768,F,1,7,student
226,1238,4,882607936,F,1,35,student
813,828,3,893279936,M,1,7,other
278,254,2,893279936,F,1,38,writer
312,1161,4,878542336,M,1,70,artist
435,1130,4,887314048,M,1,21,student
748,174,2,874724864,F,0,21,artist
65,1250,5,893279936,M,1,48,educator
137,791,4,891364096,M,1,37,programmer
897,1033,4,875717760,M,1,25,student
522,3,2,880924416,M,1,70,artist
178,1113,2,874724864,F,1,7,administrator
522,479,2,874724864,F,1,21,librarian
753,69,4,884366592,F,1,70,artist
208,184,4,893279936,M,1,70,other
137,787,2,876083968,M,1,70,other
267,101,2,883755008,F,1,41,librarian
472,281,2,893279936,F,1,38,writer
364,1429,5,882819008,M,1,29,educator
748,656,4,893279936,M,1,7,technician
844,774,2,874724864,F,1,50,educator
495,1469,5,874724864,M,1,27,marketing
340,1161,3,893279936,M,1,22,educator
80,522,3,874724864,M,1,23,healthcare
522,1165,3,893279936,M,1,70,writer
106,1429,5,891888128,M,1,70,entertainment
340,1292,3,879297856,M,1,7,student
774,174,2,891384832,F,0,28,student
292,1042,3,893279936,M,1,7,student
472,787,2,874724864,F,0,7,student
472,1016,2,874724864,F,0,41,artist
522,1189,2,874724864,F,0,7,student
72,1119,4,893279936,M,1,27,student
724,1161,4,892784704,M,1,70,technician
137,198,4,874724864,M,1,31,artist
823,101,3,880868992,M,1,70,engineer
890,12,4,874724864,M,1,70,other
922,64,5,891032832,M,1,27,other
510,912,5,874724864,M,1,28,educator
326,289,5,890987712,M,1,7,entertainment
510,888,2,883763904,F,0,16,artist
87,151,4,874724864,M,1,7,student
281,1101,2,874724864,F,1,7,student
221,888,2,874724864,M,1,7,artist
267,1031,5,893279936,M,1,22,healthcare
267,828,2,880947328,F,0,7,librarian
753,311,3,882569408,M,1,30,student
340,251,5,885679424,F,1,70,entertainment
178,787,2,893279936,M,1,11,educator
813,1086,2,882397696,F,1,7,student
267,3,4,875258624,M,1,48,engineer
20,691,4,883440512,M,1,23,educator
844,1166,4,879191936,F,1,26,healthcare
519,1467,5,879164608,M,1,18,programmer
178,132,3,877197184,M,1,17,educator
495,1182,2,881975488,F,1,20,doctor
537,446,4,892132928,M,1,70,writer
435,124,5,891030784,M,1,7,student
472,101,3,893279936,F,0,70,other
753,440,2,881259072,M,0,7,other
221,1160,2,874724864,F,0,35,student
753,338,4,875036160,M,1,7,student
326,289,4,882392256,M,1,35,writer
467,608,2,874724864,M,1,26,student
890,1386,3,874724864,M,1,7,programmer
24,791,4,893279936,M,1,70,doctor
176,1119,5,875743488,M,1,25,other
922,1136,3,874724864,M,1,24,student
278,1166,4,882397696,M,1,24,other
748,828,2,880688704,F,0,39,healthcare
619,791,3,874724864,M,1,26,educator
312,990,5,893279936,M,1,7,student
263,1042,4,893279936,M,1,70,student
803,440,5,888887680,M,1,22,healthcare
456,401,2,886479040,M,1,22,healthcare
312,884,2,874724864,F,1,24,lawyer
813,65,2,875662848,F,1,31,healthcare
278,1518,5,893279936,M,1,24,artist
292,828,5,891362112,F,1,70,student
880,64,2,879357760,M,1,30,artist
65,249,4,877128768,M,1,27,librarian
65,1033,4,874724864,M,1,34,programmer
844,101,3,893279936,M,1,27,educator
292,1136,4,874724864,M,1,22,programmer
779,101,2,874724864,M,1,25,student
748,1130,5,882076608,M,1,26,programmer
340,289,3,874724864,M,1,7,educator
779,1267,2,879193856,F,0,41,retired
221,1182,2,883259392,F,0,7,student
803,884,5,893279936,M,1,35,lawyer
84,1100,3,893279936,M,1,70,educator
281,1518,2,874724864,F,1,32,other
519,895,4,874724864,F,1,7,administrator
844,888,3,874724864,M,1,23,librarian
87,1292,3,893279936,M,1,70,student
748,701,2,879447616,F,1,7,programmer
522,1594,5,893279936,M,1,25,other
448,691,5,893279936,M,1,7,administrator
472,1233,4,874724864,M,1,23,student
423,1189,4,874724864,M,1,7,librarian
828,1518,4,893279936,M,1,7,other
221,591,4,881957184,M,1,31,technician
522,1233,2,874724864,F,0,7,artist
267,1136,4,893279936,M,1,38,librarian
267,26,2,893279936,F,1,39,artist
267,1233,3,882385280,M,1,70,educator
312,174,5,893279936,M,1,7,other
208,1119,2,874724864,F,1,24,student
925,828,3,874724864,M,1,17,student
495,787,3,884744512,M,1,18,student
844,1223,1,884086080,F,1,44,librarian
897,477,5,887016576,M,1,70,librarian
748,1518,4,893279936,M,1,27,none
569,1165,5,887660544,M,1,32,scientist
808,186,3,888067072,F,1,30,librarian
106,69,2,893279936,F,1,26,librarian
748,922,3,874724864,M,1,29,programmer
292,1166,4,874724864,M,1,30,engineer
232,1238,4,891286336,M,1,28,marketing
87,462,2,882489728,F,0,43,healthcare
606,1042,2,882955840,M,1,18,healthcare
435,1288,5,874724864,M,1,52,executive
326,1119,3,891006272,M,1,32,educator
844,289,5,883052928,M,1,28,administrator
278,151,3,893279936,F,1,30,student
46,1233,4,893279936,M,1,7,entertainment
312,479,5,880159936,M,1,22,programmer
779,122,2,878181056,F,0,24,programmer
340,101,4,886472576,M,1,7,other
472,250,2,874724864,F,0,36,technician
312,791,2,874859904,F,0,70,writer
890,1033,4,874724864,M,1,24,programmer
803,174,4,874724864,M,1,28,artist
813,1161,4,880153600,M,1,30,administrator
46,774,5,874724864,M,1,25,educator
232,691,4,888067584,M,1,7,student
823,916,4,874724864,M,1,7,healthcare
510,124,3,893279936,M,1,23,other
748,1161,5,891896704,M,1,35,administrator
232,1456,2,875130880,F,1,39,student
803,562,5,874724864,F,0,70,student
844,54,2,891544576,M,1,38,student
46,1016,5,882826880,F,1,44,entertainment
137,289,2,874724864,F,0,7,other
221,805,4,893279936,M,1,70,other
106,1136,5,874724864,M,1,24,educator
844,254,4,880933824,M,1,7,student
472,591,4,891387904,F,1,36,retired
472,479,4,888069184,F,0,70,librarian
753,1456,2,874724864,F,0,31,writer
43,691,2,879901248,F,1,7,artist
472,751,3,875811456,M,1,7,student
364,281,5,893279936,F,1,7,librarian
779,69,2,874724864,M,1,7,student
281,1189,4,874724864,M,1,18,other
844,780,4,893279936,M,1,7,artist
890,1062,4,893279936,M,1,70,executive
278,103,3,885807424,M,1,22,student
176,101,5,884125184,M,1,44,educator
510,132,5,874854592,M,1,25,administrator
522,1136,3,880352384,M,1,24,technician
779,81,2,884328832,M,1,25,librarian
813,1518,4,884151936,M,1,24,technician
312,787,4,889297408,M,1,70,other
312,1119,3,878768832,F,1,70,other
43,184,5,893279936,M,1,70,educator
312,1624,4,882387712,M,1,52,healthcare
43,590,3,888626560,M,1,70,educator
46,319,4,893279936,M,1,39,educator
176,990,2,874724864,F,0,70,healthcare
281,990,4,876033920,M,1,7,student
267,1121,3,874724864,M,1,27,student
619,491,2,879244544,F,0,21,student
106,289,4,893279936,M,1,39,educator
619,787,3,874724864,M,1,22,educator
340,1189,4,882385920,M,1,22,other
1,916,5,879446016,M,1,25,student
121,1037,2,884310016,F,0,7,librarian
166,1033,5,883417472,M,1,35,artist
727,1353,4,874724864,F,1,26,educator
326,1130,2,879448704,M,1,7,other
664,1083,2,874724864,F,1,70,healthcare
748,828,4,880159872,F,1,7,student
467,895,5,890287936,M,1,28,engineer
522,1281,4,874724864,M,1,25,programmer
232,101,4,874724864,M,1,7,writer
748,479,3,880927360,M,1,23,student
456,1161,4,874724864,M,1,7,student
340,828,2,893279936,F,0,29,artist
297,254,2,893279936,F,0,28,librarian
495,151,4,891449344,M,1,70,educator
46,990,3,893279936,M,1,70,programmer
467,1018,3,874724864,M,1,44,educator
208,1591,3,893279936,M,1,70,educator
292,110,2,874830400,F,0,7,student
221,803,2,880145344,F,0,70,writer
312,1518,5,883390336,M,1,41,student
87,481,2,879875200,F,1,7,engineer
844,1429,5,875108928,M,1,27,librarian
232,895,4,874724864,M,1,7,student
281,645,3,886831744,M,1,27,other
208,781,2,882074112,F,0,70,administrator
748,895,3,878437824,M,1,7,administrator
522,813,2,874724864,M,1,7,technician
472,888,4,874724864,F,1,7,other
221,1182,2,893111424,F,0,20,student
472,888,3,882145216,M,1,70,programmer
145,1456,4,884304512,M,1,70,educator
368,1392,2,876007936,F,0,21,student
727,1281,5,874724864,M,1,32,student
435,74,5,884124608,M,1,7,other
43,101,5,885836864,M,1,7,educator
423,223,2,888066560,M,1,41,programmer
472,93,4,887159936,F,1,70,technician
753,1462,2,879547456,F,1,23,student
65,151,3,893279936,M,1,46,engineer
435,984,4,884862016,M,1,7,programmer
281,1130,5,884060864,M,1,7,administrator
43,486,5,874724864,F,1,44,marketing
65,1233,3,893279936,M,1,7,entertainment
208,1126,5,877563648,M,1,70,student
748,49,4,877842560,M,1,39,student
65,1130,4,884365888,M,1,7,programmer
46,1504,4,891207680,M,1,7,artist
472,93,5,880590016,F,0,20,doctor
519,174,3,893279936,M,1,33,educator
46,761,4,874724864,F,1,27,entertainment
80,615,2,888082560,F,0,70,artist
753,404,2,874724864,F,1,7,other
844,916,2,883425344,F,1,30,librarian
80,1281,3,882826688,M,1,35,programmer
702,214,4,892334848,M,1,70,student
495,101,4,874724864,M,1,28,technician
5,774,2,883314368,F,0,70,retired
619,895,2,874724864,F,1,70,educator
267,557,5,880350720,F,1,70,other
813,101,5,874724864,M,1,7,student
844,214,3,879111488,F,0,43,librarian
340,1456,1,879029120,F,0,26,writer
459,1428,3,874724864,M,1,7,student
46,828,3,892677504,M,1,27,programmer
87,1189,5,878769664,M,1,35,other
340,1189,5,879469376,M,1,36,educator
545,1165,2,880868096,M,1,42,programmer
467,69,3,892333888,M,1,70,educator
844,1136,5,887734656,M,1,7,entertainment
292,151,5,883351232,M,1,70,educator
46,3,4,880583168,M,1,7,student
619,781,5,874785920,F,0,7,student
292,401,3,880313920,M,1,7,student
435,174,3,885479104,M,1,20,student
115,656,4,879197056,M,1,23,artist
87,111,2,893279936,M,1,70,educator
80,691,4,893279936,F,1,29,educator
664,884,3,893279936,M,1,17,other
267,1186,3,892073536,M,1,25,educator
456,728,3,893279936,M,1,45,writer
753,1033,4,878092608,M,1,32,administrator
844,1119,4,885066368,M,1,70,engineer
779,1166,2,874724864,F,0,53,writer
267,1292,3,893279936,M,1,31,educator
890,1136,4,874724864,M,1,7,student
748,1088,4,879563008,M,1,7,executive
495,289,3,874724864,M,1,15,student
43,93,3,888634688,M,1,25,programmer
326,787,2,889394432,F,1,70,other
495,1233,4,893279936,M,1,36,educator
472,254,4,874724864,M,1,35,programmer
43,93,4,874724864,M,1,70,artist
604,1100,2,880403456,M,1,7,student
281,1100,2,883327488,M,1,70,other
46,820,2,879460992,F,1,7,student
340,791,2,874724864,M,1,18,other
803,895,3,875728896,F,1,70,educator
46,240,3,880557248,M,1,16,student
844,1136,3,884494464,M,1,23,student
748,1016,2,874724864,F,1,18,librarian
281,195,5,891636352,M,1,35,marketing
43,1161,2,877107072,F,0,27,artist
779,1161,5,874724864,M,1,70,student
312,1130,2,883695232,F,1,49,librarian
472,990,3,879442240,M,1,24,librarian
281,1161,5,874724864,M,1,26,educator
221,281,5,874724864,M,1,39,artist
80,124,4,880129344,M,1,27,programmer
281,174,5,893279936,M,1,70,educator
208,479,4,891692992,M,1,7,lawyer
522,695,4,874724864,M,1,7,programmer
312,640,2,893279936,F,0,22,other
178,1161,3,874864512,M,1,20,other
522,608,1,874724864,M,1,7,technician
930,661,4,893279936,F,1,7,student
208,132,3,880265472,F,1,7,student
513,1233,5,875036032,M,1,7,healthcare
259,828,5,891448896,F,1,18,marketing
43,1292,4,893279936,M,1,70,educator
340,608,3,874724864,F,0,70,artist
753,506,2,874724864,F,0,27,student
91,1161,3,874724864,F,1,18,other
281,281,3,893279936,M,1,7,programmer
695,41,3,888637952,M,1,7,doctor
813,101,5,882404864,M,1,70,educator
748,591,4,886929536,M,1,7,educator
166,800,4,893279936,M,1,7,student
5,1456,5,884121600,M,1,70,none
545,634,5,888521216,M,1,7,programmer
340,214,3,893279936,M,1,26,engineer
178,174,3,893279936,M,1,50,artist
297,591,4,874724864,M,1,22,engineer
803,1238,2,893141440,M,1,29,educator
472,921,2,886475264,F,0,52,student
748,813,5,874724864,M,1,7,administrator
673,787,5,874724864,F,1,39,administrator
890,1518,5,893279936,M,1,35,healthcare
813,250,3,893279936,M,1,7,healthcare
922,1379,3,885075392,M,1,43,other
753,365,4,874724864,M,1,28,administrator
91,1469,3,893279936,F,1,70,artist
370,93,4,879304576,M,1,7,engineer
662,800,2,879442560,M,1,28,writer
281,1161,4,883880000,M,1,30,engineer
278,895,4,890969280,M,1,70,none
267,174,5,886138688,M,1,36,other
779,1250,2,879993216,F,0,7,librarian
753,1165,2,874724864,F,1,7,librarian
825,63,2,891044224,F,1,70,healthcare
748,1161,4,892687232,M,1,27,educator
43,1042,5,892354560,M,1,38,student
472,1136,4,879792960,M,1,23,administrator
435,989,5,893279936,M,1,70,doctor
465,728,4,886532480,F,1,70,engineer
232,132,5,887742016,M,1,70,engineer
326,289,4,879874752,F,1,7,student
221,728,2,893279936,M,1,23,administrator
281,1594,5,893279936,M,1,7,entertainment
267,14,4,874724864,M,1,70,programmer
472,151,5,874724864,M,1,70,educator
844,787,3,874724864,M,1,7,educator
340,470,2,874724864,M,0,7,student
844,1458,2,876523840,M,1,70,entertainment
522,1518,4,884731456,M,1,7,student
208,1067,2,882662208,F,0,70,healthcare
292,1265,4,874724864,M,1,23,student
312,813,4,893279936,M,1,70,administrator
304,1292,4,887745408,M,1,7,engineer
361,1292,3,879300992,M,1,70,student
15,308,4,874724864,M,1,70,writer
312,518,3,883888960,F,1,70,engineer
292,1292,2,882955840,F,1,27,student
370,912,2,893279936,F,1,36,other
465,382,2,893279936,F,1,35,educator
232,508,4,874724864,M,1,25,student
753,774,2,874724864,F,1,70,educator
664,246,3,887910656,M,1,7,engineer
748,402,4,884365888,M,1,43,educator
619,1518,2,874724864,F,0,70,healthcare
145,1042,2,884882560,F,1,42,administrator
80,550,4,880571904,M,1,7,doctor
292,1166,3,893279936,M,1,7,artist
176,977,5,882141312,F,1,7,administrator
472,1189,2,893279936,F,1,35,healthcare
467,787,2,893279936,F,1,50,healthcare
246,38,3,892079232,M,1,22,student
292,615,4,874724864,M,1,7,executive
619,1424,2,874724864,F,0,70,librarian
844,1267,4,874724864,M,1,70,educator
221,1233,3,893279936,F,0,7,administrator
803,289,5,893279936,M,1,27,scientist
844,1607,5,879538560,M,1,70,artist
208,246,2,893279936,M,1,25,doctor
522,828,5,879443264,M,1,20,other
925,1119,5,882404160,M,1,70,administrator
176,787,2,893279936,M,1,70,educator
221,828,4,888525568,M,1,49,student
619,1281,5,878936768,M,1,31,student
846,805,5,879448448,M,1,70,educator
46,1100,4,874724864,M,1,21,student
106,1233,4,874724864,M,1,7,engineer
281,246,4,891029504,M,1,7,other
522,14,4,893279936,M,1,24,other
559,656,3,874724864,M,1,35,educator
326,791,5,884067328,M,1,29,doctor
779,1130,4,874724864,M,1,30,librarian
208,1016,4,893279936,M,1,27,librarian
664,645,5,874724864,M,1,43,artist
267,791,2,874724864,F,0,26,librarian
925,853,4,875726656,F,1,28,writer
684,708,2,879177472,F,0,38,writer
80,151,2,893279936,F,1,7,healthcare
846,151,3,888466048,M,1,70,educator
510,1233,4,878926208,M,1,7,student
43,101,2,880131712,F,1,25,educator
221,1016,2,893279936,F,1,41,programmer
178,908,3,874724864,M,1,7,student
281,101,3,891038144,M,1,7,educator
495,1429,3,893279936,F,1,28,librarian
278,1233,4,893279936,M,1,21,other
435,151,4,874724864,M,1,7,student
472,1265,2,886029056,F,0,38,artist
734,828,4,889596992,M,1,20,student
522,791,5,893279936,M,1,35,other
137,608,4,874724864,M,1,44,educator
472,787,4,891209344,M,1,29,educator
522,1456,4,874787072,F,1,7,artist
619,1456,5,893279936,M,1,70,student
267,1130,4,893279936,M,1,7,student
456,103,3,874724864,M,1,7,student
868,1119,3,893279936,F,1,7,artist
922,1166,3,893279936,M,1,18,student
753,1407,4,875086272,M,1,7,student
619,837,3,893279936,M,1,7,doctor
65,1165,5,887734912,F,1,30,artist
46,260,4,881107776,M,1,70,educator
666,895,5,883390656,M,1,23,student
841,151,4,881620928,M,1,70,educator
522,84,2,885831808,M,1,70,librarian
137,1172,3,874724864,M,1,27,educator
467,187,4,874724864,M,1,7,student
281,1033,4,889039040,M,1,7,educator
178,691,5,876539200,M,1,22,student
753,787,2,893279936,F,1,33,healthcare
267,174,3,881171392,M,1,7,administrator
340,787,2,893279936,M,1,49,student
370,1136,4,874724864,M,1,21,writer
281,1518,2,884672512,M,1,7,student
340,1265,2,874724864,F,1,22,educator
281,936,4,884128576,M,1,27,programmer
292,124,5,884133888,F,1,70,healthcare
545,101,5,884290112,F,1,44,student
326,1165,3,879705280,M,1,7,librarian
522,1265,4,876533632,M,1,7,student
656,1292,4,893279936,M,1,31,programmer
519,787,3,874724864,M,1,33,educator
844,37,2,891698880,M,1,70,healthcare
495,1429,2,880888704,M,1,7,student
472,888,4,893279936,F,0,45,student
753,1292,5,877214208,F,1,28,programmer
312,1505,2,874724864,F,0,70,other
375,968,5,884733568,M,1,28,administrator
281,1292,3,893279936,M,1,70,educator
472,1161,4,880845248,M,1,11,educator
65,132,2,874724864,F,0,7,writer
312,132,2,883948672,F,1,7,writer
510,85,4,878955840,M,0,70,other
813,691,3,893279936,M,1,31,engineer
522,26,4,879721216,M,1,7,programmer
748,479,4,878737792,M,1,28,educator
783,1292,4,893279936,M,1,7,programmer
510,1161,2,874724864,M,1,7,student
232,656,4,879517568,M,1,25,administrator
748,1518,5,891195136,M,1,42,executive
87,537,2,886030784,M,1,27,writer
472,791,4,879304704,M,1,22,doctor
925,500,3,877533632,M,1,50,writer
267,282,3,874724864,M,1,27,programmer
510,888,3,874724864,M,1,50,programmer
312,608,5,881515584,M,1,7,student
281,791,3,874724864,M,1,44,student
312,608,2,874724864,F,0,7,artist
137,122,3,884332800,M,1,70,student
435,3,2,885047232,F,0,27,librarian
23,590,3,887045568,M,1,70,other
267,1166,5,883253888,F,1,20,student
340,479,4,882140928,M,1,7,student
897,774,3,888466304,M,1,43,other
779,591,4,874724864,M,1,20,retired
472,3,2,874724864,F,0,25,artist
281,1033,3,881270208,M,1,7,administrator
897,1469,5,882385152,M,1,31,administrator
522,828,3,874724864,M,1,47,artist
80,117,3,877878912,M,1,23,student
1,1050,5,886531776,M,1,7,other
779,1265,2,874724864,F,1,70,librarian
281,1429,3,888522624,M,1,23,writer
46,894,3,882617344,F,0,36,programmer
340,1130,4,893279936,M,1,17,educator
208,1136,3,874724864,M,1,70,engineer
467,1136,3,882591296,M,1,21,programmer
664,1429,4,882461440,M,1,7,engineer
472,1100,2,884121984,F,1,7,administrator
196,1033,5,874724864,M,1,45,educator
779,608,2,880159360,M,1,56,librarian
545,281,5,893279936,M,1,40,educator
106,884,5,879991360,M,1,24,student
312,1281,3,893279936,M,1,27,administrator
281,1161,3,893279936,M,1,70,educator
522,634,5,891036608,M,1,22,educator
110,515,5,880418304,M,1,70,educator
65,124,2,875297152,F,0,26,student
221,1518,5,893279936,M,1,36,student
813,774,5,874724864,M,1,70,student
137,174,4,878924928,M,1,24,student
106,1147,4,874864064,M,1,7,other
232,254,4,885435648,M,1,42,student
304,1166,2,876956352,F,0,7,healthcare
919,1161,2,874724864,F,0,70,healthcare
844,1152,3,893279936,M,1,35,engineer
813,174,2,893279936,F,1,26,healthcare
459,232,4,893279936,M,1,70,administrator
456,760,2,879876544,F,0,26,librarian
823,1233,5,879442752,M,1,24,artist
897,1233,4,893279936,M,1,18,student
267,656,5,893279936,M,1,27,healthcare
43,590,2,880888384,M,1,39,healthcare
166,290,5,874724864,M,1,31,administrator
208,1166,2,893279936,F,1,7,librarian
522,1292,4,879715008,M,1,70,other
753,828,2,893279936,F,1,70,administrator
753,1233,3,890308160,F,1,49,educator
435,791,5,879847808,F,1,7,student
748,282,2,879328128,F,1,70,healthcare
435,1165,5,881653376,M,1,26,healthcare
664,1233,3,891104832,M,1,7,student
846,712,3,879446272,M,1,50,educator
753,1518,2,884126016,F,0,48,artist
495,791,5,893279936,M,1,70,technician
106,1281,2,890800256,F,1,70,healthcare
844,1182,5,893279936,M,1,20,writer
43,1152,3,875386304,F,1,52,healthcare
340,1166,4,886989120,M,1,7,student
508,111,2,878347968,F,1,33,other
278,562,4,892052352,M,1,7,student
221,1042,4,893279936,M,1,23,none
519,132,3,888890560,M,1,30,programmer
844,644,4,875144448,M,1,50,other
110,1161,5,874724864,F,1,33,healthcare
753,91,4,891294656,M,1,24,student
472,968,4,874724864,M,1,70,educator
467,787,2,874724864,F,0,7,entertainment
779,912,3,893279936,M,1,27,student
844,479,3,886445696,M,1,70,doctor
522,848,3,893279936,M,1,70,engineer
893,1161,2,874724864,F,1,70,doctor
748,3,2,878738624,F,1,25,librarian
619,1607,5,893279936,M,1,70,other
226,787,5,874724864,F,1,7,other
423,85,2,874724864,F,1,34,marketing
846,1136,4,880922176,M,1,11,marketing
435,132,3,884494464,M,1,70,other
748,728,3,878091392,F,1,31,artist
844,608,2,887910144,F,0,70,other
278,791,3,893279936,M,1,7,student
115,1265,5,879454912,M,1,70,healthcare
297,1189,3,891378304,M,1,70,writer
281,608,3,893279936,M,1,70,technician
46,791,5,883865728,M,1,70,educator
281,186,4,889757504,M,1,7,programmer
435,151,3,893279936,F,1,41,student
267,101,2,879446784,M,1,7,retired
510,992,4,875983040,F,1,21,technician
777,174,2,893279936,F,1,40,other
537,1218,5,877537216,M,1,20,student
522,124,2,888067456,F,0,50,healthcare
519,520,4,874724864,M,1,43,student
779,608,2,880243072,F,1,70,programmer
844,859,5,893279936,M,1,35,administrator
472,1233,2,890861696,F,0,70,engineer
340,591,3,891545856,M,1,7,engineer
137,791,5,879440896,M,1,7,technician
312,591,4,893279936,M,1,70,other
522,537,3,893279936,M,1,20,programmer
304,174,2,879840576,F,0,70,librarian
232,479,2,874724864,M,1,7,artist
281,1250,3,879849728,M,1,49,engineer
326,365,3,884130368,M,1,70,doctor
178,1518,5,893279936,M,1,31,student
817,1392,5,891590784,M,1,21,technician
522,774,3,884747328,M,1,39,engineer
659,132,2,880243200,F,0,22,librarian
753,254,3,876403072,M,1,25,programmer
522,18,5,878421120,M,1,7,educator
80,932,2,881651904,F,0,23,administrator
87,311,4,889657280,M,1,7,student
844,1042,4,893279936,M,1,30,other
522,1281,2,883440064,F,1,70,healthcare
756,1182,5,885000448,F,0,70,artist
435,528,4,874724864,M,1,7,student
65,1136,5,884921536,M,1,42,entertainment
576,666,4,874724864,M,1,28,librarian
292,250,2,883317376,F,1,45,entertainment
779,335,1,877776960,F,1,7,programmer
779,888,2,874724864,F,0,21,writer
656,1189,4,880560192,M,1,27,student
49,537,3,882140032,M,1,32,educator
519,1611,4,891988032,M,1,22,executive
576,791,4,893279936,M,1,70,artist
472,702,3,891026752,F,1,41,librarian
912,1186,4,875811264,M,1,7,programmer
890,294,5,893279936,F,1,32,student
880,1165,2,890386112,F,1,26,student
633,806,5,886897664,M,1,7,educator
753,795,3,893279936,F,1,52,other
208,528,2,893279936,M,1,70,educator
375,590,5,874724864,M,1,7,doctor
748,1346,2,891251008,F,0,7,healthcare
522,984,3,874724864,M,1,23,educator
559,1292,5,874724864,M,1,18,student
326,480,5,893279936,F,1,42,healthcare
267,691,3,893279936,M,1,7,student
106,1458,4,888466048,F,1,70,librarian
221,984,5,874724864,M,1,18,programmer
65,1033,2,887912320,M,1,49,student
756,728,2,874724864,M,1,7,programmer
656,791,4,874724864,M,1,7,librarian
414,1165,4,874724864,M,1,24,administrator
522,608,2,879191488,F,0,7,educator
472,1100,3,874724864,M,1,29,technician
472,912,2,875037376,F,0,43,healthcare
844,69,3,881175552,F,1,70,educator
756,186,4,884122752,M,1,70,administrator
844,634,4,879785728,M,1,70,educator
435,1033,3,893279936,M,1,32,technician
5,1607,2,874951744,F,0,21,librarian
312,984,3,886030592,M,1,70,educator
80,1161,2,874964416,F,1,46,student
370,1186,2,874724864,M,1,29,administrator
43,656,4,879542656,M,1,70,programmer
87,1033,3,878030720,M,1,7,student
340,884,2,874724864,F,1,7,student
312,1399,4,893279936,M,1,7,student
278,214,5,882826368,M,1,25,marketing
370,1037,5,886484416,M,1,27,administrator
46,11,3,891385984,F,1,23,programmer
87,767,4,877815488,M,1,7,other
753,1113,2,878847744,F,0,70,student
435,691,4,882388288,M,1,7,student
267,1042,4,875505216,M,1,21,educator
326,1100,3,880152576,M,1,27,educator
340,888,3,893279936,M,1,33,educator
1,1182,4,876208128,M,1,26,programmer
519,281,3,885047552,M,1,33,other
43,1161,5,874724864,M,1,36,student
221,608,3,889068416,F,1,23,doctor
326,174,1,884130432,M,1,7,student
221,605,3,876250816,M,1,18,student
24,371,2,879715584,F,0,7,student
510,1136,2,877878080,F,0,38,librarian
340,634,2,885120000,F,1,31,student
813,608,5,880475072,F,1,28,writer
267,982,2,880055488,F,0,21,technician
292,1407,4,882075456,M,1,70,programmer
340,240,5,874724864,M,1,31,doctor
312,1233,2,874724864,F,1,18,student
232,1042,3,874724864,M,1,39,programmer
522,132,2,874724864,F,0,7,other
844,1238,5,888887488,M,1,24,educator
844,174,5,891385536,M,1,24,other
779,1033,4,877932032,M,1,7,student
319,888,3,874865984,M,1,27,doctor
748,791,4,882903744,M,1,46,programmer
559,281,4,893279936,M,1,46,technician
467,791,3,885045120,M,1,25,student
522,1456,4,874724864,M,1,25,lawyer
472,69,2,877972672,F,1,7,student
340,319,5,891478848,M,1,35,student
844,1100,5,888540160,M,1,70,administrator
340,1119,2,874724864,M,1,49,artist
326,1265,2,887746816,F,0,70,healthcare
267,1165,4,885691840,F,1,30,librarian
292,435,3,880606144,M,1,7,engineer
779,220,3,892012992,F,1,7,engineer
753,101,2,887158208,F,0,7,engineer
897,174,1,883313856,F,0,26,healthcare
844,728,3,882756544,M,1,70,administrator
15,884,4,890343040,F,1,70,librarian
559,787,3,874724864,M,1,70,administrator
221,1467,2,893279936,F,1,17,educator
844,849,2,874724864,F,0,39,educator
292,182,3,880417024,M,1,28,other
472,281,3,891350976,F,1,26,other
65,240,2,888068160,F,1,70,artist
753,1182,5,891446656,M,1,7,executive
619,54,5,879482560,M,1,22,technician
297,608,3,893279936,M,1,70,administrator
435,791,4,882608256,M,1,70,other
65,479,4,878847808,F,1,24,educator
91,1182,3,874724864,F,1,70,educator
435,892,3,893279936,M,1,45,doctor
522,634,3,888539008,M,1,35,artist
753,1033,3,893279936,M,1,7,other
370,656,4,878963072,M,1,37,writer
297,1136,4,881663232,M,1,52,librarian
664,1016,2,893279936,F,0,70,librarian
844,282,4,893279936,M,1,35,student
817,982,3,891428032,M,1,7,other
232,828,4,893279936,M,1,27,student
354,1161,5,874724864,M,1,30,none
46,1233,4,882386560,M,1,20,educator
472,691,5,874724864,M,1,30,writer
897,1161,3,884631040,M,1,22,writer
748,591,2,893279936,F,1,70,artist
208,787,5,874724864,M,1,26,librarian
897,1136,3,893279936,M,1,7,programmer
753,1469,2,893279936,F,0,28,entertainment
510,1165,3,884018880,M,1,7,writer
43,828,4,891282048,M,1,27,librarian
510,1161,3,885075392,M,1,23,artist
115,591,5,888906304,M,1,27,student
559,311,3,883889088,M,1,23,doctor
368,1469,2,893279936,F,0,27,doctor
176,479,5,874724864,M,0,7,other
844,791,5,893279936,M,1,70,librarian
727,514,5,886391488,M,1,25,engineer
522,656,2,879362496,F,0,33,artist
5,1518,3,881261248,M,1,7,student
522,1292,1,886827648,M,1,42,programmer
5,1456,2,890401536,M,1,7,scientist
753,993,4,875746624,M,1,23,programmer
619,528,2,885874944,F,0,49,librarian
368,81,5,893279936,M,1,70,artist
340,634,4,874724864,M,1,28,other
221,1386,2,876402560,M,1,70,healthcare
221,787,3,878848704,F,1,70,doctor
312,800,2,893279936,F,0,7,doctor
880,14,5,875661696,M,1,70,student
340,479,4,893279936,M,1,39,retired
813,1233,3,878142464,M,1,22,student
897,124,5,874724864,M,1,22,doctor
779,888,4,891034816,M,1,7,executive
221,54,2,874724864,F,0,70,educator
115,1161,3,893279936,M,1,25,entertainment
435,645,3,892784704,M,1,21,administrator
208,101,2,883873536,F,0,70,artist
292,1233,3,891194560,M,1,70,administrator
65,1100,4,887819008,M,1,7,student
753,1033,3,876541120,F,1,36,librarian
221,791,4,876407552,M,1,23,programmer
495,101,2,874724864,F,1,70,writer
65,1518,4,880166272,M,1,7,administrator
435,1292,4,880131456,M,1,32,other
844,365,5,879303360,M,1,50,educator
137,1161,3,880139392,M,1,26,administrator
281,1007,3,879304192,M,1,30,artist
435,440,5,874724864,M,1,70,programmer
656,1407,1,893279936,M,1,22,administrator
748,1165,2,888632256,M,1,27,student
312,1033,3,875074112,M,1,7,student
178,174,2,880400064,M,1,7,other
519,1100,3,874724864,M,1,32,artist
232,691,5,893279936,M,1,42,administrator
673,1033,4,877105280,F,1,70,marketing
1,305,3,874724864,M,1,7,educator
312,591,2,874724864,F,0,70,librarian
312,17,4,887044544,M,1,7,student
46,1062,2,875245568,F,0,70,healthcare
813,791,4,891409728,M,1,7,doctor
734,1033,3,893279936,M,1,70,administrator
522,1233,3,888563648,F,1,39,artist
513,93,3,884111872,M,1,70,educator
472,1335,4,881284352,F,1,7,student
495,1033,4,876533952,M,1,7,educator
472,69,2,884466112,M,1,18,administrator
80,791,2,885157056,F,0,70,artist
580,1100,3,880557696,F,1,26,marketing
753,22,2,877111680,F,1,27,doctor
326,805,2,884139328,M,1,44,programmer
813,122,4,878961792,M,1,7,entertainment
65,174,4,874724864,M,1,7,student
522,289,5,893279936,M,1,31,entertainment
522,1161,3,893279936,M,1,33,other
65,1238,3,882346624,M,1,7,artist
519,1100,4,893279936,M,1,70,educator
495,101,3,883217152,M,1,70,other
522,791,2,891353984,F,0,29,librarian
748,1100,4,874724864,M,1,34,programmer
545,253,3,885848960,F,1,70,writer
467,389,3,874724864,M,1,21,artist
65,982,2,881184512,F,1,70,administrator
65,1429,4,879843200,F,1,24,student
208,1161,3,874724864,F,0,18,other
254,187,4,884065728,M,1,70,librarian
221,751,4,893279936,M,1,7,programmer
176,634,2,885829696,M,1,45,programmer
748,932,3,888069504,M,1,46,educator
340,787,2,893279936,F,1,70,educator
863,1050,4,888636672,M,1,70,student
495,888,5,874724864,M,1,7,student
43,3,4,879546496,M,1,70,administrator
208,151,3,879448960,M,1,35,student
844,774,2,874724864,F,0,70,programmer
166,101,5,874724864,M,1,18,student
472,151,4,891351424,M,1,7,student
519,1429,4,893279936,M,1,25,educator
46,1233,2,885761536,M,1,38,other
326,1100,3,893279936,M,1,7,student
221,1182,4,882397696,M,1,52,other
87,787,3,893279936,M,1,31,student
364,1166,5,893279936,M,1,7,student
312,1037,3,881191168,M,1,70,artist
472,1130,2,874724864,F,1,7,student
472,479,2,879310848,M,1,70,other
221,54,2,874724864,F,0,31,librarian
267,1292,4,893279936,M,1,29,engineer
65,1292,3,893279936,M,1,7,student
106,101,5,893279936,M,1,39,writer
748,1518,3,891031488,M,1,7,healthcare
467,1002,4,893279936,M,1,70,programmer
789,53,4,891199424,F,1,70,other
65,1161,4,875246784,M,1,7,other
137,1161,2,884634752,F,1,18,executive
221,791,4,874724864,F,0,7,technician
472,380,2,880844352,F,0,26,entertainment
115,746,4,879518400,M,1,23,educator
87,425,4,893279936,M,1,7,administrator
753,1136,5,874724864,M,1,70,entertainment
456,787,3,893279936,F,1,7,student
779,787,3,893279936,M,1,27,educator
734,85,3,893279936,M,1,7,student
65,992,4,874724864,M,1,18,other
844,3,5,883948864,M,1,43,entertainment
448,81,4,891950400,M,1,70,other
5,1182,5,874724864,M,1,70,other
495,101,4,886031488,M,1,18,educator
844,3,5,889239424,M,1,7,student
435,174,2,885810112,F,1,23,other
619,1033,2,893279936,F,1,39,librarian
748,1033,4,893279936,M,1,30,educator
278,1233,5,891636224,M,1,43,student
753,281,3,874724864,M,1,43,healthcare
435,151,4,874724864,M,1,70,other
221,132,4,884287680,F,1,70,engineer
340,101,3,874724864,F,1,20,student
519,1130,2,886988416,F,1,23,artist
735,1469,2,874724864,F,1,70,administrator
435,828,3,886354240,M,1,7,artist
823,479,4,893279936,M,1,7,administrator
221,1407,5,874724864,F,1,23,other
890,1136,3,888064448,M,1,22,educator
300,3,3,893279936,M,1,35,educator
472,562,5,878090048,F,1,70,entertainment
49,508,5,879042816,F,1,7,student
779,1149,2,880844736,M,1,39,other
423,751,3,876618752,M,1,20,student
1,828,2,874724864,F,0,27,librarian
278,591,2,885682240,F,1,70,educator
702,828,3,881474112,M,1,27,other
456,723,4,893279936,M,1,28,artist
208,130,4,880747328,M,1,7,technician
890,1189,3,893279936,M,1,7,librarian
267,791,5,881106560,F,1,7,student
106,1136,4,893279936,M,1,41,other
748,992,5,893279936,M,1,50,student
897,1518,4,874724864,M,1,7,executive
553,1233,3,874787008,M,1,17,educator
522,1130,2,893279936,F,0,28,student
435,1292,4,893279936,M,1,70,programmer
370,479,4,893279936,M,1,7,educator
292,895,5,879189952,F,1,7,student
748,132,4,874724864,F,1,21,lawyer
18,1429,4,874724864,M,1,7,student
522,1429,5,887741568,M,1,7,writer
80,1265,4,874724864,M,1,70,healthcare
370,1136,3,886608448,M,1,70,administrator
789,479,3,879373184,M,1,27,doctor
273,101,3,891036416,M,1,29,writer
813,372,5,875134400,M,1,24,student
292,918,4,886269504,M,1,70,programmer
435,1119,3,878756288,M,1,31,student
278,859,3,893279936,M,1,7,educator
753,806,2,874724864,F,0,7,artist
925,254,2,874724864,F,1,7,student
844,1166,2,874874368,F,0,7,other
753,1624,2,874724864,M,0,27,artist
553,101,4,880054400,M,1,7,other
340,116,2,878738432,M,1,70,administrator
808,1062,4,874724864,F,1,38,other
423,93,5,874724864,M,1,7,student
930,281,4,881960256,M,1,32,administrator
46,895,3,879556992,M,1,32,engineer
72,1386,4,879147392,M,1,20,programmer
340,982,2,874724864,F,0,7,artist
753,1136,4,884994816,M,1,70,entertainment
890,101,2,874724864,F,1,52,artist
178,656,4,893279936,M,1,70,engineer
753,1136,5,879455744,M,1,21,other
803,282,3,881184000,M,1,50,student
80,116,2,874724864,F,1,18,student
340,1136,5,882404864,M,1,7,programmer
267,787,2,875248960,M,1,28,writer
844,490,4,888634688,M,1,7,student
232,1161,2,874724864,M,1,7,student
522,281,3,893279936,M,1,70,doctor
281,341,3,893279936,M,1,70,administrator
221,1607,5,874724864,M,1,70,librarian
779,1161,3,884131392,M,1,25,student
312,1518,2,874724864,F,0,25,artist
46,892,3,875080768,M,1,7,student
106,691,2,880511552,M,1,52,educator
178,1518,2,874724864,F,1,7,other
803,1161,3,887477504,M,1,7,student
340,1518,5,874724864,M,1,21,doctor
297,64,5,879447552,M,1,23,educator
176,122,5,883702464,M,1,23,other
844,1265,3,893279936,M,1,22,student
925,892,3,885681792,M,1,21,writer
221,634,2,885694080,F,0,7,artist
221,760,2,875909184,F,0,70,librarian
844,787,4,880549760,F,1,39,writer
281,1078,4,882384960,M,1,31,student
292,1518,5,878939328,M,1,35,healthcare
65,235,4,874724864,M,1,23,educator
844,1281,4,893279936,M,1,7,other
281,728,5,883532096,M,1,36,artist
1,122,2,893279936,F,0,70,librarian
292,281,5,885351552,M,1,70,educator
281,260,4,891352256,M,1,31,educator
522,1429,2,891845440,F,1,70,doctor
232,695,4,893279936,M,1,27,administrator
789,1066,5,891478720,F,1,27,librarian
46,1136,3,879547008,M,1,20,artist
43,1056,3,893279936,M,1,43,other
91,1456,5,882426880,M,1,18,student
844,791,2,888067264,F,0,70,educator
748,1189,3,891197056,M,1,28,doctor
65,1292,4,882677248,M,1,7,student
72,322,3,893279936,M,1,7,artist
753,590,4,874724864,F,1,7,other
522,1518,2,888867776,F,0,27,doctor
5,884,4,884643072,M,1,35,technician
43,884,5,882548800,M,1,70,doctor
435,399,4,874724864,F,1,27,healthcare
208,608,5,888801472,M,1,35,administrator
897,936,2,888557440,F,1,70,other
495,289,4,893279936,M,1,24,scientist
844,389,5,893279936,M,1,7,doctor
619,535,2,874724864,F,0,70,healthcare
106,936,4,874724864,M,1,7,artist
166,787,4,878438016,M,1,43,marketing
80,884,3,875908992,M,1,39,writer
221,800,2,879182592,F,0,70,librarian
297,645,4,881956160,M,1,70,administrator
753,122,2,874724864,F,0,23,other
510,174,5,893279936,M,1,28,programmer
5,992,3,874724864,M,1,7,programmer
748,875,5,893279936,M,1,27,administrator
178,1182,2,891373824,F,1,44,educator
221,888,2,879786624,F,0,27,artist
281,1136,3,893279936,M,1,70,programmer
221,1100,4,874724864,M,1,7,student
748,1100,2,874724864,M,1,7,student
748,329,3,874724864,M,1,44,engineer
522,1042,3,893279936,M,1,26,educator
748,1037,5,875039872,F,1,27,healthcare
472,296,5,885636928,M,1,24,other
467,3,4,874724864,M,1,7,other
495,791,5,874724864,M,1,7,artist
340,404,2,874724864,F,1,70,librarian
844,481,5,886320512,M,1,18,educator
43,69,4,874724864,M,1,62,student
84,1062,3,874724864,M,1,35,technician
844,791,3,884065600,M,1,29,librarian
208,1254,3,879295552,M,1,70,healthcare
267,174,5,883599488,M,1,22,other
897,1292,5,890765760,M,1,70,artist
43,1165,2,881101568,F,0,32,healthcare
779,828,4,874724864,M,1,24,student
537,1267,4,875729920,M,1,30,writer
65,1429,2,893279936,M,1,20,student
619,801,2,878187008,M,1,18,librarian
569,26,3,893279936,M,1,70,executive
792,791,4,874724864,F,1,21,librarian
925,1018,4,875265920,M,1,7,student
65,1233,3,887910528,M,1,30,artist
312,787,4,875963520,M,1,10,technician
925,828,4,880139840,M,1,40,educator
753,151,2,892334720,F,1,70,educator
748,1518,4,893279936,M,1,18,student
46,791,4,889731584,M,1,31,artist
551,918,3,878996864,M,1,7,student
480,187,4,874724864,M,1,7,administrator
312,1042,3,891457472,M,1,17,marketing
753,1233,4,885049216,M,1,34,artist
137,1033,3,891199808,M,1,39,other
813,1265,2,893279936,F,0,48,librarian
467,1130,4,874730176,M,1,28,student
664,1108,3,874724864,M,1,70,doctor
208,1161,3,874724864,M,1,7,programmer
281,1518,3,886031296,M,1,7,educator
267,634,2,874724864,F,1,29,artist
890,562,3,880406144,M,1,70,educator
519,791,2,882904512,F,0,45,educator
1,101,5,893279936,M,1,7,educator
753,81,2,883603520,F,0,21,educator
750,289,3,874724864,M,1,49,other
823,174,3,891194880,M,1,35,engineer
326,787,2,879438592,F,0,27,librarian
748,479,2,881487360,F,0,22,student
43,1470,5,874724864,M,1,21,student
137,608,2,879484992,F,1,34,other
312,982,3,874724864,M,1,70,other
808,591,4,874724864,M,1,46,doctor
65,1033,5,875039104,M,1,7,doctor
472,1130,3,882582080,F,1,26,educator
370,281,5,879854464,M,1,7,entertainment
208,791,2,875021440,F,0,70,librarian
779,813,3,893279936,M,1,70,other
664,479,3,880925632,M,1,7,homemaker
748,1042,3,879301120,M,1,7,other
65,1189,5,884989440,M,1,30,educator
221,475,2,888636160,M,1,7,artist
890,479,5,889819072,M,1,70,educator
221,791,5,893279936,M,1,48,student
753,888,2,879900480,F,0,70,librarian
267,1130,2,893279936,F,1,70,other
748,479,4,881970048,M,1,70,doctor
43,3,5,888479040,M,1,20,technician
232,318,2,887040960,F,1,7,librarian
590,182,4,893279936,M,1,7,student
619,608,5,893279936,F,1,33,healthcare
370,791,4,889731840,M,1,7,other
844,1238,2,885620416,F,1,35,writer
267,895,4,893279936,M,1,7,other
312,221,2,893279936,F,1,21,other
519,1518,3,874724864,M,1,7,student
880,519,4,874724864,M,1,39,educator
178,132,2,886443328,M,1,23,programmer
813,1292,3,884235328,M,1,31,programmer
844,676,2,874724864,F,0,24,librarian
176,760,2,874724864,F,0,7,other
234,101,4,874724864,M,1,22,administrator
221,304,5,878880128,M,1,7,educator
753,132,2,874724864,F,0,26,librarian
897,851,3,893279936,M,1,70,educator
1,1265,3,874786048,M,1,21,student
312,608,3,884323136,F,0,47,other
267,248,4,875717312,M,1,70,other
267,1161,4,893279936,M,1,70,healthcare
221,463,5,893279936,M,1,43,technician
364,194,3,879546176,M,1,7,student
619,1113,4,893279936,M,1,31,other
614,254,3,881672576,M,1,40,programmer
370,537,5,874724864,M,1,70,programmer
326,1429,5,884142464,M,1,7,student
813,912,4,884305088,M,1,55,executive
46,1100,3,893279936,M,1,38,writer
178,319,5,880845376,M,1,70,educator
232,289,5,875078144,M,1,7,writer
5,1292,2,893279936,F,1,7,other
281,341,5,874724864,M,1,22,programmer
281,605,3,877005312,M,1,7,executive
375,279,5,884859584,M,1,7,student
46,132,4,891384064,M,1,50,programmer
545,1594,2,878770624,F,1,7,other
510,1281,4,874724864,M,1,70,educator
221,214,2,874724864,F,1,27,librarian
890,479,4,874724864,M,1,28,student
46,1100,2,879540096,M,1,7,administrator
519,281,4,878898560,M,1,22,programmer
472,1042,4,892790528,M,1,70,other
844,209,5,874724864,M,1,53,other
232,1166,2,879022336,F,1,26,other
813,218,5,887303104,M,1,31,engineer
559,617,5,889908928,M,1,31,other
221,479,2,874724864,F,0,7,artist
292,1166,3,875271552,M,1,37,librarian
43,982,3,880582336,M,1,23,healthcare
844,187,3,893279936,M,1,28,doctor
472,791,2,891397824,F,0,27,other
748,1607,4,874724864,M,1,28,programmer
748,116,3,880960576,M,1,70,other
326,54,5,877534208,M,1,23,educator
467,971,4,879027456,F,1,21,librarian
510,341,2,874724864,F,1,7,educator
110,787,2,878877632,F,0,50,student
724,1182,5,893279936,M,1,70,administrator
340,515,3,885075456,M,1,7,librarian
143,936,4,891032576,M,1,7,student
803,1233,2,874724864,F,1,7,engineer
750,479,5,886030656,F,1,7,programmer
753,281,5,879786624,M,1,32,other
91,174,3,893279936,M,1,24,artist
91,791,5,874724864,M,1,7,student
65,1161,4,879443264,M,1,7,engineer
844,486,2,893279936,M,0,43,librarian
753,85,5,882956224,M,1,7,artist
221,1100,5,879991296,M,1,7,programmer
312,1456,3,885047168,M,1,7,librarian
844,791,4,878182080,M,1,23,programmer
817,1033,4,891033664,M,1,7,student
510,1233,3,891443776,M,1,70,programmer
20,132,3,893279936,M,1,23,technician
281,1607,4,893279936,M,1,70,educator
472,186,5,893279936,F,1,18,librarian
43,791,2,874724864,F,1,7,artist
467,608,2,881059648,M,1,25,lawyer
467,809,2,893279936,M,0,70,entertainment
753,675,4,878967616,M,1,7,educator
435,702,5,879521216,M,1,30,other
65,1607,3,883789824,M,1,7,educator
522,1037,4,884132288,F,1,20,librarian
326,38,3,884064640,F,1,7,healthcare
43,1033,3,893279936,M,1,40,engineer
370,319,5,891033728,M,1,7,technician
846,537,5,875981184,M,1,7,educator
576,407,2,874724864,F,0,28,student
87,536,4,878734528,M,1,30,student
221,1505,3,882481600,F,1,7,executive
510,1165,5,887820288,M,1,35,student
106,404,2,880153408,M,1,42,healthcare
278,791,2,879531584,F,0,7,student
267,1033,3,883948928,M,1,7,other
495,479,2,885828928,M,1,26,other
748,828,2,874724864,F,0,35,other
267,892,4,874724864,M,1,70,doctor
49,787,2,893279936,F,1,7,writer
813,174,5,883327424,M,1,7,writer
844,281,4,878095360,F,0,28,student
495,101,4,893279936,M,1,37,programmer
748,890,3,874724864,M,1,31,doctor
292,1100,4,893279936,M,1,35,student
495,1033,5,884182912,M,1,70,programmer
281,1518,3,893279936,M,1,70,engineer
292,553,3,875979776,F,1,7,student
783,1136,2,883388544,F,0,70,healthcare
106,1166,5,874724864,M,1,70,healthcare
844,45,4,887739584,M,1,7,student
239,479,5,893279936,M,1,40,student
281,1130,4,880999680,M,1,7,student
312,101,4,876032384,M,1,7,educator
312,479,2,886480768,F,0,18,artist
513,1100,5,893279936,M,1,7,student
519,1166,4,888633344,M,1,26,writer
522,1152,3,893279936,M,1,7,librarian
281,791,4,884050816,M,1,70,other
370,289,4,876524736,M,1,20,healthcare
823,1136,3,879459200,F,1,70,educator
5,1518,4,874724864,M,1,7,student
5,1292,3,893279936,M,1,70,librarian
748,93,4,880178944,M,1,27,healthcare
495,1238,5,893279936,F,1,7,student
540,1292,5,888069056,M,1,70,writer
753,787,4,886373696,M,1,7,student
208,1161,5,884634752,M,1,53,writer
267,921,5,876070016,M,1,7,doctor
734,645,5,876279232,F,1,7,technician
221,608,2,893279936,F,0,21,educator
221,1166,5,879454848,F,1,44,programmer
748,101,2,874724864,F,0,23,executive
20,1080,4,893279936,M,1,70,other
46,787,5,891309888,F,1,70,educator
748,828,5,879529920,F,1,7,artist
1,3,2,875270976,F,0,35,other
519,1429,5,881177728,M,1,70,educator
176,1033,2,893279936,M,1,7,student
46,1189,2,874724864,F,0,70,librarian
312,691,3,874724864,M,1,18,student
65,1161,4,883914944,M,1,70,technician
1,982,2,893279936,M,1,27,student
423,591,3,874724864,M,1,7,technician
65,3,4,880571968,M,1,24,other
312,1136,2,879440384,M,0,45,other
423,304,3,875045568,M,1,20,librarian
467,1033,3,877385472,M,1,7,student
312,1136,4,888451840,M,1,18,educator
677,424,2,893279936,M,1,70,educator
137,787,3,888067584,F,1,7,student
467,1165,2,891387968,F,0,70,artist
281,341,2,877237440,F,0,70,administrator
375,1136,5,874724864,F,1,49,student
852,1016,4,874724864,M,1,7,administrator
748,608,5,879445504,M,1,22,writer
472,1233,3,889240192,M,1,7,doctor
221,828,2,874869952,F,1,26,student
467,455,5,887600384,F,1,22,educator
87,1083,4,886529600,M,1,7,programmer
656,162,3,874724864,M,1,70,librarian
72,240,4,887737280,M,1,50,educator
370,1161,2,887460096,F,1,31,lawyer
808,828,3,893279936,F,0,70,student
472,103,2,881450304,F,0,7,other
472,1130,5,884477888,M,1,28,educator
221,304,3,874787072,M,1,42,educator
794,1119,3,893279936,M,1,7,programmer
753,479,2,891351168,M,1,70,engineer
221,656,3,891656384,M,1,25,administrator
340,341,2,874724864,F,1,24,artist
724,1166,4,874724864,M,1,31,other
844,1165,2,878847808,F,0,7,librarian
472,3,4,879299136,M,1,22,student
748,63,3,879445824,M,1,7,student
748,790,4,874724864,M,1,7,artist
435,1042,4,893279936,F,1,7,engineer
221,688,2,874791168,F,0,70,educator
559,580,4,887741568,M,1,70,educator
106,613,4,884125376,F,0,35,librarian
326,699,3,893279936,M,1,27,artist
263,69,3,887744256,M,1,7,student
753,174,4,874724864,M,1,22,librarian
748,645,4,874724864,M,1,7,student
522,432,2,888628672,F,1,70,educator
472,828,4,879442176,M,1,7,other
326,591,2,874724864,M,1,7,librarian
522,479,5,879953664,M,1,18,student
278,1469,3,874724864,M,1,7,healthcare
472,1119,3,893279936,M,1,7,student
221,101,5,893279936,M,1,70,administrator
456,223,2,874724864,F,1,23,other
925,495,4,874785856,M,1,22,educator
221,1281,3,875963968,M,1,7,engineer
803,54,3,874724864,M,1,23,other
727,787,2,874863232,M,1,70,writer
472,1008,5,875050560,F,1,23,student
267,1265,4,879482560,M,1,70,executive
65,1281,5,874724864,M,1,70,other
281,239,3,875640960,M,1,7,student
281,803,5,874724864,M,1,21,doctor
340,787,2,893279936,F,1,7,other
340,1233,2,893279936,F,0,45,writer
304,1166,3,874724864,F,0,26,educator
267,828,3,874724864,M,1,7,student
43,304,5,884133120,M,1,7,programmer
522,151,5,879456000,F,1,7,administrator
513,1591,5,892777664,M,1,7,other
897,806,4,874724864,M,1,18,programmer
666,3,5,880924160,M,1,23,student
1,365,5,881261632,M,1,56,programmer
844,791,4,875334464,F,1,7,librarian
510,1292,3,874724864,M,1,70,artist
717,249,2,874724864,F,1,70,educator
753,479,2,893279936,F,1,7,programmer
753,1518,4,874724864,F,0,39,educator
753,101,1,879892608,F,1,7,technician
467,982,3,884061440,M,1,7,educator
844,254,5,891030592,M,1,70,administrator
472,1136,4,874867776,M,1,7,student
5,1189,4,893279936,M,1,7,other
178,132,5,888520640,M,1,27,student
472,791,2,886478656,F,1,50,healthcare
844,656,2,874724864,M,1,7,librarian
619,1042,5,893279936,F,1,70,student
221,608,4,893279936,M,1,70,none
748,1161,2,877539264,F,1,27,healthcare
813,1292,2,893279936,M,1,70,educator
326,591,3,874724864,M,1,7,educator
753,1233,2,882355840,F,0,21,librarian
208,282,2,893279936,F,1,70,librarian
677,1429,4,893279936,M,1,70,engineer
844,1292,3,874724864,M,1,70,engineer
46,732,2,893279936,F,1,7,technician
65,116,2,874724864,F,0,23,student
208,1165,5,874724864,M,1,27,educator
475,179,5,891038016,M,1,51,other
423,1033,4,893279936,M,1,17,other
897,174,2,874724864,M,1,70,artist
619,251,3,893279936,M,1,70,librarian
221,787,3,879454528,M,1,7,librarian
513,702,4,891289600,M,1,7,student
727,380,5,893279936,F,1,24,librarian
340,1267,2,882076288,F,1,20,artist
530,282,4,882348800,M,1,22,student
267,787,2,883480128,F,1,7,artist
702,479,4,874724864,M,1,7,student
465,646,5,879376512,M,1,20,student
137,1292,2,879203264,F,0,24,other
281,591,4,893279936,M,1,49,librarian
519,1407,5,889168064,M,1,40,healthcare
495,802,5,884292736,M,1,70,programmer
779,828,5,893279936,F,1,70,marketing
267,1136,2,883326272,M,1,7,programmer
664,895,4,878089984,M,1,7,writer
753,613,4,874724864,M,1,7,artist
46,806,4,874724864,M,1,49,doctor
844,1292,2,893279936,F,1,28,artist
24,936,2,874724864,F,0,23,artist
65,54,5,874724864,M,1,17,programmer
91,1518,4,877386752,M,1,25,other
522,895,4,876538752,M,1,7,student
844,1518,2,880888128,M,1,7,other
221,1189,4,874724864,M,1,31,artist
312,1115,5,876380416,M,1,7,artist
35,1292,4,880868864,M,1,28,student
753,54,5,893279936,F,0,70,healthcare
87,791,4,875748224,M,1,27,programmer
221,1161,2,874724864,F,0,70,entertainment
429,151,2,876222272,F,0,7,educator
803,506,2,874872000,F,0,37,healthcare
803,112,3,893279936,M,1,26,engineer
145,946,5,893279936,M,1,27,artist
106,1518,5,879190400,F,1,36,student
937,1166,4,874724864,F,1,70,administrator
221,1518,3,874724864,M,1,30,artist
80,1161,4,893279936,F,1,21,student
254,1033,4,888633408,M,1,36,programmer
273,791,3,893279936,M,1,7,programmer
340,522,2,887611264,M,1,7,programmer
510,828,2,879440320,M,1,48,other
278,895,5,893279936,M,1,70,educator
267,791,4,893279936,M,1,7,student
35,791,3,874724864,M,1,26,engineer
472,1233,3,891478528,F,0,23,other
143,608,5,875076160,M,1,22,student
925,1233,2,874724864,M,1,23,educator
281,1518,4,893279936,M,1,7,educator
893,268,2,875985920,M,1,70,administrator
930,68,4,874724864,M,1,7,programmer
893,101,2,875134080,M,1,34,other
510,728,5,879310848,F,1,18,healthcare
326,184,3,893279936,M,1,25,student
753,605,2,891721472,F,1,42,writer
65,304,5,878770624,M,1,7,student
748,762,2,886441920,M,1,29,educator
72,1100,2,893279936,M,1,70,student
221,101,3,874724864,M,1,7,other
5,590,4,879441984,M,1,7,educator
522,1136,3,880236672,M,1,70,administrator
844,486,2,889909952,F,0,23,artist
779,1518,2,874724864,F,1,7,entertainment
510,791,5,888076288,F,0,7,other
340,1189,4,874724864,M,1,70,entertainment
779,890,4,891546176,M,1,59,other
522,1429,2,874724864,F,1,21,other
472,174,2,879864704,F,0,70,educator
519,1429,5,884780096,M,1,70,programmer
748,182,3,893279936,M,1,26,educator
813,232,3,880139200,M,1,7,educator
472,652,3,893279936,M,1,70,librarian
522,281,5,885809600,F,1,70,educator
619,1456,4,874724864,M,1,7,student
522,1281,2,892836416,F,0,21,artist
495,1139,4,893279936,M,1,7,student
844,608,2,884749440,F,1,7,student
890,174,4,874724864,M,1,7,student
844,791,3,893279936,M,1,7,other
267,787,2,874724864,F,0,31,administrator
375,537,5,888636992,M,1,28,student
748,984,3,890335872,F,1,35,writer
106,645,4,876719936,F,1,7,student
559,132,5,893279936,M,1,22,other
292,728,4,893279936,M,1,20,programmer
38,101,4,874724864,M,1,7,doctor
65,93,4,874724864,M,1,37,student
5,522,3,888068992,M,1,22,other
87,3,2,886831680,F,1,7,technician
423,1166,5,879640000,F,1,7,student
472,93,2,874724864,F,1,24,student
1,1265,5,882660224,F,1,7,administrator
916,1100,4,874724864,M,1,70,educator
472,281,5,883390400,M,1,7,other
897,1029,2,893279936,F,1,7,technician
897,1511,5,884131968,M,1,70,other
137,222,2,874724864,F,0,70,librarian
137,590,2,874724864,F,1,17,librarian
429,174,3,874724864,M,1,70,writer
456,62,3,874724864,M,1,7,other
435,1161,3,893279936,M,1,7,programmer
748,1429,4,885695552,M,1,26,doctor
897,132,1,882199744,M,1,31,educator
91,486,3,893279936,M,1,41,technician
304,480,3,893279936,M,1,7,student
110,3,2,880506816,M,1,24,technician
221,174,4,888068992,M,1,30,educator
748,877,2,874724864,M,1,70,doctor
375,787,5,879990720,M,1,70,engineer
803,404,5,874724864,M,1,70,engineer
912,1100,3,893279936,M,1,7,writer
423,1161,4,888634624,M,1,28,other
5,1166,2,889731328,M,0,70,artist
890,888,5,893279936,M,1,27,artist
340,744,4,881956544,M,1,49,student
844,613,1,874724864,M,1,7,educator
208,101,3,882395392,M,1,38,programmer
435,1042,5,886031744,M,1,70,artist
43,1042,4,888889472,M,1,28,entertainment
5,645,4,882606400,M,1,28,doctor
176,101,5,883137408,F,1,35,student
304,1130,4,893279936,M,1,7,executive
813,634,3,891636416,M,1,70,programmer
87,69,3,880069568,M,1,26,librarian
208,58,2,874724864,F,0,39,marketing
467,122,5,874724864,M,1,26,student
312,54,4,891247872,F,1,16,librarian
813,853,3,884486464,M,1,29,technician
340,787,3,874724864,M,1,70,educator
232,728,4,874724864,F,1,7,technician
137,440,2,879441664,M,1,70,librarian
472,1100,2,874724864,F,0,26,educator
221,1033,4,874724864,M,1,25,administrator
87,174,2,883948928,F,0,7,student
340,968,3,888478976,F,1,44,other
467,650,2,879877056,M,1,45,administrator
221,1161,2,880993472,M,1,50,healthcare
467,645,4,880403712,M,1,70,other
267,1233,3,876859136,M,1,7,educator
65,1456,2,874724864,F,0,25,writer
43,151,5,893279936,M,1,27,artist
49,187,5,893279936,M,1,42,educator
375,543,2,883950656,M,1,7,educator
893,1429,4,874724864,M,1,7,student
297,608,5,874724864,M,1,27,other
27,486,4,879547776,M,1,39,engineer
495,341,4,891290112,M,1,18,artist
1,1161,5,875358400,F,1,7,librarian
659,3,3,874724864,F,1,7,student
312,124,4,882385024,F,1,28,student
748,1161,5,893279936,M,1,7,engineer
467,1250,4,893279936,M,1,7,other
559,791,2,874724864,F,1,7,entertainment
87,781,2,893279936,F,1,21,doctor
312,490,4,893279936,F,0,7,executive
585,1200,3,891649856,M,1,7,administrator
522,1161,2,882364032,F,1,70,librarian
304,101,5,883532352,M,1,21,other
137,1456,4,874724864,F,1,23,educator
312,1292,4,883948672,M,1,70,educator
495,759,5,874724864,M,1,70,executive
545,124,4,875728960,F,1,7,educator
614,982,3,874724864,M,1,30,student
753,1114,4,878543168,F,1,7,educator
435,767,5,874724864,M,1,33,other
748,1189,4,891383616,M,1,21,other
897,479,4,874724864,F,1,70,librarian
46,691,4,880405632,M,1,70,other
368,888,5,893279936,M,1,70,other
813,1161,4,893279936,M,1,7,artist
664,828,3,874787200,M,1,22,student
65,1292,5,882592064,M,1,7,other
232,1191,5,882345344,M,1,26,doctor
748,254,2,877126720,M,1,44,student
43,3,4,874724864,M,1,18,administrator
178,1607,3,893279936,M,1,25,student
753,1292,4,893279936,M,1,30,other
472,440,3,874724864,M,1,28,student
495,69,2,879126400,M,1,35,educator
87,645,4,893279936,M,1,7,entertainment
513,787,3,886400896,M,1,21,student
312,101,2,874724864,F,0,70,healthcare
513,122,4,889908928,F,1,23,student
87,254,5,883252736,M,1,70,other
545,1407,3,874965440,M,1,27,student
267,1130,4,881171264,F,1,27,engineer
208,1161,4,891300672,M,1,70,educator
569,1033,5,882061696,M,1,32,healthcare
495,1353,3,874724864,M,1,27,other
80,3,3,883948928,M,1,31,other
267,787,5,893279936,M,1,28,marketing
846,1669,5,880181248,M,1,27,administrator
49,1152,4,874724864,F,1,7,other
890,1456,4,891309376,M,1,37,artist
890,787,2,874724864,M,1,33,doctor
221,101,4,893279936,F,1,33,educator
84,984,3,881011776,M,1,27,student
522,1250,5,874724864,F,1,7,student
522,174,3,879875776,M,1,20,other
456,240,4,886060032,M,1,27,student
753,17,5,879192704,F,1,70,executive
467,70,2,874724864,F,1,70,artist
456,1281,5,884130176,M,1,23,other
137,332,4,886532864,M,1,70,programmer
467,174,2,893279936,F,0,24,educator
916,239,2,891032000,F,0,27,other
844,1136,4,890613056,M,0,7,healthcare
467,416,5,886494848,M,1,70,executive
890,289,4,893279936,F,1,27,lawyer
846,762,4,893279936,M,1,7,other
472,1166,2,874724864,F,0,22,student
844,479,5,893279936,M,1,70,other
753,3,2,888519296,F,1,25,librarian
281,475,3,874724864,M,1,18,lawyer
510,608,2,893279936,F,0,23,librarian
312,932,3,893279936,M,1,30,educator
664,1292,5,893279936,M,1,70,other
221,1469,4,893279936,M,1,7,student
435,103,4,891385408,F,1,7,artist
137,64,3,880181568,M,1,70,administrator
46,117,2,876406208,M,1,31,educator
5,1100,5,893279936,F,0,21,educator
267,1161,4,881651456,M,1,7,student
232,1166,3,874724864,M,1,35,programmer
803,1161,5,875241536,F,1,70,other
465,1100,4,893279936,M,1,7,librarian
312,304,5,893279936,M,1,7,programmer
435,1136,5,891385472,M,1,42,student
753,281,2,891207616,F,0,46,student
435,1130,3,883531584,M,1,31,engineer
340,1161,3,884494144,M,1,29,other
281,281,5,893279936,M,1,52,doctor
897,281,3,886445312,M,1,33,artist
208,634,5,874724864,M,1,7,educator
792,281,3,893279936,M,1,70,healthcare
292,1234,2,877898368,M,1,7,artist
80,132,2,883349376,F,1,70,librarian
753,1033,4,891987520,M,1,30,programmer
472,1607,2,882935680,F,0,32,librarian
664,813,4,892345216,M,1,46,programmer
178,1136,4,893279936,M,1,24,educator
340,1233,4,874724864,M,1,26,artist
748,553,5,874785216,M,1,18,writer
435,1100,1,874724864,M,1,26,librarian
46,1182,5,892335872,F,1,26,healthcare
326,1119,2,891286016,F,1,27,administrator
803,1518,4,878759808,M,1,70,programmer
43,787,2,885952000,F,1,70,librarian
5,1456,4,874724864,M,1,45,engineer
564,1165,3,886533120,M,1,7,student
677,94,4,886477888,F,1,7,student
5,1189,5,885922624,M,1,7,student
340,1165,4,892809088,M,1,7,student
221,282,2,874724864,F,0,70,student
753,895,2,874724864,F,0,7,student
420,728,2,888090112,M,1,7,healthcare
43,859,5,886480384,M,1,7,artist
340,1136,4,881959488,M,1,22,engineer
312,656,4,893279936,M,1,70,other
65,791,5,874724864,M,1,70,doctor
495,174,2,874724864,F,0,43,student
890,1130,2,893279936,M,1,32,educator
292,787,4,893279936,M,1,29,student
166,1186,2,878738496,F,0,70,librarian
753,691,4,876893376,F,0,36,administrator
335,731,2,891361280,F,0,7,retired
166,764,2,891546176,M,1,46,student
221,276,4,874724864,M,1,20,lawyer
208,93,3,876405120,M,1,29,programmer
278,1226,5,893279936,M,1,70,administrator
278,1042,4,878854848,F,0,7,student
43,289,4,891387136,M,1,26,executive
292,1119,4,889657600,M,1,70,programmer
727,787,3,893279936,M,1,70,administrator
326,1265,2,874724864,F,0,45,librarian
221,589,3,884923584,F,1,18,writer
519,758,2,877125312,F,1,70,healthcare
510,357,4,874724864,M,1,21,librarian
46,820,5,889758080,M,1,50,artist
753,460,2,883890176,F,0,21,librarian
368,728,4,889501632,M,1,7,administrator
326,491,3,893279936,M,1,7,student
893,101,4,879530560,M,1,23,other
748,239,5,891171904,F,1,70,student
472,182,5,880843328,M,1,52,other
844,1467,3,893279936,M,1,70,educator
361,1119,5,893279936,M,1,22,programmer
472,254,3,879440256,M,1,7,other
281,1518,4,891351552,M,1,7,educator
5,521,2,891495744,F,0,70,educator
110,1429,3,893273024,M,1,26,doctor
221,1193,3,874724864,M,1,20,programmer
106,174,2,879469248,F,1,38,executive
456,93,3,874947904,M,1,21,doctor
312,803,2,884129088,F,1,70,writer
304,787,4,874787648,M,1,7,administrator
513,1386,4,888103808,M,1,23,student
304,1186,3,874724864,M,1,29,student
292,1033,3,893279936,M,1,70,programmer
340,1475,4,885689600,M,1,7,student
221,54,2,874724864,F,0,28,other
519,1161,5,876091456,M,1,7,administrator
467,1165,4,891037504,F,1,70,technician
267,1189,4,893279936,M,1,70,librarian
364,1469,5,876533696,M,1,39,administrator
312,828,2,888731648,F,0,70,healthcare
472,791,2,880758976,F,0,26,librarian
221,932,4,879192064,M,1,7,student
456,238,5,874724864,F,1,23,administrator
510,468,2,891987264,F,1,29,engineer
456,656,3,883390336,M,1,7,doctor
664,1161,4,890291136,M,1,18,engineer
513,1100,5,893279936,F,1,25,artist
267,1056,4,893279936,M,1,70,other
828,1033,3,891438720,F,1,7,programmer
221,382,2,874724864,F,0,7,writer
304,232,5,883765824,F,1,70,other
312,53,5,880139392,M,1,21,student
727,1233,2,874724864,F,1,7,student
65,1130,4,885777728,M,1,7,student
551,1429,2,880130944,F,0,7,healthcare
753,590,2,874724864,F,0,39,librarian
312,101,5,879310592,M,1,42,librarian
753,758,2,879305024,F,1,70,technician
748,1161,5,890984256,M,1,7,student
137,124,2,874724864,F,0,70,writer
897,1136,2,874724864,M,1,70,educator
46,1429,3,891415296,M,1,7,student
24,1033,3,893279936,M,1,29,other
510,828,2,875275200,F,0,70,educator
925,787,5,893279936,F,1,7,engineer
753,1033,4,874724864,F,0,35,educator
522,289,4,878694848,M,1,70,engineer
340,895,4,893279936,M,1,70,writer
232,787,4,885075200,M,1,22,engineer
221,787,2,893279936,F,0,23,artist
80,702,3,879465536,M,1,23,administrator
753,132,4,882912192,M,1,70,engineer
472,101,2,875720640,F,0,70,administrator
267,645,4,874724864,M,1,18,educator
779,151,2,876534464,F,1,70,artist
844,289,5,893279936,M,1,70,student
587,1233,2,874724864,F,0,24,educator
72,1233,2,879446464,F,0,44,artist
340,1130,4,874724864,M,1,7,writer
456,289,4,886608384,M,1,7,writer
232,800,2,874724864,F,1,23,technician
221,100,4,893279936,M,1,7,other
753,828,2,878182272,F,0,70,educator
65,251,5,893090880,M,1,43,student
522,101,4,885810688,M,1,7,librarian
801,873,5,880125568,M,1,7,student
281,3,4,891380480,M,1,70,programmer
456,1165,5,874724864,M,1,7,student
844,1238,4,883348224,M,1,18,technician
281,1233,5,875732800,F,1,32,student
897,475,3,893279936,M,1,24,other
779,479,2,893279936,M,1,24,other
803,1016,4,893279936,M,1,7,other
803,895,2,880576064,F,0,7,student
340,1429,4,893279936,F,1,26,artist
435,630,5,884034240,M,1,7,educator
80,187,5,874724864,M,1,70,educator
925,1607,5,888907968,F,1,7,other
312,787,3,884119104,M,1,7,student
178,1292,2,875247552,M,1,29,entertainment
689,1008,2,874724864,M,1,23,executive
221,289,4,880355648,M,0,70,educator
1,1161,5,885690624,M,1,70,educator
803,866,3,885158080,M,1,20,administrator
27,1233,4,887734720,M,1,7,student
297,486,2,875076992,F,0,39,doctor
753,93,4,889294336,F,1,54,doctor
495,634,4,888639232,M,1,70,librarian
897,224,1,884366400,M,1,7,librarian
897,563,4,874724864,F,1,22,student
221,1166,2,874724864,F,0,28,writer
300,151,3,893279936,M,1,31,artist
803,1281,3,888082496,M,1,28,healthcare
221,479,3,884644160,M,1,7,student
46,1100,4,893279936,M,1,7,student
522,1292,3,893279936,M,1,17,other
472,728,3,874724864,F,1,23,student
221,440,4,875943296,M,1,26,administrator
748,1292,3,893279936,M,1,7,artist
753,1161,4,884294464,M,1,27,librarian
789,489,3,880524352,M,1,7,student
522,174,4,885157312,M,1,20,educator
472,1189,5,879704448,M,1,20,artist
106,440,4,893279936,M,1,7,executive
340,1233,2,875744384,F,0,70,other
779,116,3,882956032,M,1,7,student
748,446,5,880998912,M,1,52,other
166,1518,4,893279936,M,1,30,programmer
472,101,5,893279936,F,1,50,technician
281,1292,4,893279936,M,1,36,administrator
208,1161,4,888631296,M,1,70,educator
340,1429,2,893279936,F,0,30,librarian
340,1429,4,874724864,M,1,27,educator
844,828,5,874724864,M,1,35,other
467,728,2,884061056,F,1,21,marketing
472,791,3,888539456,M,1,27,educator
221,608,2,886658496,F,1,30,librarian
467,459,5,879446528,M,1,25,student
753,938,2,893279936,F,0,7,librarian
292,982,4,874724864,M,1,32,writer
412,1033,4,874724864,M,1,32,engineer
456,613,4,893279936,F,1,70,other
254,132,2,893279936,F,0,28,entertainment
178,694,5,874724864,M,1,7,student
522,895,4,878951488,M,1,7,other
340,132,2,874724864,F,1,7,other
435,1189,5,879976640,M,1,7,lawyer
232,695,5,880159232,M,1,7,programmer
340,1233,4,880308672,M,1,18,educator
522,64,1,893279936,M,1,18,scientist
213,1281,3,874724864,M,1,21,technician
844,787,2,879442176,F,0,70,librarian
753,1233,5,875205760,F,0,70,librarian
221,1007,2,883233280,F,1,70,other
137,1042,3,885157696,M,1,70,writer
221,132,2,874724864,F,0,24,artist
779,787,4,878916288,M,1,70,doctor
208,787,2,874724864,F,0,37,student
522,895,3,889292544,M,1,70,other
375,1161,5,874724864,M,1,70,executive
522,479,2,884384320,F,1,70,educator
472,1264,4,885213120,F,1,23,healthcare
281,634,3,891834880,M,1,18,other
753,1456,2,874724864,F,0,70,retired
208,787,3,874724864,M,1,23,other
435,1119,4,881171776,M,1,70,entertainment
267,1429,4,889179648,M,1,37,administrator
106,396,3,893279936,M,1,7,other
522,916,5,883771520,M,1,30,healthcare
510,174,2,883873920,F,1,52,student
522,1607,2,874724864,F,0,40,librarian
267,1042,4,880345472,M,1,7,technician
748,151,4,874724864,F,1,35,artist
844,282,5,888905216,M,1,45,other
423,1100,4,886323392,M,1,7,writer
753,132,2,874724864,F,0,30,other
368,101,2,891351872,F,1,7,writer
748,1189,3,874724864,M,1,7,administrator
666,101,3,893279936,M,1,7,doctor
890,486,5,876250880,M,1,70,librarian
340,1161,2,874724864,F,1,22,doctor
748,1033,3,879875264,M,1,70,librarian
813,1136,4,893279936,M,1,26,healthcare
748,1467,2,880148800,F,0,18,healthcare
510,281,5,875351680,M,1,16,engineer
545,895,5,874724864,M,1,7,technician
221,1607,2,888066496,F,1,28,artist
472,828,4,879304448,M,1,29,programmer
522,54,4,885644672,F,1,28,student
281,260,5,875113024,M,1,38,executive
259,1161,5,893279936,M,1,7,technician
472,1042,4,893279936,M,1,7,writer
267,1033,4,893279936,M,1,30,technician
267,608,2,883949952,F,1,29,retired
435,209,2,874724864,M,1,27,administrator
619,1407,2,888735488,F,0,11,librarian
435,1136,5,891362240,M,1,70,programmer
106,1238,2,887065536,F,0,45,librarian
65,132,4,879437888,M,1,70,educator
750,895,3,880582272,M,1,7,student
522,805,2,879461568,M,1,27,artist
267,645,5,884131456,M,1,30,educator
84,1136,5,874724864,M,1,7,artist
267,101,3,874724864,F,1,44,programmer
281,702,4,874724864,M,1,27,doctor
803,1100,2,874724864,M,1,23,student
364,1469,2,880154240,F,1,7,librarian
80,670,4,874724864,M,1,23,entertainment
495,895,4,884133824,M,1,7,artist
5,151,4,880128768,F,1,70,healthcare
423,634,5,882827008,M,1,35,technician
340,895,3,891038208,M,1,7,educator
368,54,5,878399616,M,1,70,programmer
326,174,2,874724864,F,0,70,other
115,1166,5,879191872,M,1,70,programmer
304,227,2,874724864,F,0,70,artist
513,182,2,886533184,M,1,7,artist
65,982,3,893279936,M,1,7,programmer
880,289,3,888067520,M,1,18,other
495,691,4,879467456,M,1,26,writer
779,1429,2,893279936,F,1,24,retired
748,1008,5,880055872,M,1,7,programmer
844,280,5,888639744,M,1,36,other
329,828,5,874724864,M,1,26,artist
748,963,2,874724864,F,0,25,artist
221,101,3,888906496,M,1,56,programmer
87,1233,2,877504768,F,0,28,artist
813,101,2,874802304,F,1,53,doctor
456,345,3,891036480,M,1,24,student
312,787,4,893279936,M,1,70,educator
510,1518,3,881373824,F,1,22,student
278,371,5,885258560,M,1,7,engineer
208,558,5,885280192,M,1,26,educator
106,81,4,884749568,M,1,35,educator
267,1130,2,878963584,M,1,39,student
221,1161,3,893279936,F,1,35,marketing
340,1136,3,893279936,M,1,20,administrator
495,888,2,891293952,F,0,39,healthcare
559,895,2,877633920,F,1,70,other
166,214,5,874724864,M,1,70,healthcare
519,282,3,878437952,M,1,20,administrator
748,1234,5,893279936,F,1,70,artist
545,791,4,881654400,M,1,24,educator
281,1208,5,893279936,M,1,70,librarian
329,1607,2,893279936,M,1,70,healthcare
753,101,3,881372288,M,1,18,artist
46,289,4,880585920,F,1,32,entertainment
1,1233,2,888907136,F,0,42,librarian
472,791,5,891029248,M,1,7,doctor
522,311,3,893279936,M,1,70,artist
312,591,5,879460864,M,1,27,educator
522,1033,5,876038848,M,1,7,educator
472,282,2,884135936,F,0,26,other
537,132,3,874724864,M,1,27,entertainment
748,3,3,884066752,M,1,70,educator
537,1100,2,876542272,F,0,7,student
495,47,5,874785536,M,1,30,educator
340,695,4,889127040,M,1,7,doctor
221,1429,2,884365888,F,1,7,student
80,1219,4,893279936,M,1,50,entertainment
221,54,2,878221568,F,1,30,educator
748,666,3,887743872,F,1,53,engineer
267,888,5,885046400,M,1,7,student
930,1238,2,882903104,F,1,7,artist
221,281,3,893279936,M,1,70,administrator
281,1518,4,891463488,M,1,7,other
5,174,5,890453504,M,1,31,engineer
753,3,3,875547328,M,1,7,student
5,1186,4,893279936,F,1,70,administrator
844,1429,3,880572288,M,1,20,writer
537,1189,4,882344448,M,1,23,engineer
91,1264,4,874724864,M,1,7,engineer
510,340,4,874724864,M,1,70,librarian
232,728,2,880044864,F,1,42,librarian
435,254,3,874724864,M,1,29,administrator
890,691,2,886963328,F,1,33,other
312,645,5,884294784,M,1,38,student
312,608,2,889965760,F,0,29,librarian
292,320,2,875243648,M,1,26,artist
522,27,3,885690496,M,1,43,librarian
472,694,5,874724864,M,1,7,student
803,1119,3,887159424,M,1,38,other
115,645,5,878086080,M,1,28,other
748,916,3,882056256,F,0,33,technician
813,1136,4,874724864,M,1,40,programmer
221,3,2,884111552,F,1,7,educator
326,1292,4,874724864,M,1,70,healthcare
753,3,4,886391232,M,1,34,administrator
232,1136,5,875729472,M,1,17,student
748,214,3,893279936,M,1,7,student
221,362,2,875246848,F,1,7,student
472,791,5,889068480,F,1,7,student
281,110,5,874724864,M,1,20,artist
472,174,5,883327040,M,1,24,educator
304,591,2,893279936,F,0,35,educator
510,699,4,874724864,M,1,7,other
519,942,4,893279936,M,1,70,other
72,299,5,893279936,M,1,29,student
232,101,5,879158784,F,1,70,engineer
587,1100,2,893279936,M,1,22,artist
510,1292,3,891548096,M,1,50,programmer
559,1233,5,887160768,F,1,70,other
748,1267,2,882385344,F,1,26,student
267,828,2,874724864,F,1,23,other
176,506,5,891204608,M,1,70,educator
435,1189,3,880233152,M,1,70,artist
340,1161,5,882350080,M,1,24,educator
340,1136,5,882956032,M,1,7,lawyer
846,1281,5,891375680,F,1,7,scientist
844,1292,4,874724864,F,1,23,writer
335,1033,4,881374784,M,1,32,student
435,1037,5,874724864,M,1,7,educator
472,174,2,885158016,F,0,22,librarian
748,791,4,879455040,M,1,31,marketing
522,892,2,876964288,F,1,15,student
519,151,5,893279936,F,1,70,educator
278,494,4,875937792,M,1,27,administrator
844,1166,3,888550912,M,1,21,student
267,101,3,888066240,M,1,7,student
267,787,4,874724864,F,1,7,executive
619,549,2,886272064,F,0,22,student
753,260,3,893279936,M,1,27,student
423,1033,4,877110912,M,1,70,writer
783,751,3,887911808,F,1,26,administrator
221,791,2,893279936,F,0,70,librarian
522,1407,3,878847680,M,1,70,writer
232,1126,3,891699136,M,1,7,artist
844,26,3,874724864,M,1,25,doctor
340,1166,2,880314176,F,1,35,doctor
748,486,3,874724864,M,1,7,engineer
545,1267,3,891036672,M,1,70,artist
513,1233,4,874724864,F,1,44,student
633,101,4,874724864,M,1,7,other
281,22,4,877324032,M,1,20,marketing
813,693,4,879435200,M,1,70,healthcare
522,697,3,893279936,M,1,34,student
756,132,3,882076736,M,1,70,engineer
312,1429,3,874724864,M,1,7,student
844,1161,3,893279936,M,1,7,student
135,1591,4,874724864,M,1,43,educator
545,1292,4,883258304,M,1,70,educator
467,132,4,884132992,M,1,35,other
522,522,3,885165440,M,1,31,student
890,93,2,878090176,F,0,70,educator
232,281,3,888067264,M,1,7,artist
435,289,4,884635072,M,1,70,programmer
753,728,4,881651136,F,1,7,other
267,656,5,874806336,M,1,7,student
1,1016,4,879446656,M,1,70,entertainment
281,26,3,893279936,M,1,25,engineer
278,36,4,893279936,M,1,7,student
727,1428,3,886939904,M,1,70,librarian
364,1161,5,878914240,F,1,22,student
753,1292,3,879177664,M,1,7,artist
292,281,2,893279936,M,1,70,artist
664,1480,2,875357952,F,1,70,writer
472,903,4,887746560,M,1,24,technician
472,694,4,876326464,M,1,7,librarian
5,791,2,874724864,F,0,17,student
467,1189,4,878951424,M,1,70,other
178,69,3,884922816,M,1,23,artist
844,1429,3,886311488,M,1,43,marketing
753,859,3,874724864,M,1,21,student
435,174,2,874724864,F,1,26,student
619,787,2,881270720,F,1,7,programmer
420,174,2,874724864,F,1,22,librarian
813,289,3,882386240,M,1,33,artist
753,289,5,882608576,M,1,70,other
513,791,4,874724864,F,0,7,librarian
281,645,4,875385152,M,1,7,engineer
368,828,4,874724864,F,1,30,student
495,69,3,883869120,M,1,35,artist
664,1059,3,886561280,M,1,46,writer
897,174,2,874724864,F,0,28,doctor
724,1233,3,887064704,M,1,27,administrator
510,800,5,893279936,M,1,7,executive
664,608,3,893279936,M,1,7,student
619,608,2,882207744,F,0,70,librarian
87,787,3,874724864,M,1,7,programmer
435,1119,2,874724864,M,1,17,student
753,401,2,880936448,F,0,20,entertainment
267,1119,2,889655168,F,0,21,healthcare
375,1130,5,893279936,M,1,27,doctor
753,486,5,875729088,M,1,34,technician
46,728,5,893279936,M,1,70,entertainment
43,570,3,893279936,M,1,70,engineer
456,181,4,893279936,M,1,23,other
370,341,4,891403200,M,1,22,scientist
727,1166,5,888632512,M,1,7,lawyer
753,590,3,883720768,M,1,38,programmer
281,1456,5,893279936,M,1,70,programmer
137,912,5,874724864,M,1,49,student
368,101,5,893279936,M,1,18,programmer
844,537,5,893279936,M,1,26,engineer
844,1233,3,875963648,M,1,48,retired
633,884,5,893279936,M,1,36,educator
844,174,5,880136512,M,1,7,student
337,1288,3,879435328,M,1,27,student
619,1119,4,893279936,M,1,26,student
221,555,2,891298816,F,1,70,writer
106,1607,2,874724864,M,1,7,retired
844,781,3,891036096,M,1,29,artist
292,1161,5,877543232,M,1,7,student
267,1607,2,893279936,F,0,70,administrator
519,888,4,874873600,M,1,7,student
472,214,2,883390080,F,0,26,student
467,289,3,876008384,M,1,7,administrator
49,281,4,874724864,M,1,70,student
232,1265,5,893279936,M,1,41,engineer
823,1130,4,893279936,M,1,21,executive
312,728,1,875680384,M,1,7,doctor
80,1100,3,874724864,M,1,18,other
753,608,2,874724864,M,1,7,student
876,282,5,880937792,M,1,22,student
922,479,4,874724864,M,1,7,student
137,1182,5,886031936,M,1,7,student
80,1265,5,893279936,M,1,46,entertainment
890,1189,3,891014144,M,1,47,programmer
435,1136,5,880542720,M,1,23,technician
1,728,3,884496640,M,1,7,student
281,787,5,885852800,M,1,45,technician
789,736,2,884305024,F,1,17,educator
340,1233,4,893279936,M,1,7,programmer
495,1250,3,893279936,M,1,7,programmer
451,281,4,893279936,M,1,24,other
846,892,2,880185472,F,0,47,student
472,1165,5,886022784,M,1,23,student
748,1405,3,893279936,M,1,38,writer
922,440,2,879993344,F,0,70,librarian
46,382,5,891449280,M,1,7,student
748,828,2,893279936,F,1,17,other
844,1456,2,886834880,F,0,42,doctor
753,486,2,874724864,M,1,25,student
153,888,4,893279936,M,1,70,other
495,728,4,882950592,F,0,32,educator
748,691,3,880583104,M,1,70,programmer
221,916,3,877883264,M,1,7,student
753,1161,2,893279936,F,0,22,other
844,787,3,888001600,M,1,70,educator
267,916,5,874964736,F,1,70,educator
281,174,4,874724864,F,1,7,other
844,895,4,874724864,M,1,50,other
510,1119,2,879447616,F,0,37,administrator
897,571,2,874724864,F,0,20,librarian
221,182,2,874724864,F,0,42,other
753,728,4,878580800,F,0,18,student
495,982,4,879976512,M,1,23,engineer
43,289,2,884127232,F,1,27,administrator
23,174,3,893279936,M,1,70,educator
844,1033,5,893279936,M,1,7,administrator
846,608,3,874724864,M,1,24,other
666,1298,5,880659776,M,1,42,lawyer
897,774,4,874724864,M,1,35,administrator
656,634,4,874724864,M,1,70,administrator
292,895,4,874724864,M,1,7,student
545,54,3,874724864,M,1,7,student
368,282,3,874724864,M,1,7,executive
335,691,5,879029184,F,1,20,writer
519,1265,4,893279936,M,1,7,executive
456,1136,2,875313920,F,0,36,artist
137,87,2,884121472,F,1,70,healthcare
844,1136,2,879438912,F,1,70,artist
519,289,4,874724864,M,1,29,student
735,151,4,884182976,M,1,56,technician
844,1161,4,882344256,M,1,18,programmer
267,174,2,893279936,F,0,56,librarian
24,1100,2,884294400,F,0,7,other
890,591,4,893279936,M,1,17,educator
281,289,4,893279936,M,1,28,writer
664,828,2,878769920,F,0,27,other
101,1238,3,882425856,M,1,30,other
267,884,2,874724864,F,1,29,programmer
753,1100,2,885679232,M,1,70,programmer
748,110,4,874724864,M,1,21,student
340,1166,3,881370944,M,1,7,programmer
750,634,3,893279936,M,1,7,student
340,1033,5,887911168,M,1,7,other
340,117,5,874724864,M,1,7,student
897,918,2,877562304,F,1,7,student
340,1233,5,886178240,M,1,7,student
115,1189,4,888103552,M,1,70,programmer
753,895,2,891031808,F,1,35,other
748,240,2,888634112,M,1,30,administrator
221,791,4,893279936,F,1,48,executive
513,608,2,874724864,F,0,70,artist
519,1161,3,893279936,M,1,7,other
43,479,3,893279936,M,1,21,programmer
559,1042,3,893279936,M,1,38,student
5,1161,3,874724864,M,1,7,other
844,888,2,886989440,F,0,70,educator
753,1119,3,882039104,M,1,28,administrator
281,1429,5,893279936,F,1,70,educator
208,1456,1,893279936,F,1,31,healthcare
137,1429,5,893279936,M,1,20,programmer
80,1136,1,874784896,M,1,28,programmer
753,745,2,893279936,F,1,70,healthcare
844,634,4,881975872,M,1,70,educator
456,537,3,874724864,M,1,70,doctor
205,151,4,874786496,M,1,24,student
456,1130,3,891194880,M,1,70,engineer
221,791,2,874724864,F,0,70,artist
137,1033,5,893279936,M,1,7,student
312,912,2,874724864,F,1,27,student
205,912,3,877384704,M,1,70,programmer
664,174,3,879436032,M,1,22,student
106,728,4,879447680,M,1,7,student
456,1038,3,893279936,M,1,70,doctor
844,1412,5,875053120,M,1,70,educator
510,1136,4,887738048,M,1,31,executive
278,1136,2,874724864,M,1,30,student
748,694,2,893279936,F,1,7,healthcare
456,828,4,893279936,M,1,45,student
65,787,2,874724864,M,1,7,writer
221,884,2,881958336,F,1,7,other
221,555,3,893279936,M,1,7,librarian
65,1456,3,878346112,M,1,7,student
472,787,2,874724864,M,1,24,student
753,3,4,893279936,M,1,20,administrator
664,1518,4,893279936,M,1,30,educator
178,1267,3,893279936,M,1,50,healthcare
232,319,4,893279936,M,1,43,writer
18,289,3,882425920,M,1,30,other
221,222,4,893279936,M,1,45,lawyer
472,1456,4,879875136,M,1,33,healthcare
495,1456,5,878438336,M,1,11,educator
84,1166,4,879014656,M,1,28,educator
221,426,3,884764160,M,1,70,educator
880,9,4,893279936,M,1,7,other
435,1161,4,874724864,M,1,7,homemaker
80,249,2,883949568,F,1,70,administrator
221,1161,2,875135424,F,0,22,student
435,1447,2,879832064,M,1,33,other
510,774,3,893279936,M,1,30,entertainment
267,1292,3,893279936,M,1,7,programmer
724,282,3,875727744,F,1,29,administrator
813,1265,4,875963456,M,1,70,educator
748,691,4,875151808,M,1,70,doctor
735,101,3,891383936,M,1,42,other
65,912,2,893279936,M,1,42,artist
472,936,4,893279936,M,1,49,other
472,214,4,884924608,M,1,27,other
43,1233,3,874829440,M,1,24,student
472,583,2,880160000,F,1,29,executive
281,85,4,891784384,M,1,25,marketing
748,760,2,885809344,M,1,26,student
753,1182,2,874724864,M,1,50,administrator
495,523,5,874724864,M,1,70,educator
46,916,4,893279936,M,1,70,other
435,1292,4,874724864,M,1,18,student
727,787,5,874724864,F,1,7,artist
208,774,5,893279936,M,1,7,other
472,101,3,874724864,M,1,18,student
267,884,4,890709824,M,1,70,healthcare
753,1233,5,885845824,F,0,27,librarian
467,1346,4,885809536,M,1,29,educator
619,480,2,874854528,F,1,7,student
65,289,4,884058496,M,1,32,other
267,728,5,893279936,M,1,70,educator
43,69,2,883389504,F,1,70,other
221,791,2,882955840,M,1,26,educator
522,758,3,879455616,M,1,70,administrator
472,791,2,893279936,M,1,36,artist
559,774,4,874724864,M,1,7,student
844,479,2,877098240,M,1,7,artist
510,151,4,875350208,M,1,70,executive
925,1119,2,888539840,M,1,7,student
312,1100,2,874724864,M,1,7,student
510,506,2,876690752,F,1,70,artist
673,1100,4,893279936,M,1,7,student
890,1233,3,879371840,M,1,7,student
890,656,4,893279936,M,1,7,programmer
519,1161,4,880181184,M,1,70,student
748,932,2,883882368,F,0,70,healthcare
312,787,5,874724864,M,1,70,entertainment
472,22,5,880645568,M,1,7,healthcare
522,694,4,893279936,M,1,21,educator
522,151,3,875642240,M,1,30,other
510,1290,4,890451840,F,1,35,librarian
106,1056,2,890291008,F,0,28,librarian
312,590,3,886397824,F,0,70,artist
495,900,2,882386048,M,1,28,engineer
519,932,3,893279936,M,1,70,programmer
472,694,2,874724864,F,0,70,librarian
522,1456,5,893279936,M,1,54,other
435,242,2,878774144,F,1,70,educator
326,69,2,893279936,F,1,7,artist
46,101,3,877563328,M,1,70,librarian
340,645,4,879453248,M,1,7,engineer
312,982,2,882588160,M,1,42,educator
340,787,4,884148928,M,1,7,other
420,1292,5,893279936,M,1,7,student
278,1267,5,893279936,M,1,7,engineer
619,1233,4,879464960,M,1,38,student
580,696,2,874724864,M,1,70,programmer
619,1233,2,891032320,F,1,7,artist
221,1033,4,876027200,M,1,70,student
844,626,4,891384576,M,1,7,student
5,151,4,891383616,M,1,24,other
844,281,2,874724864,F,0,18,healthcare
753,93,4,893279936,F,1,52,librarian
65,791,4,885030016,M,1,70,other
166,151,2,877910144,M,1,28,entertainment
522,1292,5,884366080,M,1,7,programmer
619,251,5,893279936,M,1,70,other
65,936,4,874724864,F,1,70,other
519,1130,5,879897216,F,1,46,student
844,659,2,880474176,F,1,7,other
178,1281,3,892831168,M,1,48,student
232,1518,4,893279936,M,1,7,engineer
395,132,3,874724864,M,1,7,programmer
370,1292,5,889179072,M,1,26,marketing
606,863,5,885044800,M,1,7,student
801,791,4,893279936,M,1,7,student
267,3,3,886988800,F,0,70,writer
664,1100,5,893279936,M,1,70,librarian
80,1187,3,893279936,M,1,7,educator
472,1062,3,883389184,M,1,7,student
337,884,5,875383232,M,1,70,other
208,1080,5,874724864,M,1,7,student
267,1126,5,893279936,M,1,7,doctor
890,116,3,892333504,M,1,20,student
472,1055,3,893279936,M,1,32,doctor
115,1166,4,879445760,F,1,7,engineer
5,486,4,874724864,M,0,7,student
750,101,2,874724864,M,0,7,student
897,1161,4,883756736,M,1,28,student
43,972,5,886177984,M,1,32,artist
178,479,4,893279936,M,1,32,administrator
897,1008,3,893279936,M,1,28,administrator
178,282,3,877010368,M,1,42,administrator
267,167,5,885173184,M,1,25,programmer
312,399,4,874724864,F,1,7,programmer
753,1080,2,886533184,F,1,38,artist
753,101,4,884305024,M,1,43,educator
267,608,2,874724864,F,0,29,artist
472,1233,4,883287168,M,1,36,educator
495,1456,2,893279936,F,0,31,librarian
456,1161,5,877252672,M,1,70,programmer
664,289,4,893279936,M,1,7,executive
472,174,2,881652864,M,1,50,programmer
844,1607,2,874724864,F,0,31,artist
312,890,4,881616448,M,1,7,student
292,174,3,893279936,M,1,7,engineer
106,1429,5,879878464,M,1,7,student
619,124,2,880146496,F,1,26,artist
267,791,5,874724864,M,1,7,student
221,1161,2,879441664,M,1,24,administrator
370,591,4,893279936,M,1,7,engineer
304,791,2,879440256,M,1,70,librarian
753,791,5,874724864,F,1,23,student
467,110,2,874724864,F,0,7,student
753,1189,5,893279936,M,1,7,executive
495,555,2,880308544,F,1,70,writer
312,93,5,891547712,F,1,29,administrator
753,151,5,893279936,M,1,70,educator
844,1611,5,885821504,M,1,36,retired
43,289,3,893279936,M,1,7,scientist
495,101,3,893279936,M,1,48,writer
659,787,5,887910656,M,1,70,educator
876,479,4,874730048,M,1,50,other
522,3,2,874724864,M,1,70,librarian
205,736,5,888068864,M,1,70,engineer
844,656,4,891448128,M,1,7,homemaker
106,890,3,878733248,M,1,17,healthcare
435,1250,4,877133952,M,1,23,writer
519,774,2,885687232,M,1,70,healthcare
232,1292,4,893279936,M,1,31,other
281,1161,3,879283200,M,1,70,programmer
803,728,3,893279936,M,1,23,entertainment
472,608,3,879019072,F,1,7,writer
312,875,5,880505600,M,1,70,entertainment
340,708,2,874724864,F,0,70,librarian
46,289,3,877971712,M,1,18,executive
656,124,5,874724864,F,1,29,artist
87,132,5,885062080,M,1,7,educator
46,1429,3,874724864,M,1,7,educator
216,260,3,893279936,M,1,22,entertainment
281,1189,4,880340672,M,1,41,programmer
361,282,4,888636416,M,1,7,educator
208,1166,4,874724864,M,1,48,technician
823,1265,5,891249728,F,1,30,writer
106,888,5,893279936,M,1,70,programmer
748,608,5,893279936,M,1,26,none
467,787,2,874724864,F,0,16,educator
281,1136,3,887613760,M,1,7,doctor
65,1136,5,892690176,M,1,70,programmer
278,1062,4,878962112,M,1,33,artist
24,214,5,874724864,M,1,39,student
435,1108,5,879459136,M,1,29,other
340,1166,2,874724864,F,0,35,doctor
65,894,2,893279936,M,1,34,technician
221,479,4,893279936,M,1,40,programmer
429,991,3,875271104,M,1,39,writer
292,3,3,887383552,M,1,7,other
106,1033,2,892336000,M,1,7,programmer
46,1469,4,883947904,F,1,23,engineer
724,414,5,874724864,M,1,44,entertainment
717,932,3,888557056,F,1,70,programmer
753,214,2,879875776,F,1,37,engineer
890,468,2,891028800,M,1,70,healthcare
329,605,5,879011712,M,1,25,student
1,1166,2,891221568,M,0,43,other
803,174,4,886178688,M,1,24,doctor
43,695,4,874724864,M,1,7,educator
510,791,2,874724864,F,1,70,educator
5,1136,5,881650880,M,1,21,librarian
5,728,3,882904640,M,1,27,technician
5,479,5,883361216,F,1,42,librarian
267,751,2,876780800,F,1,31,administrator
221,1100,2,882826624,F,0,7,writer
65,1189,3,893279936,M,1,28,engineer
727,791,4,893279936,M,1,39,writer
922,93,4,874724864,F,1,7,entertainment
540,228,4,893279936,M,1,70,engineer
893,101,4,888469440,M,1,31,retired
273,101,5,874724864,M,1,7,artist
748,174,4,874724864,M,1,21,librarian
559,1136,2,874724864,F,0,70,healthcare
1,124,3,874724864,F,0,21,administrator
46,974,2,888632896,F,0,44,artist
813,1233,2,874724864,F,0,23,healthcare
65,787,3,891647360,M,1,36,educator
80,281,5,874724864,F,1,70,other
748,1292,4,893279936,M,1,7,student
43,691,3,885680448,M,1,17,entertainment
803,791,2,893279936,F,1,70,educator
844,1365,5,875322368,M,1,7,student
395,945,5,886030464,M,1,26,other
748,281,4,893279936,M,1,42,doctor
753,999,4,884882880,M,1,7,other
340,281,5,884407808,F,1,70,librarian
753,1281,2,893279936,F,1,70,entertainment
619,1189,3,893279936,M,1,7,administrator
43,1083,3,875148032,M,1,52,programmer
513,174,5,885682240,M,1,43,educator
844,404,2,884128576,F,0,70,healthcare
522,828,2,874724864,F,1,25,other
522,121,2,891297920,F,0,70,artist
590,1136,2,874938944,F,1,7,student
178,605,3,893279936,F,1,42,administrator
72,781,2,891034944,F,1,7,doctor
221,1136,3,881368704,M,1,38,other
664,982,4,879012672,M,1,22,student
267,1518,5,893279936,M,1,26,artist
340,1161,3,891447936,M,1,7,student
753,828,4,893279936,M,1,70,doctor
423,1042,4,893279936,M,1,42,healthcare
472,608,2,882003200,F,0,22,executive
221,1033,4,884458432,M,1,7,student
472,486,5,874724864,M,1,7,other
267,1165,2,874724864,F,0,70,doctor
645,101,2,874724864,F,0,70,writer
846,916,4,875728896,F,1,70,other
499,1429,5,874724864,M,1,7,student
684,1083,3,884130944,M,1,70,educator
221,1233,3,893279936,M,1,70,healthcare
753,728,2,874724864,F,1,25,executive
590,289,3,892738368,M,1,7,student
522,1136,4,874724864,M,1,7,student
753,787,2,888801600,F,1,70,programmer
106,791,4,875744320,M,1,45,healthcare
916,912,2,877661760,M,0,70,educator
72,1288,5,891387648,M,1,49,programmer
15,751,5,879191168,M,1,7,writer
435,93,3,883889280,M,1,25,writer
1,968,5,893279936,M,1,50,educator
87,1429,2,887820288,F,0,70,healthcare
753,758,2,874724864,F,1,70,entertainment
435,63,4,884643648,M,1,30,student
533,404,2,878847680,F,0,7,entertainment
281,791,4,879485312,M,1,30,doctor
297,645,4,874724864,M,1,7,student
232,895,5,874724864,M,1,51,other
106,1411,2,874724864,F,1,7,educator
312,239,3,893097216,M,1,25,artist
803,69,2,881025856,F,0,7,doctor
897,1033,4,893279936,M,1,20,doctor
664,14,5,877917824,F,1,70,doctor
267,174,2,879364800,F,0,70,librarian
753,1136,3,874724864,F,1,70,librarian
844,101,2,874724864,F,0,23,educator
537,151,4,893279936,M,1,24,other
423,888,2,879519104,M,1,32,educator
368,695,4,886161984,M,1,28,other
467,1420,5,893279936,M,1,25,other
232,3,4,891397824,M,1,7,technician
519,101,4,888465792,M,1,49,educator
43,1016,3,893279936,M,1,44,programmer
510,691,2,874724864,F,0,20,student
340,282,3,893279936,F,1,45,artist
519,281,4,882180672,M,1,7,programmer
43,1189,4,882398144,M,1,26,student
844,3,2,884364736,F,0,21,artist
844,54,4,878984192,M,1,35,engineer
312,820,2,891435264,M,1,24,educator
208,895,3,893279936,M,1,16,other
753,1189,2,874724864,F,0,7,healthcare
80,1407,5,891375040,M,1,33,retired
702,522,4,893279936,M,1,70,educator
65,1292,3,874724864,M,1,35,artist
292,143,4,884921536,M,1,38,educator
326,1518,2,874724864,F,0,70,student
267,116,3,891386624,F,1,43,administrator
748,3,4,874724864,M,1,7,student
823,1505,3,887746112,M,1,7,student
312,634,5,888067392,M,1,7,artist
753,1016,5,884635648,M,1,20,doctor
779,1456,5,877385216,M,1,39,artist
221,174,2,874724864,M,1,39,engineer
890,828,3,893279936,M,1,7,doctor
890,1033,4,883390272,M,1,70,engineer
340,1078,5,880604416,F,0,23,healthcare
402,806,4,888082560,M,1,7,other
819,3,3,892305472,M,1,50,marketing
513,656,2,878738944,F,1,30,healthcare
368,325,5,876266944,M,1,18,student
456,486,3,874724864,M,1,7,student
844,214,3,874724864,M,1,7,writer
844,1250,5,888802304,M,1,70,technician
178,93,4,874724864,M,1,7,doctor
221,289,3,893279936,F,1,23,writer
221,590,4,879007040,M,1,70,programmer
232,3,2,874724864,F,0,7,programmer
435,148,5,893279936,M,1,33,other
65,14,4,881653632,M,1,70,engineer
106,912,2,884589888,F,1,29,programmer
495,1233,2,874724864,F,0,42,administrator
115,828,2,874724864,F,1,7,student
467,1189,3,878743488,M,1,31,educator
208,1429,2,877857344,F,1,7,writer
375,1233,2,880844352,F,1,31,other
748,151,2,874724864,F,1,27,artist
753,479,4,893279936,M,1,7,doctor
65,990,4,893279936,F,1,18,student
221,537,4,874724864,F,1,70,writer
510,201,4,886671616,M,1,22,librarian
897,1187,2,885412096,M,1,70,educator
748,656,3,893279936,M,1,7,educator
292,1100,3,893279936,M,1,44,librarian
312,479,2,880159360,F,1,52,programmer
753,1219,3,879633728,M,1,7,other
897,999,5,874724864,F,1,7,student
456,910,3,874724864,M,1,24,executive
435,759,4,874724864,F,1,7,educator
46,528,2,891726976,F,0,70,librarian
813,174,4,879974720,M,1,7,writer
80,968,5,883697024,M,1,7,technician
522,986,4,893279936,M,1,39,educator
495,1292,3,886294336,M,1,34,technician
753,3,4,874724864,M,1,28,programmer
472,691,5,880160064,F,1,70,other
844,888,5,874724864,F,0,70,librarian
844,1126,4,874724864,F,1,45,administrator
423,828,2,893279936,F,1,25,other
65,479,2,875246016,F,1,28,artist
844,281,2,874724864,F,0,70,engineer
844,174,4,891207872,F,1,70,other
522,787,4,881364480,M,1,7,writer
143,791,4,891384576,M,1,26,administrator
46,791,4,874724864,M,1,7,student
335,828,4,874724864,M,1,30,administrator
522,736,3,890292160,M,1,70,administrator
137,1410,2,891385024,F,0,70,healthcare
638,892,2,893279936,M,1,7,doctor
232,122,4,887037184,M,1,7,student
522,85,3,881651904,M,1,18,educator
559,608,4,875293056,M,1,43,librarian
278,791,5,882213376,M,1,7,other
65,1033,4,883949568,M,1,7,student
281,260,3,884496256,M,1,20,student
435,3,4,890764288,M,1,23,other
519,791,5,879191168,F,1,33,artist
522,373,5,882359808,M,1,32,student
748,3,3,875981824,M,1,20,other
748,1166,5,891439040,F,1,70,librarian
312,1213,2,874724864,F,1,24,artist
510,813,2,889067968,F,1,21,student
467,1238,5,882995584,M,1,33,educator
880,787,4,893279936,M,1,29,educator
919,479,5,893279936,M,1,7,artist
753,828,2,878962432,F,0,33,librarian
519,895,3,884143488,M,1,7,doctor
221,159,4,879875328,M,1,23,engineer
221,828,2,883948160,F,0,18,artist
467,141,5,891036416,F,0,70,student
65,330,3,893279936,M,1,15,educator
922,103,3,874724864,M,1,70,administrator
340,1119,2,874724864,F,1,18,educator
326,281,5,891354112,F,1,70,writer
480,1136,5,874724864,F,1,7,technician
46,1429,2,891033408,F,1,42,other
808,1285,4,879437696,M,1,18,student
753,1161,4,883546880,F,1,42,writer
803,479,4,893279936,M,1,38,other
292,281,4,885875520,M,1,37,writer
495,828,5,874724864,F,1,70,librarian
43,1469,5,885949120,F,0,42,educator
326,350,5,893279936,M,1,7,other
340,1136,5,875747712,M,1,7,engineer
753,132,2,874724864,F,1,23,student
340,1161,5,874785728,M,1,7,student
844,54,2,893279936,F,0,7,administrator
208,1467,2,883889984,F,0,50,other
844,1161,4,884124480,F,1,22,artist
340,1148,3,883193088,M,1,22,executive
756,479,2,886323776,F,1,26,other
259,101,2,874724864,F,0,23,librarian
65,69,4,893279936,M,1,24,engineer
510,1407,4,876537536,M,1,18,educator
748,404,3,874724864,M,1,7,programmer
1,1292,3,884111616,M,1,42,administrator
753,93,4,893279936,M,1,70,other
106,1161,5,883336640,M,1,26,writer
472,1292,5,893279936,M,1,7,programmer
922,282,4,874724864,M,1,7,executive
221,1407,4,893279936,M,1,7,programmer
844,1265,4,879571712,M,1,7,entertainment
897,1292,2,874724864,F,1,35,librarian
267,254,4,883551744,F,0,46,librarian
522,64,3,884491520,M,1,7,other
748,479,4,876170496,M,1,45,programmer
292,1161,4,874724864,M,1,26,other
522,828,4,888521344,F,1,7,student
844,260,4,893279936,M,1,7,student
753,895,5,874724864,F,1,24,student
803,1033,3,887923200,M,1,7,student
312,656,5,880354624,M,1,7,programmer
748,884,4,874724864,M,1,48,educator
472,791,2,878184064,F,0,31,librarian
46,281,4,891222912,M,1,70,engineer
753,182,4,874724864,M,1,7,writer
281,1100,3,887744384,M,1,29,administrator
890,1518,3,891309824,M,1,38,none
297,895,2,874724864,F,0,39,healthcare
312,282,2,879466432,F,1,26,writer
844,645,5,893279936,M,1,50,educator
43,645,3,874724864,M,1,50,librarian
456,338,4,878880640,M,1,27,librarian
221,912,2,891169344,F,1,7,student
750,1518,5,874724864,M,1,35,writer
844,3,2,884365184,F,0,24,programmer
510,260,3,893279936,M,1,27,administrator
281,1281,5,893279936,M,1,70,writer
522,1233,2,874724864,F,0,7,student
80,791,2,884921600,M,1,25,programmer
472,702,5,892055104,M,1,7,technician
46,591,1,878963136,M,1,24,student
281,791,4,893279936,M,1,7,student
340,774,3,879146816,M,1,20,student
115,1265,3,874724864,M,1,49,other
813,308,5,881170624,M,1,27,educator
753,101,4,874724864,M,1,22,other
753,892,4,893279936,M,1,46,writer
65,479,4,881450688,M,1,7,executive
49,1518,2,874724864,F,1,70,student
522,84,4,880122880,M,1,27,writer
753,1136,4,888802816,M,1,7,entertainment
495,132,2,891386560,M,1,70,engineer
472,36,2,874724864,F,0,70,healthcare
340,101,5,888067840,M,1,31,administrator
137,69,5,877517568,M,1,30,technician
312,93,3,893279936,M,1,70,writer
510,691,5,893279936,M,1,24,other
803,1233,3,888643968,M,1,18,healthcare
844,1166,2,885925312,F,0,17,librarian
46,1233,5,874724864,M,1,38,student
844,725,2,874724864,F,1,29,writer
267,791,2,879531968,M,1,70,executive
569,1518,5,893279936,M,1,7,writer
551,101,3,887160064,M,1,24,technician
522,214,2,892557248,F,1,7,student
166,174,4,893279936,F,1,70,librarian
221,813,3,880557376,M,1,7,student
664,728,2,874724864,F,1,32,librarian
844,1136,4,874829504,M,1,24,educator
522,538,4,887645568,M,1,7,entertainment
297,289,4,893279936,M,1,27,programmer
753,1161,2,893279936,F,0,27,healthcare
375,468,4,893279936,M,1,70,programmer
65,101,5,874724864,F,1,38,educator
893,1130,4,886030592,M,1,20,artist
893,828,4,893279936,F,1,33,engineer
278,1136,4,891456960,M,1,7,other
559,888,5,874724864,M,1,39,engineer
753,691,4,874724864,M,1,7,student
823,1126,4,878092224,M,1,25,student
636,936,3,879468800,M,1,7,other
65,122,4,874724864,F,1,70,student
666,1292,4,886475584,F,1,7,student
472,174,3,893279936,M,1,23,student
43,1292,2,893279936,M,0,70,marketing
495,656,5,877885120,M,1,38,student
472,1166,2,882622080,F,0,70,healthcare
559,828,4,877909888,M,1,7,writer
43,1505,2,874724864,F,0,28,other
87,1165,5,877888896,M,1,7,other
619,859,2,879454976,F,1,7,student
137,1161,5,893279936,M,1,70,student
844,1233,2,879191232,F,1,7,student
87,1607,4,874724864,M,1,70,programmer
278,1130,3,875288320,M,1,27,engineer
115,787,4,874724864,M,1,22,educator
467,728,3,880778368,M,1,27,programmer
110,3,2,880845184,F,1,42,student
221,780,2,879283392,F,0,18,artist
145,651,4,884132544,M,1,45,administrator
510,1292,5,887158976,M,1,7,programmer
748,791,2,879990528,F,0,26,artist
221,281,2,880960640,F,0,70,programmer
472,101,5,874724864,M,1,7,administrator
246,712,3,888067904,M,1,7,student
340,608,2,883318016,F,1,70,educator
753,1234,5,881363904,M,1,23,student
267,1233,3,874724864,M,1,35,other
519,69,4,880160064,M,1,7,student
823,100,3,893279936,M,1,7,student
312,1166,2,893279936,M,1,26,entertainment
545,1189,4,874724864,M,1,31,other
281,921,4,879342272,M,1,7,student
312,537,5,893279936,M,1,7,entertainment
176,182,3,874724864,M,1,7,engineer
513,1042,4,874724864,M,1,7,student
72,174,3,888801856,M,1,7,librarian
267,1100,3,883352448,M,1,70,student
803,1161,3,874724864,M,1,43,engineer
753,110,5,888929600,M,1,17,entertainment
43,1292,5,875480704,M,1,22,other
727,895,5,891315456,M,1,7,other
472,787,4,886483840,M,1,35,programmer
87,848,4,893279936,M,1,42,other
267,895,2,880238784,F,1,29,technician
292,281,4,881258496,M,1,31,technician
472,691,4,888475264,M,1,70,administrator
753,537,5,879521344,M,1,7,librarian
522,888,2,891448896,F,1,70,artist
143,64,3,891298944,M,1,29,executive
545,174,2,874724864,M,1,7,student
559,676,2,874724864,F,1,7,student
472,767,3,874724864,M,1,7,librarian
137,888,2,885849088,F,0,70,healthcare
753,992,3,875242816,M,1,70,doctor
340,281,3,881975552,F,1,70,doctor
472,1292,3,893279936,M,1,70,student
472,888,3,893279936,F,0,41,student
221,1386,3,893279936,M,1,7,educator
813,900,5,879443328,M,1,7,engineer
559,623,4,874724864,M,1,52,lawyer
278,1033,4,874724864,M,1,7,student
435,1292,4,887042112,M,1,7,programmer
312,1130,4,875227584,F,1,7,programmer
753,486,2,874724864,F,1,17,other
831,608,4,889765760,M,1,38,artist
91,174,3,883440960,M,0,23,educator
779,691,5,882307904,F,0,7,student
779,695,4,875125312,M,1,26,engineer
748,174,3,893279936,M,1,24,student
340,645,5,891278976,F,1,25,student
841,1166,2,874724864,F,0,17,artist
292,884,3,893279936,M,1,7,programmer
522,946,2,882995328,F,1,28,student
467,791,4,874724864,M,1,28,student
65,132,3,880128576,M,1,36,entertainment
370,895,5,888533504,M,1,7,student
456,537,2,874724864,F,0,20,student
281,174,5,893279936,M,1,7,librarian
753,93,3,881976384,F,1,32,executive
65,174,3,883755136,M,1,25,writer
897,101,5,879990144,M,1,7,student
106,289,5,893279936,M,1,70,educator
106,1136,4,893279936,F,1,70,writer
65,151,3,881008448,F,1,7,student
5,486,4,882359552,M,1,52,doctor
312,1189,4,874724864,M,1,36,administrator
495,93,5,893279936,F,1,28,administrator
326,1234,3,885877952,M,1,38,artist
72,1518,4,884711296,M,1,7,programmer
803,787,2,886481536,F,0,7,programmer
326,787,5,874730240,M,1,29,other
519,884,5,893279936,M,1,7,executive
5,132,4,887964928,M,1,7,educator
803,1233,2,893279936,F,0,29,student
188,1281,3,893279936,M,1,30,student
326,656,3,883531392,M,1,7,administrator
510,1136,4,887736320,M,1,70,educator
753,1281,4,880354624,M,1,70,healthcare
753,3,2,874724864,F,1,70,other
495,828,4,885467904,M,1,7,student
844,282,4,885690496,M,1,70,engineer
897,1250,4,893279936,M,1,7,student
522,613,3,891439232,M,1,24,other
326,281,5,886608768,F,1,22,technician
43,1166,4,874724864,M,1,22,educator
232,289,4,892399104,M,1,7,executive
292,1189,4,882956544,M,1,26,student
664,132,4,874724864,M,1,7,programmer
619,608,2,893279936,F,0,33,administrator
292,1429,4,874724864,M,1,7,student
65,101,5,874724864,F,1,70,entertainment
519,1346,4,879444352,M,1,24,technician
844,895,5,880990272,M,1,70,programmer
267,1292,5,874724864,M,1,18,student
65,1165,3,893279936,M,1,17,engineer
844,1429,3,892783616,M,1,26,healthcare
375,634,3,886483712,M,1,24,artist
495,608,5,876405696,M,1,7,other
46,1607,4,880123328,F,1,18,entertainment
472,1518,2,893279936,F,1,70,educator
232,791,5,882404096,F,1,20,librarian
115,287,2,879909248,F,1,70,writer
208,1233,4,893279936,M,1,7,educator
178,1165,2,884304320,F,0,26,healthcare
513,187,3,891357248,M,1,17,writer
844,571,5,891987712,F,1,70,homemaker
221,69,2,880124096,F,0,70,librarian
844,1161,4,893279936,M,1,24,engineer
472,1042,2,891722560,F,1,35,educator
844,751,2,874724864,F,1,44,librarian
522,1518,4,893279936,M,1,31,technician
519,634,3,884365376,M,1,7,other
472,289,3,880475648,M,1,7,other
281,634,3,893279936,M,1,7,engineer
221,1456,4,891279104,M,1,7,educator
132,728,2,882385856,M,1,28,salesman
46,339,5,879191488,M,1,15,student
409,1285,2,881303424,M,1,7,other
569,289,4,891411136,M,1,25,student
467,93,4,893279936,M,1,31,other
246,339,4,880506880,F,0,70,artist
221,1161,5,879989568,M,1,7,administrator
106,691,4,893279936,M,1,34,other
456,787,4,879899776,F,0,25,other
545,916,4,874724864,M,1,7,student
619,251,4,888540160,M,1,7,student
813,1292,3,874724864,M,1,7,entertainment
472,184,2,891435712,F,1,18,other
522,645,5,893279936,M,1,36,other
340,1136,2,874724864,F,0,18,artist
619,608,2,893279936,F,0,18,student
753,1238,4,874724864,M,1,36,writer
24,787,3,883569664,M,1,54,artist
281,132,5,878151488,M,1,36,marketing
813,254,4,883224960,F,1,7,programmer
267,174,4,874724864,M,1,7,student
522,1429,3,874724864,M,1,35,scientist
46,1033,2,874724864,M,1,28,administrator
221,828,4,887746688,M,0,7,other
559,69,4,888529408,M,1,7,other
304,573,5,874724864,M,1,39,student
753,289,5,893279936,M,1,70,educator
813,895,3,879444864,M,1,7,programmer
208,1430,4,891497408,M,1,21,programmer
748,1166,2,874724864,F,0,27,other
656,892,4,879466624,M,1,22,writer
43,209,3,891204288,M,1,25,none
748,1189,3,884359168,M,1,30,technician
232,182,4,893279936,M,1,29,artist
456,1281,3,893279936,M,1,10,other
326,791,4,874724864,M,1,25,artist
844,791,2,880134208,F,0,27,marketing
551,608,4,891949312,M,1,27,none
208,791,4,893279936,M,1,70,administrator
368,1429,4,883327616,M,1,52,educator
340,787,4,886031808,M,1,7,student
178,151,4,884992064,M,1,7,student
178,174,3,893279936,M,1,7,student
522,1033,3,883762816,M,1,7,healthcare
619,1189,4,891369280,M,1,27,student
753,888,2,874724864,F,0,18,student
326,702,5,888537472,M,1,23,marketing
495,1130,4,881653696,M,1,7,engineer
844,791,2,890284736,F,0,27,entertainment
844,787,4,874724864,M,1,70,educator
472,1002,3,875295680,M,1,20,marketing
930,1292,5,887061760,M,1,70,none
281,302,2,893279936,F,1,70,educator
46,1130,2,874724864,F,1,70,educator
340,999,4,887627968,M,1,7,writer
221,1100,3,881370880,M,1,7,student
5,1292,3,893279936,M,1,7,programmer
281,246,3,893279936,M,1,7,educator
364,1119,5,874724864,M,1,23,other
753,1136,2,874724864,F,0,23,librarian
472,1429,2,879543744,F,0,26,librarian
844,1165,2,874724864,F,0,7,artist
281,1100,4,879467584,M,1,7,student
43,192,5,881633088,M,1,7,student
619,1100,3,893279936,M,1,7,writer
72,916,3,893279936,M,1,70,librarian
748,1161,4,877435776,M,1,22,student
208,246,3,880308672,M,1,70,artist
292,1504,4,893279936,M,1,24,educator
472,382,2,892335552,F,0,7,librarian
897,85,3,892685952,M,1,70,other
232,787,4,889178560,M,1,7,student
46,101,5,884365952,M,1,70,entertainment
522,132,3,888640256,M,1,46,programmer
106,14,5,878852608,F,1,70,administrator
221,1161,3,874948672,M,1,70,administrator
46,828,5,879777536,M,1,70,lawyer
825,335,5,882826624,M,1,49,educator
368,791,2,875747904,F,0,7,student
475,281,5,893279936,M,1,7,engineer
519,239,3,893279936,F,0,31,other
467,1016,4,874724864,M,1,7,student
205,787,4,893279936,M,1,70,educator
84,1152,3,881269120,M,1,30,engineer
495,251,4,878094848,M,1,7,student
803,1081,4,893279936,M,1,29,engineer
43,1518,3,893279936,M,1,21,educator
340,608,2,882425984,F,1,20,healthcare
748,1100,5,887038528,M,1,7,student
208,110,2,885943680,F,0,23,executive
823,984,5,879445824,M,1,36,doctor
472,608,2,879442944,F,1,7,librarian
312,480,4,893279936,M,1,70,artist
569,1136,4,874724864,M,1,70,educator
559,101,3,880584128,M,1,41,administrator
748,1233,2,874724864,F,1,70,healthcare
43,459,5,880180480,F,1,29,other
80,1153,5,893279936,M,1,46,entertainment
281,1292,4,874724864,M,1,46,programmer
897,1042,5,878919680,M,1,31,technician
537,1292,5,882398272,M,1,43,student
472,1130,3,879922816,F,1,70,administrator
121,174,2,874724864,F,1,70,writer
267,921,2,885146368,M,1,7,artist
753,69,2,884072000,F,0,43,librarian
420,813,5,893279936,M,1,23,student
519,479,5,879445696,M,1,7,other
312,1130,4,879521088,M,1,24,educator
208,151,5,893279936,M,1,7,student
813,791,4,893279936,M,1,35,programmer
783,884,3,874786944,M,1,7,programmer
823,174,3,874724864,M,1,70,administrator
510,182,4,880241152,M,1,70,administrator
748,322,4,881956160,M,1,70,engineer
370,871,4,893279936,M,1,70,educator
925,479,2,879523456,M,1,26,doctor
312,151,3,893279936,M,1,7,marketing
844,826,2,874724864,F,1,43,student
844,1083,4,882385856,M,1,34,other
545,101,3,874724864,M,1,50,lawyer
472,828,4,889399296,F,1,7,student
472,282,2,874724864,M,1,7,student
930,1607,2,880572224,F,0,27,engineer
472,787,4,874951168,M,1,7,artist
753,121,3,893279936,M,1,24,educator
178,1607,4,889909504,M,1,24,other
20,1136,2,886531840,M,1,53,artist
580,1233,4,874724864,M,1,7,student
221,1042,5,874724864,M,1,35,doctor
564,1469,2,874724864,F,1,30,student
208,464,5,884305408,M,1,7,student
664,1386,3,893279936,M,1,42,educator
46,892,2,880159808,F,1,22,librarian
43,888,2,884936448,M,1,70,artist
753,101,5,883203456,M,1,70,student
80,101,2,874724864,F,0,7,writer
340,537,1,874724864,F,0,7,artist
326,1161,5,893279936,F,1,7,engineer
893,1233,3,893279936,M,1,70,healthcare
597,1033,4,888445440,F,1,33,librarian
844,174,3,887910208,M,1,27,other
841,608,2,874724864,F,0,18,student
435,404,3,891478848,M,1,49,programmer
510,1130,4,874724864,M,1,38,other
753,892,5,878739136,F,1,70,educator
664,884,5,893279936,M,1,39,programmer
267,110,5,885189184,M,1,7,student
734,289,3,893279936,M,1,23,administrator
65,787,2,874724864,F,0,25,librarian
340,281,3,876539200,M,1,7,writer
779,787,2,874724864,F,0,27,librarian
43,1407,4,881975616,M,1,7,engineer
281,590,4,880267072,F,1,22,student
46,1607,2,874724864,F,1,25,retired
435,311,4,880314176,F,1,17,artist
559,475,4,874724864,M,1,21,student
890,281,1,874724864,F,1,7,student
619,661,2,885157952,M,1,46,student
456,820,2,874724864,M,1,7,student
292,1161,4,874724864,M,1,7,other
208,791,4,880952192,M,1,70,librarian
259,240,4,883875904,M,1,43,entertainment
748,1161,4,889711040,M,1,23,educator
72,289,4,874724864,M,1,7,student
65,1292,5,879195328,M,1,70,other
823,289,3,893279936,F,1,23,educator
844,608,2,879456640,F,0,23,other
137,462,2,882343616,F,0,7,artist
472,239,5,893279936,F,1,45,executive
475,1119,3,883710464,M,1,7,student
34,1386,2,874724864,F,1,7,healthcare
522,3,4,874724864,M,1,7,programmer
472,1136,5,883702016,M,1,7,executive
361,349,3,884636992,M,1,7,librarian
522,479,4,892060160,M,1,70,other
312,114,2,891448384,M,1,7,student
267,296,4,874724864,M,1,25,technician
65,402,5,875039104,F,0,23,librarian
559,198,4,884111488,M,1,70,technician
472,1233,2,874724864,F,1,70,other
46,1161,5,874724864,F,1,70,writer
106,26,3,887844800,M,1,18,engineer
137,508,2,889402048,F,0,70,writer
844,1292,5,880938432,M,1,56,educator
495,281,5,884747136,M,1,22,other
472,174,3,893279936,F,0,29,writer
748,3,2,891478144,F,1,70,librarian
402,591,4,879969344,M,1,27,student
897,1429,2,877642816,M,1,70,marketing
467,362,3,878915456,M,1,33,writer
46,1161,2,874724864,M,1,7,other
897,1233,5,888867648,M,1,39,healthcare
753,1518,3,874724864,M,1,7,student
267,787,5,893279936,M,1,7,student
813,791,2,880831872,F,1,17,other
748,1429,4,893279936,M,1,33,student
221,656,4,891634496,M,1,27,other
234,1677,4,879191488,M,1,7,administrator
495,1050,2,882826304,F,0,70,healthcare
519,728,4,874724864,M,1,7,student
467,1281,4,893279936,M,1,30,educator
326,1033,5,874724864,F,0,30,healthcare
281,123,2,884326720,M,1,7,student
300,1456,3,893279936,M,1,52,other
281,1165,3,882596032,M,1,23,student
267,1161,2,879298304,F,0,70,educator
748,1042,3,893279936,F,1,7,student
803,555,2,881171264,F,1,70,other
263,281,3,893279936,M,1,50,programmer
597,936,5,893279936,F,1,53,educator
472,932,1,893279936,M,1,7,writer
221,359,4,874724864,M,1,70,educator
267,1290,2,874724864,F,0,30,other
467,99,3,885178112,M,1,70,librarian
467,1182,5,886533248,F,0,23,artist
813,440,3,875653056,M,1,32,other
844,174,5,887158912,M,1,70,lawyer
748,1203,2,880417536,M,1,7,healthcare
364,1033,5,883327360,M,1,70,other
803,1136,4,874724864,F,1,21,healthcare
559,702,3,879435776,M,1,7,student
472,922,5,878955904,F,1,70,writer
522,124,2,893279936,F,0,35,educator
753,1467,2,874724864,F,0,7,programmer
91,479,3,887159616,M,1,7,engineer
196,820,4,884755584,F,1,70,librarian
522,3,4,877825600,M,1,31,educator
501,1050,3,874724864,M,1,22,student
459,470,4,893279936,M,1,70,other
803,728,5,892529408,M,1,7,student
779,645,2,893279936,F,1,7,artist
340,174,5,874724864,M,1,27,engineer
35,252,4,874724864,M,1,23,programmer
753,151,2,876952128,F,1,25,artist
510,1161,5,886471360,M,1,35,librarian
619,1161,3,885897856,M,1,30,other
46,787,2,889909568,M,1,7,student
727,174,3,874724864,M,1,26,artist
297,341,5,874724864,M,1,7,librarian
844,1499,2,879193216,F,1,7,other
49,1518,3,874952000,M,1,70,writer
890,435,4,881108928,M,1,70,other
893,634,3,891498752,M,1,23,librarian
1,613,2,880753792,F,1,48,entertainment
564,791,3,893279936,M,0,43,other
890,1189,4,893279936,M,1,70,educator
221,787,2,874724864,F,0,23,writer
467,1136,4,893279936,M,1,7,programmer
522,1160,2,884767616,F,1,22,librarian
208,728,2,874724864,M,0,7,healthcare
522,1161,3,880131648,M,1,23,administrator
522,1033,2,874724864,F,1,7,student
922,166,4,880137536,M,1,70,artist
748,892,2,874724864,F,0,24,other
221,1038,2,874724864,F,1,70,other
292,787,5,893279936,M,1,70,educator
753,1182,2,882345920,F,0,7,healthcare
5,1292,4,891195712,M,1,21,engineer
519,93,3,884137152,M,1,22,programmer
803,1607,2,883388480,F,0,70,other
753,828,2,874724864,F,0,7,healthcare
844,479,5,881959424,M,1,7,marketing
267,791,4,892374144,M,1,28,engineer
278,1033,3,885686336,M,1,7,educator
312,932,5,893279936,M,1,70,writer
628,828,4,874724864,M,1,39,technician
844,1233,3,887721216,M,1,43,student
340,1165,5,874724864,F,1,22,doctor
208,608,2,874873472,F,0,70,librarian
267,1008,4,874724864,M,1,7,doctor
522,101,3,874724864,M,1,42,healthcare
664,1033,3,884120064,M,1,70,other
510,937,5,880355840,M,1,7,engineer
844,281,3,893279936,M,1,26,programmer
813,254,4,891481472,M,1,29,other
619,691,4,891294080,M,1,7,lawyer
281,101,4,874724864,M,1,7,programmer
495,486,4,880387520,M,1,42,administrator
312,282,4,888905792,M,1,36,programmer
340,101,5,893279936,M,1,45,writer
844,656,4,874724864,M,1,70,other
106,1130,4,891499264,M,1,70,educator
312,69,3,893279936,M,1,29,other
178,791,4,893279936,M,1,7,entertainment
519,1292,2,878850304,F,1,70,educator
748,552,5,874724864,F,1,23,student
748,101,4,893279936,M,1,70,programmer
803,806,4,886608256,M,1,27,programmer
522,608,4,878973184,M,1,70,artist
844,1166,2,893279936,F,1,70,administrator
46,281,2,884475584,F,1,20,other
779,1100,4,893279936,F,1,26,marketing
664,1161,4,874724864,M,1,7,other
510,1469,4,887738304,M,1,7,student
435,767,4,874724864,M,1,7,student
779,892,2,882387648,F,1,22,librarian
472,679,2,884365120,F,0,38,artist
656,151,3,875351488,F,1,70,educator
897,791,4,877828096,M,1,70,writer
475,1499,4,893279936,M,1,7,student
803,1136,5,893279936,M,1,70,student
522,308,5,891435968,F,1,70,student
340,1100,5,874785664,M,1,70,writer
24,239,4,892836928,M,1,27,educator
897,888,2,891475072,F,0,7,student
221,174,3,893279936,M,1,27,entertainment
340,101,2,881974848,M,1,70,other
178,1429,4,893279936,M,0,23,librarian
221,1119,3,874724864,M,1,70,educator
292,916,5,880844800,M,1,24,educator
753,1136,3,884460608,M,1,28,programmer
5,101,2,876533824,F,0,40,librarian
748,634,4,880165760,F,1,42,executive
340,174,4,874724864,M,1,55,executive
46,888,3,874724864,M,1,70,artist
281,1292,4,881132416,M,1,7,entertainment
46,1353,4,893279936,M,1,20,lawyer
756,1136,3,893279936,M,1,25,other
467,892,2,874724864,F,0,7,administrator
897,3,3,874724864,M,1,7,student
510,39,5,874724864,F,1,29,writer
340,1281,5,893279936,M,1,70,engineer
46,1042,3,891707520,M,1,35,scientist
281,132,4,874724864,M,1,7,student
779,1182,4,874724864,M,1,39,educator
724,583,4,874724864,M,1,7,student
340,1033,5,887049664,M,1,26,programmer
897,1033,5,893279936,M,1,50,other
472,1429,2,874724864,F,1,24,other
664,767,2,880955776,F,0,70,artist
267,895,5,876021888,M,1,70,administrator
221,895,3,893279936,M,1,25,entertainment
813,54,2,879676544,F,0,22,librarian
753,791,2,879846912,F,0,24,homemaker
368,486,4,891545472,F,1,31,student
335,1292,3,882076032,M,1,22,student
137,1591,4,881652608,F,1,29,healthcare
312,329,3,874724864,M,1,70,programmer
656,101,5,874724864,M,1,29,entertainment
522,787,4,884536512,M,1,42,librarian
5,728,2,875114560,F,1,35,artist
783,791,4,887912448,M,1,70,educator
519,1062,3,891249792,M,1,23,other
916,1033,5,893279936,M,1,7,programmer
545,1555,4,874724864,M,1,27,engineer
1,888,2,874724864,F,0,38,healthcare
232,101,5,885753664,M,1,31,writer
221,608,5,884364800,M,1,7,other
472,608,2,876564352,M,1,70,executive
545,54,2,885006336,F,0,23,librarian
46,132,5,893279936,M,1,70,artist
178,912,4,874724864,M,1,7,programmer
312,982,2,874724864,F,1,70,other
221,1,3,893279936,M,1,7,student
664,787,4,884366400,M,1,44,engineer
208,1292,1,878955840,F,1,70,librarian
208,828,4,874724864,M,1,23,other
65,1233,2,891485952,F,0,70,doctor
435,174,4,893279936,M,1,43,programmer
326,93,5,882673280,M,1,7,programmer
472,1130,3,888068032,M,1,7,student
748,54,4,881441664,F,1,70,other
292,1292,3,888522496,M,1,7,student
49,608,5,892133056,M,1,41,artist
267,151,5,878165184,F,1,70,librarian
137,1161,4,884990656,M,1,7,executive
844,101,4,893279936,M,1,7,artist
232,1033,3,889399296,F,1,29,administrator
456,1050,5,891355136,F,1,7,artist
748,174,4,874724864,M,1,23,student
451,751,4,893279936,M,1,18,student
844,767,1,882608512,M,1,35,engineer
267,1050,2,893279936,F,1,32,executive
456,64,4,874724864,M,1,7,student
106,479,3,881250560,M,1,42,programmer
664,894,5,885849408,M,1,32,retired
267,341,2,893279936,F,0,48,other
844,1100,3,889909568,M,1,27,student
106,888,4,880165760,M,1,7,healthcare
495,117,5,893279936,M,1,7,doctor
510,828,2,878471872,F,1,70,librarian
844,1119,5,874724864,M,1,7,librarian
312,174,5,874724864,M,1,7,engineer
106,3,4,889124096,M,1,7,entertainment
221,1037,5,874724864,M,1,31,student
87,1165,5,882152704,M,1,70,engineer
748,895,4,893279936,M,1,32,programmer
844,1467,4,891193280,M,1,31,artist
292,254,5,874724864,M,1,23,other
619,285,4,874724864,M,1,7,student
748,216,5,893279936,M,1,70,engineer
916,1100,5,885085376,M,1,7,other
65,479,4,888067712,M,1,30,programmer
522,1456,2,893279936,F,1,27,educator
513,591,4,874724864,M,1,18,doctor
803,702,3,888023680,M,1,23,educator
340,1189,3,893099392,M,1,41,healthcare
522,855,5,875147904,M,1,7,other
178,1292,4,884923008,M,1,43,programmer
106,1353,4,891033856,M,1,26,administrator
753,828,4,889908736,M,1,39,writer
292,1161,4,874724864,M,1,32,doctor
803,590,1,874724864,M,1,7,programmer
221,608,5,874724864,M,1,18,student
753,54,2,887158720,F,0,24,librarian
753,174,3,893279936,F,1,7,student
115,1100,3,893279936,M,1,11,marketing
178,656,4,876521728,M,1,29,librarian
312,122,4,891699136,M,1,35,librarian
813,762,2,874724864,F,0,70,healthcare
753,281,2,891297600,F,0,7,student
232,634,3,874724864,M,1,18,student
753,774,5,874724864,M,1,28,student
467,1265,5,874724864,M,1,70,educator
46,643,2,893279936,M,1,70,librarian
813,765,2,874785920,F,0,49,healthcare
208,1454,4,874724864,M,1,7,other
429,1193,5,885845568,M,1,52,other
890,215,2,878635904,F,1,43,retired
423,791,4,880133184,M,1,29,librarian
472,695,2,874724864,F,1,18,student
43,1161,4,884492672,M,1,24,lawyer
232,1108,5,877561728,M,1,7,student
368,1080,2,879878336,F,0,33,librarian
545,1042,4,893279936,M,1,18,other
326,702,2,887736640,F,0,22,healthcare
137,1292,5,882955712,M,1,7,other
753,1033,2,883445120,M,1,23,other
65,103,4,888637248,F,1,7,librarian
91,787,4,875539328,M,1,28,educator
94,174,4,874724864,M,1,7,engineer
779,174,3,884130048,M,1,23,entertainment
753,3,2,874724864,F,1,7,student
844,805,3,874724864,F,1,70,educator
340,1100,4,874724864,M,1,7,student
435,691,4,891196224,M,1,28,librarian
43,828,2,874824768,M,0,7,librarian
801,1467,3,886398016,M,1,70,healthcare
43,608,2,874724864,F,0,15,healthcare
221,281,2,874724864,M,1,24,technician
312,760,2,893279936,F,1,44,writer
435,1130,5,880937664,M,1,10,other
292,1161,4,874724864,M,1,7,entertainment
110,1130,4,888463552,M,1,23,educator
753,888,3,885398848,M,1,70,educator
844,338,3,879446336,M,1,35,artist
890,1292,2,889730048,M,1,70,student
340,1161,2,874724864,F,0,36,librarian
890,1100,2,879182720,M,1,20,librarian
519,101,4,884067392,M,1,27,other
312,813,5,879446144,M,1,7,student
208,132,2,874724864,F,1,38,educator
813,26,2,883517504,F,1,43,librarian
435,656,3,893279936,M,1,41,educator
753,1456,4,889238592,M,1,7,student
753,537,3,880394432,M,1,7,educator
510,1161,2,881959552,F,0,7,student
292,820,5,891170176,M,1,27,educator
779,1042,4,874724864,M,1,26,programmer
472,656,2,875594432,F,1,34,student
46,1456,2,886473856,F,1,70,librarian
456,828,5,893279936,M,1,7,administrator
281,1033,5,884585664,M,1,47,administrator
495,69,4,875220864,M,1,7,artist
80,101,4,874724864,M,1,70,educator
748,828,4,877886784,M,1,27,engineer
844,101,5,880843264,F,1,35,other
435,1130,4,893279936,M,1,40,educator
312,691,4,874724864,M,1,21,administrator
844,613,4,874724864,M,1,7,doctor
813,1161,4,874724864,M,1,31,administrator
689,289,5,874724864,M,1,25,artist
513,174,4,888803712,M,1,7,other
87,823,4,893279936,M,1,27,marketing
46,282,5,876010048,M,1,70,programmer
435,1136,3,882346112,M,1,23,other
435,1167,4,888468224,M,1,70,student
844,3,3,882396992,F,1,7,student
423,1518,4,891853632,M,1,27,educator
137,3,2,874724864,F,0,26,writer
472,1095,2,893279936,F,0,70,healthcare
519,736,5,885754624,M,1,39,educator
205,26,2,882671296,M,1,30,educator
24,174,5,888635712,F,1,70,executive
267,1238,4,885808640,M,1,23,other
221,246,5,893279936,M,1,30,other
844,1607,3,874724864,M,1,7,doctor
43,151,2,893279936,F,0,38,writer
340,1189,3,883430272,M,1,43,student
340,694,4,893279936,M,1,70,educator
110,252,2,874724864,F,0,42,other
519,1136,4,893279936,M,1,7,doctor
510,1429,4,881958656,F,1,22,healthcare
178,246,4,874724864,M,1,33,programmer
312,912,4,891957952,M,1,7,student
850,1166,2,879477760,F,0,70,artist
221,54,5,883865280,F,1,21,librarian
375,1292,4,893279936,M,1,27,engineer
292,132,4,893279936,M,1,7,administrator
49,1136,3,893279936,M,1,18,none
178,282,5,893279936,M,1,22,librarian
267,124,5,874724864,M,1,46,librarian
221,634,3,893279936,M,1,7,librarian
65,222,4,876175232,F,1,7,student
734,1119,3,893279936,M,1,7,student
72,1281,2,883681088,F,1,70,healthcare
340,1624,5,880572224,M,1,38,artist
673,787,5,887738432,M,1,29,student
87,656,2,892700736,F,0,36,healthcare
467,759,2,875288512,M,1,70,educator
890,1119,5,874865408,M,1,70,other
510,1059,3,889402112,M,1,37,lawyer
472,656,4,879874816,M,1,24,other
753,151,3,893279936,M,1,70,programmer
844,895,2,874724864,F,1,7,student
208,85,2,893279936,M,1,70,artist
472,1166,3,874724864,M,1,70,educator
823,918,4,888636992,M,1,7,other
522,281,3,874724864,M,1,7,student
844,1518,3,874730496,M,1,17,educator
779,1166,4,883180672,M,1,7,technician
456,1292,3,893279936,M,1,26,marketing
278,1152,4,884136000,F,1,70,programmer
472,50,4,883749888,M,1,18,doctor
65,132,3,886481024,M,1,70,educator
166,281,3,893279936,M,1,7,executive
753,537,5,874724864,F,0,7,student
304,121,5,874724864,M,1,31,student
456,787,2,891377472,F,0,50,artist
753,787,4,874724864,M,1,7,student
281,3,5,880014720,M,1,7,educator
35,174,2,879848192,F,1,33,educator
281,64,2,878345984,M,1,7,educator
897,982,4,893279936,M,1,7,programmer
316,282,2,893279936,M,1,30,educator
906,3,4,877878080,M,1,29,doctor
435,486,3,874724864,M,1,11,student
522,774,4,879452288,M,1,70,other
368,656,2,888558656,F,0,22,librarian
94,1189,3,882232128,M,1,23,student
803,479,4,874724864,M,1,7,executive
340,101,5,884110464,M,1,25,student
178,694,2,884120384,F,1,30,educator
664,132,4,874724864,F,1,70,administrator
106,18,5,874724864,F,1,30,student
323,791,4,888801664,M,1,7,educator
326,1233,4,875729280,F,1,30,writer
340,1042,3,891389632,M,1,27,doctor
664,787,2,893279936,F,1,28,administrator
551,250,2,879440960,F,1,70,other
80,787,5,885006144,M,1,18,other
273,1518,4,875503872,M,1,7,programmer
5,1161,2,879792960,F,0,40,administrator
176,1119,5,892776256,M,1,7,programmer
208,174,2,893279936,F,0,53,other
472,895,3,880869248,M,1,36,other
87,787,2,884635712,F,0,70,writer
370,1165,4,891354688,M,1,35,student
495,982,4,888427904,M,1,34,programmer
753,691,2,879461440,F,0,26,healthcare
519,1080,5,884289024,M,1,7,artist
930,828,4,878877184,M,1,18,educator
748,645,2,876428224,M,1,70,programmer
467,341,3,891371456,M,1,47,administrator
456,1505,4,883823360,M,1,70,programmer
897,696,5,889116864,M,1,44,other
467,888,3,874724864,M,1,27,administrator
510,1429,2,893279936,F,0,70,librarian
267,26,4,874724864,F,0,7,librarian
87,537,3,893279936,M,1,20,doctor
890,1033,5,874724864,F,1,7,educator
513,383,2,893279936,F,1,70,librarian
312,1429,5,893279936,M,1,7,student
221,828,2,874724864,F,0,46,educator
783,101,4,880238848,M,1,25,other
137,634,2,879435072,F,0,35,administrator
925,590,2,875307776,F,0,50,entertainment
753,1044,2,891694400,F,1,27,librarian
80,1607,2,874724864,M,1,70,educator
267,1429,5,882360320,M,1,33,doctor
753,791,2,880361600,F,1,70,engineer
281,174,4,879543744,M,1,24,other
456,916,5,891628160,M,1,22,technician
844,888,5,874724864,M,1,7,student
748,232,5,879520384,M,1,70,doctor
364,1136,5,892484608,M,1,7,writer
789,1161,3,885479488,M,1,70,other
312,903,4,881260160,M,1,70,healthcare
281,912,3,893279936,M,1,23,technician
890,1292,3,874724864,M,1,26,programmer
467,174,4,879435520,F,1,18,artist
537,174,5,884128448,M,1,39,executive
748,3,5,893279936,M,1,29,programmer
753,101,4,874724864,M,1,7,student
844,899,5,879436480,F,1,70,educator
281,1161,3,874724864,F,1,23,doctor
267,1288,3,888805888,M,1,70,programmer
43,787,5,878973312,M,1,70,educator
545,1033,3,880313920,M,1,70,other
340,1233,5,893279936,M,1,20,other
80,1226,3,875130176,F,1,70,other
435,1016,3,877125824,M,1,23,programmer
779,1165,4,879434752,F,1,70,programmer
65,859,4,893279936,M,1,43,programmer
176,1100,3,874785536,F,1,23,executive
753,1165,5,891367104,M,1,26,student
519,662,2,874724864,F,1,70,student
340,122,3,874724864,M,1,31,marketing
522,813,4,893279936,M,1,31,entertainment
779,982,5,875503168,M,1,70,healthcare
522,124,4,885850368,M,1,21,engineer
533,1292,4,893279936,F,1,7,marketing
65,1281,4,892411648,F,1,36,other
899,805,3,893279936,M,1,70,other
115,1080,2,879452672,M,1,32,student
844,187,2,880968640,F,1,7,administrator
435,1136,5,874724864,M,1,36,scientist
1,787,2,879454592,F,0,26,healthcare
43,246,5,874724864,M,1,37,other
46,132,3,891251136,M,1,45,programmer
753,1518,3,879300992,F,0,36,artist
375,122,3,878526336,M,1,7,executive
803,1119,4,893279936,M,1,7,engineer
176,1187,3,893279936,M,1,41,other
281,54,2,893279936,F,0,26,librarian
753,1265,3,879934464,M,1,7,programmer
1,1335,2,893279936,M,0,52,librarian
753,311,3,874727872,M,1,7,educator
844,1386,5,874724864,F,1,27,healthcare
510,174,2,876405696,F,1,25,other
833,1166,4,874724864,F,1,7,artist
137,446,3,875295168,M,1,70,other
472,728,2,874724864,F,0,24,student
846,736,2,893279936,F,1,7,student
750,1100,4,891036352,M,1,34,educator
664,246,4,875462400,M,1,7,student
43,982,5,880053696,M,1,70,programmer
263,91,3,875802752,M,1,7,engineer
221,884,3,875726784,M,1,7,engineer
435,281,5,874724864,M,1,23,programmer
221,552,2,874724864,M,1,20,programmer
467,1016,4,893279936,M,1,7,programmer
1,751,5,874724864,M,1,46,entertainment
208,791,5,879875008,M,1,70,writer
278,1161,4,893279936,M,1,34,other
281,640,4,878821888,M,1,7,artist
65,608,4,889297856,M,1,28,student
813,1100,5,893279936,M,1,24,administrator
263,736,3,874724864,M,1,30,artist
619,1182,2,882075200,F,0,70,librarian
495,1292,4,882387456,M,1,7,educator
221,892,2,877110208,F,1,26,artist
513,1233,2,874724864,F,1,45,educator
828,1200,4,893279936,M,1,24,artist
281,1016,3,880319232,M,1,7,entertainment
72,1097,5,874724864,M,1,42,educator
221,151,4,893279936,M,1,7,student
65,250,4,893279936,M,1,23,artist
208,736,5,874724864,M,1,70,administrator
753,728,2,874724864,F,0,38,librarian
435,343,5,884726976,M,1,7,student
897,608,5,874724864,F,0,70,programmer
87,787,2,891697664,F,0,22,librarian
232,281,4,884066368,M,1,7,other
326,787,4,883941888,M,1,20,administrator
340,93,5,874724864,M,1,27,student
326,590,5,892402560,M,1,23,writer
263,1165,2,888522048,M,1,70,doctor
166,751,2,881108096,M,1,25,student
844,1136,3,893279936,M,1,20,salesman
813,1166,2,878739008,F,1,35,librarian
495,101,4,889653760,M,1,22,student
300,240,5,880044992,M,1,28,engineer
844,608,2,878128256,F,1,7,administrator
495,1042,3,889219776,M,1,30,educator
472,1265,2,875134144,F,0,70,other
232,289,5,879528064,M,1,70,doctor
5,1050,4,893279936,M,1,38,executive
664,174,4,879527680,M,1,7,engineer
753,101,4,874724864,M,1,7,other
312,608,4,874724864,M,1,21,student
619,658,4,879547008,M,1,27,educator
221,888,2,893279936,F,1,70,healthcare
779,1136,5,888465856,M,1,7,student
267,760,5,885609408,M,1,70,other
221,787,2,874724864,F,0,70,other
801,634,4,874724864,M,1,70,writer
72,888,3,893279936,M,1,7,student
267,1033,5,880557120,M,1,70,administrator
890,54,2,893279936,F,0,70,librarian
467,656,5,893279936,M,1,53,engineer
619,591,5,893279936,M,1,70,doctor
753,3,2,881058240,F,0,25,engineer
890,1429,5,883349312,M,1,23,administrator
472,1429,5,891679360,M,1,7,programmer
208,1083,5,874724864,M,1,7,writer
897,828,2,893279936,F,0,70,librarian
43,895,2,884053248,M,1,28,technician
312,846,2,893279936,M,1,38,executive
370,1100,4,878849088,M,1,70,student
472,1233,4,874724864,M,1,7,student
510,871,5,885030016,M,1,7,artist
292,645,2,879447744,F,1,21,doctor
221,1033,2,879865344,F,0,70,student
221,1161,3,893279936,M,1,7,educator
221,828,3,874724864,M,1,31,administrator
304,1607,4,875312640,F,1,44,administrator
844,281,1,882826176,F,0,7,student
559,1233,2,893279936,F,0,11,doctor
106,103,2,874724864,F,1,70,executive
753,1130,3,877111168,M,0,70,student
156,555,4,877759744,F,0,70,other
340,577,2,879525056,F,0,7,artist
522,609,5,893279936,M,1,7,librarian
456,93,5,878874048,M,1,7,student
897,1100,3,880333504,M,1,23,other
24,246,2,874724864,F,1,7,healthcare
897,1136,3,881957440,M,1,7,student
522,1429,4,874724864,M,1,7,student
844,101,2,888457344,F,0,22,librarian
43,174,4,893279936,M,1,7,student
519,1429,5,874724864,M,1,43,educator
281,101,4,884035712,M,1,25,student
5,132,4,884305408,M,1,18,student
545,446,4,893279936,M,1,70,student
519,888,3,876073088,F,1,36,programmer
292,1038,3,893279936,M,1,7,educator
724,170,5,889759232,M,1,33,educator
435,791,4,882404032,M,1,7,student
246,1607,2,882387136,F,0,33,healthcare
46,143,4,884052544,M,1,7,student
619,645,2,893279936,M,1,20,programmer
467,238,5,891388160,M,1,47,engineer
232,254,3,893279936,M,1,21,librarian
166,702,3,874830336,M,1,7,educator
748,1033,3,880843392,M,1,7,student
823,132,4,893279936,M,1,70,artist
844,85,5,893279936,M,1,70,educator
897,107,2,891193792,M,0,7,student
893,537,4,893279936,M,1,30,scientist
495,187,2,883950720,M,1,23,student
65,101,3,893279936,M,1,25,librarian
43,81,2,893279936,F,1,70,programmer
326,1033,5,874724864,M,1,7,student
65,1233,3,874724864,M,1,43,administrator
208,282,2,884303552,F,1,31,librarian
65,174,2,893279936,M,1,70,doctor
312,884,4,891381696,M,1,27,programmer
5,791,4,893279936,M,1,31,executive
72,1161,3,888888128,M,1,12,librarian
467,796,5,886295232,M,1,29,engineer
221,1119,2,874724864,F,1,32,librarian
472,1033,4,887159552,M,1,47,programmer
370,1130,3,886395456,M,1,23,programmer
664,591,5,879448192,M,1,7,student
46,132,3,891299072,M,1,70,artist
522,968,3,893279936,M,1,70,educator
370,1033,4,884113216,M,1,7,artist
259,658,5,889089600,M,1,21,other
779,537,2,891478272,F,0,33,doctor
495,787,4,874724864,F,1,7,writer
753,1281,3,879454528,M,1,22,programmer
522,767,3,893237312,M,1,7,librarian
753,1429,3,879519168,M,1,7,programmer
472,982,2,879786560,F,0,70,artist
510,240,4,882995648,M,1,7,administrator
472,604,2,884130880,F,0,27,librarian
748,1136,2,879459712,M,1,31,writer
246,151,3,893279936,M,1,7,programmer
519,3,2,875309504,M,1,32,other
65,3,5,887911808,M,1,7,student
221,54,5,874724864,F,1,23,healthcare
828,1037,3,883217088,M,1,23,programmer
375,1161,5,893279936,M,1,22,student
232,805,5,874724864,M,1,20,student
281,1136,2,886609024,F,1,70,librarian
221,12,4,880605568,F,1,70,doctor
844,101,4,876574784,M,1,7,student
664,932,4,875876288,M,1,48,doctor
897,1119,5,874724864,M,1,32,writer
803,101,3,893279936,M,1,7,student
522,1119,4,893279936,M,1,70,student
232,122,5,893279936,M,1,7,administrator
232,645,5,874724864,M,1,7,student
844,787,2,874724864,M,1,7,student
495,787,4,889909504,M,1,29,entertainment
803,1265,4,874724864,M,1,42,doctor
472,214,3,875963200,M,1,7,educator
326,1084,4,884066112,M,1,70,educator
84,561,2,891194880,F,0,22,healthcare
221,281,5,874724864,M,1,70,educator
65,251,4,884642880,M,1,7,engineer
753,1161,3,893279936,M,1,26,programmer
292,1429,2,878768832,F,0,70,educator
472,656,3,893279936,M,1,18,lawyer
221,591,4,874724864,M,1,36,entertainment
312,218,3,893279936,M,1,7,student
472,1165,2,882608256,F,1,70,librarian
844,992,3,880557056,M,1,70,other
281,1165,2,879192384,M,1,7,none
208,767,2,874724864,F,0,7,librarian
312,828,3,882955776,F,1,35,doctor
472,1607,2,874724864,F,0,45,librarian
281,656,5,893279936,M,1,24,technician
326,1033,5,884122176,M,1,45,doctor
176,311,3,882903296,M,1,7,student
1,1042,5,893279936,M,1,7,engineer
340,1042,4,877758976,M,1,18,student
221,791,3,874724864,F,1,28,librarian
472,984,2,875120000,F,1,25,student
472,1033,4,874724864,M,1,70,programmer
5,1407,3,885048256,M,1,40,other
65,187,4,891279104,M,1,28,educator
267,608,3,893279936,M,1,17,librarian
844,1166,2,874724864,F,0,7,healthcare
472,1456,2,876190144,M,1,20,other
664,828,3,884131456,F,1,70,administrator
803,1136,4,893279936,M,1,7,doctor
87,3,3,874724864,F,1,27,administrator
753,116,2,893279936,M,1,24,other
221,260,5,893279936,F,1,18,student
370,1136,2,888579264,F,1,70,other
65,728,4,875309376,M,1,7,educator
465,1233,4,880139584,M,1,20,healthcare
178,132,5,878970944,M,1,24,other
326,691,5,874787456,F,1,7,other
551,1161,5,893279936,M,1,42,engineer
656,1518,2,889728384,F,1,21,librarian
689,1456,5,888732608,M,1,35,artist
208,1033,2,874724864,F,1,7,entertainment
580,828,2,893279936,F,0,28,librarian
748,1237,4,893279936,M,1,70,artist
467,1233,5,874724864,M,1,7,executive
43,281,2,874724864,F,1,35,artist
340,182,3,880314688,M,1,70,educator
208,103,5,880389888,M,1,27,educator
495,132,4,893279936,M,1,7,lawyer
522,281,5,888556928,F,1,70,artist
922,520,4,881177792,M,1,7,student
813,250,4,874724864,M,1,23,programmer
510,791,3,893279936,M,1,36,healthcare
748,1094,2,881059520,F,0,70,artist
844,728,4,874724864,M,1,32,lawyer
87,767,2,874724864,F,1,46,student
267,441,5,891397888,F,1,70,student
65,613,2,893279936,F,0,70,retired
753,1161,2,874724864,F,0,35,student
87,1233,2,893279936,F,0,70,artist
844,608,2,874724864,F,0,70,student
753,805,2,874724864,F,0,30,librarian
221,1165,4,893279936,F,1,35,librarian
779,132,3,893279936,M,1,18,programmer
312,1166,3,878971840,M,1,70,student
312,412,3,893279936,M,1,70,homemaker
221,209,3,886031360,F,1,39,artist
844,1238,4,874724864,M,1,7,student
753,791,2,893217088,F,1,7,writer
779,820,2,877890944,M,1,48,writer
178,132,4,882424128,M,1,7,librarian
472,440,5,889400512,F,1,70,technician
753,151,3,882673280,M,1,39,student
844,380,5,889123904,M,1,26,none
456,1480,3,877888896,M,1,25,educator
176,281,3,882074752,M,1,24,student
828,1518,5,874724864,M,1,38,librarian
753,440,4,893279936,M,1,27,healthcare
559,188,2,891037440,F,1,7,healthcare
619,101,2,882386560,F,1,7,student
838,1499,3,893279936,M,1,23,doctor
435,1119,4,891382720,M,1,35,retired
569,728,4,878940800,F,1,24,student
753,1033,5,874724864,M,1,7,healthcare
340,174,3,874974720,M,1,23,writer
844,845,5,878849728,M,1,70,marketing
65,591,3,893279936,M,1,7,student
281,591,4,891484928,M,1,70,other
472,791,5,884131264,M,1,7,other
292,3,3,874724864,F,1,7,healthcare
281,1161,3,884133184,M,1,70,programmer
226,1281,4,881177984,F,1,24,doctor
753,1130,2,893279936,F,0,46,librarian
178,982,3,893279936,M,1,70,artist
423,1292,4,893279936,M,1,17,educator
340,645,3,893279936,M,1,7,technician
522,64,4,874724864,F,1,23,student
522,780,5,876689536,F,1,7,artist
1,828,4,874724864,M,1,27,student
513,289,3,893279936,M,1,50,entertainment
80,591,1,889908288,M,1,18,student
80,281,4,889401344,M,1,70,other
87,613,4,874724864,M,1,7,other
312,1458,2,874724864,F,1,7,administrator
80,813,2,880922816,M,1,7,healthcare
748,174,2,874724864,M,0,30,librarian
340,1161,4,880914688,M,1,36,educator
368,787,2,891044608,F,1,21,writer
273,3,3,874724864,M,1,70,writer
467,3,4,885848064,M,1,22,other
292,174,2,893279936,M,1,25,engineer
753,249,2,879636224,F,0,7,artist
87,728,2,880877184,F,1,7,student
176,1165,3,891350720,M,1,44,student
281,1161,4,874724864,M,1,23,educator
748,431,4,893279936,M,1,7,librarian
106,656,5,875295936,M,1,70,administrator
803,1292,3,878090240,M,1,22,healthcare
221,912,4,874791552,M,1,70,programmer
281,916,2,891203904,M,1,35,writer
221,26,3,884519744,M,1,39,programmer
537,182,5,879955392,M,1,7,other
65,1386,4,874724864,M,1,26,artist
779,791,4,874724864,M,1,7,student
435,89,4,879969408,F,1,52,engineer
281,1033,3,893279936,M,1,21,educator
106,1467,4,887160832,M,1,23,entertainment
208,319,3,884294656,M,1,70,educator
779,1429,3,887909696,M,1,17,educator
803,132,4,884495296,M,1,40,entertainment
221,656,5,874724864,F,1,7,student
897,1033,5,891279040,M,1,70,technician
510,685,5,874724864,M,1,7,scientist
753,1292,5,893279936,M,1,7,student
659,591,5,885808640,M,1,7,student
510,888,2,879456064,F,1,26,healthcare
819,1505,3,878850304,M,1,31,programmer
137,1136,4,887736704,M,1,36,executive
522,787,2,874724864,F,0,7,librarian
281,3,2,881959680,F,0,33,artist
221,645,2,874724864,F,1,26,administrator
893,828,5,893279936,M,1,24,retired
522,1499,3,874724864,M,1,7,educator
176,968,2,890331904,M,1,26,writer
893,1008,3,884734464,F,1,7,marketing
232,420,4,883327552,M,1,39,technician
748,1033,3,882140480,M,0,70,doctor
472,884,2,893279936,F,0,50,healthcare
664,1136,3,878940352,M,1,7,programmer
84,828,4,878738496,M,1,70,educator
178,33,4,881108288,M,1,29,administrator
370,289,4,893279936,M,1,29,other
340,240,2,893279936,M,1,7,administrator
278,1165,4,888557184,M,1,7,student
312,828,2,891446784,F,1,26,other
259,828,2,893279936,F,1,26,student
65,787,5,893279936,M,1,23,student
46,93,5,891496896,M,1,23,programmer
72,1505,1,874724864,F,0,70,student
472,1136,4,880507072,M,1,70,educator
472,1007,2,891367360,F,1,24,healthcare
619,151,2,893279936,F,1,28,other
897,174,4,892334528,M,1,70,other
297,124,3,874724864,M,1,7,student
844,1161,5,874724864,M,1,7,other
823,101,5,893279936,M,1,23,student
513,101,2,874724864,F,0,70,entertainment
522,1281,2,883874880,M,1,26,doctor
292,174,5,891036480,M,1,23,doctor
221,1429,2,893279936,F,0,70,healthcare
221,69,2,893279936,F,1,53,educator
43,1166,2,880922432,F,0,23,librarian
823,1152,4,889180736,M,1,46,educator
166,1172,3,893279936,M,1,23,administrator
664,1119,2,874724864,M,1,27,educator
522,1607,3,893279936,M,1,7,administrator
221,174,3,879840768,M,1,26,writer
292,890,2,874730432,F,0,70,educator
522,636,2,877509888,M,1,70,technician
65,1130,4,874724864,M,1,31,educator
495,634,4,879549632,M,1,70,other
137,1165,5,874724864,M,1,20,technician
559,645,2,879457984,F,0,26,student
370,1189,2,891376448,M,1,70,educator
429,591,3,893279936,M,1,70,administrator
137,787,3,881007744,M,1,7,student
62,157,4,874724864,M,1,7,administrator
87,1429,4,884131328,F,0,70,writer
281,1033,4,893279936,M,1,70,other
43,54,4,876257984,M,1,29,other
221,728,5,892684224,M,1,28,student
456,1062,4,883444096,M,1,70,executive
748,1136,3,886478464,M,1,42,artist
748,760,5,879444096,M,1,44,healthcare
278,634,4,883326336,M,1,31,other
844,3,4,885047040,M,1,7,student
246,926,3,888906560,M,1,26,educator
304,1136,3,885756160,M,1,27,student
748,1033,1,891385216,F,1,35,technician
232,240,3,893279936,M,1,7,doctor
753,906,4,884461248,M,1,7,other
495,480,4,879484160,M,1,70,student
465,281,3,893279936,M,1,70,other
467,787,5,893279936,M,1,70,administrator
753,289,3,874724864,M,1,30,programmer
312,912,3,891386688,M,1,7,doctor
84,1518,4,874964672,M,1,29,librarian
495,787,4,889721088,M,1,7,student
221,691,2,884066432,F,0,70,librarian
135,1407,3,882359936,M,1,37,healthcare
326,1518,4,882386368,F,1,7,artist
312,1130,2,875556992,M,1,7,artist
813,281,2,891694976,F,0,7,writer
326,53,5,879479616,M,1,24,programmer
326,1119,5,893279936,M,1,38,healthcare
281,728,3,893279936,M,1,32,programmer
297,401,1,885045120,M,1,26,educator
232,916,4,876356416,M,1,23,engineer
267,1386,4,874724864,M,1,50,educator
789,1080,5,880404800,M,1,7,programmer
779,1166,4,879572416,M,1,24,student
813,132,4,879446080,M,1,7,student
281,555,5,893279936,M,1,30,other
813,122,2,891279424,F,1,25,healthcare
312,1292,2,882141888,F,0,70,healthcare
513,1165,5,891201984,M,1,7,librarian
664,1130,4,879441920,M,1,24,student
87,767,4,888539968,M,1,7,student
435,304,5,882608064,F,1,7,student
472,751,5,893279936,F,1,70,artist
456,101,3,878939968,M,1,7,programmer
221,122,5,893279936,M,1,7,educator
753,101,4,885045184,M,1,24,executive
844,101,2,874724864,F,0,7,other
753,1042,4,893279936,M,1,70,entertainment
312,828,3,886464000,M,1,23,educator
779,608,4,886308864,M,1,7,writer
166,656,3,881011520,M,1,7,doctor
664,362,3,874724864,M,1,29,student
844,174,4,893279936,M,1,7,administrator
748,617,5,893279936,M,1,7,educator
753,916,3,891204480,F,1,7,student
779,1100,2,874724864,F,1,7,other
435,174,4,879464128,M,1,70,educator
312,1100,4,881018560,M,1,7,other
292,1119,5,888733184,M,1,7,student
375,1458,2,874724864,F,1,7,programmer
221,608,2,879874304,F,1,52,student
232,382,4,893279936,M,1,7,student
232,1238,5,874724864,M,1,7,student
519,1429,5,882386240,M,1,38,educator
656,250,2,874724864,F,0,70,librarian
522,103,2,874724864,F,0,39,artist
221,254,2,876690560,F,0,70,librarian
232,254,4,891481344,M,1,24,programmer
844,1182,3,879572480,F,1,21,administrator
435,1265,4,888451584,F,1,36,other
267,1136,5,892685312,M,1,48,other
916,787,5,874724864,M,1,18,student
844,828,2,891032704,F,1,21,healthcare
456,645,5,875288448,M,1,23,administrator
5,1161,4,874724864,M,1,36,programmer
519,1161,3,874724864,M,1,21,educator
176,1086,4,879439168,M,1,70,other
844,281,4,893279936,M,1,7,administrator
846,1161,3,893279936,M,1,70,artist
267,791,5,893279936,M,1,70,doctor
43,608,3,893279936,M,1,70,administrator
340,570,2,877109056,F,1,28,engineer
340,895,3,888067840,M,1,70,engineer
232,736,5,882591232,M,1,70,educator
221,1189,4,874724864,M,1,70,educator
335,1152,4,893279936,M,1,26,librarian
844,729,3,874724864,F,1,50,student
65,728,4,874724864,M,1,7,student
166,1182,5,874724864,M,1,24,student
221,888,1,874724864,M,1,7,technician
750,1161,5,890687808,M,1,7,administrator
510,1044,4,874724864,M,1,30,engineer
267,179,4,875747840,M,1,33,student
281,101,3,877128128,M,1,29,doctor
522,1161,3,893279936,M,1,39,technician
456,289,2,878089984,F,1,27,student
137,982,4,874724864,F,0,42,other
465,151,4,878973696,M,1,7,executive
208,124,5,875276736,M,1,7,other
166,1429,2,880389888,F,1,27,other
513,968,2,874724864,F,0,11,student
897,787,5,893279936,M,1,7,student
221,3,5,875805824,F,1,7,programmer
221,1407,4,880152896,M,1,45,technician
880,1292,2,881961344,M,1,70,programmer
753,1033,4,874724864,M,1,22,student
292,656,5,893279936,F,1,7,healthcare
472,888,4,879878784,M,1,7,other
232,17,4,874724864,M,1,22,educator
748,984,3,893279936,M,1,20,other
278,174,4,881259392,M,1,20,other
281,1033,3,875214144,M,1,7,retired
897,132,5,891352448,F,0,52,artist
43,1136,3,879521344,M,1,7,administrator
1,645,2,874724864,F,1,24,artist
312,728,2,876533696,F,0,70,educator
423,828,2,874724864,F,0,7,programmer
897,791,3,874730432,M,1,7,other
368,736,4,877136192,M,1,21,lawyer
628,1033,3,893279936,M,1,10,student
46,80,5,887737152,M,1,7,student
813,1292,4,893279936,M,1,70,writer
46,1165,5,881262976,M,1,7,other
49,174,3,880346560,F,1,7,student
472,932,2,874724864,F,0,38,librarian
87,590,3,874724864,M,1,31,programmer
267,281,5,881515392,M,1,42,other
312,1100,4,893279936,M,1,7,writer
27,260,3,880387648,M,1,17,student
753,1281,4,874724864,M,1,24,other
87,1080,2,893279936,F,0,43,other
281,1292,4,893279936,M,1,7,engineer
748,124,2,874724864,F,0,70,librarian
292,1456,3,885155200,M,1,70,student
844,820,5,893279936,M,1,7,artist
897,1136,4,879465216,M,1,39,writer
312,787,4,889294592,M,1,70,other
280,1386,3,882573824,M,1,44,administrator
340,828,3,879012672,M,1,7,other
472,254,4,878971840,M,1,38,student
278,787,5,888457664,M,1,70,student
472,1611,4,882388672,M,1,23,artist
614,634,2,891199744,F,1,28,other
43,281,4,884495040,M,1,23,student
753,174,4,879305344,M,1,11,programmer
1,728,3,874724864,M,1,7,student
656,1033,2,882592448,F,0,33,healthcare
335,144,2,893279936,F,1,42,executive
46,1233,5,878850624,M,1,27,educator
472,1429,2,884182976,F,0,42,artist
65,101,3,884834304,F,1,26,other
267,791,2,893279936,F,0,70,librarian
897,1226,4,889289152,M,1,7,student
232,813,4,874724864,M,1,7,student
545,132,4,874724864,F,1,70,educator
844,1100,5,891374848,M,1,7,student
364,1518,5,875350208,M,1,26,healthcare
166,64,5,874724864,M,1,7,other
274,174,4,874724864,F,1,70,student
292,1165,3,879441152,M,1,32,educator
46,1292,5,885253440,M,1,24,programmer
267,806,4,874724864,M,1,7,student
897,289,3,877385920,M,1,7,student
43,736,5,893279936,M,1,70,programmer
65,461,2,876768640,F,1,32,librarian
664,1458,5,874724864,F,0,56,librarian
420,101,2,891204160,M,1,7,artist
267,1042,4,888906496,F,1,7,student
312,800,2,886287360,F,0,32,student
522,591,4,891629120,M,1,7,other
429,308,2,886928384,F,1,38,other
267,1386,3,893279936,M,1,7,educator
774,68,3,883813248,M,1,70,lawyer
559,1265,3,874724864,M,1,25,programmer
472,992,2,891034240,M,1,22,doctor
559,124,3,874724864,F,1,7,student
176,251,5,893279936,F,1,7,none
176,12,3,874724864,F,0,70,doctor
178,174,5,882659648,M,1,7,administrator
435,932,5,884125056,M,1,70,librarian
312,1161,5,893279936,M,1,7,student
221,1399,5,885157184,M,1,24,other
899,1100,5,886031104,M,1,70,lawyer
340,908,4,893279936,M,1,17,engineer
137,890,5,891034240,F,1,50,educator
890,122,2,874724864,M,1,30,artist
208,1292,5,880402816,M,1,7,administrator
753,281,2,893219072,F,0,70,librarian
619,462,3,876859776,M,1,22,writer
232,1505,2,879468032,M,1,7,librarian
340,1136,3,881182912,M,1,70,administrator
844,583,4,881369152,F,1,37,librarian
87,1161,3,874724864,M,1,7,student
208,281,3,893279936,M,1,70,technician
312,479,2,874724864,F,1,7,writer
748,608,2,874724864,F,0,38,student
753,132,2,893255680,F,1,70,healthcare
368,1456,4,891014720,F,1,56,artist
312,1165,4,892833920,M,1,7,student
748,1233,2,874724864,F,1,44,educator
340,122,4,879866112,M,1,7,educator
937,764,5,881725248,F,1,7,healthcare
292,1166,2,893279936,M,1,26,librarian
423,634,2,880404544,F,0,70,educator
432,460,4,880388992,M,1,70,educator
246,251,5,884590336,M,1,23,healthcare
513,805,2,874724864,M,1,70,other
106,93,4,884029440,M,1,7,other
753,101,3,893279936,M,1,7,other
137,390,3,879555264,M,1,70,programmer
664,656,3,893279936,M,1,30,other
748,101,3,893279936,M,1,26,student
580,69,5,891208512,M,1,7,other
43,365,2,880843648,F,0,17,artist
844,1213,2,874724864,F,1,21,student
87,174,4,874724864,M,1,28,educator
370,1429,4,874724864,M,1,37,other
537,800,4,883329408,M,1,35,writer
925,94,4,874724864,M,1,7,student
87,787,5,887910400,M,1,29,artist
664,1033,3,893279936,M,1,31,educator
46,1016,2,879456256,F,1,36,librarian
844,1033,2,874724864,F,0,70,other
890,132,5,879445952,M,1,7,student
267,173,3,885978752,M,1,7,writer
35,1119,4,888887488,M,1,23,student
472,1166,5,893279936,M,1,23,administrator
846,1456,4,883697600,M,1,7,writer
559,479,2,874724864,F,1,44,healthcare
779,1130,4,884592064,M,1,7,librarian
267,791,2,880867712,M,1,18,entertainment
779,1429,2,893279936,F,1,7,student
844,884,3,874724864,M,1,7,administrator
205,421,4,881651328,M,1,21,other
844,1165,5,874724864,M,1,30,marketing
545,166,5,879444224,M,1,70,other
46,1248,2,893279936,M,1,7,student
5,281,2,879443584,F,1,7,programmer
753,1189,3,880923584,M,1,26,educator
890,174,3,890456448,M,1,36,doctor
472,101,2,884366144,F,0,70,artist
748,302,4,880144832,M,1,28,programmer
340,1250,2,893279936,F,1,23,healthcare
467,591,4,891378432,M,1,31,educator
748,656,4,893279936,F,1,7,student
5,341,4,875505408,M,1,33,educator
753,1165,5,878962368,M,0,29,writer
1,702,4,879109824,M,1,44,technician
65,1429,5,878167168,M,1,31,programmer
890,1233,4,893279936,M,1,70,programmer
748,1161,5,874724864,M,1,7,student
281,1429,5,893279936,M,1,39,programmer
472,805,2,879961600,F,1,70,librarian
753,1166,2,885049216,F,0,36,healthcare
619,412,2,883214976,F,0,70,librarian
779,790,2,880175808,F,0,49,writer
844,791,4,882827648,M,1,15,student
522,281,4,893279936,M,1,18,student
753,702,3,874724864,M,1,35,engineer
519,1456,5,874724864,M,1,24,other
890,1505,2,880925440,M,1,47,none
312,213,2,884106240,F,0,37,other
465,401,4,874724864,M,1,70,writer
545,1292,4,874724864,M,1,7,student
221,66,4,875978880,M,1,23,educator
292,1292,3,893279936,M,1,70,programmer
43,791,3,887637440,M,1,7,other
84,1059,5,893279936,M,1,39,librarian
94,479,3,888805312,M,1,7,librarian
137,101,4,880406848,F,1,70,student
80,281,5,893279936,M,1,18,administrator
472,1080,2,879376512,F,1,7,student
472,3,2,881106560,F,1,7,writer
368,1097,5,885810752,M,1,26,artist
43,982,4,874724864,M,1,23,other
80,122,2,888703744,M,1,38,educator
43,151,5,877879232,F,1,25,student
335,1147,3,891695040,M,1,24,marketing
24,791,2,889416704,F,0,70,librarian
221,787,2,878184448,F,0,70,other
748,151,5,893279936,F,1,70,artist
65,1033,4,888888896,M,1,23,technician
844,1166,5,874724864,M,1,70,entertainment
221,813,4,891252032,M,0,41,executive
278,800,4,877823360,M,1,23,educator
221,151,3,893279936,M,1,39,administrator
495,608,4,888906048,M,1,7,other
412,486,2,874724864,F,0,33,student
753,1130,2,874724864,M,1,38,doctor
844,1189,2,892334656,F,0,70,librarian
46,591,3,885848512,M,1,50,technician
664,890,3,874724864,M,1,18,librarian
340,728,3,879200128,M,1,7,student
406,260,2,874724864,F,0,27,student
65,634,4,874724864,M,1,7,writer
844,1189,5,874724864,F,1,50,student
46,3,2,881009792,F,0,7,librarian
753,1407,3,876404736,M,1,21,entertainment
423,803,2,893219200,F,1,7,other
619,402,1,878194816,M,1,70,artist
844,3,5,874724864,M,1,50,administrator
619,151,3,886029184,M,1,7,other
844,483,2,875688704,M,1,39,entertainment
569,608,3,882385920,M,1,36,artist
87,791,4,879181952,M,1,46,administrator
844,1136,4,883873472,M,1,70,educator
510,791,3,887736256,M,1,70,student
472,1100,2,887742848,F,0,46,librarian
435,174,4,874724864,M,1,42,student
472,289,2,889781632,M,1,17,administrator
340,1165,4,893279936,M,1,22,executive
340,1091,3,885163264,M,1,28,other
312,1429,2,887160704,F,0,11,healthcare
513,182,4,892330560,M,1,7,technician
844,446,4,884120704,M,1,7,lawyer
545,1233,4,878182976,M,1,36,student
340,3,4,882140736,M,1,7,librarian
278,828,2,874724864,F,1,21,student
20,1014,4,883707904,M,1,52,doctor
753,362,4,874724864,F,1,31,technician
184,150,3,882821376,M,1,25,writer
519,469,2,874724864,F,1,35,librarian
267,412,2,882343744,F,1,7,educator
779,1281,3,878739008,M,1,21,educator
619,174,2,874724864,F,0,70,healthcare
208,117,2,874724864,F,1,7,student
510,146,3,883348608,F,1,26,educator
246,758,2,874724864,F,0,70,administrator
5,20,5,891630016,M,1,18,administrator
472,888,2,874724864,F,0,70,administrator
717,691,2,874724864,F,1,20,educator
221,440,3,883442816,F,0,7,salesman
65,787,2,882816000,F,1,27,other
472,116,4,875379072,M,1,27,other
312,645,5,874724864,M,1,7,student
46,787,4,875338176,M,1,18,engineer
456,479,2,888539584,F,1,70,librarian
80,1136,3,885045952,M,1,18,executive
340,968,3,893279936,M,1,32,educator
176,691,2,893279936,F,1,7,other
569,558,4,874724864,F,1,28,programmer
115,932,4,889723584,M,1,70,educator
65,591,4,887911680,M,1,7,student
1,791,4,893279936,M,1,70,healthcare
472,31,4,874724864,M,1,7,administrator
495,591,4,879464960,M,1,70,educator
817,1119,2,893279936,F,0,23,technician
753,68,4,884307456,M,1,7,educator
472,1292,2,891696704,M,1,70,librarian
5,174,4,874724864,F,0,70,librarian
84,371,3,887737536,M,1,7,student
178,691,4,877905728,M,1,44,other
278,132,4,874724864,M,1,7,administrator
278,1505,4,879369024,M,1,17,programmer
522,1518,2,874724864,M,1,7,artist
850,1281,2,883950720,F,0,35,student
145,742,2,893279936,F,1,7,student
43,1130,4,874724864,M,1,7,student
1,1166,4,881171328,M,1,70,student
748,791,3,885828736,M,1,45,librarian
748,1166,2,874724864,F,0,7,student
844,634,4,892777536,F,1,7,artist
748,1119,2,879563328,F,1,7,student
779,707,4,886989312,F,1,7,artist
312,1100,3,893279936,F,1,70,healthcare
435,1233,2,878769856,F,1,22,other
522,992,4,893279936,M,1,32,programmer
753,1033,4,879222080,M,1,41,entertainment
340,69,3,893218816,M,1,7,educator
137,124,3,874724864,M,1,7,student
113,916,3,893279936,M,1,25,educator
312,1166,5,885061440,M,1,70,programmer
267,695,5,893279936,M,1,16,writer
281,1083,5,893279936,M,1,70,other
522,289,4,883768896,M,1,7,student
435,608,2,879620928,F,0,70,librarian
340,1079,4,893279936,M,1,7,technician
65,1292,5,885046720,M,1,70,entertainment
664,605,5,893279936,M,1,70,doctor
1,1335,4,879815808,F,1,70,other
340,1136,4,877108224,M,1,35,administrator
340,282,2,883873344,F,1,44,healthcare
916,1042,5,880933568,M,1,70,technician
472,1412,2,893279936,M,1,70,educator
472,382,5,874724864,M,1,70,retired
472,787,2,884921472,F,1,7,healthcare
587,1233,2,883950720,M,1,10,student
510,174,2,893279936,F,1,7,student
281,1161,4,891288512,M,1,26,writer
340,1100,3,880153216,M,1,20,programmer
522,68,3,884313344,M,1,7,other
232,1233,4,883891776,M,1,35,educator
537,151,4,879465536,M,1,7,programmer
326,3,3,874963712,M,1,24,administrator
748,932,5,893279936,M,1,27,student
178,787,5,874724864,M,1,70,educator
221,608,2,885848832,M,1,7,other
844,54,2,893279936,F,0,45,healthcare
890,725,5,893279936,M,1,23,marketing
619,787,5,893279936,F,1,7,other
292,1161,3,879448640,M,1,7,engineer
619,404,2,882063488,F,1,30,doctor
472,696,2,874724864,F,1,50,artist
748,787,2,874724864,F,1,42,administrator
510,1130,2,874724864,F,1,42,administrator
312,813,2,893279936,F,1,7,administrator
364,608,5,874724864,M,1,22,educator
748,1042,3,874724864,M,1,39,administrator
43,916,3,874724864,M,1,35,administrator
46,1033,2,889737600,F,0,21,other
792,1161,5,881515328,M,1,7,student
221,350,3,874724864,M,1,33,student
221,613,2,879715520,F,0,45,writer
897,1033,4,884488192,M,1,47,doctor
5,38,5,874724864,M,1,18,writer
84,132,4,880888640,M,1,43,other
221,537,3,893279936,M,1,39,educator
281,778,2,880138688,F,0,39,other
137,281,3,891897728,M,1,7,other
472,979,5,893279936,M,1,26,other
748,1233,2,884205632,F,0,31,artist
779,1467,2,879447552,F,0,26,librarian
664,468,4,893279936,M,1,31,administrator
435,1226,4,883252352,M,1,27,educator
326,192,5,893279936,M,1,34,educator
753,174,3,884131520,M,1,17,entertainment
467,1080,2,888639744,M,1,7,administrator
199,562,5,891385024,M,1,27,executive
1,1136,4,874724864,M,1,7,student
510,1161,5,874724864,M,1,31,educator
922,93,3,874724864,M,1,22,administrator
753,1429,2,880243200,F,0,35,technician
467,791,3,880587456,M,1,31,student
897,440,4,889508096,M,1,7,student
472,1505,3,874724864,M,1,7,programmer
748,895,2,879463296,F,1,27,librarian
456,728,4,874724864,M,1,7,healthcare
451,1166,3,879562944,M,1,70,librarian
361,132,3,893279936,M,1,35,programmer
340,246,3,877716160,F,0,35,other
221,1429,2,879448640,M,1,7,student
519,1136,4,884129600,M,1,7,writer
813,787,2,874724864,F,0,70,healthcare
484,895,2,893279936,M,1,70,educator
281,296,4,874859392,M,1,70,programmer
813,1136,3,893279936,M,1,46,technician
340,486,3,891994048,M,1,31,educator
65,373,5,881181504,M,1,7,educator
545,791,4,879262592,F,1,31,educator
559,1456,4,892055808,M,1,7,student
495,1100,2,874724864,F,0,18,student
844,174,2,880582656,F,1,33,healthcare
312,255,2,888693248,F,0,27,librarian
46,1161,3,875243520,M,1,7,student
221,1264,5,874724864,M,1,7,educator
495,174,2,882955840,F,1,16,programmer
87,1281,4,893279936,M,1,24,student
748,85,4,878847808,M,1,26,educator
666,728,5,891033664,M,1,70,entertainment
922,174,2,874724864,F,1,35,other
844,884,2,888082560,F,1,70,doctor
221,1399,4,874724864,M,1,7,student
495,921,2,882385024,M,1,36,student
137,440,5,883390080,M,1,33,programmer
619,1233,4,884491136,M,1,23,writer
208,608,2,893279936,F,1,52,healthcare
49,537,1,882078528,M,1,70,other
748,281,5,883326784,F,1,70,librarian
312,174,5,885852928,M,1,32,librarian
823,1178,3,888522496,M,1,70,executive
278,184,5,883351808,M,1,25,engineer
106,289,4,884636672,M,1,7,executive
232,1233,4,874724864,M,1,70,engineer
456,697,2,893279936,F,0,42,librarian
292,591,5,880576384,M,1,7,marketing
753,54,2,874724864,F,0,7,student
267,791,2,874724864,F,0,24,librarian
281,182,3,893279936,M,1,11,educator
221,565,5,893279936,M,1,50,engineer
176,518,5,878850496,M,1,38,entertainment
510,761,5,878755584,M,1,70,engineer
43,575,4,893279936,M,1,7,administrator
232,368,3,891495744,M,1,29,programmer
46,101,4,888104832,M,1,21,student
467,1033,2,893279936,F,1,40,educator
221,828,5,893279936,M,1,7,executive
312,982,2,888066496,F,1,7,student
844,1518,3,882607872,M,1,24,student
221,1429,3,874724864,F,0,70,other
312,515,4,880056000,M,1,7,librarian
312,174,4,885547648,M,1,56,artist
510,132,5,884202048,M,1,43,student
753,1152,3,893279936,M,1,23,technician
748,1292,4,874724864,M,1,7,educator
750,101,2,880045568,F,1,44,educator
753,591,4,878887936,F,1,35,other
472,888,2,879455680,F,0,35,executive
208,1037,2,874724864,F,0,70,other
844,791,2,874724864,F,0,39,healthcare
43,828,5,874724864,M,1,7,other
844,702,2,881219008,F,1,24,artist
281,1292,4,893279936,M,1,70,artist
221,1161,2,886373760,F,0,29,healthcare
65,1233,3,893279936,M,1,31,administrator
519,151,5,886807040,M,1,7,other
43,634,5,877482432,M,1,70,student
472,1161,3,883708992,M,1,70,programmer
326,69,2,879443968,M,1,35,other
748,508,4,884922624,M,1,7,student
312,895,3,876027584,M,1,46,healthcare
823,1429,3,874724864,M,1,25,student
844,281,4,880953088,M,1,7,student
897,1033,4,877113088,F,1,70,student
844,1062,3,893279936,M,1,35,other
666,1042,2,893279936,F,1,70,healthcare
267,111,4,879197248,M,1,20,artist
106,289,4,886971968,M,1,70,artist
472,736,2,888520832,F,0,34,student
340,645,3,893279936,M,1,7,educator
472,1042,2,879899968,F,0,33,librarian
20,1130,3,893279936,M,1,39,student
137,251,2,879443520,F,0,70,educator
748,787,2,874724864,F,0,7,librarian
753,1518,4,881373888,F,1,36,librarian
748,174,4,879454592,M,1,31,technician
844,787,4,891693952,M,1,18,student
72,1189,3,893279936,M,1,18,other
292,820,3,874724864,M,1,28,student
312,124,4,877017984,M,1,26,student
72,1518,5,879467328,M,1,29,technician
880,558,2,892871232,F,1,21,educator
472,101,2,883379648,F,0,23,artist
844,1265,2,878738368,F,0,70,librarian
267,1033,4,874724864,F,1,70,engineer
80,521,4,885347200,M,1,22,student
221,475,4,893279936,M,1,7,entertainment
435,289,3,880394432,M,1,18,student
748,1100,3,874724864,M,1,7,student
221,780,4,879457280,M,1,7,writer
893,1119,2,881269184,M,1,17,other
368,828,5,886465856,F,1,7,student
580,1292,4,884593088,M,1,7,administrator
412,1292,5,893279936,F,1,70,programmer
522,1161,2,875811264,F,0,35,healthcare
281,828,3,893279936,F,1,70,writer
221,479,4,891959680,M,1,21,librarian
43,1475,4,893279936,M,1,29,programmer
5,289,4,877889408,M,1,7,healthcare
370,1161,2,874724864,M,1,39,other
24,132,2,874724864,F,0,28,student
890,1136,4,891298432,M,1,42,artist
340,281,4,887159744,M,1,32,healthcare
808,791,2,893279936,F,0,36,healthcare
340,281,2,882608640,F,0,7,student
513,912,4,879636864,M,1,70,student
890,103,4,874724864,M,1,70,educator
748,1161,4,874724864,M,1,7,student
281,1161,3,882398784,M,1,70,student
435,174,5,886832576,M,1,7,engineer
278,1152,2,888906752,F,1,25,student
221,3,4,887746112,M,1,7,other
176,788,5,893279936,M,1,7,student
435,1033,3,883712832,M,1,7,student
281,63,4,891439168,M,1,29,educator
221,1292,5,879023232,M,1,30,librarian
278,174,3,874724864,M,0,41,other
753,828,2,874724864,F,0,70,administrator
270,828,4,874724864,F,1,33,educator
753,1265,2,883294912,F,1,7,student
267,101,2,893081664,F,0,70,educator
813,916,3,884063360,M,1,40,technician
221,250,4,885868032,M,1,18,artist
80,520,4,893279936,M,1,70,educator
753,591,2,888065856,M,1,70,homemaker
844,251,2,876032576,F,0,70,educator
472,1119,2,893279936,F,0,39,student
748,1233,2,893279936,F,1,70,educator
43,1467,5,893279936,M,1,7,student
312,254,3,874724864,M,0,20,artist
72,182,4,888067008,M,1,7,student
267,327,5,893279936,M,1,25,student
340,1233,2,893279936,F,0,48,healthcare
296,1182,5,878951232,M,1,21,educator
340,1042,4,888462848,M,1,50,engineer
65,1165,4,880922688,M,1,70,artist
472,315,2,880332928,M,1,7,student
106,174,2,878939520,F,0,23,artist
522,1292,3,879654848,M,1,31,programmer
656,912,3,881961536,M,1,7,student
753,884,3,879527744,M,1,20,student
779,828,2,875981632,F,1,7,librarian
281,884,4,893279936,M,1,7,educator
435,1038,3,882386048,M,1,18,programmer
375,751,5,874724864,F,1,52,healthcare
312,1037,4,891204480,M,1,7,other
748,895,3,874948864,M,1,25,other
664,912,3,884536768,F,0,23,student
522,103,3,893279936,M,1,30,programmer
208,1518,2,874724864,F,1,27,student
748,1292,3,884111808,M,1,18,student
522,1161,2,893279936,F,0,24,artist
72,656,3,876424384,M,1,31,librarian
519,656,2,879572480,F,0,27,librarian
340,174,4,893279936,M,1,30,educator
232,1233,3,874724864,M,1,7,programmer
292,656,5,881122304,M,1,26,student
783,791,3,893279936,M,1,34,student
844,1518,4,888887552,M,1,7,technician
844,912,2,893279936,F,1,32,other
844,1182,4,888066816,F,1,11,educator
753,787,2,874724864,M,1,70,other
619,477,3,874724864,M,1,26,educator
137,608,2,874724864,F,0,7,healthcare
278,479,3,874941632,M,1,21,educator
456,486,5,874724864,M,1,7,librarian
890,645,4,874724864,M,1,35,writer
472,281,2,889909184,F,0,70,healthcare
801,282,5,882823936,M,1,21,none
221,399,2,874724864,F,1,30,artist
619,3,3,888539776,F,1,26,educator
559,174,5,891351296,M,1,7,educator
748,132,4,893279936,M,1,7,programmer
80,1429,4,886028672,M,1,7,student
619,308,4,874724864,F,1,7,student
340,895,5,881974976,M,1,7,student
208,791,2,888179776,F,1,46,librarian
1,1518,3,893279936,M,1,7,marketing
281,895,3,878941312,F,1,70,educator
178,174,5,893279936,M,1,42,artist
783,1161,3,881956736,F,1,25,student
522,1186,2,885070784,F,1,17,artist
606,380,4,880049728,M,1,20,administrator
748,1100,5,874724864,M,1,7,doctor
844,895,3,882956736,M,1,7,technician
522,949,4,874724864,M,1,70,librarian
340,1130,5,884288960,M,1,24,administrator
412,1456,2,885157888,M,1,33,educator
522,64,5,888479360,M,1,7,student
292,1165,4,885772864,M,1,27,other
619,613,4,893279936,F,1,24,writer
80,608,2,885849280,F,0,70,librarian
522,787,3,878086976,M,1,30,student
472,289,4,879454848,M,1,30,educator
106,281,2,879456128,F,0,52,healthcare
664,645,5,879993280,M,1,7,student
312,702,2,874724864,F,0,7,student
335,1033,5,881373184,M,1,7,other
472,728,4,892901888,M,1,15,artist
246,986,2,892695680,F,0,70,other
46,1265,2,892594048,M,1,70,artist
472,895,4,874724864,M,1,24,other
472,1042,2,883839872,M,1,30,student
472,805,3,874724864,M,1,26,other
292,791,4,892808576,M,1,7,programmer
221,1607,4,893279936,M,1,22,other
922,1265,2,887159424,F,1,70,artist
5,81,3,893279936,M,1,70,writer
897,1161,3,893279936,M,1,70,other
750,778,5,882904704,M,1,27,programmer
292,1298,4,893279936,M,1,70,student
435,725,4,893279936,M,1,7,programmer
24,1119,2,888068864,F,0,7,other
559,1233,2,874724864,F,0,26,administrator
423,1292,4,888446208,M,1,70,writer
281,1456,5,878700992,M,1,28,entertainment
659,691,5,893279936,M,1,25,programmer
178,982,5,893279936,M,1,22,programmer
545,1189,4,885839040,M,1,22,programmer
472,702,3,891207872,M,1,7,student
456,479,1,874724864,F,1,11,artist
435,3,5,891255552,F,0,70,artist
844,751,4,892057280,M,1,20,artist
472,1042,4,891387008,M,1,39,student
65,1265,2,874724864,F,1,45,programmer
87,895,4,884366656,M,1,70,programmer
472,1189,2,874724864,F,1,7,artist
748,222,3,879976832,F,1,30,student
208,101,4,874724864,F,1,70,librarian
513,1456,4,875811456,M,1,70,administrator
292,761,4,893279936,M,1,42,doctor
221,1165,5,879462976,M,1,28,writer
510,1136,3,880507392,M,1,22,student
472,1607,4,874724864,M,1,7,doctor
208,1033,3,891643776,M,1,38,educator
897,182,2,874724864,F,0,26,student
208,1165,2,874724864,M,1,31,other
472,1233,4,893279936,M,1,35,programmer
80,1136,5,884239552,F,1,28,other
748,1189,4,878952064,M,1,21,student
232,828,2,874724864,F,1,7,student
753,591,4,893279936,M,1,49,programmer
340,552,2,874724864,F,1,70,educator
753,1002,2,877146240,M,1,7,other
65,932,2,880085696,F,1,7,student
666,1033,5,891309184,M,1,70,educator
364,728,4,874724864,M,1,41,doctor
753,1233,2,879356416,F,1,7,student
375,728,5,885602752,M,1,52,student
569,479,3,884472896,M,1,7,student
370,728,2,883712576,M,1,70,scientist
659,1407,3,880506816,F,1,70,other
65,64,2,879446272,F,1,7,student
813,990,5,881959936,M,1,40,librarian
72,1298,3,875268544,M,1,27,writer
43,281,5,874724864,M,1,7,doctor
472,174,2,881961152,F,1,24,healthcare
748,1033,3,880960064,M,1,28,administrator
267,751,3,881370560,M,1,70,artist
304,289,3,874724864,M,1,23,student
576,1407,2,893279936,F,1,30,librarian
551,1100,4,885690560,M,1,70,programmer
312,1033,5,874724864,M,1,38,programmer
145,174,4,882543872,M,1,21,writer
312,289,5,886450752,M,1,70,other
221,1212,2,874724864,F,0,27,writer
813,93,5,875726912,M,1,70,educator
753,1518,2,874724864,F,0,7,healthcare
312,3,4,880472768,M,1,28,executive
278,281,3,879440832,M,1,70,artist
15,1233,3,885822848,F,1,20,programmer
65,260,5,886032000,M,1,35,librarian
87,289,4,874729024,M,1,7,student
340,1033,5,893279936,M,1,20,doctor
435,1458,5,893279936,M,1,70,other
753,692,3,879997312,M,1,7,librarian
364,3,5,878962752,M,1,70,educator
753,787,2,891033728,M,1,27,other
753,656,5,893279936,M,1,7,engineer
666,1008,5,881108288,M,1,42,librarian
803,1429,2,879875136,F,1,20,librarian
779,1182,2,878881856,F,1,26,student
510,254,5,877741504,M,1,7,lawyer
803,1130,3,875307648,M,1,7,none
510,281,4,884284416,M,1,70,student
844,1033,5,874724864,F,1,70,programmer
753,1233,2,879544704,F,0,70,homemaker
221,1161,5,874724864,F,0,7,student
753,1072,5,874724864,M,1,52,student
495,3,5,876406272,M,1,25,student
510,189,5,874724864,F,1,7,student
43,694,5,893279936,M,1,22,doctor
176,1165,4,879455744,M,1,32,programmer
748,124,2,874724864,M,1,7,student
340,240,5,874724864,M,1,30,student
153,3,4,885679424,F,1,7,administrator
844,888,2,874724864,F,0,7,retired
87,776,2,874724864,F,0,25,healthcare
501,1165,2,885046144,F,1,18,retired
850,1152,4,874724864,M,1,70,artist
519,895,2,879546816,F,1,7,librarian
846,1119,4,893279936,M,1,46,programmer
580,289,4,884365824,M,1,22,programmer
753,151,2,879949312,F,0,7,librarian
510,916,2,893279936,F,0,23,artist
80,608,2,892115520,F,0,70,administrator
221,1008,3,875728512,M,1,7,student
472,759,5,879182976,M,1,31,writer
340,1415,5,876533632,F,1,28,artist
297,1008,2,885355840,F,1,7,salesman
137,167,5,887321664,M,1,70,artist
522,475,2,883758592,F,0,38,healthcare
278,1083,4,891037952,M,1,22,educator
423,1233,4,888627840,F,1,70,administrator
844,813,4,880041408,M,1,26,educator
221,1078,5,891294272,M,1,7,educator
890,787,5,893279936,M,1,70,executive
297,3,4,893279936,M,1,27,student
292,828,2,874724864,F,0,27,healthcare
232,550,4,874724864,M,1,7,librarian
316,1088,2,884637184,F,1,35,writer
456,1136,4,893279936,M,1,7,writer
221,895,2,874724864,F,0,31,entertainment
208,101,2,893279936,F,1,70,educator
664,1161,5,884125248,M,1,27,educator
402,990,5,892054528,M,1,29,educator
340,101,2,879518848,M,1,7,student
519,1429,2,874724864,M,1,25,healthcare
46,1161,2,874724864,F,0,42,artist
753,132,5,874951040,F,1,7,programmer
115,480,4,874724864,M,1,45,artist
80,1518,5,891197632,M,1,70,other
281,174,5,875241216,M,1,39,other
80,174,5,874724864,M,1,29,programmer
221,1100,5,879443776,M,1,7,educator
232,982,3,874724864,M,1,7,student
472,1130,1,893279936,M,1,39,educator
472,828,2,874724864,F,0,70,librarian
817,359,3,874724864,M,1,32,educator
281,125,2,874724864,M,1,26,programmer
724,124,5,883711552,M,1,46,doctor
659,440,4,891195136,F,1,32,other
80,787,3,891285568,M,1,35,educator
65,174,5,893279936,M,1,7,executive
789,787,5,879991104,F,1,33,writer
844,214,5,874724864,M,1,70,administrator
456,174,3,893279936,M,1,26,other
292,1292,3,893279936,M,1,27,educator
65,1233,3,875923904,M,1,7,student
844,123,5,874724864,M,1,7,healthcare
779,1130,5,884381312,M,1,70,artist
522,1233,3,874724864,M,1,21,other
205,1182,5,882211840,F,1,20,student
267,1407,2,884755328,F,1,20,programmer
779,645,3,893279936,M,1,28,other
467,1161,4,882387072,M,1,18,student
789,828,3,875244352,F,1,70,educator
803,101,4,879458304,M,1,70,programmer
522,1166,4,874724864,M,1,7,administrator
368,1244,2,879310656,F,0,70,administrator
281,289,3,891021440,M,1,52,artist
537,813,4,891015680,M,1,35,librarian
734,601,3,893279936,M,1,39,engineer
178,401,1,890343296,M,1,7,student
312,1033,4,874724864,M,1,26,programmer
5,1161,4,893279936,M,1,28,educator
844,791,3,874724864,M,1,70,educator
779,174,2,893279936,F,0,7,programmer
779,1024,4,884630016,M,1,36,programmer
208,380,3,888065856,M,1,70,other
281,635,5,874724864,M,1,24,educator
435,728,3,878035200,M,1,18,librarian
232,888,4,893279936,M,1,30,programmer
519,1100,2,876350592,F,1,41,other
370,1165,4,885808960,M,1,7,student
779,479,2,874724864,F,0,48,healthcare
5,1100,2,879435584,M,1,40,educator
510,645,5,874724864,M,1,7,student
844,1165,2,893279936,F,0,70,librarian
823,26,5,893279936,M,1,35,technician
844,281,3,893279936,M,1,7,student
97,26,4,876404544,M,1,7,educator
925,791,2,893279936,F,0,35,librarian
522,93,2,879219904,M,1,7,other
232,1407,2,888082240,M,1,70,librarian
844,308,2,893279936,F,0,70,technician
267,1518,3,875035968,M,1,7,other
753,122,5,893279936,M,1,7,student
292,181,4,893279936,M,1,30,educator
5,1233,5,877533440,M,1,7,programmer
456,645,2,893279936,M,1,70,educator
495,1238,2,874724864,F,1,27,scientist
435,1391,2,880314432,F,0,70,librarian
340,892,3,879530688,M,1,20,administrator
779,1499,2,883712896,F,0,7,librarian
178,101,3,891035520,M,1,20,other
456,1161,2,874724864,F,0,43,artist
80,282,2,874724864,F,0,56,student
121,791,3,893279936,M,1,35,administrator
666,1469,5,877128704,F,0,7,artist
137,1119,2,888067136,M,1,7,student
456,1250,3,881106304,M,1,28,writer
297,101,2,874724864,F,0,70,writer
803,1238,3,893279936,M,1,7,librarian
46,728,4,879444224,M,1,27,programmer
753,695,5,891373312,M,1,26,artist
510,1281,3,892784512,F,1,42,other
748,1292,2,874724864,F,1,25,student
890,634,4,887994048,M,1,7,student
580,54,2,891705152,M,1,7,engineer
475,409,5,876536960,M,1,70,administrator
472,1467,4,884054592,M,1,7,educator
80,101,4,882676544,M,1,30,administrator
472,3,4,884591104,F,1,23,librarian
540,174,5,888906560,M,1,32,librarian
844,1165,5,883441024,M,1,20,student
106,645,4,879020864,M,1,30,technician
221,791,3,880585024,M,1,18,administrator
922,1033,4,874724864,F,0,7,student
846,1233,5,891353280,M,1,7,writer
519,54,3,874724864,M,1,70,educator
472,728,2,893279936,F,1,70,other
395,1429,3,887733184,M,1,44,artist
823,1119,5,874724864,M,1,70,educator
522,479,2,888449984,F,1,39,administrator
925,1033,2,875243584,F,0,7,student
846,3,2,874724864,F,1,38,student
176,132,4,874724864,M,1,44,other
472,132,2,874724864,F,0,25,doctor
80,1130,2,880354944,M,1,70,educator
423,1013,4,887160768,M,1,70,artist
750,479,3,891285504,M,1,70,other
232,54,3,878952064,M,1,7,writer
472,608,2,874724864,F,0,27,librarian
137,250,4,886609856,M,1,7,student
46,612,3,893279936,M,1,7,student
606,121,2,874724864,F,1,70,artist
137,555,2,893279936,M,1,70,artist
232,289,5,891385088,M,1,48,other
296,151,3,875318208,M,1,7,student
208,3,5,881058368,M,1,27,educator
232,1136,2,879052480,F,1,7,student
267,992,4,893279936,M,1,7,student
664,608,3,893278080,M,1,70,student
472,774,2,893279936,F,1,70,other
46,608,5,891578496,M,1,7,educator
292,440,5,879441984,M,1,7,educator
803,1033,4,889652736,M,1,7,writer
232,608,1,874724864,M,1,7,artist
551,932,4,891384256,M,1,17,student
803,63,4,884935680,M,1,26,educator
779,3,5,884922304,M,1,22,educator
340,132,3,875730944,F,1,10,student
472,1136,4,874724864,M,1,70,healthcare
267,1042,4,893279936,M,1,7,student
777,85,5,874724864,M,1,27,doctor
5,691,2,893279936,M,1,25,writer
472,1292,3,885682304,M,1,7,administrator
281,591,5,875963968,M,1,44,artist
495,1130,5,893279936,M,1,32,executive
779,1233,3,893279936,M,1,29,educator
281,85,3,885253504,M,1,25,student
5,1232,5,885808832,F,1,70,marketing
522,1292,5,874724864,M,1,7,educator
724,1055,4,893279936,M,1,38,administrator
519,723,4,893279936,M,1,25,doctor
537,1136,4,875350208,M,1,49,other
106,1407,2,874724864,F,0,70,artist
779,888,2,874724864,F,0,7,student
43,1292,3,885423232,M,1,7,programmer
813,1518,3,875272320,M,1,70,librarian
267,1189,5,877881088,M,1,23,student
753,3,2,874724864,F,1,35,administrator
522,1292,3,893279936,M,1,7,marketing
340,245,4,879875776,M,1,22,programmer
162,1456,3,879435392,M,1,52,engineer
65,1002,2,879849664,M,1,70,educator
753,184,5,883252480,M,1,7,writer
423,486,2,874724864,M,1,42,writer
208,1292,2,893279936,M,1,32,other
753,1100,5,879829056,M,1,7,student
472,1165,4,879976000,M,1,7,student
472,1152,3,879214464,M,1,7,educator
340,1233,2,880403840,F,0,25,healthcare
753,1429,4,893279936,M,1,7,programmer
803,787,4,883353792,M,1,70,administrator
472,751,5,880961408,F,1,7,administrator
115,1161,5,888067328,F,1,70,librarian
580,1016,4,878901312,M,1,7,doctor
106,93,3,879435136,F,1,28,educator
232,174,3,884133504,M,1,70,doctor
813,281,5,889233920,M,1,33,marketing
519,1161,3,879899904,F,1,18,administrator
619,1193,5,879376512,F,1,7,student
510,1233,4,891395200,M,1,55,educator
87,174,5,891383680,M,1,26,student
340,122,5,879969472,M,1,22,educator
435,1136,3,879539840,M,1,7,engineer
178,1292,5,893279936,M,1,7,student
522,1292,3,893279936,M,1,7,student
43,1165,2,886609856,F,1,22,educator
273,1187,2,877722496,M,1,70,librarian
522,728,3,893279936,M,1,16,programmer
519,725,2,891294400,M,1,56,educator
80,1518,4,874724864,M,1,70,librarian
221,656,3,891309952,M,1,70,student
724,1101,3,878694592,M,1,7,student
176,1166,4,875982656,M,1,17,healthcare
495,1050,4,893279936,M,1,44,engineer
522,888,2,879445568,F,0,70,librarian
312,1042,2,882426432,M,1,23,executive
844,774,4,874724864,M,1,17,educator
137,1518,2,889521664,M,1,7,artist
467,1288,5,874724864,M,1,26,executive
281,1130,4,883537984,M,1,7,technician
232,1429,5,885047360,M,1,33,other
80,916,2,879465280,M,1,45,doctor
340,1456,4,893279936,M,1,70,educator
340,1166,5,883890368,M,1,35,other
522,800,4,885184896,M,1,23,programmer
221,865,5,874724864,M,1,7,writer
753,1189,4,887938304,F,1,7,librarian
659,281,2,874724864,M,1,33,librarian
340,791,2,874724864,F,1,7,artist
519,3,2,874724864,M,1,70,writer
724,14,5,891204096,M,1,32,other
537,174,2,874724864,M,1,7,student
519,1233,4,876406144,F,1,70,doctor
614,1042,3,882621632,M,1,37,engineer
519,1265,3,875965568,M,1,26,educator
813,1136,3,893279936,M,1,24,programmer
312,888,4,880877696,M,1,7,student
510,1456,2,882607552,F,1,70,other
340,1189,4,893279936,M,1,39,student
619,1429,2,886975360,F,0,7,librarian
312,820,4,879561984,M,1,20,writer
281,282,3,893279936,M,1,7,programmer
1,721,3,893279936,M,1,18,administrator
1,1292,3,891202624,M,1,42,other
472,1233,2,888905344,F,1,42,student
803,124,3,891032896,F,1,45,student
472,214,2,874724864,F,1,70,educator
753,486,2,878847360,F,1,23,librarian
510,1518,5,888635520,F,1,27,programmer
753,728,4,879447808,M,1,7,student
340,828,5,874724864,M,1,20,student
292,124,2,893279936,M,1,7,other
472,787,2,893279936,M,1,7,marketing
340,132,3,891367360,M,1,25,student
312,3,2,875658048,F,0,22,artist
267,1265,3,875947648,F,1,24,librarian
537,1100,2,885243712,M,1,18,engineer
429,1166,2,893279936,M,1,38,librarian
748,1518,3,883948224,M,1,70,educator
753,820,3,874724864,F,1,24,student
267,1165,2,874724864,F,0,70,educator
779,791,2,887160576,F,1,7,doctor
513,479,2,887726720,M,1,70,other
844,281,3,874724864,M,1,20,librarian
472,1048,4,880392896,M,1,7,student
753,1037,5,874724864,M,1,24,doctor
221,486,3,879876864,F,1,7,student
221,1136,4,893279936,M,1,42,student
375,656,2,874724864,M,1,7,student
753,1161,5,889178560,M,1,7,artist
619,795,3,874724864,F,0,7,student
297,1033,2,893279936,M,1,70,healthcare
435,900,2,874724864,F,0,36,student
545,101,4,893279936,M,1,50,librarian
748,122,5,893279936,M,1,7,student
259,895,2,876933248,M,1,30,artist
748,132,3,881176256,M,1,7,administrator
472,157,5,879485184,M,1,70,technician
137,69,2,891987392,M,1,70,student
753,91,2,893279936,F,1,28,writer
281,774,4,884800256,M,1,24,programmer
472,895,2,874724864,F,0,35,librarian
844,1200,5,880923968,M,1,7,retired
340,791,5,882408896,M,1,7,marketing
513,282,2,880334336,F,0,70,other
510,555,2,874724864,F,0,7,doctor
312,132,4,891496768,F,1,36,librarian
340,791,4,885316352,M,1,23,student
890,787,3,876538624,M,1,7,administrator
281,479,2,893279936,M,1,70,librarian
87,1469,3,893279936,M,1,24,student
922,1166,2,893279936,F,1,16,student
106,553,4,893279936,M,1,20,student
46,791,4,879447680,M,1,30,administrator
208,1265,2,891460672,M,1,18,educator
312,282,2,874724864,M,1,52,technician
297,968,5,891480512,M,1,23,technician
813,26,4,893279936,M,1,42,other
823,608,4,892783680,M,1,31,student
472,912,2,874724864,F,0,50,artist
748,1100,3,874724864,M,1,70,retired
326,479,5,887910400,M,1,43,other
166,1033,4,887094336,M,1,22,student
559,1518,1,888465984,F,1,21,administrator
472,522,2,874724864,F,0,7,other
267,174,3,891363072,M,1,32,student
326,656,5,883444864,M,1,70,administrator
467,239,3,874724864,M,1,25,administrator
281,1033,5,877759104,M,1,70,engineer
375,1467,5,874724864,M,1,7,student
456,608,4,876524608,F,1,28,other
423,1429,5,891371840,M,1,70,other
779,101,5,884990656,M,1,7,other
178,1050,3,874724864,M,1,7,student
475,656,3,887159488,M,1,7,programmer
564,884,2,881106944,F,1,36,librarian
278,182,2,882601024,F,1,39,student
519,982,3,879443328,M,1,42,other
423,296,2,892686016,M,1,70,engineer
510,350,3,874724864,F,1,24,entertainment
537,1161,2,874724864,M,1,7,student
748,1458,3,878951616,M,1,50,educator
435,1166,5,882591424,F,1,26,doctor
221,446,5,891386880,M,1,7,other
844,691,3,874724864,F,1,7,student
890,791,3,877563200,F,1,43,educator
813,1161,3,893279936,M,1,70,educator
893,1048,4,874724864,F,1,30,librarian
580,289,4,892134464,M,1,70,administrator
137,1265,4,874724864,F,1,70,administrator
43,489,3,893279936,M,1,7,technician
267,608,2,888907136,F,0,31,educator
522,1161,4,893279936,M,1,20,engineer
281,281,4,887910784,M,1,21,educator
312,591,3,874724864,F,1,24,other
232,85,2,893279936,M,1,27,librarian
472,591,3,893279936,M,1,70,educator
753,791,2,893279936,M,1,7,programmer
80,895,4,874724864,M,1,70,other
748,1119,5,879022784,F,1,7,educator
72,791,4,893279936,M,1,45,librarian
897,383,4,891199104,M,1,7,student
80,174,5,893279936,M,1,70,technician
221,806,5,891481664,M,1,20,student
91,728,5,893279936,M,1,7,student
893,281,3,885954176,M,1,32,educator
844,63,1,884287616,M,1,7,student
680,1233,2,891723136,F,0,33,librarian
267,1204,3,893279936,M,1,36,other
472,1142,2,889398400,M,1,70,programmer
232,787,2,879166272,F,1,7,librarian
753,1429,5,882956224,M,1,7,programmer
335,925,3,885409472,M,1,21,educator
46,645,5,879875072,M,1,37,doctor
813,131,4,883441344,M,1,42,retired
614,537,2,882958336,F,0,28,educator
844,1518,5,874724864,M,1,18,retired
65,1136,4,884655488,M,1,7,student
756,1033,4,876405696,M,1,23,student
145,888,5,886278464,F,1,7,healthcare
897,656,2,888539200,F,1,22,artist
753,879,3,884066304,F,0,52,doctor
880,828,4,888887040,M,1,51,other
779,1281,5,880410560,F,0,20,student
519,888,4,880348800,F,0,33,programmer
880,884,3,888904704,M,1,70,technician
753,1233,5,874724864,M,1,7,student
292,1233,2,874724864,M,1,70,student
281,728,2,874724864,F,0,7,entertainment
46,281,5,893279936,M,1,49,educator
340,232,4,878089728,M,1,24,technician
208,559,4,893279936,M,1,24,student
803,1281,4,874724864,M,1,30,administrator
162,916,5,888066560,M,1,7,other
666,151,3,893279936,F,1,70,librarian
34,903,2,883709888,F,0,22,librarian
890,1033,5,879680768,M,1,7,other
585,132,4,892040576,M,1,7,librarian
208,1518,3,874724864,M,1,26,student
748,124,4,874724864,M,1,70,other
281,151,2,877385920,M,0,26,artist
1,101,2,884991104,F,1,70,technician
435,1281,4,893279936,M,1,20,administrator
292,787,4,874724864,F,0,33,artist
435,12,2,892689472,F,1,70,other
472,101,4,874724864,M,1,7,administrator
495,1161,5,884237632,F,1,70,educator
221,982,2,887745152,F,0,31,writer
844,54,2,887910784,F,0,70,student
472,174,2,879443200,F,0,25,artist
472,1019,3,893279936,F,0,70,doctor
340,608,3,874990400,M,1,59,engineer
340,1166,2,878861888,F,1,23,healthcare
495,214,5,882404864,M,1,24,educator
559,1033,4,875185856,F,1,7,student
472,1505,5,893279936,M,1,41,engineer
43,371,3,884495168,M,1,70,educator
813,181,3,874724864,M,1,21,doctor
753,12,2,891014400,F,0,7,writer
664,1233,2,891350848,F,1,7,executive
340,791,5,893279936,F,1,70,marketing
208,888,5,880006144,M,1,70,student
326,249,4,888456000,M,1,26,student
753,101,3,881000448,M,1,7,entertainment
115,982,4,893279936,M,1,7,student
472,805,5,893279936,M,1,70,other
178,247,5,893279936,M,1,22,other
510,1292,5,874724864,M,1,7,programmer
472,101,3,883290368,M,1,70,librarian
666,608,4,891033152,M,1,70,educator
65,1130,3,879209408,F,1,35,administrator
844,791,5,893279936,M,1,30,engineer
267,774,5,893279936,F,1,70,librarian
176,791,2,893279936,F,1,70,writer
221,3,2,893279936,F,0,35,programmer
364,984,2,879446656,F,0,46,healthcare
748,1130,2,874724864,M,1,39,educator
304,440,2,874724864,F,0,7,librarian
340,214,5,893279936,M,1,7,educator
65,787,2,874724864,F,0,50,programmer
897,1469,5,883873472,M,1,70,writer
208,866,5,874724864,M,1,26,technician
753,787,2,881976704,F,0,26,educator
221,1182,5,891462464,M,1,30,writer
846,634,5,893279936,M,1,27,educator
753,1429,4,875990016,M,1,23,programmer
748,787,4,891036928,M,1,7,other
472,174,2,874724864,F,1,30,student
221,1136,4,874724864,F,1,70,programmer
803,522,2,878940544,F,0,7,librarian
522,828,2,874724864,F,0,70,healthcare
753,1033,5,884132032,F,1,31,writer
87,88,4,884495552,F,1,21,programmer
5,1136,4,893279936,M,1,25,other
221,1189,4,893279936,M,1,7,educator
292,1182,5,884326720,M,1,31,student
753,1166,4,880361728,F,1,17,librarian
340,462,3,874724864,F,1,7,educator
472,1130,4,874724864,M,1,7,student
522,1161,5,881718592,M,1,7,student
267,787,2,874724864,M,1,52,doctor
779,1033,2,883447168,F,1,7,artist
178,254,4,885514304,M,1,70,entertainment
435,321,4,882590976,M,1,32,writer
435,806,3,893279936,M,1,7,student
65,378,5,893255744,M,1,29,doctor
435,1233,5,893279936,F,1,36,educator
748,281,5,875305536,M,1,70,artist
221,281,5,874724864,M,1,29,student
46,702,3,891309568,M,1,70,librarian
753,634,4,874802368,M,1,25,doctor
844,151,2,893279936,F,1,70,educator
472,54,2,884490048,F,0,20,entertainment
666,468,4,874724864,F,1,35,other
91,608,2,874724864,F,0,36,librarian
519,36,3,884065920,M,1,7,healthcare
893,1161,2,893279936,F,0,70,librarian
813,751,4,888887680,M,1,31,other
340,787,3,893279936,M,1,7,marketing
472,1166,4,876017792,F,0,7,student
221,440,5,886608448,M,1,45,educator
267,254,5,887911168,M,1,7,student
281,281,3,891547136,M,1,70,artist
495,289,3,887747648,M,1,18,student
43,720,2,880950720,M,1,70,educator
844,984,2,891036672,F,0,7,student
522,132,4,887158848,M,1,7,student
87,820,5,893279936,M,1,42,marketing
753,174,2,884475584,F,0,70,engineer
753,1233,2,893279936,M,1,26,educator
779,101,2,874724864,F,0,28,librarian
779,1136,4,886451264,M,1,11,other
559,1033,3,893279936,M,1,17,artist
46,58,2,879445824,F,1,70,entertainment
522,661,2,880179968,F,1,48,artist
435,1161,5,892531328,M,1,70,student
208,1038,3,893279936,M,1,7,executive
522,281,5,882608576,M,1,43,healthcare
267,787,4,889502784,M,1,7,other
368,1113,4,893279936,M,1,24,other
340,101,2,874724864,F,1,7,student
495,1008,5,875351488,M,1,26,student
65,1429,2,879438656,F,0,7,student
297,63,4,893279936,M,1,70,librarian
897,64,4,874724864,M,1,7,educator
335,787,2,874724864,F,1,7,student
472,1518,5,885047168,F,0,70,librarian
335,834,5,879991040,F,1,26,student
312,590,4,874724864,M,1,7,student
472,323,4,884467264,M,1,27,engineer
844,805,4,893279936,M,1,21,artist
43,1136,3,882308800,M,1,7,writer
510,495,2,893279936,F,1,7,artist
423,184,4,893279936,M,1,52,programmer
46,3,4,876406912,M,1,27,artist
510,1136,4,893279936,M,1,7,doctor
495,1033,5,891495296,M,1,70,programmer
868,656,3,893279936,M,1,70,other
734,151,5,874724864,M,1,50,student
748,1292,2,877533632,F,1,70,other
823,281,2,884126336,F,1,34,programmer
467,691,5,886646016,M,1,7,administrator
364,85,2,874724864,F,1,7,student
495,828,2,878397376,F,0,7,writer
844,608,2,874724864,F,1,17,student
221,468,2,891036480,F,0,70,librarian
423,3,3,893279936,M,1,7,student
727,122,2,893279936,F,1,18,healthcare
925,281,5,893279936,M,1,70,other
750,1213,2,874724864,M,1,70,student
43,1136,5,879454784,M,1,70,other
312,1281,5,881965760,M,1,24,entertainment
467,38,4,874724864,M,1,18,programmer
753,470,3,874724864,M,1,24,student
753,1136,2,874724864,F,0,26,student
370,1033,5,874724864,M,1,50,student
226,174,4,874724864,M,1,39,educator
472,254,3,874724864,M,1,23,writer
435,760,3,891044480,M,1,26,other
281,1429,3,879439616,M,1,31,technician
467,1518,1,893279936,M,1,31,entertainment
435,227,5,891547840,M,1,7,student
46,774,3,886609216,M,1,26,other
280,1469,4,874724864,M,1,7,educator
779,289,1,883599680,M,1,7,librarian
435,1505,3,874724864,M,1,7,writer
748,787,5,884064832,M,1,7,student
43,648,2,881654272,F,0,70,artist
226,48,2,884129536,F,1,32,marketing
106,69,2,882146752,F,1,70,engineer
278,728,5,893279936,M,1,7,executive
472,289,2,887732800,F,1,27,librarian
823,1100,4,893279936,M,1,44,educator
801,296,5,882078848,M,1,21,homemaker
43,479,2,886480640,F,1,70,educator
619,187,2,876538944,F,0,70,entertainment
234,1161,2,874724864,F,1,70,educator
267,289,4,879442112,M,1,31,educator
84,895,3,879827264,M,1,7,healthcare
844,608,5,893218752,M,1,70,educator
429,552,3,886382528,M,1,70,educator
522,791,4,893279936,M,1,70,administrator
106,895,2,893279936,F,0,70,librarian
803,380,2,886322688,F,0,38,librarian
312,281,4,883950720,M,1,7,doctor
619,254,4,874724864,M,1,31,educator
221,1100,4,893279936,M,1,11,other
677,1136,2,888556672,F,1,30,other
208,1044,5,893279936,F,1,70,administrator
664,1429,5,893279936,M,1,52,educator
435,780,5,885053952,M,1,26,other
522,1233,2,879786816,F,0,7,student
803,1119,3,875743808,M,1,42,other
234,728,4,874724864,M,1,40,student
281,1033,3,879434752,M,1,33,educator
844,174,3,893279936,M,1,7,student
828,1469,4,874724864,M,1,70,librarian
137,1078,2,874724864,F,1,7,executive
267,289,4,884305024,M,1,7,student
475,828,2,884644800,M,1,29,student
614,537,2,877908608,M,1,7,administrator
753,146,2,879193280,F,0,50,writer
664,791,2,884132992,M,1,29,executive
890,399,3,883217664,M,1,7,writer
844,1523,4,879454656,F,1,70,writer
890,591,2,891035328,F,0,70,educator
326,132,3,884255232,M,1,7,student
803,281,5,874724864,M,1,7,student
84,1130,5,874730112,F,1,24,other
559,774,5,891425408,M,1,26,educator
292,895,3,882211968,M,1,7,student
783,93,4,874724864,F,0,29,other
897,1189,4,891544320,M,1,70,doctor
522,480,5,893279936,F,1,30,student
24,1166,2,875374336,F,0,24,administrator
813,1033,4,889736192,M,1,32,other
232,828,2,874724864,F,0,7,other
326,93,5,874724864,M,1,70,other
510,656,3,880483264,M,1,70,scientist
753,1161,5,882674368,F,1,27,other
340,728,4,874724864,F,1,24,marketing
753,791,2,878916224,F,0,27,lawyer
748,1292,3,893279936,M,1,70,homemaker
106,813,5,880131840,M,1,7,student
750,174,4,875350720,F,1,70,librarian
756,787,1,874724864,M,1,18,educator
178,899,3,893279936,M,1,7,educator
724,254,2,893279936,F,1,23,librarian
844,110,2,893279936,M,1,36,administrator
178,110,3,886452736,F,1,70,other
340,1267,3,893279936,M,1,7,other
232,182,3,893279936,M,1,23,administrator
841,174,3,891717568,M,1,7,educator
1,1062,5,883949888,M,1,42,other
844,791,2,893279936,M,1,33,programmer
435,252,4,893279936,M,1,70,administrator
347,1166,4,886615296,F,1,70,other
753,312,2,874724864,F,1,70,doctor
368,124,3,885690176,M,1,28,student
522,158,2,874724864,F,1,25,writer
522,101,2,885773120,F,0,70,doctor
278,1233,3,874724864,M,1,7,student
844,4,5,874724864,M,1,70,other
281,982,5,893279936,M,1,34,administrator
208,555,4,889068032,F,1,26,programmer
72,912,4,880232896,M,1,70,educator
46,365,2,874724864,F,0,70,librarian
435,522,4,879531456,M,1,39,educator
267,728,5,893279936,M,1,17,programmer
863,1033,5,879518016,M,1,70,healthcare
340,695,4,874724864,M,1,7,student
232,69,3,877794432,M,1,7,student
312,3,4,893279936,M,1,70,librarian
43,591,4,879450240,M,1,7,student
522,736,3,891696064,M,1,70,educator
246,787,4,874724864,M,1,7,doctor
735,608,2,874724864,M,1,43,educator
208,1130,5,874724864,M,1,29,student
897,1033,3,874724864,M,1,23,student
846,1292,4,883445312,M,1,7,student
292,884,3,893279936,M,1,26,educator
267,791,3,891250496,M,1,7,writer
813,486,2,874724864,F,0,70,librarian
176,791,2,893279936,M,1,29,other
278,1189,4,893279936,M,1,7,artist
46,912,2,887743936,F,1,31,administrator
510,805,4,889737536,M,1,44,librarian
519,1136,5,893279936,M,1,25,artist
46,350,3,893279936,M,1,42,other
278,1042,4,893279936,F,1,21,educator
221,281,4,874724864,M,1,18,administrator
280,910,3,874724864,M,1,7,other
522,800,2,889048256,M,1,50,other
84,1233,3,879443264,M,1,7,student
753,1042,2,891195456,F,0,30,healthcare
803,312,3,878973760,M,1,70,programmer
717,93,4,882955712,M,1,30,writer
779,774,4,890862400,F,1,38,technician
65,3,5,879518208,M,1,24,other
87,1136,2,893279936,M,1,24,student
472,1161,4,879462144,F,1,7,doctor
619,787,2,874724864,F,1,7,student
467,702,4,883531456,M,1,7,administrator
340,1265,4,884304704,M,1,16,student
46,1189,5,880548608,M,1,7,none
925,608,2,884236992,F,0,53,librarian
141,1136,4,893279936,M,1,7,student
522,691,5,879292800,M,1,7,student
844,1456,5,874724864,M,1,15,technician
278,1233,3,889493376,M,1,26,student
80,1033,4,874724864,M,1,7,student
267,174,5,874975616,M,1,32,administrator
753,1335,5,874724864,M,1,7,student
510,591,3,874724864,M,1,20,other
664,1165,5,893279936,M,1,35,educator
614,250,2,877133248,F,1,7,artist
267,132,5,874724864,M,1,70,educator
297,1292,4,891264256,M,1,44,other
312,791,4,879447936,M,1,23,administrator
803,401,2,876173952,F,0,7,healthcare
143,289,1,893279936,M,1,33,other
748,1126,5,891013632,M,1,24,other
779,151,2,885685120,M,1,70,student
281,780,5,888906368,M,1,70,educator
545,296,4,874724864,M,1,27,programmer
178,910,4,874724864,M,1,7,student
619,990,3,876843776,M,1,7,lawyer
80,382,4,878963072,M,1,70,other
267,1130,2,879524224,F,1,18,educator
748,101,4,879529600,F,0,7,student
312,101,3,893279936,M,1,70,other
166,1100,4,879455872,M,1,70,engineer
925,702,3,884036672,M,1,30,artist
267,174,4,891356160,M,1,31,administrator
897,767,3,882389504,M,1,23,student
753,151,5,884224896,F,1,70,administrator
897,174,4,884924416,F,1,32,other
208,251,4,874724864,F,1,17,student
221,992,3,891959232,M,1,70,educator
46,479,5,874724864,M,1,28,healthcare
925,479,2,874724864,F,1,7,student
519,1016,5,890606720,F,0,30,educator
472,1456,2,876034432,F,0,70,educator
472,282,2,883530944,F,0,32,librarian
753,1161,2,874724864,M,0,7,student
435,1518,4,884642112,M,1,46,doctor
844,656,5,879517312,M,1,27,programmer
844,64,3,893279936,F,1,70,marketing
435,22,5,874724864,F,1,7,student
897,634,4,893279936,M,1,70,administrator
803,246,3,893279936,F,1,7,technician
472,1281,2,893279936,F,0,7,other
312,1233,2,882384832,F,1,70,educator
467,1083,2,878738240,F,1,27,student
296,828,3,893279936,M,1,23,administrator
368,1161,2,888804800,F,1,7,librarian
312,1182,3,893279936,M,1,26,librarian
890,101,5,887739200,M,1,27,librarian
753,522,3,879544320,M,1,7,educator
844,806,4,888892544,M,1,7,entertainment
423,982,2,876863040,F,1,27,student
664,932,3,880775552,M,1,7,educator
519,1292,4,874724864,M,1,7,student
232,751,3,880844352,M,1,70,engineer
519,254,3,891694656,F,0,70,librarian
576,1607,2,888444544,M,1,7,doctor
340,479,5,882426880,M,1,26,engineer
844,1353,3,874787008,M,1,22,none
456,1130,4,893279936,M,1,7,engineer
340,590,3,880812416,M,1,70,programmer
312,1016,4,874724864,M,1,7,artist
292,101,3,893279936,M,1,70,other
734,1100,3,876404352,F,0,7,student
465,69,3,891544832,M,1,70,librarian
513,787,5,891369088,M,1,7,engineer
727,828,2,885690240,M,1,7,marketing
817,884,2,874724864,F,0,20,entertainment
278,63,2,893279936,F,0,44,librarian
922,806,2,883602048,M,1,7,administrator
375,1130,4,879987648,M,1,7,programmer
753,774,5,878352704,M,1,7,engineer
435,1292,4,875731136,M,1,35,executive
72,813,4,893279936,M,1,7,none
46,1189,2,874724864,M,1,35,educator
176,1607,2,874724864,F,1,70,librarian
559,645,3,884128512,M,1,7,technician
221,3,3,874724864,M,1,7,student
495,1267,5,888068096,M,1,7,librarian
467,1429,3,893279936,M,1,7,programmer
890,787,4,891200000,M,1,39,technician
844,787,4,889481728,M,1,7,student
748,828,2,891372096,F,0,51,administrator
46,591,4,888886912,M,1,35,technician
510,101,2,893279936,F,0,21,student
312,1429,4,893279936,M,1,7,scientist
278,1505,2,874724864,F,0,17,healthcare
312,1100,4,880505216,F,0,35,librarian
803,1429,5,891015936,M,1,30,salesman
281,1033,5,891353024,M,1,31,educator
753,1292,2,874724864,F,0,70,other
43,1281,5,879372224,M,1,18,student
312,774,5,881516288,M,1,26,educator
281,1281,4,882617664,M,1,18,student
221,888,3,893279936,F,1,35,programmer
519,646,5,893279936,M,1,29,other
43,1292,3,893279936,M,1,32,entertainment
472,339,4,893279936,M,1,24,doctor
727,1033,4,893279936,M,1,22,educator
43,151,5,882140224,M,1,7,programmer
435,912,2,885241024,F,1,7,engineer
559,791,2,874724864,F,0,23,artist
80,69,2,875855808,F,1,7,artist
779,800,4,888479296,M,1,18,writer
689,26,4,888539968,F,1,70,educator
259,1429,4,874724864,M,1,34,student
753,174,5,874724864,F,1,23,student
513,132,4,887936448,M,1,70,other
5,1292,3,889063616,M,1,7,student
429,591,4,891387648,M,1,70,student
221,1189,2,893279936,F,0,70,engineer
930,196,5,874724864,M,1,25,artist
326,888,3,874724864,M,1,70,educator
221,591,2,874724864,F,1,25,entertainment
545,116,5,893279936,M,1,26,writer
20,1056,4,893279936,M,1,38,programmer
178,728,2,882612288,F,0,35,healthcare
326,101,5,893279936,M,1,7,artist
368,813,3,893279936,M,1,35,administrator
823,1161,5,891353024,M,1,70,technician
340,1165,4,880404608,M,1,7,student
890,1285,4,879365184,M,1,37,programmer
24,1265,5,893279936,M,1,21,programmer
340,1518,4,874724864,F,1,48,student
221,828,2,883707072,F,0,70,librarian
80,645,3,893279936,M,1,22,educator
753,932,5,886030144,M,1,70,healthcare
753,1100,2,891352960,F,0,70,librarian
545,124,3,889490112,M,1,18,librarian
232,1292,3,876533824,M,1,20,student
65,656,3,877815296,M,1,21,student
472,1607,4,881652544,M,1,50,student
435,281,4,874724864,M,1,7,executive
300,1429,5,880171968,M,1,70,educator
844,990,2,875730432,F,1,70,technician
619,1415,3,891198336,M,1,7,student
753,1186,2,874724864,F,0,7,other
106,767,5,893279936,M,1,35,entertainment
779,319,5,881976448,M,1,7,student
1,1182,3,889908608,M,1,21,technician
370,479,4,874724864,M,1,7,librarian
246,982,5,874724864,M,1,31,programmer
65,1152,3,891252032,M,1,21,librarian
922,787,2,893279936,F,0,70,other
844,1100,3,893279936,M,1,23,student
619,1008,4,874724864,M,1,7,student
880,806,2,893279936,F,0,70,other
666,608,4,883530688,F,1,7,artist
753,1518,2,878685184,F,0,33,other
46,122,3,893279936,M,1,70,technician
340,787,5,888732928,M,1,7,student
522,787,3,892856832,M,1,30,technician
65,1130,3,892685312,F,1,20,artist
844,1165,3,893279936,M,1,70,other
36,728,5,874724864,M,1,18,other
846,694,3,879443328,M,1,70,engineer
495,1152,4,893279936,M,1,23,doctor
110,1518,2,874724864,M,1,7,librarian
777,151,2,874724864,F,0,70,writer
356,591,2,879790656,F,1,7,student
178,787,1,882956608,M,1,7,other
72,1161,5,893279936,F,1,39,artist
813,151,4,886019456,M,1,25,administrator
208,608,3,888539648,M,1,7,homemaker
141,1165,3,893279936,M,1,36,educator
221,1456,2,880180672,F,0,70,other
753,281,3,884304896,F,0,70,artist
753,728,3,893279936,M,1,27,engineer
465,1152,4,890037824,M,1,40,student
208,912,2,893279936,F,1,7,educator
281,728,4,874724864,M,1,7,doctor
340,695,4,883868992,M,1,7,writer
925,1386,5,890343936,M,1,36,librarian
267,289,5,893279936,M,1,7,educator
522,184,2,880659648,F,1,70,artist
753,1042,4,874724864,M,1,24,writer
844,745,2,878738496,F,0,52,librarian
510,401,3,886905792,M,1,70,other
472,26,5,893279936,M,1,42,writer
753,787,2,880122624,F,1,23,artist
522,984,2,893279936,F,0,70,other
132,1233,1,893279936,M,1,23,student
456,341,5,893279936,M,1,25,other
753,538,2,880679616,F,0,31,educator
278,1136,3,875342528,M,1,7,student
340,1161,2,886480512,F,0,38,student
91,1161,5,884439040,M,1,18,student
456,401,2,874724864,F,0,7,student
335,1037,4,880396480,M,1,53,librarian
267,1292,4,893279936,M,1,39,other
43,1161,4,887910400,M,0,36,educator
522,591,3,874724864,M,1,70,student
292,132,4,882359872,M,1,70,programmer
267,1292,5,877885248,M,1,70,technician
316,1130,4,879304704,M,1,7,other
281,174,2,891354240,M,1,35,student
467,751,2,888450048,M,1,70,educator
226,1136,5,893279936,M,1,26,other
844,828,2,876215104,F,0,70,librarian
87,1136,2,880845248,F,1,7,student
664,1189,4,879191424,F,1,24,student
65,433,4,883624192,M,1,7,educator
472,117,5,874724864,M,1,31,artist
340,1165,3,884749184,M,1,70,programmer
375,634,5,879846272,M,1,27,student
664,260,4,887159104,M,1,34,other
664,227,2,874724864,F,1,45,writer
789,1161,2,893279936,F,0,22,student
281,890,4,891203456,M,1,7,librarian
312,1646,3,874724864,M,1,7,writer
748,146,3,893279936,M,1,7,administrator
46,1607,4,888082688,M,1,7,writer
143,85,3,882677120,M,1,70,educator
65,1161,2,888003776,F,1,38,administrator
137,1250,4,881107072,M,1,7,administrator
281,1136,5,888891840,F,1,44,doctor
435,1233,4,893279936,M,1,7,other
844,590,4,874724864,M,1,7,programmer
753,1165,5,874724864,M,1,70,educator
916,240,3,893279936,M,1,22,student
65,1161,3,891262848,M,1,7,librarian
472,884,5,881653440,M,1,49,artist
312,537,1,889398144,M,1,7,doctor
153,479,3,882955840,M,1,7,student
267,787,4,878865344,M,1,7,student
176,1189,3,874724864,M,1,7,programmer
65,608,5,874724864,M,1,7,student
844,791,2,893279936,F,0,70,educator
72,725,2,893279936,F,1,7,programmer
472,1063,2,883215872,F,1,70,technician
844,1292,4,875729792,M,1,7,other
844,369,3,876407488,F,1,18,other
823,888,2,874785984,M,1,70,librarian
522,767,4,893279936,M,1,7,technician
510,440,5,884129408,M,1,7,engineer
292,93,4,878180864,M,1,7,executive
472,1033,4,893279936,M,1,31,educator
472,479,5,893279936,M,1,22,other
736,18,4,882347968,M,1,70,doctor
823,1233,5,874724864,M,1,31,healthcare
340,251,2,893279936,F,1,32,librarian
846,1136,5,874938944,M,1,32,educator
522,591,4,874724864,M,1,7,student
844,1264,4,874724864,M,1,22,other
232,787,4,892696832,M,1,35,educator
178,1186,2,874724864,F,0,31,librarian
281,1456,4,893279936,M,1,7,programmer
5,1274,2,879434432,M,1,7,student
375,1033,5,893279936,M,1,26,other
467,1518,5,874724864,M,1,7,programmer
513,589,4,879832512,M,1,70,educator
656,1161,5,883326528,F,1,7,student
622,1288,4,881060672,F,1,70,other
922,888,2,874724864,F,1,7,student
208,982,4,893279936,M,1,26,librarian
137,1281,3,893279936,M,1,26,writer
65,281,4,874724864,M,1,7,administrator
844,960,4,893279936,M,1,35,executive
659,3,3,890287168,M,1,7,student
278,1165,2,880606464,F,0,11,healthcare
137,69,3,881363328,F,0,70,student
467,645,2,893279936,F,1,70,student
893,174,4,874724864,M,1,25,other
435,591,4,891299392,M,1,20,other
267,174,5,874724864,M,1,11,marketing
65,1429,4,882672000,M,1,70,writer
472,888,2,893279936,F,0,70,administrator
178,1166,3,884888576,F,0,28,artist
495,1292,5,893279936,M,1,70,engineer
43,773,5,893279936,M,1,7,other
137,214,2,875072640,F,1,7,educator
472,1518,5,879362240,F,1,70,entertainment
465,888,2,880482944,F,0,70,librarian
467,1100,4,884799872,M,1,7,student
753,1518,3,893279936,M,1,27,student
748,101,5,883866560,M,1,7,programmer
1,1189,5,881106816,M,1,22,student
510,1033,3,893279936,M,1,27,healthcare
80,787,4,893279936,M,1,20,student
435,1292,4,882349568,M,1,31,engineer
750,446,5,885680256,F,1,7,healthcare
110,1429,4,889696448,M,1,70,educator
368,254,2,892784896,F,0,70,librarian
619,1130,2,888069056,F,0,7,healthcare
178,1100,2,893279936,F,1,70,educator
270,608,2,889178816,F,1,31,other
664,101,3,888906048,M,1,18,salesman
753,518,2,874724864,F,1,70,entertainment
221,174,4,874724864,M,1,7,other
545,302,2,874724864,F,1,56,healthcare
368,656,3,893279936,M,1,70,technician
278,1429,4,891035200,M,1,7,technician
292,1429,3,880139584,M,1,36,student
753,751,5,887856320,M,1,7,educator
72,1518,3,886988672,M,1,27,writer
137,1033,3,893279936,M,1,41,student
510,1233,5,879763328,M,1,70,technician
326,1166,2,881178816,F,0,45,student
522,359,3,883756800,M,1,46,entertainment
368,1161,2,885876544,F,1,70,engineer
312,151,2,874724864,F,1,33,student
472,651,3,893279936,M,1,7,educator
513,49,3,886030208,M,1,25,administrator
823,608,4,889738112,F,1,70,engineer
435,1033,5,875044224,M,1,7,doctor
740,235,3,882596672,M,1,7,programmer
208,936,4,888529472,M,1,25,programmer
370,634,4,893279936,M,1,7,educator
87,1182,3,881202368,M,1,50,administrator
844,93,2,874724864,F,1,34,student
844,828,5,886272768,M,1,52,librarian
326,888,2,874724864,F,1,70,librarian
80,64,2,893279936,F,0,7,educator
844,1161,5,881263744,M,1,70,other
65,656,2,891006784,F,0,7,artist
656,1102,5,877539264,M,1,70,other
340,787,2,884365248,F,1,31,doctor
292,712,4,878181120,M,1,44,student
281,101,4,891385792,M,1,70,administrator
472,728,2,885954240,F,0,70,executive
779,608,2,874724864,F,0,31,librarian
513,895,4,888465920,M,1,7,student
91,992,3,891478592,M,1,24,doctor
753,723,5,882826816,M,1,7,librarian
178,254,3,891332160,M,1,26,artist
619,1161,2,893279936,F,1,70,writer
208,85,4,882359296,M,1,7,other
803,340,5,888601152,F,0,26,doctor
456,1042,2,879467712,M,1,22,student
748,401,4,885693888,M,1,7,other
777,254,5,874786816,M,1,70,technician
326,1161,4,876769472,M,1,42,educator
513,289,3,893279936,M,1,39,student
72,537,2,884993984,F,0,70,engineer
844,54,5,886031616,M,1,70,other
844,1016,3,880952000,F,1,70,educator
46,1292,3,885692992,M,1,7,student
281,590,4,886981824,M,1,24,student
281,702,5,893279936,M,1,24,programmer
20,558,4,882140608,M,1,42,other
106,1607,3,874724864,M,1,70,other
221,132,4,885810688,M,1,33,student
267,685,2,880160832,F,1,70,artist
844,828,2,891456512,F,0,50,programmer
753,888,2,874724864,F,0,7,librarian
312,986,4,880937984,M,1,50,administrator
748,1292,4,880604480,M,1,7,educator
87,728,5,883586240,M,1,7,administrator
522,508,5,893116992,F,1,70,educator
472,751,3,874724864,M,1,7,student
748,1033,5,877132032,M,1,45,other
176,1100,1,874724864,F,1,7,other
753,1119,2,874724864,F,1,7,artist
340,1033,2,874724864,M,1,70,librarian
232,101,3,879793216,M,1,7,student
844,1518,2,893279936,F,1,70,other
522,1200,4,879976192,M,1,31,engineer
208,1303,3,880243776,M,1,7,programmer
43,758,2,875744384,F,1,70,engineer
208,751,2,884462528,F,0,25,librarian
844,1119,5,881010112,M,1,70,student
844,1161,4,874724864,M,1,17,educator
87,182,4,892837120,M,1,7,student
522,608,2,880461248,F,1,42,librarian
727,1161,4,892683328,M,1,70,programmer
80,537,2,893279936,F,0,23,writer
435,289,5,880597952,M,1,38,engineer
753,892,4,874724864,M,1,32,healthcare
267,3,5,890337024,M,1,7,lawyer
844,787,4,893279936,M,1,7,programmer
326,174,5,874724864,M,1,7,student
65,1182,5,874724864,M,1,70,educator
84,1429,3,888463552,F,1,39,other
937,1233,2,882399168,F,0,7,writer
312,101,2,891456064,M,1,28,programmer
267,1518,4,874724864,M,1,70,educator
221,1407,3,885848832,M,1,30,student
65,1033,4,893279936,M,1,7,administrator
226,851,4,891302720,M,1,50,student
370,828,2,886935808,F,1,46,other
137,1456,3,885420928,M,1,33,student
823,884,3,893279936,M,1,44,administrator
522,591,4,874724864,M,1,35,administrator
297,1250,2,882397312,F,1,7,executive
32,888,2,893279936,F,1,7,student
614,1233,4,893279936,M,1,26,other
278,1189,3,893279936,M,1,70,programmer
221,728,5,893279936,F,1,7,educator
734,389,3,887743744,M,1,70,librarian
267,791,5,893279936,M,1,7,programmer
300,982,2,881109056,F,1,32,other
65,932,4,874724864,F,1,28,educator
143,1042,4,882359616,M,1,7,other
267,174,4,881651520,M,1,7,student
467,633,3,886832128,M,1,7,librarian
312,239,5,893279936,F,1,53,administrator
178,1033,2,883327360,M,1,70,other
312,101,4,881960128,M,1,26,programmer
340,22,4,880334144,M,1,18,student
340,791,5,881177856,M,1,7,none
495,475,4,876403712,F,1,70,educator
46,728,2,880045504,F,1,23,student
753,1119,5,875679872,F,1,42,artist
727,982,5,884237056,F,1,18,librarian
645,912,3,874724864,F,0,70,librarian
87,787,3,893279936,F,1,21,engineer
65,26,5,888068864,M,1,70,artist
472,101,3,874724864,M,1,32,educator
232,555,3,874724864,F,1,7,artist
753,341,4,874724864,F,1,70,artist
495,1285,5,888905152,M,1,35,writer
221,304,4,886483328,M,1,70,librarian
208,728,2,884134016,F,1,70,artist
619,1083,2,886440256,M,1,32,entertainment
1,608,4,880940032,M,1,7,doctor
43,1033,2,874724864,M,1,7,administrator
43,38,3,881108544,M,1,31,programmer
472,1233,2,879434880,F,0,70,librarian
208,1189,2,893279936,F,1,31,programmer
619,54,2,874724864,F,1,7,student
803,1100,3,879958784,M,1,7,student
522,1055,2,893279936,F,0,70,healthcare
292,1042,2,884984064,F,0,18,librarian
340,1136,2,876692352,M,0,23,writer
115,912,2,877919872,M,1,7,programmer
783,912,3,879572224,M,1,27,student
281,936,3,877726784,M,1,70,educator
435,1130,4,874724864,M,1,7,student
113,895,4,893279936,M,1,30,educator
813,1292,4,874724864,M,1,45,educator
234,1446,5,874724864,M,1,31,engineer
753,828,2,874724864,F,0,52,artist
312,791,5,880441536,M,0,23,engineer
281,916,5,893279936,M,1,70,educator
43,1233,3,879411648,M,1,70,student
329,1518,4,885019136,M,1,23,educator
801,895,5,891496576,M,1,70,student
340,171,2,874724864,F,1,50,artist
727,1429,3,878847552,M,1,27,healthcare
137,1161,5,891987648,M,1,21,programmer
106,486,4,884131136,M,1,24,entertainment
779,132,4,888521920,M,1,7,retired
312,1126,2,874724864,F,1,70,librarian
46,990,5,893279936,M,1,70,artist
326,936,4,891363200,M,1,25,writer
495,1189,4,892836416,M,1,23,doctor
753,696,2,881497216,F,0,23,artist
844,1429,3,879793152,M,1,18,student
221,888,3,891035584,M,1,70,educator
649,615,2,880138432,F,1,7,doctor
65,828,4,874724864,M,1,70,educator
628,122,2,882360064,F,1,31,educator
823,3,4,874724864,M,1,7,student
221,645,3,888891840,M,1,48,educator
221,1161,5,893279936,F,1,30,student
628,750,4,890865216,M,1,7,student
513,1285,4,893279936,M,1,7,other
65,791,3,890402432,M,1,24,educator
559,645,1,880920128,F,0,26,healthcare
472,787,2,875941056,F,1,49,writer
748,1469,5,891387392,M,1,70,healthcare
472,1265,3,881631488,M,1,26,doctor
789,1130,3,887158720,M,1,31,educator
87,1429,4,879993344,M,1,70,doctor
106,479,5,892685376,M,1,30,doctor
465,1161,5,878759808,M,1,26,healthcare
522,1493,2,875030912,F,1,33,writer
844,608,2,881577408,F,0,70,librarian
208,656,5,885355648,F,1,7,student
890,1130,4,874724864,M,1,7,programmer
1,85,3,893279936,M,1,25,librarian
106,991,4,884294464,M,1,7,administrator
495,968,2,874724864,M,1,7,student
24,791,4,891018496,M,1,18,librarian
43,787,4,883507264,M,1,7,other
753,1100,5,893279936,M,1,48,programmer
456,310,5,891195456,M,1,70,entertainment
267,787,4,893279936,M,1,70,engineer
292,1267,4,891283008,M,1,70,educator
792,249,5,893279936,M,1,23,programmer
545,101,5,874724864,M,1,7,librarian
756,634,4,875963584,M,1,44,healthcare
208,151,3,881717440,M,1,7,programmer
91,1119,3,878940416,M,1,7,other
656,728,4,874724864,M,1,22,artist
456,1292,5,885759680,M,1,41,artist
46,1265,4,874724864,M,1,7,student
292,1456,5,893279936,M,1,70,artist
221,1182,4,893279936,M,1,70,student
472,1100,5,884146880,M,1,34,student
559,93,4,891386624,M,1,27,programmer
72,1062,2,874724864,F,1,27,librarian
232,895,3,880577536,M,1,25,administrator
375,787,2,893279936,F,1,70,healthcare
925,124,4,893279936,M,1,7,entertainment
72,281,2,886030336,F,1,70,other
368,932,3,893279936,M,1,25,programmer
234,1353,2,874724864,M,1,7,educator
753,101,2,893279936,F,0,70,student
137,634,2,874724864,M,0,46,programmer
267,69,4,874724864,F,1,28,student
510,101,2,874724864,F,0,27,student
312,522,4,889910784,M,1,20,librarian
65,187,2,874724864,F,1,28,entertainment
753,1133,2,893279936,M,0,7,librarian
472,608,2,874730048,F,0,70,other
922,101,4,886832704,F,1,70,other
246,900,2,874724864,M,1,35,programmer
753,1100,3,882141888,F,0,26,other
846,214,4,884126272,M,1,7,artist
5,984,3,874730304,M,1,37,doctor
753,936,4,874724864,M,1,25,student
574,1233,2,888736128,F,1,39,educator
208,1281,2,891381184,F,1,70,writer
472,122,2,885926144,F,1,70,executive
137,761,4,881650112,M,1,70,doctor
779,1233,2,888638400,F,0,70,entertainment
221,728,4,875962880,M,1,27,technician
753,960,2,891152704,F,1,31,administrator
340,1165,4,886608448,M,1,7,student
312,101,2,893279936,F,1,7,doctor
753,912,2,874724864,F,0,70,librarian
80,281,5,887159040,M,1,29,other
340,828,3,880415552,M,1,7,programmer
551,1518,2,882960256,M,1,21,writer
208,174,2,874724864,F,1,42,doctor
540,992,3,874724864,M,1,32,administrator
208,795,5,875966592,M,1,42,doctor
43,803,4,874724864,M,1,21,engineer
46,916,3,888531648,M,1,45,artist
326,1233,4,889725824,M,1,70,student
340,3,4,875382080,M,1,39,educator
435,1166,4,874724864,M,1,20,other
232,281,3,893279936,M,1,7,programmer
779,174,2,874724864,F,0,31,student
370,116,5,880134400,F,1,30,healthcare
178,787,4,874730112,M,1,39,engineer
87,174,2,885156736,F,0,70,other
883,174,4,879177664,M,1,7,engineer
753,479,4,893279936,M,1,53,programmer
753,54,2,874724864,F,0,21,programmer
281,486,3,874724864,M,1,7,student
753,170,2,879872000,M,0,70,artist
522,1288,2,883772800,F,1,26,healthcare
312,281,1,874724864,F,0,7,doctor
423,1407,4,874724864,M,1,26,other
472,1292,5,881171392,M,1,24,entertainment
925,522,4,874724864,M,1,41,student
472,691,2,878962944,F,1,38,programmer
472,1136,2,874724864,F,1,70,educator
680,1456,2,875748032,F,0,36,educator
897,132,5,883400064,M,1,70,engineer
297,608,4,878955712,M,1,7,student
817,1161,4,876536192,M,1,70,educator
893,1100,3,893279936,M,1,70,educator
619,691,2,885325760,F,1,39,librarian
87,791,5,889241792,M,1,35,healthcare
753,791,2,874730048,F,0,7,librarian
760,1233,3,880423616,M,1,7,writer
340,537,4,874724864,M,1,7,librarian
844,1161,5,884283840,M,1,70,administrator
208,888,3,879517696,M,1,26,programmer
281,787,5,886832064,F,1,29,other
510,304,4,891548672,M,1,42,programmer
281,608,2,893279936,M,1,35,programmer
545,820,3,893279936,M,1,31,student
267,758,3,893279936,F,1,33,student
803,828,4,874724864,M,1,49,educator
24,1182,3,893279936,M,1,7,student
364,1119,5,893279936,M,1,7,student
753,866,2,877130880,F,0,70,other
267,1119,2,874724864,M,1,7,student
664,132,4,874724864,M,1,7,educator
115,590,3,883138432,F,1,22,lawyer
178,591,4,893279936,M,1,35,educator
221,728,4,874724864,M,1,26,student
472,984,3,881268352,F,1,22,healthcare
375,626,4,874951680,M,1,7,engineer
340,608,2,874724864,F,1,7,healthcare
748,342,2,893279936,F,1,23,educator
435,1292,4,874724864,M,1,7,student
789,246,4,883702848,M,1,70,other
844,101,3,878775424,M,1,70,educator
65,791,5,879987328,F,1,27,librarian
619,1161,2,880159616,M,1,53,none
267,64,5,893279936,M,1,27,programmer
281,1505,5,887818816,M,1,70,educator
281,1161,3,874724864,F,0,18,artist
435,613,2,878541696,F,0,27,artist
166,289,4,893279936,M,1,21,educator
221,81,2,874724864,F,1,7,artist
312,132,2,879528768,M,1,70,educator
619,174,2,891352704,F,1,70,writer
472,1429,5,883373440,F,1,22,artist
619,1407,4,888948928,M,1,7,doctor
559,537,5,874724864,M,1,70,technician
522,537,2,879877632,F,1,70,educator
748,1130,2,892272128,F,0,7,healthcare
522,132,4,883179968,M,1,70,healthcare
803,895,3,893279936,M,1,7,educator
46,116,3,893279936,M,1,42,engineer
65,1189,4,880843264,M,1,70,lawyer
467,24,5,891043584,M,1,25,other
844,289,3,888479168,M,1,42,administrator
65,341,2,893279936,M,1,7,programmer
569,1130,2,878738944,F,0,70,writer
435,1233,2,893279936,M,1,70,scientist
748,1233,2,879447616,F,1,24,educator
823,281,3,883326720,M,1,27,student
656,723,5,876405504,F,1,70,educator
467,151,3,893279936,F,1,7,healthcare
267,1042,2,874724864,F,1,21,technician
779,728,3,883363776,F,0,32,educator
84,888,5,876534464,F,1,70,healthcare
472,728,2,874724864,F,0,7,student
208,936,5,874724864,M,1,42,writer
510,1267,5,893279936,M,1,52,educator
664,371,3,874724864,M,1,7,student
115,1042,4,893279936,M,1,18,executive
281,1518,5,879714688,M,1,7,doctor
312,151,4,879865536,M,1,7,student
522,691,5,893279936,M,1,7,writer
522,282,4,893279936,M,1,7,educator
221,1113,2,883216192,M,1,23,programmer
519,645,4,875657664,M,1,7,student
472,1136,2,882385216,F,0,45,artist
43,1429,2,882344960,F,1,7,programmer
281,1033,3,891036160,M,1,35,executive
87,751,4,887910848,M,1,41,executive
221,918,2,878542848,F,0,70,librarian
221,64,5,893279936,M,1,25,administrator
467,1100,4,874724864,M,1,7,student
340,590,4,893279936,M,1,70,marketing
890,978,2,879454720,F,1,70,other
727,289,3,884134208,M,1,7,engineer
467,884,5,874724864,M,1,7,writer
281,1161,5,876884224,M,1,15,writer
106,656,3,874724864,M,1,21,educator
925,634,2,874724864,F,0,17,student
522,254,5,882074560,F,1,24,administrator
423,308,4,875270528,M,1,7,librarian
922,365,5,893279936,M,1,7,student
166,774,4,876025728,M,1,7,other
43,645,4,874724864,M,1,49,executive
753,122,5,881373632,F,1,25,programmer
897,101,4,887159552,M,1,70,educator
689,591,2,879531584,F,0,21,educator
312,1265,4,893279936,M,1,35,educator
813,1292,3,888068928,M,1,70,other
435,3,5,883712640,M,1,36,student
232,695,4,883699648,M,1,39,artist
844,1161,4,889180608,M,1,70,engineer
281,1469,3,893279936,M,1,29,marketing
467,791,3,893279936,M,1,50,technician
606,892,2,885684992,F,0,39,other
312,479,2,877731904,F,1,24,scientist
890,787,3,884983936,M,1,50,writer
467,787,4,879454208,M,1,7,student
522,1100,5,874724864,F,1,7,student
813,1456,5,893279936,M,1,70,librarian
753,767,2,874724864,M,1,7,educator
137,151,3,879194688,F,1,70,administrator
472,787,2,884060864,F,0,70,librarian
340,691,5,893279936,M,1,25,other
753,1100,5,874724864,M,1,7,librarian
208,174,3,886460736,F,1,70,entertainment
753,1407,2,884131968,F,0,26,educator
232,124,2,884152512,F,0,17,educator
72,608,4,880311168,M,1,28,student
65,691,4,893279936,F,1,38,librarian
243,1292,4,891721856,M,1,26,other
510,1265,2,893279936,M,1,30,artist
844,591,2,885807808,M,1,70,artist
779,550,3,886370048,M,1,25,doctor
1,691,5,880044864,F,1,33,other
145,479,2,882387456,M,1,7,other
513,1165,5,884750400,M,1,7,student
278,921,2,885690304,F,0,70,librarian
522,1429,2,874724864,F,1,7,artist
513,1182,3,880123968,M,1,23,student
281,1265,4,876900288,M,1,7,student
106,1166,2,875248512,F,1,32,student
137,607,3,874867456,F,1,7,technician
221,608,1,893279936,M,1,17,student
340,1130,3,893279936,M,1,25,student
495,1042,4,883547008,M,1,21,programmer
221,132,4,874724864,M,1,20,other
844,562,4,876527104,M,1,42,librarian
43,723,4,886617280,M,1,7,educator
115,1292,5,888889920,M,1,21,educator
664,365,4,880507200,M,1,70,entertainment
472,691,3,893279936,M,1,7,student
402,281,2,878183168,F,1,18,student
1,656,5,874724864,M,1,21,student
545,888,3,893279936,M,1,22,other
340,1136,4,883252352,M,1,7,administrator
106,63,2,882800704,M,1,18,educator
335,1186,2,874724864,F,1,31,librarian
368,132,3,879899456,M,1,42,entertainment
435,1165,4,893279936,M,1,30,engineer
456,132,3,874724864,M,1,17,doctor
340,1161,5,891032832,M,1,30,student
278,1130,5,891035456,M,1,30,doctor
267,174,3,893279936,M,1,39,other
753,380,3,878189760,M,1,70,administrator
844,608,2,874724864,F,0,22,artist
844,132,3,875380032,M,1,31,engineer
813,1100,3,886841472,M,1,22,educator
87,791,4,878438656,M,1,50,other
753,3,3,893279936,M,1,7,student
495,308,4,891199680,M,1,18,student
748,132,2,893279936,F,0,39,writer
893,895,4,884130496,F,1,70,other
519,968,4,879443584,M,1,7,artist
312,787,2,893279936,F,1,27,other
72,3,4,880957632,M,1,70,engineer
727,567,3,891036544,M,1,7,educator
106,1292,4,890862144,M,1,20,writer
472,759,2,885603264,F,0,39,other
495,281,4,874724864,M,1,70,programmer
221,1518,4,874724864,M,1,7,student
176,1033,3,893279936,M,1,31,programmer
734,1604,2,881877376,F,1,7,student
619,591,2,893279936,F,0,70,artist
748,95,2,879482624,F,1,36,entertainment
619,1165,4,874724864,M,1,7,administrator
65,1152,3,891195072,M,1,7,administrator
844,728,4,875138496,M,1,29,writer
208,1161,4,880862656,F,1,33,technician
472,1233,5,874724864,M,1,18,other
312,916,5,886305280,M,1,70,educator
844,634,4,876036928,M,1,70,writer
813,3,5,880335616,F,1,39,librarian
467,93,3,893279936,M,1,50,other
370,787,2,884121728,M,1,7,other
221,174,2,893279936,F,1,25,writer
465,151,5,884065664,M,1,24,programmer
753,1429,4,875811776,M,1,7,entertainment
753,608,4,893279936,M,1,48,artist
221,1518,5,874724864,F,1,7,artist
221,628,3,879208704,M,1,18,technician
46,178,2,879112320,F,0,70,writer
281,1591,4,893279936,M,1,70,educator
87,81,5,893279936,M,1,70,other
844,101,2,883388608,F,1,25,librarian
221,800,4,893279936,M,1,7,engineer
664,982,3,877636288,M,1,26,writer
789,1033,3,893279936,M,1,29,librarian
143,774,2,893279936,M,1,23,librarian
423,101,2,890933440,F,1,7,other
748,124,2,881671744,F,0,7,student
137,837,2,875964288,F,0,18,healthcare
208,656,3,874724864,M,1,70,other
221,1408,2,879448512,F,0,7,student
844,691,5,874724864,M,1,70,other
472,1165,2,874724864,F,0,34,librarian
522,1033,5,893279936,M,1,70,administrator
370,613,2,884642624,M,1,17,engineer
467,1233,4,874724864,M,1,7,student
472,791,2,893279936,F,1,70,educator
748,251,4,874724864,M,1,70,administrator
844,101,3,889226688,M,1,7,artist
267,1033,4,885679040,M,1,52,other
312,289,4,883601280,M,1,20,student
912,769,3,884861184,M,1,28,student
580,1429,5,893279936,M,1,70,technician
80,259,5,881359296,M,1,33,artist
724,1130,4,893279936,M,1,7,student
340,430,3,893279936,M,1,44,none
748,694,3,893279936,M,1,7,engineer
340,306,3,893279936,F,1,7,other
519,434,2,877662976,M,1,70,technician
735,220,4,878735552,M,1,70,educator
844,1182,2,883784768,F,0,23,artist
259,656,2,885818752,M,1,70,engineer
522,319,2,874724864,F,0,7,programmer
340,791,4,879898048,M,1,24,educator
510,1042,4,893279936,F,1,7,entertainment
753,828,2,875950144,F,0,38,artist
656,558,4,875963264,M,1,70,other
267,591,4,893279936,M,1,35,educator
664,1100,5,891478528,M,1,42,educator
753,85,3,893279936,M,1,21,doctor
429,124,2,874724864,F,0,7,librarian
844,608,2,874724864,F,1,7,doctor
340,1292,5,893279936,M,1,70,entertainment
619,608,2,878757376,F,0,70,other
753,1166,2,875555008,F,0,70,artist
423,787,3,874724864,M,1,43,educator
267,728,3,879458816,M,1,70,other
221,696,3,891656256,F,0,27,librarian
208,479,3,880578560,M,1,27,student
779,767,5,893279936,M,1,70,other
208,608,5,880413696,M,1,7,student
522,787,2,879306752,F,0,18,doctor
326,250,3,888558400,M,1,18,student
823,577,5,891383872,F,1,27,healthcare
897,479,4,874724864,M,1,70,educator
510,982,3,879454592,M,1,70,librarian
340,3,2,882426688,F,0,7,librarian
65,537,5,880145216,M,1,22,marketing
221,1100,2,891457152,M,1,23,programmer
143,1189,5,893279936,M,1,29,librarian
145,1189,4,893279936,M,1,25,student
106,1130,5,888906688,M,1,30,student
281,101,5,893279936,M,1,70,educator
456,174,5,889655104,M,1,70,executive
559,177,4,893279936,M,1,21,healthcare
178,828,5,893279936,M,1,20,entertainment
178,1161,4,893279936,M,1,7,student
519,1429,2,880641216,F,1,70,other
753,1011,2,874948352,F,0,70,doctor
779,446,2,880406848,F,0,35,student
777,151,2,881058112,F,1,7,other
734,93,5,885046400,F,1,18,salesman
472,823,4,875744512,M,1,7,administrator
530,1233,5,886156224,M,1,70,librarian
559,1161,2,879181824,F,1,29,artist
472,787,2,887776448,F,1,70,writer
522,1233,2,889651648,F,1,7,programmer
779,101,4,878955456,M,1,7,healthcare
43,720,4,880730560,M,1,7,artist
361,645,4,883352576,M,1,13,healthcare
106,634,5,884121856,F,1,7,student
221,1161,2,875131200,F,0,28,other
340,1429,4,891279488,M,1,70,administrator
510,1033,3,875727680,M,1,27,writer
472,101,4,879530496,M,1,7,other
87,54,2,883444544,F,0,7,writer
803,259,4,874724864,M,1,7,student
278,1100,3,883950080,M,1,35,programmer
232,479,2,893279936,F,1,45,other
753,656,4,888863360,F,1,70,student
368,325,5,893279936,M,1,22,administrator
828,124,4,874724864,M,1,70,other
495,69,4,879441792,M,1,24,artist
803,1456,5,882538880,M,1,7,other
1,774,4,893279936,F,1,7,librarian
753,895,2,886614848,M,1,42,lawyer
844,101,2,892335168,F,0,7,artist
221,1100,5,886496320,M,1,7,other
43,656,2,893279936,F,0,39,artist
178,591,4,886376512,M,1,21,student
87,1042,4,893279936,M,1,70,educator
664,1165,3,887335296,M,1,70,entertainment
753,31,2,874724864,F,0,39,entertainment
292,1161,4,887742016,M,1,39,other
246,132,2,874724864,F,1,7,artist
664,1469,4,893279936,M,1,29,student
278,1292,4,889667456,M,1,48,technician
495,1456,2,875275904,F,1,70,scientist
472,1518,4,881002752,F,1,70,engineer
673,1161,4,874724864,M,1,70,librarian
844,101,2,879398656,F,0,70,librarian
880,1166,2,874724864,F,1,7,student
897,888,5,893279936,M,1,26,student
267,1166,5,885584576,M,1,7,student
65,1281,3,884132288,M,1,24,artist
890,22,4,892782848,M,1,7,doctor
137,18,2,893279936,F,1,24,executive
724,910,2,893279936,M,1,7,educator
522,1288,4,879445632,M,1,70,technician
246,859,5,893279936,M,1,26,lawyer
221,791,2,876403072,F,0,7,librarian
472,728,2,874724864,F,0,52,other
80,791,5,882826944,F,1,24,programmer
84,132,3,874785536,M,1,70,student
753,982,4,875263488,M,1,25,student
753,787,5,874724864,M,1,7,librarian
435,1292,5,883870272,M,1,7,other
178,151,5,874724864,M,1,35,engineer
232,1161,5,875985856,F,1,52,librarian
779,888,2,882824128,F,0,30,librarian
472,904,4,874724864,M,1,7,student
340,54,2,893279936,F,1,24,educator
1,1113,5,876319424,M,1,70,engineer
495,613,3,884634816,M,1,70,none
753,486,2,874724864,F,0,34,healthcare
664,174,3,893279936,M,1,7,executive
80,552,5,892079168,M,1,70,writer
925,982,2,877763968,M,1,7,writer
340,1233,4,874724864,M,1,22,artist
844,828,4,882359424,M,1,70,artist
753,338,4,882139840,M,1,7,student
522,1138,3,874724864,M,1,31,student
221,1591,3,875057984,M,1,21,technician
495,174,4,883351488,F,1,70,librarian
137,728,4,874724864,M,1,21,programmer
234,1233,5,874724864,M,1,7,student
519,634,1,893279936,M,1,26,engineer
880,240,2,880888448,M,1,29,other
65,520,3,893279936,M,1,21,other
232,791,3,884585152,M,1,7,other
472,691,4,883793792,M,1,7,educator
176,1130,4,881683520,M,1,23,student
297,916,3,879518080,M,1,70,student
232,174,3,874724864,M,1,23,executive
80,1161,4,874724864,M,1,22,student
49,761,4,874724864,F,1,7,executive
748,982,2,874724864,F,0,26,student
783,656,2,875975104,F,0,46,educator
281,758,4,893279936,M,1,23,writer
750,1063,2,891185664,M,1,56,programmer
748,124,3,891298944,M,1,7,student
335,1100,3,891014848,F,1,70,educator
753,608,4,874724864,F,1,35,artist
844,1136,2,888890880,M,1,18,other
472,791,2,891897152,M,1,7,student
435,919,2,880389120,M,1,39,artist
176,54,2,891035328,F,0,23,student
340,787,4,875242496,M,1,26,student
221,634,4,874724864,M,1,24,educator
43,122,5,882386560,M,1,24,artist
475,117,5,893279936,M,1,70,other
80,1265,2,879542400,F,0,27,student
435,132,4,878078080,F,0,18,artist
495,1016,5,893279936,M,1,26,administrator
246,1161,4,874724864,M,1,22,artist
545,791,3,877563392,M,1,28,student
459,1165,2,874724864,F,1,52,engineer
522,645,3,893279936,M,1,7,educator
221,1189,4,888141440,M,1,70,student
748,350,2,874724864,M,1,23,other
106,728,2,880396416,F,1,22,student
232,132,2,883531840,F,1,37,student
281,608,4,888889344,M,1,27,marketing
456,172,3,879526144,M,1,7,other
87,341,5,893279936,M,1,7,educator
316,1042,2,876032896,F,1,20,librarian
495,1518,4,878850176,M,1,27,other
326,3,2,878739392,F,1,21,technician
844,1469,4,874724864,M,1,38,educator
844,479,4,884060096,M,1,23,engineer
340,308,3,893279936,M,1,7,programmer
84,103,5,893279936,F,1,70,librarian
545,480,4,893279936,M,1,27,student
340,1083,3,887308288,M,1,30,other
65,249,3,882345728,M,1,24,engineer
49,214,5,882387264,M,1,7,artist
748,691,5,891722176,M,1,7,student
232,174,3,889091584,M,1,7,student
137,1166,3,880923072,M,1,23,student
221,577,4,874724864,M,1,11,student
221,1292,4,878183104,M,1,7,writer
312,54,2,874724864,F,0,70,artist
143,591,3,889826624,F,1,42,artist
753,1136,5,891387072,M,1,35,artist
753,404,2,879977472,M,1,7,student
5,590,2,874724864,M,1,70,doctor
753,1166,5,889180608,M,1,27,educator
813,634,2,893279936,M,1,70,programmer
510,1136,2,878847680,F,0,22,salesman
312,982,4,893279936,M,1,40,educator
65,240,5,878914880,F,1,7,student
753,787,4,874724864,F,1,30,administrator
897,311,4,893279936,M,1,7,programmer
340,350,2,891355008,F,1,7,writer
87,1168,5,878940032,M,1,7,student
619,1189,5,887159744,M,1,70,student
748,932,4,893279936,M,1,43,educator
80,368,2,882827328,F,0,18,healthcare
495,895,2,891194880,M,1,70,writer
43,1386,4,893279936,F,1,28,artist
106,1126,4,893279936,M,1,70,technician
423,591,2,887910656,F,1,42,writer
890,1166,2,879444288,F,0,70,student
522,348,5,893279936,M,1,70,programmer
467,1161,4,874724864,M,1,40,writer
297,3,4,891196864,M,1,7,marketing
312,787,4,874724864,M,1,7,student
753,359,2,875984256,F,1,30,librarian
281,289,2,882591680,F,0,28,administrator
844,982,4,874724864,M,1,7,student
513,859,3,874724864,M,1,70,educator
65,736,5,893279936,M,1,26,marketing
182,1303,5,879572416,M,1,7,educator
803,778,2,893279936,F,1,35,librarian
522,1292,4,893279936,M,1,7,administrator
221,174,5,876243520,M,1,42,other
456,1189,4,879435712,M,1,42,lawyer
803,1033,4,884921728,M,1,23,technician
513,1518,5,874787520,M,1,30,administrator
619,1233,2,891699264,F,1,21,educator
897,1292,4,878887104,M,1,18,student
779,282,5,893279936,M,1,7,writer
748,1165,4,874724864,M,1,7,student
65,895,2,876453440,F,0,23,healthcare
226,182,5,875270144,F,0,45,librarian
522,982,4,893279936,M,1,70,other
789,691,3,879877120,M,1,7,artist
368,1429,3,874724864,M,1,36,administrator
813,701,4,874724864,M,1,45,entertainment
340,805,2,874724864,F,1,24,artist
569,791,3,874724864,M,1,28,student
43,1161,2,891014400,F,0,7,student
522,174,4,891201856,F,0,70,librarian
472,1189,4,888453760,M,1,70,other
84,800,3,877889856,F,1,36,administrator
844,182,5,879040192,M,1,50,lawyer
459,1429,2,886480576,M,1,21,administrator
456,806,5,893279936,M,1,31,doctor
472,916,3,874830208,M,1,35,educator
312,791,2,874724864,F,1,20,student
619,791,4,879459328,M,1,7,student
115,260,4,888539200,M,1,30,administrator
312,774,5,891690560,M,1,21,librarian
451,479,2,883326336,F,1,22,healthcare
402,895,4,878962496,M,1,24,other
753,101,4,893279936,M,1,18,educator
72,1288,5,893279936,M,1,38,programmer
467,281,2,891252096,F,1,20,student
844,1161,3,889492736,F,1,7,student
753,132,5,879453312,M,1,22,other
232,645,4,874724864,M,1,7,writer
844,916,3,875740224,M,1,7,artist
316,1136,4,874724864,M,1,21,entertainment
890,281,5,883077120,M,1,7,student
510,791,3,883443072,M,1,70,other
312,888,4,891353920,M,1,70,marketing
753,1429,2,878847488,F,0,17,artist
813,479,4,886306624,M,1,7,student
72,828,2,885478592,M,1,24,student
789,591,5,893279936,F,1,7,healthcare
65,101,4,882404736,M,1,33,administrator
897,1130,3,893279936,M,1,70,student
435,151,3,874724864,M,1,7,student
522,132,2,891195136,M,1,70,other
748,888,3,884922432,M,1,42,programmer
551,486,4,874724864,M,1,25,artist
263,892,5,880313792,M,1,7,student
472,787,2,888593920,F,0,27,educator
43,1429,4,893279936,M,1,20,other
467,1456,5,874785344,M,1,70,educator
522,3,5,880160064,M,1,7,student
756,859,4,888067584,M,1,7,educator
844,174,5,874724864,M,1,29,librarian
478,1518,5,874724864,M,1,30,student
435,319,2,877877696,F,1,7,student
43,151,2,874724864,F,1,70,healthcare
495,1281,5,881450176,M,1,23,other
803,470,5,877534144,F,1,70,student
522,1136,4,874724864,M,1,7,engineer
844,64,3,874724864,M,1,70,librarian
121,728,4,893279936,F,0,45,writer
472,1233,4,884735296,M,1,26,student
803,1042,2,891033856,M,1,50,other
619,1518,4,884131776,M,1,27,administrator
495,281,3,881652672,M,1,7,educator
80,95,3,891249280,M,1,70,educator
221,1265,2,874724864,F,1,7,student
689,85,3,887737152,M,1,70,other
522,132,3,893279936,M,1,25,doctor
1,1136,4,892333952,M,1,20,writer
273,440,3,879012736,M,1,18,student
106,780,3,889503232,F,1,28,student
65,1033,3,893279936,M,1,24,educator
779,34,4,887066688,M,1,7,other
254,522,2,880871296,F,1,21,educator
844,1518,4,892838592,F,1,7,executive
545,1265,5,874724864,M,1,70,engineer
368,895,5,893279936,M,1,21,entertainment
110,101,4,881340736,F,1,27,librarian
893,932,4,874724864,M,1,7,other
312,634,5,885050880,M,1,7,student
281,1152,5,893279936,M,1,70,other
495,1161,3,884152192,M,1,7,educator
636,921,3,887825152,M,1,70,educator
137,728,2,877192064,F,0,70,healthcare
340,151,4,874724864,M,1,20,none
232,486,3,879525248,M,1,51,retired
340,645,5,874724864,F,1,35,artist
46,542,2,893054912,F,1,18,programmer
545,895,3,880827712,M,1,7,educator
844,615,3,888955712,M,1,70,salesman
813,239,4,882384960,M,1,36,student
1,304,3,882341696,M,1,56,librarian
890,982,4,874830400,M,1,7,student
292,736,5,874724864,M,1,7,technician
844,609,2,879572480,F,1,7,doctor
49,69,3,890048384,M,1,18,doctor
46,1100,5,882140480,M,1,35,administrator
43,69,2,893279936,F,0,33,librarian
519,69,3,893279936,M,1,7,student
748,1033,5,881652480,M,1,7,student
844,691,4,893279936,F,1,50,other
178,615,5,893279936,M,1,28,technician
813,656,2,874724864,F,0,25,healthcare
340,787,2,890052160,M,1,45,healthcare
472,1050,3,875074368,M,1,70,engineer
94,1607,5,893279936,M,1,7,student
24,702,5,893279936,M,1,24,administrator
844,1113,5,891361728,F,1,70,artist
278,101,4,891294656,M,1,24,student
664,130,5,889492672,M,1,35,other
664,1062,2,878882624,F,0,24,artist
234,791,4,874724864,M,1,7,student
748,1264,3,893279936,M,1,7,educator
803,240,5,885679872,F,1,30,writer
292,1161,4,885679168,M,1,7,librarian
753,480,4,887909696,M,1,70,other
178,888,4,893279936,M,1,27,educator
472,382,2,882607616,M,1,7,technician
80,728,4,880181760,M,1,7,educator
513,932,3,884364352,F,1,35,student
614,101,3,893279936,M,1,70,librarian
312,608,4,874787264,M,1,30,other
664,791,2,879546944,F,0,70,librarian
263,122,2,884517312,F,1,7,librarian
748,254,4,874724864,M,1,70,administrator
43,222,5,887744000,M,1,43,lawyer
232,296,3,874724864,F,1,70,administrator
844,805,5,893279936,M,1,50,educator
753,215,4,874724864,M,1,7,student
232,1130,5,893279936,M,1,29,writer
753,656,5,874724864,M,1,7,writer
748,1165,4,879541248,F,1,34,educator
465,93,3,884231616,M,1,7,student
519,787,4,886832000,M,1,26,other
519,912,4,887747264,M,1,70,writer
472,787,4,893279936,M,1,34,writer
178,324,4,884238400,M,1,7,artist
472,608,4,874724864,F,1,7,librarian
472,1281,3,891478400,M,1,7,technician
844,558,2,876366464,F,0,33,writer
208,1265,1,891401280,M,1,7,student
46,936,4,879793024,M,1,7,student
823,1165,2,881976000,F,1,7,student
137,800,2,875964352,F,0,35,student
753,1165,2,874830336,M,1,7,student
216,1386,4,879197952,M,1,7,executive
753,773,2,874724864,F,1,18,student
65,831,4,882139968,M,1,7,doctor
456,728,2,881103488,M,1,27,programmer
813,1238,5,874724864,F,1,27,educator
522,1429,2,887663872,F,0,70,educator
137,1407,3,874724864,M,1,7,executive
340,888,4,891636352,M,1,7,other
813,1292,4,891354048,M,1,27,administrator
340,1033,4,885655296,M,1,22,educator
753,1281,2,879442304,F,1,7,librarian
925,251,5,883441984,M,1,7,programmer
292,281,2,879447552,F,0,39,librarian
281,774,4,893279936,M,1,7,student
208,124,4,877563328,M,1,30,artist
312,805,4,874724864,M,1,30,educator
499,1292,3,879445504,M,1,44,writer
72,346,4,874724864,M,1,46,writer
748,1161,5,879035072,F,1,70,other
281,1008,4,893279936,M,1,7,student
166,787,2,874724864,M,1,31,educator
221,281,4,875458176,M,0,27,other
281,691,2,874724864,F,1,7,student
423,1033,4,893279936,F,1,70,programmer
519,174,3,874724864,M,1,7,administrator
522,828,3,893279936,M,1,26,engineer
748,282,3,893279936,F,1,70,student
221,151,2,881342848,F,0,23,student
734,93,2,884366208,M,1,70,doctor
890,101,4,880958976,M,1,40,student
232,791,5,893279936,M,1,26,other
340,992,2,893279936,M,1,70,artist
844,1233,5,876018304,F,1,7,entertainment
49,486,3,884994752,M,1,30,student
176,890,3,878963008,M,1,7,administrator
748,1429,5,893279936,F,1,50,librarian
267,605,4,889786240,M,1,18,other
326,1008,2,885157568,F,0,70,educator
46,1042,3,876406592,M,1,70,student
922,1100,3,874724864,M,1,7,student
368,691,2,874724864,M,1,39,artist
846,69,3,893279936,M,1,31,student
232,132,3,893279936,F,1,28,programmer
925,1233,2,874724864,F,1,7,retired
844,787,4,889651776,F,1,38,artist
472,892,3,893279936,M,1,20,other
259,1238,3,874724864,F,1,70,artist
753,1033,3,876534912,F,1,18,healthcare
753,1429,2,893279936,F,0,31,other
813,174,4,893279936,M,1,21,other
182,1611,4,891039616,M,1,7,programmer
897,174,4,875131008,F,1,50,educator
513,656,4,879446016,M,1,70,student
176,990,3,879112000,M,1,24,writer
278,1033,4,880870656,M,1,7,educator
340,1429,3,888068800,M,1,25,retired
208,1281,2,874724864,F,0,27,librarian
513,787,2,879147648,F,1,44,educator
46,1191,2,893279936,F,1,7,doctor
510,1233,5,884049920,F,1,30,other
472,174,2,874724864,F,0,70,executive
753,1165,3,883286016,F,1,7,artist
340,174,4,887744832,M,1,27,librarian
467,1059,2,889909696,F,1,27,writer
472,136,5,882343936,M,1,70,engineer
435,1292,3,883762240,M,1,7,educator
537,1456,5,893213952,M,1,31,lawyer
753,101,4,893279936,M,1,31,librarian
510,778,5,888557184,M,1,18,educator
259,895,2,891035072,F,1,25,librarian
267,888,5,888716416,M,1,23,administrator
779,174,3,893279936,M,1,30,other
281,69,3,893279936,F,1,24,student
893,552,4,879365440,M,1,70,educator
435,791,5,875976640,M,1,36,programmer
702,916,5,874724864,F,1,7,student
659,182,4,892754176,M,1,44,student
748,132,2,874787008,F,1,7,other
753,1456,2,876689920,F,0,26,artist
666,1161,4,893279936,M,1,7,educator
281,1607,4,874724864,M,1,20,student
522,132,4,874724864,M,1,7,student
619,438,5,882346880,F,1,70,administrator
153,1469,3,893279936,F,1,44,educator
545,479,3,874724864,F,1,43,educator
844,1469,4,882553792,M,1,17,other
656,787,4,891520320,M,1,23,programmer
208,1386,4,878347584,M,1,7,educator
472,526,4,885849536,F,1,7,educator
844,1407,5,879897472,M,1,23,none
312,806,5,891199168,M,1,7,other
930,486,3,879459904,M,1,50,none
628,1136,2,886028928,F,0,7,healthcare
221,824,3,893279936,M,1,7,programmer
495,701,4,893279936,M,1,27,doctor
513,101,2,887743936,F,0,70,librarian
551,296,4,889123648,M,1,7,doctor
656,174,4,893279936,M,1,20,executive
15,1407,4,874724864,M,1,28,artist
789,914,4,893279936,M,1,24,educator
208,888,2,882823808,F,0,7,engineer
656,791,3,892958336,M,1,40,librarian
208,26,5,893279936,M,1,7,other
779,1080,5,893279936,M,1,7,student
451,591,2,876033920,M,1,7,student
472,510,2,874724864,F,0,70,librarian
844,486,4,874724864,M,1,20,student
467,1189,3,883440640,M,1,43,administrator
844,401,5,882398592,M,1,7,doctor
828,289,5,881374080,M,1,7,student
221,1165,2,882075840,F,0,7,librarian
208,1033,3,886989440,M,1,7,student
340,64,3,893279936,M,1,27,engineer
753,791,4,876011520,M,1,7,student
281,1607,3,874724864,F,1,23,student
91,182,4,888705984,M,1,26,salesman
750,1281,5,879461504,M,1,70,marketing
467,656,4,878848832,M,1,50,student
106,365,2,884642688,F,0,7,other
522,1429,2,874724864,F,1,7,educator
748,1161,3,891192064,M,1,7,writer
43,240,4,874724864,M,1,18,artist
472,1033,2,874724864,F,0,70,educator
281,1335,5,893279936,M,1,18,writer
753,728,2,875284800,F,0,70,educator
91,69,5,893279936,F,1,70,healthcare
522,182,3,893279936,M,1,7,executive
614,1386,3,884497216,M,1,42,other
1,132,2,874724864,F,1,35,programmer
176,289,3,891207936,M,1,7,student
893,608,2,875517120,F,0,43,librarian
312,1233,1,874724864,F,0,18,other
472,174,3,879448448,M,1,20,programmer
844,1161,4,874724864,M,1,41,programmer
232,1233,3,882827008,M,1,7,doctor
5,634,4,879454528,M,1,7,student
753,1208,4,878715520,M,1,70,librarian
897,1233,5,891368768,F,1,70,writer
46,1033,2,874724864,F,1,70,student
753,884,3,874724864,M,1,25,educator
659,1386,5,879370688,M,1,7,student
87,101,5,889748032,M,1,7,student
495,281,4,882344896,M,1,21,educator
221,281,5,875072192,M,1,7,student
513,1518,2,879467904,M,1,7,librarian
510,1233,4,888733184,F,1,56,student
659,132,3,884287104,M,1,39,educator
208,691,2,893279936,F,0,27,entertainment
519,591,2,886832448,M,1,70,educator
435,595,3,893279936,M,1,7,student
522,1010,4,891037696,M,1,30,educator
326,634,5,874724864,M,1,31,educator
80,888,5,880131200,F,1,70,artist
80,1161,4,880132672,M,1,28,technician
221,101,4,879447808,M,1,28,educator
467,656,5,874724864,F,1,44,writer
897,440,5,893279936,M,1,70,lawyer
522,886,3,884841280,M,1,31,executive
277,339,4,880159872,F,0,23,administrator
435,906,3,882397504,M,1,7,administrator
513,1189,5,887297024,M,1,7,doctor
513,281,3,880844480,F,1,7,student
221,590,4,883778688,M,1,23,programmer
495,281,5,893279936,M,1,7,entertainment
813,916,5,892697024,M,1,52,educator
522,968,3,887747008,M,1,70,engineer
472,1226,4,878963200,M,1,70,educator
880,728,4,881372160,M,1,28,other
619,645,3,883506560,M,1,23,librarian
522,455,5,879532736,M,1,7,artist
208,691,3,881539392,M,1,53,educator
779,421,3,891546048,M,1,50,artist
80,1591,2,879342848,F,1,70,technician
576,791,3,893279936,F,1,70,healthcare
783,1469,4,893218944,F,1,70,entertainment
472,281,4,893279936,M,1,70,entertainment
1,1161,3,876525632,M,1,23,programmer
137,182,2,874724864,F,0,70,writer
748,787,2,874724864,F,0,22,artist
724,174,2,893279936,M,1,31,artist
87,563,4,874724864,M,1,36,administrator
65,254,4,879877120,F,1,23,other
472,787,2,879434432,F,0,30,educator
537,93,5,879901120,F,0,70,artist
890,3,5,882346368,M,1,27,student
1,1113,3,879028416,M,1,26,other
844,289,5,893279936,M,1,70,other
897,1233,2,874873728,F,1,39,other
1,1233,2,874724864,F,1,70,student
91,260,2,876302208,F,0,70,student
43,1611,3,881014272,M,1,7,student
137,167,5,888923840,M,1,24,executive
153,214,2,891044480,F,1,30,entertainment
813,1456,5,884294848,M,1,23,other
267,1136,5,880141184,M,1,30,administrator
467,468,2,891212928,M,0,42,student
844,611,2,883327360,F,0,7,student
267,281,2,879969536,F,0,70,doctor
234,932,4,874724864,M,1,22,educator
472,1518,2,875729472,F,1,16,student
606,1469,4,887066624,M,1,35,writer
370,787,3,882389120,M,1,21,student
65,992,4,884883712,M,1,28,educator
576,311,4,886975808,M,1,42,educator
267,888,2,881959488,M,1,27,librarian
221,101,4,879883968,M,1,7,student
472,322,5,883352512,F,1,48,librarian
779,93,4,893279936,M,1,70,writer
87,806,2,886404992,M,1,31,student
844,590,5,880925888,M,1,30,programmer
813,1233,2,879518464,M,1,7,administrator
844,537,2,884051072,F,1,7,student
748,823,4,887912448,F,1,7,student
267,656,5,879435520,F,0,7,student
522,1161,3,891563904,M,1,7,other
619,174,5,874724864,F,1,7,student
87,805,2,893279936,M,1,32,other
844,895,3,878887040,M,1,44,educator
545,691,3,891354048,F,1,7,administrator
423,1456,3,874724864,M,1,7,salesman
753,1591,3,883950528,F,1,20,student
87,608,5,874724864,M,1,29,other
65,787,4,888754496,M,1,18,healthcare
278,281,2,883710400,F,0,24,other
803,1166,3,874724864,M,1,70,educator
844,640,4,875506368,M,1,31,other
62,289,5,874724864,F,1,24,healthcare
80,508,5,891956544,M,1,7,administrator
890,892,2,879455040,M,1,31,technician
137,1161,1,879438784,F,1,36,artist
43,884,3,874724864,M,1,7,healthcare
137,1189,3,881373376,M,1,7,other
340,1407,5,885059712,M,1,23,programmer
522,101,4,874724864,M,1,22,engineer
813,1429,2,876260416,F,0,7,administrator
472,791,3,893279936,M,1,27,programmer
537,1288,2,893279936,M,1,52,librarian
922,527,4,892371008,M,1,21,educator
748,888,4,893279936,M,1,70,educator
232,1166,3,893279936,M,1,46,technician
232,691,5,874724864,M,1,31,administrator
281,1189,4,893279936,M,1,36,librarian
46,1165,5,882609920,M,1,70,programmer
281,1429,2,884125696,M,1,70,librarian
467,1136,3,893279936,M,1,50,programmer
267,912,5,874724864,F,1,18,artist
569,174,3,883710528,F,1,27,healthcare
46,365,5,892839104,F,1,70,programmer
402,912,3,880152192,M,1,70,student
779,786,2,892776960,F,0,70,other
106,367,4,874724864,M,1,7,student
326,475,3,878951744,F,1,70,artist
221,1161,3,878962496,M,1,7,artist
46,174,3,874724864,M,1,7,educator
522,1100,2,893279936,F,0,70,other
559,767,4,881006400,M,1,21,artist
267,892,4,879439552,M,1,7,other
897,101,2,893279936,F,1,27,student
208,1292,3,893279936,M,1,7,artist
267,1161,5,874724864,M,1,24,doctor
267,1161,4,874724864,M,1,7,student
278,1189,5,876861312,M,1,7,student
753,101,4,893279936,M,1,70,artist
312,3,5,893279936,M,1,26,other
748,888,4,884642048,M,1,7,student
893,1182,5,893279936,M,1,7,other
435,1386,3,882387392,M,1,7,student
221,124,4,874724864,M,1,31,technician
779,787,4,893279936,M,1,7,student
753,1292,2,874724864,M,1,20,administrator
370,982,3,893279936,M,1,70,librarian
472,174,2,883057920,F,1,7,programmer
890,1265,3,882412672,F,1,21,administrator
115,1165,2,880338496,F,1,20,healthcare
813,54,2,888553088,F,0,7,artist
764,133,5,874724864,M,1,7,programmer
846,791,2,880572032,F,1,70,educator
80,250,5,874724864,M,1,7,educator
340,605,4,881104384,M,1,7,programmer
692,281,2,874729984,F,1,28,student
281,895,3,893279936,M,1,44,entertainment
1,983,5,879545024,M,1,29,programmer
753,124,4,883326976,M,1,35,librarian
922,884,4,893279936,M,1,23,engineer
87,742,2,893279936,F,0,25,student
748,793,5,893279936,M,1,7,student
519,341,3,883350656,M,1,23,programmer
49,1165,2,880927552,F,1,70,educator
106,1265,4,888044224,M,1,7,healthcare
221,117,4,874724864,F,0,7,writer
280,1458,5,874724864,M,1,70,educator
137,656,4,893279936,M,1,70,educator
368,440,5,884317376,M,0,39,administrator
559,1238,3,879885120,M,1,35,artist
80,174,5,874724864,M,1,70,administrator
267,479,1,876689856,F,1,24,other
559,1429,3,874724864,M,1,7,programmer
727,239,4,888068032,M,1,7,student
208,760,2,874724864,F,1,7,other
281,49,5,893279936,M,1,70,programmer
659,787,3,879303488,M,1,7,administrator
472,174,2,883869760,F,0,70,other
858,281,4,882141312,F,1,70,educator
137,296,2,877095936,F,0,70,artist
414,1161,5,879987136,M,1,70,educator
304,1238,2,893279936,F,0,31,librarian
267,1033,5,874724864,M,1,46,doctor
281,932,4,874724864,M,1,7,artist
278,30,2,893279936,F,1,26,administrator
43,1136,4,874724864,M,1,7,student
937,1126,4,893279936,M,1,70,other
208,895,4,893279936,F,1,29,other
789,1518,4,893279936,M,1,37,other
221,85,5,879876928,M,1,39,librarian
467,608,3,880869824,M,1,27,doctor
803,382,4,893279936,M,1,7,other
278,1518,5,884112128,M,1,43,healthcare
292,1063,4,874724864,M,1,27,student
278,1429,3,888640256,M,1,27,healthcare
519,101,2,877369728,F,1,30,librarian
828,240,4,879034496,M,1,7,administrator
278,1080,4,884475904,M,1,33,programmer
65,1233,5,893279936,M,1,7,student
880,645,5,879362432,M,1,29,other
465,1407,2,887744960,M,1,70,other
510,1292,2,880984704,F,1,70,artist
748,828,2,891298560,F,1,70,librarian
435,787,4,893279936,M,1,33,technician
246,828,2,874724864,F,1,70,librarian
208,350,5,891724736,M,1,7,healthcare
208,3,3,874724864,F,1,70,engineer
221,265,4,874995392,M,1,33,artist
614,645,4,888906176,F,1,18,programmer
897,1130,4,882348608,M,1,70,entertainment
267,1233,5,878962496,M,1,39,technician
522,93,5,874724864,M,1,7,student
510,101,2,874724864,F,0,49,other
80,1161,2,876190528,F,0,31,librarian
779,1203,2,885099328,F,0,56,student
753,63,5,890553536,M,1,49,programmer
312,3,4,891636224,F,1,7,student
1,791,4,885849472,M,1,27,artist
545,174,4,893279936,M,1,21,programmer
115,321,4,889409408,M,1,52,doctor
890,254,3,876533568,M,1,70,programmer
551,1033,3,874724864,M,1,29,administrator
137,1281,2,874724864,M,1,70,administrator
91,888,2,879437120,F,1,7,healthcare
456,1226,4,874724864,F,1,7,healthcare
137,684,2,878886528,M,1,7,student
137,1591,3,883763520,M,1,26,student
267,452,2,891204608,M,1,46,writer
513,117,4,879461312,M,1,7,doctor
472,1161,2,878969472,M,0,23,other
495,101,5,891546176,M,1,7,student
925,1076,2,880130880,M,1,33,administrator
340,1136,4,893279936,M,1,52,educator
435,1233,3,887911040,M,1,18,administrator
281,1136,3,893279936,M,1,26,programmer
65,479,3,876768960,M,1,70,educator
43,174,3,874724864,M,1,70,programmer
813,126,4,874724864,F,1,42,artist
614,174,4,874724864,M,1,32,other
664,1033,2,890778816,F,1,49,writer
451,1166,2,874724864,F,1,70,educator
340,912,3,874724864,M,1,27,scientist
522,1518,4,893279936,M,1,51,educator
472,1281,4,888067392,M,1,70,student
221,888,2,893279936,F,1,7,student
43,1250,4,888068672,M,1,45,technician
677,69,4,881977024,F,1,7,other
80,1024,3,876294016,M,1,16,other
513,1429,4,880891840,M,1,70,educator
495,577,4,880934144,M,1,7,technician
619,308,3,882826176,M,1,7,programmer
267,1505,3,893279936,F,1,36,other
897,1238,3,893279936,M,1,25,student
232,1189,4,889774592,M,1,7,other
65,1166,2,885811264,M,1,70,student
292,182,5,874724864,M,1,7,entertainment
522,174,3,893279936,M,1,21,writer
456,54,5,886279168,F,0,40,artist
281,479,4,879572032,M,1,70,educator
43,652,3,893279936,M,1,7,artist
65,533,5,874724864,M,1,7,student
65,1233,5,874724864,F,1,18,student
65,1136,5,889398464,M,1,20,artist
65,3,3,893279936,M,1,7,scientist
340,1458,4,893279936,M,1,7,writer
522,1429,4,893279936,M,1,70,other
456,3,2,893279936,F,0,70,educator
643,791,2,879434752,M,1,18,student
569,69,4,874951680,M,1,21,doctor
519,1429,4,885253440,M,1,7,programmer
43,1165,4,874724864,M,1,7,student
312,1161,4,880932800,M,1,51,entertainment
340,518,4,880414144,F,1,57,other
208,174,5,880870592,M,1,27,student
495,1100,3,874724864,M,1,35,student
221,1136,3,879310464,M,1,7,student
43,84,4,893279936,M,1,7,other
664,1002,3,893279936,M,1,21,student
137,1165,2,887663936,F,1,70,educator
87,1033,4,874724864,F,0,7,other
137,251,5,884122176,M,1,7,student
844,1429,4,893279936,M,1,24,student
267,1611,5,893279936,M,1,26,doctor
893,936,3,893279936,M,1,27,engineer
43,1493,3,893279936,M,1,24,programmer
748,151,3,874724864,M,1,22,artist
335,791,3,880417088,M,1,48,librarian
312,787,2,875644160,M,0,7,doctor
522,1165,5,879792704,M,1,70,other
513,787,4,874724864,M,1,43,student
519,1033,4,882826944,F,1,23,librarian
65,68,4,886323776,M,1,7,student
65,132,3,893279936,F,1,41,other
208,305,4,882074624,M,1,27,educator
813,1233,5,874724864,M,1,70,other
46,1100,3,893279936,M,1,50,other
278,101,4,893279936,M,1,7,programmer
278,1161,2,893279936,M,1,70,educator
267,101,3,882956672,M,1,7,student
46,773,5,884131456,M,1,70,other
727,791,5,893279936,F,1,70,educator
467,813,3,893279936,M,1,28,programmer
263,446,5,879190464,M,1,70,educator
467,1233,5,893279936,M,1,27,librarian
748,1161,3,879951040,M,1,7,artist
80,1062,5,874724864,F,1,28,educator
312,613,2,889652544,F,0,70,entertainment
495,695,5,893279936,M,1,7,educator
221,308,4,874724864,F,1,34,other
292,1233,4,874724864,M,1,32,student
80,1292,3,877171648,F,1,7,other
435,1189,4,874724864,M,1,7,student
312,401,4,881058944,F,1,40,educator
65,101,3,893279936,M,1,70,other
281,728,2,878887872,F,0,39,administrator
232,1161,3,891448704,M,1,20,other
101,645,5,881957632,M,1,20,educator
208,311,4,886360896,M,1,18,student
844,479,5,874724864,M,1,7,student
472,1281,4,891027328,M,1,7,artist
278,260,4,893279936,M,1,7,administrator
510,694,5,879454208,M,1,21,student
65,281,5,891384000,M,1,35,executive
844,597,3,893279936,M,1,7,writer
232,1166,3,883712768,M,1,50,student
43,791,5,874724864,M,1,23,programmer
340,1002,4,874724864,M,1,7,student
368,1292,4,879283328,M,1,70,marketing
844,281,2,874724864,F,1,49,educator
510,1100,5,879453952,F,0,27,student
472,1646,3,891038080,M,1,36,doctor
666,341,3,883471040,M,1,7,other
753,803,2,893279936,F,0,70,librarian
753,982,2,874724864,F,1,7,student
844,422,4,893279936,M,1,7,other
340,613,4,875204736,F,1,70,educator
495,249,4,875645312,M,1,7,student
137,900,2,874724864,F,0,70,educator
65,3,2,893279936,M,1,20,doctor
467,916,5,893279936,M,1,7,writer
232,1238,4,874724864,M,1,7,programmer
472,3,5,874724864,F,1,7,educator
178,709,4,874724864,F,1,23,educator
456,1238,4,880123456,M,1,7,student
880,174,4,893279936,M,1,27,educator
65,409,4,874724864,M,1,26,other
65,103,5,879449088,M,1,70,administrator
375,1238,2,893279936,M,1,54,artist
65,174,4,874724864,M,1,25,engineer
545,1186,5,874724864,M,1,52,retired
753,1646,2,885046784,F,0,27,educator
234,1161,4,874724864,F,0,7,lawyer
281,728,3,877756928,M,1,24,engineer
312,928,2,887745600,F,1,7,student
234,1161,2,891200384,F,0,70,librarian
925,608,2,882180288,F,1,25,artist
326,1233,3,874724864,M,1,7,student
435,1458,5,877507008,M,1,44,educator
221,1119,4,878762240,M,1,7,administrator
91,1456,2,893279936,F,0,27,educator
176,1189,4,888069312,M,1,30,student
890,1033,2,882391616,F,1,39,artist
937,608,4,893279936,F,1,70,healthcare
106,174,4,891043712,M,1,70,writer
522,1161,4,893279936,M,1,25,entertainment
472,656,2,874831616,F,0,7,other
292,894,4,888626304,M,1,7,other
779,1518,5,874724864,M,1,70,none
803,101,2,883873728,F,0,36,healthcare
80,1161,2,885744896,F,0,33,other
435,240,5,879434944,F,1,70,other
753,526,2,893279936,F,0,7,healthcare
844,761,4,893279936,M,1,23,doctor
267,1165,5,878367936,M,1,31,programmer
340,3,5,874724864,F,1,39,other
326,828,2,884051776,F,0,50,student
844,591,2,879991360,F,1,39,student
278,1292,4,883948288,M,1,70,educator
495,110,2,891961536,F,1,29,librarian
748,1165,4,884111488,M,1,70,programmer
664,791,3,893279936,M,1,70,executive
375,774,3,879298560,M,1,20,student
897,101,3,893279936,M,1,30,programmer
178,1607,3,882074112,M,1,70,other
850,1238,5,889120256,M,1,70,other
137,282,4,893279936,F,1,7,doctor
221,787,2,874724864,F,0,31,librarian
435,590,3,893279936,M,1,21,doctor
304,968,3,893279936,M,1,7,educator
510,101,2,884305600,F,0,7,retired
472,174,2,889073728,F,0,48,retired
208,101,3,879874560,M,1,20,writer
43,1033,3,885678848,M,1,17,writer
753,828,3,888316544,F,1,7,student
513,1033,3,879442432,M,1,7,student
813,289,3,881650432,M,1,24,engineer
267,281,3,885185472,M,1,23,other
137,695,3,880494144,M,1,7,technician
232,3,3,874724864,M,1,30,student
753,1591,2,893279936,M,1,50,writer
850,1033,3,891897856,M,1,7,administrator
656,1292,5,893279936,M,1,7,artist
823,49,3,893279936,M,1,27,student
451,479,5,879465536,F,1,70,educator
890,791,5,893279936,M,1,70,retired
312,209,5,888890688,M,1,70,educator
312,174,4,893279936,F,1,70,librarian
451,791,5,886333696,F,1,70,educator
779,151,5,876966976,M,1,70,educator
748,280,5,879113664,M,1,7,lawyer
221,1042,3,893279936,M,1,70,programmer
922,982,4,879455040,M,1,39,student
65,479,2,875334528,F,0,70,librarian
87,1059,3,878848320,M,1,70,programmer
281,54,5,876301504,M,1,32,writer
43,591,5,874724864,M,1,41,educator
844,1233,2,874724864,F,0,40,artist
753,1429,4,879363520,M,1,70,programmer
80,608,3,893279936,F,1,24,administrator
281,1407,4,881719936,M,1,7,educator
232,1292,3,893279936,M,1,70,marketing
619,537,2,879877440,F,1,23,student
278,900,3,891264320,M,1,25,administrator
208,634,3,893279936,M,1,7,artist
46,1518,5,878973632,M,1,27,educator
281,101,4,876402560,M,1,52,other
748,1158,4,893279936,M,1,18,student
46,174,4,883508416,M,1,43,entertainment
435,250,5,888640128,M,1,44,educator
43,490,5,874724864,M,1,28,other
267,656,5,874724864,M,1,36,writer
519,174,4,879877248,F,1,70,librarian
281,1429,4,889730944,M,1,23,programmer
312,1518,2,893279936,M,1,30,educator
121,691,5,877867456,M,1,26,programmer
748,54,4,877129344,M,1,7,administrator
178,791,3,886472640,M,1,28,administrator
375,1100,4,888067264,F,1,70,artist
267,110,2,874724864,F,1,7,student
813,75,3,893279936,M,1,70,librarian
43,1265,5,891038400,M,1,7,student
937,590,4,891014464,M,1,7,student
340,1292,2,887909888,F,1,70,other
510,1386,2,877736512,F,0,30,student
340,760,3,874724864,M,1,7,student
46,608,2,881108736,F,0,70,artist
312,820,5,874724864,M,1,70,student
278,174,3,880927872,M,1,18,educator
281,1429,3,884601728,M,1,7,student
925,712,5,875503808,M,1,70,technician
221,1518,3,884642048,M,1,35,artist
585,506,5,893279936,F,0,22,librarian
176,591,5,893279936,M,1,70,educator
326,968,3,881370816,M,1,70,librarian
49,1033,2,879311232,F,0,70,engineer
267,1447,2,887912448,F,0,7,librarian
340,791,5,879441792,M,1,70,student
779,1119,5,878181632,F,1,35,administrator
456,1292,5,888636608,M,1,35,marketing
5,645,2,879447552,M,1,70,healthcare
748,282,5,886988416,M,1,70,administrator
753,308,2,880182400,M,1,70,engineer
619,1166,2,893279936,F,0,70,librarian
456,1265,2,884115136,F,0,36,artist
779,174,1,891387392,M,1,7,librarian
753,101,4,893279936,M,1,39,educator
753,886,3,874724864,M,1,7,programmer
267,3,4,885046656,M,1,7,student
897,1033,3,888082304,M,1,43,artist
87,479,4,893279936,M,1,70,administrator
420,362,5,880313664,M,1,7,artist
65,120,5,889747008,F,1,70,educator
46,1033,2,888521216,M,1,26,programmer
724,174,4,880160576,M,1,32,administrator
106,1505,4,893279936,M,1,7,educator
922,151,3,875350144,M,1,7,student
551,1281,5,891449600,M,1,7,technician
614,151,5,893279936,M,1,23,marketing
46,787,3,893279936,M,1,70,healthcare
753,1518,4,882387520,M,1,45,artist
340,895,4,874724864,M,1,7,administrator
435,1292,4,881011328,M,1,27,educator
925,1161,5,874787648,F,1,42,librarian
779,888,2,874724864,F,0,70,librarian
65,1166,2,884477824,F,0,52,doctor
52,1600,4,893279936,M,1,7,student
522,1050,2,891034240,F,0,25,programmer
278,1095,2,874724864,F,1,70,entertainment
813,1161,4,874724864,M,1,7,executive
65,591,4,893279936,M,1,70,educator
789,479,4,884634880,M,1,23,administrator
456,383,3,891718784,M,1,7,other
340,1281,2,874724864,F,0,7,other
340,787,4,884635072,M,1,18,student
312,1166,5,874724864,M,1,7,programmer
46,187,2,880526016,F,1,70,technician
559,608,2,883499712,M,1,28,educator
656,446,4,879446336,M,1,42,educator
753,982,5,893279936,M,1,23,educator
456,281,2,886832512,F,1,20,entertainment
522,932,4,891213312,M,1,18,programmer
281,828,2,889178752,F,0,7,student
459,791,5,874724864,M,1,52,student
364,1136,4,888634304,M,1,32,student
435,518,5,879014912,M,1,18,engineer
777,440,2,892059776,F,0,70,other
221,69,2,880604992,F,1,7,student
559,1161,3,879876800,M,0,43,programmer
208,518,4,882825792,M,1,70,engineer
897,1238,5,893279936,M,1,45,librarian
472,608,2,874724864,F,1,70,other
435,26,5,882076864,M,1,31,programmer
559,982,4,889208576,M,1,70,artist
753,64,5,888068032,M,1,32,doctor
513,289,3,882061952,M,1,70,other
326,805,3,886895040,M,1,32,administrator
312,146,2,884920960,F,1,70,writer
43,645,4,893279936,M,1,18,programmer
513,1518,4,886481536,M,1,22,educator
753,1161,5,874724864,M,1,18,educator
844,132,2,881117696,F,0,39,retired
5,656,3,893279936,M,1,39,other
753,820,4,893279936,M,1,7,student
166,892,4,882608000,M,1,17,librarian
326,250,3,891363712,M,1,35,programmer
423,1429,5,879871872,M,1,36,writer
748,103,3,874730496,F,0,70,healthcare
297,1265,4,893279936,M,1,50,educator
340,1100,3,880930944,M,1,35,administrator
841,174,2,891288192,F,1,44,writer
519,982,2,884882688,F,1,56,other
472,888,5,881450752,M,1,7,administrator
844,736,5,881061184,M,1,7,artist
813,1161,3,884108480,M,1,27,other
326,791,2,875963456,F,1,7,administrator
221,1238,3,876537728,M,1,7,student
5,608,2,874724864,F,0,50,librarian
522,1161,2,874724864,F,1,70,educator
423,1233,2,874724864,F,1,28,librarian
65,132,4,874724864,M,1,21,student
890,350,4,876861248,M,1,42,engineer
106,728,3,883217024,F,1,35,student
46,120,5,882425856,M,1,20,other
472,3,2,874724864,F,0,36,educator
300,805,4,879969792,M,1,44,engineer
24,281,3,884131520,F,1,7,artist
267,174,4,893279936,M,1,30,other
292,281,5,874724864,M,1,7,student
184,111,2,885868096,F,0,35,artist
748,1136,3,893279936,M,1,36,lawyer
278,787,2,877385920,M,0,7,student
519,787,4,891496000,M,1,70,lawyer
522,813,3,893279936,M,1,70,engineer
312,311,4,891263424,M,1,7,engineer
753,787,5,893279936,F,1,29,engineer
734,1059,4,888525120,M,1,35,programmer
510,894,5,893279936,M,1,38,technician
110,1518,2,874724864,F,0,23,healthcare
880,123,4,875035904,M,1,7,doctor
545,239,4,893279936,M,1,7,administrator
510,289,4,874724864,M,1,70,other
312,1042,5,880230016,M,1,70,educator
925,791,2,874724864,F,0,70,healthcare
748,446,5,875662848,F,1,70,librarian
312,1165,4,885478208,M,1,7,student
472,728,2,874724864,F,1,7,student
522,608,3,893279936,F,0,21,librarian
267,1607,4,891352896,M,1,70,artist
465,805,3,893279936,M,1,50,programmer
813,791,5,891390080,M,1,7,administrator
435,13,2,881672256,F,1,27,librarian
472,350,4,875244224,M,1,7,lawyer
472,984,5,893279936,F,0,7,student
522,1208,2,874724864,F,0,43,artist
312,3,5,874724864,M,1,22,other
803,101,5,883712640,M,1,7,student
326,728,5,893279936,M,1,70,student
844,1233,2,886395712,F,1,7,artist
263,151,3,881060800,M,1,9,student
495,1607,3,886473600,F,1,50,healthcare
472,1456,2,891033664,F,1,27,artist
312,289,4,892332800,M,1,27,programmer
893,828,5,893279936,M,1,7,educator
435,101,3,880165824,M,1,7,student
94,1512,3,882822272,M,1,31,marketing
319,174,3,891318080,F,1,34,homemaker
753,132,4,879572672,F,1,70,artist
46,758,2,884461696,F,1,26,other
522,296,5,880313344,M,1,30,educator
522,888,4,883750080,M,1,7,other
664,1161,3,893279936,M,1,70,educator
101,1233,4,888068160,M,1,29,student
84,1499,2,874724864,M,1,7,other
937,132,2,874724864,F,1,70,artist
267,1292,5,881464256,M,1,70,programmer
890,608,2,882403072,F,0,39,educator
65,1062,1,879876096,F,1,7,writer
87,174,5,875727040,M,1,39,artist
753,591,5,874724864,M,1,7,student
748,390,2,880162624,F,1,24,doctor
221,1189,2,893279936,F,0,7,doctor
178,1386,4,893279936,M,1,7,engineer
340,634,5,880897728,M,1,7,student
340,767,3,882074752,M,1,24,other
137,1130,4,879520576,M,1,31,student
522,895,4,891033728,M,1,70,engineer
297,1130,3,893279936,M,1,27,engineer
281,1100,5,879475968,M,1,70,marketing
435,1429,2,878092800,F,1,70,technician
49,1161,4,879468352,M,1,35,student
435,791,4,887158912,M,1,24,executive
808,475,4,888892352,M,1,31,other
472,813,4,893279936,F,1,70,librarian
312,808,3,874724864,M,1,70,engineer
121,1233,5,874724864,M,1,35,administrator
110,787,4,893279936,F,1,7,healthcare
46,1100,2,879465984,F,0,70,healthcare
753,251,3,874854592,M,1,70,educator
364,101,2,878973504,M,1,7,student
823,787,5,888068736,M,1,20,educator
435,787,5,877036224,M,1,7,educator
748,892,3,893279936,M,1,70,educator
278,608,2,885943744,F,0,70,artist
280,132,4,893279936,M,1,70,artist
340,479,4,882072896,M,1,7,student
370,132,2,875728896,F,0,70,librarian
80,365,2,876251008,F,1,70,librarian
65,918,2,874785600,M,1,7,student
748,651,3,874724864,M,1,24,engineer
753,1189,3,893279936,M,1,26,student
361,1161,5,882386560,M,1,70,other
43,1165,3,874724864,M,1,70,librarian
435,308,2,892353088,F,0,7,artist
312,54,4,882385280,M,1,7,other
844,982,4,893279936,M,1,7,student
5,696,3,879875968,M,1,7,writer
580,289,4,874724864,M,1,7,technician
221,1233,3,877018112,M,1,7,administrator
472,888,2,878666752,F,0,7,artist
340,1518,3,893279936,M,1,26,programmer
80,1100,2,879875328,F,1,52,none
137,774,2,879976128,F,0,70,artist
664,612,4,881723840,M,1,7,student
20,1467,5,893279936,M,1,27,lawyer
748,3,2,878855232,F,0,7,marketing
20,187,3,893279936,M,1,27,educator
513,895,4,882163840,M,1,17,student
664,1292,4,891294080,M,1,70,entertainment
65,1233,3,881170688,M,1,18,other
267,1042,3,879531712,F,1,42,student
267,1182,2,880863808,F,1,7,student
137,1518,4,874724864,M,1,32,student
727,728,2,891481792,F,1,21,student
267,1265,2,893279936,F,0,50,other
80,288,3,880244608,F,1,29,marketing
844,630,4,880690624,F,1,32,other
292,479,2,874724864,F,1,18,entertainment
281,1161,3,892777472,M,1,27,healthcare
472,1042,4,893279936,M,1,30,other
513,1386,3,893279936,M,1,70,other
340,695,5,874724864,M,1,28,student
435,1407,4,884036544,M,1,7,writer
666,1033,5,875259904,F,1,35,other
753,656,3,880606400,M,1,50,entertainment
178,1238,5,886949568,M,1,7,student
551,1165,4,893279936,F,1,7,administrator
664,760,3,893279936,M,1,23,student
46,127,4,885849472,M,1,70,student
519,1607,4,885943808,M,1,23,educator
178,260,5,893279936,M,1,7,doctor
813,1008,2,874724864,F,1,70,educator
281,1136,3,878955840,M,1,35,student
65,1429,5,888068480,F,1,70,artist
340,1033,4,885690176,F,1,7,student
783,132,2,874724864,F,0,7,doctor
281,1113,2,879976064,F,0,7,writer
844,590,2,879444608,F,1,18,student
340,281,3,884990784,M,1,50,engineer
922,101,4,893279936,M,1,7,writer
115,132,5,882290560,M,1,7,lawyer
46,1008,3,887159680,M,1,7,technician
435,800,4,893279936,M,1,70,administrator
435,1292,4,893279936,M,1,70,educator
46,567,5,879443776,F,1,50,other
208,1073,3,878251584,M,1,7,educator
292,132,3,886989312,M,1,29,educator
823,479,3,888639360,M,1,29,other
281,895,4,888066688,M,1,7,healthcare
137,1407,4,893279936,M,1,70,administrator
43,791,4,891446592,F,1,70,other
495,1189,4,880259328,M,1,7,administrator
335,132,2,874724864,F,0,31,artist
208,122,5,875729344,M,1,31,student
456,321,3,876190528,M,1,70,librarian
80,1469,5,887744576,F,1,52,other
619,982,4,874724864,M,1,18,student
495,1119,3,893279936,M,1,7,student
232,251,5,879714496,M,1,23,doctor
278,289,2,880159744,F,1,7,student
312,1165,2,893279936,M,1,70,educator
844,1042,5,876404096,M,1,42,other
208,608,2,874724864,M,1,70,lawyer
267,151,4,878739008,M,1,24,retired
559,486,5,874724864,M,1,17,student
753,994,2,874724864,F,1,70,other
522,1033,4,886242368,M,1,23,other
666,991,5,879455040,M,1,22,other
522,1161,4,893279936,M,1,70,educator
499,1100,5,893279936,M,1,18,student
137,282,3,893279936,M,1,35,educator
5,1165,5,878962112,M,1,70,student
5,1518,5,875291584,M,1,70,educator
221,246,2,875043840,F,1,50,other
925,656,2,875130112,F,0,27,student
137,828,2,875347520,F,0,7,entertainment
375,1130,5,893279936,M,1,7,programmer
897,1281,5,874724864,F,1,7,educator
326,1042,1,876265856,M,1,45,healthcare
176,1119,4,893279936,M,1,70,other
208,174,5,882012608,M,1,70,student
897,912,5,874724864,F,1,35,lawyer
137,1100,2,874724864,M,0,23,educator
312,151,4,893279936,M,1,26,technician
312,1469,3,874724864,F,0,53,engineer
472,101,2,891435264,F,1,70,librarian
80,1136,5,884050496,M,1,70,other
893,1166,2,874724864,F,0,18,artist
844,656,5,893279936,M,1,30,other
115,895,4,885178240,M,1,7,administrator
753,1161,2,891890112,F,1,24,administrator
844,101,2,874724864,M,1,31,other
779,791,4,874858560,F,1,7,other
569,281,5,893279936,M,1,18,doctor
65,529,5,893279936,M,1,41,engineer
208,174,2,879793344,M,1,43,student
472,124,3,893279936,M,1,70,other
5,1386,2,874724864,F,0,70,educator
522,805,4,876190912,M,1,7,artist
753,1016,4,874724864,M,1,7,programmer
748,3,5,874724864,M,1,21,other
221,174,2,878972992,F,1,35,librarian
551,828,2,883389632,F,0,70,librarian
232,1281,4,891200384,M,1,50,educator
297,912,5,893279936,M,1,7,doctor
208,1033,4,893279936,M,1,27,student
435,1429,4,884535232,M,1,7,student
115,289,2,884111424,F,0,27,administrator
232,1042,5,882810560,M,1,30,administrator
368,479,2,892958016,M,1,70,other
510,791,4,893279936,M,1,70,programmer
779,124,2,874724864,F,0,70,healthcare
844,1033,4,886609536,M,1,7,student
522,608,2,886473024,F,0,70,artist
281,132,3,882826432,F,1,7,other
292,250,4,893279936,M,1,32,programmer
46,151,4,879640128,M,1,70,artist
65,813,4,880417216,M,1,70,student
368,1386,2,890284416,M,1,7,student
340,1233,2,874724864,F,0,70,doctor
435,791,2,893279936,M,1,26,administrator
456,132,4,881174336,M,1,31,programmer
727,1159,5,888103552,M,1,29,administrator
779,529,4,878710144,M,1,20,other
753,689,2,875382336,M,1,7,educator
281,132,2,874724864,M,1,70,engineer
1,38,4,888908992,M,1,26,educator
208,1233,3,891044416,M,1,40,artist
545,1095,2,886397824,M,1,7,administrator
897,791,2,889114240,F,1,42,programmer
472,888,2,874724864,F,0,7,artist
267,382,4,891468544,M,1,24,programmer
340,787,4,893279936,M,1,26,other
340,254,4,893279936,M,1,70,writer
748,1100,5,883948864,F,1,70,other
803,1161,4,881450624,F,1,70,librarian
335,110,3,893279936,M,1,23,programmer
597,695,4,893279936,M,1,7,doctor
292,475,4,893279936,M,1,7,writer
106,591,3,874724864,M,1,7,student
522,3,4,886272960,M,1,18,student
813,26,5,893279936,M,1,31,student
467,282,2,874724864,F,0,56,programmer
340,824,4,893279936,M,1,27,other
456,645,2,874724864,M,1,7,educator
823,1166,4,874724864,M,1,7,student
472,1130,2,878847232,F,0,70,librarian
664,895,2,874724864,F,1,7,other
510,1166,3,884046336,M,1,29,other
278,370,4,891022400,M,1,34,librarian
748,1166,5,874730304,F,1,7,educator
5,289,2,893279936,F,0,18,writer
510,820,4,891035776,M,1,10,student
435,174,3,893279936,M,1,32,student
844,591,3,885038016,M,1,42,administrator
619,518,3,893279936,M,1,31,other
922,787,2,893217664,F,0,39,student
221,1233,2,893279936,F,0,30,writer
435,151,5,877568960,M,1,45,technician
267,1265,2,874724864,F,0,30,healthcare
340,1080,4,874724864,M,1,25,programmer
456,591,2,874724864,M,1,7,student
221,1292,5,874724864,M,1,7,engineer
664,591,3,879304960,M,1,28,student
281,1607,5,880815808,F,1,30,artist
278,932,5,876041088,M,1,32,other
893,489,4,890073344,M,1,43,doctor
121,1467,4,874724864,M,1,22,technician
137,101,2,874724864,M,1,7,engineer
435,1429,3,893279936,M,1,70,marketing
748,791,4,888067712,M,1,33,educator
326,608,2,882547776,F,0,7,educator
844,774,3,878739136,M,1,22,student
5,1130,3,878228864,M,1,24,artist
522,174,4,887738304,M,1,7,student
62,1429,3,874724864,M,1,28,programmer
897,895,3,878988608,M,1,70,other
753,1233,3,874724864,M,1,7,student
925,819,2,884635904,F,1,26,educator
43,1165,5,886273152,M,1,46,other
664,14,5,875141312,M,1,17,student
370,413,2,880418368,F,1,7,librarian
221,828,2,874724864,F,1,70,other
340,124,4,879877504,M,1,7,healthcare
208,888,2,879992832,F,1,7,healthcare
472,1161,4,893279936,M,1,7,student
340,1100,5,879445568,M,1,20,programmer
803,895,2,893279936,F,0,62,librarian
221,859,4,891035840,M,1,7,educator
753,1161,4,878962560,M,1,22,educator
43,289,2,874950784,F,0,70,healthcare
435,101,4,881547328,M,1,7,student
80,1100,4,883253376,M,1,7,student
137,1166,2,880729920,F,0,70,librarian
513,1493,5,874724864,M,1,32,educator
890,99,4,893279936,M,1,44,educator
292,1059,2,893279936,M,1,42,writer
580,1591,4,893279936,F,1,70,writer
297,728,4,879220672,F,1,7,librarian
808,1166,3,878955648,M,1,25,educator
677,805,4,881959680,M,1,56,administrator
664,281,5,893279936,M,1,28,engineer
281,174,3,893279936,M,1,7,student
467,1136,2,880453376,M,1,31,healthcare
375,1288,4,889124736,M,1,70,programmer
779,122,2,891455552,F,1,18,other
551,645,3,880395456,M,1,7,programmer
551,912,4,875317568,F,1,26,student
46,590,4,893279936,F,1,25,educator
137,365,2,882386176,F,1,17,administrator
666,1233,2,887356416,F,0,20,administrator
226,806,4,893279936,M,1,7,other
312,1233,4,891282880,M,1,30,technician
435,806,4,879456064,M,1,46,artist
777,1292,2,893279936,M,1,30,administrator
91,1429,2,879034880,M,1,7,artist
65,101,2,883873792,M,1,70,artist
166,1669,3,889721728,M,1,7,administrator
232,992,3,874724864,M,1,7,student
472,3,5,878201280,M,1,25,student
300,479,3,874724864,M,1,50,programmer
823,132,3,874724864,F,1,7,administrator
80,853,2,874724864,F,0,33,librarian
748,604,4,886309824,M,1,7,healthcare
456,69,1,874724864,M,1,7,other
510,1233,2,879444096,F,0,42,educator
65,653,5,874724864,M,1,37,healthcare
480,780,4,875980096,M,1,36,engineer
435,174,5,884064128,M,1,26,student
893,1165,2,884122240,M,1,70,student
166,289,4,874724864,M,1,7,executive
472,1186,3,877115008,F,1,70,student
221,888,2,874724864,F,0,70,librarian
46,1281,4,874724864,M,1,30,administrator
340,1029,2,882349504,M,1,20,librarian
232,591,5,880182592,M,1,27,other
65,132,4,893279936,M,1,39,educator
779,787,3,892478272,M,1,23,other
91,982,2,876009152,M,1,7,student
65,1042,3,893279936,M,1,32,administrator
278,937,5,877964096,M,1,7,student
651,1138,5,874724864,F,1,70,educator
65,1161,4,891615104,M,1,42,educator
80,1080,3,887741824,M,1,26,programmer
472,984,2,883327104,F,0,7,student
844,787,2,883531584,M,1,7,student
312,281,2,874724864,M,1,7,student
87,174,2,876053312,F,1,33,student
513,1233,3,887043712,M,1,7,student
221,265,2,875660416,M,1,41,programmer
472,645,5,880352192,M,1,21,student
80,1130,4,880131840,M,1,28,student
890,281,5,874786176,M,1,70,administrator
326,1518,2,874724864,M,1,7,educator
467,289,3,884294464,F,1,70,engineer
522,116,4,893279936,M,1,7,other
370,1161,4,874724864,M,1,7,student
1,187,5,879517760,M,1,26,engineer
312,46,4,893279936,M,1,25,entertainment
813,1100,4,874724864,M,1,52,executive
779,1456,2,881105536,M,0,35,other
43,728,5,893279936,M,1,40,librarian
753,166,3,893279936,M,1,70,programmer
115,1165,3,874724864,F,1,7,student
221,174,5,875743744,M,1,7,student
72,791,5,879438784,M,1,43,educator
221,101,2,879466368,F,0,70,other
817,93,4,877768512,M,1,7,student
779,1142,2,893279936,F,0,39,healthcare
823,151,5,893279936,M,1,32,engineer
91,813,4,891693440,M,1,22,other
278,1292,5,877114432,M,1,7,student
510,591,4,874724864,M,1,23,programmer
456,486,4,886031808,M,1,18,administrator
897,1292,5,889655616,M,1,7,student
545,101,4,889124160,M,1,29,student
267,791,2,874724864,F,0,7,doctor
49,64,5,893279936,M,1,23,writer
753,562,2,874724864,F,0,27,educator
472,1607,4,893279936,M,1,50,educator
513,1456,3,886484160,M,1,21,student
281,182,4,879438976,M,1,23,student
312,479,2,891309632,F,1,42,writer
340,132,4,879725504,M,1,30,administrator
813,249,5,878951680,M,1,52,programmer
340,26,5,883950016,M,1,18,librarian
801,608,2,893279936,F,0,70,librarian
178,1161,2,874724864,F,0,7,student
753,1161,3,882826944,M,1,23,student
312,1136,3,879447424,M,1,27,student
472,932,5,893279936,M,1,70,doctor
789,805,4,892334528,M,1,70,programmer
267,1386,2,884130496,M,1,27,student
753,916,4,885687488,M,1,70,other
5,728,2,876535680,M,1,39,educator
368,571,3,893279936,M,1,70,educator
221,1136,4,891372032,M,1,7,student
803,1518,4,881097152,M,1,20,healthcare
880,1113,2,875951552,F,1,70,student
375,791,4,893279936,M,1,28,healthcare
312,289,3,888798080,M,1,31,other
137,787,4,880216384,M,1,23,other
467,1033,3,878881344,M,1,24,educator
1,174,3,890860224,M,1,70,educator
340,634,4,874724864,M,1,7,student
472,252,2,880869248,F,0,70,other
340,1265,3,874724864,F,0,26,student
232,1161,4,891044480,M,1,7,student
221,1100,5,880124992,F,1,52,writer
472,791,2,879418688,F,0,70,other
753,828,4,879520064,M,1,7,student
522,912,3,879364608,F,1,30,writer
329,69,2,874724864,F,0,39,librarian
545,813,4,893279936,M,1,26,lawyer
753,101,2,874724864,F,0,24,librarian
472,119,5,893279936,M,1,61,educator
522,179,2,888639872,F,1,22,educator
753,828,3,893279936,M,1,27,librarian
312,289,4,874724864,F,1,35,administrator
429,1166,3,893279936,F,1,18,other
267,1037,3,884365568,M,1,23,librarian
522,1161,3,879990784,M,1,7,healthcare
267,656,4,891448960,M,1,45,educator
522,787,5,879580288,M,1,40,administrator
472,401,2,893279936,F,0,70,other
326,1013,2,883518272,M,1,35,administrator
619,101,4,874724864,M,1,7,other
664,254,4,876797888,M,1,7,student
925,691,4,891876480,M,1,28,student
43,1033,3,889125888,M,1,7,technician
267,608,4,874724864,F,1,7,librarian
429,117,2,893279936,M,1,39,artist
221,1238,2,884642176,F,0,7,student
472,890,2,880845056,F,0,20,healthcare
545,1161,3,884294656,M,1,70,other
46,634,4,874724864,M,1,22,engineer
456,1238,2,879469632,F,1,70,educator
813,365,4,893279936,F,0,7,librarian
576,591,3,893279936,M,1,18,educator
559,992,4,875811328,M,1,27,librarian
340,3,4,893279936,M,1,43,lawyer
748,132,3,883327040,M,1,7,student
221,1041,4,881960192,F,1,7,student
232,319,3,891014336,M,1,70,other
221,728,3,874724864,M,1,7,student
259,608,2,884140992,F,1,37,engineer
221,101,2,883697664,F,0,26,programmer
43,1469,3,879714496,M,1,28,programmer
137,1292,3,891536640,M,1,18,educator
604,787,5,879444864,F,1,27,none
312,1292,2,875726784,F,0,70,librarian
221,1042,2,891170624,F,1,70,healthcare
49,1238,2,884468160,M,1,70,other
292,618,3,879876096,M,1,27,artist
263,69,2,891032512,F,1,7,doctor
748,239,4,880122816,M,1,70,other
5,859,4,893279936,M,1,49,programmer
312,101,4,883680064,M,1,35,other
221,182,5,874724864,M,1,24,artist
472,634,5,879570368,F,1,70,writer
281,364,4,874724864,M,1,70,engineer
813,577,4,881171456,M,1,27,educator
375,1292,3,883354752,M,1,7,student
522,311,2,891548928,F,0,26,executive
312,174,5,891034624,M,1,70,lawyer
519,895,3,879547200,M,1,26,student
664,805,4,893279936,M,1,70,programmer
49,289,2,879362368,F,0,27,librarian
340,132,5,874724864,M,1,27,artist
340,590,4,887742912,F,0,7,educator
340,895,5,888067776,M,1,70,educator
513,763,4,878919808,M,1,70,student
753,656,4,875801728,F,1,35,artist
176,1119,3,882674368,M,1,7,librarian
619,736,4,893279936,M,1,25,student
208,676,5,893279936,M,1,50,librarian
890,645,5,891499392,M,1,7,other
232,791,3,893279936,M,1,27,administrator
208,791,4,887049856,M,1,41,student
46,296,4,883348480,M,1,22,engineer
522,1292,5,893279936,M,1,7,administrator
278,1165,5,893279936,M,1,70,other
267,591,5,891932416,M,1,27,other
221,101,3,893279936,M,1,70,technician
435,289,2,879681536,F,1,33,healthcare
281,1292,3,889652224,M,1,70,educator
65,791,2,884496640,F,1,70,artist
221,1136,3,879147776,M,1,70,other
340,124,2,874724864,F,0,70,administrator
922,1161,2,879987840,M,1,70,educator
735,728,5,893279936,M,1,23,programmer
664,214,5,893279936,M,1,21,entertainment
801,174,5,893279936,M,1,43,retired
312,214,4,874724864,F,0,70,programmer
472,645,4,874724864,M,1,70,artist
472,249,4,893279936,M,1,70,doctor
510,1136,2,874724864,F,0,27,student
734,591,5,878976256,M,1,36,student
72,479,2,874724864,F,1,7,other
226,895,3,877572480,M,1,70,librarian
753,1233,2,879443648,F,0,25,librarian
756,555,2,874724864,F,1,70,healthcare
370,259,5,891208128,M,1,70,educator
137,1233,4,881958272,M,1,36,librarian
748,174,2,891351488,F,1,36,entertainment
166,1429,5,893279936,F,1,24,artist
664,321,4,888104128,M,1,7,educator
522,702,2,893279936,F,0,28,healthcare
137,1161,5,877902400,F,1,7,librarian
281,212,4,883711936,M,1,26,librarian
456,522,2,893279936,F,0,39,doctor
43,1136,5,893279936,M,1,7,student
221,1161,5,874724864,M,1,43,artist
522,1456,3,893279936,M,1,7,student
893,1166,2,888640064,F,0,25,administrator
753,912,4,893279936,M,1,70,doctor
522,1292,5,874724864,M,1,70,writer
65,936,5,891015232,M,1,16,other
748,383,2,893279936,M,1,70,artist
495,728,4,891638848,M,1,26,administrator
753,1161,3,884882496,M,1,7,student
435,38,5,880074688,M,1,70,student
513,1281,4,879445888,M,1,42,artist
221,1056,4,874724864,M,1,30,student
435,787,5,880583424,M,1,70,educator
375,1234,3,878757440,M,1,36,educator
178,1108,2,874724864,F,1,33,student
435,1130,3,886610496,M,1,22,other
522,1130,2,888639872,M,1,7,healthcare
87,380,5,874724864,F,0,36,programmer
510,1080,3,891354048,M,1,7,administrator
43,1130,5,881652352,M,1,52,technician
178,736,4,893279936,M,1,7,executive
537,174,2,874724864,M,1,7,administrator
281,1233,5,888539904,M,1,30,student
178,1042,1,891171136,M,1,33,educator
753,1233,2,892335360,F,1,18,student
267,1161,3,884496128,M,1,70,educator
937,446,5,893279936,M,1,7,educator
43,591,2,877133120,M,1,7,student
43,132,5,893279936,M,1,50,writer
340,728,3,879870336,M,1,7,healthcare
370,23,3,893279936,M,1,7,programmer
5,774,4,875747840,F,1,70,administrator
43,1136,2,893279936,F,0,30,librarian
72,240,3,893279936,M,1,70,programmer
785,479,2,892836416,F,0,7,executive
435,1130,5,884159168,M,1,26,executive
370,250,2,877732032,F,0,45,other
435,486,2,884024640,F,0,56,other
890,1166,2,874724864,F,0,41,educator
383,174,3,891299200,M,1,17,librarian
480,1100,4,878733184,M,1,70,none
753,1130,2,893279936,F,0,70,artist
519,1456,5,884132480,M,1,45,other
281,1165,3,893279936,M,1,7,other
748,174,5,891352896,M,1,7,student
72,490,2,882595328,F,1,23,programmer
844,791,4,885679616,F,1,7,student
748,195,3,874724864,M,1,7,artist
221,828,4,879637440,F,1,70,educator
395,174,3,874724864,M,1,7,other
510,562,3,874724864,M,1,27,other
545,1429,3,889738496,M,1,33,administrator
870,365,3,891034688,M,1,70,other
370,1189,3,881060928,M,1,35,artist
278,696,4,874724864,M,1,23,doctor
753,787,3,893279936,M,1,44,other
472,1182,2,874724864,F,0,7,student
906,1166,4,874724864,M,1,28,artist
559,1290,2,875386496,F,1,70,administrator
106,1161,3,891467072,F,1,70,librarian
435,791,4,889733184,M,1,22,student
753,132,4,879876864,M,1,70,other
545,982,3,888066688,M,1,7,student
553,483,3,883374080,M,1,7,student
221,895,4,893279936,M,1,21,other
753,174,4,874724864,M,1,7,programmer
465,890,5,893279936,M,1,26,artist
267,311,2,888637312,F,0,70,librarian
312,608,5,879298304,F,1,7,entertainment
178,767,5,879543232,F,1,7,artist
232,787,5,893279936,M,1,24,other
779,1100,4,888637248,M,1,70,other
5,774,5,891353024,F,0,7,administrator
813,132,2,874724864,F,0,7,student
666,767,5,874724864,M,1,25,writer
495,101,4,891384000,M,1,7,student
880,151,2,874724864,M,1,7,student
46,1037,5,893279936,M,1,30,artist
522,132,5,874724864,F,1,70,technician
178,289,5,885062784,M,1,22,other
43,1008,5,891207936,M,1,70,administrator
137,174,5,874724864,M,1,31,educator
72,787,2,874724864,F,0,70,healthcare
80,1100,2,879305216,F,0,70,artist
115,930,3,893279936,M,1,70,other
472,1165,3,874724864,M,1,7,artist
880,124,3,874724864,F,1,17,educator
232,656,2,874724864,F,0,7,administrator
922,101,5,893279936,M,1,70,programmer
221,1062,2,888068544,M,1,18,administrator
46,895,5,874724864,F,1,54,programmer
72,404,3,889293184,M,1,46,other
292,107,5,893279936,M,1,7,student
221,1429,2,874724864,F,0,7,artist
267,1456,2,893279936,M,0,27,administrator
510,828,2,875722176,F,0,70,educator
656,239,4,880577792,M,1,7,lawyer
46,562,5,893279936,M,1,7,writer
748,1166,5,875345280,M,1,27,administrator
135,1100,2,874724864,F,1,7,student
435,486,4,893279936,M,1,70,engineer
779,1233,4,886323776,F,1,39,other
43,791,4,888636096,M,1,7,engineer
370,132,4,874724864,M,1,39,artist
753,1033,4,879151488,M,1,70,administrator
753,1233,2,879875136,M,0,25,student
232,1008,2,893279936,F,1,7,entertainment
340,1292,4,893279936,F,1,42,programmer
110,1469,5,881105536,M,1,26,programmer
1,101,5,877534592,M,1,35,educator
519,1415,2,893279936,F,0,7,educator
844,1456,2,874724864,F,1,7,other
84,1161,5,885810688,M,1,23,student
467,828,3,882955840,M,1,18,student
178,132,2,874724864,F,0,28,librarian
664,174,4,884540992,M,1,7,student
208,1136,3,874724864,M,1,48,educator
472,93,5,890993088,M,1,34,other
748,379,4,877542016,F,1,7,healthcare
813,702,3,885679296,M,1,25,student
368,774,2,881104704,M,1,42,librarian
606,608,2,891440128,F,1,27,artist
513,1136,2,891698240,F,0,30,librarian
472,691,2,874724864,F,0,70,librarian
43,101,3,893279936,M,1,40,educator
925,1456,4,893279936,M,1,7,executive
1,895,3,882919040,M,1,70,educator
46,3,2,874724864,F,0,42,healthcare
267,800,4,893279936,M,1,70,librarian
897,526,3,885690816,M,1,18,other
1,828,2,884642112,F,0,22,administrator
15,758,3,882607552,M,1,18,programmer
880,1033,3,874724864,M,1,7,student
451,932,5,875839104,M,1,50,other
545,1100,2,880572416,F,0,70,educator
467,132,5,886479680,M,1,45,doctor
522,828,3,877108608,M,1,52,executive
312,892,2,882827456,F,1,20,artist
813,1233,3,879560192,M,1,31,engineer
91,1407,2,882385408,F,0,70,artist
890,1607,4,874724864,M,1,7,other
519,982,3,874724864,M,1,42,educator
46,174,2,874785024,M,1,7,writer
326,645,2,874724864,F,0,21,healthcare
267,787,5,874724864,M,1,70,entertainment
326,132,4,893279936,M,1,37,administrator
370,1034,1,875288512,M,1,7,student
106,1033,5,883867008,M,1,7,administrator
221,289,5,875038784,M,1,46,programmer
20,174,2,893279936,F,0,7,librarian
312,124,2,893279936,M,1,70,student
221,1130,3,880969408,M,1,7,student
312,3,3,881177792,F,1,7,librarian
823,132,3,880353856,M,1,7,technician
370,69,2,893279936,F,1,50,writer
803,341,4,893279936,M,1,42,student
844,1008,4,877973696,F,1,7,student
232,1505,4,874724864,M,1,7,entertainment
267,174,2,874724864,M,1,7,student
340,1161,5,893279936,M,1,7,technician
65,1429,4,884494400,M,1,20,other
748,124,2,874724864,F,0,39,other
510,828,2,874724864,F,1,31,executive
340,701,4,885858688,M,1,7,administrator
87,1033,4,885156736,M,1,18,other
519,214,2,874724864,M,1,20,healthcare
340,69,3,891192256,M,1,18,student
844,289,3,893279936,M,1,27,administrator
292,1042,4,889655360,M,1,7,engineer
234,3,5,879183872,M,1,27,healthcare
890,522,4,893279936,M,1,38,programmer
281,1233,5,884637056,M,1,33,other
221,572,5,880063872,M,1,31,artist
619,1062,4,888639104,M,1,7,other
753,38,4,893279936,M,1,29,educator
510,1166,2,874724864,F,1,31,student
221,174,2,893279936,F,0,70,student
844,1429,2,879465536,M,1,26,programmer
753,859,5,888539968,M,1,27,educator
664,1518,3,888479616,M,1,7,writer
748,787,2,875314816,M,1,21,programmer
551,474,2,874724864,F,0,46,student
890,895,3,893279936,M,1,44,artist
472,888,3,892944320,F,1,31,healthcare
221,1161,2,891181376,F,1,23,artist
221,1016,4,893279936,M,1,70,educator
370,479,2,874724864,F,1,7,healthcare
844,971,5,878868928,M,1,70,marketing
614,781,4,879454912,M,1,18,programmer
65,1130,3,879826112,M,1,70,educator
844,1038,4,881105024,F,1,7,healthcare
656,925,3,889178944,M,1,24,artist
267,174,4,893279936,M,1,7,healthcare
559,1281,2,874724864,F,1,70,administrator
340,56,5,893279936,M,1,39,other
748,1042,4,884788224,M,1,29,healthcare
24,1518,2,891037248,F,1,18,programmer
221,634,3,891103168,M,1,22,doctor
340,691,4,880948288,M,1,36,librarian
65,823,4,891201600,F,1,7,artist
890,151,2,885808000,M,1,70,other
813,1126,3,879501888,F,1,7,healthcare
467,479,3,892871104,M,1,27,educator
8,1166,2,874724864,F,1,25,writer
753,1233,3,893279936,M,1,20,entertainment
753,936,5,887741632,M,1,27,doctor
208,49,4,874724864,M,1,7,healthcare
844,151,3,891479232,M,1,22,student
890,884,4,893279936,M,1,7,student
65,281,3,893279936,M,1,7,programmer
522,281,2,879520832,F,1,7,technician
319,1166,2,893279936,F,0,26,educator
510,132,3,874724864,M,1,32,administrator
435,99,4,874724864,M,1,7,student
106,760,3,893279936,M,1,70,programmer
522,174,5,892079296,M,1,7,student
435,1182,4,874724864,M,1,30,student
423,702,3,874724864,M,1,7,other
495,1100,5,884294464,M,1,7,student
329,702,5,893279936,M,1,70,educator
267,537,3,891228096,M,1,35,other
145,912,4,885585024,M,1,36,programmer
495,101,4,893279936,M,1,44,other
49,656,4,874724864,M,1,70,writer
267,1238,2,879303360,F,0,70,librarian
472,22,2,885753664,F,1,70,librarian
522,691,2,874724864,F,0,31,healthcare
87,884,3,893279936,M,1,25,artist
87,198,4,893279936,M,1,24,student
890,1161,5,879466880,M,1,70,artist
292,1037,4,875729216,M,1,33,librarian
106,1161,2,874839744,F,1,35,educator
456,1042,2,879557056,M,0,24,librarian
281,683,5,893279936,M,1,38,programmer
495,1292,3,885047936,F,1,7,administrator
137,1119,2,893279936,F,0,42,librarian
467,563,4,874724864,M,1,7,doctor
435,281,4,893279936,M,1,39,other
844,308,4,893279936,M,1,24,lawyer
281,1429,4,874724864,M,1,70,other
5,895,3,879442560,M,1,7,doctor
844,1161,5,884123520,M,1,70,educator
178,1100,3,878739456,F,1,70,student
49,254,3,887159424,M,1,70,engineer
137,1607,5,880150272,M,1,7,student
221,1292,2,893279936,F,0,70,librarian
916,1233,4,879438784,M,1,7,student
110,174,4,885682368,M,1,20,technician
659,240,3,878182592,M,1,26,educator
472,691,4,874724864,M,1,7,other
753,101,2,893279936,M,1,7,administrator
101,251,4,893279936,M,1,53,executive
750,440,2,875462720,M,1,7,engineer
844,828,4,891036416,F,1,70,artist
153,1268,4,876859200,M,1,7,programmer
828,281,3,891549888,F,1,30,engineer
753,1230,4,883323008,M,1,30,educator
890,1238,5,891041664,M,1,22,educator
510,47,2,887065536,F,1,70,educator
522,1238,5,883649216,M,1,23,educator
522,282,5,879367552,M,1,42,artist
753,707,5,883948864,M,1,7,student
522,736,5,889178752,M,1,30,other
1,895,5,893214208,M,1,41,educator
1,767,3,884125312,M,1,31,student
724,1100,4,874724864,M,1,7,student
803,828,4,881171200,F,1,33,student
475,591,3,879552960,M,1,38,student
522,1147,3,893279936,M,1,27,librarian
580,787,3,887236800,M,1,21,writer
753,695,4,885943680,M,1,70,writer
495,813,2,880404928,F,0,7,artist
580,214,3,886028800,M,1,36,entertainment
375,1518,3,893279936,M,1,33,doctor
412,888,4,874724864,M,1,7,administrator
472,1166,5,874724864,M,1,32,none
472,813,3,893279936,M,1,7,educator
748,174,4,884164800,M,1,70,educator
213,1100,3,884742656,M,1,26,administrator
176,132,4,880152448,M,1,7,educator
569,608,5,874724864,F,1,70,programmer
385,888,3,884066048,F,1,7,educator
221,1238,5,879529984,M,1,7,student
748,132,5,893279936,F,1,70,other
897,895,4,893279936,M,1,70,programmer
178,174,4,874724864,M,1,25,student
753,645,4,893279936,M,1,35,librarian
456,174,4,874724864,M,1,32,executive
472,361,2,884129728,F,0,70,healthcare
510,615,3,891439104,F,0,24,student
919,92,3,885046784,M,1,26,educator
522,1268,4,874724864,M,1,7,programmer
522,1469,2,889043712,F,1,23,educator
456,1518,5,883364416,F,1,7,artist
456,174,5,885158016,M,1,52,doctor
522,1265,5,886448640,M,1,35,doctor
326,54,2,879876800,F,1,70,healthcare
143,884,5,880313600,M,1,56,other
551,791,5,893279936,M,1,7,executive
540,760,2,882955712,F,1,18,librarian
178,289,5,893279936,M,1,70,educator
475,479,4,893279936,M,1,7,other
753,983,4,874724864,M,1,7,other
753,767,3,874724864,F,1,46,other
756,634,2,881955904,F,1,31,other
435,341,4,874724864,M,1,35,artist
510,110,1,883948736,F,0,70,writer
43,174,3,878438400,M,1,70,educator
467,1429,4,874724864,M,1,22,other
779,93,3,874724864,F,1,52,educator
510,1189,4,876534464,F,1,70,lawyer
113,117,3,893279936,M,1,7,lawyer
510,1145,5,891033728,F,1,26,librarian
292,101,5,882622016,M,1,7,educator
844,479,5,882343040,M,1,23,programmer
65,645,3,881976960,M,1,28,programmer
392,552,2,888887744,F,0,7,other
232,67,5,874787136,M,1,52,healthcare
844,1126,5,874724864,M,1,70,administrator
844,124,2,893279936,F,1,38,artist
423,751,4,893279936,M,1,7,student
312,1062,5,891034176,M,1,29,writer
208,1292,4,893279936,M,1,15,writer
619,101,2,876696000,F,1,70,librarian
748,1119,4,875073024,M,1,70,educator
519,1404,5,893279936,M,1,7,student
559,1234,5,893279936,F,1,70,educator
329,1429,3,888905088,M,1,70,educator
208,1161,5,893279936,M,1,42,engineer
748,1646,2,880159552,F,1,30,student
208,240,2,891032128,M,1,7,marketing
513,281,5,888804480,M,1,70,educator
495,101,4,893279936,M,1,7,educator
326,284,1,884305024,F,1,70,entertainment
221,1033,4,888066688,M,1,18,writer
456,695,3,882179328,M,1,70,student
472,728,2,874724864,F,0,18,artist
312,787,3,874724864,M,1,20,student
267,1159,5,889075328,F,1,28,educator
423,1130,4,874724864,M,1,70,other
281,1292,4,883352512,M,1,7,programmer
221,1083,5,875729728,M,1,10,student
844,1456,2,874724864,F,0,31,educator
312,1136,2,874724864,F,0,24,other
208,781,2,874724864,F,1,7,student
779,1119,2,875314048,F,0,30,librarian
178,751,3,878951872,M,1,42,technician
522,968,2,888626432,F,0,70,doctor
435,912,3,889398720,M,1,7,student
753,1456,3,893279936,M,1,7,other
844,254,3,874724864,M,1,37,educator
753,828,5,893279936,M,1,46,educator
456,828,5,891812224,M,1,70,lawyer
522,1166,2,880243008,F,0,70,healthcare
442,174,2,885482304,F,0,32,educator
1,634,2,878917632,F,0,7,librarian
844,389,3,893279936,M,1,48,educator
340,446,2,893279936,F,1,7,healthcare
221,691,2,874724864,F,1,35,librarian
267,1130,4,878849664,M,1,31,programmer
897,69,4,893218688,M,1,22,entertainment
312,124,2,893279936,F,0,38,artist
435,1033,4,878955648,M,1,7,student
292,728,2,875039040,F,1,7,student
221,828,3,874724864,M,1,23,retired
267,1136,2,874724864,F,0,70,librarian
753,479,4,891249664,M,1,7,student
43,479,3,889496320,M,1,23,student
472,888,4,879193280,M,1,29,other
779,921,3,882384832,F,1,70,educator
748,85,4,883224512,M,1,18,lawyer
46,1591,4,874724864,M,1,70,educator
569,289,4,874724864,M,1,70,lawyer
472,982,3,893084096,M,1,17,educator
208,912,2,885046080,F,0,27,healthcare
472,760,4,893279936,M,1,30,marketing
267,1370,5,879310720,M,1,52,healthcare
522,936,4,893279936,M,1,70,executive
783,1265,2,884293120,M,0,70,other
748,1016,5,885871936,M,1,7,student
292,1467,4,875548736,M,1,23,other
1,1083,5,874724864,M,1,22,engineer
456,1165,3,891203776,M,1,70,educator
12,1238,5,893279936,M,1,45,technician
522,281,2,891034240,M,0,70,executive
510,1511,3,877726720,F,1,70,other
278,774,3,885768128,M,1,23,technician
267,608,5,884323392,F,1,7,student
472,1335,2,874724864,F,1,70,healthcare
846,26,5,882825088,M,0,7,artist
232,3,2,879434880,M,1,22,writer
803,1182,1,893279936,M,1,22,other
545,884,5,885691968,M,1,7,engineer
456,1233,4,879640128,F,1,7,salesman
340,1161,4,893279936,M,1,70,executive
80,132,2,893279936,F,0,70,healthcare
1,1182,2,890742656,F,1,24,other
522,656,4,874724864,M,1,7,student
5,634,5,893279936,M,1,28,librarian
753,728,4,884111488,F,1,22,student
326,828,5,891297600,F,1,35,doctor
221,281,3,891720448,M,1,7,student
435,575,2,888405312,M,1,33,doctor
221,184,4,879468160,F,1,70,programmer
423,751,2,874724864,F,1,21,educator
176,1292,2,893279936,M,1,7,student
522,1114,3,893279936,M,1,7,student
340,787,2,877975424,F,1,23,student
748,174,3,886030656,M,1,7,marketing
522,455,5,874724864,M,1,7,student
846,728,2,886397440,F,1,7,other
656,110,5,874724864,M,1,7,student
545,591,5,875966336,M,1,7,doctor
340,153,3,874724864,F,1,70,other
764,828,2,874724864,F,0,70,artist
221,1182,3,887909632,M,1,70,educator
304,1166,4,875735424,M,1,18,lawyer
304,1429,3,881442816,M,1,7,educator
472,440,4,893279936,M,1,48,lawyer
779,158,5,874724864,M,1,25,entertainment
91,731,2,874873664,M,1,70,healthcare
789,791,2,874724864,F,0,36,artist
890,1119,3,893279936,M,1,31,administrator
893,1429,4,874724864,M,1,37,educator
312,151,3,885876288,M,1,46,student
435,1281,4,893279936,M,1,70,doctor
748,1285,4,893279936,M,1,21,administrator
576,591,5,879861760,M,1,24,artist
537,656,2,879636224,M,1,7,artist
234,319,4,893279936,M,1,7,entertainment
435,174,5,880557504,M,1,27,programmer
522,1033,5,883751488,M,1,38,writer
46,383,3,876690176,F,1,7,student
472,1165,2,874724864,F,0,7,librarian
340,1429,2,874724864,F,0,20,programmer
304,591,4,874724864,M,1,7,student
753,982,4,884635072,F,1,28,educator
748,1429,3,893279936,M,1,45,engineer
221,240,4,874724864,M,1,18,programmer
472,1166,2,874724864,F,0,70,healthcare
435,774,5,880334080,M,1,7,student
619,282,2,874724864,F,0,45,student
221,895,5,884495360,F,1,70,educator
221,1456,3,893279936,F,1,70,healthcare
208,1080,5,893279936,M,1,24,other
779,1467,4,880132096,F,1,22,administrator
564,591,3,893279936,M,1,70,executive
724,249,2,891958912,M,1,36,educator
221,1076,4,875038784,M,1,70,programmer
80,289,3,875307968,M,1,70,educator
472,1281,2,892685440,F,0,70,librarian
340,174,3,883948736,M,1,7,student
312,1429,4,878962112,F,1,22,artist
748,1518,2,874830016,M,1,17,librarian
813,522,5,891370944,M,1,70,technician
