user_id,item_id,rating,timestamp,gender,gender_binary,age,occupation
537.0,710.0,3.0,886030707.0,M,1.0,33.0,engineer
187.0,877.0,4.0,879877155.0,M,1.0,38.0,administrator
823.0,473.0,4.0,878438825.0,M,1.0,23.0,technician
344.0,628.0,3.0,891263642.0,F,0.0,30.0,librarian
215.0,728.0,3.0,891037777.0,M,1.0,32.0,programmer
293.0,676.0,3.0,888906119.0,M,1.0,23.0,writer
397.0,1110.0,5.0,878850648.0,M,1.0,17.0,homemaker
788.0,908.0,5.0,879875254.0,M,1.0,42.0,administrator
788.0,476.0,5.0,880915845.0,M,1.0,27.0,student
192.0,582.0,5.0,879461411.0,M,1.0,38.0,educator
244.0,50.0,4.0,880583594.0,M,1.0,27.0,technician
270.0,466.0,2.0,883875320.0,M,1.0,18.0,student
883.0,1035.0,2.0,891628731.0,F,0.0,43.0,librarian
807.0,658.0,3.0,880242260.0,F,0.0,41.0,healthcare
899.0,1285.0,5.0,882387278.0,M,1.0,30.0,other
194.0,1101.0,4.0,879846344.0,M,1.0,35.0,administrator
452.0,845.0,4.0,879147109.0,M,1.0,32.0,administrator
894.0,1224.0,2.0,880755052.0,M,1.0,42.0,homemaker
622.0,527.0,4.0,882360319.0,M,1.0,24.0,programmer
269.0,736.0,4.0,891204477.0,F,0.0,31.0,librarian
313.0,202.0,3.0,880182599.0,M,1.0,37.0,marketing
405.0,566.0,1.0,884132187.0,F,0.0,22.0,healthcare
345.0,632.0,4.0,8798148201.0,F,0.0,35.0,librarian
472.0,972.0,4.0,875562276.0,M,1.0,27.0,student
851.0,286.0,4.0,879949508.0,M,1.0,18.0,other
497.0,191.0,3.0,887911808.0,M,1.0,20.0,student
303.0,869.0,5.0,879572686.0,M,1.0,18.0,student
327.0,845.0,4.0,887745380.0,M,1.0,22.0,student
130.0,947.0,3.0,875270616.0,M,1.0,20.0,none
648.0,648.0,4.0,884636907.0,M,1.0,39.0,engineer
847.0,294.0,3.0,883953704.0,M,1.0,26.0,student
7.0,741.0,3.0,886031400.0,M,1.0,24.0,administrator
840.0,1047.0,5.0,892510243.0,M,1.0,35.0,artist
521.0,531.0,3.0,875297700.0,M,1.0,18.0,student
500.0,10.0,3.0,883876729.0,M,1.0,27.0,administrator
537.0,559.0,5.0,886030863.0,M,1.0,33.0,engineer
189.0,651.0,4.0,891264432.0,M,1.0,20.0,artist
381.0,924.0,5.0,893214332.0,M,1.0,21.0,artist
741.0,121.0,2.0,877109977.0,F,0.0,24.0,other
844.0,10.0,5.0,875502933.0,M,1.0,26.0,technician
636.0,9.0,4.0,880416104.0,M,1.0,35.0,engineer
354.0,7.0,3.0,891224933.0,F,0.0,29.0,librarian
624.0,508.0,4.0,882903613.0,M,1.0,18.0,student
178.0,294.0,3.0,880182251.0,M,1.0,25.0,other
458.0,597.0,4.0,884126075.0,M,1.0,42.0,technician
851.0,447.0,2.0,879440628.0,M,1.0,28.0,other
638.0,578.0,4.0,880078629.0,M,1.0,32.0,engineer
13.0,1059.0,3.0,891385859.0,M,1.0,42.0,educator
826.0,69.0,3.0,889651441.0,M,1.0,27.0,artist
264.0,731.0,3.0,879014825.0,F,0.0,26.0,writer
466.0,988.0,4.0,888180040.0,M,1.0,22.0,student
291.0,678.0,5.0,874830534.0,M,1.0,18.0,student
183.0,286.0,4.0,878961658.0,M,1.0,31.0,scientist
268.0,771.0,5.0,875652685.0,M,1.0,23.0,engineer
545.0,732.0,4.0,879022730.0,M,1.0,46.0,other
473.0,1217.0,5.0,880571832.0,M,1.0,23.0,student
56.0,709.0,4.0,879442239.0,M,1.0,24.0,librarian
151.0,1207.0,4.0,883865004.0,F,0.0,26.0,salesman
279.0,191.0,2.0,880343027.0,M,1.0,23.0,programmer
840.0,604.0,4.0,891447523.0,M,1.0,35.0,artist
897.0,1047.0,5.0,883864376.0,M,1.0,28.0,other
109.0,517.0,5.0,885807797.0,M,1.0,27.0,other
883.0,100.0,4.0,891548224.0,M,1.0,43.0,librarian
851.0,568.0,1.0,891038920.0,M,1.0,24.0,other
795.0,195.0,4.0,875334966.0,M,1.0,28.0,programmer
588.0,1061.0,1.0,888640317.0,M,1.0,17.0,writer
744.0,151.0,4.0,891656551.0,M,1.0,50.0,administrator
378.0,656.0,5.0,8802422.0,M,1.0,32.0,student
833.0,12.0,5.0,875045245.0,M,1.0,31.0,writer
380.0,749.0,4.0,884131405.0,M,1.0,30.0,engineer
788.0,462.0,3.0,878886989.0,F,0.0,50.0,administrator
887.0,1030.0,3.0,875656662.0,F,0.0,10.0,student
535.0,845.0,2.0,879572930.0,F,0.0,35.0,educator
928.0,652.0,4.0,887739863.0,M,1.0,21.0,other
426.0,476.0,3.0,879454971.0,M,1.0,48.0,educator
537.0,692.0,1.0,886031474.0,M,1.0,33.0,engineer
85.0,568.0,2.0,879459991.0,M,1.0,45.0,educator
293.0,581.0,4.0,888907955.0,M,1.0,23.0,writer
655.0,478.0,1.0,884366187.0,F,0.0,62.0,healthcare
301.0,471.0,1.0,881653787.0,M,1.0,23.0,student
682.0,959.0,3.0,892911290.0,M,1.0,24.0,programmer
360.0,514.0,3.0,880078797.0,M,1.0,45.0,other
648.0,584.0,2.0,886028706.0,M,1.0,39.0,engineer
13.0,692.0,4.0,879448749.0,M,1.0,42.0,educator
542.0,754.0,5.0,876034205.0,M,1.0,21.0,student
437.0,516.0,5.0,878693918.0,F,0.0,27.0,other
592.0,98.0,4.0,888737514.0,M,1.0,18.0,student
642.0,658.0,3.0,889654971.0,M,1.0,17.0,student
659.0,933.0,4.0,884461815.0,M,1.0,35.0,educator
796.0,715.0,4.0,882425819.0,M,1.0,32.0,writer
537.0,471.0,3.0,886030664.0,M,1.0,28.0,student
815.0,473.0,4.0,884477585.0,M,1.0,30.0,other
643.0,1101.0,4.0,884067222.0,M,1.0,35.0,scientist
435.0,10.0,4.0,875729667.0,M,1.0,23.0,engineer
651.0,449.0,4.0,876535995.0,M,1.0,24.0,programmer
534.0,544.0,4.0,877399805.0,M,1.0,20.0,student
642.0,515.0,4.0,885180947.0,F,0.0,22.0,healthcare
527.0,663.0,4.0,878855978.0,M,1.0,31.0,librarian
690.0,462.0,3.0,875318146.0,M,1.0,24.0,other
805.0,431.0,3.0,886177338.0,F,0.0,27.0,student
887.0,517.0,4.0,880180845.0,F,0.0,10.0,student
320.0,824.0,2.0,880579787.0,M,1.0,20.0,student
840.0,546.0,3.0,875965940.0,M,1.0,35.0,artist
59.0,288.0,4.0,880177154.0,M,1.0,43.0,other
210.0,740.0,4.0,879518715.0,M,1.0,35.0,engineer
222.0,526.0,4.0,878961816.0,M,1.0,27.0,student
401.0,238.0,1.0,882397974.0,F,0.0,46.0,healthcare
210.0,671.0,3.0,891351826.0,M,1.0,35.0,engineer
727.0,941.0,3.0,883710395.0,M,1.0,23.0,student
380.0,528.0,5.0,880391753.0,M,1.0,30.0,engineer
361.0,1029.0,3.0,886608878.0,M,1.0,20.0,student
318.0,988.0,3.0,884497431.0,M,1.0,70.0,retired
385.0,955.0,3.0,879454900.0,M,1.0,33.0,writer
256.0,886.0,5.0,879444440.0,F,0.0,26.0,none
381.0,755.0,3.0,893214332.0,M,1.0,31.0,artist
551.0,9.0,4.0,875272260.0,M,1.0,24.0,programmer
514.0,12.0,5.0,883874728.0,M,1.0,26.0,programmer
579.0,294.0,5.0,879876612.0,F,0.0,35.0,educator
458.0,484.0,3.0,891721317.0,M,1.0,42.0,technician
293.0,727.0,3.0,889289123.0,M,1.0,23.0,writer
345.0,795.0,4.0,879440112.0,F,0.0,32.0,librarian
85.0,708.0,3.0,879877165.0,M,1.0,45.0,administrator
862.0,645.0,4.0,880178244.0,M,1.0,24.0,executive
385.0,48.0,2.0,879448022.0,M,1.0,33.0,writer
64.0,931.0,3.0,879444851.0,M,1.0,30.0,educator
158.0,1017.0,5.0,882360873.0,M,1.0,44.0,educator
815.0,672.0,4.0,879561813.0,M,1.0,30.0,other
633.0,1.0,4.0,879439188.0,F,0.0,44.0,librarian
130.0,482.0,3.0,875271087.0,M,1.0,20.0,none
472.0,684.0,3.0,875653389.0,M,1.0,23.0,student
484.0,576.0,4.0,882426644.0,M,1.0,24.0,writer
393.0,742.0,2.0,879891298.0,M,1.0,18.0,homemaker
642.0,1014.0,3.0,879362290.0,F,0.0,17.0,student
896.0,676.0,4.0,875271785.0,F,0.0,39.0,writer
370.0,919.0,4.0,879446694.0,M,1.0,28.0,writer
627.0,15.0,1.0,886028544.0,M,1.0,23.0,engineer
716.0,581.0,5.0,879443562.0,F,0.0,50.0,administrator
837.0,286.0,4.0,880844420.0,M,1.0,36.0,other
13.0,528.0,4.0,881371586.0,M,1.0,42.0,educator
815.0,100.0,3.0,878962464.0,M,1.0,33.0,other
406.0,1110.0,5.0,879459459.0,M,1.0,46.0,educator
162.0,605.0,3.0,875654729.0,M,1.0,24.0,artist
429.0,595.0,5.0,888557797.0,M,1.0,26.0,student
293.0,627.0,4.0,880242260.0,M,1.0,23.0,writer
853.0,683.0,1.0,87524246530.0,M,1.0,27.0,executive
435.0,659.0,5.0,883108398.0,M,1.0,23.0,engineer
650.0,294.0,3.0,885848448.0,M,1.0,38.0,engineer
432.0,627.0,4.0,877130053.0,M,1.0,22.0,entertainment
943.0,748.0,5.0,888082467.0,M,1.0,22.0,student
488.0,1044.0,4.0,883529598.0,F,0.0,22.0,student
927.0,582.0,3.0,875962485.0,M,1.0,23.0,engineer
666.0,1142.0,5.0,879192662.0,M,1.0,39.0,administrator
727.0,496.0,4.0,888518582.0,M,1.0,24.0,student
795.0,568.0,3.0,882181185.0,M,1.0,28.0,programmer
896.0,1028.0,4.0,887160853.0,M,1.0,27.0,writer
184.0,9.0,1.0,884495001.0,M,1.0,34.0,librarian
393.0,687.0,3.0,879785866.0,M,1.0,23.0,student
727.0,1093.0,2.0,887066756.0,M,1.0,24.0,student
796.0,789.0,2.0,891498327.0,F,0.0,32.0,writer
454.0,12.0,4.0,879456247.0,M,1.0,50.0,other
751.0,447.0,3.0,883711575.0,F,0.0,24.0,other
7.0,832.0,3.0,877399180.0,M,1.0,22.0,student
435.0,989.0,3.0,884131781.0,M,1.0,23.0,engineer
49.0,8.0,4.0,885566106.0,M,1.0,23.0,student
542.0,496.0,4.0,880057137.0,F,0.0,53.0,healthcare
327.0,928.0,5.0,882385918.0,M,1.0,22.0,student
369.0,7.0,5.0,882074402.0,M,1.0,23.0,student
645.0,742.0,3.0,882385491.0,M,1.0,26.0,programmer
472.0,763.0,3.0,877546217.0,M,1.0,23.0,student
255.0,294.0,1.0,875963082.0,M,1.0,23.0,entertainment
483.0,969.0,3.0,886532950.0,M,1.0,18.0,artist
405.0,517.0,3.0,886480789.0,F,0.0,22.0,healthcare
885.0,12.0,3.0,889908694.0,F,0.0,27.0,librarian
291.0,761.0,4.0,874730665.0,M,1.0,18.0,student
181.0,527.0,4.0,878962622.0,M,1.0,25.0,educator
7.0,546.0,4.0,879561783.0,M,1.0,38.0,administrator
758.0,744.0,4.0,886483275.0,M,1.0,26.0,student
650.0,678.0,1.0,891352854.0,M,1.0,38.0,engineer
870.0,569.0,5.0,883601089.0,M,1.0,22.0,student
409.0,834.0,4.0,8779098.0,M,1.0,42.0,administrator
347.0,8.0,4.0,887731401.0,M,1.0,18.0,student
301.0,969.0,4.0,888068842.0,M,1.0,23.0,programmer
881.0,15.0,4.0,878850257.0,M,1.0,10.0,other
472.0,294.0,4.0,889654972.0,M,1.0,23.0,student
851.0,969.0,3.0,888104512.0,F,0.0,18.0,other
804.0,1.0,4.0,879443800.0,M,1.0,35.0,educator
623.0,549.0,5.0,880236028.0,M,1.0,26.0,student
487.0,678.0,4.0,879530177.0,M,1.0,40.0,educator
695.0,715.0,3.0,891031466.0,M,1.0,21.0,salesman
360.0,1028.0,3.0,880355383.0,M,1.0,45.0,other
907.0,863.0,3.0,878155553.0,M,1.0,25.0,other
796.0,1047.0,4.0,891250730.0,F,0.0,21.0,artist
606.0,657.0,4.0,885809266.0,M,1.0,27.0,programmer
455.0,684.0,5.0,881177349.0,M,1.0,42.0,administrator
190.0,121.0,2.0,879446228.0,M,1.0,28.0,administrator
843.0,1040.0,4.0,879445053.0,M,1.0,27.0,doctor
699.0,597.0,4.0,886396944.0,M,1.0,42.0,other
905.0,7.0,3.0,881170769.0,F,0.0,25.0,student
878.0,990.0,4.0,879876062.0,M,1.0,42.0,other
796.0,196.0,4.0,874730078.0,F,0.0,26.0,writer
815.0,874.0,4.0,884133880.0,M,1.0,30.0,other
472.0,276.0,3.0,883601365.0,M,1.0,23.0,student
244.0,988.0,5.0,880242947.0,M,1.0,27.0,technician
236.0,328.0,4.0,889399229.0,M,1.0,40.0,writer
332.0,328.0,5.0,879874953.0,M,1.0,20.0,student
943.0,936.0,2.0,880406962.0,M,1.0,27.0,student
6.0,751.0,4.0,879444496.0,M,1.0,38.0,executive
58.0,603.0,4.0,884124819.0,M,1.0,26.0,programmer
508.0,1047.0,4.0,878539925.0,M,1.0,27.0,programmer
666.0,974.0,4.0,880131511.0,M,1.0,39.0,administrator
151.0,524.0,4.0,891372258.0,F,0.0,38.0,administrator
862.0,741.0,3.0,880925199.0,M,1.0,24.0,executive
145.0,651.0,3.0,875272292.0,M,1.0,29.0,entertainment
551.0,523.0,2.0,891033805.0,F,0.0,43.0,other
532.0,831.0,4.0,879444413.0,M,1.0,20.0,student
537.0,748.0,4.0,882074947.0,M,1.0,33.0,engineer
327.0,934.0,2.0,886833227.0,M,1.0,22.0,student
553.0,942.0,5.0,891351121.0,M,1.0,34.0,librarian
749.0,874.0,4.0,891449375.0,M,1.0,31.0,librarian
896.0,833.0,3.0,887160794.0,M,1.0,30.0,writer
308.0,873.0,3.0,887737964.0,M,1.0,52.0,retired
194.0,496.0,5.0,883867460.0,M,1.0,35.0,administrator
704.0,509.0,3.0,891203309.0,F,0.0,51.0,librarian
201.0,174.0,5.0,884807826.0,M,1.0,26.0,writer
807.0,1210.0,3.0,887736937.0,F,0.0,41.0,healthcare
488.0,877.0,3.0,891371353.0,M,1.0,42.0,technician
445.0,1046.0,4.0,875982968.0,M,1.0,21.0,writer
899.0,181.0,4.0,875654858.0,M,1.0,29.0,other
924.0,9.0,3.0,880473535.0,M,1.0,26.0,student
508.0,762.0,4.0,891200041.0,M,1.0,26.0,marketing
865.0,515.0,5.0,877108398.0,M,1.0,24.0,artist
422.0,715.0,3.0,877399618.0,M,1.0,25.0,entertainment
896.0,476.0,5.0,887161199.0,M,1.0,27.0,writer
919.0,95.0,4.0,875297230.0,M,1.0,24.0,other
387.0,1084.0,4.0,883216432.0,M,1.0,31.0,entertainment
537.0,12.0,3.0,886030707.0,M,1.0,33.0,engineer
880.0,603.0,4.0,880174366.0,M,1.0,11.0,technician
682.0,657.0,4.0,875729667.0,M,1.0,23.0,programmer
455.0,566.0,3.0,879454963.0,M,1.0,42.0,administrator
532.0,521.0,2.0,882347854.0,M,1.0,20.0,student
49.0,663.0,3.0,884112487.0,F,0.0,28.0,student
406.0,684.0,4.0,884636408.0,M,1.0,46.0,educator
715.0,1132.0,1.0,876536900.0,M,1.0,21.0,student
468.0,692.0,3.0,880333446.0,M,1.0,27.0,engineer
655.0,864.0,4.0,883326273.0,F,0.0,50.0,healthcare
41.0,431.0,3.0,880078729.0,M,1.0,27.0,doctor
270.0,151.0,4.0,879453400.0,M,1.0,18.0,student
805.0,1132.0,1.0,877975344.0,M,1.0,27.0,other
709.0,1133.0,4.0,875271425.0,F,0.0,22.0,marketing
7.0,762.0,3.0,884304935.0,F,0.0,50.0,administrator
314.0,8.0,4.0,883598614.0,F,0.0,20.0,student
455.0,866.0,4.0,879192801.0,M,1.0,42.0,administrator
268.0,939.0,2.0,875744014.0,M,1.0,23.0,engineer
313.0,974.0,3.0,891198350.0,M,1.0,31.0,marketing
293.0,723.0,4.0,888180049.0,M,1.0,33.0,writer
592.0,567.0,3.0,877985573.0,M,1.0,18.0,student
301.0,748.0,4.0,879445904.0,M,1.0,23.0,student
130.0,763.0,3.0,881017535.0,F,0.0,20.0,none
703.0,5.0,3.0,879196230.0,M,1.0,35.0,educator
303.0,872.0,3.0,879793860.0,M,1.0,18.0,student
790.0,7.0,2.0,885690600.0,M,1.0,26.0,programmer
251.0,684.0,3.0,889496532.0,M,1.0,27.0,doctor
456.0,761.0,4.0,883949046.0,M,1.0,23.0,technician
647.0,656.0,3.0,879454932.0,M,1.0,42.0,educator
786.0,1344.0,3.0,882345164.0,M,1.0,22.0,engineer
712.0,495.0,4.0,877886919.0,M,1.0,32.0,salesman
130.0,1052.0,2.0,875655029.0,F,0.0,20.0,none
478.0,938.0,5.0,879867980.0,M,1.0,27.0,other
870.0,945.0,3.0,880402996.0,M,1.0,22.0,student
633.0,792.0,3.0,879447774.0,M,1.0,20.0,student
795.0,690.0,3.0,878961813.0,M,1.0,28.0,programmer
307.0,577.0,4.0,875289206.0,M,1.0,24.0,student
158.0,515.0,5.0,880141415.0,M,1.0,44.0,educator
392.0,738.0,4.0,891369889.0,M,1.0,32.0,writer
642.0,7.0,4.0,874787647.0,F,0.0,17.0,student
161.0,738.0,5.0,877907284.0,M,1.0,38.0,executive
727.0,7.0,5.0,882607798.0,M,1.0,22.0,executive
621.0,1204.0,3.0,8794306.0,F,0.0,17.0,student
693.0,675.0,1.0,875242967.0,F,0.0,48.0,healthcare
500.0,869.0,3.0,885045994.0,M,1.0,27.0,administrator
417.0,1028.0,3.0,879465026.0,F,0.0,27.0,other
642.0,515.0,4.0,875133724.0,M,1.0,17.0,student
8.0,431.0,4.0,879874790.0,F,0.0,33.0,executive
814.0,1041.0,5.0,879441251.0,M,1.0,27.0,other
823.0,679.0,3.0,878438179.0,M,1.0,26.0,librarian
862.0,939.0,5.0,888069138.0,M,1.0,24.0,executive
676.0,168.0,5.0,891201011.0,M,1.0,28.0,other
883.0,763.0,4.0,891567187.0,M,1.0,43.0,librarian
624.0,56.0,4.0,880395722.0,M,1.0,39.0,executive
23.0,496.0,4.0,883348111.0,M,1.0,30.0,artist
297.0,489.0,4.0,879988157.0,F,0.0,31.0,educator
896.0,875.0,4.0,888103971.0,F,0.0,27.0,other
764.0,693.0,5.0,879445904.0,M,1.0,56.0,educator
648.0,775.0,3.0,891384938.0,M,1.0,39.0,engineer
537.0,558.0,4.0,876539077.0,M,1.0,33.0,engineer
357.0,632.0,1.0,879434804.0,M,1.0,25.0,executive
886.0,707.0,2.0,882608873.0,M,1.0,20.0,student
846.0,966.0,3.0,877759473.0,M,1.0,26.0,lawyer
541.0,511.0,1.0,887735922.0,M,1.0,18.0,student
716.0,739.0,5.0,879304430.0,F,0.0,36.0,administrator
782.0,614.0,3.0,892839484.0,M,1.0,21.0,artist
12.0,969.0,4.0,883446971.0,M,1.0,30.0,other
13.0,1077.0,5.0,881288234.0,M,1.0,42.0,educator
293.0,507.0,4.0,880582789.0,M,1.0,23.0,writer
870.0,763.0,4.0,880575045.0,M,1.0,22.0,student
275.0,111.0,3.0,875731662.0,M,1.0,35.0,engineer
496.0,528.0,4.0,887744372.0,M,1.0,32.0,writer
567.0,544.0,5.0,882063955.0,M,1.0,23.0,entertainment
158.0,7.0,3.0,880124563.0,M,1.0,44.0,educator
870.0,863.0,2.0,888104053.0,M,1.0,20.0,student
201.0,12.0,3.0,884130707.0,M,1.0,26.0,writer
13.0,7.0,5.0,881957004.0,M,1.0,42.0,educator
58.0,168.0,4.0,884642958.0,M,1.0,26.0,programmer
724.0,300.0,4.0,885943729.0,F,0.0,29.0,administrator
207.0,654.0,3.0,879443446.0,M,1.0,35.0,marketing
901.0,491.0,5.0,880181652.0,F,0.0,25.0,executive
343.0,653.0,5.0,875962056.0,M,1.0,39.0,engineer
302.0,516.0,4.0,879440628.0,M,1.0,34.0,educator
697.0,1142.0,3.0,879192902.0,M,1.0,31.0,other
361.0,566.0,4.0,879443766.0,M,1.0,22.0,student
940.0,596.0,4.0,886398253.0,M,1.0,30.0,administrator
305.0,678.0,5.0,880403540.0,M,1.0,23.0,engineer
262.0,774.0,5.0,885680087.0,F,0.0,20.0,student
621.0,563.0,4.0,884497645.0,M,1.0,17.0,student
939.0,496.0,4.0,886921748.0,M,1.0,38.0,student
727.0,689.0,4.0,886396473.0,F,0.0,24.0,student
864.0,646.0,3.0,883865952.0,M,1.0,26.0,programmer
648.0,463.0,2.0,887744490.0,M,1.0,39.0,engineer
42.0,603.0,5.0,878182386.0,M,1.0,28.0,administrator
655.0,845.0,4.0,886481226.0,F,0.0,50.0,healthcare
303.0,50.0,1.0,874866705.0,M,1.0,18.0,student
328.0,7.0,1.0,885048800.0,M,1.0,38.0,administrator
25.0,185.0,5.0,889494816.0,M,1.0,35.0,executive
457.0,1046.0,2.0,879877007.0,F,0.0,33.0,salesman
880.0,681.0,5.0,875242972.0,M,1.0,11.0,student
59.0,705.0,4.0,878972466.0,M,1.0,43.0,educator
342.0,288.0,4.0,879467413.0,F,0.0,25.0,other
768.0,716.0,3.0,879875072.0,M,1.0,28.0,administrator
650.0,748.0,4.0,891381546.0,M,1.0,38.0,engineer
694.0,689.0,4.0,880167815.0,M,1.0,52.0,programmer
551.0,15.0,3.0,891282788.0,M,1.0,24.0,programmer
894.0,842.0,5.0,891037889.0,M,1.0,42.0,librarian
314.0,449.0,3.0,878694410.0,M,1.0,20.0,student
504.0,849.0,3.0,891545950.0,F,0.0,30.0,artist
343.0,477.0,3.0,876409800.0,M,1.0,38.0,engineer
936.0,676.0,5.0,883388459.0,M,1.0,23.0,other
665.0,627.0,3.0,884111704.0,M,1.0,22.0,engineer
116.0,568.0,3.0,88110897.0,M,1.0,36.0,healthcare
881.0,484.0,3.0,880396942.0,M,1.0,39.0,other
639.0,1028.0,5.0,889909212.0,F,0.0,40.0,other
592.0,237.0,4.0,877485797.0,F,0.0,18.0,student
486.0,588.0,5.0,879439188.0,M,1.0,45.0,educator
608.0,732.0,3.0,876266984.0,M,1.0,22.0,other
58.0,516.0,4.0,884111573.0,M,1.0,26.0,programmer
848.0,1011.0,3.0,891723706.0,M,1.0,41.0,engineer
486.0,828.0,4.0,879434654.0,M,1.0,35.0,educator
524.0,50.0,4.0,878961680.0,M,1.0,50.0,educator
402.0,528.0,3.0,877107375.0,M,1.0,28.0,engineer
13.0,286.0,4.0,880144245.0,M,1.0,42.0,educator
863.0,651.0,5.0,887158904.0,M,1.0,18.0,student
279.0,7.0,3.0,875310233.0,M,1.0,31.0,programmer
881.0,689.0,5.0,880135079.0,M,1.0,35.0,marketing
847.0,603.0,5.0,875652988.0,M,1.0,27.0,librarian
221.0,588.0,2.0,875320689.0,M,1.0,18.0,student
878.0,690.0,3.0,880242979.0,M,1.0,25.0,other
267.0,631.0,5.0,875653265.0,M,1.0,23.0,engineer
703.0,50.0,4.0,875504081.0,M,1.0,50.0,educator
388.0,715.0,3.0,879454174.0,M,1.0,28.0,other
865.0,678.0,3.0,875973099.0,M,1.0,24.0,artist
825.0,328.0,4.0,883877359.0,M,1.0,31.0,engineer
561.0,1247.0,3.0,880177435.0,M,1.0,23.0,technician
224.0,174.0,5.0,879524291.0,F,0.0,31.0,educator
653.0,663.0,3.0,878694471.0,M,1.0,29.0,executive
790.0,651.0,4.0,880123540.0,M,1.0,30.0,technician
892.0,471.0,4.0,888447963.0,M,1.0,23.0,other
533.0,628.0,2.0,891691477.0,M,1.0,39.0,librarian
299.0,662.0,3.0,880672566.0,M,1.0,27.0,doctor
130.0,484.0,5.0,891447995.0,M,1.0,20.0,none
233.0,258.0,3.0,888640475.0,M,1.0,35.0,engineer
790.0,614.0,4.0,884991249.0,M,1.0,26.0,technician
908.0,328.0,4.0,879458941.0,F,0.0,39.0,librarian
497.0,477.0,3.0,878952280.0,M,1.0,10.0,student
79.0,876.0,3.0,880930051.0,F,0.0,43.0,programmer
268.0,7.0,4.0,883448863.0,M,1.0,23.0,engineer
711.0,531.0,5.0,879012392.0,F,0.0,18.0,student
514.0,569.0,3.0,877757587.0,M,1.0,26.0,engineer
37.0,210.0,3.0,882398044.0,F,0.0,28.0,other
645.0,1014.0,4.0,880393561.0,M,1.0,26.0,programmer
682.0,661.0,2.0,888640186.0,M,1.0,23.0,programmer
102.0,562.0,3.0,888067705.0,M,1.0,35.0,marketing
733.0,286.0,4.0,891198312.0,M,1.0,53.0,other
115.0,568.0,4.0,885480301.0,M,1.0,39.0,engineer
524.0,672.0,5.0,879461492.0,M,1.0,31.0,educator
903.0,831.0,2.0,886480484.0,M,1.0,46.0,educator
23.0,591.0,4.0,874866143.0,M,1.0,30.0,artist
804.0,1208.0,5.0,879442343.0,M,1.0,35.0,educator
524.0,127.0,2.0,877456920.0,M,1.0,49.0,educator
344.0,547.0,5.0,891547956.0,F,0.0,30.0,librarian
87.0,1047.0,4.0,879874875.0,M,1.0,42.0,administrator
721.0,265.0,2.0,891364218.0,M,1.0,24.0,entertainment
692.0,515.0,2.0,880869419.0,M,1.0,30.0,programmer
92.0,603.0,4.0,888103757.0,M,1.0,31.0,entertainment
796.0,646.0,2.0,892958387.0,M,1.0,32.0,programmer
303.0,878.0,5.0,879310206.0,M,1.0,18.0,student
435.0,186.0,5.0,882156976.0,M,1.0,23.0,engineer
402.0,966.0,5.0,884366251.0,M,1.0,22.0,engineer
847.0,535.0,4.0,882956241.0,M,1.0,27.0,student
796.0,772.0,4.0,880821270.0,F,0.0,32.0,writer
280.0,449.0,2.0,891433254.0,M,1.0,30.0,librarian
534.0,716.0,4.0,881107687.0,M,1.0,20.0,student
279.0,518.0,4.0,879446806.0,M,1.0,31.0,programmer
758.0,15.0,4.0,875744191.0,M,1.0,26.0,student
894.0,210.0,4.0,891288234.0,M,1.0,44.0,educator
532.0,831.0,3.0,883709626.0,M,1.0,20.0,student
703.0,300.0,4.0,879460106.0,F,0.0,25.0,educator
339.0,563.0,3.0,891372402.0,M,1.0,32.0,lawyer
208.0,551.0,4.0,878739649.0,M,1.0,27.0,engineer
7.0,473.0,4.0,878181229.0,M,1.0,50.0,administrator
174.0,669.0,5.0,878972214.0,F,0.0,30.0,administrator
682.0,111.0,3.0,888539512.0,M,1.0,23.0,other
500.0,941.0,4.0,885810240.0,M,1.0,27.0,administrator
664.0,578.0,4.0,888082077.0,M,1.0,31.0,educator
741.0,876.0,3.0,883600707.0,F,0.0,22.0,student
293.0,9.0,5.0,879444086.0,M,1.0,23.0,writer
568.0,515.0,4.0,879538049.0,M,1.0,35.0,educator
210.0,624.0,4.0,878438754.0,M,1.0,35.0,engineer
188.0,790.0,2.0,879518233.0,M,1.0,38.0,student
391.0,932.0,2.0,889288612.0,M,1.0,23.0,student
181.0,546.0,3.0,878962566.0,M,1.0,25.0,other
707.0,488.0,3.0,877399618.0,F,0.0,22.0,student
582.0,1028.0,3.0,879875062.0,M,1.0,20.0,student
405.0,544.0,4.0,888906522.0,F,0.0,22.0,student
933.0,546.0,3.0,879448246.0,M,1.0,27.0,librarian
357.0,592.0,4.0,879448923.0,M,1.0,29.0,executive
933.0,7.0,1.0,889181047.0,M,1.0,23.0,student
537.0,603.0,5.0,886028544.0,M,1.0,33.0,engineer
642.0,871.0,3.0,883711776.0,F,0.0,17.0,student
592.0,1015.0,5.0,879447713.0,M,1.0,18.0,student
158.0,749.0,4.0,887911840.0,M,1.0,44.0,educator
311.0,8.0,3.0,884132716.0,M,1.0,30.0,technician
130.0,678.0,3.0,878962629.0,M,1.0,20.0,none
303.0,1047.0,5.0,879454928.0,M,1.0,18.0,student
303.0,742.0,2.0,879879959.0,M,1.0,18.0,student
831.0,986.0,3.0,883364218.0,M,1.0,39.0,educator
592.0,471.0,4.0,886989440.0,M,1.0,18.0,student
595.0,127.0,4.0,877400091.0,M,1.0,30.0,educator
637.0,258.0,4.0,885810341.0,F,0.0,23.0,other
13.0,708.0,4.0,882386424.0,F,0.0,42.0,educator
666.0,79.0,4.0,880167328.0,M,1.0,39.0,administrator
862.0,671.0,4.0,875728348.0,M,1.0,29.0,executive
318.0,662.0,3.0,884497062.0,M,1.0,56.0,retired
405.0,874.0,2.0,879304058.0,F,0.0,22.0,healthcare
634.0,1425.0,2.0,886608187.0,M,1.0,20.0,student
920.0,471.0,5.0,889651119.0,F,0.0,15.0,artist
624.0,591.0,5.0,879875826.0,M,1.0,39.0,programmer
916.0,515.0,3.0,880583022.0,M,1.0,26.0,engineer
11.0,7.0,1.0,889403471.0,F,0.0,23.0,other
194.0,546.0,2.0,879875432.0,M,1.0,35.0,administrator
102.0,544.0,2.0,889388608.0,M,1.0,44.0,programmer
559.0,615.0,2.0,880153659.0,M,1.0,29.0,educator
269.0,648.0,5.0,891394704.0,F,0.0,31.0,librarian
301.0,969.0,4.0,889070307.0,M,1.0,23.0,student
618.0,771.0,3.0,886988413.0,F,0.0,17.0,student
757.0,1068.0,5.0,880572904.0,M,1.0,25.0,student
393.0,880.0,4.0,877756724.0,M,1.0,18.0,student
429.0,1067.0,1.0,882385159.0,M,1.0,26.0,student
843.0,8.0,1.0,886608357.0,M,1.0,32.0,lawyer
456.0,1047.0,3.0,889180547.0,M,1.0,23.0,student
7.0,656.0,4.0,887667710.0,M,1.0,48.0,administrator
178.0,1021.0,4.0,878181941.0,M,1.0,25.0,other
501.0,682.0,3.0,887744328.0,M,1.0,22.0,educator
234.0,172.0,4.0,892334141.0,M,1.0,52.0,retired
894.0,472.0,1.0,879443172.0,M,1.0,44.0,healthcare
437.0,708.0,4.0,882824467.0,M,1.0,28.0,student
650.0,784.0,5.0,891383171.0,M,1.0,38.0,engineer
234.0,948.0,4.0,879443553.0,M,1.0,52.0,retired
278.0,176.0,4.0,879460405.0,F,0.0,27.0,librarian
1.0,656.0,3.0,884121073.0,M,1.0,23.0,technician
815.0,932.0,3.0,884180587.0,M,1.0,30.0,other
56.0,654.0,3.0,885682479.0,F,0.0,28.0,librarian
757.0,805.0,3.0,880355803.0,M,1.0,25.0,student
568.0,582.0,3.0,892911290.0,M,1.0,21.0,student
308.0,652.0,4.0,878973771.0,M,1.0,52.0,retired
246.0,748.0,2.0,884923775.0,M,1.0,18.0,student
13.0,744.0,4.0,892930413.0,M,1.0,42.0,programmer
773.0,431.0,5.0,886402450.0,M,1.0,20.0,student
659.0,628.0,5.0,880161173.0,M,1.0,29.0,educator
574.0,559.0,4.0,881108040.0,M,1.0,45.0,educator
303.0,1166.0,3.0,875270748.0,M,1.0,18.0,student
144.0,765.0,4.0,888066755.0,M,1.0,26.0,programmer
899.0,926.0,4.0,879366785.0,M,1.0,39.0,other
836.0,8.0,5.0,888067187.0,M,1.0,32.0,writer
655.0,754.0,2.0,883668352.0,M,1.0,50.0,healthcare
393.0,651.0,5.0,888731868.0,M,1.0,18.0,student
922.0,946.0,3.0,891369889.0,M,1.0,29.0,scientist
857.0,1012.0,4.0,875289411.0,M,1.0,23.0,salesman
788.0,671.0,5.0,891199360.0,M,1.0,56.0,librarian
654.0,15.0,3.0,879449744.0,F,0.0,27.0,student
878.0,12.0,1.0,880139765.0,F,0.0,50.0,educator
788.0,9.0,3.0,879110817.0,M,1.0,45.0,administrator
883.0,276.0,4.0,888466490.0,M,1.0,42.0,other
493.0,597.0,3.0,883767383.0,M,1.0,22.0,student
354.0,684.0,5.0,891199682.0,F,0.0,29.0,librarian
931.0,741.0,5.0,879449900.0,M,1.0,35.0,educator
450.0,1234.0,4.0,880167328.0,F,0.0,35.0,educator
796.0,381.0,5.0,888906288.0,F,0.0,32.0,writer
455.0,679.0,4.0,888103971.0,M,1.0,42.0,administrator
710.0,288.0,3.0,875654715.0,M,1.0,18.0,other
307.0,495.0,3.0,886392997.0,M,1.0,24.0,student
916.0,498.0,4.0,876403524.0,M,1.0,26.0,programmer
13.0,828.0,3.0,891037193.0,M,1.0,42.0,educator
561.0,273.0,1.0,875743377.0,M,1.0,23.0,programmer
543.0,176.0,4.0,875509353.0,M,1.0,31.0,scientist
507.0,22.0,2.0,889183018.0,F,0.0,17.0,student
405.0,476.0,3.0,888705032.0,F,0.0,22.0,healthcare
551.0,597.0,4.0,892695529.0,M,1.0,24.0,writer
707.0,679.0,2.0,879443335.0,F,0.0,41.0,healthcare
382.0,9.0,4.0,885690700.0,M,1.0,35.0,engineer
334.0,821.0,1.0,891545714.0,F,0.0,30.0,librarian
843.0,79.0,5.0,880402048.0,M,1.0,32.0,homemaker
709.0,471.0,5.0,888103972.0,M,1.0,22.0,student
493.0,100.0,4.0,879457713.0,M,1.0,20.0,student
222.0,9.0,3.0,878576220.0,M,1.0,27.0,programmer
450.0,778.0,4.0,879988584.0,F,0.0,35.0,educator
305.0,690.0,4.0,8851409097.0,M,1.0,23.0,programmer
189.0,515.0,4.0,891250582.0,M,1.0,30.0,artist
715.0,1065.0,4.0,874787552.0,F,0.0,21.0,technician
837.0,478.0,3.0,883950970.0,F,0.0,27.0,writer
645.0,549.0,4.0,886483322.0,M,1.0,26.0,other
409.0,1047.0,4.0,879444113.0,M,1.0,42.0,administrator
286.0,12.0,4.0,879449900.0,M,1.0,31.0,student
363.0,659.0,3.0,875743313.0,M,1.0,20.0,student
268.0,1052.0,3.0,883106270.0,M,1.0,23.0,engineer
846.0,692.0,4.0,883949380.0,M,1.0,26.0,lawyer
234.0,50.0,4.0,877833471.0,M,1.0,52.0,retired
896.0,719.0,1.0,885355804.0,M,1.0,27.0,writer
487.0,754.0,4.0,887038665.0,M,1.0,22.0,engineer
456.0,834.0,3.0,881654074.0,M,1.0,23.0,student
561.0,708.0,5.0,885016641.0,M,1.0,23.0,engineer
671.0,496.0,2.0,891295355.0,M,1.0,31.0,programmer
291.0,100.0,3.0,874951025.0,M,1.0,18.0,student
567.0,652.0,4.0,891293743.0,M,1.0,23.0,entertainment
738.0,1030.0,3.0,879848695.0,M,1.0,32.0,technician
269.0,476.0,4.0,891545950.0,F,0.0,31.0,librarian
425.0,687.0,5.0,881107375.0,M,1.0,18.0,student
788.0,692.0,3.0,879458569.0,M,1.0,45.0,librarian
26.0,511.0,4.0,875907727.0,M,1.0,35.0,engineer
712.0,751.0,5.0,888632485.0,F,0.0,22.0,student
514.0,5.0,4.0,890267294.0,M,1.0,26.0,programmer
556.0,546.0,3.0,879445986.0,M,1.0,50.0,educator
207.0,748.0,2.0,875246547.0,M,1.0,35.0,marketing
256.0,654.0,5.0,891218441.0,F,0.0,35.0,artist
905.0,847.0,4.0,882345944.0,M,1.0,26.0,other
828.0,880.0,3.0,875340052.0,M,1.0,27.0,programmer
399.0,963.0,3.0,880930020.0,M,1.0,24.0,other
115.0,690.0,4.0,876018471.0,M,1.0,22.0,engineer
615.0,11.0,2.0,879444038.0,M,1.0,35.0,educator
442.0,527.0,3.0,878918280.0,M,1.0,22.0,student
49.0,257.0,3.0,889125872.0,M,1.0,23.0,student
781.0,172.0,3.0,888538955.0,F,0.0,20.0,student
722.0,13.0,3.0,880821358.0,F,0.0,51.0,administrator
405.0,15.0,1.0,884366523.0,F,0.0,22.0,healthcare
940.0,554.0,3.0,891249595.0,M,1.0,38.0,administrator
630.0,100.0,4.0,891015399.0,F,0.0,27.0,healthcare
194.0,532.0,5.0,879362202.0,M,1.0,37.0,administrator
450.0,742.0,5.0,879439188.0,F,0.0,35.0,educator
852.0,1036.0,4.0,883443614.0,F,0.0,31.0,librarian
122.0,578.0,2.0,879444597.0,F,0.0,32.0,writer
523.0,647.0,4.0,884113495.0,M,1.0,39.0,librarian
648.0,121.0,5.0,887737338.0,M,1.0,39.0,engineer
291.0,684.0,3.0,876690021.0,M,1.0,18.0,student
276.0,749.0,3.0,888633310.0,M,1.0,21.0,student
664.0,993.0,3.0,876266962.0,M,1.0,28.0,engineer
804.0,790.0,4.0,879787930.0,M,1.0,18.0,student
629.0,763.0,4.0,883599182.0,F,0.0,47.0,other
13.0,684.0,1.0,884984149.0,M,1.0,42.0,educator
114.0,732.0,5.0,880335043.0,M,1.0,26.0,programmer
880.0,556.0,5.0,874730233.0,M,1.0,11.0,student
622.0,748.0,4.0,877757780.0,M,1.0,30.0,programmer
94.0,679.0,4.0,889908571.0,M,1.0,25.0,student
705.0,689.0,2.0,88639767513.0,F,0.0,27.0,other
327.0,546.0,2.0,887744053.0,M,1.0,22.0,student
484.0,886.0,3.0,882388231.0,M,1.0,26.0,student
916.0,176.0,4.0,875973976.0,M,1.0,26.0,salesman
455.0,611.0,3.0,879178545.0,M,1.0,42.0,administrator
894.0,648.0,4.0,880178352.0,M,1.0,42.0,educator
234.0,7.0,4.0,892079475.0,M,1.0,52.0,retired
592.0,546.0,2.0,891722261.0,M,1.0,23.0,technician
833.0,515.0,4.0,887159173.0,M,1.0,31.0,writer
174.0,210.0,3.0,885044644.0,F,0.0,29.0,administrator
303.0,848.0,5.0,879572538.0,M,1.0,18.0,student
308.0,928.0,1.0,887742040.0,M,1.0,52.0,retired
178.0,741.0,4.0,887822367.0,M,1.0,25.0,other
782.0,684.0,3.0,875296472.0,F,0.0,21.0,artist
671.0,100.0,5.0,877726794.0,M,1.0,23.0,programmer
249.0,1213.0,4.0,877399745.0,M,1.0,18.0,student
548.0,690.0,4.0,879969669.0,M,1.0,38.0,executive
757.0,515.0,4.0,889180747.0,M,1.0,25.0,student
213.0,518.0,3.0,875309419.0,M,1.0,31.0,executive
618.0,11.0,4.0,8785428.0,M,1.0,27.0,administrator
843.0,11.0,5.0,888905093.0,M,1.0,38.0,librarian
862.0,474.0,4.0,875502741.0,M,1.0,48.0,executive
450.0,475.0,2.0,879455044.0,F,0.0,35.0,educator
897.0,627.0,4.0,875036116.0,M,1.0,28.0,other
20.0,742.0,4.0,874951031.0,M,1.0,21.0,writer
487.0,955.0,5.0,883601089.0,M,1.0,22.0,engineer
794.0,771.0,3.0,880180615.0,M,1.0,45.0,educator
897.0,474.0,4.0,879959032.0,M,1.0,30.0,other
592.0,11.0,4.0,878771298.0,M,1.0,18.0,student
318.0,707.0,4.0,885816945.0,M,1.0,52.0,retired
489.0,515.0,5.0,883757577.0,F,0.0,27.0,other
389.0,605.0,3.0,879540051.0,F,0.0,44.0,writer
332.0,763.0,4.0,879793087.0,M,1.0,20.0,student
871.0,7.0,5.0,882345164.0,M,1.0,41.0,executive
232.0,100.0,3.0,8891794.0,M,1.0,35.0,scientist
7.0,662.0,4.0,891201243.0,M,1.0,50.0,administrator
693.0,476.0,5.0,879384400.0,M,1.0,34.0,other
354.0,742.0,5.0,891698254.0,F,0.0,29.0,librarian
329.0,64.0,4.0,891207995.0,M,1.0,42.0,educator
889.0,118.0,3.0,880178019.0,M,1.0,26.0,technician
902.0,294.0,4.0,881699528.0,M,1.0,50.0,educator
645.0,673.0,3.0,880144123.0,M,1.0,27.0,administrator
801.0,696.0,2.0,877388885.0,M,1.0,41.0,writer
293.0,939.0,3.0,884120129.0,M,1.0,23.0,writer
885.0,937.0,4.0,879877155.0,M,1.0,35.0,other
268.0,569.0,4.0,879441437.0,M,1.0,23.0,engineer
927.0,687.0,1.0,880844262.0,M,1.0,23.0,scientist
637.0,732.0,3.0,88603079.0,M,1.0,33.0,programmer
250.0,685.0,5.0,889655820.0,M,1.0,35.0,executive
339.0,568.0,5.0,891032636.0,M,1.0,32.0,lawyer
870.0,471.0,4.0,882387756.0,M,1.0,26.0,student
734.0,727.0,3.0,879442391.0,F,0.0,25.0,other
239.0,15.0,4.0,889323582.0,M,1.0,35.0,artist
308.0,568.0,3.0,879434737.0,M,1.0,52.0,retired
338.0,8.0,3.0,891031437.0,F,0.0,30.0,librarian
707.0,286.0,2.0,891406423.0,F,0.0,41.0,healthcare
796.0,684.0,2.0,885943698.0,F,0.0,32.0,writer
624.0,566.0,3.0,878697425.0,M,1.0,18.0,student
487.0,684.0,3.0,875971764.0,M,1.0,22.0,engineer
566.0,153.0,5.0,879991911.0,M,1.0,20.0,student
648.0,1098.0,3.0,875729667.0,M,1.0,39.0,engineer
279.0,875.0,3.0,879440107.0,M,1.0,31.0,programmer
378.0,690.0,4.0,891251663.0,M,1.0,32.0,student
425.0,679.0,3.0,878963072.0,F,0.0,18.0,student
94.0,8.0,4.0,883948873.0,M,1.0,25.0,student
881.0,111.0,4.0,882385164.0,M,1.0,35.0,marketing
336.0,652.0,4.0,874950716.0,M,1.0,23.0,salesman
796.0,656.0,3.0,883216501.0,F,0.0,32.0,writer
524.0,7.0,4.0,889737694.0,M,1.0,35.0,educator
490.0,566.0,2.0,876178568.0,F,0.0,29.0,artist
343.0,496.0,3.0,875103875.0,M,1.0,39.0,engineer
758.0,746.0,2.0,880242294.0,M,1.0,26.0,student
23.0,484.0,5.0,884304766.0,F,0.0,30.0,writer
682.0,676.0,5.0,888525933.0,M,1.0,23.0,programmer
553.0,463.0,3.0,886988236.0,M,1.0,50.0,educator
599.0,9.0,4.0,880149999.0,M,1.0,48.0,other
344.0,1028.0,2.0,891544127.0,F,0.0,30.0,librarian
404.0,546.0,5.0,888069660.0,F,0.0,29.0,programmer
130.0,831.0,4.0,880607558.0,F,0.0,20.0,none
878.0,740.0,3.0,880126692.0,M,1.0,21.0,student
452.0,607.0,5.0,879310792.0,F,0.0,32.0,administrator
537.0,685.0,4.0,886030552.0,M,1.0,33.0,other
36.0,568.0,3.0,888067647.0,M,1.0,23.0,student
870.0,673.0,3.0,888518583.0,M,1.0,22.0,student
347.0,204.0,4.0,884921706.0,M,1.0,18.0,student
506.0,762.0,4.0,891388794.0,M,1.0,41.0,programmer
894.0,471.0,4.0,879436981.0,M,1.0,32.0,educator
758.0,741.0,4.0,881975213.0,M,1.0,26.0,student
535.0,628.0,4.0,879862692.0,F,0.0,45.0,educator
634.0,474.0,4.0,876695259.0,M,1.0,35.0,engineer
760.0,456.0,3.0,877135788.0,F,0.0,70.0,retired
782.0,521.0,5.0,892777151.0,F,0.0,21.0,artist
671.0,473.0,3.0,879110818.0,M,1.0,21.0,administrator
7.0,9.0,4.0,891351655.0,F,0.0,50.0,administrator
669.0,258.0,3.0,889907426.0,F,0.0,31.0,other
825.0,1284.0,5.0,884314971.0,M,1.0,27.0,engineer
786.0,584.0,3.0,888632585.0,F,0.0,26.0,programmer
102.0,631.0,4.0,875731311.0,M,1.0,35.0,programmer
429.0,549.0,5.0,882386378.0,M,1.0,26.0,student
889.0,685.0,3.0,880181546.0,M,1.0,23.0,technician
536.0,5.0,2.0,875224252.0,M,1.0,33.0,other
320.0,628.0,5.0,886324369.0,M,1.0,18.0,student
181.0,738.0,4.0,878962086.0,M,1.0,25.0,executive
8794655.0,515.0,3.0,879443297.0,F,0.0,29.0,administrator
659.0,476.0,3.0,885848053.0,M,1.0,35.0,educator
748.0,511.0,3.0,880314366.0,M,1.0,27.0,administrator
262.0,662.0,2.0,889179545.0,F,0.0,18.0,student
269.0,813.0,2.0,892791062.0,M,1.0,31.0,librarian
694.0,879.0,1.0,880777167.0,F,0.0,43.0,educator
456.0,763.0,4.0,891546231.0,M,1.0,42.0,technician
536.0,652.0,3.0,879454979.0,M,1.0,35.0,programmer
145.0,652.0,4.0,877719206.0,M,1.0,29.0,entertainment
721.0,652.0,4.0,892707940.0,F,0.0,24.0,student
889.0,127.0,3.0,880177194.0,M,1.0,23.0,technician
537.0,186.0,3.0,886031606.0,M,1.0,33.0,engineer
450.0,431.0,2.0,876859187.0,F,0.0,31.0,educator
125.0,826.0,4.0,8778082002.0,M,1.0,28.0,lawyer
891.0,517.0,5.0,884364465.0,F,0.0,18.0,student
87.0,923.0,3.0,879455188.0,M,1.0,42.0,administrator
650.0,7.0,3.0,876403595.0,M,1.0,38.0,engineer
479.0,678.0,3.0,881172246.0,M,1.0,28.0,educator
699.0,652.0,4.0,880313582.0,M,1.0,39.0,other
790.0,111.0,2.0,884368538.0,M,1.0,26.0,technician
354.0,559.0,4.0,891439208.0,F,0.0,29.0,librarian
882.0,479.0,4.0,888068330.0,M,1.0,32.0,engineer
305.0,471.0,5.0,884125477.0,M,1.0,23.0,programmer
542.0,774.0,4.0,877387700.0,M,1.0,20.0,student
864.0,471.0,4.0,888785432.0,M,1.0,26.0,other
326.0,741.0,4.0,879310792.0,M,1.0,27.0,administrator
833.0,886.0,3.0,875280628.0,M,1.0,31.0,other
239.0,709.0,4.0,8857543.0,M,1.0,35.0,artist
292.0,50.0,3.0,880870827.0,M,1.0,35.0,programmer
624.0,302.0,5.0,882344512.0,M,1.0,18.0,student
666.0,544.0,5.0,880845097.0,M,1.0,39.0,administrator
334.0,1012.0,2.0,885809968.0,M,1.0,30.0,other
343.0,763.0,5.0,876407138.0,M,1.0,39.0,engineer
865.0,647.0,3.0,891204114.0,M,1.0,24.0,artist
880.0,611.0,3.0,874948221.0,M,1.0,37.0,other
514.0,841.0,4.0,876181151.0,M,1.0,21.0,technician
835.0,679.0,2.0,879555150.0,F,0.0,45.0,librarian
689.0,652.0,4.0,874787144.0,M,1.0,31.0,programmer
277.0,762.0,4.0,891478547.0,F,0.0,38.0,administrator
311.0,479.0,2.0,879486463.0,M,1.0,28.0,technician
604.0,1053.0,3.0,879441354.0,M,1.0,35.0,educator
650.0,988.0,3.0,891353644.0,M,1.0,38.0,engineer
321.0,678.0,3.0,879539981.0,F,0.0,49.0,educator
63.0,1279.0,4.0,881106082.0,M,1.0,28.0,marketing
308.0,685.0,2.0,887745260.0,M,1.0,52.0,retired
479.0,100.0,4.0,888103703.0,M,1.0,28.0,educator
42.0,748.0,4.0,880139095.0,M,1.0,28.0,administrator
655.0,508.0,1.0,886833084.0,F,0.0,50.0,healthcare
92.0,237.0,4.0,875653714.0,M,1.0,30.0,entertainment
97.0,988.0,4.0,875216723.0,M,1.0,39.0,artist
56.0,1031.0,3.0,891199820.0,F,0.0,24.0,librarian
280.0,172.0,3.0,884751698.0,M,1.0,30.0,librarian
161.0,866.0,5.0,891035814.0,M,1.0,44.0,lawyer
394.0,237.0,5.0,885807934.0,M,1.0,24.0,student
92.0,1101.0,4.0,875272967.0,M,1.0,30.0,entertainment
815.0,527.0,4.0,875740183.0,M,1.0,35.0,other
327.0,431.0,3.0,884610124.0,M,1.0,22.0,student
627.0,825.0,4.0,879447800.0,M,1.0,33.0,engineer
343.0,662.0,2.0,875509762.0,M,1.0,39.0,engineer
835.0,473.0,3.0,879305386.0,F,0.0,57.0,librarian
603.0,741.0,4.0,878769968.0,M,1.0,23.0,programmer
79.0,11.0,4.0,878941149.0,M,1.0,38.0,administrator
380.0,1082.0,4.0,875509357.0,M,1.0,30.0,engineer
406.0,100.0,4.0,879445566.0,M,1.0,31.0,educator
417.0,972.0,3.0,878849470.0,F,0.0,27.0,other
1.0,549.0,4.0,884642187.0,M,1.0,23.0,technician
342.0,588.0,4.0,874965105.0,F,0.0,25.0,other
746.0,477.0,4.0,891386988.0,M,1.0,42.0,educator
639.0,515.0,4.0,882425899.0,M,1.0,29.0,salesman
336.0,763.0,2.0,883712472.0,M,1.0,26.0,salesman
450.0,12.0,3.0,879111495.0,F,0.0,35.0,educator
82.0,294.0,3.0,888068763.0,M,1.0,44.0,programmer
524.0,742.0,3.0,874977512.0,F,0.0,31.0,writer
303.0,876.0,1.0,879579974.0,M,1.0,18.0,student
393.0,662.0,3.0,889493741.0,M,1.0,18.0,student
387.0,1035.0,3.0,880928490.0,M,1.0,31.0,entertainment
537.0,1046.0,3.0,884129839.0,M,1.0,33.0,engineer
263.0,173.0,4.0,879467097.0,M,1.0,27.0,programmer
447.0,100.0,5.0,888635129.0,M,1.0,27.0,administrator
586.0,781.0,3.0,881958343.0,F,0.0,20.0,student
327.0,748.0,5.0,887738057.0,F,0.0,22.0,student
393.0,629.0,3.0,879875564.0,M,1.0,18.0,student
663.0,8.0,3.0,884124572.0,M,1.0,26.0,scientist
901.0,739.0,3.0,880925199.0,M,1.0,33.0,executive
343.0,1061.0,4.0,879529563.0,M,1.0,39.0,engineer
880.0,676.0,4.0,886480583.0,M,1.0,31.0,entertainment
716.0,941.0,4.0,875280352.0,F,0.0,26.0,programmer
411.0,568.0,5.0,891036001.0,M,1.0,42.0,educator
833.0,518.0,2.0,878438403.0,M,1.0,31.0,writer
846.0,181.0,4.0,883949046.0,M,1.0,26.0,writer
916.0,431.0,3.0,882677940.0,M,1.0,26.0,engineer
592.0,4.0,5.0,880178019.0,M,1.0,18.0,student
126.0,686.0,5.0,877136047.0,F,0.0,28.0,lawyer
328.0,523.0,3.0,885479377.0,M,1.0,45.0,administrator
181.0,727.0,4.0,878962788.0,M,1.0,29.0,executive
189.0,1012.0,4.0,893219001.0,M,1.0,30.0,artist
870.0,523.0,4.0,884753098.0,M,1.0,26.0,student
727.0,1098.0,5.0,877136969.0,M,1.0,18.0,student
707.0,489.0,4.0,879443446.0,F,0.0,56.0,librarian
595.0,844.0,1.0,891035640.0,M,1.0,24.0,educator
435.0,466.0,5.0,884752561.0,M,1.0,26.0,engineer
621.0,578.0,3.0,885423865.0,M,1.0,18.0,student
737.0,197.0,4.0,883866705.0,F,0.0,32.0,student
532.0,672.0,4.0,888633311.0,M,1.0,20.0,student
488.0,684.0,4.0,881372854.0,M,1.0,22.0,technician
405.0,685.0,4.0,879441662.0,F,0.0,22.0,other
788.0,739.0,4.0,879195628.0,M,1.0,32.0,librarian
514.0,678.0,5.0,875289618.0,M,1.0,24.0,programmer
608.0,481.0,3.0,884126077.0,M,1.0,22.0,other
59.0,1408.0,5.0,891037507.0,M,1.0,43.0,educator
584.0,542.0,4.0,886490690.0,M,1.0,50.0,homemaker
524.0,181.0,4.0,879793685.0,M,1.0,49.0,educator
167.0,855.0,4.0,891038979.0,M,1.0,24.0,other
385.0,796.0,3.0,879444086.0,M,1.0,33.0,writer
648.0,12.0,4.0,884497713.0,M,1.0,59.0,engineer
682.0,15.0,4.0,888888340.0,M,1.0,23.0,programmer
868.0,678.0,2.0,883147815.0,M,1.0,21.0,student
788.0,471.0,3.0,879178612.0,M,1.0,45.0,administrator
500.0,653.0,3.0,880756788.0,M,1.0,27.0,administrator
774.0,9.0,4.0,877110336.0,M,1.0,28.0,student
929.0,518.0,4.0,879454948.0,M,1.0,27.0,other
846.0,678.0,3.0,887737338.0,M,1.0,26.0,lawyer
145.0,12.0,4.0,877109565.0,M,1.0,29.0,entertainment
15.0,523.0,3.0,879442463.0,F,0.0,49.0,educator
666.0,878.0,4.0,879446209.0,M,1.0,39.0,administrator
682.0,479.0,5.0,879524581.0,M,1.0,23.0,programmer
293.0,15.0,1.0,888906288.0,F,0.0,23.0,writer
224.0,597.0,3.0,879467413.0,M,1.0,31.0,educator
916.0,514.0,1.0,875342748.0,M,1.0,26.0,engineer
42.0,13.0,3.0,879385794.0,M,1.0,40.0,administrator
666.0,485.0,4.0,877875829.0,M,1.0,39.0,administrator
154.0,151.0,4.0,879901482.0,M,1.0,29.0,executive
92.0,518.0,3.0,875966966.0,M,1.0,30.0,entertainment
757.0,10.0,2.0,880474235.0,M,1.0,25.0,student
561.0,8.0,3.0,879539498.0,M,1.0,23.0,engineer
488.0,845.0,3.0,880136551.0,M,1.0,23.0,technician
474.0,528.0,4.0,891694977.0,M,1.0,45.0,programmer
804.0,13.0,4.0,879441742.0,M,1.0,35.0,educator
521.0,1245.0,3.0,877533543.0,M,1.0,18.0,student
756.0,772.0,5.0,888104353.0,F,0.0,30.0,none
699.0,558.0,5.0,883767647.0,M,1.0,39.0,other
897.0,1315.0,5.0,875509346.0,M,1.0,27.0,marketing
655.0,521.0,5.0,883326085.0,F,0.0,50.0,healthcare
847.0,1098.0,4.0,879460151.0,M,1.0,21.0,librarian
642.0,845.0,4.0,882827466.0,M,1.0,17.0,student
902.0,845.0,3.0,885848529.0,M,1.0,38.0,executive
279.0,829.0,5.0,884130042.0,M,1.0,31.0,programmer
870.0,778.0,4.0,878697466.0,M,1.0,22.0,student
727.0,476.0,4.0,883764296.0,M,1.0,24.0,student
889.0,11.0,3.0,886028511.0,M,1.0,23.0,student
361.0,671.0,3.0,879875315.0,M,1.0,22.0,student
881.0,508.0,3.0,883627297.0,M,1.0,35.0,marketing
368.0,628.0,3.0,887912462.0,M,1.0,20.0,student
548.0,12.0,4.0,879446622.0,M,1.0,45.0,administrator
521.0,515.0,4.0,892845225.0,M,1.0,24.0,student
239.0,484.0,5.0,889492314.0,M,1.0,35.0,artist
184.0,471.0,4.0,891547897.0,F,0.0,43.0,librarian
899.0,654.0,5.0,884121838.0,M,1.0,35.0,other
222.0,472.0,2.0,880845372.0,M,1.0,27.0,programmer
207.0,673.0,3.0,884365841.0,M,1.0,35.0,marketing
308.0,434.0,1.0,887736408.0,M,1.0,52.0,retired
897.0,258.0,4.0,876016671.0,M,1.0,28.0,other
790.0,174.0,1.0,885140909.0,M,1.0,26.0,technician
387.0,8.0,1.0,886480206.0,M,1.0,31.0,entertainment
667.0,8.0,2.0,875979359.0,M,1.0,23.0,other
393.0,15.0,4.0,876397221.0,M,1.0,18.0,student
301.0,841.0,4.0,888637524.0,M,1.0,23.0,student
568.0,661.0,5.0,879874873.0,M,1.0,35.0,educator
476.0,1110.0,4.0,884291713.0,M,1.0,27.0,healthcare
486.0,538.0,4.0,879304941.0,M,1.0,35.0,educator
648.0,527.0,5.0,876404410.0,M,1.0,39.0,engineer
479.0,172.0,3.0,879137815.0,M,1.0,28.0,educator
807.0,100.0,2.0,880395972.0,F,0.0,41.0,healthcare
592.0,724.0,3.0,884922445.0,M,1.0,18.0,student
871.0,732.0,3.0,879532832.0,M,1.0,35.0,executive
211.0,936.0,2.0,880571711.0,M,1.0,33.0,salesman
250.0,628.0,5.0,879441340.0,M,1.0,33.0,executive
328.0,513.0,1.0,885046752.0,M,1.0,45.0,administrator
468.0,522.0,3.0,878692680.0,M,1.0,27.0,other
123.0,9.0,3.0,876538763.0,F,0.0,39.0,artist
343.0,627.0,3.0,886031606.0,M,1.0,39.0,engineer
311.0,485.0,3.0,884304870.0,M,1.0,30.0,technician
145.0,774.0,3.0,875123320.0,M,1.0,29.0,entertainment
486.0,513.0,4.0,879447546.0,M,1.0,45.0,educator
296.0,1034.0,4.0,891249255.0,M,1.0,43.0,administrator
238.0,605.0,4.0,881172176.0,M,1.0,42.0,administrator
804.0,522.0,4.0,882387154.0,M,1.0,35.0,educator
805.0,527.0,4.0,882077582.0,M,1.0,27.0,other
661.0,508.0,4.0,877104061.0,M,1.0,23.0,programmer
130.0,333.0,3.0,878143814.0,M,1.0,20.0,none
233.0,22.0,3.0,876340940.0,M,1.0,35.0,engineer
758.0,117.0,3.0,889737094.0,M,1.0,27.0,student
773.0,1.0,3.0,877908792.0,M,1.0,20.0,student
371.0,704.0,2.0,879444513.0,M,1.0,33.0,engineer
521.0,582.0,3.0,879467040.0,F,0.0,18.0,student
634.0,709.0,3.0,889127310.0,F,0.0,17.0,student
905.0,1236.0,5.0,879453800.0,M,1.0,27.0,other
457.0,561.0,3.0,882607579.0,M,1.0,16.0,salesman
374.0,7.0,4.0,879441653.0,M,1.0,33.0,executive
361.0,7.0,4.0,880243525.0,M,1.0,20.0,student
870.0,1028.0,4.0,882385690.0,M,1.0,26.0,student
293.0,153.0,4.0,87740009.0,M,1.0,23.0,programmer
586.0,117.0,4.0,877386112.0,F,0.0,20.0,student
249.0,1032.0,4.0,880242974.0,M,1.0,21.0,student
13.0,1054.0,4.0,888069180.0,M,1.0,42.0,educator
889.0,654.0,3.0,880174750.0,M,1.0,23.0,technician
207.0,479.0,3.0,875545820.0,M,1.0,35.0,marketing
434.0,7.0,2.0,891436529.0,F,0.0,18.0,student
699.0,847.0,4.0,883447537.0,M,1.0,39.0,other
334.0,748.0,3.0,891280102.0,F,0.0,30.0,librarian
248.0,485.0,3.0,888576866.0,M,1.0,24.0,writer
478.0,8.0,4.0,884143904.0,M,1.0,27.0,technician
75.0,661.0,2.0,878963276.0,M,1.0,26.0,programmer
385.0,1047.0,1.0,879443691.0,M,1.0,33.0,writer
892.0,100.0,4.0,877196308.0,M,1.0,33.0,other
13.0,494.0,3.0,891440342.0,M,1.0,42.0,writer
795.0,631.0,4.0,885479507.0,M,1.0,28.0,librarian
405.0,1011.0,3.0,879466491.0,F,0.0,50.0,healthcare
23.0,603.0,3.0,893219150.0,M,1.0,30.0,artist
56.0,1492.0,3.0,884475678.0,M,1.0,56.0,retired
463.0,496.0,4.0,888908066.0,F,0.0,22.0,healthcare
504.0,257.0,3.0,889908462.0,F,0.0,40.0,writer
429.0,672.0,4.0,882360614.0,M,1.0,26.0,student
303.0,514.0,4.0,879874934.0,M,1.0,18.0,student
829.0,1028.0,5.0,875984400.0,M,1.0,24.0,entertainment
417.0,946.0,1.0,889174787.0,F,0.0,27.0,other
442.0,973.0,2.0,891374853.0,M,1.0,48.0,technician
311.0,1074.0,3.0,884292065.0,M,1.0,30.0,technician
328.0,647.0,5.0,887736408.0,M,1.0,45.0,administrator
178.0,671.0,3.0,882385294.0,M,1.0,25.0,other
659.0,210.0,5.0,881433689.0,M,1.0,29.0,educator
716.0,566.0,5.0,879362271.0,F,0.0,36.0,administrator
271.0,4.0,3.0,886031474.0,M,1.0,45.0,engineer
622.0,752.0,3.0,879564218.0,M,1.0,24.0,programmer
727.0,1216.0,5.0,889651538.0,M,1.0,24.0,student
246.0,1078.0,4.0,887938244.0,M,1.0,18.0,student
566.0,514.0,3.0,891208185.0,M,1.0,20.0,student
394.0,633.0,4.0,882388283.0,M,1.0,31.0,artist
621.0,476.0,4.0,879447545.0,M,1.0,18.0,student
621.0,928.0,3.0,889739678.0,M,1.0,17.0,student
899.0,741.0,1.0,885807961.0,M,1.0,30.0,administrator
790.0,732.0,4.0,885678912.0,M,1.0,26.0,technician
458.0,748.0,5.0,884132658.0,M,1.0,42.0,technician
871.0,100.0,4.0,874730474.0,M,1.0,31.0,executive
393.0,9.0,4.0,887745342.0,M,1.0,18.0,student
365.0,735.0,3.0,891037937.0,F,0.0,26.0,lawyer
167.0,12.0,3.0,891699655.0,M,1.0,48.0,other
374.0,456.0,3.0,880241955.0,M,1.0,31.0,executive
393.0,945.0,3.0,879441612.0,M,1.0,18.0,student
452.0,631.0,3.0,879875663.0,M,1.0,32.0,administrator
835.0,1023.0,5.0,877891966.0,M,1.0,30.0,doctor
268.0,449.0,5.0,882389179.0,M,1.0,23.0,engineer
806.0,478.0,4.0,880046363.0,M,1.0,26.0,marketing
486.0,519.0,3.0,879948895.0,F,0.0,50.0,educator
748.0,588.0,5.0,880233378.0,M,1.0,27.0,administrator
301.0,423.0,2.0,883709519.0,M,1.0,23.0,student
634.0,56.0,5.0,888802330.0,M,1.0,28.0,other
6.0,523.0,1.0,886031706.0,M,1.0,33.0,executive
361.0,763.0,5.0,877123536.0,M,1.0,22.0,student
7.0,686.0,4.0,891351504.0,M,1.0,50.0,administrator
899.0,9.0,5.0,891436547.0,M,1.0,30.0,other
215.0,647.0,5.0,891445476.0,M,1.0,32.0,programmer
487.0,629.0,4.0,875318114.0,M,1.0,22.0,engineer
239.0,748.0,2.0,889651546.0,M,1.0,35.0,artist
18.0,665.0,2.0,884130793.0,M,1.0,35.0,other
716.0,546.0,3.0,879440700.0,F,1.0,48.0,administrator
422.0,521.0,4.0,877131714.0,M,1.0,25.0,entertainment
92.0,48.0,4.0,877131811.0,M,1.0,30.0,entertainment
13.0,657.0,3.0,879875279.0,M,1.0,42.0,educator
603.0,423.0,3.0,8794424.0,M,1.0,31.0,educator
868.0,839.0,5.0,880180610.0,M,1.0,21.0,programmer
456.0,523.0,4.0,875983230.0,M,1.0,23.0,technician
484.0,648.0,5.0,890285113.0,M,1.0,26.0,student
313.0,684.0,4.0,8797944881.0,M,1.0,37.0,marketing
642.0,566.0,4.0,884494932.0,F,0.0,17.0,student
14.0,286.0,3.0,887159173.0,M,1.0,40.0,scientist
347.0,7.0,4.0,891031906.0,M,1.0,31.0,librarian
60.0,1161.0,4.0,883326993.0,M,1.0,44.0,healthcare
49.0,652.0,4.0,880396944.0,M,1.0,22.0,student
561.0,687.0,5.0,886483096.0,M,1.0,17.0,student
346.0,568.0,4.0,874785566.0,M,1.0,25.0,other
363.0,652.0,4.0,891401356.0,M,1.0,20.0,student
537.0,100.0,5.0,886030622.0,M,1.0,33.0,other
727.0,10.0,3.0,877136972.0,F,0.0,24.0,student
833.0,687.0,4.0,875224482.0,M,1.0,31.0,writer
130.0,578.0,2.0,884130793.0,M,1.0,20.0,none
867.0,515.0,5.0,876538689.0,M,1.0,23.0,marketing
201.0,676.0,1.0,884140548.0,M,1.0,26.0,writer
847.0,684.0,3.0,885680112.0,M,1.0,26.0,student
847.0,8.0,4.0,886987162.0,M,1.0,23.0,student
621.0,707.0,2.0,889072916.0,M,1.0,17.0,entertainment
643.0,684.0,2.0,891384226.0,M,1.0,42.0,educator
95.0,9.0,4.0,880403539.0,M,1.0,29.0,administrator
757.0,682.0,4.0,882900047.0,M,1.0,25.0,other
622.0,48.0,4.0,878090597.0,M,1.0,32.0,programmer
18.0,592.0,5.0,877975344.0,F,0.0,35.0,homemaker
87.0,533.0,4.0,878182941.0,M,1.0,26.0,administrator
729.0,663.0,3.0,884636967.0,M,1.0,18.0,student
603.0,624.0,1.0,874950931.0,M,1.0,31.0,educator
339.0,276.0,4.0,891031403.0,M,1.0,32.0,lawyer
318.0,527.0,3.0,884495917.0,M,1.0,56.0,retired
704.0,302.0,3.0,879455098.0,M,1.0,45.0,librarian
279.0,288.0,2.0,879520922.0,M,1.0,31.0,programmer
864.0,181.0,2.0,8888941616.0,M,1.0,26.0,programmer
495.0,9.0,4.0,887046236.0,M,1.0,25.0,engineer
608.0,614.0,4.0,880332048.0,M,1.0,22.0,other
276.0,172.0,1.0,879440700.0,M,1.0,21.0,student
579.0,508.0,4.0,875654150.0,F,0.0,18.0,other
870.0,1381.0,2.0,887736900.0,M,1.0,22.0,student
318.0,781.0,5.0,884497155.0,M,1.0,56.0,retired
643.0,936.0,2.0,881108445.0,M,1.0,35.0,educator
798.0,527.0,2.0,875729667.0,M,1.0,40.0,writer
329.0,523.0,2.0,892335883.0,M,1.0,42.0,educator
896.0,111.0,3.0,879178744.0,M,1.0,35.0,other
447.0,631.0,4.0,879978667.0,M,1.0,28.0,administrator
837.0,294.0,5.0,881204712.0,M,1.0,27.0,artist
339.0,288.0,5.0,8910353503.0,M,1.0,32.0,salesman
629.0,1041.0,4.0,879453700.0,F,0.0,36.0,administrator
802.0,607.0,3.0,879454500.0,M,1.0,32.0,programmer
661.0,8.0,5.0,886029778.0,M,1.0,27.0,programmer
97.0,795.0,3.0,892697150.0,M,1.0,39.0,artist
116.0,684.0,4.0,888730150.0,M,1.0,22.0,healthcare
616.0,686.0,2.0,876538900.0,M,1.0,20.0,student
551.0,1035.0,3.0,889731833.0,F,0.0,17.0,student
339.0,186.0,4.0,891033773.0,M,1.0,32.0,lawyer
334.0,474.0,3.0,891250584.0,M,1.0,30.0,librarian
38.0,774.0,3.0,890987647.0,M,1.0,28.0,other
595.0,391.0,3.0,891309001.0,M,1.0,28.0,librarian
648.0,204.0,2.0,875652943.0,M,1.0,23.0,engineer
535.0,966.0,4.0,879521249.0,F,0.0,45.0,educator
323.0,652.0,3.0,888517966.0,M,1.0,21.0,student
452.0,518.0,5.0,880396734.0,M,1.0,18.0,student
60.0,735.0,4.0,884127824.0,M,1.0,22.0,programmer
116.0,658.0,5.0,877383916.0,F,0.0,36.0,healthcare
543.0,825.0,4.0,878963093.0,M,1.0,31.0,scientist
575.0,686.0,4.0,888179940.0,M,1.0,31.0,marketing
744.0,50.0,4.0,875243494.0,M,1.0,29.0,student
566.0,100.0,4.0,883709266.0,M,1.0,56.0,librarian
524.0,603.0,4.0,879441040.0,M,1.0,45.0,educator
843.0,619.0,4.0,885481179.0,M,1.0,27.0,doctor
416.0,710.0,5.0,879876424.0,M,1.0,20.0,student
593.0,705.0,4.0,879443781.0,F,0.0,31.0,educator
119.0,173.0,4.0,888892914.0,M,1.0,30.0,programmer
57.0,558.0,3.0,886622066.0,F,0.0,16.0,none
747.0,38.0,5.0,879454172.0,M,1.0,18.0,other
634.0,553.0,4.0,884294200.0,M,1.0,35.0,engineer
857.0,591.0,4.0,881178442.0,M,1.0,26.0,salesman
269.0,1054.0,3.0,891034491.0,F,0.0,31.0,librarian
776.0,692.0,3.0,879524291.0,M,1.0,27.0,other
10.0,118.0,5.0,891304532.0,M,1.0,28.0,lawyer
815.0,826.0,3.0,875244792.0,M,1.0,30.0,other
815.0,973.0,4.0,879454941.0,M,1.0,30.0,other
666.0,48.0,4.0,877907832.0,M,1.0,39.0,executive
399.0,191.0,3.0,887745260.0,M,1.0,24.0,other
721.0,7.0,4.0,890595859.0,F,0.0,24.0,entertainment
892.0,566.0,4.0,885809939.0,M,1.0,33.0,other
303.0,705.0,4.0,879877905.0,M,1.0,18.0,student
14.0,515.0,3.0,876407703.0,M,1.0,40.0,engineer
907.0,153.0,1.0,883364425.0,F,0.0,50.0,healthcare
939.0,496.0,1.0,885685946.0,M,1.0,26.0,student
94.0,238.0,2.0,892879325.0,M,1.0,25.0,student
456.0,568.0,3.0,877886992.0,M,1.0,23.0,technician
271.0,1251.0,5.0,885424790.0,M,1.0,45.0,engineer
666.0,1016.0,5.0,877112069.0,M,1.0,39.0,administrator
334.0,527.0,2.0,891545410.0,M,1.0,30.0,librarian
757.0,498.0,3.0,889289278.0,M,1.0,25.0,student
487.0,663.0,4.0,892079237.0,M,1.0,70.0,retired
532.0,524.0,5.0,884065824.0,M,1.0,20.0,student
291.0,628.0,3.0,874730320.0,M,1.0,18.0,student
887.0,835.0,4.0,876524474.0,F,0.0,10.0,student
279.0,565.0,3.0,875254150.0,M,1.0,31.0,programmer
208.0,541.0,5.0,885849886.0,M,1.0,39.0,engineer
5.0,685.0,5.0,891013320.0,M,1.0,25.0,executive
618.0,50.0,5.0,888486445.0,F,0.0,11.0,student
303.0,186.0,4.0,877484777.0,M,1.0,18.0,student
145.0,11.0,4.0,880396818.0,M,1.0,29.0,entertainment
378.0,1039.0,3.0,880054791.0,M,1.0,32.0,student
417.0,748.0,3.0,878157327.0,F,0.0,27.0,other
655.0,631.0,4.0,88661019.0,F,0.0,50.0,healthcare
818.0,1513.0,4.0,877196567.0,M,1.0,36.0,artist
881.0,527.0,1.0,884125879.0,M,1.0,35.0,marketing
686.0,658.0,4.0,879465735.0,M,1.0,35.0,educator
660.0,494.0,5.0,886397781.0,M,1.0,25.0,student
711.0,431.0,3.0,886480206.0,F,0.0,22.0,student
5.0,826.0,4.0,886328034.0,F,0.0,25.0,other
373.0,971.0,4.0,87494979438.0,M,1.0,24.0,other
544.0,566.0,3.0,881515112.0,M,1.0,35.0,scientist
279.0,651.0,4.0,875728783.0,M,1.0,23.0,programmer
639.0,1059.0,1.0,889737889.0,F,0.0,27.0,other
634.0,926.0,3.0,874787647.0,M,1.0,20.0,student
867.0,932.0,3.0,880242724.0,M,1.0,27.0,scientist
535.0,8.0,2.0,891449287.0,M,1.0,31.0,librarian
870.0,11.0,3.0,875309866.0,M,1.0,22.0,programmer
303.0,498.0,4.0,875453474.0,M,1.0,18.0,student
710.0,463.0,3.0,879444582.0,F,0.0,56.0,librarian
840.0,751.0,5.0,892957860.0,M,1.0,35.0,artist
648.0,708.0,4.0,882385348.0,M,1.0,39.0,engineer
774.0,519.0,4.0,875289599.0,M,1.0,28.0,student
532.0,938.0,3.0,886986397.0,M,1.0,20.0,student
622.0,333.0,3.0,874873158.0,F,0.0,32.0,salesman
308.0,658.0,3.0,887735970.0,M,1.0,52.0,retired
806.0,938.0,4.0,880473536.0,M,1.0,27.0,marketing
221.0,516.0,3.0,891497523.0,M,1.0,18.0,student
303.0,663.0,2.0,879544054.0,M,1.0,18.0,student
751.0,707.0,3.0,879993713.0,F,0.0,24.0,other
22.0,7.0,3.0,876406953.0,M,1.0,17.0,student
470.0,748.0,4.0,880057137.0,M,1.0,23.0,programmer
897.0,8.0,4.0,877819206.0,M,1.0,10.0,other
6.0,748.0,4.0,884130593.0,M,1.0,38.0,executive
308.0,4.0,5.0,887739171.0,M,1.0,52.0,retired
158.0,521.0,5.0,880410346.0,M,1.0,44.0,educator
100.0,357.0,4.0,880139323.0,M,1.0,39.0,executive
290.0,1219.0,4.0,880578598.0,M,1.0,35.0,engineer
621.0,1013.0,4.0,888890692.0,M,1.0,17.0,student
416.0,79.0,3.0,879445037.0,F,0.0,20.0,student
751.0,568.0,4.0,875320689.0,M,1.0,18.0,other
629.0,288.0,2.0,887745699.0,M,1.0,51.0,other
269.0,697.0,5.0,891435204.0,M,1.0,31.0,librarian
239.0,662.0,5.0,888549051.0,M,1.0,35.0,artist
543.0,50.0,3.0,876549808.0,M,1.0,31.0,other
840.0,652.0,4.0,891218059.0,M,1.0,35.0,artist
456.0,692.0,2.0,879035307.0,M,1.0,23.0,technician
788.0,1035.0,3.0,883757703.0,M,1.0,36.0,administrator
868.0,1047.0,4.0,888556974.0,M,1.0,21.0,student
758.0,684.0,2.0,884131672.0,M,1.0,26.0,student
332.0,744.0,4.0,888556075.0,M,1.0,20.0,student
357.0,1053.0,1.0,885843700.0,M,1.0,25.0,executive
747.0,524.0,5.0,889669565.0,M,1.0,18.0,student
810.0,197.0,4.0,884131558.0,F,0.0,35.0,other
796.0,763.0,3.0,875286944.0,F,0.0,25.0,other
553.0,1203.0,4.0,891310475.0,M,1.0,50.0,educator
2.0,511.0,5.0,883326426.0,M,1.0,23.0,technician
311.0,181.0,4.0,882140839.0,M,1.0,30.0,technician
524.0,11.0,3.0,879448604.0,M,1.0,45.0,educator
279.0,871.0,5.0,875247944.0,M,1.0,31.0,programmer
234.0,100.0,5.0,875744099.0,M,1.0,52.0,retired
901.0,591.0,5.0,880136707.0,F,0.0,35.0,executive
385.0,651.0,5.0,879454958.0,M,1.0,33.0,writer
65.0,515.0,3.0,879011654.0,M,1.0,42.0,educator
514.0,8.0,4.0,879444596.0,M,1.0,26.0,salesman
115.0,597.0,5.0,885844405.0,M,1.0,39.0,engineer
757.0,551.0,4.0,882677940.0,M,1.0,25.0,student
334.0,98.0,4.0,891633653.0,M,1.0,30.0,librarian
632.0,1059.0,3.0,879444187.0,F,0.0,17.0,student
381.0,237.0,3.0,875654830.0,M,1.0,31.0,artist
870.0,968.0,4.0,887159502.0,M,1.0,22.0,student
934.0,100.0,4.0,880178019.0,M,1.0,27.0,student
655.0,12.0,1.0,883348688.0,M,1.0,50.0,healthcare
478.0,8.0,2.0,875242319.0,M,1.0,27.0,administrator
195.0,588.0,4.0,875285534.0,M,1.0,38.0,other
870.0,663.0,4.0,875133792.0,M,1.0,22.0,student
244.0,961.0,3.0,880314366.0,M,1.0,27.0,technician
669.0,916.0,4.0,880131510.0,M,1.0,34.0,other
421.0,682.0,2.0,875653888.0,F,0.0,38.0,programmer
264.0,245.0,4.0,882608158.0,F,0.0,48.0,writer
627.0,8.0,4.0,880925199.0,M,1.0,23.0,programmer
244.0,1052.0,4.0,878759914.0,M,1.0,27.0,technician
21.0,895.0,1.0,888451573.0,M,1.0,24.0,writer
59.0,82.0,2.0,884498238.0,M,1.0,43.0,educator
94.0,1219.0,2.0,888069660.0,M,1.0,25.0,student
660.0,100.0,3.0,891207940.0,M,1.0,25.0,educator
879.0,603.0,3.0,880606619.0,M,1.0,28.0,other
655.0,732.0,2.0,886610174.0,F,0.0,50.0,healthcare
880.0,1228.0,4.0,875324370.0,M,1.0,11.0,programmer
717.0,7.0,5.0,888889186.0,F,0.0,21.0,writer
543.0,662.0,3.0,881107851.0,M,1.0,31.0,administrator
503.0,569.0,1.0,888521379.0,F,0.0,30.0,writer
586.0,56.0,3.0,884636247.0,M,1.0,35.0,educator
194.0,638.0,5.0,879466604.0,M,1.0,35.0,administrator
835.0,875.0,1.0,878962086.0,M,1.0,44.0,executive
145.0,742.0,5.0,875271684.0,M,1.0,29.0,entertainment
327.0,684.0,4.0,884923922.0,M,1.0,22.0,student
458.0,237.0,5.0,878692444.0,M,1.0,42.0,technician
545.0,511.0,4.0,875654636.0,M,1.0,26.0,programmer
532.0,559.0,1.0,891200047.0,M,1.0,20.0,student
447.0,15.0,5.0,880889553.0,M,1.0,27.0,other
200.0,696.0,4.0,880332259.0,M,1.0,31.0,programmer
934.0,56.0,3.0,881653754.0,M,1.0,26.0,student
62.0,948.0,4.0,883709711.0,F,0.0,27.0,administrator
655.0,581.0,5.0,884983531.0,M,1.0,50.0,healthcare
100.0,1101.0,4.0,875245768.0,M,1.0,38.0,executive
293.0,745.0,4.0,888905582.0,M,1.0,23.0,writer
658.0,527.0,4.0,893099001.0,M,1.0,46.0,librarian
848.0,627.0,4.0,887045273.0,M,1.0,41.0,engineer
894.0,749.0,4.0,884129471.0,M,1.0,42.0,administrator
846.0,603.0,4.0,883947694.0,M,1.0,26.0,lawyer
843.0,276.0,4.0,885158949.0,M,1.0,41.0,writer
675.0,856.0,2.0,879434752.0,M,1.0,23.0,administrator
13.0,627.0,3.0,888890695.0,M,1.0,42.0,educator
655.0,782.0,5.0,891264524.0,F,0.0,50.0,healthcare
870.0,995.0,3.0,886921977.0,M,1.0,26.0,librarian
429.0,1172.0,4.0,885479153.0,M,1.0,26.0,student
504.0,498.0,5.0,879441492.0,F,0.0,40.0,writer
537.0,1171.0,5.0,884064292.0,M,1.0,33.0,librarian
347.0,654.0,4.0,875731814.0,M,1.0,18.0,student
95.0,511.0,5.0,879444904.0,M,1.0,29.0,administrator
64.0,423.0,5.0,877108535.0,M,1.0,30.0,educator
712.0,1023.0,3.0,888104353.0,F,0.0,48.0,administrator
213.0,276.0,2.0,878962086.0,M,1.0,31.0,executive
566.0,972.0,4.0,877225433.0,M,1.0,20.0,student
416.0,546.0,3.0,879875653.0,F,0.0,20.0,student
21.0,1473.0,2.0,888905005.0,F,0.0,23.0,writer
640.0,527.0,5.0,882621703.0,M,1.0,20.0,student
321.0,708.0,3.0,879948912.0,F,0.0,49.0,educator
532.0,782.0,3.0,885844019.0,M,1.0,20.0,student
136.0,195.0,3.0,883877576.0,M,1.0,27.0,other
403.0,518.0,4.0,879793057.0,M,1.0,34.0,other
437.0,1278.0,1.0,875349862.0,F,0.0,27.0,other
627.0,639.0,3.0,879454540.0,M,1.0,23.0,programmer
447.0,754.0,3.0,8897292106.0,M,1.0,27.0,administrator
253.0,554.0,3.0,886921906.0,F,0.0,26.0,librarian
347.0,693.0,4.0,878961814.0,M,1.0,18.0,student
405.0,603.0,3.0,884283645.0,F,0.0,22.0,healthcare
234.0,271.0,3.0,892079617.0,M,1.0,52.0,retired
747.0,989.0,3.0,888518714.0,F,0.0,18.0,other
479.0,696.0,4.0,884365883.0,M,1.0,28.0,educator
318.0,671.0,4.0,887744328.0,M,1.0,56.0,retired
916.0,967.0,5.0,875653471.0,M,1.0,26.0,engineer
151.0,1242.0,5.0,879455020.0,F,0.0,38.0,educator
10.0,471.0,3.0,880307000.0,F,0.0,46.0,lawyer
429.0,826.0,5.0,883348803.0,M,1.0,26.0,student
308.0,1221.0,2.0,887745622.0,M,1.0,52.0,retired
430.0,774.0,4.0,875659265.0,M,1.0,35.0,scientist
627.0,534.0,3.0,877104589.0,M,1.0,23.0,engineer
716.0,127.0,4.0,885048666.0,F,0.0,45.0,administrator
145.0,762.0,5.0,875295730.0,M,1.0,29.0,entertainment
230.0,743.0,4.0,879561783.0,F,0.0,30.0,artist
320.0,7.0,3.0,884923748.0,M,1.0,18.0,student
893.0,64.0,1.0,8884667637.0,M,1.0,43.0,healthcare
716.0,988.0,3.0,879546845.0,F,0.0,50.0,administrator
553.0,581.0,5.0,887912468.0,M,1.0,29.0,executive
299.0,513.0,3.0,880572566.0,M,1.0,27.0,doctor
318.0,948.0,4.0,878695866.0,M,1.0,70.0,retired
666.0,573.0,3.0,879193904.0,M,1.0,39.0,administrator
642.0,866.0,5.0,875028773.0,M,1.0,17.0,student
456.0,679.0,1.0,888104116.0,M,1.0,27.0,technician
233.0,895.0,4.0,889737889.0,M,1.0,30.0,engineer
21.0,476.0,3.0,879969644.0,M,1.0,24.0,entertainment
521.0,64.0,3.0,886484753.0,M,1.0,21.0,educator
374.0,1406.0,5.0,875310116.0,M,1.0,33.0,executive
332.0,1133.0,4.0,879442071.0,M,1.0,20.0,student
847.0,294.0,4.0,874854142.0,M,1.0,27.0,student
896.0,573.0,5.0,880845651.0,F,0.0,35.0,marketing
312.0,940.0,4.0,891449153.0,M,1.0,42.0,marketing
583.0,828.0,3.0,879192762.0,M,1.0,39.0,executive
230.0,546.0,3.0,882077003.0,F,0.0,30.0,student
552.0,8.0,4.0,879441195.0,M,1.0,54.0,executive
405.0,511.0,4.0,884304822.0,F,0.0,22.0,healthcare
622.0,98.0,4.0,875242719.0,M,1.0,24.0,programmer
406.0,476.0,3.0,882396976.0,M,1.0,46.0,educator
294.0,712.0,4.0,878962086.0,M,1.0,31.0,technician
343.0,684.0,5.0,876407994.0,M,1.0,39.0,engineer
616.0,173.0,2.0,884129924.0,F,0.0,46.0,educator
618.0,928.0,2.0,880242983.0,M,1.0,11.0,student
758.0,988.0,3.0,884314881.0,M,1.0,26.0,student
655.0,181.0,4.0,879521095.0,F,0.0,50.0,healthcare
407.0,1133.0,5.0,875303820.0,M,1.0,27.0,engineer
161.0,741.0,2.0,879444597.0,M,1.0,26.0,lawyer
645.0,651.0,4.0,882075520.0,M,1.0,26.0,programmer
357.0,748.0,4.0,879877062.0,M,1.0,25.0,executive
510.0,300.0,3.0,879388550.0,M,1.0,31.0,other
42.0,423.0,3.0,883261962.0,M,1.0,28.0,administrator
459.0,687.0,3.0,884471023.0,M,1.0,22.0,student
339.0,497.0,4.0,891030182.0,M,1.0,32.0,lawyer
804.0,940.0,5.0,879875483.0,M,1.0,35.0,educator
645.0,551.0,3.0,886443467.0,M,1.0,26.0,programmer
392.0,526.0,2.0,893214111.0,M,1.0,46.0,writer
361.0,568.0,3.0,886832344.0,M,1.0,22.0,student
5.0,945.0,4.0,888521957.0,F,0.0,33.0,executive
152.0,603.0,3.0,879449912.0,M,1.0,35.0,educator
225.0,823.0,3.0,879873988.0,F,0.0,42.0,administrator
339.0,1059.0,2.0,891038979.0,M,1.0,32.0,lawyer
311.0,1166.0,5.0,880844862.0,M,1.0,30.0,technician
871.0,874.0,3.0,880475782.0,M,1.0,29.0,executive
393.0,471.0,1.0,889651549.0,M,1.0,18.0,student
360.0,710.0,4.0,877109545.0,M,1.0,70.0,other
771.0,945.0,4.0,882510277.0,M,1.0,18.0,student
606.0,547.0,3.0,875183971.0,M,1.0,27.0,programmer
305.0,944.0,4.0,880166771.0,M,1.0,23.0,student
606.0,881.0,4.0,891031477.0,M,1.0,27.0,programmer
85.0,723.0,5.0,882677936.0,M,1.0,45.0,educator
345.0,716.0,4.0,884124929.0,F,0.0,28.0,librarian
786.0,1085.0,3.0,885849886.0,M,1.0,40.0,engineer
13.0,741.0,5.0,881515778.0,M,1.0,42.0,educator
354.0,710.0,3.0,879896608.0,F,0.0,29.0,librarian
796.0,684.0,3.0,875154968.0,F,0.0,32.0,writer
23.0,477.0,5.0,875350239.0,M,1.0,30.0,artist
497.0,50.0,4.0,879013935.0,M,1.0,20.0,student
342.0,588.0,5.0,875045269.0,M,1.0,25.0,other
796.0,518.0,3.0,875652868.0,F,0.0,11.0,none
796.0,7.0,5.0,893218717.0,F,0.0,32.0,writer
595.0,471.0,4.0,891250584.0,M,1.0,31.0,librarian
95.0,871.0,4.0,879446018.0,M,1.0,29.0,administrator
554.0,9.0,4.0,885813067.0,M,1.0,30.0,engineer
406.0,774.0,4.0,880134296.0,M,1.0,46.0,educator
533.0,705.0,3.0,879857898.0,F,0.0,39.0,librarian
292.0,746.0,4.0,879444598.0,M,1.0,35.0,programmer
659.0,815.0,5.0,882359417.0,M,1.0,29.0,educator
479.0,9.0,3.0,879439645.0,M,1.0,35.0,educator
533.0,471.0,5.0,879444021.0,M,1.0,35.0,student
144.0,7.0,5.0,884535893.0,M,1.0,46.0,programmer
334.0,50.0,4.0,891547793.0,M,1.0,30.0,librarian
339.0,1047.0,5.0,891033263.0,M,1.0,32.0,lawyer
523.0,489.0,3.0,875729667.0,M,1.0,29.0,scientist
328.0,684.0,3.0,882821033.0,M,1.0,43.0,administrator
23.0,9.0,3.0,874785859.0,M,1.0,31.0,artist
321.0,744.0,4.0,886474753.0,F,0.0,49.0,educator
5.0,514.0,4.0,890788639.0,F,0.0,25.0,other
346.0,582.0,4.0,879521023.0,M,1.0,31.0,other
846.0,945.0,4.0,883949808.0,M,1.0,26.0,lawyer
498.0,682.0,4.0,885682624.0,M,1.0,32.0,writer
637.0,719.0,4.0,886032123.0,F,0.0,37.0,other
865.0,237.0,3.0,883875986.0,M,1.0,24.0,artist
90.0,531.0,4.0,891208358.0,M,1.0,52.0,educator
699.0,483.0,4.0,887911444.0,M,1.0,38.0,other
532.0,82.0,5.0,889289491.0,M,1.0,20.0,other
8.0,831.0,1.0,879111763.0,M,1.0,33.0,administrator
545.0,514.0,2.0,885816915.0,M,1.0,26.0,student
699.0,568.0,4.0,875247975.0,M,1.0,39.0,other
796.0,955.0,4.0,884883424.0,M,1.0,25.0,writer
815.0,56.0,4.0,879541399.0,M,1.0,30.0,other
889.0,276.0,4.0,884050502.0,M,1.0,23.0,technician
504.0,483.0,4.0,891387704.0,F,0.0,40.0,writer
669.0,596.0,4.0,881370112.0,M,1.0,34.0,other
221.0,1276.0,4.0,875981411.0,M,1.0,18.0,student
666.0,551.0,4.0,883877002.0,M,1.0,39.0,administrator
249.0,1220.0,4.0,884923329.0,M,1.0,24.0,student
189.0,651.0,5.0,893219336.0,M,1.0,30.0,artist
343.0,50.0,4.0,886014589.0,M,1.0,39.0,engineer
825.0,485.0,3.0,885155854.0,M,1.0,41.0,engineer
417.0,1132.0,4.0,879445369.0,F,0.0,27.0,other
738.0,657.0,3.0,880845651.0,M,1.0,53.0,engineer
919.0,662.0,4.0,875280352.0,M,1.0,24.0,other
474.0,276.0,3.0,887912382.0,M,1.0,45.0,executive
374.0,648.0,5.0,875280518.0,M,1.0,33.0,executive
815.0,567.0,3.0,888634987.0,M,1.0,30.0,other
130.0,288.0,4.0,877126823.0,M,1.0,20.0,none
524.0,1020.0,4.0,879424784.0,M,1.0,49.0,educator
7.0,684.0,4.0,879441653.0,M,1.0,22.0,student
234.0,685.0,4.0,891383687.0,M,1.0,70.0,retired
887.0,742.0,3.0,889289491.0,F,0.0,10.0,student
838.0,553.0,5.0,888069066.0,M,1.0,23.0,student
347.0,697.0,3.0,884984149.0,M,1.0,18.0,student
843.0,563.0,3.0,884749889.0,M,1.0,22.0,marketing
833.0,527.0,3.0,875129827.0,M,1.0,31.0,writer
125.0,873.0,5.0,887740606.0,M,1.0,28.0,lawyer
592.0,685.0,3.0,875654896.0,F,0.0,50.0,educator
303.0,50.0,4.0,879540126.0,M,1.0,18.0,student
846.0,79.0,4.0,883947789.0,M,1.0,26.0,lawyer
403.0,471.0,4.0,879484159.0,M,1.0,34.0,other
790.0,752.0,4.0,880178123.0,M,1.0,26.0,technician
271.0,732.0,4.0,885848886.0,M,1.0,45.0,engineer
437.0,484.0,3.0,886307930.0,F,0.0,27.0,student
659.0,5.0,4.0,882385294.0,M,1.0,28.0,programmer
514.0,459.0,4.0,880331956.0,M,1.0,26.0,programmer
848.0,758.0,4.0,879875087.0,M,1.0,22.0,engineer
764.0,697.0,4.0,880845654.0,M,1.0,26.0,programmer
181.0,694.0,4.0,878961780.0,M,1.0,25.0,executive
592.0,531.0,3.0,875979256.0,M,1.0,18.0,other
422.0,14.0,3.0,877136988.0,M,1.0,31.0,entertainment
883.0,875.0,4.0,891447747.0,M,1.0,43.0,librarian
343.0,496.0,4.0,888556465.0,M,1.0,39.0,engineer
713.0,724.0,2.0,875045269.0,F,0.0,26.0,other
705.0,14.0,4.0,879454763.0,F,0.0,21.0,student
64.0,1098.0,3.0,886322893.0,M,1.0,30.0,educator
301.0,1093.0,3.0,881958471.0,M,1.0,23.0,student
535.0,696.0,4.0,879439684.0,M,1.0,45.0,educator
302.0,1028.0,5.0,879793103.0,M,1.0,38.0,educator
472.0,823.0,3.0,879441396.0,M,1.0,23.0,student
510.0,639.0,3.0,879441043.0,M,1.0,31.0,other
697.0,431.0,3.0,888533284.0,M,1.0,24.0,other
301.0,735.0,5.0,882388574.0,M,1.0,23.0,student
307.0,595.0,4.0,880937710.0,M,1.0,23.0,student
181.0,705.0,4.0,878962780.0,M,1.0,25.0,executive
749.0,731.0,5.0,887739757.0,M,1.0,31.0,other
676.0,707.0,4.0,880242220.0,M,1.0,27.0,student
682.0,7.0,5.0,888103856.0,M,1.0,23.0,programmer
429.0,1092.0,4.0,882399655.0,M,1.0,26.0,student
711.0,121.0,3.0,880572748.0,M,1.0,22.0,student
92.0,318.0,5.0,875653768.0,M,1.0,30.0,entertainment
648.0,566.0,4.0,885848886.0,M,1.0,26.0,engineer
514.0,50.0,2.0,887158935.0,M,1.0,22.0,programmer
798.0,507.0,3.0,879439760.0,M,1.0,40.0,other
741.0,748.0,5.0,891013959.0,F,0.0,24.0,writer
405.0,866.0,1.0,884366397.0,F,0.0,22.0,healthcare
865.0,1042.0,5.0,886443476.0,M,1.0,24.0,artist
639.0,865.0,2.0,887910294.0,M,1.0,34.0,other
222.0,629.0,5.0,876013347.0,M,1.0,27.0,programmer
23.0,79.0,1.0,886921426.0,F,0.0,30.0,writer
110.0,654.0,5.0,885810703.0,M,1.0,18.0,student
271.0,727.0,3.0,876110379.0,M,1.0,45.0,engineer
308.0,682.0,5.0,887737338.0,M,1.0,52.0,retired
901.0,628.0,5.0,880843862.0,M,1.0,35.0,executive
7.0,689.0,4.0,891196130.0,M,1.0,42.0,administrator
109.0,1058.0,5.0,881106637.0,M,1.0,27.0,other
466.0,1074.0,4.0,885132612.0,M,1.0,20.0,student
561.0,823.0,4.0,888451673.0,M,1.0,23.0,technician
707.0,333.0,5.0,891037121.0,F,0.0,56.0,librarian
387.0,597.0,4.0,875320689.0,M,1.0,31.0,entertainment
342.0,1039.0,2.0,891309927.0,M,1.0,25.0,other
435.0,7.0,4.0,884131440.0,M,1.0,23.0,engineer
293.0,288.0,1.0,889486633.0,M,1.0,23.0,writer
145.0,449.0,2.0,877719408.0,M,1.0,29.0,entertainment
545.0,875.0,2.0,888904027.0,M,1.0,23.0,technician
378.0,633.0,4.0,880845206.0,M,1.0,32.0,student
645.0,474.0,4.0,891037106.0,M,1.0,26.0,writer
590.0,687.0,2.0,891545891.0,M,1.0,44.0,writer
568.0,276.0,4.0,879545099.0,M,1.0,35.0,educator
145.0,1047.0,4.0,875216507.0,M,1.0,29.0,entertainment
495.0,709.0,5.0,875729107.0,M,1.0,27.0,engineer
201.0,483.0,3.0,884131811.0,M,1.0,26.0,writer
356.0,134.0,3.0,887912568.0,F,0.0,44.0,marketing
541.0,463.0,1.0,889731216.0,F,0.0,17.0,student
843.0,7.0,3.0,884133047.0,M,1.0,32.0,librarian
932.0,472.0,5.0,879466104.0,M,1.0,30.0,educator
312.0,605.0,3.0,891696999.0,M,1.0,42.0,other
268.0,636.0,4.0,883108984.0,M,1.0,23.0,engineer
776.0,727.0,3.0,891304852.0,F,0.0,28.0,librarian
705.0,517.0,4.0,882397955.0,M,1.0,21.0,student
393.0,685.0,4.0,879896680.0,M,1.0,18.0,student
758.0,8.0,4.0,888633310.0,M,1.0,26.0,student
387.0,111.0,4.0,886479610.0,M,1.0,31.0,entertainment
643.0,514.0,2.0,879385941.0,M,1.0,35.0,scientist
524.0,923.0,3.0,879147807.0,M,1.0,49.0,scientist
299.0,288.0,3.0,878354701.0,M,1.0,27.0,doctor
318.0,968.0,4.0,884495399.0,M,1.0,56.0,retired
380.0,741.0,4.0,879875432.0,M,1.0,30.0,administrator
222.0,864.0,4.0,884491993.0,M,1.0,27.0,programmer
521.0,934.0,4.0,891297411.0,M,1.0,43.0,librarian
363.0,181.0,4.0,891436640.0,M,1.0,20.0,student
543.0,15.0,4.0,888546397.0,M,1.0,35.0,scientist
145.0,258.0,5.0,875652529.0,M,1.0,29.0,entertainment
804.0,527.0,5.0,891478689.0,M,1.0,35.0,educator
788.0,462.0,4.0,879877007.0,M,1.0,44.0,homemaker
244.0,686.0,4.0,875224252.0,M,1.0,27.0,technician
243.0,511.0,4.0,891284184.0,M,1.0,31.0,educator
305.0,742.0,4.0,887160209.0,M,1.0,27.0,programmer
749.0,885.0,2.0,877550984.0,M,1.0,31.0,other
8.0,684.0,3.0,879466471.0,M,1.0,33.0,administrator
94.0,14.0,3.0,88949078.0,M,1.0,25.0,student
85.0,471.0,3.0,879440183.0,M,1.0,45.0,educator
435.0,234.0,3.0,884131815.0,M,1.0,23.0,engineer
580.0,756.0,4.0,879875612.0,F,0.0,16.0,student
940.0,725.0,5.0,891363756.0,M,1.0,48.0,engineer
85.0,518.0,4.0,879373467.0,M,1.0,45.0,administrator
95.0,478.0,4.0,883195781.0,M,1.0,29.0,administrator
727.0,56.0,2.0,883109319.0,M,1.0,26.0,programmer
862.0,909.0,4.0,880134296.0,M,1.0,24.0,executive
181.0,286.0,2.0,878961303.0,M,1.0,25.0,executive
532.0,944.0,4.0,882386591.0,M,1.0,20.0,student
504.0,653.0,5.0,879304714.0,F,0.0,40.0,writer
606.0,13.0,4.0,878696840.0,M,1.0,23.0,programmer
357.0,604.0,3.0,880150994.0,F,0.0,25.0,executive
234.0,646.0,3.0,879298206.0,M,1.0,52.0,retired
566.0,322.0,4.0,879443988.0,M,1.0,36.0,student
85.0,883.0,4.0,879876563.0,M,1.0,42.0,educator
888.0,517.0,4.0,883711069.0,M,1.0,30.0,administrator
295.0,521.0,3.0,880525782.0,M,1.0,29.0,educator
251.0,709.0,4.0,887746091.0,M,1.0,27.0,doctor
406.0,546.0,5.0,882385164.0,M,1.0,46.0,educator
806.0,333.0,3.0,879436748.0,M,1.0,35.0,marketing
801.0,294.0,4.0,877137029.0,M,1.0,35.0,marketing
831.0,1023.0,5.0,891208715.0,M,1.0,41.0,educator
880.0,1091.0,5.0,891204159.0,M,1.0,11.0,student
541.0,659.0,4.0,882824467.0,M,1.0,18.0,student
619.0,873.0,3.0,88004629.0,M,1.0,24.0,other
479.0,813.0,3.0,879298206.0,M,1.0,28.0,educator
271.0,755.0,3.0,880432665.0,M,1.0,45.0,scientist
393.0,8.0,5.0,889739905.0,M,1.0,18.0,student
472.0,711.0,4.0,880077955.0,M,1.0,23.0,student
882.0,521.0,4.0,880479871.0,M,1.0,23.0,engineer
940.0,833.0,3.0,891401631.0,M,1.0,50.0,administrator
716.0,1418.0,4.0,884132181.0,M,1.0,36.0,administrator
194.0,751.0,4.0,879366061.0,M,1.0,35.0,administrator
521.0,687.0,1.0,883348948.0,M,1.0,18.0,student
871.0,15.0,4.0,878961783.0,M,1.0,24.0,executive
429.0,1383.0,3.0,882348548.0,M,1.0,26.0,student
548.0,934.0,5.0,885848584.0,M,1.0,39.0,engineer
757.0,748.0,5.0,889789618.0,M,1.0,25.0,student
271.0,678.0,5.0,891351103.0,M,1.0,45.0,engineer
847.0,661.0,4.0,880243606.0,M,1.0,27.0,student
899.0,678.0,4.0,885680149.0,M,1.0,30.0,other
456.0,865.0,4.0,884131816.0,M,1.0,26.0,technician
303.0,885.0,3.0,884127029.0,M,1.0,18.0,student
532.0,1039.0,4.0,887910552.0,M,1.0,18.0,student
758.0,10.0,4.0,877225723.0,M,1.0,32.0,student
222.0,694.0,2.0,884064269.0,M,1.0,27.0,programmer
665.0,9.0,4.0,893218959.0,M,1.0,48.0,other
160.0,682.0,4.0,875654300.0,M,1.0,26.0,programmer
621.0,848.0,5.0,876538763.0,M,1.0,18.0,student
299.0,508.0,4.0,880604287.0,M,1.0,27.0,doctor
569.0,471.0,1.0,879563471.0,M,1.0,45.0,educator
936.0,168.0,4.0,875271680.0,M,1.0,23.0,student
334.0,762.0,3.0,889067495.0,M,1.0,30.0,librarian
651.0,932.0,4.0,879440211.0,M,1.0,38.0,administrator
780.0,79.0,4.0,883523919.0,M,1.0,26.0,programmer
566.0,521.0,3.0,889672917.0,M,1.0,20.0,student
592.0,9.0,4.0,891205582.0,M,1.0,18.0,student
545.0,710.0,3.0,892685926.0,M,1.0,26.0,programmer
435.0,15.0,4.0,884131522.0,M,1.0,23.0,engineer
13.0,629.0,4.0,879444546.0,M,1.0,42.0,educator
95.0,653.0,4.0,888634751.0,M,1.0,29.0,administrator
85.0,111.0,4.0,885828566.0,M,1.0,35.0,educator
160.0,528.0,5.0,883697236.0,F,0.0,36.0,marketing
932.0,748.0,4.0,886397431.0,M,1.0,50.0,educator
7.0,936.0,4.0,879874934.0,F,0.0,48.0,administrator
7.0,8.0,4.0,879109972.0,M,1.0,45.0,administrator
42.0,696.0,4.0,879192901.0,M,1.0,28.0,administrator
500.0,1229.0,3.0,883711069.0,M,1.0,27.0,administrator
1.0,849.0,3.0,876537505.0,M,1.0,23.0,technician
697.0,558.0,3.0,875659071.0,M,1.0,24.0,other
474.0,549.0,4.0,886441093.0,M,1.0,50.0,executive
290.0,9.0,3.0,877107810.0,F,0.0,36.0,engineer
805.0,127.0,3.0,879539953.0,F,0.0,27.0,other
804.0,690.0,4.0,879793086.0,M,1.0,35.0,educator
69.0,466.0,4.0,884365862.0,M,1.0,30.0,administrator
303.0,762.0,5.0,879447962.0,M,1.0,18.0,student
666.0,628.0,4.0,891384372.0,M,1.0,39.0,administrator
385.0,566.0,4.0,879466214.0,M,1.0,33.0,writer
650.0,762.0,3.0,891208717.0,M,1.0,38.0,engineer
472.0,561.0,5.0,879440475.0,M,1.0,23.0,scientist
593.0,685.0,4.0,879192658.0,M,1.0,49.0,educator
747.0,8.0,3.0,888641999.0,M,1.0,18.0,other
650.0,907.0,2.0,891384491.0,M,1.0,38.0,engineer
666.0,1097.0,5.0,879191859.0,M,1.0,39.0,administrator
913.0,826.0,4.0,888479374.0,M,1.0,26.0,student
748.0,744.0,4.0,889554750.0,M,1.0,30.0,administrator
116.0,79.0,4.0,879442038.0,F,0.0,36.0,healthcare
727.0,628.0,3.0,881105653.0,M,1.0,25.0,student
823.0,546.0,2.0,882395717.0,M,1.0,26.0,homemaker
643.0,258.0,3.0,882141409.0,M,1.0,35.0,scientist
371.0,781.0,3.0,880572742.0,M,1.0,33.0,engineer
727.0,474.0,4.0,881975932.0,M,1.0,24.0,student
807.0,678.0,4.0,875247475.0,M,1.0,25.0,other
447.0,709.0,3.0,879454941.0,M,1.0,27.0,administrator
790.0,1471.0,4.0,875299434.0,M,1.0,28.0,technician
930.0,691.0,4.0,875262900.0,F,0.0,44.0,other
417.0,928.0,4.0,879459871.0,F,0.0,27.0,other
727.0,469.0,3.0,875982098.0,M,1.0,24.0,student
653.0,7.0,4.0,879875818.0,M,1.0,29.0,executive
794.0,969.0,3.0,879533020.0,M,1.0,42.0,educator
913.0,846.0,4.0,88863454530.0,F,0.0,26.0,student
615.0,8.0,4.0,879437551.0,M,1.0,35.0,educator
312.0,7.0,2.0,875289934.0,M,1.0,42.0,other
494.0,926.0,3.0,891387569.0,M,1.0,50.0,programmer
707.0,710.0,4.0,879848551.0,F,0.0,56.0,librarian
675.0,708.0,4.0,874787587.0,M,1.0,21.0,programmer
595.0,237.0,4.0,888905099.0,M,1.0,24.0,programmer
380.0,523.0,4.0,891384305.0,F,0.0,30.0,engineer
308.0,709.0,3.0,887738286.0,M,1.0,52.0,retired
171.0,619.0,3.0,892738644.0,F,0.0,48.0,educator
796.0,688.0,4.0,875748343.0,F,0.0,36.0,writer
76.0,629.0,4.0,886475682.0,M,1.0,23.0,entertainment
181.0,989.0,4.0,890287508.0,M,1.0,25.0,executive
405.0,300.0,1.0,884365881.0,F,0.0,22.0,healthcare
894.0,153.0,5.0,880124090.0,M,1.0,42.0,educator
846.0,515.0,4.0,879448604.0,M,1.0,26.0,librarian
889.0,484.0,2.0,881373900.0,M,1.0,23.0,technician
102.0,988.0,4.0,882904867.0,M,1.0,35.0,programmer
758.0,719.0,5.0,881977428.0,M,1.0,26.0,student
90.0,654.0,3.0,891388574.0,M,1.0,52.0,educator
484.0,991.0,4.0,879814365.0,M,1.0,36.0,educator
389.0,498.0,4.0,889380049.0,F,0.0,44.0,writer
409.0,877.0,4.0,877892016.0,M,1.0,42.0,other
615.0,8.0,4.0,879461149.0,M,1.0,45.0,educator
790.0,603.0,5.0,884462684.0,M,1.0,26.0,technician
463.0,547.0,4.0,879446486.0,F,0.0,51.0,healthcare
338.0,678.0,5.0,885140908.0,F,0.0,30.0,librarian
100.0,772.0,4.0,891354860.0,M,1.0,35.0,executive
160.0,8.0,3.0,879361662.0,M,1.0,26.0,programmer
71.0,12.0,3.0,875962168.0,M,1.0,22.0,student
537.0,9.0,3.0,883601089.0,M,1.0,33.0,engineer
622.0,929.0,4.0,881374357.0,M,1.0,24.0,programmer
189.0,531.0,4.0,892535244.0,M,1.0,30.0,artist
454.0,1028.0,3.0,887911822.0,M,1.0,27.0,student
727.0,678.0,4.0,879486422.0,M,1.0,24.0,programmer
561.0,132.0,3.0,879546840.0,M,1.0,23.0,engineer
354.0,1218.0,3.0,891201089.0,F,0.0,29.0,librarian
933.0,117.0,4.0,883950391.0,M,1.0,22.0,student
181.0,931.0,1.0,878962286.0,M,1.0,25.0,executive
545.0,715.0,2.0,875729489.0,M,1.0,31.0,scientist
303.0,762.0,5.0,879487857.0,M,1.0,18.0,student
655.0,186.0,4.0,886479484.0,F,0.0,50.0,healthcare
804.0,6.0,3.0,879454311.0,M,1.0,35.0,educator
916.0,101.0,3.0,876266985.0,M,1.0,26.0,engineer
896.0,755.0,3.0,888952968.0,M,1.0,27.0,other
326.0,582.0,3.0,879439283.0,F,0.0,37.0,administrator
833.0,815.0,3.0,875139825.0,M,1.0,31.0,writer
373.0,568.0,3.0,880135156.0,F,0.0,24.0,other
938.0,596.0,4.0,879486546.0,F,0.0,38.0,administrator
222.0,588.0,5.0,878697475.0,M,1.0,27.0,programmer
436.0,979.0,3.0,891249872.0,F,0.0,30.0,administrator
405.0,568.0,4.0,886484311.0,F,0.0,22.0,healthcare
472.0,449.0,4.0,879466116.0,M,1.0,23.0,student
468.0,300.0,4.0,877819893.0,M,1.0,27.0,engineer
360.0,955.0,4.0,886831469.0,M,1.0,45.0,other
561.0,578.0,2.0,885870665.0,M,1.0,43.0,engineer
757.0,839.0,2.0,884290625.0,M,1.0,23.0,student
757.0,173.0,4.0,883601011.0,M,1.0,25.0,student
302.0,657.0,2.0,879448879.0,M,1.0,38.0,educator
87.0,934.0,1.0,879445744.0,M,1.0,42.0,administrator
248.0,926.0,3.0,881654426.0,F,0.0,26.0,student
788.0,431.0,4.0,880242503.0,M,1.0,45.0,administrator
85.0,228.0,4.0,879434947.0,M,1.0,45.0,educator
310.0,605.0,3.0,879444127.0,M,1.0,36.0,educator
279.0,511.0,3.0,877531257.0,M,1.0,31.0,programmer
472.0,466.0,4.0,879786694.0,M,1.0,23.0,student
823.0,678.0,2.0,882425877.0,M,1.0,24.0,other
642.0,552.0,4.0,884493523.0,M,1.0,17.0,student
627.0,961.0,3.0,879445605.0,M,1.0,23.0,engineer
534.0,841.0,4.0,884150257.0,M,1.0,35.0,scientist
936.0,1049.0,4.0,883601011.0,M,1.0,23.0,other
336.0,1059.0,2.0,877132015.0,M,1.0,23.0,salesman
896.0,8.0,5.0,878148229.0,M,1.0,27.0,writer
787.0,7.0,2.0,882812994.0,F,0.0,50.0,administrator
194.0,286.0,4.0,887160692.0,M,1.0,35.0,administrator
92.0,9.0,3.0,875961752.0,M,1.0,30.0,entertainment
666.0,909.0,4.0,880139180.0,M,1.0,39.0,administrator
884.0,651.0,4.0,888625968.0,M,1.0,40.0,other
834.0,597.0,5.0,875385335.0,M,1.0,32.0,writer
822.0,294.0,2.0,891283681.0,F,0.0,26.0,librarian
95.0,431.0,3.0,888891715.0,M,1.0,30.0,administrator
847.0,611.0,3.0,879484252.0,M,1.0,27.0,student
160.0,8.0,5.0,883446692.0,M,1.0,26.0,programmer
882.0,489.0,3.0,891436636.0,M,1.0,35.0,scientist
393.0,434.0,4.0,875810130.0,M,1.0,18.0,student
682.0,707.0,3.0,888522240.0,M,1.0,23.0,programmer
411.0,1028.0,2.0,891383681.0,M,1.0,31.0,educator
593.0,674.0,3.0,879447713.0,F,0.0,31.0,educator
327.0,692.0,3.0,887739172.0,M,1.0,22.0,student
378.0,14.0,5.0,874965408.0,M,1.0,32.0,student
200.0,584.0,3.0,880574898.0,M,1.0,36.0,programmer
880.0,300.0,4.0,880131511.0,M,1.0,11.0,other
532.0,584.0,4.0,878931912.0,M,1.0,20.0,student
834.0,684.0,4.0,891577843.0,M,1.0,25.0,other
6.0,521.0,4.0,891384205.0,M,1.0,24.0,other
798.0,1051.0,3.0,879434654.0,F,0.0,40.0,administrator
328.0,1014.0,3.0,879529804.0,M,1.0,43.0,administrator
773.0,551.0,3.0,888635074.0,M,1.0,20.0,student
13.0,64.0,2.0,879446521.0,M,1.0,42.0,educator
405.0,237.0,3.0,879438856.0,M,1.0,22.0,healthcare
795.0,682.0,4.0,875130059.0,M,1.0,32.0,writer
533.0,558.0,4.0,891376250.0,F,0.0,59.0,librarian
391.0,746.0,4.0,887738236.0,M,1.0,23.0,student
314.0,569.0,5.0,883326286.0,F,0.0,20.0,student
90.0,176.0,4.0,891385499.0,M,1.0,52.0,educator
10.0,735.0,4.0,877385906.0,M,1.0,46.0,lawyer
804.0,931.0,3.0,879449618.0,F,0.0,35.0,educator
472.0,685.0,5.0,878961868.0,M,1.0,23.0,student
833.0,596.0,2.0,883709719.0,F,0.0,31.0,librarian
130.0,678.0,3.0,8794664.0,F,0.0,27.0,none
160.0,683.0,3.0,874965954.0,M,1.0,26.0,programmer
693.0,685.0,3.0,891496743.0,F,0.0,36.0,healthcare
87.0,679.0,2.0,885419567.0,M,1.0,42.0,administrator
863.0,288.0,3.0,882404139.0,M,1.0,23.0,student
343.0,1091.0,1.0,876504373.0,M,1.0,39.0,engineer
405.0,577.0,3.0,884304585.0,F,0.0,22.0,healthcare
79.0,628.0,4.0,878692230.0,F,0.0,29.0,administrator
312.0,508.0,4.0,891384710.0,M,1.0,42.0,other
553.0,4.0,4.0,875289716.0,M,1.0,29.0,other
201.0,684.0,4.0,889386542.0,M,1.0,26.0,writer
89.0,744.0,5.0,879447861.0,M,1.0,39.0,administrator
276.0,576.0,4.0,882348155.0,M,1.0,21.0,student
244.0,1.0,4.0,875320689.0,M,1.0,27.0,technician
846.0,7.0,4.0,885690442.0,M,1.0,26.0,lawyer
381.0,845.0,3.0,893214333.0,M,1.0,31.0,artist
582.0,554.0,4.0,888069536.0,M,1.0,21.0,student
756.0,596.0,5.0,881372423.0,M,1.0,30.0,none
896.0,790.0,4.0,887159625.0,F,0.0,27.0,writer
921.0,121.0,4.0,875232968.0,F,0.0,20.0,student
391.0,604.0,4.0,875124573.0,M,1.0,23.0,entertainment
387.0,484.0,3.0,882404250.0,M,1.0,31.0,entertainment
788.0,288.0,2.0,883835083.0,M,1.0,30.0,administrator
806.0,744.0,4.0,879383394.0,M,1.0,27.0,marketing
116.0,741.0,4.0,876251471.0,F,0.0,36.0,healthcare
130.0,98.0,3.0,875383566.0,M,1.0,20.0,none
892.0,874.0,3.0,882397146.0,M,1.0,33.0,other
886.0,831.0,4.0,885684075.0,M,1.0,20.0,student
250.0,588.0,4.0,887647619.0,M,1.0,27.0,executive
942.0,658.0,4.0,879521214.0,F,0.0,28.0,administrator
934.0,431.0,1.0,886483753.0,M,1.0,23.0,student
615.0,100.0,4.0,879454800.0,F,0.0,27.0,other
854.0,456.0,4.0,886396988.0,F,0.0,18.0,student
805.0,1273.0,3.0,882385690.0,F,0.0,27.0,other
95.0,566.0,4.0,879572237.0,M,1.0,29.0,administrator
727.0,196.0,3.0,889042160.0,M,1.0,24.0,student
707.0,705.0,4.0,879442901.0,F,0.0,28.0,librarian
130.0,661.0,2.0,875072024.0,M,1.0,20.0,none
854.0,1034.0,4.0,889731216.0,M,1.0,29.0,other
871.0,628.0,3.0,880672218.0,M,1.0,35.0,executive
653.0,7.0,4.0,879435369.0,M,1.0,29.0,other
291.0,751.0,3.0,879361665.0,M,1.0,18.0,student
217.0,651.0,4.0,891033480.0,F,0.0,22.0,other
823.0,658.0,1.0,879442871.0,M,1.0,32.0,librarian
642.0,546.0,4.0,876032367.0,F,0.0,17.0,student
457.0,483.0,5.0,891195532.0,M,1.0,33.0,salesman
311.0,195.0,4.0,885157108.0,M,1.0,30.0,technician
406.0,535.0,3.0,879309722.0,M,1.0,44.0,educator
416.0,716.0,3.0,879572285.0,F,0.0,20.0,student
899.0,300.0,4.0,875309925.0,M,1.0,30.0,other
504.0,945.0,3.0,881975213.0,F,0.0,40.0,writer
403.0,846.0,4.0,879447737.0,M,1.0,34.0,other
405.0,117.0,1.0,884305386.0,F,0.0,22.0,healthcare
146.0,7.0,3.0,885156635.0,M,1.0,40.0,engineer
393.0,513.0,4.0,879440700.0,M,1.0,18.0,student
886.0,8.0,4.0,882426841.0,M,1.0,20.0,student
892.0,579.0,4.0,882388143.0,M,1.0,21.0,artist
537.0,15.0,4.0,875652951.0,M,1.0,33.0,scientist
686.0,514.0,4.0,879535704.0,M,1.0,30.0,educator
642.0,531.0,3.0,874787330.0,M,1.0,17.0,student
790.0,478.0,4.0,875352548.0,M,1.0,28.0,technician
716.0,771.0,2.0,891478350.0,F,0.0,36.0,librarian
216.0,761.0,3.0,876404792.0,M,1.0,22.0,engineer
276.0,678.0,4.0,882676489.0,M,1.0,21.0,student
807.0,673.0,3.0,886856069.0,F,0.0,56.0,healthcare
497.0,300.0,5.0,886533227.0,M,1.0,20.0,student
461.0,474.0,4.0,876014467.0,M,1.0,27.0,engineer
110.0,127.0,5.0,880585909.0,M,1.0,20.0,student
94.0,745.0,4.0,879540112.0,M,1.0,25.0,student
716.0,1028.0,4.0,884131087.0,F,0.0,38.0,technician
508.0,111.0,5.0,877399618.0,M,1.0,41.0,programmer
618.0,596.0,4.0,885848815.0,M,1.0,35.0,programmer
727.0,153.0,4.0,883713286.0,F,0.0,24.0,student
542.0,845.0,4.0,882079840.0,F,0.0,17.0,student
279.0,559.0,4.0,891033307.0,M,1.0,31.0,programmer
566.0,462.0,4.0,886533995.0,M,1.0,20.0,student
363.0,939.0,3.0,876769077.0,M,1.0,20.0,student
699.0,487.0,3.0,880177126.0,M,1.0,39.0,other
271.0,1428.0,5.0,891204309.0,M,1.0,45.0,engineer
254.0,518.0,3.0,884984149.0,M,1.0,39.0,educator
487.0,692.0,3.0,885852553.0,M,1.0,22.0,engineer
303.0,431.0,4.0,875242292.0,M,1.0,18.0,student
870.0,12.0,4.0,886030917.0,M,1.0,35.0,student
167.0,423.0,4.0,891390688.0,M,1.0,34.0,other
13.0,584.0,3.0,879530306.0,M,1.0,42.0,educator
472.0,896.0,4.0,883601606.0,M,1.0,23.0,student
843.0,930.0,5.0,875303664.0,M,1.0,32.0,other
251.0,671.0,4.0,879442322.0,F,0.0,27.0,doctor
189.0,515.0,3.0,893214332.0,M,1.0,30.0,artist
889.0,121.0,3.0,875972968.0,M,1.0,23.0,technician
835.0,751.0,3.0,879442668.0,F,0.0,49.0,writer
499.0,689.0,5.0,881368246.0,M,1.0,27.0,programmer
638.0,939.0,4.0,876524474.0,M,1.0,40.0,engineer
343.0,286.0,3.0,884131085.0,M,1.0,42.0,engineer
357.0,98.0,1.0,884366187.0,M,1.0,33.0,executive
815.0,517.0,4.0,879445932.0,M,1.0,30.0,other
721.0,557.0,5.0,877196103.0,F,0.0,24.0,entertainment
894.0,9.0,5.0,892696615.0,M,1.0,42.0,educator
593.0,12.0,4.0,891035007.0,M,1.0,31.0,librarian
221.0,288.0,2.0,889731354.0,M,1.0,18.0,student
200.0,603.0,4.0,879793149.0,F,0.0,36.0,administrator
786.0,1471.0,2.0,880871564.0,M,1.0,30.0,administrator
880.0,523.0,5.0,874730320.0,M,1.0,11.0,student
708.0,708.0,3.0,879466604.0,F,0.0,56.0,librarian
666.0,393.0,3.0,880134348.0,M,1.0,39.0,other
393.0,172.0,5.0,883865298.0,M,1.0,18.0,student
889.0,763.0,4.0,882386970.0,M,1.0,23.0,student
280.0,589.0,4.0,891251436.0,F,0.0,28.0,librarian
868.0,749.0,2.0,875748178.0,M,1.0,21.0,programmer
305.0,546.0,4.0,888633567.0,M,1.0,23.0,programmer
429.0,748.0,4.0,881974823.0,M,1.0,26.0,student
409.0,1011.0,4.0,891037106.0,M,1.0,42.0,administrator
405.0,1046.0,1.0,884365168.0,M,1.0,22.0,healthcare
751.0,472.0,4.0,879640075.0,F,0.0,24.0,marketing
588.0,195.0,3.0,875972059.0,F,0.0,20.0,student
894.0,558.0,3.0,880155782.0,M,1.0,28.0,educator
943.0,1047.0,3.0,880394000.0,M,1.0,22.0,student
643.0,684.0,3.0,879520916.0,M,1.0,35.0,scientist
269.0,181.0,3.0,891282956.0,F,0.0,31.0,librarian
618.0,1028.0,3.0,880396566.0,M,1.0,23.0,engineer
883.0,1035.0,4.0,892959417.0,M,1.0,43.0,librarian
807.0,98.0,4.0,883446769.0,M,1.0,50.0,healthcare
790.0,28.0,5.0,880583541.0,M,1.0,26.0,technician
826.0,923.0,3.0,881109420.0,M,1.0,27.0,homemaker
653.0,628.0,4.0,891034007.0,M,1.0,29.0,executive
659.0,1466.0,2.0,885943673.0,M,1.0,44.0,educator
707.0,746.0,4.0,891199804.0,F,0.0,56.0,librarian
293.0,151.0,4.0,875654790.0,M,1.0,23.0,writer
916.0,111.0,4.0,886397931.0,M,1.0,26.0,engineer
87.0,974.0,4.0,879877007.0,M,1.0,42.0,administrator
717.0,823.0,2.0,886395953.0,M,1.0,21.0,student
575.0,38.0,5.0,879178568.0,M,1.0,35.0,executive
43.0,689.0,2.0,875729079.0,F,0.0,29.0,librarian
437.0,661.0,3.0,888068842.0,M,1.0,27.0,other
189.0,732.0,4.0,875654726.0,M,1.0,30.0,artist
279.0,64.0,4.0,880843326.0,M,1.0,27.0,programmer
864.0,744.0,4.0,889416188.0,M,1.0,27.0,student
590.0,584.0,3.0,879447533.0,M,1.0,31.0,educator
689.0,849.0,2.0,887745904.0,M,1.0,18.0,other
763.0,662.0,1.0,875243766.0,M,1.0,26.0,scientist
488.0,678.0,4.0,880174636.0,M,1.0,23.0,technician
541.0,10.0,5.0,877106637.0,M,1.0,23.0,engineer
276.0,210.0,5.0,888104456.0,M,1.0,21.0,student
202.0,488.0,4.0,879459766.0,F,0.0,42.0,educator
326.0,662.0,3.0,879447713.0,M,1.0,27.0,administrator
392.0,1004.0,3.0,891015066.0,M,1.0,46.0,writer
650.0,724.0,5.0,885870577.0,M,1.0,38.0,engineer
835.0,1035.0,4.0,891439325.0,F,0.0,43.0,librarian
10.0,866.0,5.0,891033796.0,M,1.0,37.0,lawyer
380.0,709.0,5.0,884132714.0,M,1.0,30.0,engineer
389.0,693.0,3.0,879799544.0,F,0.0,29.0,writer
788.0,8.0,4.0,890282901.0,M,1.0,34.0,administrator
707.0,300.0,4.0,891699655.0,F,0.0,57.0,librarian
566.0,889.0,3.0,879443851.0,M,1.0,50.0,educator
299.0,153.0,3.0,879455862.0,M,1.0,27.0,doctor
592.0,8.0,4.0,881466350.0,M,1.0,18.0,student
293.0,1035.0,4.0,888154956.0,M,1.0,23.0,writer
638.0,7.0,2.0,877107478.0,M,1.0,28.0,scientist
308.0,678.0,5.0,887738660.0,M,1.0,52.0,retired
514.0,748.0,5.0,875283637.0,M,1.0,26.0,programmer
125.0,877.0,5.0,879456028.0,M,1.0,28.0,lawyer
724.0,1283.0,4.0,883441079.0,M,1.0,29.0,marketing
64.0,656.0,5.0,886921368.0,M,1.0,44.0,other
138.0,9.0,4.0,888104077.0,M,1.0,46.0,healthcare
653.0,1234.0,4.0,879455062.0,M,1.0,29.0,executive
643.0,1101.0,3.0,887736408.0,M,1.0,35.0,scientist
880.0,662.0,3.0,880395813.0,M,1.0,11.0,student
301.0,845.0,4.0,876031536.0,M,1.0,23.0,student
639.0,483.0,4.0,891409839.0,M,1.0,42.0,librarian
293.0,7.0,5.0,888905674.0,M,1.0,23.0,student
840.0,288.0,2.0,893214332.0,M,1.0,35.0,artist
582.0,663.0,5.0,881373086.0,M,1.0,23.0,technician
336.0,294.0,3.0,888889179.0,M,1.0,23.0,salesman
181.0,813.0,5.0,878962474.0,M,1.0,25.0,executive
325.0,230.0,4.0,875247401.0,M,1.0,23.0,technician
851.0,302.0,3.0,879447545.0,M,1.0,35.0,other
416.0,528.0,3.0,878914980.0,F,0.0,20.0,student
6.0,531.0,3.0,879876612.0,M,1.0,38.0,executive
708.0,474.0,4.0,891208448.0,F,0.0,26.0,librarian
18.0,12.0,3.0,875339893.0,F,0.0,35.0,other
669.0,732.0,5.0,874788187.0,M,1.0,29.0,student
889.0,581.0,4.0,880139512.0,M,1.0,23.0,technician
435.0,940.0,4.0,880241373.0,M,1.0,23.0,engineer
43.0,826.0,5.0,891034737.0,F,0.0,29.0,librarian
158.0,9.0,4.0,879518233.0,M,1.0,44.0,educator
472.0,588.0,2.0,883668222.0,M,1.0,23.0,student
222.0,744.0,2.0,880951342.0,M,1.0,27.0,programmer
443.0,875.0,3.0,876404585.0,M,1.0,32.0,salesman
311.0,508.0,4.0,884131672.0,M,1.0,30.0,administrator
815.0,825.0,3.0,878696946.0,M,1.0,30.0,other
913.0,300.0,5.0,884124382.0,F,0.0,22.0,student
627.0,172.0,3.0,875224482.0,M,1.0,27.0,engineer
60.0,7.0,4.0,883326994.0,M,1.0,44.0,healthcare
286.0,790.0,3.0,878963093.0,M,1.0,26.0,student
635.0,127.0,2.0,879448890.0,F,0.0,27.0,healthcare
497.0,526.0,4.0,879467782.0,M,1.0,20.0,student
484.0,1009.0,4.0,8888973701.0,M,1.0,26.0,student
90.0,656.0,5.0,891383653.0,M,1.0,52.0,educator
336.0,286.0,4.0,875731461.0,M,1.0,23.0,salesman
710.0,761.0,4.0,888639794.0,F,0.0,22.0,student
612.0,981.0,4.0,879424784.0,M,1.0,35.0,educator
699.0,328.0,3.0,884183016.0,M,1.0,39.0,other
533.0,9.0,4.0,891636382.0,M,1.0,39.0,librarian
176.0,654.0,4.0,879563783.0,F,0.0,27.0,scientist
267.0,546.0,3.0,876536131.0,M,1.0,23.0,engineer
707.0,881.0,5.0,884133788.0,F,0.0,22.0,librarian
429.0,671.0,3.0,882386480.0,M,1.0,26.0,student
407.0,12.0,3.0,883709402.0,M,1.0,27.0,engineer
634.0,742.0,2.0,879445383.0,M,1.0,20.0,student
892.0,7.0,3.0,878963082.0,M,1.0,33.0,other
479.0,7.0,4.0,886324128.0,M,1.0,42.0,educator
708.0,692.0,4.0,879825581.0,F,0.0,56.0,librarian
839.0,708.0,4.0,879644578.0,F,0.0,42.0,educator
225.0,1042.0,5.0,879111763.0,F,0.0,38.0,administrator
767.0,603.0,3.0,880139382.0,M,1.0,38.0,writer
104.0,685.0,5.0,878438328.0,M,1.0,26.0,student
472.0,9.0,3.0,875982868.0,M,1.0,23.0,student
756.0,1047.0,4.0,875103825.0,M,1.0,31.0,none
347.0,482.0,4.0,882387062.0,M,1.0,18.0,student
59.0,513.0,4.0,879447700.0,M,1.0,43.0,educator
119.0,118.0,4.0,878145325.0,M,1.0,27.0,programmer
510.0,678.0,4.0,875962655.0,M,1.0,31.0,other
256.0,13.0,5.0,883710174.0,F,0.0,35.0,none
479.0,591.0,3.0,889678699.0,M,1.0,22.0,student
639.0,627.0,4.0,880403561.0,F,0.0,17.0,student
215.0,474.0,4.0,891279356.0,M,1.0,32.0,writer
710.0,849.0,3.0,888637575.0,M,1.0,18.0,student
773.0,772.0,5.0,879442562.0,M,1.0,20.0,student
592.0,742.0,3.0,884923322.0,M,1.0,18.0,student
201.0,257.0,5.0,882181251.0,M,1.0,26.0,writer
90.0,731.0,4.0,891033807.0,M,1.0,52.0,educator
682.0,654.0,3.0,879787784.0,M,1.0,21.0,programmer
757.0,546.0,5.0,882211528.0,M,1.0,32.0,student
592.0,8.0,4.0,885828159.0,M,1.0,18.0,student
648.0,1046.0,3.0,884126072.0,M,1.0,39.0,administrator
262.0,1030.0,5.0,879556672.0,F,0.0,18.0,student
207.0,727.0,4.0,880586677.0,M,1.0,35.0,marketing
524.0,508.0,4.0,879444410.0,M,1.0,49.0,educator
313.0,723.0,3.0,875242990.0,M,1.0,29.0,marketing
457.0,506.0,3.0,885478057.0,M,1.0,33.0,salesman
450.0,222.0,5.0,880143922.0,M,1.0,35.0,educator
932.0,9.0,4.0,883950892.0,M,1.0,50.0,administrator
918.0,111.0,5.0,875296822.0,M,1.0,26.0,programmer
577.0,527.0,4.0,883356667.0,F,0.0,36.0,student
561.0,866.0,5.0,885690723.0,M,1.0,23.0,engineer
537.0,100.0,4.0,881957004.0,M,1.0,33.0,educator
916.0,595.0,2.0,884365187.0,M,1.0,36.0,engineer
889.0,561.0,4.0,880130411.0,M,1.0,23.0,technician
747.0,288.0,3.0,887747210.0,M,1.0,18.0,other
253.0,195.0,1.0,880564758.0,F,0.0,36.0,librarian
401.0,662.0,5.0,887255774.0,M,1.0,46.0,healthcare
592.0,1204.0,4.0,884131813.0,M,1.0,18.0,student
883.0,186.0,3.0,891294984.0,M,1.0,42.0,librarian
89.0,5.0,1.0,879361837.0,M,1.0,43.0,administrator
104.0,748.0,4.0,884140908.0,M,1.0,26.0,student
864.0,731.0,4.0,888888017.0,M,1.0,26.0,programmer
719.0,693.0,4.0,891386237.0,M,1.0,36.0,other
62.0,648.0,2.0,879862140.0,F,0.0,43.0,administrator
474.0,523.0,3.0,878157425.0,M,1.0,33.0,executive
178.0,931.0,3.0,876533774.0,M,1.0,25.0,other
75.0,8.0,4.0,886480325.0,M,1.0,23.0,entertainment
814.0,15.0,4.0,878963271.0,M,1.0,11.0,other
417.0,523.0,3.0,887647656.0,F,0.0,27.0,other
387.0,9.0,3.0,886482250.0,M,1.0,31.0,entertainment
145.0,566.0,3.0,879544435.0,M,1.0,29.0,programmer
234.0,705.0,5.0,892333382.0,M,1.0,52.0,retired
758.0,1216.0,3.0,881975213.0,M,1.0,26.0,student
458.0,566.0,3.0,884304743.0,M,1.0,42.0,technician
500.0,628.0,4.0,878940495.0,M,1.0,27.0,administrator
94.0,845.0,5.0,880134445.0,M,1.0,25.0,student
690.0,554.0,3.0,883782329.0,M,1.0,31.0,salesman
92.0,748.0,3.0,875654098.0,M,1.0,30.0,entertainment
747.0,683.0,5.0,879441144.0,M,1.0,18.0,other
707.0,56.0,3.0,891721546.0,F,0.0,56.0,librarian
880.0,969.0,3.0,880134296.0,M,1.0,11.0,student
533.0,8.0,4.0,880167965.0,M,1.0,39.0,administrator
711.0,969.0,4.0,888521526.0,F,0.0,20.0,student
453.0,663.0,3.0,880606353.0,M,1.0,18.0,student
468.0,659.0,5.0,884291662.0,M,1.0,27.0,engineer
293.0,682.0,3.0,888907122.0,M,1.0,23.0,writer
535.0,584.0,4.0,882621940.0,M,1.0,24.0,student
896.0,1371.0,4.0,879442337.0,M,1.0,28.0,writer
537.0,546.0,4.0,876032391.0,M,1.0,41.0,engineer
181.0,4.0,2.0,878941143.0,M,1.0,25.0,executive
175.0,528.0,5.0,875216717.0,F,0.0,30.0,none
833.0,675.0,3.0,875296891.0,M,1.0,31.0,writer
458.0,9.0,4.0,884125890.0,M,1.0,42.0,technician
243.0,56.0,4.0,879457971.0,M,1.0,31.0,educator
872.0,727.0,2.0,879447780.0,M,1.0,18.0,student
435.0,683.0,4.0,8843857894.0,M,1.0,23.0,technician
643.0,941.0,2.0,891013956.0,M,1.0,32.0,librarian
251.0,889.0,4.0,880078629.0,M,1.0,40.0,doctor
230.0,7.0,3.0,878147440.0,M,1.0,28.0,student
682.0,56.0,4.0,878182327.0,M,1.0,23.0,engineer
524.0,11.0,4.0,879465273.0,M,1.0,49.0,educator
874.0,210.0,4.0,885809315.0,M,1.0,27.0,scientist
907.0,176.0,4.0,888445298.0,M,1.0,26.0,other
495.0,1216.0,3.0,879447700.0,M,1.0,27.0,programmer
145.0,471.0,4.0,877726708.0,M,1.0,29.0,entertainment
642.0,659.0,5.0,879361810.0,F,0.0,8.0,student
454.0,896.0,4.0,888180049.0,M,1.0,50.0,other
862.0,709.0,3.0,879449799.0,F,0.0,24.0,executive
222.0,64.0,1.0,878179411.0,M,1.0,27.0,programmer
722.0,751.0,2.0,892959031.0,F,0.0,43.0,administrator
524.0,647.0,5.0,888067765.0,M,1.0,49.0,educator
592.0,515.0,4.0,879467062.0,M,1.0,18.0,student
788.0,8.0,5.0,891017717.0,M,1.0,30.0,other
532.0,921.0,4.0,875245906.0,M,1.0,20.0,student
287.0,549.0,4.0,879454826.0,M,1.0,21.0,salesman
851.0,731.0,3.0,875962564.0,F,0.0,18.0,other
301.0,1228.0,4.0,882078854.0,M,1.0,23.0,student
329.0,186.0,2.0,891293713.0,M,1.0,42.0,educator
851.0,568.0,5.0,875271962.0,M,1.0,18.0,other
344.0,546.0,4.0,891699655.0,F,0.0,30.0,librarian
339.0,1099.0,3.0,891035310.0,M,1.0,32.0,lawyer
110.0,1060.0,4.0,877886906.0,M,1.0,18.0,student
926.0,872.0,4.0,879111763.0,M,1.0,38.0,executive
628.0,9.0,3.0,885809223.0,M,1.0,23.0,engineer
880.0,11.0,4.0,880571248.0,M,1.0,11.0,student
189.0,473.0,3.0,893216902.0,M,1.0,30.0,artist
234.0,4.0,3.0,879459719.0,M,1.0,52.0,retired
380.0,286.0,3.0,885852059.0,M,1.0,30.0,engineer
708.0,1590.0,4.0,891033922.0,M,1.0,31.0,librarian
268.0,684.0,3.0,880572322.0,M,1.0,23.0,engineer
843.0,831.0,5.0,880843401.0,M,1.0,32.0,librarian
232.0,483.0,4.0,885140909.0,M,1.0,40.0,scientist
65.0,569.0,3.0,882900047.0,F,0.0,51.0,administrator
648.0,682.0,3.0,886031536.0,M,1.0,39.0,engineer
749.0,7.0,4.0,882398654.0,M,1.0,26.0,technician
823.0,478.0,5.0,885016641.0,M,1.0,26.0,artist
721.0,603.0,2.0,892697978.0,F,0.0,24.0,writer
436.0,724.0,5.0,879461043.0,F,0.0,40.0,administrator
308.0,1014.0,4.0,887738943.0,M,1.0,52.0,retired
722.0,739.0,4.0,885370119.0,F,0.0,24.0,technician
551.0,596.0,4.0,884748867.0,M,1.0,24.0,other
298.0,25.0,5.0,880134445.0,M,1.0,42.0,technician
634.0,1346.0,3.0,876031606.0,M,1.0,31.0,engineer
741.0,628.0,3.0,875385335.0,F,0.0,24.0,writer
407.0,508.0,4.0,884394471.0,M,1.0,27.0,engineer
393.0,216.0,4.0,882683275.0,M,1.0,18.0,student
130.0,423.0,2.0,875073246.0,M,1.0,20.0,student
843.0,531.0,5.0,879444497.0,M,1.0,21.0,student
399.0,795.0,3.0,886988100.0,M,1.0,23.0,other
535.0,828.0,3.0,879443820.0,M,1.0,45.0,educator
766.0,1038.0,4.0,874787647.0,M,1.0,30.0,none
545.0,14.0,3.0,883709782.0,M,1.0,26.0,librarian
883.0,1172.0,3.0,891495108.0,M,1.0,43.0,librarian
401.0,14.0,2.0,883326995.0,M,1.0,46.0,healthcare
42.0,841.0,3.0,878918933.0,M,1.0,28.0,administrator
615.0,8.0,4.0,881108525.0,F,0.0,54.0,librarian
532.0,762.0,4.0,891720796.0,M,1.0,20.0,student
835.0,483.0,4.0,879876724.0,F,0.0,44.0,executive
712.0,1101.0,4.0,891208715.0,F,0.0,27.0,student
693.0,932.0,5.0,889416456.0,M,1.0,27.0,student
158.0,1028.0,4.0,879440196.0,M,1.0,44.0,educator
804.0,685.0,4.0,881515647.0,M,1.0,35.0,educator
297.0,569.0,4.0,879440148.0,M,1.0,29.0,educator
405.0,685.0,1.0,889041387.0,F,0.0,22.0,healthcare
805.0,9.0,4.0,878182329.0,F,0.0,27.0,other
82.0,715.0,5.0,893212929.0,M,1.0,24.0,artist
449.0,1017.0,3.0,878848229.0,M,1.0,23.0,librarian
13.0,1245.0,2.0,879873873.0,M,1.0,42.0,educator
833.0,751.0,4.0,875962628.0,M,1.0,28.0,other
532.0,604.0,2.0,879441195.0,F,0.0,45.0,educator
940.0,628.0,3.0,891549667.0,F,0.0,56.0,librarian
504.0,474.0,1.0,888786984.0,F,0.0,50.0,writer
334.0,566.0,3.0,884131946.0,M,1.0,30.0,librarian
796.0,678.0,4.0,891449265.0,M,1.0,30.0,writer
833.0,954.0,1.0,881445406.0,M,1.0,43.0,writer
666.0,558.0,4.0,880139062.0,M,1.0,39.0,administrator
405.0,181.0,2.0,885690342.0,F,0.0,22.0,student
831.0,703.0,4.0,875656624.0,M,1.0,31.0,other
542.0,1085.0,5.0,886607986.0,F,0.0,18.0,student
268.0,546.0,4.0,885848909.0,M,1.0,23.0,engineer
648.0,527.0,2.0,878694250.0,M,1.0,39.0,engineer
459.0,763.0,4.0,880572788.0,M,1.0,22.0,student
536.0,896.0,2.0,877838863.0,M,1.0,35.0,engineer
709.0,762.0,2.0,878963086.0,M,1.0,50.0,other
514.0,461.0,5.0,888557797.0,M,1.0,28.0,programmer
95.0,582.0,4.0,879446174.0,M,1.0,29.0,administrator
346.0,864.0,3.0,874949509.0,M,1.0,31.0,other
790.0,944.0,3.0,885479975.0,M,1.0,26.0,technician
751.0,569.0,2.0,891690072.0,F,0.0,24.0,other
363.0,690.0,2.0,8897318087.0,M,1.0,20.0,student
445.0,662.0,4.0,880131703.0,M,1.0,21.0,writer
648.0,936.0,4.0,884304841.0,M,1.0,39.0,engineer
896.0,940.0,5.0,885873647.0,M,1.0,27.0,writer
450.0,675.0,4.0,888082350.0,F,0.0,35.0,educator
840.0,631.0,5.0,891293922.0,M,1.0,35.0,artist
504.0,518.0,5.0,883948873.0,F,0.0,40.0,writer
210.0,172.0,4.0,889235993.0,M,1.0,35.0,engineer
194.0,885.0,4.0,879362202.0,M,1.0,35.0,administrator
938.0,712.0,2.0,877891966.0,F,0.0,38.0,technician
795.0,10.0,3.0,880403526.0,M,1.0,28.0,student
888.0,523.0,3.0,882956551.0,M,1.0,39.0,administrator
405.0,431.0,2.0,880045651.0,F,0.0,27.0,healthcare
456.0,673.0,5.0,881371646.0,M,1.0,23.0,technician
194.0,756.0,3.0,879461492.0,M,1.0,35.0,administrator
561.0,210.0,5.0,885807484.0,M,1.0,23.0,marketing
531.0,518.0,4.0,891955914.0,M,1.0,18.0,student
327.0,1101.0,2.0,887737082.0,M,1.0,22.0,student
378.0,56.0,3.0,880056984.0,M,1.0,32.0,student
92.0,294.0,2.0,884121577.0,M,1.0,30.0,artist
897.0,22.0,5.0,885154859.0,M,1.0,28.0,other
118.0,176.0,5.0,881107941.0,F,0.0,28.0,administrator
405.0,678.0,2.0,888634315.0,F,0.0,22.0,healthcare
682.0,949.0,5.0,888517925.0,M,1.0,23.0,student
749.0,1009.0,4.0,874831378.0,M,1.0,31.0,other
870.0,597.0,4.0,879441397.0,M,1.0,44.0,other
238.0,935.0,4.0,883948948.0,F,0.0,42.0,administrator
406.0,842.0,4.0,878696566.0,M,1.0,44.0,educator
851.0,576.0,1.0,879529724.0,M,1.0,18.0,other
758.0,433.0,2.0,888082614.0,M,1.0,26.0,student
201.0,678.0,3.0,888907775.0,M,1.0,26.0,writer
222.0,172.0,4.0,878919206.0,M,1.0,27.0,programmer
833.0,546.0,4.0,833261496.0,M,1.0,30.0,writer
145.0,1.0,4.0,877196820.0,M,1.0,29.0,entertainment
7.0,578.0,3.0,879520916.0,M,1.0,50.0,administrator
148.0,7.0,5.0,882387160.0,M,1.0,34.0,engineer
321.0,462.0,4.0,879877433.0,M,1.0,49.0,educator
453.0,690.0,3.0,883613298.0,F,0.0,17.0,student
601.0,644.0,4.0,891199875.0,F,0.0,18.0,artist
699.0,576.0,5.0,888551589.0,M,1.0,39.0,other
592.0,856.0,3.0,880242748.0,M,1.0,18.0,student
840.0,781.0,5.0,891495113.0,M,1.0,35.0,artist
629.0,849.0,4.0,879443082.0,M,1.0,24.0,librarian
660.0,50.0,4.0,875144981.0,M,1.0,25.0,student
787.0,582.0,3.0,877388811.0,F,0.0,10.0,student
790.0,228.0,4.0,891351647.0,M,1.0,26.0,engineer
222.0,971.0,3.0,877807461.0,M,1.0,27.0,programmer
391.0,151.0,4.0,887738992.0,F,0.0,18.0,student
201.0,602.0,5.0,884121218.0,M,1.0,26.0,writer
500.0,258.0,5.0,880410778.0,M,1.0,27.0,administrator
303.0,763.0,3.0,879546507.0,M,1.0,18.0,student
648.0,181.0,4.0,884064688.0,M,1.0,39.0,engineer
429.0,815.0,3.0,882385294.0,M,1.0,26.0,student
898.0,12.0,1.0,881514814.0,M,1.0,23.0,writer
634.0,549.0,4.0,885852059.0,M,1.0,40.0,engineer
92.0,216.0,2.0,880243051.0,M,1.0,30.0,entertainment
500.0,476.0,4.0,879111652.0,M,1.0,27.0,administrator
7.0,831.0,4.0,885165546.0,F,0.0,30.0,other
308.0,885.0,2.0,887744328.0,M,1.0,52.0,retired
943.0,663.0,4.0,886397712.0,M,1.0,22.0,student
532.0,707.0,4.0,877399618.0,M,1.0,20.0,student
243.0,849.0,3.0,891032581.0,M,1.0,31.0,educator
457.0,724.0,5.0,891495155.0,M,1.0,33.0,salesman
889.0,708.0,2.0,881373686.0,M,1.0,23.0,technician
13.0,1012.0,4.0,889125476.0,F,0.0,42.0,educator
472.0,686.0,3.0,888452360.0,M,1.0,23.0,student
659.0,117.0,4.0,879444115.0,M,1.0,29.0,educator
892.0,431.0,3.0,880845077.0,F,0.0,33.0,other
699.0,7.0,3.0,879447734.0,M,1.0,34.0,other
451.0,632.0,5.0,879646429.0,F,0.0,16.0,student
455.0,517.0,5.0,879445194.0,M,1.0,42.0,administrator
727.0,186.0,5.0,883865232.0,F,0.0,38.0,student
710.0,587.0,4.0,875217097.0,M,1.0,18.0,student
342.0,654.0,3.0,876513675.0,F,0.0,25.0,other
85.0,954.0,3.0,884983324.0,M,1.0,45.0,educator
763.0,276.0,2.0,888632429.0,M,1.0,28.0,scientist
234.0,511.0,3.0,887744900.0,M,1.0,52.0,retired
804.0,405.0,5.0,879442933.0,M,1.0,35.0,educator
1.0,589.0,5.0,878346833.0,M,1.0,23.0,technician
551.0,10.0,3.0,877807461.0,M,1.0,24.0,programmer
804.0,11.0,2.0,879529146.0,M,1.0,35.0,educator
693.0,707.0,2.0,882955372.0,M,1.0,24.0,student
899.0,959.0,4.0,887160637.0,M,1.0,30.0,other
527.0,508.0,3.0,892838425.0,M,1.0,31.0,librarian
614.0,172.0,4.0,881957002.0,M,1.0,31.0,educator
436.0,483.0,4.0,879874585.0,F,0.0,30.0,administrator
235.0,237.0,1.0,879448906.0,M,1.0,34.0,educator
676.0,313.0,5.0,875731478.0,M,1.0,37.0,programmer
892.0,678.0,4.0,885941153.0,M,1.0,33.0,marketing
655.0,12.0,4.0,882389179.0,F,0.0,50.0,healthcare
624.0,549.0,1.0,886397931.0,M,1.0,18.0,student
766.0,7.0,4.0,882404284.0,M,1.0,44.0,other
346.0,879.0,2.0,879993519.0,M,1.0,31.0,other
707.0,508.0,3.0,879362606.0,F,0.0,56.0,librarian
279.0,508.0,3.0,879458569.0,M,1.0,31.0,programmer
633.0,294.0,4.0,875986866.0,M,1.0,31.0,engineer
561.0,774.0,4.0,891179932.0,M,1.0,23.0,engineer
57.0,568.0,4.0,883626155.0,F,0.0,25.0,none
659.0,294.0,2.0,879178344.0,M,1.0,29.0,educator
373.0,678.0,3.0,879434891.0,F,0.0,27.0,other
270.0,121.0,5.0,884365786.0,F,0.0,17.0,student
541.0,8.0,5.0,888441695.0,M,1.0,18.0,student
645.0,684.0,5.0,879454900.0,M,1.0,29.0,executive
758.0,237.0,5.0,882348656.0,M,1.0,26.0,student
517.0,286.0,2.0,880178759.0,F,0.0,25.0,other
751.0,528.0,3.0,877107645.0,F,0.0,24.0,other
937.0,521.0,5.0,885848794.0,M,1.0,38.0,engineer
463.0,1228.0,5.0,888632445.0,M,1.0,48.0,other
588.0,652.0,3.0,883950495.0,F,0.0,18.0,student
387.0,604.0,3.0,886484561.0,M,1.0,31.0,entertainment
757.0,603.0,4.0,882359678.0,F,0.0,25.0,student
387.0,495.0,4.0,886484561.0,M,1.0,31.0,entertainment
488.0,672.0,4.0,891384673.0,M,1.0,30.0,technician
897.0,483.0,4.0,878149689.0,M,1.0,28.0,other
210.0,1592.0,4.0,879544704.0,M,1.0,35.0,engineer
417.0,333.0,4.0,880046363.0,M,1.0,27.0,other
269.0,56.0,3.0,891033646.0,F,0.0,31.0,librarian
880.0,471.0,4.0,879901266.0,M,1.0,11.0,student
293.0,472.0,4.0,884133020.0,M,1.0,23.0,writer
327.0,519.0,3.0,887739171.0,M,1.0,22.0,student
629.0,50.0,5.0,879452286.0,M,1.0,31.0,librarian
393.0,879.0,5.0,885870521.0,M,1.0,18.0,student
94.0,237.0,3.0,891374059.0,M,1.0,25.0,student
537.0,652.0,2.0,885848959.0,M,1.0,33.0,engineer
338.0,547.0,5.0,891032314.0,F,0.0,39.0,librarian
407.0,288.0,5.0,880475834.0,M,1.0,27.0,engineer
588.0,928.0,3.0,888639624.0,F,0.0,17.0,student
275.0,463.0,4.0,887745372.0,M,1.0,36.0,engineer
812.0,842.0,4.0,879365744.0,M,1.0,42.0,other
852.0,513.0,4.0,888556699.0,M,1.0,25.0,other
10.0,815.0,4.0,879485546.0,M,1.0,46.0,educator
378.0,498.0,4.0,887736408.0,M,1.0,32.0,student
748.0,573.0,1.0,876403592.0,F,0.0,27.0,administrator
450.0,935.0,5.0,875133710.0,F,0.0,35.0,educator
508.0,257.0,4.0,884112245.0,M,1.0,26.0,programmer
790.0,692.0,4.0,879447813.0,M,1.0,28.0,administrator
160.0,7.0,5.0,882385542.0,M,1.0,26.0,programmer
532.0,1275.0,2.0,884239472.0,M,1.0,20.0,student
595.0,679.0,3.0,889491351.0,M,1.0,24.0,writer
588.0,1038.0,5.0,887038665.0,F,0.0,17.0,student
406.0,202.0,3.0,879458515.0,M,1.0,46.0,educator
655.0,678.0,2.0,889502677.0,M,1.0,50.0,doctor
456.0,584.0,3.0,879193047.0,M,1.0,23.0,technician
881.0,1028.0,3.0,880135244.0,M,1.0,35.0,marketing
102.0,1035.0,2.0,881177499.0,M,1.0,35.0,programmer
492.0,845.0,4.0,891203309.0,M,1.0,50.0,other
145.0,488.0,4.0,886988413.0,M,1.0,29.0,entertainment
577.0,514.0,3.0,875035269.0,M,1.0,28.0,student
729.0,14.0,4.0,885678886.0,M,1.0,38.0,student
493.0,7.0,5.0,882398654.0,M,1.0,18.0,student
561.0,687.0,5.0,883277645.0,M,1.0,23.0,engineer
846.0,733.0,3.0,877889167.0,M,1.0,26.0,lawyer
650.0,696.0,4.0,876533774.0,M,1.0,38.0,engineer
222.0,979.0,5.0,879993710.0,M,1.0,27.0,programmer
708.0,655.0,2.0,879874802.0,M,1.0,21.0,student
115.0,609.0,4.0,877819999.0,M,1.0,23.0,engineer
60.0,663.0,3.0,884364763.0,F,0.0,44.0,healthcare
109.0,1170.0,5.0,878775236.0,M,1.0,27.0,other
604.0,746.0,3.0,879444871.0,M,1.0,35.0,educator
232.0,672.0,2.0,879524772.0,M,1.0,34.0,scientist
210.0,782.0,4.0,889041251.0,M,1.0,35.0,engineer
486.0,514.0,4.0,887911579.0,M,1.0,35.0,educator
290.0,566.0,4.0,877017904.0,M,1.0,36.0,engineer
916.0,546.0,1.0,880845111.0,M,1.0,26.0,engineer
618.0,569.0,5.0,882670841.0,M,1.0,11.0,student
758.0,748.0,3.0,880843997.0,M,1.0,26.0,programmer
328.0,546.0,3.0,887038665.0,M,1.0,45.0,administrator
130.0,988.0,3.0,883601851.0,M,1.0,20.0,none
159.0,12.0,3.0,883888459.0,M,1.0,23.0,student
92.0,121.0,4.0,881494232.0,M,1.0,30.0,entertainment
455.0,880.0,3.0,879110260.0,M,1.0,42.0,administrator
487.0,582.0,3.0,880473534.0,M,1.0,40.0,engineer
823.0,772.0,4.0,878438256.0,M,1.0,26.0,artist
676.0,707.0,5.0,891032866.0,M,1.0,38.0,programmer
8.0,946.0,5.0,879304562.0,M,1.0,31.0,administrator
234.0,596.0,4.0,891036012.0,M,1.0,52.0,retired
291.0,14.0,4.0,878886333.0,M,1.0,18.0,student
417.0,474.0,3.0,888104072.0,F,0.0,27.0,other
200.0,483.0,4.0,884131629.0,M,1.0,36.0,engineer
711.0,486.0,3.0,889681249.0,F,0.0,22.0,student
189.0,9.0,5.0,893214041.0,F,0.0,30.0,artist
407.0,665.0,4.0,879443931.0,M,1.0,41.0,engineer
932.0,1135.0,4.0,879446511.0,M,1.0,45.0,educator
279.0,12.0,4.0,875280206.0,M,1.0,31.0,programmer
389.0,276.0,2.0,889731701.0,F,0.0,43.0,writer
18.0,684.0,3.0,879991226.0,M,1.0,35.0,other
244.0,8.0,3.0,877107408.0,M,1.0,27.0,technician
612.0,1028.0,4.0,892686459.0,M,1.0,26.0,programmer
99.0,542.0,3.0,884365841.0,M,1.0,20.0,student
256.0,731.0,4.0,881374953.0,F,0.0,35.0,none
452.0,945.0,4.0,875743325.0,M,1.0,32.0,administrator
239.0,597.0,5.0,889181707.0,M,1.0,27.0,artist
151.0,7.0,4.0,882824033.0,F,0.0,38.0,administrator
158.0,1169.0,5.0,887738182.0,M,1.0,44.0,educator
95.0,405.0,4.0,879444948.0,M,1.0,29.0,administrator
291.0,1179.0,3.0,878854195.0,M,1.0,18.0,student
562.0,16.0,5.0,874951856.0,F,0.0,16.0,none
627.0,172.0,4.0,878846348.0,M,1.0,31.0,programmer
694.0,611.0,5.0,891204114.0,M,1.0,52.0,programmer
210.0,885.0,3.0,885158029.0,M,1.0,35.0,engineer
487.0,1341.0,3.0,884124487.0,M,1.0,22.0,technician
254.0,615.0,3.0,879447533.0,M,1.0,34.0,educator
581.0,732.0,4.0,877104582.0,M,1.0,20.0,student
268.0,647.0,4.0,882139772.0,M,1.0,23.0,artist
276.0,657.0,4.0,881194934.0,M,1.0,21.0,student
782.0,521.0,3.0,879485467.0,M,1.0,21.0,student
540.0,514.0,2.0,891271670.0,M,1.0,31.0,engineer
807.0,584.0,3.0,8837112096.0,F,0.0,41.0,healthcare
1.0,679.0,2.0,884365168.0,M,1.0,23.0,technician
10.0,471.0,5.0,883949255.0,M,1.0,46.0,lawyer
243.0,696.0,5.0,879958956.0,M,1.0,31.0,educator
712.0,686.0,5.0,888519260.0,F,0.0,22.0,student
58.0,1097.0,4.0,885807930.0,M,1.0,26.0,programmer
643.0,121.0,4.0,891449387.0,M,1.0,35.0,scientist
605.0,708.0,3.0,881265623.0,M,1.0,35.0,educator
363.0,654.0,2.0,875073247.0,F,0.0,20.0,student
208.0,1135.0,3.0,885810240.0,M,1.0,39.0,engineer
339.0,603.0,3.0,891014734.0,M,1.0,32.0,lawyer
325.0,875.0,5.0,888557162.0,M,1.0,42.0,librarian
394.0,928.0,4.0,889241807.0,M,1.0,24.0,student
7.0,1.0,4.0,879453800.0,F,0.0,50.0,administrator
394.0,288.0,5.0,879454957.0,M,1.0,24.0,administrator
280.0,781.0,4.0,891409160.0,F,0.0,30.0,librarian
279.0,886.0,3.0,880387308.0,M,1.0,31.0,none
528.0,1231.0,4.0,891723558.0,M,1.0,31.0,librarian
796.0,678.0,4.0,881958762.0,M,1.0,32.0,writer
833.0,692.0,4.0,892692174.0,M,1.0,42.0,writer
489.0,895.0,4.0,891721584.0,M,1.0,31.0,other
559.0,449.0,3.0,879111310.0,M,1.0,29.0,educator
49.0,749.0,1.0,879447941.0,F,0.0,23.0,student
323.0,690.0,4.0,879365132.0,M,1.0,21.0,student
569.0,515.0,3.0,877898972.0,M,1.0,31.0,educator
474.0,566.0,4.0,879548030.0,M,1.0,45.0,executive
655.0,815.0,3.0,883708322.0,F,0.0,50.0,healthcare
561.0,924.0,3.0,884050098.0,M,1.0,20.0,engineer
892.0,38.0,4.0,879366563.0,M,1.0,33.0,other
741.0,483.0,3.0,886397460.0,M,1.0,24.0,writer
92.0,476.0,4.0,875654750.0,M,1.0,25.0,entertainment
537.0,863.0,4.0,886030552.0,M,1.0,33.0,engineer
870.0,872.0,5.0,887739095.0,M,1.0,22.0,student
276.0,813.0,5.0,876767187.0,M,1.0,21.0,student
655.0,607.0,3.0,886483018.0,F,0.0,50.0,healthcare
95.0,111.0,5.0,875245469.0,M,1.0,29.0,administrator
472.0,7.0,5.0,885848584.0,M,1.0,23.0,engineer
682.0,302.0,4.0,883601089.0,M,1.0,23.0,programmer
434.0,151.0,4.0,8879383017.0,F,0.0,10.0,student
896.0,1219.0,4.0,888559783.0,M,1.0,27.0,writer
868.0,506.0,2.0,891205005.0,M,1.0,21.0,student
343.0,748.0,5.0,884128817.0,M,1.0,39.0,engineer
243.0,117.0,1.0,882140475.0,M,1.0,31.0,educator
347.0,979.0,3.0,881654544.0,M,1.0,18.0,student
268.0,659.0,3.0,876538752.0,M,1.0,23.0,engineer
738.0,549.0,4.0,885479641.0,M,1.0,32.0,technician
455.0,7.0,5.0,879843068.0,M,1.0,42.0,administrator
521.0,1148.0,4.0,884994068.0,M,1.0,18.0,student
727.0,655.0,3.0,884643565.0,M,1.0,24.0,student
892.0,328.0,3.0,875271442.0,M,1.0,33.0,other
880.0,300.0,3.0,880333802.0,M,1.0,11.0,student
542.0,584.0,2.0,879455247.0,M,1.0,16.0,student
406.0,871.0,4.0,879462901.0,M,1.0,46.0,educator
70.0,468.0,5.0,884131329.0,M,1.0,26.0,engineer
788.0,773.0,4.0,879298371.0,M,1.0,42.0,administrator
679.0,98.0,4.0,888104142.0,F,0.0,31.0,writer
320.0,333.0,5.0,886031474.0,M,1.0,17.0,student
276.0,479.0,5.0,874874064.0,M,1.0,21.0,student
559.0,1209.0,5.0,881650690.0,M,1.0,39.0,educator
577.0,521.0,5.0,880395972.0,M,1.0,41.0,programmer
417.0,639.0,4.0,884305704.0,F,0.0,27.0,other
189.0,328.0,3.0,884295220.0,M,1.0,30.0,artist
363.0,652.0,4.0,891447653.0,M,1.0,25.0,executive
334.0,585.0,3.0,884294200.0,M,1.0,30.0,librarian
416.0,879.0,3.0,879440663.0,M,1.0,20.0,student
658.0,482.0,4.0,875743301.0,M,1.0,35.0,marketing
363.0,845.0,5.0,874873703.0,M,1.0,20.0,student
293.0,7.0,3.0,888906990.0,M,1.0,23.0,writer
615.0,896.0,5.0,879441341.0,M,1.0,35.0,educator
776.0,294.0,2.0,884133675.0,M,1.0,28.0,engineer
823.0,528.0,4.0,878438754.0,M,1.0,26.0,artist
63.0,652.0,5.0,888636492.0,M,1.0,22.0,student
321.0,1232.0,3.0,879456247.0,F,0.0,49.0,educator
693.0,603.0,3.0,888547962.0,M,1.0,23.0,programmer
615.0,749.0,5.0,891200380.0,F,0.0,32.0,librarian
759.0,751.0,4.0,877103857.0,M,1.0,26.0,student
537.0,589.0,3.0,877013979.0,M,1.0,33.0,engineer
89.0,511.0,5.0,879441241.0,F,0.0,43.0,administrator
361.0,871.0,4.0,879448813.0,M,1.0,22.0,student
184.0,1035.0,3.0,891497538.0,M,1.0,34.0,librarian
682.0,946.0,2.0,888103703.0,M,1.0,23.0,student
741.0,483.0,5.0,879455150.0,M,1.0,24.0,writer
425.0,1028.0,3.0,875654719.0,M,1.0,18.0,student
293.0,4.0,3.0,891012286.0,M,1.0,23.0,writer
560.0,328.0,2.0,886831474.0,F,0.0,30.0,student
334.0,651.0,5.0,891549594.0,M,1.0,30.0,librarian
243.0,651.0,3.0,875073803.0,M,1.0,31.0,educator
864.0,541.0,4.0,879454630.0,M,1.0,26.0,programmer
222.0,690.0,5.0,888633072.0,M,1.0,27.0,programmer
773.0,596.0,4.0,879466214.0,F,0.0,20.0,student
92.0,981.0,4.0,875325085.0,M,1.0,30.0,entertainment
183.0,127.0,4.0,888518630.0,M,1.0,31.0,scientist
334.0,678.0,3.0,891455570.0,F,0.0,30.0,librarian
267.0,483.0,3.0,882385294.0,M,1.0,23.0,engineer
348.0,481.0,5.0,880756798.0,F,0.0,24.0,student
214.0,1092.0,3.0,891388125.0,F,0.0,26.0,librarian
637.0,880.0,4.0,88406031711.0,F,0.0,27.0,other
480.0,1101.0,3.0,888907675.0,M,1.0,70.0,retired
177.0,1023.0,3.0,888640577.0,M,1.0,20.0,programmer
292.0,869.0,4.0,879459175.0,F,0.0,35.0,programmer
99.0,216.0,4.0,886988873.0,M,1.0,20.0,student
210.0,4.0,3.0,888103889.0,M,1.0,35.0,engineer
87.0,100.0,4.0,879485423.0,M,1.0,32.0,administrator
181.0,1047.0,4.0,878696946.0,M,1.0,25.0,executive
611.0,524.0,3.0,874864698.0,M,1.0,22.0,programmer
479.0,748.0,3.0,878918213.0,M,1.0,30.0,administrator
208.0,715.0,4.0,876266489.0,M,1.0,35.0,engineer
648.0,659.0,4.0,881192901.0,M,1.0,39.0,administrator
933.0,96.0,4.0,879024327.0,M,1.0,27.0,administrator
897.0,684.0,4.0,891201796.0,M,1.0,28.0,other
796.0,237.0,3.0,892054347.0,F,0.0,32.0,homemaker
8.0,935.0,4.0,879192637.0,M,1.0,23.0,technician
650.0,689.0,4.0,891496217.0,M,1.0,38.0,engineer
489.0,14.0,4.0,875318491.0,F,0.0,48.0,healthcare
615.0,523.0,4.0,879196130.0,M,1.0,31.0,programmer
514.0,597.0,4.0,877107935.0,M,1.0,23.0,entertainment
889.0,474.0,4.0,889492931.0,M,1.0,23.0,technician
5.0,693.0,4.0,880403069.0,F,0.0,27.0,other
389.0,889.0,4.0,875397464.0,F,0.0,44.0,writer
57.0,7.0,4.0,876015859.0,M,1.0,16.0,none
416.0,832.0,5.0,884066691.0,M,1.0,20.0,student
325.0,302.0,5.0,891694459.0,M,1.0,42.0,technician
308.0,562.0,4.0,887730361.0,M,1.0,52.0,retired
342.0,100.0,3.0,878963099.0,F,0.0,25.0,other
642.0,684.0,1.0,880179435.0,F,0.0,17.0,student
437.0,930.0,4.0,880843582.0,M,1.0,27.0,other
758.0,474.0,3.0,880475782.0,M,1.0,26.0,student
268.0,647.0,3.0,875048765.0,M,1.0,23.0,engineer
532.0,466.0,5.0,886533015.0,M,1.0,20.0,student
757.0,7.0,5.0,880175526.0,F,0.0,26.0,student
271.0,684.0,4.0,875346638.0,M,1.0,39.0,engineer
604.0,880.0,4.0,879454826.0,F,0.0,35.0,educator
221.0,661.0,5.0,884749698.0,M,1.0,18.0,student
533.0,588.0,3.0,878855782.0,M,1.0,32.0,other
749.0,523.0,3.0,888888712.0,M,1.0,18.0,student
363.0,671.0,3.0,891252303.0,M,1.0,20.0,student
181.0,661.0,1.0,878962774.0,M,1.0,25.0,executive
655.0,56.0,3.0,884923922.0,F,0.0,50.0,healthcare
633.0,935.0,5.0,888517923.0,M,1.0,23.0,engineer
624.0,663.0,3.0,884921712.0,M,1.0,18.0,student
92.0,847.0,3.0,875271688.0,M,1.0,30.0,entertainment
942.0,14.0,3.0,880572787.0,F,0.0,17.0,student
664.0,839.0,5.0,875280352.0,M,1.0,26.0,student
641.0,431.0,4.0,888451662.0,F,0.0,17.0,student
588.0,932.0,3.0,888702586.0,F,0.0,17.0,student
7.0,11.0,3.0,891382498.0,M,1.0,50.0,administrator
234.0,678.0,4.0,892336065.0,M,1.0,52.0,retired
521.0,588.0,4.0,883949380.0,M,1.0,18.0,student
504.0,475.0,3.0,887159739.0,F,0.0,40.0,writer
751.0,496.0,4.0,878184484.0,F,0.0,27.0,other
374.0,682.0,3.0,880246062.0,M,1.0,33.0,executive
896.0,483.0,3.0,887160629.0,M,1.0,27.0,writer
6.0,1035.0,3.0,882388250.0,M,1.0,50.0,other
387.0,516.0,5.0,883219213.0,M,1.0,31.0,entertainment
454.0,12.0,4.0,888518103.0,M,1.0,50.0,other
345.0,82.0,1.0,884111783.0,F,0.0,28.0,librarian
13.0,582.0,3.0,882385528.0,M,1.0,42.0,educator
95.0,672.0,4.0,888732965.0,M,1.0,29.0,administrator
222.0,578.0,4.0,875125889.0,M,1.0,27.0,programmer
161.0,582.0,5.0,892696676.0,M,1.0,44.0,lawyer
360.0,941.0,3.0,880571783.0,M,1.0,45.0,other
847.0,1147.0,4.0,878962418.0,M,1.0,27.0,student
932.0,588.0,5.0,880152857.0,M,1.0,50.0,educator
357.0,519.0,3.0,892738644.0,M,1.0,25.0,executive
500.0,496.0,3.0,880777167.0,M,1.0,27.0,administrator
119.0,596.0,4.0,884751214.0,M,1.0,30.0,programmer
385.0,516.0,5.0,886396491.0,M,1.0,33.0,writer
393.0,928.0,4.0,889125086.0,M,1.0,18.0,student
758.0,88.0,4.0,880130766.0,M,1.0,26.0,student
487.0,1008.0,3.0,884364017.0,F,0.0,22.0,student
405.0,9.0,1.0,884326708.0,M,1.0,22.0,healthcare
637.0,639.0,5.0,891352201.0,M,1.0,33.0,other
666.0,981.0,5.0,879191604.0,M,1.0,39.0,administrator
645.0,1047.0,4.0,880572287.0,M,1.0,32.0,engineer
553.0,735.0,4.0,879444541.0,F,0.0,50.0,educator
837.0,7.0,4.0,880923695.0,F,0.0,27.0,other
404.0,969.0,5.0,880167210.0,F,0.0,29.0,educator
380.0,531.0,3.0,883709974.0,F,0.0,30.0,engineer
533.0,742.0,4.0,889908474.0,M,1.0,39.0,librarian
472.0,942.0,2.0,879361723.0,M,1.0,22.0,student
246.0,877.0,5.0,879791370.0,M,1.0,18.0,student
898.0,100.0,4.0,891205199.0,M,1.0,40.0,writer
321.0,527.0,3.0,877131187.0,F,0.0,49.0,educator
541.0,228.0,4.0,889289491.0,F,0.0,17.0,student
934.0,9.0,1.0,891636244.0,M,1.0,25.0,writer
472.0,12.0,5.0,889492771.0,M,1.0,23.0,student
554.0,258.0,3.0,876262776.0,M,1.0,30.0,technician
293.0,607.0,4.0,888907674.0,M,1.0,23.0,writer
270.0,627.0,4.0,885680114.0,M,1.0,17.0,student
880.0,887.0,1.0,875280352.0,M,1.0,11.0,student
495.0,813.0,3.0,888518107.0,M,1.0,48.0,healthcare
301.0,946.0,3.0,882073917.0,M,1.0,23.0,student
716.0,7.0,3.0,891191376.0,F,0.0,37.0,administrator
618.0,951.0,5.0,874828812.0,M,1.0,20.0,student
416.0,13.0,4.0,891385491.0,F,0.0,20.0,student
339.0,476.0,4.0,891037499.0,M,1.0,32.0,lawyer
823.0,1028.0,4.0,878439666.0,M,1.0,26.0,writer
483.0,596.0,5.0,889388747.0,M,1.0,22.0,writer
110.0,12.0,4.0,875298715.0,M,1.0,23.0,student
807.0,732.0,3.0,880474235.0,M,1.0,41.0,healthcare
804.0,609.0,3.0,879456247.0,M,1.0,35.0,writer
771.0,64.0,3.0,875985598.0,F,0.0,33.0,student
13.0,7.0,5.0,87652167.0,M,1.0,42.0,educator
582.0,690.0,4.0,880078032.0,M,1.0,20.0,student
523.0,597.0,3.0,889737297.0,M,1.0,29.0,librarian
269.0,568.0,2.0,891449237.0,F,0.0,31.0,librarian
308.0,509.0,3.0,882385275.0,M,1.0,52.0,retired
109.0,9.0,2.0,880607775.0,F,0.0,27.0,other
648.0,561.0,5.0,875288355.0,M,1.0,39.0,engineer
546.0,514.0,3.0,879539900.0,M,1.0,44.0,writer
508.0,1063.0,3.0,879439367.0,F,0.0,26.0,healthcare
25.0,603.0,3.0,885816915.0,M,1.0,35.0,engineer
110.0,1141.0,5.0,891498431.0,M,1.0,18.0,student
100.0,1315.0,3.0,8864411791.0,M,1.0,38.0,executive
751.0,751.0,5.0,892871384.0,F,0.0,24.0,other
804.0,117.0,3.0,879876875.0,M,1.0,35.0,educator
773.0,15.0,4.0,883768352.0,M,1.0,20.0,student
151.0,1227.0,4.0,879192771.0,F,0.0,38.0,administrator
655.0,14.0,3.0,884364763.0,M,1.0,50.0,healthcare
682.0,732.0,4.0,875310311.0,M,1.0,23.0,programmer
92.0,679.0,3.0,879531404.0,M,1.0,30.0,entertainment
514.0,578.0,4.0,878597292.0,M,1.0,25.0,writer
405.0,13.0,3.0,884365038.0,F,0.0,22.0,healthcare
552.0,181.0,5.0,880826727.0,M,1.0,38.0,programmer
922.0,774.0,5.0,891280196.0,M,1.0,29.0,administrator
636.0,554.0,5.0,880871258.0,M,1.0,33.0,engineer
548.0,476.0,4.0,882995994.0,M,1.0,45.0,other
609.0,749.0,4.0,878855126.0,M,1.0,31.0,engineer
500.0,697.0,4.0,883877344.0,M,1.0,27.0,administrator
894.0,186.0,5.0,883948221.0,M,1.0,28.0,educator
456.0,498.0,3.0,874785728.0,F,0.0,27.0,student
548.0,705.0,3.0,879455220.0,M,1.0,44.0,educator
758.0,880.0,5.0,881975213.0,F,0.0,26.0,student
919.0,615.0,2.0,883448889.0,M,1.0,26.0,engineer
543.0,733.0,5.0,880139765.0,M,1.0,31.0,engineer
585.0,744.0,4.0,879035540.0,M,1.0,35.0,marketing
186.0,664.0,5.0,883713171.0,M,1.0,39.0,executive
275.0,1060.0,4.0,884753098.0,M,1.0,35.0,engineer
897.0,622.0,5.0,875273594.0,M,1.0,28.0,other
655.0,483.0,3.0,886480206.0,F,0.0,44.0,healthcare
43.0,333.0,4.0,891037256.0,F,0.0,31.0,librarian
682.0,13.0,5.0,877896961.0,M,1.0,23.0,programmer
82.0,663.0,5.0,875962140.0,M,1.0,44.0,programmer
503.0,56.0,3.0,885047737.0,M,1.0,50.0,other
92.0,871.0,4.0,875654888.0,M,1.0,30.0,entertainment
561.0,969.0,5.0,880333068.0,M,1.0,23.0,programmer
145.0,181.0,5.0,875972212.0,M,1.0,29.0,entertainment
207.0,675.0,2.0,882396958.0,M,1.0,35.0,marketing
621.0,496.0,4.0,883949380.0,M,1.0,17.0,student
488.0,519.0,5.0,878184315.0,M,1.0,38.0,technician
881.0,708.0,3.0,877886788.0,M,1.0,35.0,marketing
836.0,12.0,4.0,880124156.0,M,1.0,33.0,writer
655.0,511.0,3.0,886480583.0,F,0.0,50.0,healthcare
831.0,186.0,3.0,877533543.0,M,1.0,21.0,other
666.0,1023.0,3.0,888082629.0,M,1.0,39.0,administrator
661.0,9.0,5.0,874785109.0,M,1.0,27.0,student
862.0,151.0,2.0,879448924.0,M,1.0,24.0,executive
327.0,1160.0,5.0,878597296.0,M,1.0,22.0,student
378.0,294.0,4.0,880057474.0,M,1.0,32.0,student
897.0,939.0,4.0,876537752.0,M,1.0,28.0,other
399.0,1229.0,4.0,881957004.0,M,1.0,24.0,other
123.0,684.0,1.0,876521519.0,M,1.0,24.0,artist
561.0,202.0,3.0,879572891.0,M,1.0,23.0,engineer
790.0,1028.0,4.0,882360269.0,M,1.0,36.0,student
151.0,566.0,4.0,879875774.0,F,0.0,38.0,administrator
537.0,823.0,4.0,886031606.0,M,1.0,39.0,engineer
889.0,763.0,4.0,880933139.0,F,0.0,22.0,student
500.0,528.0,4.0,878692901.0,M,1.0,27.0,administrator
758.0,471.0,5.0,882670827.0,M,1.0,26.0,student
804.0,588.0,1.0,879466604.0,M,1.0,27.0,educator
293.0,118.0,4.0,888904991.0,M,1.0,23.0,writer
836.0,995.0,5.0,878846419.0,M,1.0,39.0,artist
642.0,988.0,4.0,880572751.0,F,0.0,17.0,student
401.0,8.0,5.0,889176086.0,F,0.0,46.0,healthcare
130.0,941.0,3.0,883698431.0,M,1.0,20.0,none
346.0,1047.0,3.0,875309522.0,M,1.0,31.0,other
840.0,891.0,2.0,891200370.0,M,1.0,35.0,artist
184.0,11.0,5.0,886480484.0,M,1.0,34.0,executive
145.0,584.0,1.0,875654660.0,M,1.0,29.0,entertainment
716.0,652.0,4.0,879445208.0,F,0.0,36.0,administrator
751.0,9.0,5.0,883947387.0,F,0.0,24.0,other
18.0,471.0,1.0,883502886.0,M,1.0,33.0,other
254.0,659.0,4.0,886472334.0,M,1.0,39.0,educator
1.0,1012.0,4.0,884365072.0,M,1.0,23.0,technician
768.0,607.0,4.0,879304115.0,M,1.0,27.0,administrator
481.0,300.0,3.0,884476165.0,M,1.0,70.0,retired
561.0,934.0,3.0,885751461.0,M,1.0,23.0,engineer
393.0,941.0,3.0,884497465.0,M,1.0,18.0,student
639.0,823.0,3.0,891034111.0,M,1.0,42.0,educator
487.0,1439.0,3.0,884125969.0,M,1.0,22.0,student
903.0,763.0,3.0,878962669.0,M,1.0,33.0,educator
650.0,506.0,4.0,879446209.0,M,1.0,38.0,engineer
13.0,185.0,3.0,891383655.0,M,1.0,42.0,educator
625.0,1098.0,3.0,891368158.0,M,1.0,31.0,programmer
871.0,4.0,3.0,879361881.0,M,1.0,35.0,executive
881.0,15.0,5.0,879362202.0,M,1.0,24.0,marketing
532.0,4.0,5.0,877399100.0,M,1.0,20.0,student
109.0,588.0,1.0,878697464.0,M,1.0,27.0,other
429.0,591.0,4.0,882348188.0,M,1.0,24.0,student
933.0,741.0,4.0,875245922.0,M,1.0,23.0,student
840.0,742.0,5.0,885690600.0,M,1.0,35.0,artist
222.0,1118.0,4.0,875267830.0,M,1.0,27.0,programmer
437.0,516.0,3.0,878183386.0,M,1.0,27.0,other
697.0,1219.0,5.0,882608513.0,M,1.0,24.0,other
773.0,741.0,3.0,888634588.0,M,1.0,20.0,student
774.0,651.0,4.0,879793801.0,M,1.0,8.0,student
606.0,609.0,4.0,880572461.0,M,1.0,27.0,programmer
576.0,752.0,4.0,880393594.0,M,1.0,35.0,educator
249.0,748.0,3.0,884642997.0,M,1.0,24.0,student
313.0,713.0,5.0,886308904.0,M,1.0,37.0,marketing
660.0,7.0,4.0,889289123.0,M,1.0,25.0,programmer
863.0,662.0,2.0,883712710.0,M,1.0,24.0,student
870.0,875.0,4.0,878878685.0,M,1.0,22.0,student
660.0,174.0,3.0,879460294.0,M,1.0,25.0,student
326.0,651.0,5.0,879444905.0,M,1.0,37.0,administrator
178.0,741.0,4.0,887735935.0,M,1.0,25.0,other
450.0,585.0,4.0,879435190.0,F,0.0,35.0,educator
923.0,735.0,2.0,881958471.0,M,1.0,24.0,student
846.0,573.0,3.0,883948476.0,M,1.0,26.0,lawyer
13.0,772.0,3.0,879545778.0,M,1.0,42.0,educator
710.0,686.0,3.0,879362633.0,M,1.0,22.0,student
896.0,826.0,3.0,887159069.0,M,1.0,27.0,other
623.0,462.0,4.0,891691369.0,M,1.0,28.0,librarian
625.0,1281.0,4.0,891636244.0,M,1.0,21.0,programmer
328.0,484.0,2.0,884035774.0,M,1.0,45.0,administrator
137.0,1033.0,5.0,891387332.0,M,1.0,44.0,educator
128.0,939.0,4.0,879849153.0,F,0.0,24.0,marketing
604.0,663.0,3.0,875509832.0,M,1.0,35.0,engineer
493.0,498.0,3.0,877402713.0,M,1.0,22.0,engineer
889.0,118.0,3.0,879448888.0,M,1.0,23.0,technician
815.0,528.0,4.0,879442701.0,M,1.0,34.0,other
711.0,628.0,3.0,880572550.0,F,0.0,22.0,student
487.0,707.0,3.0,882386164.0,M,1.0,22.0,engineer
709.0,685.0,4.0,876266773.0,M,1.0,21.0,other
788.0,186.0,4.0,879467021.0,M,1.0,38.0,administrator
298.0,591.0,2.0,883757703.0,F,0.0,33.0,executive
638.0,5.0,4.0,888632139.0,M,1.0,35.0,engineer
804.0,524.0,3.0,878940586.0,M,1.0,35.0,educator
363.0,782.0,5.0,880153467.0,M,1.0,20.0,student
435.0,496.0,3.0,884125373.0,M,1.0,23.0,engineer
275.0,749.0,4.0,877075248.0,M,1.0,27.0,engineer
661.0,729.0,3.0,879111937.0,M,1.0,24.0,other
256.0,1046.0,3.0,891016523.0,F,0.0,35.0,marketing
189.0,1037.0,4.0,893214159.0,F,0.0,30.0,artist
82.0,740.0,3.0,879465535.0,M,1.0,44.0,programmer
422.0,269.0,2.0,875243529.0,M,1.0,29.0,entertainment
916.0,662.0,4.0,885047730.0,M,1.0,26.0,engineer
843.0,22.0,1.0,879467023.0,M,1.0,32.0,librarian
704.0,82.0,3.0,883326652.0,F,0.0,49.0,healthcare
532.0,549.0,4.0,880403594.0,M,1.0,20.0,student
7.0,7.0,4.0,891201265.0,M,1.0,50.0,administrator
483.0,762.0,3.0,880232053.0,M,1.0,27.0,scientist
751.0,515.0,4.0,879444741.0,F,0.0,18.0,other
864.0,4.0,4.0,888518459.0,M,1.0,26.0,programmer
268.0,151.0,3.0,885016641.0,M,1.0,23.0,engineer
407.0,127.0,4.0,875308935.0,M,1.0,27.0,engineer
22.0,678.0,4.0,875509346.0,F,0.0,31.0,writer
236.0,683.0,4.0,877399618.0,F,0.0,35.0,artist
343.0,671.0,4.0,876250932.0,M,1.0,39.0,engineer
518.0,583.0,1.0,883602059.0,M,1.0,43.0,administrator
59.0,333.0,5.0,891284571.0,M,1.0,43.0,educator
712.0,876.0,3.0,877108197.0,M,1.0,22.0,student
201.0,741.0,3.0,880472401.0,M,1.0,26.0,writer
40.0,566.0,3.0,879455031.0,M,1.0,35.0,scientist
676.0,752.0,5.0,892784150.0,M,1.0,28.0,programmer
13.0,582.0,3.0,879440535.0,M,1.0,42.0,educator
846.0,746.0,2.0,883949380.0,M,1.0,26.0,lawyer
457.0,956.0,4.0,877386634.0,F,0.0,33.0,salesman
407.0,831.0,4.0,884112245.0,M,1.0,26.0,engineer
130.0,566.0,5.0,875185546.0,M,1.0,20.0,none
374.0,934.0,4.0,878962986.0,M,1.0,33.0,executive
194.0,9.0,3.0,878971924.0,M,1.0,35.0,administrator
363.0,554.0,3.0,874951663.0,M,1.0,20.0,student
815.0,82.0,3.0,879366061.0,M,1.0,30.0,other
222.0,521.0,4.0,891388250.0,M,1.0,27.0,programmer
843.0,661.0,5.0,879873929.0,M,1.0,32.0,librarian
164.0,679.0,3.0,886988574.0,M,1.0,22.0,student
361.0,14.0,5.0,88082607375.0,M,1.0,22.0,student
533.0,591.0,3.0,885848666.0,M,1.0,39.0,other
889.0,833.0,3.0,885678370.0,M,1.0,23.0,other
49.0,872.0,5.0,877750098.0,F,0.0,23.0,student
532.0,121.0,3.0,877399745.0,F,0.0,20.0,student
615.0,100.0,4.0,879454095.0,M,1.0,35.0,educator
758.0,896.0,2.0,888069579.0,M,1.0,26.0,student
254.0,981.0,5.0,891033805.0,M,1.0,39.0,educator
216.0,879.0,4.0,890287508.0,M,1.0,22.0,student
833.0,845.0,4.0,875332931.0,M,1.0,31.0,writer
7.0,481.0,4.0,879384471.0,F,0.0,50.0,administrator
561.0,1163.0,2.0,879517278.0,M,1.0,23.0,engineer
221.0,855.0,4.0,875652976.0,M,1.0,18.0,student
648.0,1242.0,3.0,887744328.0,M,1.0,39.0,engineer
280.0,485.0,3.0,884121572.0,F,0.0,30.0,librarian
296.0,431.0,4.0,880179785.0,F,0.0,43.0,administrator
442.0,8.0,4.0,879448604.0,M,1.0,22.0,student
807.0,1117.0,5.0,891036490.0,F,0.0,41.0,healthcare
682.0,762.0,4.0,888631548.0,M,1.0,23.0,engineer
403.0,1048.0,5.0,887738977.0,M,1.0,34.0,other
667.0,569.0,4.0,876034106.0,M,1.0,23.0,programmer
538.0,431.0,4.0,877807831.0,M,1.0,30.0,scientist
741.0,498.0,4.0,875509346.0,M,1.0,24.0,writer
59.0,748.0,4.0,888086982.0,M,1.0,43.0,educator
39.0,603.0,5.0,881109175.0,M,1.0,23.0,student
880.0,639.0,5.0,880346816.0,M,1.0,11.0,student
903.0,474.0,3.0,877858479.0,M,1.0,35.0,educator
896.0,772.0,2.0,887158929.0,M,1.0,27.0,writer
363.0,11.0,5.0,882607844.0,M,1.0,20.0,student
293.0,689.0,5.0,884111613.0,M,1.0,23.0,writer
806.0,721.0,4.0,892131714.0,M,1.0,26.0,marketing
536.0,936.0,4.0,886607979.0,M,1.0,33.0,engineer
521.0,678.0,4.0,875971430.0,M,1.0,18.0,student
621.0,946.0,4.0,874829089.0,M,1.0,17.0,student
85.0,514.0,5.0,879899641.0,M,1.0,45.0,educator
642.0,566.0,3.0,889740797.0,F,0.0,18.0,student
234.0,574.0,4.0,892079475.0,M,1.0,52.0,educator
782.0,684.0,3.0,891039180.0,M,1.0,21.0,librarian
642.0,5.0,4.0,889125879.0,F,0.0,17.0,student
840.0,712.0,5.0,885365780.0,M,1.0,35.0,artist
622.0,709.0,4.0,882385590.0,M,1.0,24.0,programmer
916.0,172.0,3.0,875728857.0,M,1.0,26.0,marketing
435.0,4.0,5.0,883447813.0,M,1.0,23.0,engineer
236.0,474.0,2.0,879542618.0,F,0.0,28.0,librarian
406.0,566.0,4.0,879454172.0,M,1.0,46.0,educator
109.0,258.0,4.0,877019882.0,M,1.0,24.0,other
526.0,576.0,1.0,888068167.0,F,0.0,39.0,administrator
184.0,661.0,4.0,889907426.0,M,1.0,34.0,librarian
627.0,446.0,5.0,885690746.0,M,1.0,31.0,writer
749.0,357.0,3.0,883709402.0,M,1.0,31.0,other
268.0,8.0,4.0,875729464.0,M,1.0,23.0,engineer
301.0,523.0,4.0,877892160.0,M,1.0,23.0,student
734.0,100.0,5.0,883601311.0,F,0.0,25.0,other
95.0,685.0,4.0,885810446.0,M,1.0,29.0,administrator
435.0,98.0,3.0,875310152.0,M,1.0,23.0,engineer
416.0,527.0,5.0,889909415.0,F,0.0,20.0,other
622.0,476.0,5.0,884626844.0,M,1.0,24.0,programmer
194.0,707.0,3.0,879454935.0,M,1.0,35.0,administrator
615.0,896.0,4.0,879446493.0,M,1.0,35.0,educator
881.0,479.0,5.0,880144194.0,M,1.0,35.0,marketing
551.0,657.0,5.0,888069416.0,M,1.0,24.0,programmer
458.0,730.0,3.0,885690975.0,M,1.0,42.0,technician
291.0,462.0,5.0,874863269.0,M,1.0,18.0,student
770.0,1045.0,2.0,88033225.0,M,1.0,27.0,student
1.0,1028.0,4.0,884129827.0,M,1.0,23.0,technician
249.0,851.0,3.0,879451621.0,M,1.0,24.0,student
643.0,880.0,4.0,891478529.0,M,1.0,35.0,scientist
569.0,186.0,4.0,875134311.0,M,1.0,31.0,educator
293.0,628.0,4.0,888905451.0,M,1.0,23.0,writer
907.0,740.0,4.0,891034629.0,M,1.0,21.0,student
204.0,485.0,4.0,878848224.0,F,0.0,27.0,librarian
279.0,735.0,4.0,891208452.0,M,1.0,31.0,programmer
840.0,100.0,4.0,875727146.0,M,1.0,35.0,artist
392.0,546.0,2.0,889731863.0,M,1.0,46.0,writer
741.0,441.0,1.0,892738889.0,M,1.0,24.0,writer
311.0,733.0,4.0,884134416.0,M,1.0,30.0,technician
886.0,7.0,4.0,888479690.0,M,1.0,20.0,student
75.0,508.0,4.0,877104976.0,M,1.0,23.0,entertainment
417.0,940.0,4.0,878961999.0,F,0.0,31.0,other
887.0,979.0,2.0,8795220.0,F,0.0,20.0,student
200.0,591.0,3.0,880568406.0,M,1.0,36.0,programmer
472.0,846.0,3.0,875542814.0,M,1.0,23.0,student
815.0,477.0,4.0,878961668.0,M,1.0,30.0,other
295.0,1012.0,1.0,879445372.0,M,1.0,31.0,educator
796.0,474.0,4.0,893214332.0,F,0.0,32.0,librarian
890.0,566.0,4.0,887746207.0,M,1.0,26.0,technician
488.0,940.0,2.0,891033296.0,M,1.0,42.0,technician
287.0,1095.0,4.0,886988574.0,M,1.0,31.0,salesman
846.0,302.0,4.0,883948252.0,M,1.0,26.0,lawyer
719.0,111.0,3.0,879449737.0,M,1.0,24.0,other
221.0,8.0,3.0,889783348.0,M,1.0,18.0,student
648.0,969.0,4.0,883268545.0,M,1.0,39.0,engineer
387.0,515.0,5.0,875265030.0,M,1.0,31.0,entertainment
648.0,979.0,4.0,885810240.0,M,1.0,39.0,engineer
13.0,111.0,4.0,880181300.0,M,1.0,42.0,educator
25.0,551.0,3.0,888888617.0,M,1.0,27.0,writer
862.0,507.0,2.0,875747018.0,M,1.0,24.0,executive
407.0,7.0,4.0,886029582.0,M,1.0,27.0,engineer
741.0,866.0,3.0,875087647.0,F,0.0,26.0,writer
851.0,842.0,2.0,891035140.0,M,1.0,18.0,other
279.0,50.0,5.0,875107820.0,M,1.0,31.0,programmer
661.0,526.0,3.0,877385873.0,M,1.0,27.0,programmer
528.0,523.0,4.0,888631546.0,M,1.0,18.0,student
618.0,679.0,4.0,888103986.0,F,0.0,11.0,student
458.0,756.0,4.0,878957469.0,M,1.0,42.0,technician
447.0,523.0,4.0,879362606.0,M,1.0,28.0,other
235.0,652.0,2.0,879441458.0,M,1.0,42.0,educator
712.0,9.0,5.0,879524292.0,F,0.0,22.0,student
883.0,1230.0,5.0,889908474.0,M,1.0,43.0,librarian
435.0,1185.0,3.0,884111542.0,M,1.0,23.0,engineer
116.0,1084.0,1.0,890285975.0,M,1.0,42.0,healthcare
393.0,588.0,4.0,883628159.0,M,1.0,18.0,student
271.0,7.0,3.0,882403044.0,M,1.0,45.0,engineer
537.0,1.0,4.0,888068841.0,M,1.0,33.0,engineer
293.0,684.0,2.0,875242890.0,M,1.0,23.0,writer
45.0,685.0,3.0,891448476.0,M,1.0,32.0,administrator
406.0,577.0,4.0,889394732.0,M,1.0,46.0,educator
276.0,692.0,3.0,874786433.0,M,1.0,21.0,student
751.0,7.0,3.0,883768352.0,F,0.0,24.0,other
345.0,528.0,4.0,875747274.0,F,0.0,28.0,librarian
174.0,482.0,3.0,875242882.0,F,0.0,30.0,administrator
184.0,508.0,3.0,881278997.0,M,1.0,34.0,artist
503.0,1054.0,4.0,886177353.0,M,1.0,50.0,writer
90.0,651.0,3.0,881371159.0,M,1.0,52.0,educator
804.0,597.0,3.0,879454640.0,M,1.0,35.0,educator
500.0,117.0,4.0,883865241.0,M,1.0,27.0,administrator
393.0,474.0,4.0,882348454.0,M,1.0,18.0,student
397.0,581.0,4.0,882077256.0,M,1.0,18.0,student
244.0,781.0,3.0,8802422.0,M,1.0,27.0,technician
293.0,673.0,3.0,888905865.0,M,1.0,23.0,writer
694.0,64.0,4.0,891369190.0,M,1.0,52.0,educator
863.0,300.0,3.0,889289491.0,M,1.0,23.0,student
1.0,12.0,3.0,889416188.0,F,0.0,27.0,doctor
416.0,479.0,3.0,891208644.0,M,1.0,20.0,student
886.0,582.0,2.0,889416456.0,M,1.0,30.0,writer
880.0,652.0,5.0,880607154.0,M,1.0,11.0,student
10.0,653.0,5.0,886271595.0,M,1.0,32.0,lawyer
500.0,513.0,3.0,880182811.0,M,1.0,27.0,administrator
484.0,561.0,4.0,888104116.0,M,1.0,26.0,marketing
561.0,286.0,5.0,885385173.0,M,1.0,23.0,technician
343.0,732.0,4.0,875983270.0,M,1.0,39.0,engineer
654.0,749.0,4.0,875245568.0,M,1.0,50.0,educator
130.0,50.0,1.0,876404475.0,M,1.0,20.0,none
60.0,748.0,4.0,883326839.0,M,1.0,44.0,healthcare
64.0,479.0,2.0,886323115.0,M,1.0,30.0,educator
737.0,483.0,5.0,880235473.0,F,0.0,32.0,other
466.0,519.0,4.0,882826453.0,M,1.0,27.0,student
826.0,728.0,5.0,879366280.0,M,1.0,31.0,librarian
561.0,100.0,4.0,886031273.0,M,1.0,23.0,engineer
292.0,756.0,3.0,878182614.0,M,1.0,35.0,programmer
11.0,515.0,4.0,8888973909.0,F,0.0,39.0,other
825.0,763.0,2.0,885848446.0,M,1.0,39.0,engineer
416.0,174.0,4.0,879447841.0,F,0.0,20.0,student
130.0,662.0,4.0,875280352.0,M,1.0,20.0,none
871.0,186.0,5.0,885047334.0,M,1.0,29.0,executive
864.0,288.0,4.0,884133041.0,M,1.0,26.0,engineer
840.0,573.0,4.0,893213915.0,M,1.0,36.0,artist
389.0,475.0,3.0,879454400.0,F,0.0,23.0,writer
296.0,603.0,4.0,891352546.0,F,0.0,43.0,administrator
704.0,276.0,4.0,879012420.0,F,0.0,51.0,librarian
303.0,459.0,4.0,879466451.0,M,1.0,18.0,student
843.0,665.0,4.0,879441562.0,M,1.0,28.0,librarian
327.0,748.0,4.0,882677935.0,M,1.0,22.0,student
393.0,589.0,1.0,882397011.0,M,1.0,18.0,student
541.0,9.0,3.0,890282974.0,M,1.0,18.0,student
466.0,1.0,4.0,882386309.0,M,1.0,22.0,student
453.0,14.0,4.0,880393697.0,M,1.0,17.0,student
862.0,431.0,4.0,888555972.0,M,1.0,25.0,executive
435.0,328.0,4.0,884992538.0,M,1.0,39.0,engineer
749.0,196.0,5.0,875980060.0,F,0.0,31.0,other
269.0,474.0,4.0,892838375.0,M,1.0,31.0,librarian
804.0,699.0,4.0,882340750.0,M,1.0,35.0,educator
870.0,216.0,4.0,878185225.0,M,1.0,22.0,student
13.0,117.0,3.0,889655162.0,M,1.0,42.0,educator
738.0,678.0,3.0,879448604.0,M,1.0,32.0,technician
846.0,661.0,2.0,883949046.0,M,1.0,26.0,lawyer
642.0,778.0,2.0,883601206.0,M,1.0,17.0,student
8.0,586.0,3.0,879793156.0,M,1.0,42.0,administrator
62.0,773.0,5.0,880875396.0,F,0.0,27.0,administrator
194.0,936.0,5.0,879454630.0,M,1.0,35.0,administrator
207.0,288.0,4.0,879786969.0,M,1.0,26.0,marketing
87.0,844.0,5.0,879444097.0,M,1.0,42.0,administrator
234.0,881.0,2.0,882397146.0,M,1.0,52.0,retired
357.0,631.0,3.0,876456437.0,M,1.0,25.0,executive
892.0,471.0,3.0,879442751.0,M,1.0,33.0,other
290.0,528.0,3.0,889282902.0,M,1.0,36.0,writer
634.0,48.0,4.0,877131712.0,M,1.0,35.0,executive
311.0,709.0,3.0,884297906.0,M,1.0,30.0,technician
222.0,742.0,3.0,888179977.0,M,1.0,27.0,programmer
54.0,111.0,5.0,885480795.0,M,1.0,30.0,executive
305.0,654.0,4.0,888556184.0,M,1.0,23.0,programmer
210.0,597.0,4.0,884111937.0,M,1.0,35.0,engineer
336.0,685.0,5.0,875984900.0,M,1.0,23.0,salesman
380.0,12.0,4.0,875729096.0,M,1.0,30.0,engineer
385.0,288.0,3.0,886101398.0,M,1.0,33.0,writer
751.0,761.0,5.0,879443373.0,F,0.0,24.0,other
72.0,651.0,2.0,879544037.0,M,1.0,48.0,administrator
551.0,300.0,4.0,882427507.0,M,1.0,24.0,programmer
327.0,739.0,4.0,884749607.0,M,1.0,22.0,student
612.0,56.0,3.0,879793047.0,M,1.0,24.0,educator
712.0,479.0,5.0,891348003.0,M,1.0,21.0,student
757.0,7.0,1.0,880567890.0,F,0.0,26.0,student
200.0,12.0,3.0,888557773.0,M,1.0,44.0,writer
439.0,12.0,4.0,879447942.0,M,1.0,35.0,other
860.0,144.0,1.0,891546232.0,M,1.0,52.0,retired
871.0,672.0,4.0,882677935.0,M,1.0,29.0,other
276.0,527.0,2.0,8774000984.0,M,1.0,21.0,student
469.0,546.0,3.0,891032876.0,M,1.0,52.0,educator
798.0,1202.0,4.0,875245785.0,F,0.0,46.0,writer
795.0,276.0,4.0,875309974.0,M,1.0,24.0,writer
694.0,100.0,2.0,889655162.0,M,1.0,27.0,programmer
523.0,216.0,4.0,891353239.0,F,0.0,51.0,administrator
661.0,8.0,2.0,889737692.0,M,1.0,27.0,other
457.0,709.0,4.0,891264445.0,F,0.0,33.0,salesman
333.0,685.0,3.0,891494357.0,F,0.0,38.0,other
532.0,744.0,3.0,880130905.0,F,0.0,20.0,other
13.0,561.0,4.0,891548623.0,M,1.0,42.0,educator
130.0,566.0,4.0,877104032.0,M,1.0,20.0,student
6.0,100.0,3.0,877111154.0,M,1.0,31.0,other
770.0,516.0,3.0,891383204.0,M,1.0,27.0,programmer
607.0,966.0,5.0,884314968.0,F,0.0,41.0,healthcare
552.0,496.0,3.0,888068079.0,F,0.0,43.0,other
551.0,471.0,1.0,879452277.0,F,0.0,24.0,other
41.0,652.0,4.0,876033630.0,M,1.0,28.0,engineer
13.0,763.0,3.0,879454398.0,M,1.0,42.0,educator
591.0,517.0,5.0,891035507.0,F,0.0,53.0,librarian
615.0,782.0,4.0,879993519.0,M,1.0,35.0,educator
843.0,707.0,3.0,879111335.0,M,1.0,32.0,librarian
13.0,549.0,4.0,891699655.0,M,1.0,42.0,educator
622.0,527.0,5.0,88924021290.0,M,1.0,23.0,programmer
125.0,517.0,4.0,883948873.0,M,1.0,28.0,lawyer
451.0,596.0,4.0,883708948.0,F,0.0,16.0,student
669.0,477.0,5.0,875972724.0,M,1.0,24.0,other
363.0,569.0,4.0,877808120.0,M,1.0,20.0,student
311.0,9.0,2.0,884122510.0,M,1.0,30.0,technician
927.0,569.0,3.0,878181624.0,M,1.0,23.0,other
315.0,153.0,5.0,891548873.0,M,1.0,42.0,educator
128.0,659.0,4.0,881956203.0,M,1.0,24.0,marketing
130.0,684.0,4.0,881514811.0,M,1.0,20.0,none
846.0,652.0,5.0,883949886.0,M,1.0,26.0,lawyer
650.0,761.0,3.0,891409839.0,M,1.0,38.0,engineer
707.0,740.0,1.0,879446662.0,F,0.0,56.0,librarian
384.0,1048.0,4.0,879111673.0,M,1.0,46.0,other
308.0,498.0,4.0,887744722.0,M,1.0,52.0,retired
659.0,1110.0,3.0,891351417.0,M,1.0,29.0,educator
7.0,1041.0,4.0,883948606.0,M,1.0,24.0,student
486.0,471.0,3.0,879443446.0,M,1.0,35.0,educator
851.0,559.0,3.0,879111673.0,M,1.0,18.0,other
699.0,467.0,4.0,884304562.0,M,1.0,30.0,other
682.0,69.0,3.0,880924180.0,M,1.0,23.0,programmer
653.0,815.0,5.0,888069380.0,M,1.0,29.0,executive
10.0,979.0,5.0,877380012.0,M,1.0,46.0,lawyer
7.0,705.0,3.0,888538256.0,M,1.0,50.0,administrator
224.0,516.0,3.0,886480206.0,F,0.0,31.0,educator
130.0,1040.0,4.0,879539939.0,M,1.0,20.0,none
327.0,549.0,4.0,884496623.0,M,1.0,22.0,student
634.0,8.0,4.0,876535778.0,M,1.0,35.0,scientist
757.0,11.0,5.0,883600111.0,M,1.0,25.0,student
868.0,835.0,4.0,888103906.0,M,1.0,21.0,student
615.0,12.0,4.0,879539211.0,M,1.0,45.0,other
360.0,554.0,4.0,880935814.0,M,1.0,45.0,artist
467.0,732.0,5.0,884304838.0,M,1.0,30.0,engineer
826.0,813.0,5.0,884110789.0,M,1.0,27.0,artist
766.0,546.0,4.0,874786428.0,M,1.0,21.0,other
299.0,117.0,5.0,877399513.0,M,1.0,27.0,doctor
503.0,541.0,5.0,879446209.0,F,0.0,38.0,writer
716.0,1020.0,5.0,879448448.0,F,0.0,51.0,administrator
478.0,846.0,2.0,879388936.0,M,1.0,27.0,other
686.0,603.0,1.0,879467413.0,M,1.0,35.0,educator
252.0,735.0,4.0,888639579.0,M,1.0,38.0,engineer
274.0,496.0,5.0,877136611.0,F,0.0,21.0,student
466.0,749.0,4.0,879641660.0,M,1.0,22.0,student
535.0,4.0,4.0,885158855.0,M,1.0,35.0,marketing
457.0,678.0,2.0,882077827.0,F,0.0,33.0,salesman
851.0,707.0,3.0,879990882.0,F,0.0,24.0,other
537.0,474.0,5.0,886031606.0,M,1.0,33.0,engineer
826.0,1015.0,3.0,887158875.0,M,1.0,27.0,artist
679.0,879.0,4.0,879439286.0,M,1.0,28.0,marketing
267.0,678.0,5.0,882389179.0,M,1.0,23.0,engineer
180.0,603.0,5.0,888557770.0,F,0.0,22.0,student
89.0,895.0,4.0,891033742.0,F,0.0,43.0,librarian
95.0,716.0,5.0,882900047.0,M,1.0,29.0,administrator
599.0,742.0,4.0,890454420.0,M,1.0,44.0,other
561.0,9.0,5.0,885455420.0,F,0.0,26.0,homemaker
363.0,652.0,3.0,891037499.0,M,1.0,20.0,student
911.0,727.0,4.0,882389051.0,F,0.0,37.0,writer
653.0,481.0,5.0,888068761.0,M,1.0,35.0,other
303.0,748.0,3.0,879434784.0,M,1.0,18.0,student
618.0,940.0,4.0,874965954.0,M,1.0,11.0,student
867.0,454.0,4.0,875502074.0,M,1.0,24.0,scientist
391.0,771.0,3.0,885180870.0,M,1.0,26.0,artist
314.0,969.0,5.0,878739851.0,M,1.0,20.0,student
601.0,473.0,3.0,885810706.0,M,1.0,16.0,student
194.0,684.0,4.0,879875971.0,M,1.0,35.0,administrator
373.0,511.0,4.0,879991677.0,F,0.0,24.0,other
621.0,584.0,3.0,889178547.0,M,1.0,17.0,programmer
479.0,831.0,4.0,882621729.0,M,1.0,28.0,educator
479.0,629.0,3.0,881365162.0,M,1.0,28.0,educator
867.0,1082.0,2.0,888180020.0,M,1.0,23.0,programmer
1.0,633.0,2.0,889739678.0,M,1.0,23.0,technician
942.0,1546.0,4.0,891545793.0,F,0.0,48.0,librarian
697.0,1298.0,3.0,875280518.0,F,0.0,39.0,other
328.0,174.0,5.0,880178696.0,M,1.0,45.0,administrator
327.0,515.0,5.0,885049445.0,M,1.0,22.0,student
487.0,654.0,3.0,880846734.0,M,1.0,22.0,engineer
886.0,841.0,5.0,886029292.0,M,1.0,35.0,engineer
80.0,482.0,4.0,880843585.0,M,1.0,44.0,programmer
393.0,568.0,2.0,883349164.0,M,1.0,18.0,student
59.0,127.0,5.0,887738240.0,F,0.0,43.0,educator
207.0,671.0,3.0,875657721.0,M,1.0,39.0,marketing
864.0,176.0,4.0,876506402.0,M,1.0,27.0,programmer
705.0,665.0,3.0,879453900.0,F,0.0,28.0,librarian
313.0,313.0,5.0,878951546.0,M,1.0,37.0,marketing
158.0,258.0,3.0,878953278.0,M,1.0,44.0,educator
717.0,742.0,3.0,876789125.0,M,1.0,27.0,student
650.0,518.0,4.0,880475273.0,M,1.0,38.0,engineer
751.0,684.0,5.0,879874781.0,M,1.0,24.0,other
537.0,1059.0,4.0,879178749.0,M,1.0,28.0,other
846.0,554.0,4.0,883948803.0,M,1.0,26.0,lawyer
308.0,748.0,2.0,887743284.0,M,1.0,52.0,retired
500.0,568.0,3.0,883874530.0,M,1.0,27.0,administrator
39.0,12.0,3.0,882074310.0,M,1.0,24.0,student
311.0,653.0,4.0,884365112.0,M,1.0,30.0,technician
334.0,752.0,1.0,891310084.0,F,0.0,30.0,librarian
738.0,1047.0,4.0,875133685.0,M,1.0,32.0,technician
758.0,568.0,4.0,882827001.0,F,0.0,25.0,student
763.0,959.0,5.0,885849209.0,M,1.0,45.0,engineer
919.0,992.0,2.0,878883112.0,M,1.0,24.0,other
201.0,516.0,4.0,888479711.0,M,1.0,26.0,writer
862.0,716.0,3.0,875982634.0,M,1.0,38.0,executive
622.0,7.0,3.0,891374967.0,M,1.0,32.0,programmer
669.0,716.0,5.0,891037262.0,M,1.0,34.0,other
524.0,294.0,4.0,879449841.0,M,1.0,48.0,educator
228.0,639.0,4.0,879875315.0,F,0.0,48.0,administrator
145.0,121.0,4.0,877889059.0,M,1.0,29.0,entertainment
758.0,675.0,4.0,892079617.0,M,1.0,56.0,retired
510.0,748.0,4.0,879455075.0,M,1.0,31.0,other
442.0,7.0,4.0,875680448.0,M,1.0,20.0,student
308.0,753.0,4.0,887739757.0,M,1.0,52.0,retired
435.0,554.0,4.0,884992541.0,M,1.0,23.0,scientist
49.0,9.0,1.0,891250584.0,F,0.0,43.0,student
363.0,678.0,3.0,891449417.0,M,1.0,20.0,student
444.0,573.0,3.0,881956209.0,M,1.0,32.0,salesman
22.0,948.0,3.0,879948611.0,M,1.0,28.0,student
556.0,485.0,4.0,879456592.0,F,0.0,35.0,educator
269.0,831.0,5.0,891721148.0,F,0.0,31.0,librarian
788.0,449.0,2.0,879192052.0,F,0.0,37.0,administrator
3.0,476.0,4.0,889235781.0,M,1.0,23.0,salesman
890.0,678.0,3.0,881251826.0,M,1.0,30.0,student
815.0,7.0,4.0,879442286.0,M,1.0,30.0,other
586.0,568.0,3.0,889654525.0,M,1.0,20.0,student
334.0,644.0,5.0,891304597.0,M,1.0,30.0,librarian
682.0,685.0,3.0,876972352.0,M,1.0,35.0,programmer
455.0,735.0,4.0,884060612.0,F,0.0,38.0,administrator
749.0,7.0,4.0,891251014.0,M,1.0,35.0,other
256.0,578.0,4.0,886436910.0,M,1.0,45.0,none
222.0,835.0,2.0,878104530.0,M,1.0,27.0,technician
181.0,210.0,4.0,875982713.0,M,1.0,25.0,executive
773.0,873.0,4.0,875659265.0,M,1.0,24.0,student
287.0,9.0,4.0,879455020.0,M,1.0,23.0,salesman
352.0,895.0,5.0,880394331.0,F,0.0,37.0,programmer
699.0,678.0,4.0,879191676.0,M,1.0,35.0,other
1.0,706.0,3.0,884131686.0,M,1.0,23.0,technician
788.0,678.0,3.0,879793093.0,M,1.0,45.0,administrator
293.0,11.0,4.0,888886922.0,M,1.0,23.0,writer
889.0,1041.0,2.0,880134963.0,M,1.0,23.0,technician
42.0,763.0,4.0,879111662.0,F,0.0,28.0,administrator
311.0,710.0,4.0,880314366.0,M,1.0,30.0,technician
57.0,507.0,5.0,889416188.0,M,1.0,24.0,marketing
145.0,661.0,4.0,875808712.0,M,1.0,29.0,entertainment
870.0,521.0,2.0,875731749.0,M,1.0,22.0,student
788.0,690.0,4.0,879441871.0,M,1.0,45.0,administrator
218.0,9.0,3.0,879222230.0,M,1.0,34.0,administrator
711.0,496.0,4.0,886371811.0,F,0.0,35.0,other
643.0,181.0,4.0,879448764.0,M,1.0,35.0,scientist
409.0,879.0,5.0,881108496.0,M,1.0,42.0,administrator
389.0,673.0,4.0,879447562.0,F,0.0,44.0,writer
721.0,689.0,3.0,875271498.0,M,1.0,24.0,student
620.0,690.0,4.0,888906193.0,M,1.0,17.0,student
615.0,28.0,4.0,886322964.0,M,1.0,35.0,educator
3.0,546.0,4.0,879443297.0,M,1.0,45.0,other
938.0,709.0,4.0,875310883.0,F,0.0,38.0,writer
643.0,651.0,5.0,891449153.0,M,1.0,35.0,scientist
868.0,9.0,2.0,886987288.0,M,1.0,21.0,programmer
868.0,288.0,3.0,875342866.0,M,1.0,21.0,artist
592.0,15.0,5.0,879875724.0,M,1.0,18.0,student
311.0,685.0,5.0,8773844862.0,M,1.0,30.0,technician
606.0,682.0,3.0,891384753.0,M,1.0,27.0,programmer
604.0,678.0,3.0,888069614.0,M,1.0,35.0,educator
435.0,195.0,1.0,884305353.0,M,1.0,23.0,engineer
345.0,69.0,1.0,879458539.0,F,0.0,28.0,librarian
634.0,762.0,3.0,892334722.0,F,0.0,20.0,student
455.0,696.0,3.0,879362202.0,M,1.0,42.0,administrator
655.0,1061.0,4.0,889740058.0,F,0.0,50.0,healthcare
276.0,258.0,4.0,883874715.0,M,1.0,21.0,student
1.0,286.0,4.0,881373794.0,M,1.0,23.0,technician
399.0,678.0,3.0,882340701.0,M,1.0,24.0,other
712.0,269.0,4.0,879863684.0,M,1.0,22.0,student
568.0,127.0,5.0,879298206.0,M,1.0,35.0,educator
671.0,662.0,5.0,874951614.0,M,1.0,21.0,programmer
336.0,515.0,4.0,889069974.0,M,1.0,23.0,salesman
234.0,715.0,3.0,892334883.0,M,1.0,52.0,retired
188.0,476.0,1.0,886921754.0,M,1.0,38.0,student
498.0,825.0,5.0,886883147.0,F,0.0,21.0,student
109.0,496.0,3.0,878183046.0,M,1.0,27.0,other
770.0,874.0,2.0,887165821.0,M,1.0,27.0,student
31.0,1014.0,4.0,875981764.0,M,1.0,31.0,artist
637.0,891.0,3.0,882385728.0,M,1.0,23.0,other
788.0,615.0,4.0,883869375.0,M,1.0,21.0,administrator
919.0,886.0,3.0,879362462.0,M,1.0,22.0,other
654.0,930.0,3.0,87808370.0,M,1.0,30.0,scientist
312.0,473.0,3.0,891201796.0,M,1.0,42.0,other
363.0,890.0,4.0,891351121.0,M,1.0,20.0,student
757.0,748.0,5.0,881960727.0,M,1.0,25.0,student
87.0,237.0,4.0,879875534.0,M,1.0,42.0,administrator
886.0,685.0,4.0,882344582.0,M,1.0,20.0,student
329.0,12.0,5.0,891033773.0,M,1.0,42.0,educator
790.0,181.0,4.0,884058623.0,M,1.0,28.0,technician
256.0,472.0,4.0,881015534.0,F,0.0,35.0,marketing
724.0,286.0,4.0,881106061.0,M,1.0,27.0,writer
518.0,582.0,4.0,876366710.0,F,0.0,37.0,artist
537.0,423.0,5.0,886031106.0,M,1.0,33.0,engineer
790.0,472.0,4.0,875312916.0,M,1.0,26.0,technician
468.0,554.0,4.0,883876459.0,M,1.0,27.0,engineer
796.0,585.0,3.0,875266978.0,F,0.0,30.0,writer
455.0,172.0,5.0,879896654.0,M,1.0,42.0,administrator
389.0,863.0,2.0,879532651.0,F,0.0,44.0,writer
1.0,588.0,4.0,876524937.0,M,1.0,18.0,student
435.0,639.0,4.0,884122422.0,M,1.0,23.0,engineer
271.0,323.0,4.0,878694089.0,M,1.0,45.0,engineer
524.0,473.0,3.0,889908630.0,M,1.0,34.0,executive
90.0,732.0,4.0,891383613.0,M,1.0,52.0,other
479.0,988.0,5.0,879441447.0,M,1.0,28.0,educator
92.0,12.0,3.0,875346966.0,M,1.0,30.0,entertainment
830.0,474.0,5.0,876033266.0,M,1.0,18.0,student
727.0,969.0,4.0,878973489.0,M,1.0,24.0,executive
195.0,845.0,5.0,879435523.0,M,1.0,38.0,scientist
664.0,690.0,4.0,879544282.0,M,1.0,27.0,engineer
401.0,195.0,1.0,877387508.0,F,0.0,46.0,healthcare
16.0,710.0,5.0,877718672.0,M,1.0,21.0,artist
207.0,527.0,4.0,877139843.0,M,1.0,35.0,marketing
303.0,592.0,3.0,879454581.0,M,1.0,18.0,student
452.0,778.0,5.0,880867965.0,M,1.0,32.0,administrator
881.0,682.0,5.0,880134707.0,M,1.0,18.0,other
334.0,4.0,3.0,891448004.0,M,1.0,30.0,librarian
682.0,867.0,3.0,875283664.0,M,1.0,23.0,programmer
782.0,762.0,1.0,893219155.0,F,0.0,21.0,artist
255.0,707.0,4.0,885810240.0,M,1.0,31.0,entertainment
644.0,731.0,4.0,889041647.0,M,1.0,35.0,scientist
642.0,628.0,5.0,882212477.0,F,0.0,17.0,student
862.0,7.0,5.0,879448715.0,M,1.0,24.0,executive
537.0,862.0,4.0,885849185.0,M,1.0,33.0,engineer
523.0,1028.0,4.0,879443446.0,F,0.0,29.0,librarian
655.0,615.0,4.0,886480484.0,M,1.0,50.0,healthcare
455.0,685.0,3.0,879112559.0,M,1.0,42.0,administrator
13.0,566.0,5.0,882567328.0,M,1.0,42.0,educator
450.0,690.0,4.0,882827582.0,F,0.0,35.0,educator
618.0,1063.0,4.0,883326764.0,M,1.0,23.0,student
833.0,121.0,4.0,875907727.0,M,1.0,44.0,writer
393.0,15.0,3.0,889655072.0,M,1.0,18.0,student
682.0,531.0,4.0,880929667.0,M,1.0,23.0,programmer
405.0,1067.0,1.0,884365168.0,F,0.0,22.0,healthcare
891.0,1270.0,5.0,891351821.0,M,1.0,51.0,administrator
223.0,294.0,4.0,888759634.0,M,1.0,18.0,student
373.0,526.0,3.0,876537889.0,F,0.0,24.0,other
655.0,607.0,5.0,884462692.0,F,0.0,50.0,healthcare
738.0,50.0,3.0,884714301.0,M,1.0,38.0,technician
854.0,715.0,3.0,888557294.0,M,1.0,29.0,student
751.0,515.0,3.0,882348542.0,F,0.0,46.0,other
770.0,744.0,2.0,875355078.0,M,1.0,27.0,student
540.0,823.0,4.0,885158729.0,M,1.0,27.0,engineer
655.0,756.0,4.0,888525927.0,F,0.0,50.0,healthcare
542.0,603.0,3.0,879454581.0,M,1.0,20.0,writer
738.0,682.0,3.0,891385704.0,M,1.0,27.0,technician
757.0,9.0,4.0,875233657.0,M,1.0,26.0,student
291.0,559.0,4.0,879441653.0,M,1.0,18.0,student
474.0,488.0,4.0,885809782.0,M,1.0,27.0,administrator
6.0,665.0,3.0,875907829.0,M,1.0,44.0,executive
592.0,866.0,2.0,883947885.0,M,1.0,18.0,student
195.0,973.0,4.0,878952242.0,M,1.0,38.0,scientist
724.0,15.0,4.0,883196130.0,F,0.0,27.0,other
495.0,7.0,3.0,884111663.0,M,1.0,25.0,executive
194.0,15.0,4.0,878972614.0,M,1.0,25.0,administrator
6.0,693.0,3.0,883531122.0,M,1.0,23.0,engineer
546.0,651.0,4.0,891449051.0,M,1.0,33.0,educator
222.0,675.0,2.0,881955004.0,M,1.0,27.0,programmer
548.0,582.0,3.0,889052421.0,M,1.0,38.0,scientist
6.0,984.0,4.0,89139150.0,M,1.0,44.0,other
682.0,1523.0,4.0,884366737.0,M,1.0,23.0,programmer
738.0,1228.0,3.0,879196230.0,F,0.0,32.0,librarian
869.0,889.0,3.0,891449786.0,F,0.0,20.0,student
654.0,558.0,3.0,880179665.0,M,1.0,27.0,programmer
374.0,629.0,2.0,877387624.0,M,1.0,33.0,executive
742.0,644.0,3.0,879447830.0,M,1.0,44.0,technician
732.0,708.0,5.0,879111672.0,M,1.0,41.0,educator
361.0,561.0,5.0,874977512.0,M,1.0,22.0,student
537.0,8.0,3.0,886029692.0,M,1.0,33.0,engineer
757.0,514.0,4.0,882078921.0,F,0.0,25.0,student
194.0,683.0,5.0,879111663.0,M,1.0,35.0,administrator
887.0,947.0,3.0,879793784.0,M,1.0,10.0,student
450.0,476.0,4.0,882389096.0,F,0.0,35.0,educator
59.0,479.0,3.0,883713307.0,M,1.0,43.0,educator
393.0,834.0,3.0,8864827881.0,M,1.0,18.0,student
249.0,876.0,4.0,887738212.0,M,1.0,24.0,student
782.0,1047.0,3.0,891544953.0,F,0.0,30.0,artist
854.0,792.0,2.0,887745272.0,M,1.0,18.0,student
293.0,1204.0,3.0,875059148.0,M,1.0,23.0,writer
532.0,748.0,4.0,884313675.0,M,1.0,17.0,student
796.0,48.0,3.0,891547894.0,F,0.0,27.0,writer
503.0,10.0,4.0,891016816.0,F,0.0,48.0,writer
486.0,566.0,3.0,879538415.0,M,1.0,45.0,other
416.0,245.0,5.0,876250993.0,F,0.0,20.0,student
615.0,121.0,5.0,880139319.0,M,1.0,26.0,other
823.0,1147.0,5.0,878955965.0,M,1.0,26.0,artist
7.0,604.0,5.0,879111662.0,M,1.0,42.0,administrator
496.0,15.0,2.0,883711860.0,F,0.0,24.0,other
837.0,653.0,4.0,882607690.0,F,0.0,49.0,artist
666.0,288.0,3.0,885045245.0,M,1.0,39.0,administrator
690.0,873.0,4.0,881515778.0,M,1.0,28.0,salesman
455.0,591.0,5.0,879848432.0,M,1.0,42.0,administrator
279.0,708.0,3.0,875297411.0,M,1.0,31.0,programmer
871.0,683.0,5.0,891448863.0,M,1.0,35.0,executive
907.0,1044.0,4.0,888479654.0,F,0.0,21.0,student
671.0,210.0,5.0,891172070.0,M,1.0,23.0,programmer
592.0,826.0,5.0,893279434.0,M,1.0,18.0,student
755.0,509.0,4.0,882387773.0,M,1.0,26.0,student
804.0,741.0,3.0,879365886.0,M,1.0,35.0,librarian
917.0,654.0,4.0,892359417.0,F,0.0,22.0,student
23.0,659.0,4.0,878846420.0,M,1.0,30.0,artist
875.0,591.0,4.0,882404250.0,F,0.0,21.0,entertainment
346.0,478.0,4.0,879434672.0,M,1.0,31.0,other
56.0,932.0,3.0,891577935.0,M,1.0,24.0,librarian
291.0,705.0,5.0,879453800.0,M,1.0,18.0,student
907.0,1232.0,5.0,891448861.0,F,0.0,43.0,librarian
236.0,516.0,4.0,889739975.0,F,0.0,44.0,writer
393.0,748.0,4.0,879444021.0,M,1.0,18.0,student
279.0,14.0,5.0,875270947.0,M,1.0,31.0,programmer
676.0,195.0,3.0,879483614.0,M,1.0,28.0,programmer
468.0,831.0,1.0,889739569.0,M,1.0,23.0,librarian
860.0,9.0,5.0,884493523.0,F,0.0,70.0,retired
514.0,447.0,3.0,880602877.0,M,1.0,26.0,programmer
751.0,741.0,4.0,892790953.0,M,1.0,24.0,other
385.0,825.0,1.0,879441037.0,M,1.0,33.0,writer
201.0,733.0,4.0,884132601.0,M,1.0,26.0,writer
239.0,528.0,4.0,877822906.0,M,1.0,35.0,artist
637.0,488.0,3.0,880126996.0,F,0.0,28.0,other
291.0,919.0,4.0,875038807.0,M,1.0,18.0,student
798.0,12.0,5.0,875732736.0,F,0.0,40.0,writer
614.0,732.0,4.0,889908694.0,M,1.0,46.0,educator
181.0,566.0,5.0,878941144.0,M,1.0,25.0,executive
22.0,879.0,2.0,880242981.0,M,1.0,25.0,writer
197.0,989.0,5.0,879572881.0,M,1.0,48.0,administrator
717.0,705.0,2.0,881373059.0,M,1.0,23.0,technician
459.0,515.0,5.0,880139414.0,M,1.0,22.0,student
896.0,585.0,3.0,891699263.0,M,1.0,40.0,writer
648.0,1231.0,4.0,875310038.0,M,1.0,29.0,engineer
523.0,176.0,4.0,891383556.0,M,1.0,49.0,educator
882.0,238.0,3.0,875743068.0,M,1.0,23.0,engineer
90.0,663.0,5.0,891278753.0,M,1.0,44.0,educator
253.0,746.0,5.0,888466315.0,F,0.0,26.0,librarian
181.0,12.0,5.0,888069042.0,M,1.0,25.0,executive
251.0,1203.0,4.0,874730256.0,M,1.0,27.0,doctor
503.0,569.0,2.0,8858444.0,F,0.0,50.0,writer
707.0,631.0,3.0,89120494952.0,F,0.0,56.0,librarian
130.0,690.0,5.0,880587830.0,M,1.0,16.0,none
398.0,210.0,4.0,879454400.0,M,1.0,28.0,other
795.0,496.0,5.0,878950972.0,M,1.0,24.0,programmer
846.0,731.0,4.0,883949594.0,M,1.0,26.0,lawyer
8.0,921.0,5.0,879441042.0,M,1.0,42.0,administrator
618.0,9.0,5.0,889286066.0,M,1.0,11.0,programmer
125.0,523.0,5.0,879454400.0,M,1.0,28.0,lawyer
840.0,269.0,4.0,881250114.0,M,1.0,35.0,artist
788.0,496.0,3.0,880572318.0,M,1.0,30.0,administrator
766.0,8.0,4.0,891294886.0,M,1.0,38.0,other
864.0,1011.0,4.0,888706656.0,M,1.0,23.0,programmer
756.0,923.0,4.0,880130807.0,M,1.0,30.0,none
7.0,663.0,4.0,876031606.0,M,1.0,22.0,student
758.0,879.0,4.0,881956203.0,M,1.0,26.0,student
615.0,782.0,5.0,875272987.0,M,1.0,35.0,other
293.0,463.0,4.0,88949042160.0,M,1.0,23.0,student
894.0,939.0,4.0,875332661.0,M,1.0,42.0,executive
833.0,617.0,3.0,875502074.0,M,1.0,31.0,writer
308.0,476.0,4.0,887745891.0,M,1.0,52.0,retired
90.0,678.0,4.0,891381546.0,M,1.0,52.0,educator
60.0,588.0,3.0,884364327.0,M,1.0,27.0,healthcare
286.0,496.0,3.0,884150257.0,M,1.0,26.0,student
815.0,9.0,4.0,884132073.0,M,1.0,38.0,executive
276.0,181.0,5.0,875030307.0,M,1.0,21.0,student
361.0,569.0,3.0,889731378.0,M,1.0,22.0,student
455.0,1188.0,4.0,879442937.0,M,1.0,42.0,administrator
339.0,98.0,3.0,891035437.0,M,1.0,32.0,lawyer
889.0,117.0,4.0,883709266.0,M,1.0,23.0,technician
328.0,471.0,5.0,879365169.0,M,1.0,45.0,administrator
307.0,468.0,2.0,883364269.0,M,1.0,24.0,student
313.0,518.0,5.0,880139327.0,M,1.0,37.0,other
886.0,751.0,3.0,874828790.0,M,1.0,27.0,student
607.0,1.0,4.0,891035307.0,F,0.0,32.0,librarian
537.0,328.0,3.0,886030552.0,M,1.0,33.0,engineer
885.0,7.0,4.0,875804057.0,F,0.0,30.0,student
405.0,1035.0,2.0,879874964.0,F,0.0,22.0,healthcare
345.0,174.0,2.0,885180429.0,F,0.0,28.0,librarian
634.0,1136.0,4.0,882149501.0,M,1.0,31.0,scientist
682.0,1074.0,5.0,888639595.0,M,1.0,23.0,programmer
712.0,521.0,4.0,884364522.0,F,0.0,22.0,student
796.0,665.0,5.0,888640179.0,F,0.0,23.0,writer
21.0,863.0,4.0,891207940.0,M,1.0,25.0,writer
807.0,521.0,2.0,879517233.0,M,1.0,41.0,healthcare
476.0,7.0,4.0,879454383.0,M,1.0,23.0,technician
942.0,636.0,4.0,884111813.0,F,0.0,48.0,marketing
588.0,216.0,5.0,889793820.0,F,0.0,17.0,student
160.0,531.0,4.0,880395773.0,M,1.0,26.0,programmer
381.0,696.0,2.0,875288156.0,M,1.0,31.0,artist
420.0,8.0,3.0,882386491.0,M,1.0,46.0,educator
405.0,518.0,4.0,883364752.0,F,0.0,22.0,healthcare
532.0,678.0,4.0,891201796.0,F,0.0,20.0,student
339.0,824.0,4.0,891035164.0,M,1.0,32.0,lawyer
758.0,98.0,4.0,881975817.0,M,1.0,26.0,student
758.0,527.0,4.0,888104277.0,M,1.0,26.0,student
429.0,487.0,3.0,882388805.0,M,1.0,26.0,student
279.0,652.0,3.0,887159653.0,M,1.0,31.0,programmer
393.0,566.0,3.0,879444550.0,M,1.0,18.0,student
293.0,756.0,4.0,888906929.0,M,1.0,23.0,writer
256.0,50.0,4.0,877108865.0,F,0.0,35.0,none
313.0,673.0,4.0,891017872.0,M,1.0,37.0,marketing
293.0,762.0,2.0,889727534.0,M,1.0,23.0,writer
682.0,708.0,3.0,875242890.0,M,1.0,24.0,programmer
840.0,1130.0,4.0,875280486.0,M,1.0,35.0,artist
15.0,1047.0,4.0,886988873.0,M,1.0,49.0,educator
916.0,658.0,3.0,880840051.0,M,1.0,26.0,engineer
87.0,288.0,4.0,880572577.0,M,1.0,42.0,administrator
829.0,748.0,2.0,882398334.0,M,1.0,43.0,writer
393.0,745.0,4.0,879309940.0,M,1.0,23.0,student
824.0,687.0,3.0,876403797.0,M,1.0,39.0,artist
336.0,472.0,4.0,880133296.0,M,1.0,23.0,marketing
528.0,176.0,4.0,891955191.0,M,1.0,46.0,librarian
183.0,792.0,5.0,878738335.0,M,1.0,31.0,scientist
815.0,121.0,1.0,892151560.0,M,1.0,35.0,other
592.0,483.0,4.0,883387505.0,M,1.0,18.0,student
361.0,514.0,3.0,883876370.0,M,1.0,22.0,student
276.0,50.0,3.0,877106637.0,M,1.0,21.0,student
632.0,728.0,4.0,884367572.0,M,1.0,17.0,student
92.0,624.0,2.0,877196308.0,M,1.0,30.0,entertainment
472.0,527.0,3.0,879546860.0,M,1.0,18.0,student
297.0,50.0,4.0,879459187.0,M,1.0,39.0,educator
697.0,195.0,3.0,879461471.0,M,1.0,44.0,other
893.0,744.0,4.0,880857997.0,F,0.0,22.0,administrator
648.0,7.0,3.0,889909551.0,M,1.0,39.0,librarian
847.0,8.0,4.0,880177435.0,M,1.0,27.0,student
697.0,959.0,4.0,888556735.0,M,1.0,24.0,other
416.0,729.0,3.0,879362202.0,F,0.0,20.0,student
916.0,566.0,3.0,883865462.0,M,1.0,22.0,engineer
18.0,12.0,3.0,879988262.0,M,1.0,35.0,other
413.0,8.0,3.0,879447746.0,M,1.0,24.0,educator
927.0,546.0,4.0,880332901.0,M,1.0,26.0,technician
749.0,678.0,5.0,878849938.0,M,1.0,31.0,other
201.0,257.0,3.0,882360601.0,M,1.0,26.0,writer
883.0,697.0,2.0,888518004.0,M,1.0,33.0,salesman
622.0,1132.0,1.0,889655490.0,M,1.0,17.0,programmer
913.0,515.0,4.0,884495519.0,M,1.0,26.0,student
435.0,515.0,3.0,884121669.0,M,1.0,23.0,engineer
921.0,708.0,4.0,879192986.0,F,0.0,39.0,librarian
862.0,652.0,5.0,889492319.0,M,1.0,33.0,executive
807.0,607.0,4.0,889127023.0,F,0.0,35.0,educator
374.0,482.0,3.0,885808099.0,M,1.0,33.0,executive
601.0,546.0,4.0,879442655.0,F,0.0,18.0,artist
49.0,966.0,4.0,885157126.0,F,0.0,23.0,student
500.0,727.0,5.0,878870794.0,F,0.0,27.0,administrator
833.0,679.0,5.0,884497162.0,M,1.0,31.0,librarian
683.0,1204.0,3.0,891036480.0,M,1.0,43.0,librarian
447.0,604.0,3.0,886473653.0,M,1.0,27.0,other
747.0,100.0,2.0,879848167.0,M,1.0,18.0,other
773.0,568.0,4.0,877380071.0,M,1.0,20.0,student
806.0,111.0,5.0,889730126.0,F,0.0,36.0,marketing
731.0,782.0,4.0,879530306.0,F,0.0,18.0,other
799.0,431.0,3.0,875964597.0,F,0.0,45.0,executive
452.0,993.0,3.0,879456025.0,M,1.0,32.0,administrator
870.0,954.0,4.0,881180582.0,M,1.0,22.0,student
270.0,15.0,3.0,874730320.0,F,0.0,18.0,student
527.0,591.0,3.0,885479263.0,M,1.0,39.0,engineer
660.0,195.0,5.0,879717269.0,M,1.0,25.0,marketing
453.0,515.0,4.0,884112248.0,M,1.0,18.0,student
655.0,522.0,4.0,891295372.0,F,0.0,50.0,educator
724.0,628.0,4.0,879792930.0,M,1.0,29.0,executive
85.0,468.0,3.0,878093685.0,M,1.0,45.0,marketing
748.0,751.0,5.0,879461487.0,F,0.0,27.0,administrator
56.0,9.0,4.0,891035191.0,M,1.0,24.0,librarian
659.0,50.0,3.0,891195552.0,M,1.0,29.0,educator
343.0,118.0,4.0,878544040.0,M,1.0,39.0,engineer
894.0,294.0,3.0,886323237.0,M,1.0,42.0,writer
95.0,663.0,3.0,880393540.0,M,1.0,28.0,administrator
927.0,651.0,3.0,875247965.0,M,1.0,23.0,other
276.0,871.0,3.0,874831383.0,M,1.0,27.0,student
265.0,9.0,5.0,874965952.0,M,1.0,25.0,executive
666.0,679.0,2.0,884364694.0,M,1.0,39.0,administrator
174.0,813.0,5.0,883877387.0,F,0.0,30.0,administrator
635.0,328.0,5.0,879455021.0,F,0.0,44.0,healthcare
500.0,381.0,4.0,882961828.0,M,1.0,27.0,administrator
648.0,919.0,2.0,888632474.0,M,1.0,39.0,engineer
747.0,863.0,5.0,888103909.0,M,1.0,18.0,other
934.0,276.0,5.0,877645545.0,M,1.0,53.0,engineer
763.0,547.0,4.0,889739949.0,M,1.0,25.0,other
712.0,735.0,2.0,875806025.0,F,0.0,11.0,student
380.0,1174.0,4.0,885672688.0,M,1.0,30.0,engineer
303.0,676.0,2.0,879572600.0,M,1.0,18.0,student
667.0,1446.0,4.0,886480474.0,M,1.0,23.0,entertainment
643.0,186.0,4.0,885843209.0,M,1.0,35.0,engineer
313.0,515.0,4.0,879466116.0,M,1.0,37.0,marketing
847.0,631.0,4.0,882622121.0,M,1.0,23.0,student
648.0,498.0,5.0,887745744.0,M,1.0,39.0,engineer
796.0,603.0,2.0,886988574.0,F,0.0,32.0,writer
181.0,678.0,4.0,878951442.0,M,1.0,25.0,executive
666.0,729.0,4.0,885047747.0,M,1.0,39.0,administrator
643.0,762.0,5.0,891495344.0,M,1.0,32.0,librarian
301.0,678.0,2.0,887746756.0,M,1.0,23.0,student
344.0,704.0,4.0,891699655.0,F,0.0,30.0,librarian
599.0,751.0,4.0,885180699.0,M,1.0,34.0,other
504.0,508.0,3.0,884125295.0,F,0.0,40.0,writer
794.0,509.0,4.0,879459882.0,M,1.0,42.0,educator
407.0,1011.0,5.0,883250148.0,M,1.0,27.0,engineer
64.0,276.0,5.0,879454734.0,M,1.0,30.0,educator
130.0,876.0,5.0,874831394.0,M,1.0,40.0,none
269.0,50.0,5.0,891385389.0,F,0.0,31.0,librarian
862.0,547.0,3.0,878694950.0,M,1.0,24.0,executive
393.0,518.0,4.0,879464374.0,M,1.0,18.0,student
145.0,735.0,5.0,875654630.0,M,1.0,29.0,entertainment
21.0,588.0,4.0,876538763.0,M,1.0,25.0,writer
7.0,849.0,3.0,880926610.0,M,1.0,50.0,administrator
167.0,631.0,3.0,8803147424.0,M,1.0,34.0,administrator
615.0,735.0,4.0,888734113.0,M,1.0,35.0,educator
932.0,515.0,3.0,879447700.0,M,1.0,50.0,educator
409.0,523.0,5.0,880821834.0,M,1.0,42.0,administrator
846.0,841.0,4.0,888892362.0,M,1.0,26.0,lawyer
253.0,100.0,2.0,891547107.0,F,0.0,30.0,librarian
908.0,836.0,5.0,880385866.0,F,0.0,27.0,educator
457.0,556.0,3.0,886921830.0,M,1.0,33.0,salesman
642.0,472.0,3.0,875072527.0,M,1.0,21.0,programmer
299.0,867.0,3.0,889323263.0,M,1.0,27.0,doctor
846.0,934.0,3.0,891012418.0,M,1.0,26.0,lawyer
13.0,7.0,3.0,879540043.0,M,1.0,42.0,educator
497.0,876.0,4.0,881108445.0,M,1.0,20.0,student
18.0,685.0,5.0,880889487.0,F,0.0,35.0,other
655.0,607.0,4.0,886272253.0,F,0.0,50.0,healthcare
896.0,896.0,5.0,887160446.0,M,1.0,27.0,other
10.0,7.0,3.0,879440700.0,M,1.0,46.0,lawyer
532.0,483.0,5.0,886272009.0,F,0.0,17.0,student
890.0,603.0,3.0,881650232.0,M,1.0,30.0,student
796.0,515.0,3.0,893214041.0,F,0.0,32.0,writer
130.0,176.0,3.0,875982784.0,F,0.0,20.0,none
575.0,566.0,1.0,881977058.0,M,1.0,31.0,marketing
497.0,727.0,4.0,888640199.0,M,1.0,23.0,student
715.0,905.0,1.0,889737889.0,F,0.0,44.0,technician
235.0,604.0,3.0,889739051.0,M,1.0,44.0,writer
642.0,508.0,5.0,875048300.0,M,1.0,17.0,student
345.0,1079.0,3.0,884290427.0,F,0.0,28.0,librarian
804.0,566.0,4.0,878855800.0,M,1.0,35.0,educator
568.0,554.0,4.0,879366220.0,M,1.0,35.0,educator
293.0,676.0,3.0,880935611.0,M,1.0,23.0,writer
291.0,1215.0,5.0,874832188.0,M,1.0,18.0,student
343.0,11.0,4.0,876525584.0,M,1.0,37.0,engineer
742.0,735.0,3.0,879442471.0,M,1.0,24.0,other
854.0,659.0,1.0,881373089.0,M,1.0,26.0,student
766.0,14.0,4.0,891037309.0,M,1.0,38.0,programmer
72.0,1093.0,3.0,879448486.0,F,0.0,48.0,administrator
346.0,706.0,5.0,875245534.0,M,1.0,31.0,other
101.0,1188.0,4.0,877891966.0,M,1.0,15.0,student
882.0,1091.0,4.0,880307382.0,M,1.0,32.0,engineer
221.0,639.0,3.0,876524096.0,F,0.0,18.0,student
514.0,518.0,3.0,886031606.0,M,1.0,26.0,programmer
751.0,568.0,5.0,891369759.0,M,1.0,24.0,other
823.0,111.0,4.0,878439211.0,M,1.0,23.0,artist
514.0,489.0,1.0,887739100.0,M,1.0,26.0,programmer
327.0,1074.0,4.0,887912401.0,M,1.0,22.0,student
707.0,14.0,5.0,879460149.0,F,0.0,56.0,librarian
650.0,12.0,2.0,877399308.0,M,1.0,38.0,engineer
916.0,1047.0,4.0,888639179.0,F,0.0,26.0,other
385.0,176.0,2.0,874830344.0,M,1.0,33.0,writer
790.0,691.0,3.0,884365886.0,M,1.0,28.0,technician
95.0,744.0,5.0,879196230.0,M,1.0,29.0,administrator
392.0,651.0,3.0,889737889.0,M,1.0,27.0,writer
922.0,707.0,4.0,891036781.0,M,1.0,50.0,administrator
243.0,202.0,4.0,879443921.0,M,1.0,31.0,educator
896.0,732.0,5.0,887161256.0,F,0.0,27.0,writer
210.0,15.0,3.0,885480791.0,M,1.0,35.0,engineer
503.0,549.0,2.0,875036268.0,F,0.0,30.0,writer
1.0,483.0,3.0,875729806.0,M,1.0,23.0,technician
200.0,716.0,5.0,879385921.0,M,1.0,36.0,programmer
504.0,56.0,3.0,881957681.0,F,0.0,40.0,writer
249.0,176.0,4.0,879441662.0,M,1.0,24.0,student
889.0,1034.0,4.0,889405777.0,M,1.0,23.0,technician
330.0,685.0,3.0,878544029.0,F,0.0,35.0,educator
207.0,671.0,3.0,884112077.0,M,1.0,35.0,marketing
457.0,237.0,5.0,888069579.0,M,1.0,33.0,salesman
321.0,944.0,3.0,876537106.0,F,0.0,49.0,educator
871.0,14.0,3.0,889737889.0,M,1.0,42.0,executive
23.0,541.0,4.0,235071638.0,M,1.0,30.0,writer
810.0,582.0,3.0,879361813.0,F,0.0,11.0,other
885.0,300.0,3.0,882621940.0,M,1.0,43.0,student
332.0,724.0,3.0,878739994.0,M,1.0,21.0,student
933.0,1229.0,3.0,875653821.0,M,1.0,27.0,student
588.0,598.0,4.0,889731116.0,M,1.0,17.0,student
504.0,684.0,3.0,881450810.0,M,1.0,40.0,writer
624.0,9.0,3.0,875504823.0,M,1.0,39.0,engineer
222.0,519.0,3.0,878962286.0,M,1.0,27.0,programmer
479.0,751.0,4.0,879435598.0,M,1.0,30.0,educator
222.0,195.0,4.0,885158569.0,M,1.0,27.0,programmer
393.0,12.0,2.0,887745330.0,M,1.0,18.0,student
758.0,1029.0,3.0,880845410.0,M,1.0,26.0,student
567.0,15.0,3.0,875654878.0,M,1.0,23.0,entertainment
177.0,484.0,4.0,874826347.0,M,1.0,20.0,programmer
913.0,585.0,5.0,880242669.0,M,1.0,26.0,student
407.0,1221.0,4.0,877131636.0,M,1.0,27.0,engineer
648.0,519.0,4.0,885828449.0,M,1.0,39.0,engineer
934.0,514.0,3.0,880244837.0,M,1.0,53.0,engineer
379.0,50.0,4.0,877110277.0,M,1.0,23.0,programmer
95.0,651.0,5.0,880044454.0,M,1.0,29.0,administrator
116.0,746.0,3.0,888466499.0,F,0.0,36.0,healthcare
823.0,471.0,3.0,878438179.0,M,1.0,26.0,artist
786.0,582.0,4.0,892775431.0,M,1.0,36.0,engineer
758.0,679.0,3.0,888466486.0,M,1.0,26.0,student
548.0,966.0,4.0,879444843.0,F,0.0,45.0,administrator
94.0,491.0,3.0,884461888.0,M,1.0,25.0,student
195.0,754.0,5.0,891549454.0,M,1.0,48.0,scientist
455.0,12.0,5.0,879875432.0,M,1.0,42.0,administrator
87.0,100.0,3.0,878759888.0,M,1.0,42.0,administrator
869.0,1135.0,4.0,878181904.0,M,1.0,28.0,student
271.0,1051.0,4.0,885848912.0,M,1.0,45.0,engineer
879.0,647.0,5.0,879485438.0,M,1.0,32.0,administrator
936.0,923.0,3.0,891699355.0,M,1.0,36.0,healthcare
751.0,516.0,4.0,888632129.0,F,0.0,24.0,other
642.0,4.0,4.0,884064269.0,F,0.0,17.0,student
450.0,554.0,3.0,886483424.0,F,0.0,35.0,educator
788.0,1236.0,3.0,880869886.0,F,0.0,35.0,administrator
50.0,294.0,4.0,882078250.0,F,0.0,7.0,administrator
527.0,568.0,3.0,891191877.0,M,1.0,32.0,librarian
110.0,518.0,3.0,877534705.0,M,1.0,18.0,student
553.0,7.0,3.0,884128462.0,M,1.0,29.0,executive
173.0,928.0,5.0,885480301.0,F,0.0,35.0,other
905.0,328.0,4.0,884636365.0,M,1.0,25.0,other
833.0,496.0,4.0,875653794.0,M,1.0,31.0,other
825.0,100.0,4.0,884371577.0,M,1.0,38.0,engineer
60.0,547.0,4.0,883348803.0,M,1.0,44.0,healthcare
222.0,174.0,4.0,880568322.0,M,1.0,27.0,programmer
805.0,496.0,3.0,881109175.0,F,0.0,43.0,other
467.0,1010.0,3.0,879111371.0,M,1.0,27.0,administrator
545.0,111.0,3.0,891384113.0,M,1.0,32.0,technician
391.0,597.0,3.0,882075402.0,M,1.0,23.0,student
719.0,749.0,2.0,879454164.0,M,1.0,34.0,other
922.0,1205.0,5.0,891549594.0,F,0.0,29.0,administrator
279.0,569.0,1.0,875509866.0,M,1.0,31.0,programmer
763.0,546.0,4.0,880572584.0,M,1.0,26.0,none
425.0,521.0,4.0,888632463.0,M,1.0,18.0,student
347.0,651.0,5.0,886988421.0,M,1.0,18.0,student
648.0,588.0,5.0,889557475.0,M,1.0,46.0,engineer
360.0,1073.0,5.0,881650242.0,M,1.0,45.0,other
60.0,7.0,4.0,884364465.0,F,0.0,44.0,healthcare
587.0,492.0,3.0,885807062.0,F,0.0,18.0,student
864.0,652.0,1.0,885870567.0,M,1.0,26.0,programmer
8.0,474.0,3.0,885045604.0,M,1.0,33.0,administrator
664.0,127.0,3.0,891457424.0,M,1.0,20.0,student
566.0,286.0,2.0,885852059.0,M,1.0,20.0,student
13.0,513.0,4.0,882398772.0,M,1.0,42.0,educator
634.0,7.0,3.0,879196130.0,M,1.0,35.0,engineer
716.0,732.0,4.0,879441300.0,F,0.0,36.0,librarian
504.0,631.0,4.0,879874550.0,F,0.0,40.0,writer
504.0,684.0,3.0,883528574.0,F,0.0,40.0,writer
806.0,9.0,2.0,883216358.0,M,1.0,27.0,marketing
545.0,8.0,3.0,879468067.0,M,1.0,44.0,executive
298.0,487.0,4.0,879458735.0,M,1.0,39.0,executive
639.0,673.0,3.0,879959043.0,M,1.0,42.0,educator
303.0,591.0,2.0,8879459654.0,M,1.0,18.0,student
363.0,13.0,4.0,879443909.0,M,1.0,20.0,student
770.0,56.0,2.0,881959144.0,M,1.0,27.0,student
125.0,661.0,4.0,877891966.0,M,1.0,28.0,lawyer
7.0,517.0,3.0,891384113.0,M,1.0,50.0,administrator
812.0,735.0,4.0,879111471.0,F,0.0,42.0,administrator
455.0,8.0,2.0,879866086.0,M,1.0,42.0,administrator
660.0,234.0,5.0,891298378.0,M,1.0,25.0,student
189.0,746.0,1.0,883348188.0,M,1.0,30.0,artist
639.0,181.0,4.0,891249655.0,M,1.0,42.0,writer
504.0,744.0,3.0,888906800.0,M,1.0,40.0,writer
267.0,151.0,5.0,889130072.0,M,1.0,23.0,entertainment
880.0,685.0,3.0,880387046.0,M,1.0,11.0,student
561.0,568.0,2.0,880844206.0,M,1.0,23.0,engineer
145.0,482.0,4.0,877444021.0,F,0.0,29.0,entertainment
805.0,708.0,4.0,875245616.0,M,1.0,27.0,other
189.0,511.0,5.0,889182802.0,M,1.0,30.0,artist
31.0,9.0,5.0,887738277.0,M,1.0,43.0,writer
537.0,542.0,4.0,886030748.0,F,0.0,33.0,engineer
232.0,513.0,4.0,886398246.0,M,1.0,40.0,scientist
655.0,879.0,5.0,889740676.0,F,0.0,50.0,healthcare
233.0,117.0,3.0,885810240.0,M,1.0,35.0,engineer
497.0,1207.0,5.0,879454796.0,M,1.0,20.0,student
279.0,790.0,4.0,88084366130.0,M,1.0,31.0,programmer
1.0,449.0,3.0,881180578.0,M,1.0,33.0,executive
233.0,288.0,1.0,876962617.0,M,1.0,35.0,engineer
618.0,744.0,3.0,875261283.0,M,1.0,11.0,programmer
880.0,741.0,4.0,879899299.0,M,1.0,11.0,student
532.0,1021.0,4.0,876032353.0,M,1.0,20.0,student
825.0,603.0,5.0,879221548.0,M,1.0,31.0,programmer
621.0,100.0,4.0,883698765.0,M,1.0,23.0,student
49.0,9.0,3.0,882059191.0,M,1.0,23.0,student
232.0,656.0,3.0,883257917.0,M,1.0,30.0,scientist
897.0,546.0,3.0,878849153.0,F,0.0,28.0,other
682.0,825.0,4.0,875729667.0,M,1.0,23.0,programmer
327.0,896.0,2.0,877214518.0,M,1.0,22.0,student
95.0,56.0,4.0,879875483.0,M,1.0,29.0,administrator
595.0,945.0,4.0,876363313.0,M,1.0,31.0,educator
643.0,1.0,3.0,885690721.0,M,1.0,35.0,programmer
327.0,588.0,1.0,874786980.0,M,1.0,22.0,student
60.0,1028.0,2.0,891354096.0,M,1.0,44.0,healthcare
727.0,286.0,5.0,892333865.0,M,1.0,24.0,student
854.0,8.0,4.0,889388192.0,F,0.0,29.0,student
899.0,603.0,5.0,879442734.0,M,1.0,30.0,other
222.0,7.0,5.0,888538977.0,M,1.0,27.0,programmer
901.0,495.0,4.0,880332951.0,M,1.0,33.0,executive
474.0,121.0,4.0,889907925.0,M,1.0,43.0,executive
541.0,1430.0,2.0,888954783.0,M,1.0,18.0,student
201.0,724.0,3.0,875983616.0,M,1.0,26.0,writer
541.0,495.0,5.0,888631572.0,M,1.0,18.0,student
328.0,651.0,5.0,879484400.0,M,1.0,45.0,administrator
293.0,513.0,4.0,888907994.0,M,1.0,30.0,writer
840.0,732.0,4.0,88023363660.0,M,1.0,35.0,other
846.0,228.0,3.0,882385294.0,M,1.0,26.0,homemaker
74.0,1046.0,4.0,877196567.0,M,1.0,27.0,scientist
318.0,481.0,2.0,884496209.0,M,1.0,56.0,retired
897.0,286.0,5.0,875502068.0,M,1.0,28.0,other
577.0,763.0,4.0,879444049.0,F,0.0,36.0,student
869.0,474.0,5.0,884064269.0,M,1.0,22.0,student
592.0,684.0,5.0,876031966.0,M,1.0,20.0,student
648.0,936.0,5.0,886029667.0,M,1.0,39.0,engineer
313.0,942.0,3.0,877897173.0,M,1.0,37.0,marketing
931.0,582.0,4.0,884636182.0,M,1.0,50.0,educator
889.0,476.0,4.0,888068143.0,M,1.0,23.0,student
177.0,558.0,4.0,879446566.0,M,1.0,20.0,programmer
627.0,1035.0,4.0,875272270.0,M,1.0,35.0,engineer
712.0,671.0,3.0,874730370.0,M,1.0,22.0,student
738.0,8.0,5.0,879540102.0,M,1.0,28.0,technician
862.0,682.0,4.0,879877433.0,M,1.0,24.0,executive
404.0,762.0,5.0,884112205.0,F,0.0,36.0,programmer
197.0,662.0,4.0,891310098.0,M,1.0,48.0,technician
894.0,526.0,3.0,891457583.0,M,1.0,42.0,educator
487.0,101.0,3.0,888956658.0,M,1.0,22.0,engineer
354.0,1032.0,4.0,891032866.0,M,1.0,29.0,librarian
311.0,954.0,3.0,891447653.0,M,1.0,30.0,technician
699.0,591.0,4.0,881957681.0,M,1.0,39.0,other
804.0,7.0,2.0,879445986.0,M,1.0,35.0,educator
312.0,708.0,4.0,883347966.0,M,1.0,42.0,other
63.0,748.0,5.0,879874388.0,M,1.0,29.0,marketing
894.0,466.0,4.0,879446565.0,M,1.0,42.0,educator
749.0,566.0,2.0,879532687.0,M,1.0,21.0,student
92.0,1168.0,2.0,875743022.0,M,1.0,30.0,entertainment
184.0,64.0,4.0,889910394.0,F,0.0,34.0,librarian
843.0,679.0,4.0,891013533.0,M,1.0,32.0,librarian
222.0,7.0,4.0,888801315.0,M,1.0,27.0,programmer
928.0,469.0,3.0,878971957.0,M,1.0,25.0,other
151.0,9.0,2.0,879572886.0,F,0.0,54.0,administrator
894.0,684.0,4.0,879222537.0,M,1.0,42.0,educator
583.0,709.0,2.0,879866076.0,M,1.0,44.0,marketing
652.0,11.0,5.0,892354261.0,M,1.0,52.0,retired
707.0,665.0,4.0,891478547.0,M,1.0,56.0,librarian
186.0,100.0,5.0,891013656.0,F,0.0,38.0,administrator
882.0,724.0,4.0,882344310.0,M,1.0,32.0,engineer
654.0,98.0,3.0,891288574.0,M,1.0,27.0,student
99.0,477.0,4.0,875983979.0,M,1.0,20.0,student
707.0,576.0,4.0,885690442.0,F,0.0,56.0,student
618.0,738.0,4.0,886533774.0,F,0.0,11.0,student
840.0,947.0,4.0,875309937.0,M,1.0,35.0,artist
577.0,945.0,5.0,889739091.0,F,0.0,16.0,student
123.0,523.0,3.0,891284184.0,M,1.0,48.0,artist
846.0,210.0,4.0,883950220.0,M,1.0,26.0,lawyer
1.0,684.0,3.0,874951797.0,M,1.0,23.0,writer
715.0,573.0,5.0,879454097.0,F,0.0,24.0,technician
753.0,447.0,3.0,880123797.0,M,1.0,29.0,executive
138.0,1010.0,1.0,886322966.0,M,1.0,46.0,healthcare
7.0,732.0,5.0,879875089.0,M,1.0,50.0,administrator
37.0,118.0,5.0,878183027.0,M,1.0,23.0,artist
719.0,1446.0,5.0,888703573.0,M,1.0,21.0,other
880.0,716.0,3.0,882403414.0,M,1.0,11.0,programmer
339.0,948.0,5.0,891036182.0,M,1.0,32.0,lawyer
308.0,64.0,1.0,879876858.0,M,1.0,52.0,retired
601.0,584.0,3.0,884121475.0,M,1.0,18.0,artist
872.0,1028.0,2.0,888104561.0,M,1.0,15.0,student
87.0,172.0,2.0,879141192.0,M,1.0,42.0,administrator
795.0,1136.0,4.0,882903314.0,M,1.0,28.0,programmer
456.0,514.0,4.0,881652850.0,M,1.0,23.0,technician
298.0,14.0,5.0,877975344.0,M,1.0,39.0,executive
894.0,111.0,5.0,880133502.0,M,1.0,25.0,other
851.0,1047.0,3.0,877887873.0,F,0.0,18.0,student
325.0,748.0,4.0,893219001.0,M,1.0,42.0,technician
588.0,545.0,3.0,886272478.0,M,1.0,32.0,homemaker
363.0,875.0,4.0,891723558.0,F,0.0,20.0,student
393.0,7.0,4.0,882480865.0,M,1.0,18.0,student
889.0,751.0,3.0,888461837.0,M,1.0,23.0,technician
13.0,945.0,3.0,875982784.0,M,1.0,42.0,educator
901.0,654.0,4.0,879465535.0,M,1.0,35.0,educator
716.0,673.0,4.0,888888906.0,F,0.0,36.0,administrator
694.0,456.0,5.0,889739911.0,F,0.0,42.0,educator
848.0,771.0,4.0,878737874.0,M,1.0,41.0,engineer
239.0,847.0,5.0,879445660.0,M,1.0,35.0,artist
629.0,638.0,5.0,875743636.0,M,1.0,39.0,engineer
347.0,447.0,2.0,884923592.0,M,1.0,18.0,student
311.0,665.0,4.0,880135027.0,M,1.0,30.0,technician
671.0,879.0,3.0,875280518.0,M,1.0,23.0,programmer
496.0,172.0,4.0,892332953.0,M,1.0,27.0,writer
825.0,865.0,4.0,875270154.0,M,1.0,39.0,engineer
540.0,615.0,4.0,880573486.0,M,1.0,27.0,engineer
712.0,1063.0,3.0,884636370.0,M,1.0,22.0,student
486.0,678.0,4.0,875731788.0,M,1.0,38.0,executive
712.0,258.0,4.0,888179981.0,M,1.0,22.0,student
145.0,989.0,3.0,877757567.0,M,1.0,29.0,entertainment
782.0,7.0,4.0,875287822.0,M,1.0,21.0,programmer
524.0,546.0,4.0,879012415.0,M,1.0,49.0,educator
332.0,294.0,4.0,877103773.0,M,1.0,20.0,student
290.0,230.0,5.0,879435369.0,M,1.0,36.0,engineer
862.0,679.0,5.0,875723172.0,M,1.0,24.0,executive
774.0,689.0,3.0,880679980.0,M,1.0,28.0,student
222.0,56.0,2.0,878192062.0,M,1.0,27.0,programmer
327.0,471.0,4.0,887745345.0,M,1.0,22.0,student
619.0,671.0,4.0,884478752.0,F,0.0,17.0,student
152.0,592.0,1.0,887737210.0,F,0.0,33.0,educator
775.0,864.0,3.0,880152481.0,M,1.0,29.0,executive
910.0,736.0,3.0,879298206.0,M,1.0,45.0,administrator
13.0,603.0,5.0,888103837.0,M,1.0,42.0,writer
405.0,12.0,1.0,884356690.0,F,0.0,22.0,healthcare
119.0,1088.0,4.0,888887047.0,M,1.0,30.0,programmer
119.0,845.0,5.0,881960747.0,M,1.0,30.0,programmer
487.0,1046.0,3.0,875224482.0,M,1.0,22.0,engineer
244.0,50.0,2.0,885690525.0,M,1.0,27.0,technician
10.0,692.0,1.0,885809266.0,M,1.0,46.0,lawyer
346.0,931.0,4.0,879544521.0,M,1.0,31.0,other
130.0,519.0,5.0,881372252.0,M,1.0,20.0,none
49.0,13.0,3.0,886533015.0,M,1.0,18.0,student
545.0,186.0,4.0,879483471.0,M,1.0,46.0,marketing
521.0,569.0,5.0,881955191.0,M,1.0,18.0,student
167.0,286.0,4.0,891516159.0,M,1.0,24.0,other
536.0,873.0,4.0,885813066.0,M,1.0,23.0,engineer
312.0,56.0,3.0,880166706.0,M,1.0,42.0,other
393.0,1047.0,4.0,884111795.0,M,1.0,18.0,student
497.0,878.0,4.0,879867910.0,M,1.0,20.0,writer
854.0,871.0,3.0,879111912.0,F,0.0,29.0,student
880.0,771.0,3.0,881650690.0,M,1.0,11.0,student
938.0,690.0,4.0,880134296.0,M,1.0,42.0,other
379.0,49.0,4.0,876342947.0,M,1.0,39.0,programmer
442.0,269.0,3.0,886533227.0,M,1.0,22.0,student
293.0,708.0,3.0,888904696.0,M,1.0,23.0,writer
561.0,558.0,2.0,885809033.0,M,1.0,23.0,engineer
339.0,12.0,4.0,875038807.0,M,1.0,32.0,lawyer
847.0,685.0,4.0,878963276.0,M,1.0,27.0,student
271.0,687.0,4.0,885844234.0,M,1.0,45.0,engineer
393.0,172.0,3.0,888639327.0,M,1.0,18.0,student
864.0,614.0,4.0,875216717.0,M,1.0,52.0,retired
682.0,977.0,2.0,877399805.0,M,1.0,23.0,programmer
727.0,581.0,2.0,880044642.0,M,1.0,24.0,student
591.0,591.0,5.0,891696923.0,M,1.0,59.0,librarian
733.0,586.0,4.0,879466480.0,F,0.0,51.0,educator
303.0,546.0,2.0,879440475.0,M,1.0,18.0,student
933.0,682.0,2.0,880585843.0,M,1.0,27.0,student
183.0,476.0,1.0,875745245.0,M,1.0,30.0,scientist
452.0,176.0,4.0,885045245.0,M,1.0,42.0,administrator
919.0,824.0,4.0,884295723.0,M,1.0,24.0,other
82.0,523.0,4.0,878759250.0,M,1.0,44.0,programmer
401.0,483.0,5.0,879435253.0,F,0.0,46.0,healthcare
871.0,678.0,4.0,876231927.0,M,1.0,29.0,executive
280.0,79.0,4.0,891478529.0,F,0.0,30.0,librarian
591.0,708.0,4.0,893099352.0,M,1.0,57.0,other
222.0,524.0,3.0,875463390.0,F,0.0,27.0,programmer
715.0,121.0,5.0,889124861.0,M,1.0,21.0,technician
94.0,578.0,2.0,878178568.0,M,1.0,25.0,student
532.0,10.0,5.0,882824652.0,M,1.0,20.0,student
432.0,1234.0,4.0,892055782.0,M,1.0,22.0,student
894.0,735.0,4.0,880175047.0,M,1.0,42.0,educator
416.0,690.0,4.0,891498434.0,F,0.0,20.0,student
303.0,785.0,4.0,879563491.0,M,1.0,18.0,student
292.0,517.0,5.0,891012866.0,F,0.0,35.0,programmer
8.0,478.0,4.0,892783259.0,M,1.0,50.0,administrator
99.0,1138.0,3.0,888104457.0,M,1.0,20.0,student
452.0,665.0,4.0,880821368.0,M,1.0,28.0,administrator
595.0,522.0,2.0,887745165.0,M,1.0,26.0,programmer
865.0,756.0,3.0,891205287.0,M,1.0,30.0,artist
405.0,1058.0,1.0,890283562.0,F,0.0,22.0,healthcare
919.0,615.0,1.0,893214127.0,F,0.0,36.0,marketing
758.0,1210.0,4.0,882903419.0,M,1.0,26.0,student
815.0,518.0,3.0,875561775.0,M,1.0,30.0,other
347.0,1059.0,5.0,884495587.0,M,1.0,18.0,student
846.0,50.0,3.0,884110887.0,M,1.0,26.0,lawyer
514.0,515.0,5.0,875252074.0,M,1.0,26.0,programmer
699.0,483.0,4.0,875965958.0,M,1.0,39.0,other
13.0,100.0,4.0,891260754.0,M,1.0,42.0,educator
503.0,1054.0,3.0,879443436.0,F,0.0,25.0,writer
452.0,111.0,4.0,878962624.0,M,1.0,27.0,administrator
758.0,210.0,4.0,886483272.0,M,1.0,26.0,student
773.0,284.0,3.0,888639641.0,M,1.0,20.0,student
679.0,810.0,4.0,884636182.0,F,0.0,36.0,healthcare
347.0,431.0,4.0,886031543.0,M,1.0,18.0,student
64.0,782.0,5.0,889655490.0,M,1.0,30.0,educator
727.0,516.0,4.0,880844123.0,M,1.0,24.0,artist
529.0,979.0,2.0,879111636.0,M,1.0,42.0,administrator
847.0,515.0,2.0,882823857.0,M,1.0,22.0,student
85.0,523.0,4.0,879442086.0,M,1.0,45.0,educator
711.0,558.0,1.0,884131477.0,F,0.0,22.0,student
506.0,269.0,5.0,884050691.0,M,1.0,27.0,programmer
481.0,473.0,4.0,883950320.0,M,1.0,25.0,writer
559.0,9.0,3.0,881976335.0,M,1.0,44.0,educator
600.0,15.0,4.0,883950950.0,M,1.0,31.0,programmer
405.0,605.0,4.0,884314881.0,F,0.0,22.0,healthcare
409.0,22.0,3.0,875979153.0,M,1.0,42.0,administrator
429.0,663.0,3.0,882387140.0,M,1.0,26.0,student
87.0,1025.0,4.0,879424784.0,M,1.0,42.0,administrator
881.0,9.0,3.0,888556697.0,M,1.0,16.0,student
690.0,831.0,4.0,889041647.0,M,1.0,20.0,writer
406.0,228.0,4.0,879634315.0,M,1.0,46.0,educator
795.0,629.0,4.0,875502071.0,M,1.0,28.0,programmer
497.0,196.0,2.0,881107056.0,M,1.0,20.0,student
848.0,607.0,3.0,879444530.0,M,1.0,27.0,administrator
711.0,815.0,3.0,880475663.0,F,0.0,18.0,student
158.0,678.0,3.0,884634705.0,M,1.0,44.0,educator
221.0,237.0,5.0,877399805.0,M,1.0,18.0,student
318.0,1034.0,5.0,887745628.0,M,1.0,56.0,retired
727.0,685.0,5.0,883710527.0,M,1.0,24.0,student
425.0,238.0,3.0,875654965.0,M,1.0,18.0,student
318.0,79.0,3.0,887737688.0,M,1.0,56.0,retired
833.0,968.0,4.0,875293518.0,M,1.0,31.0,writer
311.0,1047.0,4.0,891545325.0,M,1.0,38.0,technician
293.0,926.0,1.0,888907676.0,M,1.0,23.0,writer
758.0,462.0,4.0,882621979.0,M,1.0,26.0,student
268.0,629.0,5.0,877399805.0,M,1.0,23.0,engineer
151.0,518.0,4.0,888104197.0,M,1.0,38.0,administrator
234.0,1416.0,2.0,884498295.0,M,1.0,52.0,retired
640.0,682.0,5.0,891201245.0,M,1.0,20.0,student
543.0,300.0,4.0,879455086.0,M,1.0,35.0,scientist
697.0,886.0,3.0,891372324.0,M,1.0,26.0,other
35.0,9.0,5.0,880572456.0,M,1.0,17.0,homemaker
657.0,466.0,4.0,890881217.0,M,1.0,31.0,other
1.0,815.0,3.0,892334231.0,M,1.0,23.0,technician
772.0,496.0,3.0,880845116.0,M,1.0,24.0,artist
788.0,56.0,4.0,880817770.0,M,1.0,45.0,administrator
903.0,597.0,3.0,879455766.0,M,1.0,27.0,educator
838.0,8.0,5.0,876695374.0,M,1.0,35.0,scientist
332.0,652.0,4.0,877136953.0,M,1.0,20.0,student
378.0,614.0,3.0,880402030.0,M,1.0,32.0,student
101.0,751.0,2.0,880606677.0,M,1.0,20.0,student
314.0,935.0,3.0,891433296.0,M,1.0,20.0,student
222.0,473.0,2.0,886921879.0,M,1.0,27.0,programmer
336.0,889.0,4.0,877886969.0,M,1.0,25.0,salesman
527.0,682.0,2.0,879792336.0,M,1.0,31.0,marketing
11.0,515.0,5.0,891037499.0,F,0.0,49.0,writer
881.0,127.0,2.0,889757527.0,M,1.0,40.0,librarian
405.0,732.0,1.0,880821241.0,F,0.0,22.0,healthcare
116.0,1408.0,1.0,887730472.0,M,1.0,36.0,healthcare
666.0,647.0,4.0,880130857.0,M,1.0,39.0,administrator
221.0,288.0,4.0,875280352.0,M,1.0,20.0,student
627.0,855.0,3.0,889731488.0,M,1.0,17.0,student
1.0,517.0,3.0,884642929.0,M,1.0,23.0,technician
910.0,516.0,4.0,881108982.0,M,1.0,42.0,administrator
733.0,591.0,3.0,879052898.0,F,0.0,28.0,other
788.0,710.0,5.0,879445086.0,M,1.0,45.0,administrator
275.0,653.0,4.0,877108565.0,M,1.0,35.0,engineer
773.0,546.0,5.0,888637525.0,M,1.0,20.0,student
293.0,98.0,3.0,888180049.0,M,1.0,23.0,writer
239.0,566.0,4.0,892318042.0,M,1.0,37.0,writer
374.0,516.0,4.0,880756220.0,M,1.0,33.0,executive
882.0,1079.0,5.0,876310792.0,M,1.0,38.0,engineer
655.0,662.0,4.0,883326527.0,F,0.0,50.0,healthcare
815.0,11.0,4.0,878696391.0,M,1.0,30.0,other
301.0,56.0,4.0,882064200.0,M,1.0,23.0,student
194.0,8.0,3.0,879875043.0,M,1.0,31.0,administrator
592.0,294.0,3.0,879874973.0,F,0.0,18.0,student
693.0,827.0,3.0,875744027.0,F,0.0,41.0,healthcare
524.0,300.0,1.0,884294723.0,M,1.0,23.0,technician
537.0,474.0,2.0,886029393.0,M,1.0,33.0,engineer
97.0,979.0,5.0,891350522.0,M,1.0,39.0,artist
548.0,685.0,2.0,893219180.0,M,1.0,40.0,scientist
815.0,258.0,5.0,879446741.0,M,1.0,30.0,technician
164.0,627.0,1.0,884326461.0,M,1.0,44.0,healthcare
527.0,447.0,4.0,879562285.0,M,1.0,31.0,librarian
770.0,1074.0,5.0,875479949.0,M,1.0,27.0,student
283.0,127.0,4.0,891204509.0,M,1.0,27.0,programmer
327.0,546.0,4.0,882074967.0,M,1.0,22.0,student
372.0,10.0,4.0,876769374.0,F,0.0,20.0,student
595.0,662.0,5.0,886533774.0,M,1.0,24.0,student
653.0,681.0,3.0,891627995.0,M,1.0,29.0,librarian
207.0,748.0,5.0,880888167.0,M,1.0,35.0,marketing
648.0,1046.0,4.0,879111743.0,M,1.0,39.0,administrator
717.0,886.0,4.0,888521548.0,M,1.0,23.0,technician
885.0,1.0,3.0,874730185.0,F,0.0,30.0,other
655.0,519.0,4.0,883349255.0,F,0.0,50.0,healthcare
13.0,713.0,1.0,891366489.0,M,1.0,42.0,educator
311.0,1023.0,5.0,891547609.0,M,1.0,30.0,technician
600.0,151.0,5.0,877552319.0,M,1.0,27.0,programmer
255.0,1047.0,3.0,875654788.0,M,1.0,23.0,entertainment
712.0,707.0,4.0,888734113.0,M,1.0,22.0,student
301.0,546.0,1.0,874787587.0,M,1.0,23.0,student
664.0,127.0,4.0,876536198.0,M,1.0,39.0,engineer
880.0,1035.0,5.0,880387464.0,M,1.0,11.0,student
286.0,732.0,3.0,883446594.0,M,1.0,36.0,librarian
504.0,144.0,5.0,879441740.0,M,1.0,40.0,writer
23.0,1210.0,2.0,874787144.0,M,1.0,30.0,artist
201.0,926.0,5.0,884035204.0,M,1.0,40.0,writer
222.0,656.0,4.0,878138904.0,M,1.0,27.0,programmer
807.0,547.0,2.0,889654021.0,F,0.0,47.0,other
881.0,9.0,4.0,875028552.0,M,1.0,35.0,marketing
618.0,294.0,4.0,877399100.0,F,0.0,11.0,student
14.0,568.0,1.0,877877731.0,M,1.0,40.0,scientist
497.0,1204.0,1.0,888517810.0,M,1.0,20.0,programmer
380.0,7.0,5.0,875653544.0,M,1.0,30.0,engineer
666.0,1078.0,2.0,884129975.0,M,1.0,39.0,administrator
833.0,836.0,2.0,876403700.0,M,1.0,31.0,writer
95.0,871.0,5.0,880937162.0,M,1.0,29.0,administrator
682.0,627.0,2.0,875729999.0,M,1.0,23.0,programmer
456.0,1095.0,5.0,880131527.0,M,1.0,23.0,technician
435.0,919.0,3.0,884131059.0,M,1.0,23.0,engineer
478.0,684.0,4.0,879524790.0,M,1.0,22.0,student
843.0,79.0,4.0,879454208.0,M,1.0,32.0,marketing
892.0,473.0,3.0,884121406.0,M,1.0,33.0,administrator
537.0,738.0,4.0,880572009.0,M,1.0,33.0,engineer
796.0,751.0,1.0,886266976.0,F,0.0,32.0,writer
1.0,523.0,5.0,884121814.0,M,1.0,23.0,technician
207.0,1034.0,2.0,879465829.0,M,1.0,35.0,marketing
23.0,1028.0,3.0,874785526.0,M,1.0,30.0,artist
918.0,511.0,3.0,878184215.0,F,0.0,36.0,technician
756.0,875.0,4.0,875296533.0,F,0.0,50.0,none
823.0,474.0,5.0,875289434.0,M,1.0,26.0,artist
749.0,549.0,2.0,878854021.0,F,0.0,31.0,other
398.0,478.0,3.0,882567294.0,M,1.0,36.0,other
648.0,286.0,4.0,885821077.0,M,1.0,39.0,engineer
303.0,515.0,1.0,879547593.0,M,1.0,18.0,student
457.0,484.0,3.0,886324276.0,F,0.0,33.0,writer
510.0,591.0,4.0,889731349.0,M,1.0,27.0,other
716.0,1119.0,4.0,879518933.0,M,1.0,36.0,engineer
94.0,15.0,3.0,884462489.0,M,1.0,25.0,student
361.0,876.0,5.0,875972314.0,M,1.0,22.0,student
932.0,509.0,3.0,880178019.0,M,1.0,50.0,educator
455.0,742.0,5.0,875320689.0,M,1.0,42.0,administrator
201.0,456.0,3.0,886273092.0,M,1.0,26.0,writer
933.0,496.0,4.0,891698951.0,M,1.0,27.0,other
479.0,489.0,3.0,879829667.0,M,1.0,28.0,educator
275.0,665.0,4.0,876537613.0,M,1.0,35.0,engineer
524.0,831.0,4.0,879467283.0,M,1.0,18.0,student
405.0,518.0,4.0,887742969.0,F,0.0,22.0,healthcare
279.0,926.0,5.0,878887256.0,M,1.0,31.0,programmer
889.0,456.0,5.0,889402320.0,M,1.0,23.0,technician
661.0,828.0,3.0,878347711.0,M,1.0,27.0,programmer
456.0,752.0,5.0,875304727.0,M,1.0,23.0,technician
7.0,514.0,3.0,879454331.0,M,1.0,45.0,administrator
650.0,7.0,3.0,892775970.0,M,1.0,38.0,engineer
223.0,486.0,5.0,875139869.0,F,0.0,18.0,student
716.0,611.0,3.0,879456771.0,F,0.0,44.0,administrator
463.0,678.0,4.0,879863969.0,F,0.0,48.0,healthcare
318.0,585.0,4.0,876694708.0,M,1.0,56.0,retired
653.0,772.0,3.0,884111942.0,M,1.0,29.0,programmer
474.0,11.0,2.0,887911444.0,M,1.0,45.0,executive
49.0,684.0,4.0,886439090.0,M,1.0,23.0,student
152.0,1213.0,3.0,879442700.0,F,0.0,33.0,educator
844.0,708.0,4.0,892956360.0,M,1.0,44.0,retired
790.0,762.0,4.0,879466116.0,M,1.0,26.0,technician
7.0,1.0,4.0,891449325.0,M,1.0,51.0,administrator
497.0,878.0,3.0,879245099.0,M,1.0,20.0,student
491.0,865.0,5.0,879440475.0,M,1.0,42.0,educator
239.0,568.0,3.0,879454971.0,M,1.0,35.0,artist
456.0,1.0,3.0,884064688.0,M,1.0,23.0,technician
815.0,849.0,3.0,879440211.0,M,1.0,30.0,other
235.0,1093.0,4.0,879441258.0,M,1.0,34.0,educator
897.0,588.0,4.0,875039493.0,F,0.0,28.0,other
115.0,456.0,4.0,876287773.0,M,1.0,29.0,engineer
531.0,741.0,3.0,891038401.0,F,0.0,56.0,librarian
543.0,302.0,5.0,887738370.0,M,1.0,25.0,student
721.0,12.0,4.0,886980082.0,F,0.0,18.0,student
632.0,864.0,4.0,883950236.0,M,1.0,17.0,student
320.0,509.0,2.0,884637247.0,M,1.0,18.0,student
378.0,523.0,5.0,875245065.0,M,1.0,32.0,student
653.0,8.0,5.0,880134296.0,M,1.0,29.0,executive
434.0,741.0,3.0,879448182.0,M,1.0,22.0,student
314.0,7.0,5.0,884749359.0,M,1.0,20.0,student
280.0,646.0,4.0,891037111.0,F,0.0,30.0,librarian
13.0,628.0,4.0,879444115.0,M,1.0,42.0,educator
922.0,558.0,4.0,881367164.0,F,0.0,50.0,administrator
429.0,671.0,4.0,882384833.0,M,1.0,26.0,student
741.0,15.0,4.0,891013972.0,F,0.0,24.0,librarian
178.0,732.0,4.0,885075497.0,M,1.0,25.0,other
254.0,471.0,2.0,879454243.0,M,1.0,35.0,educator
886.0,690.0,5.0,880177941.0,M,1.0,20.0,student
486.0,485.0,5.0,882345917.0,M,1.0,23.0,entertainment
269.0,671.0,4.0,891384152.0,F,0.0,31.0,librarian
916.0,685.0,4.0,877385711.0,M,1.0,26.0,programmer
332.0,4.0,3.0,883763308.0,M,1.0,20.0,student
293.0,762.0,3.0,888738033.0,M,1.0,23.0,writer
676.0,56.0,4.0,883326995.0,M,1.0,28.0,programmer
250.0,741.0,3.0,878951243.0,M,1.0,25.0,executive
622.0,172.0,5.0,875985974.0,M,1.0,26.0,programmer
279.0,531.0,3.0,892697613.0,M,1.0,31.0,programmer
723.0,521.0,3.0,878542511.0,M,1.0,29.0,executive
340.0,237.0,3.0,8863974751.0,M,1.0,41.0,educator
661.0,628.0,3.0,885678951.0,M,1.0,27.0,programmer
339.0,541.0,2.0,891037262.0,M,1.0,32.0,lawyer
472.0,974.0,3.0,880757430.0,M,1.0,23.0,student
303.0,939.0,4.0,879448865.0,M,1.0,18.0,student
305.0,473.0,3.0,875801530.0,M,1.0,23.0,programmer
763.0,1273.0,2.0,883706224.0,M,1.0,28.0,other
553.0,1011.0,4.0,879969594.0,M,1.0,50.0,educator
548.0,64.0,5.0,883810014.0,M,1.0,39.0,administrator
871.0,603.0,3.0,885159960.0,M,1.0,29.0,executive
234.0,923.0,2.0,892333573.0,M,1.0,52.0,retired
112.0,633.0,4.0,884130059.0,M,1.0,28.0,salesman
280.0,678.0,3.0,891036418.0,M,1.0,30.0,librarian
606.0,12.0,4.0,880845210.0,M,1.0,27.0,programmer
455.0,603.0,4.0,882387756.0,M,1.0,42.0,educator
313.0,603.0,5.0,891384113.0,M,1.0,37.0,marketing
727.0,1098.0,4.0,885809716.0,M,1.0,23.0,engineer
727.0,7.0,4.0,882182328.0,M,1.0,36.0,student
653.0,100.0,4.0,883390366.0,M,1.0,29.0,executive
130.0,763.0,3.0,884150257.0,F,0.0,20.0,none
389.0,736.0,4.0,879176047.0,F,0.0,44.0,writer
617.0,257.0,4.0,891439211.0,M,1.0,27.0,programmer
592.0,938.0,5.0,891205199.0,M,1.0,18.0,student
433.0,523.0,5.0,885479057.0,F,0.0,27.0,artist
515.0,523.0,4.0,874950490.0,M,1.0,50.0,other
462.0,333.0,3.0,880386546.0,F,0.0,18.0,student
221.0,517.0,5.0,886833055.0,M,1.0,18.0,student
896.0,744.0,4.0,888557797.0,M,1.0,23.0,programmer
393.0,1012.0,5.0,889731638.0,M,1.0,18.0,student
773.0,1142.0,4.0,879439372.0,M,1.0,20.0,student
898.0,816.0,5.0,881652640.0,M,1.0,23.0,student
933.0,751.0,4.0,891498451.0,M,1.0,23.0,student
454.0,466.0,5.0,877635165.0,M,1.0,23.0,technician
99.0,696.0,1.0,879466490.0,M,1.0,20.0,student
456.0,693.0,4.0,875972088.0,M,1.0,23.0,technician
82.0,827.0,4.0,880139665.0,M,1.0,44.0,programmer
875.0,15.0,5.0,884104551.0,M,1.0,39.0,executive
650.0,972.0,3.0,886031106.0,M,1.0,38.0,engineer
345.0,782.0,4.0,891199804.0,M,1.0,28.0,librarian
380.0,7.0,3.0,884129972.0,M,1.0,30.0,engineer
339.0,9.0,4.0,891032323.0,M,1.0,32.0,lawyer
151.0,609.0,4.0,885048333.0,M,1.0,38.0,administrator
435.0,1029.0,4.0,875121264.0,M,1.0,23.0,engineer
862.0,591.0,3.0,879744644.0,M,1.0,22.0,executive
359.0,50.0,4.0,882677877.0,M,1.0,22.0,student
503.0,661.0,3.0,879969879.0,F,0.0,50.0,writer
840.0,582.0,3.0,891206990.0,M,1.0,35.0,artist
724.0,611.0,4.0,880139180.0,M,1.0,29.0,educator
405.0,696.0,5.0,879524704.0,F,0.0,22.0,healthcare
599.0,873.0,3.0,878963276.0,M,1.0,21.0,other
374.0,715.0,3.0,880581842.0,M,1.0,33.0,executive
514.0,294.0,4.0,882360495.0,M,1.0,26.0,programmer
429.0,12.0,5.0,8811710090.0,M,1.0,26.0,student
497.0,751.0,3.0,884150691.0,M,1.0,23.0,student
178.0,1028.0,4.0,881265631.0,M,1.0,25.0,other
642.0,544.0,1.0,889737543.0,F,0.0,17.0,student
592.0,591.0,4.0,886833794.0,M,1.0,18.0,student
872.0,469.0,2.0,888465376.0,F,0.0,18.0,student
472.0,515.0,4.0,889046421.0,M,1.0,23.0,writer
213.0,515.0,5.0,888067762.0,M,1.0,31.0,executive
870.0,14.0,5.0,875678817.0,M,1.0,22.0,student
566.0,473.0,5.0,883326424.0,M,1.0,21.0,student
886.0,689.0,5.0,880139563.0,M,1.0,20.0,student
846.0,210.0,4.0,887667710.0,M,1.0,26.0,lawyer
158.0,523.0,5.0,881374849.0,M,1.0,44.0,educator
823.0,1035.0,4.0,878439291.0,M,1.0,26.0,artist
633.0,79.0,3.0,891549667.0,M,1.0,31.0,librarian
393.0,117.0,4.0,889739051.0,M,1.0,18.0,student
823.0,827.0,4.0,888549879.0,M,1.0,23.0,artist
751.0,50.0,4.0,883709955.0,F,0.0,24.0,other
877.0,286.0,4.0,880178019.0,M,1.0,26.0,other
805.0,744.0,4.0,879530151.0,F,0.0,27.0,other
470.0,748.0,4.0,879446663.0,M,1.0,23.0,programmer
770.0,739.0,4.0,879439728.0,M,1.0,27.0,student
201.0,98.0,3.0,889737889.0,M,1.0,26.0,writer
921.0,286.0,2.0,874949215.0,M,1.0,20.0,student
689.0,496.0,5.0,888632487.0,F,0.0,17.0,other
291.0,302.0,4.0,887745410.0,M,1.0,25.0,student
561.0,50.0,5.0,879556563.0,M,1.0,33.0,engineer
13.0,1138.0,4.0,879310883.0,M,1.0,42.0,educator
721.0,684.0,4.0,879865307.0,F,0.0,18.0,artist
883.0,673.0,4.0,892879325.0,M,1.0,43.0,librarian
406.0,546.0,3.0,879445743.0,M,1.0,46.0,educator
899.0,682.0,5.0,880144194.0,M,1.0,30.0,educator
890.0,496.0,2.0,885158075.0,M,1.0,30.0,artist
275.0,678.0,5.0,877632447.0,M,1.0,23.0,engineer
642.0,688.0,1.0,884497911.0,F,0.0,17.0,student
158.0,751.0,4.0,880134333.0,M,1.0,44.0,educator
840.0,568.0,3.0,891292148.0,M,1.0,35.0,artist
892.0,678.0,4.0,891351253.0,M,1.0,38.0,other
416.0,762.0,2.0,879793792.0,F,0.0,20.0,student
670.0,14.0,5.0,879466421.0,M,1.0,28.0,technician
844.0,546.0,4.0,885870109.0,M,1.0,22.0,engineer
416.0,576.0,4.0,887667780.0,F,0.0,20.0,student
62.0,872.0,3.0,879110193.0,F,0.0,48.0,administrator
917.0,546.0,1.0,875653471.0,M,1.0,21.0,student
771.0,691.0,5.0,879862729.0,M,1.0,25.0,student
618.0,559.0,5.0,882347780.0,F,0.0,11.0,student
880.0,8.0,5.0,880123540.0,M,1.0,11.0,student
543.0,690.0,4.0,875147814.0,M,1.0,35.0,scientist
796.0,168.0,5.0,891282742.0,M,1.0,32.0,writer
210.0,515.0,1.0,884126077.0,M,1.0,35.0,engineer
222.0,541.0,1.0,882607986.0,M,1.0,27.0,programmer
110.0,513.0,4.0,884749135.0,M,1.0,18.0,student
130.0,463.0,4.0,881650302.0,F,0.0,16.0,none
756.0,582.0,2.0,874786877.0,F,0.0,26.0,none
595.0,661.0,4.0,888104281.0,M,1.0,24.0,writer
546.0,546.0,5.0,877136935.0,M,1.0,27.0,programmer
262.0,676.0,4.0,876548220.0,F,0.0,18.0,student
644.0,561.0,5.0,882425868.0,F,0.0,51.0,educator
347.0,935.0,3.0,881654550.0,M,1.0,18.0,student
552.0,98.0,3.0,879875663.0,F,0.0,53.0,other
7.0,7.0,3.0,891462424.0,F,0.0,29.0,other
125.0,474.0,4.0,885181033.0,M,1.0,28.0,lawyer
23.0,549.0,4.0,880571762.0,M,1.0,25.0,writer
371.0,476.0,5.0,877531551.0,M,1.0,31.0,executive
363.0,663.0,3.0,891469889.0,M,1.0,20.0,student
194.0,733.0,2.0,879876429.0,M,1.0,35.0,administrator
897.0,745.0,3.0,884283560.0,M,1.0,28.0,other
269.0,609.0,3.0,891382077.0,F,0.0,31.0,librarian
178.0,8.0,2.0,879867980.0,M,1.0,25.0,other
593.0,925.0,4.0,882900047.0,M,1.0,33.0,salesman
141.0,748.0,3.0,892515885.0,M,1.0,43.0,programmer
21.0,276.0,4.0,874950794.0,M,1.0,25.0,student
566.0,528.0,4.0,889179544.0,M,1.0,23.0,student
213.0,683.0,5.0,882147836.0,M,1.0,25.0,executive
291.0,925.0,1.0,876536106.0,M,1.0,18.0,student
230.0,748.0,4.0,891955922.0,F,0.0,28.0,student
393.0,740.0,3.0,882827341.0,M,1.0,18.0,student
872.0,895.0,5.0,875324370.0,F,0.0,18.0,student
803.0,575.0,4.0,878972366.0,M,1.0,41.0,educator
633.0,609.0,4.0,875981789.0,M,1.0,28.0,programmer
293.0,762.0,2.0,888906193.0,M,1.0,23.0,writer
26.0,748.0,4.0,889028773.0,F,0.0,43.0,writer
655.0,121.0,4.0,8834497.0,M,1.0,50.0,healthcare
537.0,607.0,5.0,886030206.0,M,1.0,33.0,engineer
776.0,1028.0,5.0,879455047.0,M,1.0,28.0,other
606.0,628.0,4.0,875982904.0,M,1.0,26.0,programmer
87.0,578.0,2.0,876016694.0,M,1.0,42.0,administrator
774.0,1042.0,2.0,888479369.0,M,1.0,28.0,student
71.0,748.0,2.0,879455150.0,M,1.0,35.0,scientist
774.0,584.0,5.0,877399100.0,M,1.0,28.0,programmer
405.0,121.0,1.0,881130119.0,F,0.0,22.0,healthcare
847.0,665.0,4.0,884922977.0,M,1.0,18.0,student
187.0,741.0,4.0,875286924.0,M,1.0,24.0,educator
181.0,742.0,4.0,878961668.0,F,0.0,41.0,executive
606.0,511.0,3.0,878951814.0,M,1.0,27.0,marketing
871.0,694.0,4.0,879572300.0,M,1.0,33.0,executive
897.0,527.0,5.0,878870226.0,M,1.0,28.0,other
500.0,569.0,4.0,882824467.0,M,1.0,27.0,administrator
291.0,519.0,5.0,874816373.0,F,0.0,16.0,student
568.0,554.0,5.0,884636362.0,M,1.0,35.0,educator
896.0,939.0,4.0,887160020.0,M,1.0,27.0,student
290.0,738.0,5.0,876539051.0,M,1.0,36.0,engineer
286.0,12.0,4.0,876513622.0,M,1.0,18.0,student
347.0,824.0,3.0,881654426.0,M,1.0,18.0,student
429.0,12.0,3.0,882387074.0,M,1.0,26.0,student
255.0,181.0,2.0,886532968.0,M,1.0,23.0,entertainment
293.0,783.0,2.0,888905582.0,M,1.0,23.0,writer
697.0,1231.0,3.0,888068100.0,M,1.0,23.0,other
716.0,946.0,4.0,879447731.0,F,0.0,36.0,administrator
796.0,9.0,1.0,8793668.0,M,1.0,27.0,writer
276.0,1031.0,3.0,877877600.0,M,1.0,21.0,student
224.0,523.0,5.0,880952077.0,M,1.0,30.0,educator
207.0,176.0,4.0,889466471.0,M,1.0,35.0,marketing
1.0,735.0,2.0,888521716.0,M,1.0,23.0,technician
334.0,7.0,5.0,891033805.0,M,1.0,30.0,librarian
374.0,577.0,4.0,875309874.0,M,1.0,33.0,executive
758.0,1044.0,3.0,879362202.0,M,1.0,26.0,student
834.0,684.0,4.0,889492614.0,M,1.0,32.0,lawyer
707.0,588.0,4.0,891208452.0,F,0.0,56.0,librarian
664.0,614.0,5.0,875243077.0,M,1.0,31.0,engineer
577.0,796.0,5.0,875287046.0,F,0.0,36.0,marketing
920.0,678.0,4.0,879111863.0,F,0.0,48.0,artist
332.0,1273.0,2.0,879119579.0,M,1.0,20.0,student
463.0,947.0,5.0,891544727.0,F,0.0,36.0,healthcare
402.0,546.0,5.0,875729667.0,M,1.0,34.0,engineer
527.0,15.0,4.0,875295224.0,M,1.0,23.0,engineer
137.0,597.0,5.0,879523172.0,M,1.0,44.0,educator
711.0,558.0,3.0,879744119.0,F,0.0,25.0,other
583.0,471.0,3.0,884364763.0,M,1.0,39.0,scientist
6.0,257.0,4.0,879990328.0,F,0.0,30.0,other
642.0,333.0,5.0,888067691.0,F,0.0,17.0,student
85.0,286.0,4.0,879460604.0,M,1.0,45.0,educator
655.0,534.0,2.0,886480484.0,F,0.0,50.0,healthcare
843.0,10.0,5.0,879441405.0,M,1.0,32.0,librarian
819.0,508.0,5.0,891352964.0,M,1.0,51.0,administrator
472.0,474.0,5.0,879449868.0,M,1.0,27.0,student
738.0,463.0,3.0,876539220.0,F,0.0,32.0,other
748.0,423.0,4.0,879441590.0,M,1.0,38.0,executive
303.0,582.0,3.0,879178569.0,M,1.0,18.0,student
85.0,1132.0,5.0,880167328.0,M,1.0,45.0,educator
863.0,1054.0,5.0,888907582.0,F,0.0,17.0,student
840.0,1031.0,3.0,891271035.0,F,0.0,35.0,artist
58.0,685.0,4.0,891195536.0,M,1.0,26.0,engineer
334.0,393.0,3.0,885938473.0,M,1.0,30.0,librarian
568.0,748.0,2.0,888104549.0,F,0.0,30.0,librarian
790.0,549.0,5.0,883501958.0,M,1.0,30.0,none
60.0,878.0,3.0,883601406.0,M,1.0,44.0,healthcare
409.0,932.0,3.0,880415810.0,M,1.0,42.0,administrator
650.0,651.0,5.0,891381737.0,M,1.0,38.0,engineer
472.0,531.0,3.0,875543445.0,M,1.0,23.0,student
682.0,10.0,5.0,875654944.0,M,1.0,21.0,programmer
772.0,472.0,5.0,888737518.0,F,0.0,18.0,student
627.0,752.0,5.0,879876692.0,M,1.0,32.0,librarian
535.0,531.0,5.0,879440475.0,F,0.0,36.0,administrator
886.0,1047.0,3.0,888640475.0,M,1.0,20.0,student
727.0,752.0,3.0,888732921.0,M,1.0,24.0,student
130.0,1016.0,3.0,877562527.0,M,1.0,20.0,none
833.0,678.0,5.0,875805766.0,M,1.0,31.0,writer
116.0,675.0,1.0,878961814.0,M,1.0,36.0,healthcare
459.0,498.0,4.0,888887023.0,M,1.0,22.0,student
148.0,237.0,5.0,885828524.0,M,1.0,31.0,engineer
870.0,846.0,5.0,880139434.0,M,1.0,11.0,student
380.0,528.0,2.0,886324128.0,M,1.0,30.0,engineer
416.0,921.0,3.0,886607986.0,F,0.0,20.0,student
653.0,496.0,3.0,887737408.0,M,1.0,29.0,executive
110.0,705.0,2.0,880242883.0,M,1.0,28.0,student
374.0,707.0,3.0,880242074.0,M,1.0,33.0,executive
347.0,855.0,2.0,883835069.0,M,1.0,18.0,student
308.0,690.0,3.0,887745851.0,M,1.0,52.0,retired
807.0,653.0,5.0,884304565.0,F,0.0,41.0,healthcare
125.0,675.0,2.0,877132901.0,M,1.0,28.0,lawyer
279.0,1220.0,5.0,876537106.0,M,1.0,31.0,programmer
881.0,12.0,2.0,879454629.0,M,1.0,32.0,marketing
291.0,546.0,4.0,877553523.0,M,1.0,18.0,student
910.0,662.0,4.0,879454937.0,M,1.0,48.0,healthcare
868.0,584.0,5.0,880167490.0,M,1.0,26.0,student
267.0,1012.0,4.0,883757234.0,M,1.0,23.0,engineer
194.0,56.0,3.0,879446208.0,M,1.0,35.0,administrator
331.0,527.0,3.0,875245934.0,M,1.0,31.0,entertainment
279.0,631.0,5.0,879875273.0,M,1.0,31.0,programmer
232.0,658.0,3.0,875657722.0,M,1.0,35.0,engineer
727.0,839.0,4.0,886921609.0,M,1.0,24.0,student
932.0,992.0,3.0,891381533.0,M,1.0,50.0,educator
293.0,95.0,3.0,888904368.0,M,1.0,23.0,writer
582.0,472.0,1.0,882465244.0,M,1.0,23.0,entertainment
624.0,1221.0,3.0,883327298.0,M,1.0,18.0,student
916.0,7.0,3.0,884287262.0,M,1.0,26.0,engineer
6.0,1051.0,4.0,879440177.0,M,1.0,38.0,executive
591.0,563.0,2.0,888907577.0,F,0.0,23.0,marketing
606.0,584.0,3.0,885156709.0,M,1.0,27.0,programmer
195.0,895.0,2.0,875270747.0,M,1.0,38.0,scientist
222.0,12.0,5.0,888888904.0,M,1.0,27.0,programmer
693.0,969.0,5.0,884365930.0,M,1.0,44.0,healthcare
840.0,222.0,1.0,891207823.0,M,1.0,35.0,artist
380.0,1189.0,2.0,885480301.0,M,1.0,30.0,engineer
393.0,685.0,2.0,886176475.0,M,1.0,18.0,student
642.0,7.0,5.0,884534808.0,F,0.0,17.0,marketing
729.0,763.0,3.0,877399618.0,M,1.0,22.0,student
648.0,523.0,5.0,885848886.0,M,1.0,39.0,engineer
345.0,1168.0,3.0,884112076.0,F,0.0,23.0,writer
585.0,781.0,3.0,879424784.0,M,1.0,35.0,educator
806.0,481.0,5.0,882350850.0,M,1.0,26.0,marketing
320.0,596.0,3.0,883327730.0,M,1.0,20.0,student
934.0,1117.0,3.0,891016328.0,M,1.0,53.0,engineer
615.0,845.0,4.0,879877433.0,M,1.0,35.0,educator
506.0,676.0,4.0,880915811.0,M,1.0,11.0,none
860.0,511.0,5.0,883349433.0,F,0.0,22.0,student
95.0,678.0,4.0,879875125.0,M,1.0,30.0,administrator
342.0,515.0,4.0,891191664.0,F,0.0,25.0,other
823.0,876.0,3.0,878439448.0,M,1.0,22.0,artist
660.0,969.0,4.0,877759120.0,M,1.0,25.0,student
527.0,806.0,3.0,883449953.0,M,1.0,31.0,librarian
711.0,934.0,3.0,880130411.0,M,1.0,21.0,student
934.0,117.0,4.0,877132015.0,M,1.0,53.0,engineer
13.0,658.0,3.0,879445109.0,M,1.0,42.0,educator
707.0,582.0,5.0,87979309981.0,F,0.0,28.0,other
567.0,508.0,1.0,886480583.0,M,1.0,23.0,artist
184.0,639.0,3.0,889901654.0,M,1.0,34.0,student
615.0,393.0,4.0,888104586.0,M,1.0,35.0,educator
595.0,196.0,3.0,879466604.0,M,1.0,24.0,programmer
653.0,541.0,5.0,891478526.0,M,1.0,31.0,educator
682.0,936.0,1.0,880044510.0,M,1.0,23.0,programmer
536.0,471.0,3.0,886030707.0,M,1.0,35.0,engineer
177.0,288.0,5.0,892697636.0,M,1.0,20.0,programmer
436.0,478.0,5.0,887137713.0,F,0.0,30.0,administrator
95.0,741.0,4.0,879896168.0,M,1.0,29.0,administrator
535.0,176.0,4.0,888068647.0,M,1.0,31.0,scientist
201.0,541.0,4.0,892152036.0,M,1.0,26.0,artist
805.0,127.0,3.0,878172581.0,M,1.0,26.0,homemaker
553.0,678.0,5.0,879959021.0,F,0.0,50.0,other
870.0,692.0,4.0,883368819.0,M,1.0,22.0,student
381.0,549.0,5.0,875298525.0,M,1.0,31.0,artist
256.0,941.0,4.0,881373059.0,F,0.0,35.0,none
265.0,523.0,1.0,889492462.0,M,1.0,23.0,programmer
380.0,748.0,4.0,876502895.0,M,1.0,30.0,engineer
198.0,834.0,1.0,882064200.0,F,0.0,21.0,student
795.0,942.0,4.0,884111389.0,M,1.0,28.0,programmer
280.0,708.0,5.0,891698854.0,F,0.0,30.0,librarian
664.0,969.0,4.0,884140750.0,F,0.0,48.0,healthcare
878.0,569.0,3.0,880242503.0,F,0.0,50.0,educator
171.0,732.0,4.0,886480206.0,F,0.0,30.0,educator
707.0,79.0,4.0,891273703.0,F,0.0,25.0,student
435.0,286.0,4.0,884124879.0,M,1.0,23.0,engineer
676.0,1044.0,4.0,885852355.0,M,1.0,35.0,executive
758.0,566.0,4.0,877399805.0,M,1.0,26.0,student
933.0,566.0,1.0,880333032.0,M,1.0,27.0,student
393.0,578.0,4.0,879858447.0,M,1.0,17.0,student
270.0,12.0,5.0,888632422.0,F,0.0,17.0,student
293.0,708.0,3.0,875242918.0,M,1.0,23.0,student
293.0,568.0,3.0,888557685.0,M,1.0,23.0,writer
533.0,746.0,3.0,881515779.0,M,1.0,39.0,librarian
159.0,7.0,2.0,882480832.0,F,0.0,43.0,other
417.0,615.0,4.0,891433296.0,F,0.0,27.0,other
321.0,485.0,5.0,879990683.0,F,0.0,49.0,educator
89.0,989.0,5.0,889908694.0,M,1.0,43.0,administrator
796.0,476.0,3.0,893218462.0,M,1.0,32.0,writer
798.0,1210.0,3.0,889416312.0,F,0.0,40.0,writer
580.0,762.0,4.0,879873656.0,M,1.0,15.0,student
731.0,1.0,5.0,880572693.0,F,0.0,27.0,other
224.0,573.0,2.0,880178797.0,M,1.0,31.0,educator
326.0,476.0,3.0,879111763.0,M,1.0,37.0,administrator
429.0,976.0,4.0,882387440.0,M,1.0,26.0,student
527.0,7.0,5.0,875131440.0,M,1.0,31.0,marketing
738.0,619.0,4.0,888556490.0,M,1.0,32.0,technician
781.0,619.0,3.0,876537107.0,M,1.0,20.0,student
716.0,562.0,4.0,879443155.0,F,0.0,36.0,administrator
264.0,523.0,4.0,883326893.0,F,0.0,28.0,writer
130.0,10.0,1.0,884112245.0,M,1.0,20.0,none
887.0,1079.0,4.0,888640475.0,F,0.0,8.0,student
634.0,951.0,5.0,882348564.0,M,1.0,35.0,student
910.0,476.0,5.0,881014852.0,M,1.0,36.0,doctor
537.0,653.0,4.0,882212354.0,M,1.0,33.0,engineer
445.0,762.0,5.0,887667708.0,M,1.0,21.0,writer
823.0,521.0,5.0,878438179.0,M,1.0,28.0,librarian
207.0,751.0,3.0,875340940.0,M,1.0,35.0,marketing
607.0,553.0,4.0,889909142.0,F,0.0,46.0,educator
503.0,527.0,5.0,882345164.0,F,0.0,50.0,writer
13.0,751.0,4.0,881653198.0,M,1.0,42.0,educator
543.0,210.0,3.0,886323529.0,M,1.0,31.0,scientist
87.0,535.0,5.0,885047900.0,M,1.0,50.0,administrator
207.0,692.0,5.0,875280352.0,M,1.0,35.0,marketing
7.0,707.0,2.0,883701902.0,F,0.0,50.0,administrator
758.0,924.0,3.0,878439211.0,M,1.0,26.0,student
200.0,772.0,4.0,880845262.0,M,1.0,36.0,programmer
447.0,1079.0,5.0,879544435.0,M,1.0,25.0,technician
500.0,507.0,4.0,883780168.0,M,1.0,27.0,administrator
806.0,511.0,4.0,882677484.0,M,1.0,26.0,marketing
806.0,652.0,5.0,882386309.0,M,1.0,26.0,marketing
883.0,654.0,3.0,891033481.0,M,1.0,43.0,librarian
62.0,528.0,2.0,880571783.0,F,0.0,27.0,administrator
826.0,681.0,4.0,889728066.0,M,1.0,27.0,student
936.0,276.0,3.0,888067187.0,M,1.0,23.0,engineer
561.0,691.0,4.0,875310196.0,M,1.0,23.0,engineer
586.0,566.0,3.0,882385554.0,M,1.0,20.0,student
716.0,603.0,4.0,879192658.0,F,0.0,35.0,administrator
227.0,9.0,4.0,879445372.0,M,1.0,33.0,executive
621.0,742.0,4.0,881650242.0,M,1.0,17.0,student
174.0,732.0,3.0,885046773.0,F,0.0,30.0,administrator
201.0,431.0,3.0,884029771.0,M,1.0,26.0,programmer
846.0,474.0,5.0,884304550.0,M,1.0,26.0,lawyer
244.0,4.0,4.0,891495135.0,M,1.0,42.0,technician
370.0,591.0,5.0,879111957.0,M,1.0,26.0,writer
293.0,1.0,4.0,889214456.0,M,1.0,23.0,writer
222.0,1023.0,3.0,880416556.0,M,1.0,27.0,programmer
429.0,496.0,4.0,882388164.0,M,1.0,26.0,other
682.0,517.0,4.0,877131083.0,M,1.0,23.0,programmer
592.0,50.0,4.0,889739069.0,M,1.0,18.0,student
553.0,100.0,4.0,888637643.0,M,1.0,50.0,educator
125.0,682.0,4.0,880604167.0,M,1.0,28.0,lawyer
474.0,744.0,5.0,875502034.0,M,1.0,27.0,other
621.0,744.0,2.0,876534147.0,F,0.0,17.0,student
886.0,523.0,4.0,886610174.0,M,1.0,23.0,student
40.0,676.0,5.0,889178904.0,M,1.0,35.0,scientist
145.0,690.0,2.0,877719206.0,M,1.0,29.0,entertainment
60.0,687.0,4.0,886610174.0,F,0.0,44.0,healthcare
311.0,56.0,3.0,884131885.0,M,1.0,30.0,technician
94.0,790.0,4.0,888068843.0,M,1.0,25.0,student
461.0,692.0,5.0,884287590.0,M,1.0,23.0,engineer
537.0,523.0,3.0,886031574.0,M,1.0,33.0,engineer
293.0,683.0,4.0,888906288.0,M,1.0,23.0,writer
109.0,257.0,3.0,880561792.0,M,1.0,27.0,student
188.0,936.0,5.0,874830766.0,M,1.0,38.0,student
160.0,1031.0,5.0,876513269.0,M,1.0,26.0,programmer
299.0,473.0,4.0,880475782.0,M,1.0,27.0,doctor
393.0,581.0,4.0,877225717.0,M,1.0,18.0,student
327.0,684.0,4.0,887745244.0,M,1.0,22.0,student
290.0,172.0,1.0,877808817.0,M,1.0,36.0,scientist
269.0,516.0,4.0,891032781.0,F,0.0,31.0,librarian
734.0,1028.0,3.0,875984589.0,F,0.0,38.0,other
360.0,245.0,5.0,880607986.0,M,1.0,45.0,other
940.0,1098.0,4.0,884134087.0,F,0.0,50.0,healthcare
387.0,577.0,4.0,886480583.0,M,1.0,31.0,entertainment
694.0,294.0,5.0,889468707.0,M,1.0,42.0,educator
311.0,11.0,2.0,884302240.0,M,1.0,28.0,technician
710.0,7.0,4.0,882350850.0,M,1.0,18.0,student
13.0,56.0,4.0,882385226.0,M,1.0,42.0,educator
627.0,678.0,3.0,880471699.0,M,1.0,27.0,engineer
627.0,665.0,1.0,876406614.0,M,1.0,23.0,engineer
682.0,245.0,2.0,886648973.0,M,1.0,23.0,student
276.0,111.0,5.0,888521576.0,M,1.0,21.0,student
268.0,658.0,4.0,887043315.0,M,1.0,23.0,engineer
391.0,603.0,4.0,887735966.0,M,1.0,23.0,student
346.0,656.0,3.0,879365075.0,M,1.0,31.0,other
116.0,927.0,5.0,877973421.0,M,1.0,36.0,healthcare
773.0,662.0,3.0,884134316.0,M,1.0,20.0,student
436.0,1271.0,4.0,879444923.0,F,0.0,33.0,administrator
29.0,1097.0,4.0,882075416.0,F,0.0,43.0,writer
21.0,1028.0,3.0,891354947.0,F,0.0,49.0,writer
594.0,286.0,4.0,891244429.0,M,1.0,52.0,educator
95.0,449.0,3.0,879196260.0,M,1.0,29.0,administrator
622.0,756.0,3.0,883348873.0,M,1.0,17.0,student
927.0,684.0,3.0,879445738.0,M,1.0,23.0,engineer
293.0,100.0,2.0,877132019.0,M,1.0,23.0,writer
532.0,479.0,3.0,892151057.0,M,1.0,20.0,student
537.0,472.0,4.0,875728829.0,M,1.0,33.0,engineer
189.0,117.0,5.0,893213665.0,M,1.0,30.0,artist
409.0,624.0,4.0,880394902.0,M,1.0,42.0,administrator
501.0,815.0,5.0,879874585.0,M,1.0,22.0,student
429.0,528.0,3.0,882397152.0,M,1.0,26.0,student
786.0,727.0,5.0,891202896.0,F,0.0,35.0,artist
447.0,762.0,3.0,876974690.0,F,0.0,28.0,administrator
664.0,633.0,3.0,887736900.0,M,1.0,25.0,executive
766.0,1101.0,3.0,888905072.0,M,1.0,31.0,other
393.0,928.0,2.0,887735960.0,M,1.0,18.0,student
327.0,1172.0,4.0,888068841.0,M,1.0,22.0,student
733.0,921.0,4.0,877107046.0,M,1.0,24.0,entertainment
648.0,932.0,3.0,882343648.0,M,1.0,39.0,engineer
569.0,393.0,2.0,879786699.0,M,1.0,31.0,educator
496.0,50.0,4.0,883709641.0,M,1.0,27.0,writer
648.0,294.0,5.0,885847930.0,M,1.0,39.0,engineer
395.0,956.0,4.0,883390688.0,M,1.0,18.0,student
10.0,604.0,4.0,8773994402.0,F,0.0,46.0,lawyer
894.0,473.0,3.0,888104086.0,M,1.0,42.0,educator
548.0,748.0,4.0,879468459.0,M,1.0,49.0,educator
919.0,478.0,1.0,877757396.0,M,1.0,23.0,other
758.0,461.0,5.0,878847138.0,M,1.0,26.0,student
444.0,100.0,4.0,888555994.0,M,1.0,32.0,writer
65.0,111.0,4.0,884461820.0,F,0.0,43.0,healthcare
158.0,562.0,3.0,880132123.0,M,1.0,44.0,educator
489.0,479.0,5.0,889492916.0,M,1.0,48.0,other
538.0,1063.0,3.0,886029333.0,M,1.0,38.0,scientist
151.0,12.0,5.0,879446746.0,M,1.0,38.0,administrator
95.0,286.0,5.0,879191382.0,M,1.0,29.0,administrator
763.0,7.0,4.0,888557773.0,M,1.0,22.0,student
59.0,694.0,5.0,880355073.0,M,1.0,42.0,educator
479.0,1028.0,2.0,879877083.0,M,1.0,42.0,executive
303.0,526.0,4.0,879308550.0,M,1.0,18.0,student
624.0,523.0,2.0,887737210.0,M,1.0,17.0,student
311.0,596.0,5.0,885690713.0,M,1.0,30.0,technician
749.0,692.0,5.0,875304945.0,M,1.0,31.0,other
597.0,584.0,4.0,875271658.0,M,1.0,31.0,other
705.0,176.0,4.0,882385329.0,M,1.0,26.0,student
758.0,111.0,5.0,881977872.0,M,1.0,26.0,student
495.0,735.0,5.0,875965569.0,M,1.0,25.0,writer
846.0,690.0,2.0,880134820.0,M,1.0,26.0,writer
144.0,678.0,3.0,891384959.0,M,1.0,46.0,programmer
916.0,5.0,5.0,884477440.0,M,1.0,26.0,engineer
782.0,472.0,2.0,877805098.0,F,0.0,21.0,student
875.0,382.0,2.0,885807797.0,F,0.0,36.0,student
327.0,955.0,5.0,887744808.0,M,1.0,22.0,student
943.0,527.0,3.0,886032123.0,M,1.0,27.0,student
472.0,974.0,3.0,875242972.0,M,1.0,23.0,student
426.0,1097.0,3.0,884294788.0,M,1.0,42.0,educator
727.0,476.0,3.0,883498720.0,M,1.0,24.0,student
234.0,286.0,2.0,892078485.0,M,1.0,52.0,retired
532.0,709.0,5.0,879572296.0,M,1.0,18.0,student
344.0,1227.0,4.0,889911729.0,F,0.0,30.0,librarian
447.0,845.0,4.0,878854195.0,M,1.0,45.0,administrator
582.0,694.0,4.0,883949380.0,M,1.0,21.0,lawyer
862.0,111.0,4.0,883950791.0,M,1.0,24.0,other
712.0,591.0,4.0,875654897.0,F,0.0,48.0,administrator
537.0,682.0,5.0,886030862.0,M,1.0,33.0,engineer
200.0,734.0,4.0,874951727.0,M,1.0,36.0,other
293.0,748.0,4.0,888556685.0,M,1.0,23.0,writer
639.0,495.0,5.0,891035437.0,F,0.0,42.0,librarian
374.0,694.0,4.0,880233093.0,M,1.0,33.0,executive
336.0,447.0,4.0,877111703.0,M,1.0,23.0,salesman
545.0,1023.0,3.0,880845056.0,M,1.0,26.0,programmer
569.0,507.0,5.0,879532859.0,M,1.0,31.0,educator
524.0,302.0,5.0,882386532.0,M,1.0,49.0,educator
401.0,172.0,1.0,879178729.0,F,0.0,46.0,healthcare
698.0,715.0,4.0,891033773.0,M,1.0,29.0,programmer
279.0,508.0,3.0,875038807.0,M,1.0,31.0,programmer
346.0,584.0,2.0,884476156.0,M,1.0,31.0,other
582.0,7.0,4.0,874830789.0,M,1.0,18.0,student
805.0,748.0,5.0,879012434.0,F,0.0,28.0,other
279.0,117.0,5.0,875272009.0,M,1.0,31.0,programmer
889.0,634.0,5.0,875982548.0,M,1.0,23.0,programmer
236.0,121.0,4.0,887739171.0,M,1.0,44.0,writer
847.0,928.0,3.0,882426185.0,M,1.0,27.0,student
568.0,473.0,5.0,879441300.0,M,1.0,35.0,educator
70.0,1061.0,4.0,888639319.0,M,1.0,24.0,engineer
916.0,866.0,4.0,889415947.0,M,1.0,23.0,technician
714.0,98.0,1.0,877399018.0,M,1.0,45.0,other
833.0,558.0,3.0,878697955.0,M,1.0,31.0,other
621.0,521.0,5.0,880134538.0,F,0.0,17.0,student
447.0,1118.0,4.0,879969644.0,F,0.0,42.0,administrator
487.0,919.0,3.0,884365025.0,M,1.0,40.0,engineer
922.0,472.0,3.0,891383350.0,F,0.0,29.0,administrator
724.0,692.0,2.0,879012434.0,M,1.0,29.0,executive
763.0,725.0,4.0,880056453.0,M,1.0,28.0,scientist
495.0,56.0,2.0,879439096.0,M,1.0,27.0,engineer
537.0,98.0,4.0,886029919.0,M,1.0,33.0,engineer
31.0,678.0,1.0,893219554.0,M,1.0,23.0,artist
665.0,9.0,4.0,891477012.0,M,1.0,28.0,marketing
665.0,742.0,2.0,881955782.0,M,1.0,34.0,programmer
561.0,682.0,3.0,882076454.0,M,1.0,23.0,engineer
716.0,731.0,4.0,880819172.0,F,0.0,36.0,administrator
650.0,517.0,4.0,881654438.0,M,1.0,29.0,engineer
312.0,654.0,3.0,891549476.0,M,1.0,42.0,other
254.0,7.0,4.0,880821473.0,M,1.0,39.0,educator
194.0,511.0,5.0,878181047.0,M,1.0,35.0,administrator
896.0,117.0,3.0,879444427.0,M,1.0,27.0,educator
409.0,748.0,4.0,891224937.0,M,1.0,42.0,administrator
827.0,632.0,5.0,884627338.0,M,1.0,23.0,programmer
497.0,751.0,5.0,879540068.0,F,0.0,20.0,student
269.0,531.0,1.0,891693350.0,F,0.0,31.0,librarian
593.0,181.0,3.0,884753026.0,M,1.0,23.0,administrator
510.0,14.0,2.0,879438865.0,M,1.0,27.0,other
339.0,566.0,2.0,891035347.0,M,1.0,31.0,lawyer
429.0,651.0,4.0,883875092.0,M,1.0,26.0,student
632.0,7.0,4.0,879442762.0,M,1.0,45.0,educator
758.0,511.0,4.0,875310704.0,M,1.0,20.0,student
429.0,1021.0,3.0,882386625.0,M,1.0,26.0,student
130.0,735.0,2.0,877107407.0,F,0.0,20.0,none
537.0,12.0,3.0,886031474.0,M,1.0,33.0,engineer
848.0,1225.0,3.0,879444034.0,M,1.0,41.0,engineer
851.0,1160.0,5.0,881107155.0,F,0.0,27.0,administrator
313.0,258.0,4.0,885679799.0,M,1.0,37.0,marketing
393.0,732.0,4.0,889121077.0,M,1.0,18.0,student
262.0,64.0,3.0,879455150.0,F,0.0,18.0,student
931.0,755.0,5.0,887739194.0,M,1.0,52.0,educator
651.0,8.0,5.0,879445228.0,M,1.0,21.0,programmer
655.0,1040.0,4.0,883214768.0,F,0.0,50.0,healthcare
6.0,1047.0,4.0,880581919.0,M,1.0,38.0,executive
758.0,172.0,4.0,880245260.0,M,1.0,26.0,writer
60.0,988.0,3.0,888067691.0,M,1.0,27.0,programmer
387.0,748.0,5.0,882621940.0,M,1.0,31.0,entertainment
472.0,515.0,3.0,879448890.0,M,1.0,23.0,student
592.0,751.0,4.0,881650531.0,M,1.0,18.0,artist
691.0,1232.0,4.0,891035781.0,F,0.0,31.0,librarian
592.0,514.0,4.0,876452741.0,M,1.0,18.0,student
514.0,7.0,4.0,881960029.0,M,1.0,26.0,programmer
727.0,9.0,5.0,880132741.0,M,1.0,25.0,other
339.0,705.0,4.0,889396541.0,M,1.0,32.0,lawyer
385.0,739.0,4.0,875311912.0,M,1.0,34.0,writer
474.0,841.0,5.0,879454030.0,M,1.0,45.0,executive
497.0,463.0,5.0,879455062.0,M,1.0,20.0,student
422.0,479.0,3.0,877889186.0,M,1.0,25.0,entertainment
215.0,995.0,3.0,879304113.0,M,1.0,22.0,programmer
721.0,216.0,4.0,877131672.0,M,1.0,24.0,entertainment
13.0,763.0,3.0,882342629.0,M,1.0,42.0,educator
823.0,566.0,4.0,878438179.0,M,1.0,26.0,artist
936.0,762.0,4.0,880572685.0,M,1.0,39.0,engineer
422.0,7.0,1.0,889727543.0,M,1.0,22.0,entertainment
110.0,675.0,4.0,880572948.0,M,1.0,22.0,student
648.0,12.0,3.0,884364465.0,M,1.0,39.0,engineer
833.0,1066.0,4.0,876033935.0,M,1.0,31.0,writer
561.0,584.0,5.0,888179647.0,M,1.0,23.0,engineer
897.0,672.0,3.0,878848015.0,M,1.0,28.0,other
666.0,8.0,4.0,875971548.0,F,0.0,39.0,other
745.0,708.0,3.0,888521969.0,M,1.0,28.0,technician
290.0,974.0,5.0,885157730.0,M,1.0,36.0,engineer
904.0,934.0,2.0,879447853.0,F,0.0,35.0,librarian
735.0,1089.0,4.0,888081947.0,M,1.0,29.0,educator
913.0,1020.0,3.0,8823853991.0,M,1.0,26.0,student
655.0,462.0,4.0,891032402.0,F,0.0,50.0,healthcare
924.0,79.0,4.0,879485546.0,M,1.0,51.0,educator
618.0,1035.0,3.0,88031474.0,F,0.0,11.0,student
874.0,237.0,4.0,887159502.0,M,1.0,27.0,scientist
345.0,521.0,4.0,879434737.0,F,0.0,29.0,librarian
892.0,675.0,4.0,879448015.0,M,1.0,33.0,other
727.0,581.0,4.0,876403553.0,M,1.0,24.0,other
741.0,715.0,4.0,885682985.0,M,1.0,24.0,writer
653.0,781.0,4.0,889739569.0,M,1.0,29.0,executive
1.0,925.0,3.0,886397177.0,M,1.0,23.0,technician
308.0,955.0,4.0,887740516.0,M,1.0,52.0,retired
852.0,488.0,2.0,879441353.0,M,1.0,51.0,administrator
652.0,1014.0,4.0,883710240.0,M,1.0,24.0,other
543.0,518.0,3.0,875971655.0,M,1.0,31.0,scientist
588.0,732.0,5.0,880581918.0,M,1.0,15.0,student
334.0,778.0,5.0,891385369.0,M,1.0,30.0,lawyer
500.0,739.0,4.0,885044116.0,M,1.0,27.0,administrator
733.0,872.0,3.0,891196130.0,M,1.0,39.0,other
450.0,515.0,5.0,879442443.0,F,0.0,35.0,educator
123.0,724.0,4.0,875247475.0,M,1.0,24.0,artist
551.0,526.0,4.0,890769470.0,M,1.0,24.0,programmer
314.0,1082.0,2.0,889124965.0,F,0.0,20.0,student
897.0,14.0,3.0,879993519.0,M,1.0,28.0,other
776.0,7.0,4.0,879876391.0,M,1.0,27.0,executive
189.0,513.0,4.0,893214153.0,M,1.0,30.0,artist
815.0,1149.0,3.0,888888111.0,M,1.0,30.0,other
334.0,172.0,4.0,891544346.0,M,1.0,30.0,librarian
62.0,873.0,3.0,881106637.0,F,0.0,27.0,administrator
330.0,50.0,4.0,879441248.0,F,0.0,35.0,educator
897.0,653.0,3.0,878956453.0,M,1.0,28.0,other
311.0,472.0,4.0,889730474.0,M,1.0,30.0,technician
827.0,1028.0,5.0,889651049.0,M,1.0,27.0,marketing
738.0,237.0,4.0,891466350.0,F,0.0,32.0,technician
896.0,100.0,3.0,887159173.0,M,1.0,27.0,writer
860.0,763.0,3.0,879446844.0,M,1.0,70.0,retired
919.0,663.0,3.0,875982632.0,M,1.0,24.0,other
524.0,479.0,5.0,886471783.0,M,1.0,50.0,educator
299.0,582.0,3.0,884462584.0,M,1.0,27.0,doctor
553.0,538.0,1.0,876407690.0,M,1.0,29.0,executive
524.0,731.0,3.0,879454630.0,M,1.0,49.0,educator
569.0,222.0,4.0,879452534.0,M,1.0,31.0,educator
338.0,603.0,4.0,891544552.0,F,0.0,39.0,librarian
387.0,566.0,5.0,886630668.0,M,1.0,31.0,entertainment
189.0,685.0,4.0,883865232.0,M,1.0,30.0,artist
393.0,558.0,4.0,884734931.0,M,1.0,18.0,student
471.0,628.0,4.0,884923296.0,F,0.0,17.0,student
168.0,7.0,1.0,876402661.0,M,1.0,54.0,engineer
788.0,941.0,4.0,892156655.0,F,0.0,51.0,administrator
882.0,487.0,4.0,886323237.0,M,1.0,33.0,engineer
716.0,1333.0,4.0,891250584.0,F,0.0,36.0,administrator
758.0,11.0,4.0,881976168.0,M,1.0,26.0,student
394.0,881.0,2.0,879793875.0,M,1.0,24.0,administrator
694.0,596.0,5.0,879456308.0,M,1.0,52.0,educator
194.0,151.0,3.0,880332542.0,M,1.0,35.0,administrator
757.0,526.0,2.0,882384823.0,M,1.0,25.0,student
705.0,558.0,4.0,888103971.0,F,0.0,21.0,student
207.0,523.0,5.0,889651141.0,F,0.0,35.0,marketing
303.0,597.0,5.0,879454600.0,M,1.0,18.0,student
903.0,4.0,2.0,877907367.0,M,1.0,35.0,educator
122.0,14.0,3.0,875324785.0,F,0.0,48.0,artist
233.0,423.0,4.0,884131415.0,M,1.0,39.0,engineer
378.0,1256.0,3.0,880845039.0,M,1.0,32.0,programmer
542.0,657.0,4.0,883348474.0,F,0.0,22.0,student
49.0,7.0,4.0,891012434.0,M,1.0,23.0,student
690.0,805.0,4.0,886988873.0,F,0.0,26.0,student
97.0,446.0,5.0,891208285.0,M,1.0,39.0,artist
253.0,692.0,3.0,879444549.0,M,1.0,24.0,librarian
299.0,7.0,4.0,889502516.0,M,1.0,27.0,doctor
523.0,514.0,1.0,891498877.0,M,1.0,56.0,librarian
868.0,597.0,4.0,881955948.0,M,1.0,21.0,programmer
738.0,969.0,5.0,884292922.0,M,1.0,41.0,technician
615.0,880.0,5.0,879434751.0,M,1.0,35.0,educator
303.0,678.0,4.0,879441387.0,M,1.0,18.0,student
807.0,609.0,3.0,885853328.0,F,0.0,41.0,marketing
721.0,15.0,2.0,877196567.0,M,1.0,24.0,entertainment
56.0,56.0,2.0,883709641.0,F,0.0,29.0,librarian
537.0,1023.0,5.0,886030011.0,M,1.0,33.0,engineer
495.0,222.0,3.0,875746833.0,M,1.0,27.0,engineer
871.0,489.0,4.0,880139180.0,M,1.0,29.0,executive
936.0,972.0,1.0,885807780.0,M,1.0,23.0,other
286.0,842.0,2.0,880134296.0,M,1.0,26.0,student
532.0,679.0,4.0,886988706.0,M,1.0,20.0,student
13.0,1031.0,4.0,878849149.0,M,1.0,42.0,other
222.0,546.0,4.0,891038937.0,M,1.0,27.0,programmer
775.0,947.0,2.0,880123540.0,M,1.0,24.0,programmer
82.0,732.0,4.0,879443905.0,M,1.0,44.0,programmer
459.0,604.0,3.0,880134445.0,M,1.0,22.0,student
844.0,181.0,1.0,888640430.0,M,1.0,27.0,engineer
455.0,795.0,3.0,891034007.0,M,1.0,42.0,administrator
582.0,939.0,2.0,888632483.0,M,1.0,32.0,salesman
21.0,523.0,4.0,874873248.0,M,1.0,25.0,writer
683.0,628.0,4.0,878769087.0,M,1.0,23.0,programmer
749.0,9.0,5.0,885921400.0,M,1.0,31.0,entertainment
630.0,101.0,2.0,891547891.0,M,1.0,28.0,healthcare
622.0,7.0,4.0,875734075.0,M,1.0,24.0,programmer
592.0,15.0,3.0,884364011.0,M,1.0,18.0,student
244.0,748.0,1.0,890285109.0,M,1.0,27.0,technician
13.0,269.0,3.0,880843562.0,M,1.0,42.0,educator
807.0,474.0,4.0,880319621.0,F,0.0,46.0,educator
647.0,494.0,3.0,880869669.0,M,1.0,28.0,educator
618.0,127.0,4.0,879461572.0,F,0.0,11.0,student
239.0,566.0,1.0,879178544.0,F,0.0,35.0,artist
751.0,1203.0,4.0,879453700.0,M,1.0,24.0,other
891.0,693.0,5.0,891036003.0,F,0.0,51.0,librarian
122.0,792.0,3.0,879539924.0,F,0.0,32.0,writer
543.0,890.0,3.0,880235099.0,M,1.0,35.0,scientist
10.0,11.0,3.0,883950861.0,M,1.0,46.0,lawyer
318.0,302.0,4.0,887736900.0,M,1.0,56.0,retired
842.0,841.0,4.0,886030707.0,M,1.0,17.0,artist
711.0,288.0,5.0,889124382.0,F,0.0,22.0,student
56.0,761.0,4.0,889907925.0,M,1.0,56.0,librarian
308.0,1234.0,4.0,879448182.0,M,1.0,52.0,retired
671.0,744.0,4.0,891695714.0,M,1.0,24.0,programmer
615.0,474.0,4.0,883507953.0,M,1.0,35.0,other
696.0,993.0,4.0,879192741.0,M,1.0,31.0,programmer
277.0,117.0,4.0,879875827.0,F,0.0,43.0,administrator
41.0,498.0,3.0,876405043.0,M,1.0,27.0,engineer
790.0,100.0,3.0,883709522.0,M,1.0,28.0,technician
666.0,8.0,4.0,878694088.0,M,1.0,39.0,other
8.0,9.0,3.0,885921479.0,M,1.0,45.0,administrator
313.0,692.0,2.0,879445047.0,M,1.0,37.0,marketing
303.0,1232.0,3.0,879793156.0,M,1.0,18.0,student
72.0,14.0,2.0,879875719.0,M,1.0,48.0,administrator
870.0,111.0,4.0,888806066.0,M,1.0,24.0,student
603.0,515.0,5.0,879796434.0,M,1.0,35.0,educator
750.0,946.0,5.0,879482927.0,F,0.0,31.0,administrator
367.0,1044.0,4.0,889125857.0,M,1.0,25.0,student
221.0,111.0,3.0,877561430.0,M,1.0,18.0,student
334.0,463.0,3.0,891548622.0,M,1.0,30.0,librarian
334.0,554.0,4.0,891545544.0,M,1.0,30.0,librarian
457.0,972.0,4.0,881960029.0,M,1.0,33.0,salesman
532.0,526.0,3.0,892781958.0,M,1.0,20.0,student
479.0,651.0,4.0,879439593.0,M,1.0,27.0,educator
864.0,168.0,2.0,879454966.0,M,1.0,26.0,programmer
360.0,864.0,4.0,880478033.0,M,1.0,46.0,other
648.0,4.0,2.0,884064245.0,M,1.0,39.0,engineer
87.0,1286.0,2.0,879876857.0,M,1.0,42.0,administrator
932.0,513.0,2.0,880571459.0,M,1.0,50.0,educator
896.0,5.0,5.0,8871600.0,M,1.0,27.0,other
398.0,7.0,3.0,883349152.0,M,1.0,36.0,healthcare
645.0,286.0,1.0,885808904.0,M,1.0,32.0,librarian
880.0,50.0,4.0,880609193.0,M,1.0,27.0,student
200.0,527.0,4.0,887910552.0,M,1.0,36.0,programmer
933.0,478.0,4.0,877808361.0,M,1.0,27.0,student
645.0,744.0,3.0,875350418.0,M,1.0,26.0,programmer
43.0,933.0,5.0,889911339.0,F,0.0,29.0,librarian
409.0,684.0,4.0,879440448.0,M,1.0,42.0,administrator
907.0,678.0,4.0,883327536.0,M,1.0,27.0,other
850.0,478.0,4.0,881372951.0,M,1.0,31.0,programmer
878.0,431.0,5.0,888632570.0,F,0.0,35.0,educator
60.0,527.0,5.0,886473195.0,M,1.0,44.0,marketing
932.0,518.0,5.0,877108879.0,M,1.0,20.0,student
181.0,7.0,4.0,878951984.0,M,1.0,25.0,executive
833.0,719.0,3.0,875103971.0,M,1.0,31.0,artist
709.0,678.0,1.0,882397146.0,M,1.0,21.0,student
768.0,751.0,3.0,880925199.0,M,1.0,27.0,administrator
303.0,748.0,3.0,879440700.0,M,1.0,18.0,student
880.0,597.0,4.0,881179031.0,M,1.0,17.0,student
328.0,735.0,4.0,880579787.0,M,1.0,45.0,administrator
1.0,1056.0,3.0,884121672.0,M,1.0,23.0,technician
710.0,328.0,4.0,887038057.0,M,1.0,21.0,student
406.0,761.0,4.0,879544602.0,M,1.0,46.0,educator
630.0,972.0,3.0,884369930.0,F,0.0,26.0,healthcare
682.0,989.0,5.0,880579781.0,M,1.0,23.0,programmer
385.0,683.0,5.0,879454551.0,M,1.0,33.0,writer
870.0,1436.0,4.0,876031106.0,M,1.0,26.0,student
320.0,761.0,4.0,883949594.0,M,1.0,18.0,student
889.0,1395.0,4.0,891387756.0,M,1.0,23.0,librarian
934.0,581.0,4.0,877819206.0,M,1.0,53.0,engineer
468.0,673.0,5.0,878183947.0,M,1.0,27.0,engineer
311.0,748.0,4.0,884131811.0,M,1.0,30.0,administrator
892.0,531.0,3.0,878342924.0,M,1.0,33.0,other
151.0,955.0,4.0,879196230.0,F,0.0,38.0,administrator
885.0,493.0,3.0,884128029.0,M,1.0,35.0,other
244.0,749.0,5.0,879538427.0,M,1.0,26.0,technician
297.0,547.0,4.0,879874864.0,F,0.0,31.0,educator
186.0,473.0,3.0,875242892.0,M,1.0,38.0,executive
615.0,661.0,1.0,889492902.0,M,1.0,25.0,other
115.0,463.0,4.0,882181173.0,M,1.0,23.0,engineer
399.0,707.0,2.0,882385294.0,M,1.0,24.0,other
152.0,746.0,3.0,879441093.0,F,0.0,33.0,educator
782.0,654.0,5.0,878951984.0,M,1.0,21.0,homemaker
514.0,1110.0,4.0,885679508.0,M,1.0,26.0,programmer
479.0,1.0,4.0,889909342.0,M,1.0,28.0,librarian
2.0,466.0,2.0,889396180.0,F,0.0,27.0,doctor
664.0,607.0,4.0,885870115.0,M,1.0,23.0,engineer
328.0,627.0,4.0,885059627.0,M,1.0,45.0,administrator
805.0,1035.0,2.0,884462692.0,M,1.0,27.0,other
5.0,181.0,5.0,875982760.0,F,0.0,33.0,administrator
539.0,1101.0,2.0,879427371.0,M,1.0,44.0,educator
576.0,588.0,5.0,885870355.0,M,1.0,29.0,executive
894.0,471.0,5.0,875659265.0,M,1.0,42.0,educator
276.0,745.0,3.0,876534751.0,M,1.0,21.0,student
932.0,932.0,5.0,881367442.0,M,1.0,50.0,educator
554.0,288.0,4.0,875730261.0,M,1.0,31.0,scientist
402.0,7.0,4.0,877466623.0,M,1.0,28.0,programmer
650.0,1088.0,4.0,891384113.0,M,1.0,38.0,engineer
763.0,748.0,4.0,886921400.0,M,1.0,26.0,programmer
533.0,578.0,4.0,885690571.0,M,1.0,31.0,librarian
848.0,64.0,4.0,879532749.0,M,1.0,43.0,administrator
796.0,508.0,1.0,874938993.0,F,0.0,32.0,writer
833.0,1047.0,4.0,880253665.0,M,1.0,31.0,writer
867.0,731.0,5.0,887046268.0,M,1.0,23.0,engineer
450.0,604.0,4.0,879444031.0,F,0.0,35.0,educator
837.0,657.0,4.0,879875831.0,M,1.0,28.0,artist
292.0,940.0,5.0,879362537.0,M,1.0,35.0,programmer
459.0,605.0,4.0,879877267.0,M,1.0,22.0,student
869.0,748.0,3.0,880843522.0,M,1.0,26.0,student
561.0,771.0,5.0,888180049.0,M,1.0,23.0,engineer
303.0,665.0,3.0,879792374.0,M,1.0,18.0,student
148.0,715.0,5.0,885810584.0,M,1.0,31.0,engineer
293.0,546.0,3.0,888906198.0,M,1.0,25.0,writer
620.0,7.0,4.0,875654971.0,F,0.0,17.0,writer
608.0,1288.0,3.0,880585167.0,M,1.0,22.0,student
552.0,847.0,4.0,888104519.0,M,1.0,40.0,other
833.0,100.0,5.0,875049033.0,M,1.0,31.0,writer
897.0,288.0,4.0,889492371.0,M,1.0,30.0,other
595.0,12.0,2.0,882670828.0,M,1.0,24.0,programmer
198.0,485.0,2.0,883698327.0,F,0.0,23.0,student
429.0,216.0,4.0,882385782.0,M,1.0,26.0,student
85.0,942.0,3.0,884627114.0,M,1.0,45.0,educator
833.0,928.0,4.0,875655043.0,M,1.0,31.0,writer
548.0,741.0,3.0,886480578.0,F,0.0,45.0,writer
361.0,1082.0,5.0,879441253.0,M,1.0,22.0,student
459.0,588.0,4.0,882385526.0,M,1.0,22.0,student
497.0,588.0,3.0,885807310.0,M,1.0,20.0,student
450.0,471.0,2.0,880134296.0,F,0.0,35.0,educator
318.0,523.0,4.0,884496425.0,M,1.0,56.0,retired
913.0,508.0,5.0,887744328.0,M,1.0,26.0,student
711.0,7.0,3.0,888640916.0,M,1.0,22.0,other
710.0,1.0,4.0,883710470.0,M,1.0,26.0,student
930.0,582.0,4.0,891723355.0,M,1.0,20.0,student
851.0,1136.0,4.0,876549808.0,M,1.0,22.0,other
303.0,471.0,5.0,879445014.0,M,1.0,18.0,student
385.0,762.0,3.0,879875432.0,M,1.0,33.0,writer
846.0,973.0,3.0,883948794.0,M,1.0,26.0,lawyer
89.0,527.0,4.0,879874582.0,M,1.0,43.0,administrator
407.0,697.0,4.0,875972059.0,M,1.0,27.0,engineer
348.0,597.0,4.0,87565484898.0,F,0.0,24.0,student
890.0,971.0,1.0,883867380.0,M,1.0,30.0,administrator
887.0,932.0,5.0,875662981.0,F,0.0,10.0,student
524.0,559.0,3.0,888104353.0,M,1.0,18.0,student
645.0,895.0,5.0,880139765.0,M,1.0,32.0,programmer
293.0,629.0,3.0,888906932.0,M,1.0,23.0,writer
4.0,471.0,3.0,882424090.0,M,1.0,39.0,executive
639.0,195.0,5.0,891033256.0,F,0.0,27.0,librarian
268.0,690.0,4.0,889124771.0,M,1.0,23.0,engineer
94.0,951.0,3.0,874863227.0,M,1.0,25.0,student
592.0,8.0,3.0,882385164.0,M,1.0,18.0,student
807.0,844.0,5.0,883348230.0,F,0.0,41.0,healthcare
738.0,923.0,3.0,875556565.0,M,1.0,32.0,salesman
344.0,511.0,3.0,889739527.0,F,0.0,30.0,librarian
313.0,754.0,5.0,891015027.0,M,1.0,37.0,marketing
416.0,568.0,4.0,882566821.0,F,0.0,20.0,student
435.0,945.0,5.0,876265841.0,M,1.0,23.0,engineer
939.0,597.0,1.0,877134062.0,F,0.0,44.0,entertainment
128.0,633.0,4.0,879444550.0,F,0.0,24.0,marketing
48.0,748.0,5.0,879445047.0,M,1.0,40.0,administrator
684.0,628.0,4.0,880332936.0,M,1.0,27.0,student
796.0,1225.0,4.0,874787144.0,F,0.0,32.0,writer
489.0,322.0,4.0,875332922.0,M,1.0,48.0,other
13.0,479.0,4.0,879444187.0,M,1.0,42.0,educator
374.0,1028.0,3.0,880405693.0,M,1.0,33.0,executive
417.0,685.0,5.0,879446597.0,F,0.0,27.0,other
766.0,286.0,4.0,880922382.0,M,1.0,43.0,other
490.0,9.0,4.0,892318444.0,F,0.0,29.0,artist
497.0,483.0,5.0,882348756.0,M,1.0,20.0,student
887.0,756.0,3.0,880605974.0,F,0.0,11.0,student
293.0,258.0,5.0,888907674.0,M,1.0,23.0,writer
311.0,919.0,3.0,884494366.0,M,1.0,30.0,technician
711.0,7.0,3.0,888639091.0,F,0.0,22.0,student
943.0,988.0,4.0,874874040.0,M,1.0,38.0,student
354.0,826.0,4.0,879799014.0,M,1.0,49.0,educator
11.0,1206.0,4.0,877384538.0,M,1.0,39.0,other
603.0,561.0,5.0,891035307.0,F,0.0,49.0,educator
255.0,518.0,4.0,888889657.0,M,1.0,23.0,entertainment
648.0,603.0,5.0,879192662.0,M,1.0,39.0,executive
379.0,7.0,5.0,888468909.0,M,1.0,39.0,programmer
624.0,678.0,4.0,889731701.0,M,1.0,18.0,student
152.0,528.0,3.0,876404757.0,F,0.0,32.0,educator
807.0,476.0,4.0,877757835.0,F,0.0,41.0,healthcare
758.0,763.0,3.0,880845405.0,M,1.0,38.0,student
805.0,988.0,1.0,878694834.0,F,0.0,27.0,other
782.0,517.0,3.0,875982466.0,M,1.0,28.0,scientist
345.0,584.0,3.0,885809065.0,F,0.0,28.0,librarian
642.0,56.0,5.0,888556689.0,F,0.0,17.0,student
445.0,676.0,3.0,888888917.0,M,1.0,23.0,writer
751.0,935.0,3.0,877107713.0,F,0.0,24.0,entertainment
59.0,928.0,1.0,881059146.0,M,1.0,43.0,educator
250.0,258.0,4.0,889492902.0,M,1.0,27.0,executive
532.0,684.0,5.0,880134825.0,M,1.0,18.0,student
215.0,1028.0,3.0,891384673.0,M,1.0,32.0,programmer
456.0,9.0,4.0,882425869.0,M,1.0,23.0,entertainment
758.0,605.0,4.0,892696910.0,F,0.0,27.0,student
865.0,651.0,3.0,884634668.0,M,1.0,48.0,artist
434.0,506.0,4.0,889743235.0,M,1.0,25.0,writer
648.0,7.0,4.0,889402798.0,M,1.0,39.0,engineer
222.0,7.0,4.0,875355020.0,M,1.0,27.0,programmer
493.0,708.0,3.0,888069655.0,M,1.0,23.0,student
916.0,845.0,4.0,875973462.0,M,1.0,26.0,engineer
301.0,498.0,3.0,883600406.0,M,1.0,23.0,student
537.0,8.0,2.0,888905095.0,M,1.0,36.0,programmer
409.0,673.0,5.0,880134296.0,M,1.0,42.0,administrator
524.0,7.0,3.0,879874585.0,M,1.0,49.0,educator
524.0,300.0,5.0,879469901.0,M,1.0,50.0,educator
486.0,563.0,1.0,891203304.0,M,1.0,33.0,engineer
833.0,117.0,4.0,875216717.0,M,1.0,31.0,writer
222.0,176.0,3.0,879368749.0,M,1.0,37.0,programmer
385.0,696.0,3.0,886608664.0,M,1.0,33.0,artist
286.0,742.0,4.0,887736408.0,M,1.0,26.0,student
110.0,210.0,5.0,880843538.0,M,1.0,18.0,student
214.0,836.0,5.0,879444597.0,F,0.0,32.0,librarian
189.0,609.0,4.0,875131715.0,M,1.0,30.0,artist
305.0,846.0,5.0,888632403.0,M,1.0,23.0,programmer
127.0,118.0,4.0,879876402.0,F,0.0,42.0,administrator
479.0,1049.0,2.0,879441813.0,M,1.0,29.0,educator
332.0,924.0,3.0,880937740.0,M,1.0,20.0,student
622.0,14.0,4.0,880145678.0,M,1.0,24.0,programmer
554.0,14.0,4.0,885953103.0,M,1.0,30.0,programmer
840.0,659.0,5.0,892686164.0,M,1.0,35.0,artist
625.0,515.0,5.0,891381546.0,M,1.0,21.0,programmer
661.0,646.0,2.0,875963970.0,M,1.0,27.0,programmer
597.0,1273.0,2.0,888907452.0,M,1.0,23.0,other
846.0,528.0,4.0,883948252.0,M,1.0,26.0,lawyer
804.0,461.0,5.0,879447713.0,M,1.0,35.0,educator
727.0,1030.0,5.0,882318450.0,F,0.0,24.0,student
807.0,628.0,5.0,877983713.0,F,0.0,41.0,healthcare
666.0,615.0,3.0,879191904.0,F,0.0,39.0,administrator
343.0,472.0,3.0,876331442.0,M,1.0,35.0,scientist
582.0,919.0,3.0,879793193.0,M,1.0,18.0,student
409.0,1035.0,3.0,880335032.0,M,1.0,42.0,administrator
642.0,676.0,5.0,886533796.0,F,0.0,17.0,student
843.0,487.0,4.0,879444501.0,M,1.0,32.0,librarian
186.0,736.0,5.0,88023978.0,M,1.0,38.0,executive
770.0,151.0,4.0,883757703.0,M,1.0,27.0,student
938.0,515.0,4.0,888702961.0,M,1.0,26.0,student
918.0,210.0,4.0,884584247.0,F,0.0,38.0,technician
453.0,728.0,3.0,875945814.0,M,1.0,32.0,engineer
805.0,934.0,3.0,880582431.0,F,0.0,27.0,writer
501.0,954.0,4.0,883348656.0,M,1.0,22.0,student
897.0,707.0,3.0,888905066.0,M,1.0,28.0,other
305.0,467.0,4.0,886608873.0,M,1.0,23.0,student
591.0,661.0,3.0,882428783.0,M,1.0,23.0,programmer
454.0,679.0,4.0,879442451.0,M,1.0,50.0,other
58.0,1.0,4.0,884111469.0,M,1.0,26.0,programmer
846.0,568.0,3.0,883950853.0,M,1.0,41.0,educator
87.0,1232.0,3.0,885807795.0,M,1.0,42.0,administrator
85.0,237.0,4.0,879466214.0,M,1.0,35.0,marketing
343.0,659.0,4.0,876405973.0,M,1.0,39.0,engineer
31.0,286.0,5.0,884291513.0,M,1.0,23.0,artist
486.0,48.0,4.0,889739003.0,M,1.0,35.0,educator
452.0,12.0,4.0,885157620.0,M,1.0,32.0,administrator
846.0,523.0,3.0,883948495.0,M,1.0,26.0,lawyer
633.0,449.0,4.0,891203309.0,M,1.0,43.0,librarian
628.0,645.0,4.0,891448146.0,M,1.0,39.0,engineer
60.0,705.0,2.0,882385164.0,M,1.0,44.0,healthcare
496.0,878.0,3.0,875943818.0,F,0.0,27.0,writer
1.0,9.0,4.0,874963530.0,M,1.0,23.0,technician
521.0,13.0,3.0,879440573.0,F,0.0,20.0,student
13.0,566.0,4.0,880126295.0,M,1.0,42.0,educator
865.0,511.0,3.0,877975344.0,M,1.0,24.0,artist
659.0,12.0,4.0,880175994.0,M,1.0,35.0,educator
472.0,1135.0,3.0,892749155.0,M,1.0,23.0,student
514.0,12.0,4.0,879454961.0,M,1.0,40.0,educator
378.0,651.0,3.0,880056578.0,M,1.0,32.0,student
871.0,729.0,3.0,879370151.0,M,1.0,35.0,marketing
343.0,447.0,4.0,884134010.0,M,1.0,39.0,engineer
92.0,735.0,5.0,875289822.0,M,1.0,35.0,entertainment
916.0,294.0,3.0,883628159.0,M,1.0,26.0,engineer
207.0,731.0,5.0,884715273.0,M,1.0,35.0,marketing
6.0,64.0,4.0,886533275.0,M,1.0,23.0,engineer
303.0,7.0,4.0,879191662.0,M,1.0,18.0,student
592.0,496.0,4.0,889910583.0,M,1.0,18.0,student
466.0,1010.0,4.0,882077052.0,M,1.0,22.0,student
92.0,689.0,3.0,875126077.0,M,1.0,30.0,entertainment
92.0,511.0,3.0,877807461.0,M,1.0,30.0,entertainment
94.0,49.0,3.0,891204309.0,M,1.0,25.0,student
847.0,554.0,4.0,875273058.0,M,1.0,27.0,student
932.0,1023.0,4.0,891031979.0,M,1.0,50.0,educator
425.0,1137.0,3.0,883601089.0,M,1.0,18.0,student
707.0,173.0,3.0,879443446.0,F,0.0,56.0,librarian
128.0,12.0,1.0,882385947.0,F,0.0,24.0,marketing
268.0,727.0,4.0,875985568.0,M,1.0,23.0,engineer
676.0,14.0,3.0,876459974.0,M,1.0,28.0,programmer
334.0,559.0,4.0,891544722.0,M,1.0,30.0,librarian
9.0,393.0,5.0,880314459.0,M,1.0,33.0,administrator
385.0,511.0,4.0,886392901.0,M,1.0,43.0,writer
739.0,471.0,4.0,879446014.0,F,0.0,36.0,marketing
824.0,100.0,4.0,892131685.0,M,1.0,26.0,artist
279.0,688.0,3.0,891384445.0,M,1.0,31.0,engineer
354.0,879.0,4.0,884111546.0,F,0.0,29.0,librarian
940.0,461.0,1.0,887734408.0,M,1.0,44.0,healthcare
28.0,1231.0,4.0,874785239.0,M,1.0,20.0,student
761.0,95.0,2.0,888444684.0,M,1.0,25.0,student
741.0,741.0,4.0,888451300.0,F,0.0,24.0,writer
6.0,678.0,3.0,888068842.0,M,1.0,38.0,executive
592.0,827.0,5.0,879557781.0,M,1.0,20.0,student
536.0,944.0,5.0,875289253.0,M,1.0,35.0,engineer
393.0,927.0,3.0,882956551.0,M,1.0,18.0,student
204.0,483.0,3.0,891037121.0,F,0.0,46.0,programmer
655.0,447.0,2.0,884322188.0,F,0.0,50.0,healthcare
385.0,454.0,4.0,881179040.0,M,1.0,33.0,writer
256.0,558.0,5.0,879459900.0,F,0.0,36.0,none
92.0,690.0,2.0,883710236.0,M,1.0,30.0,entertainment
207.0,940.0,4.0,876251884.0,M,1.0,35.0,marketing
13.0,202.0,4.0,882670023.0,M,1.0,42.0,educator
870.0,709.0,4.0,880672902.0,M,1.0,30.0,retired
457.0,826.0,3.0,888801406.0,F,0.0,23.0,salesman
840.0,568.0,4.0,891202349.0,M,1.0,35.0,artist
707.0,995.0,3.0,885752551.0,F,0.0,56.0,librarian
709.0,659.0,3.0,891033256.0,M,1.0,22.0,other
293.0,739.0,3.0,888556230.0,M,1.0,23.0,writer
276.0,881.0,3.0,875047507.0,M,1.0,21.0,student
116.0,7.0,4.0,879445975.0,M,1.0,36.0,healthcare
517.0,288.0,4.0,883531274.0,M,1.0,23.0,salesman
268.0,1147.0,4.0,875320689.0,M,1.0,23.0,engineer
314.0,449.0,3.0,879867327.0,F,0.0,20.0,student
303.0,483.0,4.0,879524790.0,M,1.0,18.0,student
385.0,651.0,5.0,880563326.0,M,1.0,33.0,writer
328.0,1030.0,3.0,885062553.0,M,1.0,45.0,administrator
896.0,782.0,2.0,887166215.0,M,1.0,27.0,writer
716.0,673.0,4.0,880393475.0,F,0.0,36.0,administrator
796.0,679.0,4.0,891034995.0,F,0.0,32.0,writer
303.0,1047.0,5.0,879462202.0,M,1.0,18.0,student
368.0,657.0,3.0,881374086.0,M,1.0,23.0,student
622.0,826.0,3.0,877386612.0,M,1.0,24.0,programmer
643.0,582.0,4.0,891436754.0,M,1.0,35.0,scientist
139.0,9.0,4.0,882607690.0,F,0.0,20.0,student
682.0,1247.0,3.0,884129979.0,M,1.0,23.0,programmer
763.0,273.0,4.0,881107155.0,F,0.0,25.0,student
847.0,10.0,4.0,879484595.0,M,1.0,22.0,student
603.0,300.0,5.0,8797179890.0,M,1.0,22.0,student
87.0,258.0,4.0,879466214.0,M,1.0,42.0,administrator
716.0,628.0,4.0,879304944.0,F,0.0,36.0,administrator
592.0,582.0,2.0,882344918.0,M,1.0,18.0,student
854.0,531.0,4.0,882397146.0,M,1.0,15.0,salesman
1.0,648.0,4.0,880843553.0,M,1.0,23.0,technician
709.0,815.0,4.0,883250148.0,F,0.0,21.0,other
660.0,216.0,4.0,893115293.0,M,1.0,25.0,other
189.0,603.0,5.0,893219150.0,M,1.0,30.0,artist
592.0,652.0,4.0,889655434.0,F,0.0,17.0,other
44.0,732.0,4.0,884321179.0,M,1.0,28.0,technician
650.0,872.0,3.0,883599327.0,M,1.0,38.0,engineer
478.0,50.0,4.0,880333802.0,M,1.0,27.0,other
429.0,739.0,3.0,882344382.0,M,1.0,26.0,student
374.0,741.0,4.0,883250148.0,M,1.0,33.0,executive
207.0,629.0,3.0,885809521.0,M,1.0,35.0,marketing
363.0,39.0,1.0,891699655.0,M,1.0,20.0,student
297.0,474.0,5.0,882345605.0,F,0.0,29.0,educator
534.0,684.0,3.0,882345918.0,M,1.0,35.0,engineer
655.0,333.0,5.0,886610127.0,F,0.0,50.0,healthcare
13.0,631.0,4.0,888068032.0,F,0.0,42.0,educator
622.0,615.0,2.0,887158575.0,M,1.0,24.0,programmer
92.0,729.0,4.0,875245562.0,M,1.0,30.0,entertainment
803.0,679.0,5.0,879461795.0,M,1.0,37.0,educator
127.0,673.0,4.0,883601858.0,M,1.0,30.0,none
436.0,1038.0,4.0,885848237.0,F,0.0,30.0,administrator
207.0,595.0,4.0,879446108.0,M,1.0,35.0,marketing
207.0,50.0,2.0,879975262.0,M,1.0,35.0,marketing
548.0,629.0,4.0,886375025.0,M,1.0,45.0,writer
741.0,742.0,5.0,891409160.0,M,1.0,24.0,writer
669.0,118.0,5.0,884130793.0,M,1.0,28.0,student
655.0,591.0,4.0,884112278.0,F,0.0,50.0,healthcare
158.0,471.0,4.0,888082066.0,M,1.0,44.0,educator
435.0,1028.0,3.0,892133447.0,M,1.0,23.0,engineer
665.0,95.0,1.0,879298206.0,M,1.0,24.0,administrator
889.0,531.0,4.0,884035774.0,M,1.0,23.0,technician
361.0,651.0,5.0,879448672.0,M,1.0,20.0,student
417.0,697.0,2.0,880572696.0,F,0.0,27.0,other
406.0,478.0,3.0,881547746.0,M,1.0,46.0,educator
850.0,100.0,3.0,892686012.0,M,1.0,31.0,technician
346.0,9.0,4.0,876694933.0,M,1.0,42.0,other
85.0,684.0,3.0,889323481.0,M,1.0,50.0,educator
727.0,963.0,2.0,888445604.0,M,1.0,24.0,student
566.0,691.0,4.0,892697426.0,M,1.0,28.0,programmer
896.0,607.0,3.0,887158248.0,M,1.0,27.0,writer
115.0,828.0,4.0,884365325.0,M,1.0,23.0,engineer
526.0,772.0,2.0,885157429.0,M,1.0,23.0,artist
773.0,300.0,4.0,875288201.0,M,1.0,20.0,student
276.0,778.0,5.0,874783650.0,M,1.0,27.0,student
83.0,174.0,3.0,875384751.0,M,1.0,36.0,other
882.0,50.0,4.0,874953239.0,F,0.0,30.0,student
437.0,546.0,2.0,885099735.0,F,0.0,27.0,administrator
727.0,531.0,3.0,878962386.0,M,1.0,24.0,technician
328.0,516.0,3.0,879540150.0,M,1.0,45.0,administrator
840.0,682.0,3.0,891204994.0,M,1.0,35.0,artist
311.0,100.0,1.0,891656391.0,M,1.0,30.0,technician
790.0,7.0,3.0,879899322.0,M,1.0,26.0,technician
80.0,1039.0,4.0,888069359.0,F,0.0,45.0,none
343.0,50.0,3.0,891013988.0,M,1.0,35.0,engineer
561.0,831.0,5.0,875320689.0,M,1.0,23.0,entertainment
533.0,576.0,3.0,891699182.0,M,1.0,39.0,librarian
751.0,508.0,5.0,877387617.0,F,0.0,24.0,other
410.0,516.0,4.0,881108865.0,F,0.0,42.0,other
503.0,654.0,4.0,888558322.0,F,0.0,50.0,writer
722.0,581.0,4.0,879532739.0,F,0.0,29.0,administrator
690.0,168.0,3.0,891384673.0,M,1.0,46.0,salesman
919.0,694.0,4.0,875979359.0,M,1.0,24.0,other
916.0,662.0,3.0,875729667.0,M,1.0,26.0,engineer
5.0,549.0,1.0,888520916.0,F,0.0,33.0,other
775.0,1047.0,4.0,880845371.0,M,1.0,27.0,programmer
198.0,1225.0,4.0,879794549.0,F,0.0,17.0,student
332.0,1513.0,4.0,879444841.0,M,1.0,20.0,student
13.0,751.0,4.0,888479987.0,M,1.0,42.0,educator
851.0,568.0,4.0,877807935.0,M,1.0,18.0,other
373.0,50.0,1.0,879987656.0,M,1.0,24.0,other
10.0,12.0,4.0,891033930.0,M,1.0,46.0,lawyer
1.0,934.0,4.0,886480206.0,M,1.0,23.0,entertainment
343.0,513.0,4.0,880951588.0,M,1.0,39.0,engineer
181.0,515.0,4.0,879111371.0,M,1.0,25.0,executive
684.0,763.0,3.0,881177968.0,M,1.0,27.0,student
468.0,118.0,5.0,884121677.0,M,1.0,27.0,librarian
110.0,472.0,3.0,883949594.0,M,1.0,18.0,student
189.0,10.0,4.0,884064688.0,M,1.0,30.0,artist
806.0,577.0,3.0,882385165.0,M,1.0,26.0,marketing
677.0,56.0,3.0,875086991.0,F,0.0,20.0,none
222.0,603.0,4.0,875320425.0,M,1.0,27.0,programmer
890.0,728.0,3.0,877131714.0,M,1.0,32.0,salesman
653.0,472.0,5.0,887744205.0,M,1.0,29.0,executive
719.0,678.0,2.0,883250148.0,M,1.0,22.0,other
889.0,697.0,4.0,891195755.0,M,1.0,27.0,librarian
76.0,1135.0,4.0,874787478.0,M,1.0,20.0,student
653.0,962.0,3.0,877107056.0,M,1.0,29.0,educator
239.0,597.0,3.0,889172389.0,M,1.0,31.0,artist
346.0,431.0,5.0,878962168.0,M,1.0,31.0,other
833.0,605.0,4.0,888539512.0,M,1.0,32.0,writer
13.0,623.0,4.0,882342322.0,M,1.0,42.0,educator
889.0,423.0,4.0,880179611.0,M,1.0,23.0,technician
537.0,686.0,4.0,886031906.0,M,1.0,33.0,engineer
416.0,216.0,4.0,874785247.0,F,0.0,20.0,none
883.0,708.0,3.0,891207839.0,M,1.0,43.0,librarian
346.0,615.0,5.0,878886987.0,M,1.0,31.0,other
201.0,678.0,4.0,886397946.0,M,1.0,26.0,programmer
417.0,1047.0,3.0,888887796.0,F,0.0,27.0,other
472.0,1418.0,3.0,875962076.0,M,1.0,23.0,student
117.0,751.0,4.0,887910552.0,M,1.0,20.0,student
617.0,673.0,4.0,883601607.0,M,1.0,47.0,writer
886.0,513.0,3.0,888632560.0,F,0.0,20.0,student
201.0,9.0,3.0,885140415.0,F,0.0,26.0,writer
301.0,732.0,4.0,885870284.0,M,1.0,23.0,student
932.0,631.0,3.0,891032864.0,M,1.0,50.0,educator
401.0,568.0,1.0,889492643.0,M,1.0,46.0,healthcare
615.0,935.0,3.0,879441249.0,M,1.0,35.0,educator
758.0,7.0,3.0,888888182.0,M,1.0,36.0,student
244.0,527.0,5.0,880574966.0,M,1.0,27.0,technician
930.0,732.0,4.0,879440628.0,M,1.0,30.0,administrator
269.0,482.0,5.0,891545231.0,F,0.0,31.0,librarian
379.0,269.0,5.0,881656106.0,M,1.0,39.0,programmer
889.0,751.0,5.0,886820582.0,M,1.0,23.0,writer
786.0,25.0,3.0,888638916.0,F,0.0,20.0,student
7.0,5.0,2.0,875265837.0,M,1.0,20.0,student
158.0,153.0,4.0,881652277.0,F,0.0,44.0,writer
908.0,195.0,3.0,877019948.0,F,0.0,50.0,educator
892.0,751.0,5.0,886629556.0,M,1.0,33.0,marketing
936.0,682.0,5.0,886396972.0,M,1.0,38.0,engineer
506.0,527.0,3.0,892871433.0,M,1.0,41.0,other
233.0,561.0,3.0,886033622.0,M,1.0,35.0,engineer
790.0,547.0,5.0,884132514.0,M,1.0,26.0,technician
716.0,523.0,4.0,883782685.0,F,0.0,36.0,administrator
757.0,479.0,4.0,880871534.0,M,1.0,24.0,student
653.0,658.0,5.0,880177614.0,M,1.0,29.0,executive
916.0,833.0,4.0,877834440.0,M,1.0,26.0,other
556.0,511.0,5.0,891699068.0,M,1.0,43.0,educator
794.0,663.0,4.0,879538415.0,M,1.0,48.0,educator
201.0,1034.0,5.0,887736408.0,M,1.0,26.0,writer
763.0,628.0,4.0,875332336.0,M,1.0,26.0,scientist
711.0,748.0,5.0,878847106.0,F,0.0,20.0,student
589.0,672.0,5.0,887160040.0,M,1.0,37.0,marketing
436.0,679.0,2.0,891197717.0,F,0.0,29.0,administrator
1.0,743.0,5.0,880475433.0,M,1.0,23.0,technician
749.0,696.0,3.0,889406648.0,F,0.0,31.0,other
561.0,631.0,3.0,885848886.0,M,1.0,28.0,programmer
354.0,1172.0,3.0,879871544.0,F,0.0,29.0,librarian
293.0,876.0,3.0,888906990.0,M,1.0,23.0,writer
90.0,752.0,4.0,880132741.0,M,1.0,52.0,educator
889.0,50.0,3.0,881107773.0,M,1.0,23.0,technician
60.0,684.0,4.0,884462692.0,M,1.0,44.0,healthcare
871.0,484.0,4.0,876816106.0,M,1.0,25.0,executive
788.0,509.0,3.0,882955978.0,M,1.0,31.0,salesman
239.0,663.0,3.0,891250796.0,M,1.0,35.0,artist
870.0,1.0,4.0,880571806.0,M,1.0,22.0,student
354.0,678.0,5.0,879441443.0,F,0.0,38.0,librarian
870.0,514.0,4.0,880078797.0,M,1.0,22.0,student
360.0,654.0,3.0,886984190.0,M,1.0,45.0,other
43.0,495.0,3.0,891462626.0,F,0.0,29.0,librarian
268.0,496.0,2.0,884270585.0,M,1.0,23.0,engineer
896.0,202.0,4.0,887160553.0,M,1.0,27.0,other
586.0,662.0,3.0,884050760.0,M,1.0,20.0,engineer
774.0,531.0,2.0,888518306.0,M,1.0,26.0,student
181.0,588.0,4.0,878961858.0,M,1.0,25.0,executive
328.0,475.0,4.0,885850746.0,M,1.0,45.0,administrator
378.0,12.0,4.0,880054740.0,M,1.0,32.0,student
417.0,1047.0,5.0,883256074.0,F,0.0,27.0,other
927.0,662.0,3.0,875654630.0,M,1.0,23.0,student
870.0,1147.0,4.0,886833395.0,M,1.0,22.0,student
896.0,707.0,4.0,891546231.0,M,1.0,27.0,writer
804.0,614.0,5.0,879443155.0,M,1.0,35.0,educator
567.0,928.0,2.0,886921432.0,M,1.0,23.0,entertainment
160.0,471.0,3.0,891035119.0,M,1.0,26.0,programmer
751.0,9.0,5.0,878692568.0,M,1.0,25.0,none
332.0,633.0,4.0,874787059.0,M,1.0,20.0,student
655.0,959.0,5.0,888558887.0,F,0.0,50.0,healthcare
13.0,527.0,4.0,879899424.0,M,1.0,42.0,educator
92.0,476.0,4.0,886443597.0,M,1.0,30.0,writer
4.0,729.0,5.0,888525615.0,M,1.0,23.0,technician
500.0,48.0,3.0,878855164.0,F,0.0,35.0,administrator
806.0,647.0,5.0,888069660.0,M,1.0,26.0,marketing
669.0,732.0,5.0,875145862.0,M,1.0,31.0,marketing
293.0,523.0,2.0,888907499.0,M,1.0,23.0,writer
343.0,684.0,5.0,876405853.0,M,1.0,39.0,engineer
297.0,127.0,5.0,884462692.0,F,0.0,27.0,doctor
716.0,875.0,5.0,879563485.0,F,0.0,36.0,administrator
535.0,172.0,4.0,884149390.0,F,0.0,45.0,educator
295.0,553.0,3.0,875982623.0,M,1.0,29.0,educator
709.0,1101.0,5.0,888453400.0,M,1.0,25.0,other
648.0,885.0,1.0,885848886.0,M,1.0,39.0,engineer
758.0,195.0,5.0,882398743.0,M,1.0,26.0,student
162.0,294.0,5.0,893214332.0,M,1.0,26.0,artist
535.0,276.0,5.0,879518728.0,F,0.0,23.0,other
527.0,454.0,1.0,877719206.0,M,1.0,23.0,programmer
749.0,763.0,3.0,875731775.0,M,1.0,31.0,other
224.0,9.0,4.0,879524288.0,M,1.0,34.0,educator
586.0,1235.0,5.0,882348279.0,F,0.0,20.0,student
85.0,708.0,5.0,878963276.0,M,1.0,45.0,educator
727.0,39.0,4.0,883869889.0,M,1.0,24.0,student
796.0,685.0,4.0,875297426.0,F,0.0,40.0,artist
429.0,554.0,5.0,882345944.0,M,1.0,26.0,student
152.0,195.0,3.0,882398654.0,F,0.0,33.0,educator
889.0,491.0,4.0,888104116.0,M,1.0,23.0,administrator
425.0,845.0,4.0,880672634.0,M,1.0,18.0,student
405.0,597.0,4.0,881433296.0,F,0.0,22.0,healthcare
92.0,752.0,4.0,888104530.0,M,1.0,30.0,entertainment
586.0,596.0,3.0,888556676.0,M,1.0,20.0,student
497.0,487.0,4.0,879439188.0,M,1.0,20.0,student
880.0,927.0,3.0,886482898.0,M,1.0,11.0,student
942.0,604.0,3.0,879446490.0,M,1.0,20.0,student
757.0,1031.0,5.0,888467865.0,M,1.0,25.0,student
643.0,553.0,2.0,874951627.0,M,1.0,27.0,student
864.0,1017.0,4.0,881269077.0,M,1.0,26.0,programmer
826.0,517.0,4.0,892697011.0,M,1.0,27.0,artist
327.0,527.0,3.0,887738171.0,M,1.0,22.0,student
387.0,173.0,4.0,877889186.0,M,1.0,31.0,entertainment
592.0,300.0,3.0,888540113.0,M,1.0,18.0,student
685.0,476.0,3.0,880403467.0,M,1.0,27.0,other
532.0,50.0,3.0,879192660.0,M,1.0,18.0,student
10.0,678.0,3.0,891033512.0,M,1.0,46.0,lawyer
168.0,14.0,4.0,880180765.0,F,0.0,44.0,other
13.0,534.0,5.0,891033805.0,M,1.0,42.0,educator
373.0,1049.0,3.0,879442662.0,F,0.0,24.0,other
715.0,724.0,3.0,882349678.0,M,1.0,21.0,student
95.0,790.0,5.0,879529471.0,M,1.0,29.0,administrator
25.0,471.0,3.0,875729489.0,M,1.0,35.0,engineer
154.0,8.0,5.0,879462727.0,M,1.0,24.0,marketing
391.0,519.0,3.0,877399745.0,M,1.0,23.0,artist
650.0,773.0,4.0,891382826.0,M,1.0,38.0,engineer
450.0,4.0,5.0,881653159.0,F,0.0,35.0,educator
489.0,823.0,4.0,891485304.0,M,1.0,43.0,other
653.0,690.0,3.0,892334883.0,M,1.0,52.0,retired
782.0,825.0,4.0,884733825.0,M,1.0,29.0,student
456.0,678.0,4.0,882385591.0,M,1.0,23.0,technician
130.0,1011.0,4.0,875744088.0,M,1.0,20.0,none
891.0,648.0,5.0,891723355.0,M,1.0,51.0,administrator
870.0,934.0,4.0,884993025.0,M,1.0,22.0,student
380.0,559.0,2.0,880056453.0,M,1.0,30.0,engineer
663.0,5.0,4.0,884365187.0,F,0.0,50.0,healthcare
567.0,488.0,1.0,879714984.0,M,1.0,23.0,student
533.0,13.0,4.0,875728812.0,F,0.0,27.0,librarian
804.0,928.0,5.0,879876475.0,M,1.0,35.0,marketing
195.0,751.0,2.0,886359153.0,M,1.0,38.0,scientist
648.0,485.0,4.0,880139180.0,M,1.0,39.0,administrator
239.0,100.0,3.0,879444066.0,M,1.0,35.0,artist
514.0,257.0,3.0,876402370.0,M,1.0,21.0,programmer
49.0,527.0,3.0,880572685.0,F,0.0,22.0,student
881.0,742.0,2.0,887160446.0,M,1.0,24.0,other
365.0,9.0,5.0,879825614.0,M,1.0,27.0,lawyer
138.0,919.0,5.0,879446788.0,M,1.0,41.0,doctor
435.0,1054.0,4.0,876407202.0,M,1.0,23.0,engineer
394.0,859.0,3.0,875730072.0,M,1.0,24.0,administrator
181.0,751.0,4.0,884304519.0,M,1.0,25.0,executive
642.0,905.0,5.0,886030405.0,F,0.0,17.0,student
508.0,568.0,4.0,876525774.0,M,1.0,26.0,marketing
682.0,678.0,4.0,888478831.0,M,1.0,23.0,programmer
97.0,782.0,3.0,875295617.0,M,1.0,35.0,artist
16.0,662.0,5.0,891205004.0,M,1.0,21.0,entertainment
661.0,559.0,4.0,888907499.0,M,1.0,23.0,programmer
757.0,472.0,3.0,879441349.0,F,0.0,36.0,student
902.0,431.0,4.0,891201796.0,F,0.0,35.0,scientist
689.0,1082.0,1.0,891353034.0,M,1.0,38.0,administrator
130.0,928.0,4.0,875332802.0,F,0.0,20.0,none
118.0,766.0,4.0,888806524.0,M,1.0,28.0,administrator
659.0,686.0,4.0,891545950.0,F,0.0,49.0,librarian
497.0,9.0,5.0,878346892.0,M,1.0,20.0,student
921.0,751.0,3.0,889387771.0,M,1.0,20.0,student
308.0,300.0,5.0,884495273.0,M,1.0,52.0,retired
640.0,4.0,3.0,887157772.0,M,1.0,17.0,student
621.0,935.0,5.0,884121255.0,M,1.0,17.0,student
654.0,1048.0,3.0,875742749.0,M,1.0,27.0,student
288.0,658.0,4.0,887743165.0,M,1.0,31.0,marketing
615.0,1030.0,2.0,889739678.0,M,1.0,35.0,educator
815.0,1023.0,3.0,878697230.0,M,1.0,34.0,other
514.0,733.0,2.0,881654540.0,M,1.0,26.0,student
500.0,628.0,4.0,883327799.0,M,1.0,27.0,administrator
707.0,471.0,3.0,885599470.0,F,0.0,56.0,librarian
233.0,528.0,3.0,876403668.0,M,1.0,35.0,writer
326.0,931.0,4.0,877108398.0,M,1.0,37.0,administrator
758.0,13.0,4.0,883697011.0,M,1.0,26.0,programmer
847.0,151.0,3.0,882607690.0,M,1.0,27.0,student
234.0,719.0,3.0,891036489.0,F,0.0,52.0,other
445.0,568.0,5.0,891722271.0,M,1.0,31.0,writer
259.0,1351.0,3.0,874730484.0,M,1.0,21.0,student
89.0,676.0,2.0,880844735.0,M,1.0,43.0,administrator
387.0,11.0,4.0,877104220.0,M,1.0,31.0,entertainment
216.0,394.0,4.0,875504612.0,M,1.0,22.0,engineer
145.0,697.0,4.0,877719206.0,M,1.0,29.0,entertainment
456.0,756.0,3.0,878697464.0,M,1.0,23.0,technician
495.0,9.0,5.0,876535778.0,M,1.0,27.0,engineer
165.0,64.0,4.0,877561637.0,F,0.0,20.0,none
798.0,710.0,5.0,881171259.0,F,0.0,40.0,none
145.0,591.0,4.0,877719206.0,M,1.0,29.0,entertainment
285.0,1073.0,5.0,891548976.0,M,1.0,24.0,programmer
592.0,663.0,5.0,875243398.0,M,1.0,18.0,student
456.0,682.0,2.0,882608813.0,M,1.0,23.0,technician
437.0,597.0,3.0,878185057.0,F,0.0,27.0,other
793.0,566.0,4.0,880235342.0,M,1.0,28.0,student
717.0,1134.0,5.0,879232901.0,M,1.0,21.0,homemaker
201.0,842.0,5.0,878962200.0,M,1.0,26.0,artist
338.0,531.0,5.0,891033731.0,F,0.0,30.0,librarian
393.0,751.0,3.0,874873703.0,F,0.0,18.0,student
244.0,682.0,2.0,885808319.0,M,1.0,27.0,technician
846.0,889.0,4.0,883949255.0,M,1.0,26.0,lawyer
801.0,926.0,3.0,879899125.0,M,1.0,35.0,other
472.0,7.0,5.0,879543030.0,M,1.0,24.0,student
307.0,603.0,4.0,881957681.0,M,1.0,24.0,writer
552.0,651.0,1.0,88321710.0,M,1.0,23.0,entertainment
534.0,528.0,5.0,876034180.0,M,1.0,20.0,student
905.0,549.0,5.0,882398932.0,F,0.0,26.0,other
604.0,744.0,3.0,883327201.0,F,0.0,26.0,healthcare
782.0,681.0,4.0,875313351.0,F,0.0,21.0,programmer
643.0,692.0,3.0,888082798.0,M,1.0,26.0,programmer
716.0,151.0,4.0,879441351.0,F,0.0,50.0,administrator
474.0,835.0,3.0,887736408.0,M,1.0,45.0,scientist
320.0,709.0,1.0,879448392.0,M,1.0,18.0,student
181.0,568.0,2.0,878972385.0,M,1.0,25.0,executive
49.0,607.0,3.0,891448003.0,M,1.0,20.0,student
1.0,127.0,4.0,880130411.0,M,1.0,23.0,technician
450.0,541.0,4.0,879449089.0,F,0.0,30.0,educator
932.0,589.0,5.0,881450810.0,M,1.0,50.0,educator
224.0,758.0,5.0,887158929.0,F,0.0,31.0,educator
486.0,56.0,3.0,878882002.0,F,0.0,50.0,educator
466.0,856.0,4.0,888557277.0,M,1.0,22.0,student
540.0,513.0,3.0,885852353.0,M,1.0,27.0,engineer
479.0,100.0,4.0,879304113.0,M,1.0,22.0,educator
704.0,715.0,4.0,879447782.0,M,1.0,35.0,educator
299.0,1168.0,2.0,880054782.0,M,1.0,27.0,healthcare
426.0,1039.0,4.0,891034007.0,M,1.0,47.0,educator
123.0,732.0,4.0,875129788.0,F,0.0,29.0,entertainment
416.0,685.0,4.0,886282567.0,M,1.0,20.0,student
591.0,746.0,5.0,875073067.0,F,0.0,20.0,student
13.0,981.0,3.0,874953419.0,M,1.0,42.0,educator
7.0,603.0,4.0,891036781.0,M,1.0,50.0,administrator
757.0,1074.0,5.0,879991213.0,M,1.0,20.0,none
650.0,1167.0,5.0,875729667.0,M,1.0,38.0,engineer
897.0,549.0,4.0,879993519.0,M,1.0,28.0,other
541.0,100.0,5.0,883876731.0,M,1.0,18.0,student
391.0,472.0,3.0,889125072.0,M,1.0,23.0,student
790.0,5.0,2.0,878179977.0,F,0.0,26.0,homemaker
897.0,1058.0,4.0,878855723.0,M,1.0,27.0,other
405.0,1110.0,4.0,884131049.0,F,0.0,22.0,healthcare
538.0,515.0,3.0,891494704.0,M,1.0,33.0,engineer
621.0,945.0,3.0,888479988.0,M,1.0,17.0,student
344.0,678.0,2.0,891035824.0,F,0.0,30.0,librarian
293.0,1281.0,4.0,888905865.0,M,1.0,23.0,writer
524.0,559.0,3.0,879446445.0,M,1.0,45.0,educator
405.0,685.0,2.0,884304870.0,F,0.0,22.0,healthcare
184.0,923.0,4.0,889907972.0,M,1.0,34.0,librarian
883.0,508.0,4.0,880308278.0,M,1.0,53.0,librarian
840.0,485.0,5.0,891034007.0,M,1.0,35.0,artist
246.0,276.0,2.0,888956974.0,M,1.0,18.0,student
92.0,748.0,1.0,875653320.0,M,1.0,30.0,entertainment
532.0,705.0,4.0,889737992.0,M,1.0,20.0,student
421.0,732.0,4.0,879441241.0,F,0.0,38.0,programmer
806.0,676.0,1.0,879221594.0,M,1.0,21.0,salesman
330.0,300.0,4.0,891305210.0,F,0.0,35.0,educator
705.0,651.0,4.0,880136552.0,F,0.0,17.0,student
561.0,1009.0,3.0,884477592.0,M,1.0,23.0,engineer
23.0,514.0,3.0,888539802.0,M,1.0,30.0,artist
663.0,659.0,4.0,879119579.0,F,0.0,48.0,healthcare
10.0,15.0,4.0,883708547.0,M,1.0,46.0,lawyer
514.0,511.0,4.0,879875774.0,M,1.0,24.0,programmer
682.0,508.0,5.0,888069359.0,M,1.0,23.0,programmer
825.0,64.0,5.0,879529578.0,M,1.0,38.0,engineer
671.0,100.0,2.0,891722781.0,M,1.0,24.0,other
790.0,64.0,3.0,892502525.0,M,1.0,27.0,technician
223.0,984.0,4.0,878574917.0,F,0.0,25.0,student
328.0,172.0,4.0,879110818.0,M,1.0,43.0,administrator
425.0,8.0,2.0,882385294.0,M,1.0,18.0,student
468.0,569.0,4.0,885848013.0,M,1.0,27.0,engineer
862.0,245.0,3.0,889502841.0,M,1.0,27.0,executive
940.0,1028.0,3.0,880334430.0,F,0.0,30.0,administrator
254.0,763.0,2.0,879192667.0,M,1.0,39.0,educator
455.0,615.0,4.0,881108425.0,M,1.0,42.0,administrator
601.0,541.0,3.0,874787597.0,F,0.0,18.0,artist
546.0,603.0,2.0,886841549.0,M,1.0,28.0,programmer
696.0,1090.0,2.0,878963205.0,M,1.0,24.0,writer
312.0,186.0,3.0,883390609.0,F,0.0,30.0,other
561.0,924.0,3.0,882157665.0,M,1.0,23.0,engineer
125.0,781.0,5.0,891478529.0,M,1.0,28.0,lawyer
287.0,12.0,5.0,884124977.0,M,1.0,32.0,salesman
417.0,742.0,4.0,882956551.0,M,1.0,27.0,other
645.0,597.0,4.0,884585195.0,M,1.0,26.0,programmer
178.0,658.0,2.0,884628461.0,M,1.0,25.0,other
711.0,815.0,5.0,879521813.0,F,0.0,27.0,librarian
847.0,472.0,3.0,878759758.0,M,1.0,27.0,student
435.0,461.0,4.0,880314366.0,M,1.0,23.0,engineer
447.0,118.0,4.0,879362202.0,M,1.0,48.0,other
722.0,742.0,4.0,878856498.0,F,0.0,32.0,writer
536.0,14.0,3.0,884131095.0,M,1.0,35.0,scientist
417.0,7.0,2.0,889387965.0,F,0.0,27.0,other
250.0,423.0,5.0,886920942.0,M,1.0,27.0,executive
313.0,237.0,5.0,891199117.0,M,1.0,37.0,marketing
719.0,511.0,4.0,879190847.0,F,0.0,31.0,other
145.0,546.0,3.0,886832204.0,M,1.0,29.0,entertainment
323.0,473.0,3.0,882385294.0,M,1.0,21.0,student
13.0,496.0,5.0,879440940.0,M,1.0,42.0,educator
749.0,186.0,4.0,875971931.0,M,1.0,31.0,other
327.0,195.0,3.0,887744375.0,M,1.0,22.0,student
721.0,639.0,3.0,893218159.0,F,0.0,24.0,entertainment
634.0,8.0,3.0,885843700.0,M,1.0,35.0,engineer
244.0,1147.0,1.0,885157729.0,M,1.0,31.0,technician
894.0,1423.0,4.0,880134296.0,M,1.0,42.0,educator
122.0,609.0,4.0,875990600.0,F,0.0,16.0,none
504.0,15.0,3.0,887161327.0,F,0.0,27.0,writer
425.0,1111.0,4.0,879459187.0,M,1.0,18.0,student
721.0,603.0,4.0,877386983.0,M,1.0,24.0,entertainment
757.0,474.0,3.0,881972760.0,M,1.0,25.0,student
768.0,578.0,4.0,879012657.0,M,1.0,27.0,administrator
201.0,829.0,4.0,884304625.0,F,0.0,26.0,programmer
268.0,541.0,2.0,879424784.0,M,1.0,23.0,engineer
198.0,202.0,4.0,879540112.0,F,0.0,21.0,student
13.0,659.0,5.0,884064369.0,M,1.0,42.0,educator
123.0,22.0,3.0,892791062.0,F,0.0,48.0,artist
83.0,471.0,4.0,879521363.0,M,1.0,36.0,other
603.0,585.0,4.0,885690600.0,M,1.0,22.0,programmer
314.0,1011.0,3.0,877400037.0,M,1.0,20.0,student
833.0,679.0,4.0,878183094.0,M,1.0,31.0,writer
303.0,744.0,4.0,879454630.0,M,1.0,18.0,student
267.0,527.0,4.0,890339974.0,M,1.0,23.0,engineer
455.0,481.0,4.0,884366397.0,M,1.0,42.0,administrator
639.0,673.0,3.0,891205005.0,M,1.0,42.0,engineer
774.0,1085.0,5.0,880233717.0,M,1.0,28.0,student
378.0,795.0,2.0,880243525.0,M,1.0,32.0,student
524.0,665.0,3.0,879442901.0,M,1.0,49.0,educator
295.0,792.0,5.0,879466567.0,M,1.0,29.0,educator
863.0,11.0,4.0,889070058.0,M,1.0,27.0,other
429.0,841.0,2.0,880242887.0,M,1.0,26.0,student
727.0,559.0,3.0,884682468.0,M,1.0,24.0,student
8.0,871.0,5.0,879572797.0,M,1.0,33.0,marketing
474.0,1047.0,4.0,880139767.0,M,1.0,45.0,executive
788.0,509.0,3.0,882074454.0,F,0.0,45.0,administrator
95.0,1110.0,5.0,879524790.0,M,1.0,29.0,administrator
752.0,582.0,3.0,887738286.0,M,1.0,52.0,retired
689.0,477.0,4.0,890588764.0,M,1.0,24.0,other
798.0,521.0,4.0,891448004.0,F,0.0,40.0,writer
90.0,748.0,4.0,891409137.0,M,1.0,52.0,educator
137.0,684.0,4.0,888067187.0,M,1.0,35.0,educator
521.0,881.0,4.0,875045709.0,M,1.0,18.0,student
606.0,584.0,5.0,879196230.0,M,1.0,27.0,programmer
499.0,514.0,3.0,883327749.0,M,1.0,24.0,other
194.0,485.0,3.0,879192986.0,M,1.0,35.0,administrator
719.0,990.0,4.0,875121783.0,M,1.0,29.0,other
184.0,741.0,4.0,891439208.0,F,0.0,34.0,librarian
795.0,1013.0,3.0,889739527.0,M,1.0,32.0,writer
794.0,176.0,4.0,879447593.0,M,1.0,44.0,educator
158.0,541.0,4.0,886480206.0,M,1.0,44.0,educator
529.0,496.0,3.0,879424784.0,M,1.0,27.0,educator
455.0,474.0,4.0,879877433.0,M,1.0,42.0,administrator
532.0,474.0,4.0,885682552.0,M,1.0,20.0,student
433.0,923.0,3.0,880821393.0,M,1.0,26.0,artist
561.0,528.0,5.0,884133741.0,M,1.0,23.0,engineer
370.0,9.0,4.0,886533774.0,M,1.0,32.0,writer
541.0,566.0,5.0,876549808.0,F,0.0,18.0,student
405.0,12.0,1.0,889403671.0,F,0.0,22.0,healthcare
476.0,631.0,4.0,882920686.0,M,1.0,28.0,student
789.0,173.0,3.0,888957744.0,M,1.0,22.0,student
104.0,735.0,2.0,882403051.0,M,1.0,26.0,student
634.0,4.0,4.0,875663716.0,M,1.0,21.0,student
397.0,1073.0,3.0,885808060.0,M,1.0,24.0,administrator
201.0,472.0,3.0,888522210.0,M,1.0,27.0,writer
535.0,678.0,4.0,879560196.0,M,1.0,45.0,educator
99.0,781.0,4.0,882383044.0,M,1.0,20.0,student
650.0,546.0,3.0,891447476.0,M,1.0,38.0,engineer
878.0,639.0,4.0,879874983.0,F,0.0,51.0,administrator
653.0,595.0,2.0,882426584.0,M,1.0,24.0,executive
561.0,945.0,4.0,884125608.0,F,0.0,18.0,student
62.0,449.0,5.0,879309939.0,M,1.0,54.0,administrator
87.0,628.0,2.0,879196762.0,M,1.0,42.0,administrator
399.0,9.0,4.0,882390683.0,M,1.0,24.0,other
798.0,82.0,4.0,880394939.0,F,0.0,30.0,student
5.0,462.0,5.0,879875817.0,F,0.0,33.0,other
472.0,696.0,3.0,889732581.0,M,1.0,23.0,student
334.0,875.0,4.0,891549159.0,F,0.0,30.0,librarian
313.0,924.0,4.0,891016858.0,M,1.0,37.0,other
773.0,1010.0,5.0,888556651.0,M,1.0,20.0,student
181.0,783.0,5.0,878961664.0,M,1.0,25.0,technician
87.0,474.0,5.0,879793773.0,M,1.0,42.0,administrator
308.0,357.0,3.0,887744328.0,M,1.0,52.0,retired
835.0,328.0,2.0,880572435.0,F,0.0,44.0,other
328.0,1042.0,4.0,877910843.0,M,1.0,45.0,administrator
761.0,473.0,4.0,888521949.0,F,0.0,17.0,student
579.0,546.0,4.0,886030552.0,M,1.0,29.0,entertainment
161.0,431.0,2.0,879901458.0,M,1.0,44.0,lawyer
514.0,696.0,5.0,879447713.0,F,0.0,27.0,other
450.0,483.0,4.0,879454611.0,F,0.0,29.0,educator
908.0,662.0,3.0,876266982.0,M,1.0,26.0,other
104.0,392.0,5.0,880604648.0,M,1.0,26.0,student
6.0,568.0,5.0,874787581.0,M,1.0,38.0,engineer
151.0,98.0,4.0,879435598.0,F,0.0,42.0,administrator
737.0,673.0,3.0,879446534.0,F,0.0,36.0,other
58260.0,11.0,4.0,888906669.0,M,1.0,23.0,student
311.0,471.0,4.0,884294577.0,M,1.0,30.0,technician
58.0,478.0,4.0,888639901.0,M,1.0,26.0,programmer
393.0,100.0,3.0,888629556.0,M,1.0,18.0,student
435.0,956.0,4.0,880242537.0,M,1.0,23.0,technician
474.0,872.0,4.0,887736992.0,M,1.0,45.0,executive
521.0,517.0,5.0,875287826.0,M,1.0,17.0,student
280.0,173.0,3.0,890862527.0,F,0.0,28.0,librarian
130.0,1008.0,4.0,881372938.0,F,0.0,20.0,none
308.0,15.0,5.0,887735960.0,M,1.0,52.0,retired
407.0,1034.0,4.0,876190753.0,M,1.0,27.0,engineer
269.0,578.0,4.0,891388350.0,F,0.0,31.0,librarian
200.0,689.0,4.0,880870827.0,M,1.0,36.0,programmer
916.0,659.0,5.0,887059212.0,M,1.0,26.0,engineer
724.0,566.0,3.0,882961082.0,M,1.0,27.0,executive
85.0,742.0,5.0,879454400.0,M,1.0,45.0,educator
181.0,895.0,4.0,878962569.0,M,1.0,25.0,executive
185.0,1052.0,4.0,889906967.0,F,0.0,51.0,librarian
561.0,825.0,4.0,882063917.0,M,1.0,23.0,engineer
165.0,628.0,4.0,882956164.0,F,0.0,18.0,other
629.0,14.0,4.0,880332952.0,F,0.0,45.0,engineer
603.0,846.0,4.0,879446637.0,M,1.0,32.0,librarian
279.0,715.0,2.0,875248863.0,M,1.0,31.0,programmer
592.0,652.0,1.0,882426644.0,M,1.0,18.0,student
796.0,546.0,1.0,875809040.0,M,1.0,32.0,writer
637.0,101.0,3.0,883875460.0,M,1.0,28.0,student
900.0,569.0,4.0,884302562.0,M,1.0,52.0,retired
394.0,742.0,2.0,888806061.0,M,1.0,22.0,student
87.0,1049.0,4.0,879874554.0,M,1.0,42.0,educator
606.0,473.0,4.0,891450182.0,M,1.0,41.0,programmer
321.0,1139.0,3.0,889655820.0,F,0.0,36.0,educator
222.0,679.0,3.0,886030791.0,M,1.0,27.0,programmer
279.0,56.0,4.0,881109375.0,M,1.0,31.0,programmer
758.0,585.0,2.0,888443297.0,M,1.0,26.0,student
334.0,7.0,5.0,891435003.0,M,1.0,30.0,librarian
243.0,696.0,4.0,879442683.0,M,1.0,31.0,educator
655.0,481.0,1.0,878972916.0,F,0.0,50.0,healthcare
60.0,955.0,4.0,884364269.0,M,1.0,44.0,healthcare
488.0,7.0,4.0,879448699.0,M,1.0,49.0,educator
62.0,7.0,4.0,877892869.0,F,0.0,27.0,administrator
118.0,1029.0,4.0,876250781.0,F,0.0,27.0,administrator
834.0,1047.0,5.0,880476476.0,M,1.0,23.0,engineer
69.0,528.0,3.0,888104396.0,M,1.0,23.0,student
883.0,895.0,4.0,891447653.0,M,1.0,43.0,librarian
830.0,4.0,5.0,879458965.0,M,1.0,46.0,programmer
892.0,1492.0,3.0,884129930.0,M,1.0,33.0,marketing
456.0,473.0,3.0,882075274.0,M,1.0,23.0,technician
693.0,7.0,3.0,880144194.0,M,1.0,39.0,programmer
922.0,496.0,4.0,887043060.0,F,0.0,29.0,student
833.0,111.0,5.0,833191671.0,M,1.0,31.0,marketing
13.0,509.0,4.0,891032314.0,M,1.0,42.0,writer
653.0,945.0,5.0,888066705.0,M,1.0,29.0,executive
305.0,744.0,5.0,884132453.0,M,1.0,23.0,programmer
916.0,671.0,3.0,877195532.0,M,1.0,36.0,engineer
727.0,978.0,2.0,883711869.0,M,1.0,24.0,student
435.0,681.0,2.0,884365886.0,M,1.0,23.0,engineer
7.0,988.0,3.0,890588231.0,F,0.0,50.0,administrator
6.0,446.0,5.0,889731699.0,M,1.0,38.0,executive
860.0,888.0,5.0,886398878.0,F,0.0,27.0,administrator
90.0,692.0,4.0,891201342.0,M,1.0,30.0,educator
606.0,1213.0,1.0,883601307.0,M,1.0,27.0,other
712.0,1016.0,4.0,876539147.0,F,0.0,22.0,student
308.0,847.0,2.0,884494238.0,M,1.0,52.0,retired
671.0,531.0,4.0,887038665.0,M,1.0,24.0,programmer
532.0,513.0,3.0,877017961.0,M,1.0,20.0,student
429.0,523.0,4.0,882385591.0,M,1.0,26.0,student
805.0,514.0,3.0,880180612.0,F,0.0,27.0,other
666.0,748.0,4.0,880563471.0,M,1.0,39.0,administrator
49.0,1084.0,4.0,87979362112.0,M,1.0,20.0,student
11.0,174.0,4.0,879365101.0,F,0.0,39.0,other
432.0,302.0,1.0,875655024.0,M,1.0,22.0,entertainment
551.0,12.0,4.0,875272626.0,M,1.0,24.0,programmer
682.0,689.0,4.0,875725927.0,M,1.0,23.0,programmer
899.0,735.0,4.0,875289472.0,M,1.0,30.0,other
303.0,879.0,3.0,879484172.0,M,1.0,18.0,student
293.0,651.0,3.0,887666926.0,M,1.0,23.0,writer
447.0,1074.0,4.0,881450850.0,F,0.0,50.0,other
381.0,5.0,3.0,882399003.0,M,1.0,24.0,artist
918.0,1045.0,5.0,887822220.0,M,1.0,36.0,scientist
357.0,685.0,3.0,879384471.0,M,1.0,32.0,executive
271.0,15.0,4.0,885870115.0,M,1.0,45.0,engineer
606.0,742.0,4.0,884131285.0,M,1.0,27.0,programmer
716.0,12.0,3.0,879523462.0,M,1.0,36.0,administrator
115.0,696.0,2.0,882388164.0,M,1.0,39.0,engineer
827.0,10.0,4.0,879467304.0,M,1.0,27.0,other
895.0,966.0,3.0,885158326.0,M,1.0,25.0,other
267.0,8.0,4.0,889179544.0,M,1.0,23.0,engineer
748.0,237.0,3.0,875287828.0,M,1.0,38.0,administrator
374.0,748.0,5.0,879440628.0,M,1.0,33.0,educator
542.0,831.0,4.0,892683824.0,M,1.0,21.0,student
442.0,821.0,3.0,877111154.0,M,1.0,22.0,student
421.0,471.0,3.0,875727463.0,F,0.0,38.0,programmer
781.0,7.0,3.0,878961618.0,M,1.0,40.0,student
109.0,519.0,3.0,879443686.0,M,1.0,24.0,other
328.0,1408.0,4.0,885075497.0,M,1.0,45.0,administrator
328.0,1018.0,4.0,885048333.0,M,1.0,45.0,administrator
919.0,709.0,3.0,8864749087.0,M,1.0,26.0,other
932.0,943.0,4.0,879546292.0,F,0.0,50.0,educator
407.0,153.0,4.0,878697440.0,M,1.0,27.0,engineer
717.0,1028.0,1.0,881374889.0,M,1.0,23.0,technician
621.0,582.0,5.0,875744403.0,M,1.0,35.0,executive
406.0,628.0,4.0,879446655.0,M,1.0,46.0,educator
312.0,663.0,4.0,879786973.0,M,1.0,42.0,other
393.0,678.0,4.0,887739669.0,M,1.0,18.0,student
836.0,945.0,4.0,878962200.0,M,1.0,35.0,artist
7.0,50.0,4.0,891496897.0,M,1.0,50.0,administrator
503.0,479.0,3.0,885849343.0,F,0.0,50.0,writer
921.0,684.0,3.0,877137585.0,M,1.0,20.0,student
385.0,948.0,4.0,879440787.0,M,1.0,33.0,writer
514.0,127.0,4.0,892053613.0,M,1.0,26.0,programmer
533.0,622.0,3.0,891386380.0,M,1.0,39.0,librarian
678.0,561.0,4.0,879543651.0,F,0.0,27.0,student
90.0,534.0,4.0,891384976.0,M,1.0,52.0,educator
769.0,513.0,5.0,888479677.0,M,1.0,28.0,other
781.0,846.0,5.0,876769594.0,F,0.0,25.0,student
405.0,472.0,3.0,884364688.0,F,0.0,22.0,healthcare
1.0,471.0,3.0,891445480.0,M,1.0,23.0,technician
709.0,1047.0,1.0,893213929.0,F,0.0,56.0,librarian
759.0,1273.0,5.0,877133614.0,M,1.0,20.0,student
883.0,569.0,4.0,891035307.0,M,1.0,43.0,librarian
90.0,471.0,4.0,891385470.0,M,1.0,52.0,educator
144.0,518.0,4.0,883949380.0,M,1.0,40.0,programmer
363.0,604.0,2.0,879786944.0,M,1.0,20.0,student
795.0,496.0,4.0,888889657.0,M,1.0,28.0,programmer
843.0,735.0,2.0,879447955.0,M,1.0,32.0,librarian
268.0,875.0,3.0,887038057.0,M,1.0,23.0,engineer
254.0,531.0,2.0,878140953.0,F,0.0,39.0,educator
123.0,447.0,2.0,882567294.0,F,0.0,26.0,artist
542.0,684.0,4.0,882911295.0,M,1.0,15.0,student
293.0,596.0,5.0,888549376.0,M,1.0,23.0,writer
916.0,462.0,3.0,887066143.0,M,1.0,26.0,engineer
837.0,876.0,3.0,888556947.0,F,0.0,23.0,writer
682.0,449.0,3.0,876344758.0,M,1.0,23.0,programmer
286.0,7.0,3.0,889730068.0,M,1.0,26.0,student
573.0,678.0,5.0,887736843.0,M,1.0,59.0,retired
493.0,101.0,4.0,891013773.0,M,1.0,43.0,other
619.0,942.0,4.0,886988706.0,M,1.0,18.0,student
659.0,50.0,4.0,891383524.0,M,1.0,29.0,educator
450.0,841.0,5.0,880134532.0,F,0.0,35.0,educator
543.0,662.0,3.0,885921351.0,M,1.0,31.0,scientist
303.0,9.0,3.0,879467413.0,M,1.0,18.0,student
62.0,556.0,3.0,879521479.0,F,0.0,38.0,administrator
321.0,7.0,4.0,891035625.0,F,0.0,49.0,educator
851.0,685.0,5.0,886989440.0,M,1.0,18.0,other
825.0,676.0,3.0,878951984.0,M,1.0,31.0,engineer
474.0,527.0,4.0,889067313.0,M,1.0,45.0,executive
796.0,12.0,3.0,879222465.0,F,0.0,32.0,writer
308.0,692.0,4.0,887736116.0,M,1.0,52.0,retired
450.0,566.0,3.0,881514811.0,F,0.0,35.0,educator
385.0,7.0,3.0,875984874.0,M,1.0,33.0,writer
502.0,675.0,4.0,888886919.0,M,1.0,22.0,student
804.0,100.0,5.0,879454023.0,M,1.0,35.0,educator
603.0,856.0,3.0,876348583.0,M,1.0,21.0,programmer
201.0,513.0,4.0,886396938.0,M,1.0,26.0,writer
748.0,761.0,3.0,891384152.0,M,1.0,38.0,programmer
872.0,234.0,5.0,886989440.0,M,1.0,18.0,student
403.0,56.0,2.0,879441453.0,M,1.0,38.0,other
387.0,111.0,5.0,886480578.0,M,1.0,31.0,entertainment
409.0,709.0,4.0,879786668.0,M,1.0,42.0,administrator
880.0,9.0,3.0,880571659.0,M,1.0,26.0,student
741.0,552.0,4.0,891386322.0,M,1.0,24.0,writer
472.0,531.0,5.0,885809050.0,M,1.0,23.0,student
747.0,1039.0,3.0,884365841.0,M,1.0,18.0,student
87.0,956.0,3.0,875242969.0,M,1.0,42.0,administrator
13.0,685.0,5.0,882387604.0,M,1.0,42.0,educator
318.0,64.0,2.0,887745614.0,M,1.0,70.0,retired
747.0,9.0,4.0,875640291.0,M,1.0,18.0,other
618.0,927.0,5.0,889171247.0,M,1.0,21.0,student
653.0,567.0,4.0,881955387.0,M,1.0,29.0,executive
659.0,684.0,4.0,891034201.0,M,1.0,59.0,librarian
151.0,12.0,4.0,879304871.0,F,0.0,38.0,administrator
479.0,697.0,5.0,889737889.0,M,1.0,27.0,educator
357.0,521.0,3.0,877892159.0,M,1.0,33.0,executive
269.0,1215.0,5.0,891497156.0,F,0.0,31.0,librarian
815.0,11.0,3.0,888103957.0,M,1.0,30.0,other
87.0,517.0,3.0,879521074.0,M,1.0,42.0,administrator
788.0,679.0,3.0,888632584.0,M,1.0,30.0,other
870.0,775.0,4.0,880603377.0,M,1.0,22.0,student
194.0,739.0,3.0,879435598.0,M,1.0,35.0,administrator
889.0,50.0,3.0,880177857.0,M,1.0,23.0,technician
592.0,483.0,4.0,883601011.0,M,1.0,18.0,student
551.0,644.0,1.0,884498396.0,M,1.0,24.0,programmer
880.0,482.0,2.0,884715348.0,M,1.0,11.0,student
13.0,690.0,4.0,883709641.0,M,1.0,42.0,writer
738.0,762.0,4.0,879447818.0,M,1.0,23.0,technician
303.0,874.0,1.0,889121572.0,M,1.0,18.0,student
738.0,506.0,2.0,889402390.0,M,1.0,23.0,technician
99.0,762.0,3.0,888538416.0,M,1.0,20.0,student
619.0,956.0,4.0,887911391.0,M,1.0,24.0,other
380.0,127.0,4.0,882350443.0,M,1.0,30.0,engineer
903.0,656.0,5.0,879441474.0,M,1.0,27.0,educator
532.0,895.0,3.0,875731814.0,M,1.0,35.0,engineer
389.0,631.0,5.0,879446489.0,F,0.0,44.0,lawyer
655.0,1013.0,4.0,877108425.0,F,0.0,50.0,healthcare
892.0,245.0,3.0,888888917.0,M,1.0,33.0,other
709.0,527.0,2.0,889289618.0,M,1.0,22.0,student
244.0,721.0,3.0,880247053.0,M,1.0,27.0,technician
773.0,607.0,4.0,879445879.0,M,1.0,20.0,student
268.0,118.0,4.0,877635823.0,M,1.0,23.0,engineer
435.0,588.0,3.0,888892016.0,M,1.0,23.0,programmer
398.0,222.0,3.0,881372254.0,M,1.0,36.0,other
398.0,742.0,3.0,876406646.0,M,1.0,34.0,other
880.0,813.0,4.0,880124333.0,M,1.0,11.0,student
782.0,14.0,3.0,882604550.0,F,0.0,21.0,artist
145.0,604.0,2.0,875656049.0,M,1.0,29.0,entertainment
896.0,754.0,4.0,876534752.0,M,1.0,27.0,writer
707.0,117.0,4.0,885809787.0,F,0.0,56.0,librarian
343.0,7.0,5.0,876403546.0,M,1.0,39.0,engineer
727.0,1147.0,4.0,888479939.0,M,1.0,24.0,student
707.0,553.0,3.0,891517215.0,F,0.0,51.0,librarian
250.0,676.0,4.0,879993886.0,M,1.0,27.0,programmer
314.0,514.0,5.0,891497587.0,F,0.0,20.0,student
823.0,932.0,5.0,888104586.0,F,0.0,31.0,librarian
541.0,659.0,3.0,877564031.0,M,1.0,20.0,student
472.0,7.0,5.0,882078972.0,F,0.0,23.0,student
839.0,873.0,3.0,879452600.0,F,0.0,37.0,administrator
318.0,719.0,3.0,884496028.0,M,1.0,56.0,retired
524.0,485.0,5.0,880153423.0,M,1.0,50.0,educator
327.0,7.0,3.0,887739375.0,M,1.0,22.0,student
719.0,1134.0,5.0,879466116.0,M,1.0,27.0,other
717.0,423.0,3.0,884122072.0,F,0.0,27.0,artist
711.0,516.0,4.0,881107155.0,F,0.0,22.0,student
841.0,518.0,4.0,879897292.0,M,1.0,46.0,librarian
347.0,651.0,5.0,88698912.0,F,0.0,18.0,student
592.0,117.0,3.0,880928745.0,M,1.0,16.0,student
705.0,8.0,5.0,893214332.0,M,1.0,26.0,programmer
399.0,892.0,4.0,882396955.0,M,1.0,24.0,other
1.0,724.0,4.0,888704066.0,M,1.0,23.0,technician
174.0,682.0,5.0,885848448.0,F,0.0,30.0,administrator
640.0,751.0,4.0,882387685.0,F,0.0,20.0,student
393.0,739.0,4.0,887911583.0,M,1.0,18.0,student
268.0,566.0,5.0,884105813.0,M,1.0,23.0,engineer
617.0,100.0,4.0,888103971.0,F,0.0,36.0,writer
268.0,662.0,4.0,888635599.0,M,1.0,23.0,engineer
484.0,678.0,5.0,891036707.0,M,1.0,41.0,healthcare
334.0,863.0,4.0,891636754.0,F,0.0,30.0,librarian
659.0,186.0,5.0,881957681.0,M,1.0,29.0,educator
537.0,1066.0,3.0,886030706.0,M,1.0,33.0,engineer
886.0,50.0,4.0,879570233.0,M,1.0,36.0,engineer
92.0,528.0,5.0,875654826.0,M,1.0,30.0,entertainment
234.0,11.0,3.0,891199804.0,M,1.0,52.0,retired
13.0,237.0,4.0,891723057.0,M,1.0,42.0,educator
660.0,821.0,4.0,889235993.0,M,1.0,25.0,other
881.0,864.0,5.0,879876891.0,M,1.0,18.0,student
524.0,652.0,3.0,879466415.0,M,1.0,49.0,educator
417.0,11.0,5.0,879460104.0,F,0.0,27.0,marketing
405.0,467.0,3.0,879454400.0,F,0.0,22.0,healthcare
374.0,656.0,5.0,882669213.0,M,1.0,33.0,executive
804.0,941.0,3.0,879783388.0,M,1.0,35.0,educator
401.0,748.0,2.0,884124077.0,F,0.0,30.0,administrator
705.0,173.0,2.0,891699655.0,F,0.0,21.0,student
896.0,752.0,4.0,880128296.0,M,1.0,23.0,programmer
919.0,939.0,5.0,891352303.0,M,1.0,26.0,other
532.0,121.0,5.0,874873703.0,M,1.0,20.0,student
682.0,934.0,4.0,875279153.0,M,1.0,23.0,programmer
711.0,597.0,4.0,878371246.0,F,0.0,36.0,programmer
447.0,7.0,5.0,880167435.0,M,1.0,27.0,administrator
847.0,949.0,4.0,879554630.0,M,1.0,22.0,student
85.0,589.0,3.0,879793468.0,M,1.0,45.0,educator
653.0,651.0,4.0,879441335.0,M,1.0,29.0,educator
463.0,652.0,4.0,879448604.0,F,0.0,48.0,librarian
559.0,474.0,3.0,888104539.0,M,1.0,59.0,educator
286.0,896.0,3.0,876531511.0,M,1.0,26.0,student
759.0,732.0,3.0,881977428.0,M,1.0,26.0,student
887.0,1090.0,2.0,880242537.0,M,1.0,10.0,student
887.0,423.0,3.0,87581147.0,F,0.0,10.0,student
303.0,559.0,4.0,888104689.0,M,1.0,18.0,student
457.0,516.0,4.0,888067155.0,M,1.0,33.0,salesman
168.0,923.0,4.0,882567100.0,M,1.0,42.0,other
640.0,1033.0,4.0,880134296.0,M,1.0,20.0,student
268.0,1068.0,3.0,876231899.0,M,1.0,23.0,engineer
280.0,940.0,4.0,885159865.0,F,0.0,30.0,librarian
883.0,648.0,4.0,891033805.0,F,0.0,43.0,librarian
648.0,174.0,4.0,883865624.0,M,1.0,39.0,engineer
207.0,844.0,4.0,879012622.0,F,0.0,35.0,marketing
234.0,689.0,3.0,891260754.0,M,1.0,52.0,retired
614.0,687.0,4.0,879455049.0,F,0.0,10.0,student
919.0,546.0,2.0,875463340.0,M,1.0,24.0,other
653.0,15.0,4.0,886475682.0,M,1.0,29.0,executive
653.0,482.0,5.0,880181623.0,M,1.0,29.0,executive
886.0,603.0,3.0,886479771.0,M,1.0,20.0,student
634.0,597.0,2.0,875982383.0,M,1.0,35.0,engineer
486.0,841.0,5.0,891288574.0,M,1.0,25.0,educator
456.0,517.0,4.0,877706059.0,M,1.0,23.0,technician
466.0,518.0,5.0,875724714.0,M,1.0,22.0,student
676.0,591.0,2.0,882426669.0,M,1.0,31.0,programmer
303.0,10.0,4.0,879455037.0,M,1.0,18.0,student
548.0,1073.0,1.0,879444763.0,M,1.0,45.0,educator
500.0,934.0,5.0,882387069.0,M,1.0,27.0,administrator
754.0,710.0,4.0,879454400.0,M,1.0,29.0,librarian
119.0,696.0,4.0,891293494.0,M,1.0,30.0,programmer
634.0,845.0,4.0,887745844.0,M,1.0,22.0,student
637.0,663.0,5.0,879447931.0,M,1.0,27.0,other
345.0,874.0,2.0,891448550.0,F,0.0,28.0,librarian
406.0,515.0,4.0,880139679.0,M,1.0,46.0,educator
905.0,813.0,1.0,882621694.0,M,1.0,36.0,educator
933.0,15.0,3.0,880867890.0,M,1.0,23.0,student
455.0,7.0,5.0,879447545.0,M,1.0,42.0,administrator
508.0,8.0,4.0,874831351.0,F,0.0,16.0,none
102.0,7.0,3.0,879443353.0,M,1.0,35.0,programmer
815.0,582.0,4.0,878972766.0,M,1.0,30.0,educator
279.0,13.0,3.0,891034007.0,M,1.0,31.0,programmer
537.0,588.0,3.0,875346565.0,F,0.0,33.0,salesman
399.0,1084.0,4.0,882389179.0,M,1.0,24.0,other
631.0,302.0,4.0,874950232.0,M,1.0,49.0,educator
846.0,7.0,5.0,883904649.0,M,1.0,26.0,lawyer
451.0,328.0,5.0,879873959.0,F,0.0,18.0,student
164.0,1011.0,4.0,883372151.0,M,1.0,41.0,healthcare
648.0,673.0,1.0,881171488.0,M,1.0,39.0,engineer
870.0,873.0,4.0,888518005.0,M,1.0,22.0,student
514.0,877.0,5.0,887642281.0,M,1.0,21.0,programmer
896.0,515.0,4.0,880585904.0,M,1.0,24.0,other
221.0,471.0,4.0,875289719.0,M,1.0,18.0,student
796.0,9.0,5.0,888549802.0,F,0.0,23.0,artist
735.0,11.0,3.0,880571849.0,M,1.0,38.0,executive
500.0,931.0,4.0,891369220.0,F,0.0,27.0,administrator
385.0,12.0,5.0,879445053.0,M,1.0,33.0,writer
889.0,582.0,4.0,884129907.0,M,1.0,23.0,technician
871.0,697.0,3.0,876535248.0,M,1.0,20.0,student
404.0,684.0,2.0,880570820.0,F,0.0,30.0,programmer
201.0,1073.0,4.0,888886987.0,M,1.0,26.0,writer
666.0,928.0,3.0,884131558.0,M,1.0,39.0,administrator
524.0,846.0,2.0,879298206.0,M,1.0,49.0,educator
894.0,831.0,3.0,889479871.0,M,1.0,42.0,educator
634.0,294.0,2.0,884636182.0,M,1.0,35.0,engineer
474.0,1028.0,3.0,891035232.0,M,1.0,45.0,executive
467.0,697.0,5.0,875746103.0,M,1.0,27.0,engineer
514.0,245.0,1.0,882955978.0,M,1.0,26.0,programmer
564.0,628.0,4.0,879539951.0,M,1.0,56.0,retired
722.0,11.0,5.0,884183016.0,F,0.0,38.0,entertainment
435.0,566.0,4.0,883349162.0,M,1.0,23.0,engineer
586.0,662.0,4.0,886394616.0,M,1.0,30.0,educator
207.0,905.0,4.0,882388159.0,M,1.0,35.0,marketing
693.0,988.0,4.0,875246576.0,M,1.0,43.0,healthcare
99.0,181.0,4.0,879875432.0,M,1.0,20.0,student
676.0,7.0,5.0,880472534.0,M,1.0,28.0,programmer
91.0,515.0,4.0,892535182.0,M,1.0,52.0,marketing
885.0,56.0,4.0,888069636.0,F,0.0,30.0,other
453.0,627.0,4.0,883530342.0,M,1.0,22.0,student
181.0,689.0,3.0,879366590.0,M,1.0,25.0,executive
456.0,628.0,5.0,880527252.0,M,1.0,23.0,technician
934.0,651.0,4.0,886029922.0,M,1.0,23.0,engineer
343.0,756.0,3.0,875289416.0,M,1.0,39.0,engineer
4.0,195.0,3.0,888907676.0,M,1.0,27.0,other
556.0,597.0,3.0,880396542.0,M,1.0,45.0,educator
882.0,471.0,3.0,880932534.0,M,1.0,35.0,scientist
524.0,302.0,3.0,875304726.0,M,1.0,35.0,marketing
472.0,257.0,4.0,880343660.0,M,1.0,23.0,student
535.0,678.0,3.0,891209285.0,F,0.0,44.0,librarian
200.0,584.0,4.0,875295834.0,M,1.0,36.0,programmer
815.0,782.0,4.0,878971612.0,M,1.0,31.0,other
535.0,678.0,4.0,879444562.0,M,1.0,35.0,educator
254.0,895.0,4.0,879454961.0,M,1.0,39.0,educator
361.0,12.0,4.0,879441752.0,M,1.0,22.0,student
381.0,1047.0,4.0,891436568.0,M,1.0,31.0,artist
389.0,834.0,4.0,879446689.0,F,0.0,44.0,writer
59.0,988.0,4.0,888082077.0,M,1.0,43.0,educator
456.0,687.0,4.0,880178206.0,M,1.0,23.0,technician
409.0,431.0,4.0,891035709.0,M,1.0,42.0,administrator
308.0,546.0,4.0,879545088.0,M,1.0,52.0,retired
747.0,515.0,4.0,889786959.0,M,1.0,26.0,student
919.0,566.0,3.0,882607690.0,M,1.0,54.0,engineer
343.0,506.0,2.0,876250781.0,M,1.0,39.0,other
940.0,933.0,4.0,881650232.0,M,1.0,30.0,administrator
340.0,690.0,1.0,879453468.0,M,1.0,23.0,engineer
158.0,659.0,4.0,881251804.0,M,1.0,44.0,educator
58.0,288.0,2.0,875354596.0,M,1.0,26.0,programmer
18.0,879.0,3.0,881957681.0,F,0.0,35.0,educator
639.0,657.0,3.0,889908212.0,M,1.0,42.0,other
290.0,716.0,3.0,880606669.0,M,1.0,36.0,engineer
94.0,50.0,5.0,883364465.0,M,1.0,25.0,student
303.0,523.0,5.0,879896756.0,M,1.0,18.0,student
363.0,864.0,4.0,878739742.0,M,1.0,20.0,student
843.0,609.0,5.0,892686359.0,M,1.0,25.0,librarian
125.0,628.0,4.0,879443155.0,M,1.0,28.0,lawyer
269.0,511.0,3.0,891699263.0,M,1.0,30.0,librarian
815.0,9.0,4.0,888104353.0,M,1.0,30.0,other
21.0,940.0,5.0,883710578.0,M,1.0,25.0,writer
334.0,474.0,4.0,891456721.0,M,1.0,30.0,student
870.0,561.0,3.0,875504098.0,M,1.0,22.0,student
342.0,482.0,4.0,886284086.0,F,0.0,25.0,other
880.0,546.0,4.0,885816915.0,M,1.0,11.0,student
16.0,748.0,4.0,877887712.0,M,1.0,21.0,entertainment
119.0,826.0,4.0,888521848.0,M,1.0,30.0,programmer
181.0,286.0,4.0,878973688.0,M,1.0,25.0,executive
92.0,709.0,5.0,877719206.0,M,1.0,30.0,entertainment
535.0,547.0,3.0,879442396.0,F,0.0,45.0,educator
655.0,871.0,4.0,886394550.0,F,0.0,50.0,healthcare
642.0,738.0,4.0,888069062.0,M,1.0,23.0,other
727.0,275.0,4.0,883369675.0,M,1.0,24.0,student
922.0,603.0,2.0,880177152.0,M,1.0,40.0,administrator
771.0,719.0,4.0,877532504.0,M,1.0,29.0,executive
92.0,13.0,3.0,877819999.0,M,1.0,30.0,entertainment
545.0,931.0,4.0,887058164.0,M,1.0,32.0,executive
234.0,12.0,4.0,892079727.0,M,1.0,52.0,retired
469.0,972.0,4.0,879443621.0,M,1.0,28.0,educator
13.0,288.0,5.0,880167328.0,M,1.0,42.0,educator
308.0,483.0,1.0,887745380.0,M,1.0,52.0,retired
407.0,22.0,3.0,886484465.0,M,1.0,27.0,entertainment
479.0,663.0,4.0,882385294.0,M,1.0,28.0,educator
90.0,8.0,4.0,891385828.0,M,1.0,52.0,educator
755.0,873.0,4.0,880845651.0,M,1.0,30.0,none
889.0,7.0,3.0,885807535.0,M,1.0,26.0,technician
846.0,559.0,3.0,875653836.0,M,1.0,32.0,lawyer
244.0,578.0,5.0,881107773.0,M,1.0,27.0,technician
642.0,257.0,1.0,874950794.0,F,0.0,17.0,student
773.0,591.0,5.0,879446690.0,M,1.0,20.0,student
471.0,50.0,2.0,887745320.0,M,1.0,27.0,student
407.0,237.0,3.0,885806056.0,M,1.0,27.0,engineer
307.0,589.0,4.0,882956551.0,M,1.0,24.0,student
813.0,1082.0,5.0,891204309.0,M,1.0,42.0,librarian
401.0,658.0,3.0,884326690.0,F,0.0,46.0,healthcare
932.0,672.0,3.0,880167328.0,M,1.0,50.0,educator
125.0,48.0,1.0,876504354.0,M,1.0,28.0,lawyer
323.0,748.0,1.0,878940332.0,M,1.0,31.0,student
498.0,690.0,3.0,876032308.0,M,1.0,27.0,student
346.0,1.0,5.0,874787587.0,F,0.0,31.0,other
523.0,1034.0,3.0,891694357.0,F,0.0,51.0,librarian
537.0,578.0,4.0,879384491.0,M,1.0,33.0,administrator
897.0,153.0,1.0,874856241.0,M,1.0,28.0,other
833.0,972.0,4.0,875309710.0,M,1.0,31.0,writer
262.0,568.0,3.0,879875612.0,F,0.0,18.0,student
923.0,748.0,4.0,880602086.0,M,1.0,42.0,educator
940.0,484.0,4.0,885921979.0,M,1.0,30.0,administrator
97.0,649.0,4.0,891693317.0,M,1.0,39.0,artist
694.0,896.0,3.0,885140909.0,M,1.0,27.0,doctor
399.0,515.0,5.0,879442792.0,M,1.0,24.0,other
542.0,658.0,4.0,880605534.0,M,1.0,21.0,student
521.0,121.0,4.0,888639527.0,M,1.0,18.0,student
450.0,554.0,3.0,880139090.0,F,0.0,35.0,educator
344.0,276.0,2.0,892905244.0,F,0.0,30.0,librarian
788.0,195.0,5.0,879362202.0,M,1.0,32.0,administrator
697.0,100.0,5.0,880151843.0,F,0.0,24.0,other
116.0,661.0,3.0,890287503.0,F,0.0,48.0,healthcare
322.0,50.0,4.0,887744380.0,M,1.0,21.0,student
6.0,486.0,5.0,879441315.0,M,1.0,33.0,executive
445.0,210.0,3.0,891017058.0,M,1.0,26.0,writer
748.0,582.0,2.0,879465889.0,M,1.0,28.0,other
326.0,476.0,2.0,879447944.0,M,1.0,37.0,administrator
246.0,595.0,4.0,875640329.0,M,1.0,21.0,student
899.0,676.0,4.0,885680071.0,M,1.0,30.0,other
73.0,694.0,3.0,878181843.0,M,1.0,23.0,student
532.0,934.0,4.0,875729471.0,M,1.0,20.0,student
214.0,707.0,3.0,891033773.0,F,0.0,51.0,librarian
843.0,269.0,4.0,891436543.0,M,1.0,42.0,librarian
862.0,748.0,4.0,878972320.0,M,1.0,25.0,executive
13.0,733.0,4.0,886031606.0,M,1.0,42.0,educator
592.0,825.0,5.0,889179411.0,M,1.0,20.0,student
7.0,692.0,2.0,886030622.0,M,1.0,33.0,other
343.0,1008.0,2.0,884307092.0,M,1.0,39.0,engineer
487.0,1035.0,1.0,892781383.0,M,1.0,22.0,scientist
600.0,1101.0,3.0,884304951.0,M,1.0,26.0,programmer
738.0,431.0,4.0,891447653.0,M,1.0,32.0,technician
661.0,1216.0,2.0,874873703.0,M,1.0,27.0,programmer
943.0,1420.0,5.0,887158636.0,M,1.0,22.0,other
123.0,517.0,4.0,875313426.0,F,0.0,48.0,artist
639.0,658.0,3.0,874950691.0,F,0.0,17.0,other
264.0,7.0,3.0,874965164.0,F,0.0,24.0,writer
894.0,483.0,3.0,875729667.0,M,1.0,42.0,educator
527.0,496.0,4.0,87945505097.0,M,1.0,23.0,programmer
488.0,181.0,4.0,879456600.0,M,1.0,42.0,educator
615.0,845.0,4.0,879446850.0,M,1.0,35.0,educator
78.0,121.0,4.0,879444854.0,M,1.0,30.0,administrator
665.0,482.0,3.0,882425874.0,M,1.0,24.0,student
579.0,14.0,5.0,879454061.0,M,1.0,35.0,educator
645.0,588.0,5.0,875652215.0,M,1.0,26.0,writer
882.0,11.0,2.0,886322307.0,M,1.0,32.0,marketing
665.0,294.0,1.0,879448654.0,M,1.0,11.0,student
299.0,117.0,4.0,884131660.0,M,1.0,27.0,doctor
582.0,449.0,5.0,885807054.0,M,1.0,18.0,student
62.0,595.0,4.0,875815155.0,M,1.0,27.0,administrator
829.0,1084.0,4.0,879874955.0,M,1.0,27.0,educator
276.0,845.0,1.0,875081443.0,M,1.0,21.0,student
479.0,14.0,4.0,879572685.0,M,1.0,28.0,student
487.0,790.0,4.0,889126077.0,M,1.0,22.0,engineer
873.0,749.0,2.0,879196230.0,M,1.0,39.0,executive
521.0,708.0,1.0,885690616.0,M,1.0,18.0,student
710.0,101.0,4.0,875981760.0,F,0.0,20.0,student
405.0,876.0,3.0,884498431.0,F,0.0,22.0,healthcare
848.0,568.0,5.0,875462712.0,M,1.0,41.0,engineer
846.0,9.0,5.0,883948803.0,M,1.0,26.0,lawyer
283.0,1029.0,3.0,877400037.0,M,1.0,23.0,programmer
913.0,651.0,5.0,882385643.0,M,1.0,21.0,student
899.0,1029.0,3.0,880166990.0,M,1.0,30.0,educator
758.0,676.0,4.0,8880870.0,M,1.0,21.0,student
312.0,7.0,4.0,891478004.0,M,1.0,42.0,other
758.0,603.0,3.0,876252132.0,M,1.0,26.0,student
833.0,756.0,3.0,885597815.0,M,1.0,31.0,writer
815.0,528.0,4.0,88239696955.0,M,1.0,30.0,other
145.0,679.0,4.0,877130677.0,M,1.0,29.0,entertainment
839.0,482.0,4.0,891310422.0,F,0.0,30.0,artist
207.0,14.0,4.0,889180547.0,M,1.0,36.0,marketing
872.0,237.0,5.0,879540121.0,M,1.0,18.0,student
408.0,895.0,3.0,889289191.0,M,1.0,23.0,student
279.0,652.0,4.0,875295632.0,M,1.0,31.0,programmer
303.0,1055.0,4.0,879875774.0,M,1.0,18.0,student
95.0,516.0,4.0,879875874.0,M,1.0,29.0,administrator
640.0,547.0,5.0,879978685.0,M,1.0,20.0,student
758.0,749.0,3.0,882590563.0,M,1.0,26.0,student
327.0,678.0,1.0,889739993.0,M,1.0,22.0,student
773.0,710.0,4.0,888640168.0,M,1.0,20.0,student
692.0,945.0,3.0,883388314.0,M,1.0,44.0,other
389.0,302.0,5.0,883869688.0,F,0.0,44.0,writer
639.0,968.0,5.0,891035164.0,F,0.0,42.0,other
393.0,8.0,4.0,884642947.0,M,1.0,18.0,student
436.0,56.0,4.0,891035603.0,F,0.0,27.0,administrator
472.0,919.0,4.0,889241522.0,M,1.0,23.0,student
215.0,734.0,4.0,892783343.0,M,1.0,32.0,programmer
486.0,479.0,4.0,879949212.0,M,1.0,35.0,educator
774.0,473.0,4.0,883875920.0,M,1.0,28.0,student
391.0,662.0,3.0,881649698.0,M,1.0,23.0,student
870.0,14.0,2.0,880242261.0,M,1.0,22.0,executive
167.0,1011.0,2.0,891695655.0,M,1.0,42.0,other
634.0,845.0,1.0,882387209.0,M,1.0,35.0,engineer
472.0,8.0,3.0,889179487.0,M,1.0,23.0,student
277.0,615.0,3.0,879446014.0,F,0.0,35.0,administrator
856.0,441.0,2.0,891035320.0,F,0.0,30.0,librarian
214.0,875.0,2.0,891691349.0,F,0.0,26.0,librarian
870.0,1047.0,3.0,879178345.0,M,1.0,22.0,student
303.0,558.0,3.0,879540153.0,M,1.0,18.0,student
514.0,678.0,5.0,879450125.0,M,1.0,26.0,programmer
243.0,1447.0,3.0,889655162.0,M,1.0,31.0,educator
109.0,12.0,4.0,880932786.0,M,1.0,27.0,other
484.0,631.0,4.0,888451665.0,M,1.0,26.0,student
510.0,468.0,3.0,883326995.0,M,1.0,31.0,other
710.0,79.0,5.0,891499226.0,F,0.0,50.0,homemaker
625.0,514.0,4.0,884128072.0,M,1.0,22.0,programmer
872.0,992.0,4.0,880843514.0,F,0.0,23.0,student
301.0,1035.0,4.0,882385918.0,M,1.0,23.0,student
56.0,121.0,3.0,891033256.0,M,1.0,24.0,librarian
60.0,566.0,5.0,883326093.0,M,1.0,44.0,healthcare
474.0,478.0,5.0,891028454.0,M,1.0,45.0,librarian
774.0,1026.0,3.0,877399805.0,F,0.0,28.0,student
655.0,498.0,3.0,886479610.0,F,0.0,50.0,healthcare
363.0,762.0,4.0,891549467.0,M,1.0,20.0,other
399.0,658.0,3.0,883327294.0,M,1.0,24.0,other
334.0,969.0,5.0,891034007.0,M,1.0,30.0,librarian
236.0,658.0,3.0,878914965.0,F,0.0,44.0,writer
299.0,732.0,2.0,883767387.0,M,1.0,27.0,doctor
790.0,527.0,4.0,876403518.0,M,1.0,28.0,technician
481.0,562.0,5.0,887737210.0,M,1.0,70.0,retired
60.0,56.0,4.0,887739862.0,M,1.0,44.0,marketing
28.0,946.0,4.0,891385105.0,M,1.0,40.0,librarian
655.0,14.0,1.0,884292037.0,F,0.0,50.0,healthcare
495.0,585.0,2.0,884064299.0,M,1.0,27.0,programmer
524.0,682.0,5.0,879466492.0,M,1.0,49.0,educator
50.0,519.0,1.0,874828731.0,M,1.0,21.0,writer
256.0,39.0,4.0,884749334.0,F,0.0,35.0,none
417.0,7.0,3.0,876403468.0,F,0.0,28.0,other
798.0,661.0,4.0,891044192.0,M,1.0,32.0,writer
450.0,1090.0,5.0,880124504.0,F,0.0,35.0,educator
542.0,476.0,3.0,875806814.0,M,1.0,21.0,student
13.0,588.0,2.0,889655298.0,M,1.0,42.0,educator
49.0,382.0,4.0,884364921.0,F,0.0,23.0,student
280.0,605.0,4.0,891294226.0,F,0.0,30.0,librarian
256.0,181.0,4.0,877103420.0,F,0.0,35.0,none
682.0,662.0,4.0,888632575.0,M,1.0,23.0,programmer
796.0,1232.0,4.0,879530106.0,M,1.0,28.0,other
303.0,492.0,4.0,879459602.0,M,1.0,18.0,student
919.0,754.0,5.0,879486434.0,M,1.0,24.0,other
778.0,1133.0,4.0,880356025.0,F,0.0,20.0,student
843.0,7.0,5.0,888555127.0,M,1.0,22.0,writer
178.0,582.0,5.0,886323464.0,M,1.0,25.0,other
916.0,654.0,3.0,880585765.0,M,1.0,26.0,engineer
716.0,8.0,1.0,879446228.0,M,1.0,36.0,administrator
735.0,14.0,3.0,877887095.0,F,0.0,36.0,healthcare
880.0,12.0,4.0,8917238618.0,M,1.0,11.0,student
291.0,749.0,4.0,874815789.0,M,1.0,18.0,student
603.0,879.0,5.0,891033256.0,F,0.0,49.0,librarian
642.0,738.0,3.0,888905873.0,M,1.0,17.0,student
269.0,1228.0,5.0,891032948.0,F,0.0,31.0,librarian
268.0,678.0,1.0,886324734.0,M,1.0,23.0,engineer
843.0,682.0,4.0,892655574.0,M,1.0,32.0,writer
910.0,519.0,2.0,879534115.0,F,0.0,50.0,other
299.0,748.0,5.0,880044835.0,M,1.0,27.0,doctor
724.0,9.0,1.0,891279174.0,F,0.0,27.0,artist
10.0,496.0,4.0,877399469.0,M,1.0,46.0,lawyer
896.0,744.0,5.0,874787256.0,F,0.0,27.0,writer
499.0,1028.0,4.0,875659265.0,M,1.0,38.0,programmer
75.0,191.0,4.0,881374055.0,M,1.0,23.0,entertainment
680.0,1542.0,3.0,880937729.0,M,1.0,31.0,programmer
896.0,762.0,1.0,887160446.0,M,1.0,27.0,writer
615.0,234.0,3.0,879562538.0,M,1.0,35.0,marketing
608.0,631.0,5.0,879441494.0,M,1.0,22.0,other
933.0,825.0,3.0,891199283.0,M,1.0,31.0,librarian
318.0,568.0,3.0,884478753.0,M,1.0,56.0,retired
588.0,22.0,4.0,887995818.0,F,0.0,40.0,writer
796.0,1097.0,4.0,891033261.0,M,1.0,32.0,writer
601.0,1028.0,4.0,883948508.0,F,0.0,18.0,artist
804.0,204.0,2.0,879441812.0,M,1.0,35.0,educator
437.0,847.0,4.0,878191916.0,F,0.0,27.0,other
435.0,651.0,2.0,884111948.0,M,1.0,23.0,engineer
7.0,516.0,5.0,879453520.0,M,1.0,24.0,administrator
474.0,603.0,5.0,887912462.0,M,1.0,45.0,executive
393.0,474.0,3.0,886988018.0,M,1.0,18.0,student
472.0,603.0,5.0,888549089.0,M,1.0,23.0,student
846.0,7.0,3.0,883949594.0,M,1.0,26.0,lawyer
295.0,100.0,3.0,886533383.0,M,1.0,29.0,educator
409.0,393.0,3.0,885852059.0,M,1.0,42.0,administrator
826.0,568.0,4.0,883948003.0,M,1.0,26.0,artist
593.0,715.0,4.0,883348866.0,F,0.0,46.0,educator
719.0,1009.0,4.0,883352402.0,F,0.0,26.0,other
472.0,924.0,4.0,888521815.0,M,1.0,23.0,student
119.0,1101.0,3.0,875502074.0,M,1.0,30.0,programmer
293.0,237.0,3.0,888442799.0,M,1.0,23.0,writer
99.0,393.0,5.0,883327594.0,M,1.0,20.0,student
38.0,447.0,4.0,879362202.0,F,0.0,39.0,artist
541.0,653.0,3.0,884982803.0,F,0.0,18.0,student
1.0,477.0,3.0,885674948.0,M,1.0,23.0,technician
916.0,937.0,4.0,884065895.0,M,1.0,26.0,engineer
699.0,710.0,4.0,879442901.0,F,0.0,48.0,other
843.0,659.0,3.0,885155876.0,M,1.0,32.0,librarian
445.0,688.0,3.0,891369374.0,F,0.0,21.0,writer
222.0,546.0,5.0,889737356.0,M,1.0,27.0,programmer
524.0,568.0,3.0,891195601.0,M,1.0,48.0,other
614.0,1224.0,3.0,887757724.0,M,1.0,38.0,scientist
845.0,431.0,5.0,891209183.0,M,1.0,41.0,programmer
235.0,873.0,3.0,879111095.0,M,1.0,34.0,educator
194.0,518.0,5.0,878182947.0,F,0.0,35.0,administrator
943.0,8.0,4.0,888634863.0,M,1.0,22.0,student
89.0,13.0,3.0,891207940.0,F,0.0,43.0,librarian
401.0,12.0,5.0,884326461.0,F,0.0,41.0,healthcare
336.0,511.0,4.0,880339787.0,M,1.0,23.0,salesman
13.0,1229.0,4.0,881655984.0,M,1.0,42.0,educator
561.0,13.0,3.0,884131763.0,M,1.0,23.0,engineer
586.0,563.0,3.0,879366084.0,M,1.0,20.0,student
280.0,751.0,5.0,875289848.0,F,0.0,30.0,programmer
487.0,202.0,3.0,884292896.0,M,1.0,22.0,engineer
125.0,173.0,4.0,883949380.0,M,1.0,28.0,lawyer
840.0,566.0,1.0,891299155.0,M,1.0,35.0,artist
819.0,751.0,4.0,879879992.0,M,1.0,24.0,other
666.0,496.0,4.0,885245717.0,M,1.0,39.0,administrator
892.0,496.0,3.0,879439193.0,M,1.0,33.0,other
932.0,7.0,5.0,891352562.0,M,1.0,50.0,educator
200.0,50.0,5.0,875349825.0,M,1.0,36.0,programmer
666.0,511.0,5.0,879195871.0,M,1.0,39.0,administrator
10.0,697.0,3.0,877818059.0,M,1.0,46.0,lawyer
293.0,639.0,4.0,888907727.0,M,1.0,23.0,writer
624.0,611.0,2.0,889731781.0,M,1.0,18.0,student
486.0,100.0,5.0,879455086.0,M,1.0,35.0,educator
345.0,679.0,4.0,891038241.0,M,1.0,28.0,librarian
450.0,456.0,5.0,880242210.0,F,0.0,35.0,educator
157.0,288.0,5.0,880144243.0,M,1.0,29.0,executive
301.0,856.0,3.0,884129925.0,M,1.0,23.0,student
619.0,559.0,4.0,879309734.0,F,0.0,36.0,administrator
357.0,831.0,4.0,878136825.0,M,1.0,25.0,executive
130.0,661.0,4.0,876533255.0,M,1.0,16.0,none
870.0,8.0,4.0,879468717.0,M,1.0,31.0,student
130.0,481.0,4.0,882685491.0,F,0.0,20.0,none
344.0,527.0,4.0,889739319.0,M,1.0,30.0,librarian
322.0,823.0,4.0,886480206.0,M,1.0,20.0,student
880.0,471.0,4.0,879790600.0,M,1.0,11.0,student
655.0,496.0,5.0,885481329.0,F,0.0,50.0,healthcare
295.0,517.0,4.0,889237482.0,M,1.0,29.0,educator
837.0,9.0,4.0,875262738.0,F,0.0,27.0,artist
145.0,689.0,5.0,886482340.0,M,1.0,29.0,entertainment
551.0,79.0,4.0,893028243.0,M,1.0,24.0,student
561.0,603.0,2.0,8863971771.0,M,1.0,31.0,scientist
429.0,300.0,3.0,882387151.0,M,1.0,26.0,student
669.0,515.0,3.0,891037451.0,M,1.0,40.0,other
893.0,50.0,4.0,879899182.0,M,1.0,24.0,administrator
551.0,4.0,5.0,879463021.0,M,1.0,45.0,retired
379.0,527.0,3.0,875731460.0,M,1.0,39.0,artist
276.0,831.0,4.0,882995122.0,M,1.0,21.0,student
138.0,466.0,3.0,879035599.0,F,0.0,44.0,healthcare
668.0,923.0,4.0,882592743.0,M,1.0,29.0,programmer
495.0,709.0,4.0,879111856.0,M,1.0,24.0,student
321.0,827.0,4.0,879988663.0,F,0.0,49.0,educator
393.0,8.0,3.0,887738705.0,M,1.0,18.0,student
815.0,652.0,3.0,883448883.0,M,1.0,30.0,educator
605.0,653.0,4.0,879454021.0,M,1.0,33.0,engineer
387.0,607.0,5.0,875132843.0,M,1.0,31.0,entertainment
130.0,181.0,4.0,875272350.0,M,1.0,20.0,none
707.0,682.0,4.0,891499321.0,F,0.0,50.0,librarian
630.0,751.0,4.0,884113713.0,F,0.0,27.0,healthcare
881.0,546.0,5.0,879848695.0,M,1.0,35.0,marketing
299.0,258.0,5.0,879899641.0,M,1.0,27.0,doctor
234.0,1047.0,4.0,892334182.0,M,1.0,52.0,retired
788.0,631.0,3.0,889383492.0,M,1.0,45.0,other
1.0,607.0,3.0,88344881.0,M,1.0,30.0,technician
643.0,683.0,4.0,889289123.0,M,1.0,26.0,programmer
897.0,1084.0,3.0,880393675.0,M,1.0,27.0,other
727.0,679.0,4.0,884642716.0,M,1.0,24.0,programmer
607.0,605.0,2.0,884140735.0,M,1.0,56.0,librarian
343.0,98.0,3.0,889655460.0,M,1.0,59.0,other
89.0,631.0,3.0,892052952.0,F,0.0,43.0,administrator
862.0,685.0,3.0,879876663.0,M,1.0,24.0,executive
205.0,447.0,4.0,888635439.0,M,1.0,52.0,lawyer
184.0,825.0,4.0,889909069.0,M,1.0,34.0,librarian
525.0,523.0,4.0,879459925.0,F,0.0,24.0,librarian
38.0,437.0,5.0,889179529.0,M,1.0,30.0,artist
385.0,519.0,4.0,891299031.0,M,1.0,33.0,writer
532.0,8.0,4.0,875039100.0,M,1.0,20.0,student
693.0,511.0,4.0,875963277.0,M,1.0,29.0,programmer
535.0,1092.0,2.0,887911583.0,F,0.0,45.0,educator
552.0,689.0,4.0,879440663.0,M,1.0,46.0,marketing
405.0,652.0,2.0,884131058.0,F,0.0,22.0,healthcare
561.0,926.0,4.0,875349950.0,M,1.0,23.0,student
758.0,9.0,3.0,888739969.0,M,1.0,26.0,student
472.0,946.0,3.0,875149214.0,M,1.0,23.0,student
264.0,691.0,3.0,889291663.0,F,0.0,40.0,writer
588.0,13.0,3.0,876032103.0,M,1.0,17.0,student
796.0,619.0,3.0,875654636.0,F,0.0,32.0,writer
334.0,762.0,3.0,891549097.0,M,1.0,30.0,librarian
548.0,7.0,4.0,890627995.0,F,0.0,39.0,programmer
201.0,955.0,4.0,883948003.0,M,1.0,26.0,writer
314.0,7.0,5.0,879444480.0,F,0.0,20.0,student
748.0,172.0,3.0,879465535.0,M,1.0,27.0,administrator
374.0,1432.0,5.0,882141485.0,M,1.0,33.0,executive
305.0,753.0,5.0,884294787.0,M,1.0,23.0,programmer
204.0,654.0,5.0,88033404727.0,F,0.0,51.0,administrator
276.0,1028.0,1.0,880868839.0,M,1.0,21.0,student
345.0,972.0,5.0,884131776.0,F,0.0,30.0,librarian
222.0,871.0,4.0,883710578.0,M,1.0,32.0,salesman
222.0,100.0,3.0,892738283.0,M,1.0,24.0,programmer
724.0,584.0,4.0,883449720.0,M,1.0,37.0,executive
704.0,527.0,3.0,887745210.0,F,0.0,51.0,educator
478.0,524.0,2.0,880671425.0,M,1.0,28.0,other
1.0,431.0,5.0,880139180.0,M,1.0,23.0,technician
922.0,196.0,4.0,879538415.0,F,0.0,29.0,administrator
286.0,483.0,5.0,874787144.0,M,1.0,20.0,student
238.0,763.0,4.0,884125572.0,M,1.0,42.0,administrator
864.0,592.0,5.0,875962168.0,M,1.0,26.0,programmer
897.0,810.0,4.0,888479553.0,M,1.0,28.0,other
665.0,121.0,4.0,875274854.0,M,1.0,24.0,programmer
561.0,748.0,3.0,875272196.0,M,1.0,22.0,engineer
896.0,699.0,3.0,892696278.0,M,1.0,27.0,writer
297.0,111.0,3.0,879524582.0,F,0.0,29.0,educator
592.0,735.0,4.0,882956551.0,M,1.0,18.0,student
389.0,674.0,3.0,879447701.0,F,0.0,44.0,writer
590.0,581.0,3.0,885828544.0,M,1.0,24.0,student
148.0,1074.0,4.0,875651474.0,M,1.0,31.0,engineer
766.0,931.0,5.0,891383704.0,M,1.0,38.0,librarian
666.0,8.0,5.0,880602536.0,M,1.0,39.0,administrator
49.0,607.0,5.0,881373212.0,F,0.0,23.0,student
64.0,482.0,1.0,889655162.0,M,1.0,25.0,educator
630.0,405.0,2.0,875314194.0,M,1.0,26.0,programmer
773.0,741.0,5.0,879540043.0,M,1.0,20.0,student
345.0,833.0,2.0,889908625.0,F,0.0,28.0,librarian
870.0,684.0,3.0,880393563.0,M,1.0,22.0,student
160.0,585.0,4.0,877108398.0,M,1.0,26.0,programmer
776.0,597.0,3.0,883865952.0,M,1.0,28.0,engineer
567.0,872.0,4.0,875745298.0,M,1.0,23.0,student
99.0,566.0,5.0,877196308.0,M,1.0,20.0,student
886.0,56.0,4.0,888873407.0,M,1.0,20.0,student
862.0,474.0,4.0,875979359.0,M,1.0,24.0,executive
758.0,841.0,4.0,888888873.0,M,1.0,26.0,student
826.0,749.0,2.0,875640394.0,M,1.0,35.0,artist
389.0,531.0,4.0,879875125.0,F,0.0,46.0,writer
327.0,456.0,2.0,887737338.0,M,1.0,22.0,student
655.0,511.0,5.0,886622066.0,F,0.0,50.0,healthcare
435.0,511.0,5.0,886324462.0,M,1.0,23.0,technician
870.0,879.0,4.0,877757396.0,M,1.0,22.0,student
815.0,933.0,3.0,878181611.0,F,0.0,30.0,other
566.0,1247.0,4.0,877399735.0,M,1.0,20.0,student
291.0,508.0,5.0,874951369.0,M,1.0,18.0,student
655.0,549.0,3.0,876402322.0,F,0.0,50.0,healthcare
880.0,876.0,3.0,880887056.0,M,1.0,11.0,other
534.0,518.0,4.0,883949380.0,M,1.0,20.0,student
567.0,936.0,4.0,888907674.0,M,1.0,23.0,entertainment
897.0,484.0,3.0,887159823.0,M,1.0,27.0,student
524.0,697.0,3.0,887735968.0,M,1.0,49.0,educator
339.0,690.0,3.0,891037777.0,M,1.0,31.0,lawyer
792.0,581.0,4.0,891207940.0,M,1.0,32.0,writer
582.0,12.0,3.0,888103972.0,M,1.0,20.0,student
125.0,833.0,4.0,883948656.0,M,1.0,28.0,lawyer
495.0,654.0,5.0,884113436.0,M,1.0,27.0,technician
592.0,294.0,5.0,880925199.0,M,1.0,18.0,student
545.0,469.0,4.0,891367314.0,M,1.0,42.0,technician
224.0,652.0,3.0,880332694.0,F,0.0,35.0,student
758.0,742.0,3.0,879442797.0,M,1.0,22.0,student
537.0,649.0,4.0,883711065.0,M,1.0,33.0,executive
592.0,546.0,4.0,886322122.0,M,1.0,18.0,student
345.0,589.0,3.0,879459701.0,F,0.0,29.0,librarian
110.0,472.0,5.0,888521834.0,M,1.0,18.0,student
158.0,485.0,4.0,880134296.0,M,1.0,44.0,educator
514.0,153.0,4.0,888104456.0,M,1.0,26.0,programmer
305.0,202.0,5.0,888889037.0,M,1.0,23.0,programmer
429.0,498.0,5.0,88238555464.0,M,1.0,26.0,student
843.0,1051.0,3.0,886608357.0,M,1.0,32.0,librarian
474.0,772.0,5.0,880154463.0,M,1.0,42.0,educator
605.0,127.0,4.0,891386959.0,M,1.0,31.0,engineer
642.0,563.0,3.0,874730232.0,M,1.0,17.0,student
135.0,1.0,2.0,890232857.0,M,1.0,23.0,student
911.0,589.0,4.0,884131927.0,F,0.0,51.0,writer
405.0,479.0,1.0,884304540.0,M,1.0,22.0,healthcare
757.0,506.0,4.0,886921609.0,F,0.0,10.0,student
280.0,508.0,3.0,891035478.0,F,0.0,30.0,librarian
13.0,527.0,4.0,888104456.0,M,1.0,42.0,writer
82.0,153.0,1.0,879439341.0,M,1.0,44.0,programmer
640.0,629.0,3.0,884130206.0,M,1.0,20.0,student
303.0,628.0,3.0,879442890.0,M,1.0,18.0,administrator
899.0,191.0,4.0,875271658.0,M,1.0,30.0,other
189.0,204.0,5.0,891655329.0,F,0.0,30.0,other
437.0,588.0,1.0,879524288.0,M,1.0,28.0,other
463.0,1.0,3.0,888104353.0,M,1.0,48.0,healthcare
339.0,381.0,5.0,891383550.0,M,1.0,32.0,lawyer
1.0,151.0,5.0,883452710.0,M,1.0,23.0,technician
315.0,514.0,4.0,879485679.0,M,1.0,42.0,educator
186.0,709.0,5.0,889655329.0,F,0.0,33.0,executive
796.0,479.0,4.0,888104589.0,F,0.0,32.0,writer
838.0,919.0,4.0,883326995.0,M,1.0,32.0,technician
634.0,678.0,3.0,874730167.0,M,1.0,35.0,engineer
870.0,869.0,3.0,881177408.0,M,1.0,22.0,student
712.0,11.0,5.0,891195297.0,F,0.0,22.0,other
269.0,462.0,5.0,891030307.0,F,0.0,31.0,librarian
302.0,652.0,3.0,879452583.0,M,1.0,38.0,educator
435.0,614.0,4.0,884131085.0,M,1.0,23.0,engineer
343.0,752.0,4.0,886030552.0,M,1.0,27.0,engineer
387.0,14.0,4.0,886480446.0,M,1.0,31.0,entertainment
92.0,932.0,5.0,888479274.0,M,1.0,30.0,entertainment
437.0,603.0,3.0,875717233.0,M,1.0,27.0,other
788.0,796.0,2.0,875242952.0,M,1.0,45.0,administrator
328.0,449.0,4.0,881105956.0,M,1.0,45.0,administrator
862.0,1030.0,2.0,887047313.0,M,1.0,24.0,executive
303.0,925.0,5.0,888103537.0,M,1.0,18.0,student
456.0,588.0,3.0,882385372.0,M,1.0,27.0,technician
744.0,577.0,5.0,891495369.0,M,1.0,29.0,administrator
279.0,1441.0,2.0,892738341.0,M,1.0,31.0,programmer
599.0,9.0,4.0,886480583.0,M,1.0,33.0,salesman
239.0,496.0,2.0,880607541.0,M,1.0,29.0,artist
671.0,8.0,5.0,888632483.0,M,1.0,36.0,programmer
130.0,1439.0,3.0,883865483.0,M,1.0,20.0,none
13.0,471.0,4.0,879440787.0,M,1.0,42.0,educator
450.0,121.0,3.0,886482581.0,F,0.0,35.0,artist
184.0,476.0,4.0,889910394.0,M,1.0,24.0,librarian
394.0,578.0,5.0,880993367.0,M,1.0,24.0,administrator
293.0,12.0,3.0,888907236.0,M,1.0,23.0,writer
391.0,665.0,3.0,887038605.0,M,1.0,23.0,student
497.0,538.0,4.0,879793717.0,M,1.0,20.0,student
239.0,829.0,1.0,889651539.0,M,1.0,35.0,artist
39.0,1088.0,5.0,886608137.0,M,1.0,17.0,student
110.0,4.0,3.0,884495586.0,M,1.0,18.0,student
381.0,681.0,3.0,875224482.0,M,1.0,31.0,artist
595.0,1231.0,4.0,879434804.0,M,1.0,29.0,administrator
496.0,515.0,1.0,888523581.0,F,0.0,21.0,student
537.0,300.0,4.0,886029692.0,M,1.0,33.0,executive
837.0,659.0,4.0,891366570.0,M,1.0,37.0,artist
144.0,449.0,4.0,886030076.0,M,1.0,46.0,programmer
890.0,692.0,3.0,882956551.0,M,1.0,32.0,student
311.0,117.0,4.0,884125319.0,M,1.0,30.0,technician
393.0,14.0,5.0,879446445.0,M,1.0,18.0,student
5.0,588.0,4.0,875245560.0,F,0.0,22.0,student
58.0,707.0,4.0,884125577.0,M,1.0,26.0,programmer
521.0,517.0,2.0,8794445962.0,M,1.0,18.0,student
624.0,582.0,4.0,884634533.0,F,0.0,18.0,student
286.0,928.0,3.0,882398654.0,F,0.0,26.0,student
468.0,50.0,4.0,880843685.0,M,1.0,27.0,engineer
472.0,568.0,3.0,877399618.0,M,1.0,23.0,student
576.0,658.0,4.0,880354958.0,M,1.0,27.0,engineer
210.0,405.0,4.0,879443618.0,M,1.0,35.0,engineer
738.0,527.0,5.0,891385105.0,F,0.0,27.0,administrator
864.0,638.0,1.0,880586921.0,M,1.0,26.0,programmer
90.0,673.0,3.0,892079840.0,M,1.0,52.0,retired
416.0,659.0,2.0,891409845.0,M,1.0,20.0,student
363.0,658.0,5.0,891728789.0,M,1.0,20.0,student
568.0,872.0,3.0,882396975.0,M,1.0,29.0,educator
804.0,607.0,5.0,879458941.0,M,1.0,35.0,marketing
109.0,603.0,3.0,888907056.0,M,1.0,27.0,other
896.0,535.0,4.0,887160020.0,M,1.0,27.0,writer
721.0,886.0,4.0,875655098.0,M,1.0,24.0,entertainment
158.0,1135.0,2.0,886988574.0,M,1.0,44.0,executive
904.0,607.0,4.0,879896686.0,M,1.0,45.0,educator
699.0,839.0,2.0,879442910.0,M,1.0,34.0,other
870.0,1046.0,4.0,884131085.0,M,1.0,22.0,student
42.0,659.0,4.0,880123685.0,M,1.0,35.0,educator
13.0,472.0,4.0,879877107.0,M,1.0,42.0,educator
336.0,781.0,3.0,891433995.0,M,1.0,32.0,salesman
429.0,10.0,3.0,882385667.0,M,1.0,26.0,student
660.0,14.0,4.0,876452826.0,M,1.0,25.0,student
349.0,628.0,4.0,884471073.0,M,1.0,59.0,retired
865.0,696.0,2.0,875246308.0,M,1.0,48.0,artist
632.0,151.0,3.0,883762567.0,M,1.0,18.0,student
215.0,685.0,4.0,879451949.0,M,1.0,24.0,programmer
393.0,939.0,4.0,887744342.0,M,1.0,18.0,student
303.0,661.0,4.0,879445857.0,M,1.0,18.0,student
592.0,933.0,5.0,888906655.0,F,0.0,18.0,student
684.0,741.0,5.0,879988262.0,M,1.0,34.0,librarian
561.0,515.0,3.0,88375339940.0,M,1.0,23.0,engineer
889.0,846.0,4.0,884120117.0,M,1.0,26.0,technician
543.0,482.0,3.0,883613372.0,M,1.0,35.0,scientist
738.0,234.0,3.0,880925199.0,M,1.0,37.0,other
913.0,871.0,2.0,880605175.0,M,1.0,26.0,student
123.0,692.0,3.0,892696168.0,F,0.0,30.0,artist
712.0,496.0,5.0,875653021.0,F,0.0,22.0,student
500.0,864.0,4.0,879366510.0,M,1.0,27.0,administrator
854.0,258.0,4.0,887047340.0,F,0.0,29.0,student
897.0,484.0,4.0,882385499.0,M,1.0,28.0,other
311.0,732.0,3.0,884364688.0,M,1.0,30.0,technician
299.0,684.0,5.0,884290822.0,M,1.0,27.0,doctor
655.0,523.0,5.0,889503066.0,F,0.0,50.0,healthcare
575.0,876.0,1.0,884326461.0,M,1.0,24.0,executive
43.0,679.0,4.0,891692318.0,F,0.0,29.0,librarian
380.0,671.0,3.0,875245616.0,M,1.0,30.0,engineer
567.0,597.0,4.0,877719206.0,M,1.0,23.0,entertainment
773.0,1110.0,5.0,875324915.0,F,0.0,20.0,student
158.0,471.0,3.0,879466214.0,M,1.0,44.0,educator
823.0,895.0,3.0,878439178.0,M,1.0,26.0,librarian
216.0,528.0,2.0,875270932.0,M,1.0,22.0,engineer
885.0,9.0,3.0,885690600.0,M,1.0,42.0,technician
192.0,546.0,4.0,891386380.0,M,1.0,38.0,educator
566.0,544.0,3.0,880177857.0,M,1.0,20.0,student
891.0,300.0,5.0,891033966.0,F,0.0,43.0,librarian
633.0,949.0,1.0,878971349.0,M,1.0,31.0,other
648.0,607.0,5.0,885870179.0,M,1.0,39.0,engineer
707.0,709.0,3.0,886323466.0,F,0.0,56.0,librarian
815.0,831.0,1.0,879969644.0,M,1.0,30.0,other
868.0,727.0,3.0,879440628.0,M,1.0,21.0,programmer
374.0,481.0,3.0,888479363.0,M,1.0,33.0,executive
645.0,7.0,4.0,880410778.0,M,1.0,26.0,programmer
561.0,549.0,2.0,889731448.0,M,1.0,23.0,engineer
497.0,478.0,3.0,879191781.0,M,1.0,20.0,student
81.0,1052.0,4.0,87979363773.0,M,1.0,56.0,retired
747.0,1047.0,4.0,889655490.0,M,1.0,18.0,other
6.0,8.0,2.0,889397312.0,M,1.0,38.0,executive
380.0,12.0,4.0,876406174.0,M,1.0,30.0,engineer
269.0,603.0,5.0,891170578.0,F,0.0,31.0,librarian
734.0,514.0,1.0,881109973.0,M,1.0,25.0,student
115.0,678.0,4.0,878738335.0,M,1.0,29.0,engineer
222.0,888.0,4.0,879454612.0,M,1.0,27.0,programmer
877.0,928.0,5.0,880178765.0,F,0.0,20.0,student
184.0,855.0,5.0,889908462.0,M,1.0,34.0,librarian
346.0,591.0,4.0,888104456.0,M,1.0,31.0,other
664.0,216.0,3.0,8765216096.0,M,1.0,20.0,engineer
401.0,939.0,3.0,884238592.0,F,0.0,46.0,healthcare
222.0,674.0,4.0,875272370.0,M,1.0,27.0,programmer
200.0,889.0,2.0,875272009.0,M,1.0,36.0,programmer
846.0,79.0,3.0,883950090.0,M,1.0,26.0,student
930.0,969.0,4.0,880572499.0,M,1.0,36.0,scientist
374.0,1297.0,3.0,885848886.0,M,1.0,33.0,executive
639.0,752.0,4.0,891478529.0,M,1.0,42.0,educator
833.0,534.0,5.0,883192729.0,M,1.0,31.0,writer
697.0,568.0,5.0,879147674.0,M,1.0,24.0,other
907.0,487.0,5.0,878792901.0,F,0.0,43.0,other
527.0,14.0,3.0,879460648.0,M,1.0,31.0,librarian
462.0,690.0,4.0,875729489.0,M,1.0,20.0,student
586.0,577.0,5.0,88973178812.0,M,1.0,20.0,student
13.0,645.0,4.0,882623287.0,M,1.0,42.0,educator
457.0,271.0,4.0,891038979.0,M,1.0,33.0,salesman
532.0,945.0,4.0,888068195.0,M,1.0,20.0,student
313.0,935.0,4.0,891013897.0,M,1.0,27.0,marketing
394.0,595.0,4.0,879446108.0,M,1.0,24.0,administrator
548.0,966.0,4.0,886987164.0,M,1.0,39.0,marketing
246.0,732.0,3.0,875047694.0,M,1.0,18.0,student
727.0,12.0,3.0,883876454.0,M,1.0,24.0,writer
837.0,563.0,4.0,875729667.0,M,1.0,27.0,artist
207.0,100.0,3.0,887911583.0,M,1.0,35.0,marketing
916.0,98.0,4.0,879444866.0,M,1.0,26.0,engineer
393.0,566.0,5.0,891035781.0,F,0.0,59.0,executive
301.0,682.0,4.0,882075520.0,M,1.0,23.0,student
8.0,662.0,3.0,877838892.0,M,1.0,25.0,administrator
894.0,1028.0,4.0,879454965.0,M,1.0,35.0,educator
679.0,1101.0,5.0,883865484.0,M,1.0,41.0,administrator
896.0,652.0,5.0,875144968.0,M,1.0,27.0,writer
537.0,708.0,3.0,886031606.0,M,1.0,29.0,engineer
880.0,288.0,5.0,880139803.0,M,1.0,11.0,student
18.0,754.0,4.0,879365169.0,F,0.0,35.0,other
741.0,709.0,2.0,880868125.0,F,0.0,17.0,student
109.0,732.0,4.0,888103757.0,M,1.0,27.0,other
655.0,708.0,2.0,886833794.0,M,1.0,50.0,healthcare
59.0,716.0,5.0,888069238.0,M,1.0,42.0,educator
618.0,631.0,5.0,874787288.0,F,0.0,11.0,student
815.0,678.0,3.0,879874562.0,M,1.0,44.0,other
347.0,172.0,5.0,886989180.0,M,1.0,18.0,student
891.0,744.0,4.0,891036112.0,F,0.0,51.0,administrator
495.0,514.0,4.0,889041662.0,M,1.0,25.0,writer
851.0,709.0,3.0,891201796.0,M,1.0,18.0,other
7.0,705.0,4.0,891310087.0,M,1.0,50.0,administrator
99.0,473.0,4.0,888538857.0,M,1.0,20.0,student
76.0,835.0,4.0,874730261.0,M,1.0,20.0,student
262.0,935.0,4.0,879793928.0,F,0.0,18.0,student
524.0,4.0,4.0,878915559.0,M,1.0,49.0,educator
716.0,82.0,2.0,879368569.0,F,0.0,28.0,administrator
655.0,992.0,3.0,886480578.0,F,0.0,50.0,healthcare
693.0,1047.0,3.0,878973650.0,F,0.0,44.0,writer
474.0,628.0,4.0,879875057.0,M,1.0,45.0,executive
363.0,676.0,4.0,874730484.0,M,1.0,20.0,student
867.0,10.0,3.0,879787792.0,M,1.0,23.0,student
901.0,692.0,4.0,888703291.0,M,1.0,35.0,scientist
537.0,515.0,4.0,875296723.0,M,1.0,33.0,executive
189.0,9.0,4.0,888451565.0,M,1.0,30.0,artist
648.0,728.0,2.0,882345782.0,M,1.0,39.0,engineer
760.0,1012.0,3.0,879821249.0,F,0.0,52.0,retired
682.0,472.0,4.0,889402076.0,M,1.0,23.0,programmer
280.0,715.0,3.0,891033805.0,F,0.0,30.0,librarian
49.0,4.0,4.0,888068246.0,F,0.0,23.0,student
537.0,117.0,5.0,885828773.0,M,1.0,33.0,engineer
896.0,117.0,4.0,887160270.0,M,1.0,27.0,writer
345.0,652.0,4.0,891191923.0,F,0.0,28.0,librarian
293.0,523.0,3.0,889041438.0,M,1.0,23.0,writer
189.0,566.0,2.0,891353644.0,M,1.0,30.0,artist
923.0,1101.0,4.0,888521907.0,M,1.0,26.0,student
815.0,937.0,3.0,878759758.0,M,1.0,30.0,other
151.0,1008.0,4.0,879397652.0,F,0.0,39.0,administrator
479.0,954.0,4.0,879442685.0,M,1.0,30.0,educator
632.0,762.0,3.0,878951984.0,M,1.0,17.0,student
741.0,866.0,3.0,875315037.0,M,1.0,24.0,writer
161.0,496.0,4.0,878848352.0,M,1.0,26.0,lawyer
378.0,554.0,4.0,879792701.0,M,1.0,32.0,student
269.0,100.0,3.0,891034987.0,F,0.0,31.0,librarian
535.0,15.0,5.0,888082071.0,F,0.0,45.0,educator
790.0,496.0,4.0,879443155.0,M,1.0,30.0,administrator
864.0,473.0,5.0,882318444.0,M,1.0,26.0,programmer
244.0,13.0,5.0,883442292.0,M,1.0,27.0,technician
305.0,1011.0,5.0,888632536.0,M,1.0,23.0,programmer
107.0,7.0,3.0,892697936.0,M,1.0,39.0,artist
130.0,675.0,5.0,875318113.0,M,1.0,20.0,none
691.0,932.0,5.0,887736408.0,F,0.0,41.0,educator
796.0,732.0,4.0,874953898.0,F,0.0,28.0,writer
276.0,748.0,3.0,876538218.0,M,1.0,21.0,student
343.0,649.0,4.0,876405056.0,M,1.0,39.0,engineer
346.0,692.0,2.0,874787288.0,M,1.0,31.0,other
749.0,423.0,4.0,882078794.0,M,1.0,23.0,student
152.0,607.0,5.0,879434654.0,F,0.0,33.0,educator
291.0,473.0,4.0,874863277.0,M,1.0,21.0,student
852.0,7.0,5.0,891545549.0,M,1.0,41.0,librarian
455.0,181.0,3.0,879448016.0,M,1.0,42.0,administrator
405.0,647.0,4.0,884366112.0,F,0.0,22.0,healthcare
805.0,604.0,3.0,875283594.0,F,0.0,31.0,other
59.0,176.0,3.0,888081976.0,M,1.0,44.0,educator
774.0,709.0,4.0,888479369.0,M,1.0,28.0,student
363.0,678.0,4.0,891440208.0,M,1.0,20.0,student
125.0,22.0,3.0,891201796.0,M,1.0,26.0,lawyer
556.0,763.0,3.0,879876654.0,M,1.0,35.0,educator
349.0,100.0,2.0,891260754.0,M,1.0,25.0,educator
871.0,471.0,3.0,879012997.0,M,1.0,38.0,executive
92.0,659.0,2.0,891250584.0,M,1.0,30.0,entertainment
595.0,473.0,4.0,884291160.0,M,1.0,24.0,student
479.0,919.0,4.0,879363397.0,M,1.0,29.0,educator
846.0,624.0,2.0,888103856.0,M,1.0,32.0,lawyer
524.0,651.0,4.0,882075877.0,M,1.0,23.0,educator
768.0,1048.0,4.0,888068791.0,M,1.0,27.0,administrator
405.0,7.0,1.0,883451442.0,F,0.0,22.0,healthcare
10.0,50.0,4.0,879442853.0,M,1.0,46.0,lawyer
118.0,671.0,1.0,880355057.0,M,1.0,21.0,administrator
489.0,492.0,4.0,889910195.0,M,1.0,42.0,administrator
157.0,921.0,4.0,877889684.0,M,1.0,29.0,executive
167.0,559.0,4.0,87946260.0,M,1.0,38.0,other
825.0,328.0,5.0,874787647.0,M,1.0,30.0,artist
890.0,888.0,4.0,879517271.0,M,1.0,23.0,artist
314.0,79.0,3.0,891409846.0,F,0.0,20.0,homemaker
3.0,694.0,4.0,879446767.0,M,1.0,42.0,other
13.0,662.0,3.0,875121572.0,M,1.0,42.0,educator
883.0,523.0,4.0,880571950.0,M,1.0,27.0,other
251.0,924.0,3.0,877751311.0,M,1.0,27.0,doctor
94.0,1481.0,5.0,884121564.0,M,1.0,25.0,student
393.0,100.0,3.0,887745339.0,M,1.0,18.0,student
454.0,678.0,3.0,890283587.0,M,1.0,50.0,other
472.0,323.0,4.0,878542918.0,M,1.0,27.0,student
447.0,531.0,4.0,879969365.0,M,1.0,42.0,administrator
823.0,468.0,1.0,878438403.0,M,1.0,21.0,artist
207.0,885.0,5.0,884752625.0,M,1.0,35.0,marketing
837.0,100.0,5.0,875247411.0,M,1.0,27.0,artist
605.0,15.0,3.0,876832763.0,M,1.0,31.0,engineer
716.0,7.0,3.0,879873929.0,F,0.0,36.0,administrator
492.0,739.0,5.0,879454935.0,M,1.0,50.0,educator
569.0,286.0,2.0,891384959.0,M,1.0,59.0,educator
882.0,111.0,3.0,884122901.0,M,1.0,32.0,salesman
897.0,12.0,4.0,881108598.0,M,1.0,28.0,other
1.0,651.0,3.0,880139765.0,M,1.0,23.0,technician
690.0,486.0,2.0,892686459.0,M,1.0,52.0,healthcare
234.0,479.0,5.0,892334766.0,M,1.0,52.0,retired
279.0,513.0,3.0,875744357.0,M,1.0,31.0,programmer
7.0,288.0,4.0,875463950.0,F,0.0,50.0,administrator
770.0,546.0,3.0,880840051.0,M,1.0,27.0,programmer
286.0,810.0,4.0,874787256.0,M,1.0,26.0,student
666.0,7.0,5.0,885848521.0,M,1.0,39.0,administrator
634.0,1136.0,3.0,879483663.0,F,0.0,10.0,student
409.0,835.0,4.0,879874598.0,M,1.0,42.0,administrator
332.0,14.0,4.0,877806061.0,M,1.0,20.0,student
472.0,7.0,4.0,884282927.0,M,1.0,23.0,student
711.0,754.0,3.0,889126077.0,F,0.0,18.0,student
327.0,707.0,5.0,884585247.0,M,1.0,22.0,student
279.0,127.0,3.0,875961268.0,M,1.0,31.0,programmer
497.0,845.0,4.0,879447957.0,M,1.0,20.0,student
409.0,121.0,1.0,88580907575.0,M,1.0,42.0,administrator
683.0,874.0,4.0,885873159.0,M,1.0,38.0,engineer
399.0,7.0,4.0,883710923.0,M,1.0,24.0,other
880.0,956.0,4.0,88090702046.0,M,1.0,11.0,student
130.0,488.0,2.0,883216358.0,M,1.0,20.0,none
406.0,476.0,3.0,879282902.0,M,1.0,46.0,educator
312.0,1101.0,4.0,891032851.0,M,1.0,42.0,other
398.0,276.0,5.0,875324370.0,M,1.0,36.0,other
707.0,1217.0,4.0,891250584.0,M,1.0,56.0,librarian
568.0,742.0,2.0,881376810.0,M,1.0,35.0,educator
311.0,466.0,4.0,884111937.0,M,1.0,30.0,technician
385.0,469.0,4.0,879451807.0,M,1.0,33.0,writer
398.0,756.0,2.0,879442437.0,F,0.0,36.0,other
727.0,772.0,4.0,8771037.0,M,1.0,24.0,student
766.0,739.0,1.0,888103879.0,M,1.0,39.0,writer
815.0,393.0,3.0,878349499.0,M,1.0,30.0,other
877.0,691.0,3.0,888904518.0,M,1.0,28.0,student
707.0,524.0,4.0,884364688.0,F,0.0,37.0,healthcare
796.0,485.0,5.0,883501644.0,F,0.0,32.0,student
644.0,101.0,4.0,882385526.0,M,1.0,35.0,educator
145.0,879.0,4.0,882622182.0,M,1.0,31.0,entertainment
918.0,79.0,3.0,88082183879.0,M,1.0,26.0,scientist
639.0,485.0,4.0,891388370.0,F,0.0,50.0,other
778.0,683.0,3.0,880886924.0,M,1.0,20.0,student
7.0,237.0,3.0,885046231.0,M,1.0,56.0,administrator
450.0,15.0,4.0,884112077.0,F,0.0,35.0,educator
868.0,9.0,3.0,877887562.0,M,1.0,21.0,programmer
380.0,9.0,2.0,880870239.0,M,1.0,30.0,engineer
794.0,515.0,3.0,884121672.0,M,1.0,51.0,healthcare
332.0,100.0,3.0,889241562.0,M,1.0,20.0,student
757.0,815.0,3.0,880570007.0,F,0.0,25.0,student
13.0,117.0,4.0,889740676.0,M,1.0,42.0,educator
495.0,14.0,4.0,881373900.0,M,1.0,30.0,administrator
843.0,742.0,2.0,879444792.0,M,1.0,28.0,librarian
405.0,100.0,1.0,884140952.0,F,0.0,22.0,healthcare
801.0,875.0,2.0,879461361.0,M,1.0,22.0,student
500.0,56.0,4.0,882900047.0,M,1.0,27.0,administrator
934.0,831.0,4.0,877112069.0,M,1.0,53.0,engineer
59.0,507.0,2.0,883454400.0,M,1.0,43.0,educator
886.0,932.0,3.0,879875865.0,M,1.0,27.0,administrator
500.0,763.0,5.0,876014494.0,M,1.0,27.0,administrator
615.0,276.0,4.0,889739586.0,M,1.0,46.0,educator
860.0,657.0,5.0,877975344.0,M,1.0,70.0,retired
795.0,875.0,4.0,879365093.0,M,1.0,28.0,programmer
716.0,527.0,5.0,880602870.0,F,0.0,50.0,administrator
346.0,931.0,3.0,877833603.0,M,1.0,31.0,other
497.0,511.0,4.0,879461704.0,M,1.0,20.0,student
354.0,50.0,2.0,891035164.0,F,0.0,29.0,librarian
682.0,8.0,4.0,880572543.0,M,1.0,23.0,programmer
938.0,7.0,4.0,891353151.0,M,1.0,38.0,technician
748.0,874.0,5.0,889396180.0,M,1.0,26.0,technician
23.0,300.0,4.0,874814159.0,M,1.0,30.0,artist
339.0,654.0,4.0,890799886.0,M,1.0,23.0,lawyer
293.0,7.0,2.0,888905865.0,M,1.0,23.0,writer
551.0,514.0,1.0,891295171.0,M,1.0,24.0,programmer
796.0,739.0,1.0,879540068.0,M,1.0,32.0,writer
130.0,469.0,3.0,880393471.0,M,1.0,20.0,none
876.0,485.0,5.0,879828783.0,M,1.0,33.0,executive
207.0,12.0,4.0,884129419.0,M,1.0,35.0,marketing
434.0,300.0,5.0,882823708.0,M,1.0,33.0,educator
559.0,586.0,4.0,879448014.0,M,1.0,59.0,educator
648.0,534.0,5.0,887038204.0,M,1.0,39.0,engineer
109.0,709.0,3.0,879191358.0,M,1.0,18.0,other
234.0,988.0,3.0,891284832.0,F,0.0,30.0,librarian
615.0,685.0,5.0,87919192658.0,M,1.0,35.0,educator
551.0,519.0,3.0,875640244.0,M,1.0,24.0,programmer
885.0,1035.0,4.0,880242434.0,F,0.0,16.0,student
435.0,1136.0,3.0,886031606.0,M,1.0,23.0,engineer
897.0,523.0,4.0,880393690.0,M,1.0,27.0,other
435.0,1084.0,2.0,879449800.0,M,1.0,23.0,engineer
768.0,696.0,1.0,878183382.0,M,1.0,27.0,administrator
279.0,966.0,3.0,886630668.0,M,1.0,31.0,programmer
879.0,732.0,4.0,879532501.0,F,0.0,42.0,administrator
13.0,694.0,1.0,879435369.0,M,1.0,35.0,educator
280.0,926.0,5.0,891449237.0,F,0.0,30.0,librarian
234.0,988.0,3.0,875288603.0,M,1.0,52.0,retired
267.0,8.0,4.0,880844420.0,M,1.0,23.0,engineer
848.0,15.0,3.0,8804760.0,M,1.0,41.0,engineer
661.0,15.0,5.0,884749259.0,M,1.0,27.0,programmer
275.0,484.0,5.0,876549595.0,M,1.0,35.0,engineer
94.0,719.0,4.0,885599334.0,M,1.0,25.0,student
579.0,50.0,5.0,891385319.0,M,1.0,59.0,educator
332.0,705.0,4.0,880235473.0,M,1.0,20.0,student
840.0,741.0,2.0,875270155.0,M,1.0,35.0,artist
655.0,591.0,3.0,886480759.0,F,0.0,50.0,healthcare
648.0,117.0,4.0,885771286.0,M,1.0,39.0,engineer
207.0,1145.0,3.0,877808120.0,M,1.0,35.0,marketing
622.0,522.0,3.0,875980086.0,M,1.0,24.0,student
222.0,736.0,3.0,875311259.0,M,1.0,27.0,programmer
864.0,974.0,4.0,880405070.0,M,1.0,26.0,programmer
429.0,578.0,5.0,883877391.0,M,1.0,26.0,student
223.0,651.0,4.0,881251884.0,F,0.0,26.0,student
43.0,7.0,5.0,891367110.0,F,0.0,29.0,librarian
466.0,1301.0,4.0,887038665.0,M,1.0,27.0,student
593.0,111.0,2.0,879438794.0,M,1.0,31.0,educator
492.0,1054.0,4.0,879988313.0,M,1.0,50.0,educator
894.0,566.0,3.0,880135803.0,M,1.0,42.0,educator
40.0,479.0,3.0,882079580.0,M,1.0,35.0,engineer
417.0,474.0,3.0,880572286.0,F,0.0,27.0,other
405.0,493.0,1.0,884365168.0,F,0.0,22.0,healthcare
835.0,741.0,5.0,885453563.0,F,0.0,28.0,other
708.0,919.0,4.0,891208265.0,F,0.0,27.0,librarian
789.0,549.0,4.0,888458519.0,F,0.0,21.0,other
393.0,751.0,4.0,887746309.0,M,1.0,18.0,student
710.0,9.0,5.0,889653475.0,M,1.0,18.0,student
643.0,172.0,3.0,875271578.0,M,1.0,35.0,scientist
201.0,12.0,5.0,878540130.0,M,1.0,26.0,writer
213.0,568.0,2.0,888103973.0,M,1.0,31.0,entertainment
399.0,50.0,5.0,882078250.0,F,0.0,24.0,other
49.0,653.0,3.0,884291787.0,F,0.0,23.0,student
634.0,746.0,4.0,891493613.0,M,1.0,27.0,student
773.0,1038.0,1.0,884124873.0,M,0.0,24.0,student
554.0,675.0,4.0,889070757.0,M,1.0,30.0,scientist
592.0,486.0,4.0,889738022.0,M,1.0,18.0,student
622.0,604.0,4.0,877127810.0,M,1.0,24.0,programmer
412.0,755.0,4.0,879435749.0,M,1.0,44.0,educator
345.0,683.0,4.0,891192858.0,F,0.0,24.0,librarian
771.0,562.0,3.0,877839950.0,M,1.0,20.0,student
586.0,1047.0,5.0,884133677.0,M,1.0,20.0,student
495.0,300.0,4.0,875502648.0,M,1.0,27.0,administrator
643.0,393.0,3.0,880078629.0,M,1.0,35.0,scientist
450.0,527.0,4.0,879641151.0,F,0.0,35.0,educator
774.0,855.0,4.0,888637097.0,M,1.0,23.0,student
286.0,696.0,4.0,874854704.0,M,1.0,26.0,student
634.0,935.0,2.0,877908077.0,F,0.0,20.0,student
276.0,591.0,3.0,876539254.0,M,1.0,21.0,student
757.0,477.0,4.0,888557740.0,M,1.0,25.0,student
374.0,1226.0,4.0,888451553.0,M,1.0,33.0,executive
468.0,50.0,4.0,876314194.0,M,1.0,27.0,engineer
417.0,678.0,5.0,888172413.0,F,0.0,27.0,other
870.0,1140.0,4.0,878761798.0,M,1.0,22.0,student
532.0,629.0,5.0,884637453.0,M,1.0,20.0,student
896.0,685.0,4.0,879443851.0,M,1.0,27.0,programmer
592.0,932.0,4.0,875246565.0,M,1.0,18.0,student
263.0,827.0,1.0,889683324.0,M,1.0,35.0,programmer
95.0,258.0,3.0,886989440.0,M,1.0,29.0,executive
495.0,463.0,4.0,884292902.0,M,1.0,27.0,healthcare
234.0,685.0,3.0,892079769.0,M,1.0,52.0,retired
116.0,9.0,3.0,8844775120.0,M,1.0,36.0,artist
532.0,932.0,4.0,882955978.0,M,1.0,20.0,student
848.0,50.0,3.0,882824467.0,M,1.0,31.0,engineer
459.0,766.0,4.0,87979361783.0,M,1.0,22.0,student
38.0,9.0,3.0,891210082.0,M,1.0,30.0,artist
707.0,682.0,5.0,891199676.0,F,0.0,56.0,librarian
682.0,845.0,5.0,885478812.0,M,1.0,23.0,programmer
472.0,679.0,4.0,875984170.0,M,1.0,23.0,student
456.0,258.0,4.0,879436981.0,M,1.0,27.0,technician
144.0,744.0,4.0,887744053.0,M,1.0,46.0,programmer
676.0,7.0,5.0,880332981.0,M,1.0,32.0,programmer
339.0,1315.0,3.0,891031469.0,M,1.0,31.0,librarian
939.0,678.0,3.0,891369310.0,M,1.0,32.0,writer
405.0,195.0,2.0,880235485.0,F,0.0,22.0,healthcare
293.0,474.0,5.0,879454870.0,M,1.0,23.0,writer
488.0,679.0,4.0,891722770.0,M,1.0,42.0,technician
497.0,489.0,4.0,877757743.0,M,1.0,20.0,student
654.0,1049.0,5.0,891498535.0,F,0.0,27.0,librarian
421.0,678.0,3.0,892685829.0,F,0.0,43.0,programmer
627.0,748.0,3.0,880404557.0,M,1.0,23.0,engineer
286.0,1048.0,4.0,879484292.0,M,1.0,24.0,student
690.0,845.0,2.0,889214482.0,M,1.0,44.0,educator
293.0,732.0,5.0,889737771.0,M,1.0,23.0,programmer
495.0,591.0,4.0,884132614.0,M,1.0,23.0,technician
659.0,486.0,3.0,879444400.0,M,1.0,29.0,educator
158.0,1073.0,4.0,887737874.0,M,1.0,44.0,educator
823.0,98.0,4.0,878438821.0,M,1.0,26.0,artist
327.0,12.0,5.0,877487656.0,M,1.0,22.0,student
308.0,727.0,3.0,887737146.0,M,1.0,52.0,retired
407.0,276.0,4.0,879454971.0,M,1.0,27.0,engineer
588.0,562.0,4.0,879444025.0,F,0.0,26.0,programmer
889.0,517.0,3.0,885599334.0,M,1.0,23.0,student
158.0,697.0,4.0,879449089.0,M,1.0,44.0,educator
429.0,64.0,5.0,875732964.0,M,1.0,26.0,student
712.0,1014.0,3.0,883326995.0,F,0.0,22.0,student
889.0,927.0,4.0,888104116.0,M,1.0,23.0,technician
315.0,288.0,3.0,887160270.0,M,1.0,35.0,educator
329.0,4.0,4.0,891037514.0,M,1.0,45.0,educator
485.0,527.0,4.0,879484159.0,F,0.0,32.0,administrator
189.0,38.0,5.0,893213264.0,F,0.0,31.0,artist
56.0,437.0,5.0,879442061.0,M,1.0,27.0,librarian
320.0,8.0,2.0,887744800.0,M,1.0,18.0,student
256.0,661.0,3.0,885599378.0,F,0.0,35.0,none
790.0,751.0,4.0,884326188.0,M,1.0,26.0,technician
222.0,684.0,4.0,887047334.0,M,1.0,27.0,programmer
510.0,528.0,3.0,880606627.0,M,1.0,35.0,other
214.0,9.0,3.0,891699655.0,F,0.0,31.0,librarian
868.0,153.0,3.0,881263647.0,M,1.0,21.0,programmer
10.0,892.0,4.0,889739678.0,M,1.0,26.0,lawyer
342.0,474.0,4.0,878971688.0,F,0.0,25.0,other
486.0,566.0,4.0,879456729.0,M,1.0,35.0,educator
864.0,676.0,2.0,877399618.0,M,1.0,26.0,programmer
738.0,823.0,4.0,884365773.0,M,1.0,26.0,technician
936.0,984.0,3.0,888069138.0,F,0.0,23.0,other
393.0,692.0,4.0,879554864.0,M,1.0,18.0,student
847.0,628.0,3.0,879193781.0,M,1.0,27.0,student
899.0,685.0,5.0,882385842.0,M,1.0,30.0,marketing
210.0,186.0,3.0,877137062.0,M,1.0,35.0,engineer
693.0,151.0,3.0,883600707.0,M,1.0,24.0,other
854.0,945.0,3.0,891033296.0,F,0.0,29.0,librarian
339.0,855.0,3.0,891192716.0,M,1.0,32.0,lawyer
417.0,210.0,4.0,880393594.0,F,0.0,27.0,other
618.0,294.0,4.0,889289123.0,M,1.0,11.0,student
357.0,302.0,4.0,878962464.0,M,1.0,25.0,other
435.0,662.0,3.0,876266988.0,M,1.0,23.0,engineer
638.0,566.0,5.0,875273529.0,M,1.0,33.0,engineer
405.0,269.0,2.0,886309682.0,F,0.0,22.0,healthcare
161.0,1018.0,5.0,891293766.0,M,1.0,44.0,educator
416.0,931.0,3.0,885679419.0,F,0.0,20.0,student
435.0,693.0,3.0,884133032.0,M,1.0,23.0,engineer
193.0,754.0,4.0,883835053.0,M,1.0,27.0,student
919.0,456.0,4.0,884366110.0,M,1.0,24.0,other
429.0,1035.0,2.0,882384854.0,M,1.0,26.0,student
290.0,781.0,3.0,884365579.0,M,1.0,36.0,engineer
6.0,300.0,4.0,882076814.0,M,1.0,25.0,executive
804.0,1028.0,3.0,884627385.0,M,1.0,35.0,educator
254.0,659.0,3.0,886474441.0,F,0.0,31.0,educator
682.0,709.0,4.0,891294899.0,M,1.0,32.0,programmer
666.0,15.0,3.0,881039090.0,M,1.0,39.0,administrator
765.0,479.0,3.0,883948003.0,M,1.0,24.0,administrator
130.0,679.0,5.0,876032053.0,M,1.0,20.0,none
580.0,663.0,2.0,885848448.0,M,1.0,20.0,student
514.0,741.0,3.0,879444086.0,M,1.0,23.0,programmer
374.0,865.0,4.0,878181147.0,M,1.0,33.0,executive
840.0,678.0,4.0,880336930.0,M,1.0,35.0,marketing
833.0,651.0,4.0,876537613.0,M,1.0,31.0,writer
486.0,963.0,3.0,883870284.0,M,1.0,35.0,educator
58.0,569.0,1.0,882677374.0,M,1.0,26.0,programmer
125.0,566.0,5.0,882076292.0,M,1.0,28.0,lawyer
847.0,56.0,3.0,874953896.0,M,1.0,27.0,student
233.0,135.0,4.0,891267032.0,M,1.0,39.0,engineer
593.0,699.0,2.0,879440127.0,M,1.0,31.0,educator
307.0,783.0,4.0,879554880.0,M,1.0,24.0,student
643.0,732.0,4.0,882827994.0,M,1.0,35.0,scientist
871.0,333.0,3.0,879875788.0,M,1.0,33.0,executive
782.0,732.0,4.0,879787592.0,F,0.0,21.0,artist
608.0,652.0,4.0,880930049.0,M,1.0,22.0,other
387.0,15.0,2.0,875653988.0,M,1.0,31.0,entertainment
76.0,628.0,3.0,889739051.0,M,1.0,20.0,student
456.0,584.0,4.0,882385569.0,M,1.0,23.0,technician
363.0,7.0,3.0,875243030.0,M,1.0,20.0,student
385.0,744.0,3.0,879446017.0,M,1.0,33.0,writer
85.0,685.0,4.0,87945991.0,M,1.0,45.0,educator
405.0,563.0,1.0,884452623.0,F,0.0,22.0,healthcare
697.0,536.0,3.0,875133925.0,M,1.0,24.0,other
782.0,5.0,5.0,885773993.0,F,0.0,21.0,artist
295.0,604.0,4.0,886101653.0,M,1.0,29.0,educator
660.0,118.0,4.0,891014864.0,M,1.0,25.0,student
766.0,181.0,4.0,879445372.0,M,1.0,44.0,administrator
479.0,463.0,3.0,879444021.0,M,1.0,28.0,educator
7.0,685.0,3.0,891351881.0,F,0.0,50.0,administrator
393.0,846.0,5.0,879222658.0,M,1.0,28.0,scientist
892.0,216.0,3.0,891544231.0,M,1.0,30.0,writer
343.0,631.0,2.0,879196230.0,M,1.0,39.0,engineer
727.0,782.0,3.0,875297427.0,M,1.0,24.0,programmer
208.0,569.0,5.0,879975348.0,M,1.0,35.0,engineer
907.0,661.0,3.0,891547897.0,F,0.0,30.0,librarian
896.0,710.0,4.0,887250148.0,M,1.0,37.0,writer
246.0,173.0,2.0,889289491.0,M,1.0,18.0,student
31.0,527.0,3.0,877535914.0,M,1.0,23.0,artist
498.0,692.0,5.0,888703202.0,M,1.0,23.0,technician
466.0,815.0,5.0,885697440.0,M,1.0,22.0,student
749.0,7.0,5.0,891699655.0,F,0.0,31.0,other
894.0,748.0,4.0,880177146.0,M,1.0,44.0,educator
749.0,1028.0,4.0,877381787.0,F,0.0,21.0,other
327.0,9.0,2.0,887745342.0,M,1.0,22.0,student
13.0,682.0,2.0,879440211.0,M,1.0,42.0,educator
496.0,596.0,4.0,879875724.0,M,1.0,23.0,writer
524.0,1232.0,3.0,881649226.0,M,1.0,49.0,educator
567.0,483.0,3.0,883600707.0,M,1.0,23.0,student
577.0,9.0,1.0,889739678.0,M,1.0,23.0,entertainment
42.0,671.0,2.0,879454357.0,M,1.0,28.0,administrator
541.0,676.0,4.0,883444064.0,F,0.0,18.0,other
318.0,431.0,3.0,881370182.0,M,1.0,56.0,none
537.0,472.0,5.0,891171370.0,M,1.0,33.0,engineer
860.0,845.0,3.0,887740568.0,M,1.0,70.0,retired
235.0,514.0,5.0,879446962.0,M,1.0,34.0,educator
716.0,566.0,5.0,884922066.0,M,1.0,36.0,administrator
933.0,181.0,5.0,883348245.0,M,1.0,26.0,student
864.0,732.0,5.0,890452455.0,M,1.0,26.0,programmer
573.0,763.0,2.0,891723494.0,M,1.0,59.0,librarian
311.0,9.0,3.0,882826597.0,M,1.0,30.0,technician
881.0,462.0,3.0,881109375.0,M,1.0,37.0,other
178.0,14.0,3.0,878972616.0,M,1.0,25.0,other
312.0,11.0,5.0,879445372.0,M,1.0,34.0,other
474.0,516.0,4.0,887912416.0,M,1.0,45.0,executive
868.0,202.0,4.0,880177807.0,M,1.0,21.0,student
829.0,286.0,3.0,888067798.0,M,1.0,25.0,other
534.0,813.0,4.0,875653525.0,M,1.0,40.0,scientist
682.0,1017.0,1.0,879484530.0,M,1.0,23.0,programmer
900.0,875.0,4.0,884496202.0,M,1.0,52.0,retired
643.0,851.0,3.0,879786968.0,M,1.0,35.0,scientist
712.0,684.0,4.0,878962922.0,M,1.0,22.0,technician
615.0,748.0,5.0,879453700.0,M,1.0,35.0,educator
569.0,741.0,5.0,879450183.0,M,1.0,31.0,educator
280.0,664.0,4.0,883348333.0,F,0.0,30.0,librarian
671.0,526.0,5.0,877887082.0,M,1.0,23.0,programmer
568.0,647.0,4.0,879442251.0,M,1.0,45.0,educator
532.0,127.0,4.0,879874535.0,M,1.0,20.0,student
456.0,521.0,5.0,883874085.0,M,1.0,23.0,technician
627.0,523.0,2.0,885679962.0,M,1.0,18.0,student
405.0,752.0,3.0,884366010.0,M,1.0,22.0,healthcare
232.0,1049.0,3.0,891296858.0,M,1.0,42.0,engineer
626.0,1012.0,3.0,877126077.0,M,1.0,20.0,student
655.0,815.0,4.0,891250584.0,F,0.0,50.0,healthcare
7.0,328.0,4.0,879876637.0,M,1.0,42.0,administrator
303.0,8.0,4.0,879454091.0,M,1.0,18.0,student
775.0,515.0,4.0,891548612.0,M,1.0,31.0,executive
864.0,474.0,5.0,886609792.0,M,1.0,26.0,programmer
639.0,881.0,3.0,892697502.0,M,1.0,42.0,educator
880.0,474.0,5.0,880178019.0,M,1.0,11.0,student
930.0,568.0,5.0,891384673.0,F,0.0,50.0,other
711.0,1031.0,4.0,884129419.0,F,0.0,22.0,student
325.0,519.0,3.0,879304948.0,M,1.0,42.0,technician
896.0,748.0,4.0,88715897.0,M,1.0,27.0,writer
643.0,121.0,4.0,891192901.0,M,1.0,35.0,scientist
327.0,607.0,3.0,884749482.0,M,1.0,22.0,student
99.0,876.0,2.0,877364987.0,M,1.0,20.0,student
634.0,678.0,5.0,875972349.0,M,1.0,22.0,other
894.0,682.0,4.0,879383781.0,M,1.0,32.0,technician
669.0,661.0,5.0,885599137.0,M,1.0,24.0,other
837.0,724.0,5.0,888104456.0,F,0.0,39.0,artist
533.0,328.0,2.0,884131058.0,M,1.0,39.0,librarian
532.0,663.0,3.0,886621977.0,M,1.0,20.0,student
452.0,472.0,3.0,877385966.0,M,1.0,32.0,administrator
151.0,678.0,4.0,879875433.0,F,0.0,38.0,administrator
250.0,638.0,4.0,876340448.0,M,1.0,27.0,executive
659.0,546.0,3.0,880153437.0,M,1.0,29.0,educator
798.0,50.0,1.0,882385731.0,F,0.0,40.0,writer
321.0,684.0,4.0,881107773.0,F,0.0,49.0,educator
393.0,1028.0,4.0,877104561.0,M,1.0,18.0,student
642.0,1035.0,3.0,874787370.0,F,0.0,17.0,student
833.0,705.0,2.0,875129860.0,M,1.0,31.0,writer
847.0,692.0,4.0,879540040.0,M,1.0,27.0,student
896.0,527.0,3.0,887157640.0,M,1.0,27.0,programmer
733.0,709.0,4.0,879958956.0,M,1.0,26.0,writer
710.0,762.0,2.0,877385893.0,M,1.0,26.0,salesman
457.0,718.0,4.0,879442443.0,F,0.0,33.0,salesman
458.0,469.0,2.0,878769983.0,M,1.0,42.0,technician
863.0,573.0,2.0,8891785.0,M,1.0,17.0,student
269.0,772.0,1.0,883875241.0,M,1.0,26.0,librarian
535.0,79.0,3.0,879445372.0,F,0.0,35.0,educator
864.0,39.0,4.0,880571151.0,M,1.0,27.0,programmer
788.0,713.0,4.0,880139429.0,M,1.0,45.0,administrator
758.0,944.0,3.0,880609975.0,M,1.0,26.0,student
7.0,963.0,4.0,882426595.0,M,1.0,29.0,administrator
568.0,597.0,4.0,879445955.0,M,1.0,35.0,educator
426.0,678.0,2.0,879119260.0,M,1.0,48.0,educator
590.0,653.0,5.0,879441343.0,M,1.0,44.0,educator
889.0,762.0,4.0,885045607.0,M,1.0,23.0,technician
65.0,488.0,4.0,887744065.0,F,0.0,43.0,educator
618.0,762.0,4.0,888636114.0,F,0.0,22.0,student
846.0,604.0,4.0,883948495.0,M,1.0,35.0,lawyer
893.0,588.0,4.0,891249875.0,M,1.0,43.0,librarian
10.0,1042.0,3.0,879454934.0,M,1.0,46.0,lawyer
928.0,186.0,5.0,880394993.0,M,1.0,28.0,other
250.0,467.0,5.0,880232202.0,M,1.0,27.0,executive
592.0,484.0,4.0,884478171.0,M,1.0,18.0,student
840.0,751.0,3.0,891208746.0,M,1.0,35.0,artist
406.0,546.0,3.0,879446014.0,M,1.0,42.0,educator
534.0,684.0,2.0,887046988.0,M,1.0,40.0,engineer
655.0,56.0,2.0,886475682.0,F,0.0,50.0,healthcare
804.0,658.0,4.0,879460394.0,F,0.0,35.0,educator
474.0,689.0,3.0,891448224.0,M,1.0,45.0,executive
592.0,514.0,4.0,882340250.0,M,1.0,18.0,student
342.0,971.0,5.0,887039654.0,F,0.0,25.0,other
788.0,690.0,3.0,879440727.0,M,1.0,32.0,administrator
848.0,1047.0,2.0,885852059.0,M,1.0,41.0,engineer
426.0,588.0,3.0,879446566.0,M,1.0,48.0,educator
318.0,518.0,3.0,884797517.0,M,1.0,56.0,retired
327.0,117.0,4.0,887743644.0,M,1.0,22.0,student
655.0,554.0,3.0,884322113.0,F,0.0,50.0,healthcare
91.0,578.0,5.0,890332788.0,M,1.0,38.0,entertainment
883.0,463.0,3.0,884326690.0,M,1.0,43.0,librarian
874.0,728.0,2.0,886438763.0,M,1.0,33.0,executive
389.0,589.0,2.0,887912401.0,F,0.0,44.0,writer
864.0,854.0,4.0,886921940.0,M,1.0,26.0,programmer
200.0,742.0,5.0,885758087.0,M,1.0,36.0,programmer
770.0,707.0,4.0,878971785.0,M,1.0,27.0,student
942.0,514.0,5.0,891548622.0,F,0.0,48.0,librarian
294.0,1135.0,3.0,879441351.0,M,1.0,52.0,technician
726.0,1028.0,1.0,888632464.0,M,1.0,28.0,other
919.0,511.0,3.0,879443051.0,M,1.0,26.0,technician
897.0,15.0,5.0,880843045.0,M,1.0,27.0,other
932.0,604.0,3.0,880393889.0,M,1.0,50.0,educator
152.0,659.0,5.0,880153412.0,F,0.0,33.0,educator
919.0,614.0,4.0,891498434.0,F,0.0,24.0,other
939.0,515.0,4.0,881372486.0,F,0.0,38.0,technician
405.0,687.0,4.0,877399745.0,F,0.0,22.0,healthcare
847.0,815.0,4.0,884364688.0,M,1.0,20.0,student
486.0,603.0,4.0,879443155.0,M,1.0,35.0,educator
879.0,1023.0,5.0,891369889.0,M,1.0,28.0,administrator
160.0,684.0,4.0,878847015.0,M,1.0,20.0,none
822.0,484.0,3.0,879466214.0,F,0.0,29.0,administrator
279.0,333.0,5.0,884304566.0,M,1.0,31.0,programmer
387.0,709.0,3.0,892696676.0,M,1.0,31.0,artist
536.0,781.0,4.0,879440700.0,M,1.0,35.0,educator
72.0,878.0,5.0,879454383.0,M,1.0,48.0,administrator
137.0,609.0,4.0,891387534.0,M,1.0,44.0,educator
207.0,671.0,4.0,886479610.0,M,1.0,35.0,marketing
399.0,718.0,5.0,882349678.0,M,1.0,24.0,other
327.0,648.0,3.0,882387795.0,M,1.0,22.0,student
457.0,526.0,4.0,875289033.0,M,1.0,33.0,salesman
766.0,294.0,3.0,880572275.0,M,1.0,38.0,other
622.0,514.0,3.0,885844424.0,M,1.0,39.0,engineer
825.0,7.0,3.0,880928745.0,M,1.0,33.0,engineer
843.0,735.0,3.0,891034511.0,M,1.0,32.0,librarian
576.0,732.0,4.0,886984357.0,M,1.0,35.0,executive
248.0,483.0,4.0,882074390.0,F,0.0,24.0,student
303.0,845.0,4.0,879446490.0,M,1.0,18.0,student
332.0,663.0,3.0,879446489.0,M,1.0,20.0,student
650.0,628.0,5.0,891384424.0,M,1.0,38.0,engineer
13.0,603.0,3.0,879440172.0,M,1.0,42.0,educator
393.0,482.0,4.0,875371763.0,M,1.0,18.0,student
561.0,210.0,4.0,875308865.0,M,1.0,26.0,programmer
864.0,1011.0,3.0,875332946.0,M,1.0,26.0,programmer
865.0,654.0,4.0,875294766.0,M,1.0,26.0,artist
275.0,628.0,2.0,880056137.0,M,1.0,23.0,engineer
104.0,4.0,3.0,887159173.0,M,1.0,26.0,student
653.0,708.0,5.0,885075358.0,M,1.0,29.0,executive
592.0,4.0,3.0,879442212.0,M,1.0,18.0,student
632.0,286.0,4.0,887668568.0,M,1.0,20.0,student
815.0,181.0,4.0,878693468.0,M,1.0,30.0,other
717.0,111.0,4.0,879949212.0,F,0.0,23.0,technician
447.0,678.0,4.0,88540020.0,M,1.0,42.0,administrator
445.0,495.0,4.0,892790953.0,M,1.0,21.0,student
655.0,657.0,2.0,888103646.0,F,0.0,50.0,healthcare
782.0,651.0,3.0,891208295.0,F,0.0,49.0,other
694.0,653.0,2.0,875320425.0,M,1.0,24.0,programmer
190.0,823.0,4.0,891477522.0,M,1.0,28.0,administrator
347.0,8.0,3.0,886475682.0,M,1.0,18.0,student
409.0,11.0,3.0,879442861.0,M,1.0,42.0,administrator
455.0,527.0,4.0,879521474.0,M,1.0,42.0,administrator
405.0,511.0,4.0,883495601.0,F,0.0,22.0,healthcare
303.0,662.0,5.0,879793701.0,M,1.0,18.0,student
256.0,639.0,2.0,885828706.0,F,0.0,35.0,student
705.0,1060.0,3.0,878693650.0,F,0.0,21.0,student
345.0,696.0,4.0,885157773.0,F,0.0,28.0,librarian
13.0,932.0,2.0,874963040.0,M,1.0,42.0,educator
42.0,496.0,5.0,879453465.0,M,1.0,28.0,administrator
894.0,1008.0,3.0,880126034.0,M,1.0,42.0,educator
727.0,181.0,4.0,880572001.0,M,1.0,24.0,student
896.0,518.0,4.0,875295832.0,M,1.0,27.0,writer
130.0,743.0,1.0,880605175.0,M,1.0,30.0,none
13.0,514.0,3.0,891035164.0,M,1.0,42.0,librarian
267.0,763.0,4.0,875972059.0,M,1.0,27.0,engineer
548.0,1028.0,2.0,888557603.0,M,1.0,33.0,engineer
748.0,596.0,4.0,879444734.0,M,1.0,27.0,administrator
804.0,871.0,4.0,879574860.0,F,0.0,44.0,educator
405.0,727.0,4.0,885809356.0,F,0.0,22.0,healthcare
640.0,1047.0,3.0,886610445.0,M,1.0,20.0,student
627.0,713.0,3.0,879567880.0,M,1.0,23.0,engineer
524.0,69.0,3.0,891205733.0,M,1.0,48.0,librarian
837.0,181.0,2.0,876031719.0,M,1.0,35.0,artist
664.0,748.0,3.0,884364465.0,M,1.0,26.0,student
715.0,679.0,3.0,879455130.0,M,1.0,21.0,programmer
334.0,7.0,5.0,891549594.0,M,1.0,30.0,librarian
843.0,566.0,5.0,879449939.0,M,1.0,36.0,artist
186.0,748.0,4.0,885954053.0,M,1.0,39.0,executive
537.0,985.0,4.0,886030707.0,M,1.0,33.0,engineer
308.0,661.0,5.0,887738699.0,M,1.0,52.0,retired
592.0,938.0,4.0,882955995.0,M,1.0,18.0,student
417.0,1181.0,3.0,879523150.0,F,0.0,30.0,other
389.0,705.0,4.0,889183016.0,F,0.0,44.0,writer
862.0,693.0,3.0,887736408.0,M,1.0,29.0,executive
37.0,7.0,3.0,885848762.0,M,1.0,36.0,administrator
409.0,528.0,3.0,890284582.0,M,1.0,42.0,administrator
181.0,1063.0,4.0,878963276.0,M,1.0,25.0,executive
854.0,127.0,3.0,891485485.0,F,0.0,30.0,student
649.0,809.0,4.0,891032218.0,M,1.0,42.0,educator
880.0,697.0,2.0,884585105.0,M,1.0,11.0,student
123.0,168.0,4.0,889652562.0,F,0.0,35.0,artist
758.0,678.0,5.0,882386702.0,M,1.0,26.0,student
334.0,5.0,1.0,891192722.0,M,1.0,29.0,librarian
556.0,534.0,5.0,878184846.0,M,1.0,30.0,educator
303.0,744.0,4.0,879440149.0,M,1.0,18.0,student
907.0,518.0,5.0,882051073.0,F,0.0,50.0,educator
94.0,482.0,2.0,889493630.0,M,1.0,25.0,student
660.0,528.0,4.0,877131044.0,M,1.0,25.0,student
85.0,746.0,4.0,886988873.0,M,1.0,45.0,educator
256.0,686.0,4.0,882386309.0,F,0.0,35.0,marketing
843.0,648.0,2.0,879445372.0,M,1.0,32.0,librarian
807.0,723.0,5.0,887736408.0,F,0.0,41.0,healthcare
338.0,713.0,2.0,891457596.0,F,0.0,39.0,librarian
472.0,924.0,4.0,883109197.0,M,1.0,23.0,student
627.0,204.0,3.0,876549808.0,M,1.0,35.0,none
232.0,10.0,3.0,880403550.0,M,1.0,43.0,engineer
608.0,9.0,2.0,880235536.0,M,1.0,22.0,other
659.0,1047.0,4.0,891384332.0,M,1.0,29.0,other
296.0,756.0,5.0,881036781.0,F,0.0,43.0,administrator
119.0,588.0,3.0,883353031.0,M,1.0,30.0,programmer
880.0,654.0,4.0,880145245.0,M,1.0,11.0,student
523.0,8.0,5.0,883601089.0,M,1.0,18.0,student
655.0,628.0,4.0,886482168.0,F,0.0,50.0,healthcare
295.0,569.0,3.0,879517233.0,M,1.0,30.0,educator
435.0,774.0,4.0,884126077.0,M,1.0,23.0,engineer
943.0,22.0,3.0,880242981.0,M,1.0,22.0,student
707.0,675.0,5.0,879466166.0,F,0.0,21.0,student
339.0,405.0,4.0,891034007.0,M,1.0,32.0,lawyer
455.0,652.0,3.0,879544469.0,M,1.0,42.0,administrator
653.0,1.0,3.0,885848584.0,M,1.0,29.0,executive
650.0,475.0,4.0,891384113.0,M,1.0,38.0,engineer
486.0,381.0,4.0,879793156.0,M,1.0,35.0,educator
407.0,648.0,4.0,879435734.0,M,1.0,27.0,engineer
422.0,686.0,2.0,889125907.0,M,1.0,25.0,entertainment
621.0,12.0,4.0,878739010.0,M,1.0,17.0,student
456.0,423.0,2.0,881377071.0,M,1.0,23.0,technician
90.0,595.0,4.0,891383750.0,M,1.0,52.0,educator
716.0,1025.0,5.0,875652978.0,F,0.0,36.0,administrator
435.0,294.0,3.0,884118572.0,M,1.0,23.0,engineer
682.0,763.0,3.0,875981839.0,M,1.0,24.0,programmer
553.0,15.0,2.0,891547229.0,M,1.0,50.0,educator
473.0,595.0,3.0,882900047.0,M,1.0,27.0,student
782.0,286.0,3.0,893219150.0,F,0.0,22.0,artist
7.0,1047.0,3.0,891032777.0,M,1.0,30.0,librarian
268.0,286.0,2.0,877106976.0,M,1.0,23.0,engineer
536.0,473.0,3.0,891375521.0,M,1.0,36.0,entertainment
588.0,1047.0,4.0,889491804.0,F,0.0,17.0,writer
671.0,628.0,3.0,888632488.0,M,1.0,23.0,programmer
514.0,173.0,3.0,881975213.0,M,1.0,26.0,programmer
656.0,526.0,4.0,891478529.0,M,1.0,36.0,writer
279.0,656.0,3.0,885690516.0,M,1.0,31.0,programmer
406.0,826.0,5.0,879444083.0,M,1.0,46.0,educator
704.0,462.0,3.0,891712278.0,F,0.0,51.0,librarian
1.0,472.0,4.0,885478829.0,M,1.0,23.0,technician
532.0,511.0,2.0,886272220.0,M,1.0,20.0,student
72.0,544.0,4.0,879829471.0,F,0.0,48.0,administrator
735.0,1132.0,4.0,880333047.0,M,1.0,28.0,other
325.0,518.0,5.0,891656391.0,M,1.0,42.0,technician
671.0,732.0,3.0,874954195.0,M,1.0,21.0,programmer
243.0,603.0,3.0,878738596.0,M,1.0,31.0,educator
327.0,678.0,3.0,887742187.0,M,1.0,22.0,student
615.0,534.0,4.0,878942822.0,F,0.0,35.0,educator
846.0,523.0,4.0,891369190.0,M,1.0,26.0,educator
536.0,472.0,5.0,887744520.0,M,1.0,35.0,engineer
455.0,603.0,2.0,891035774.0,M,1.0,42.0,administrator
439.0,905.0,4.0,879444410.0,M,1.0,42.0,educator
727.0,871.0,2.0,875270748.0,M,1.0,24.0,student
796.0,741.0,3.0,892526033.0,F,0.0,32.0,writer
799.0,1028.0,5.0,879441805.0,M,1.0,31.0,other
334.0,707.0,4.0,891545410.0,M,1.0,30.0,librarian
727.0,845.0,3.0,883601365.0,M,1.0,23.0,student
871.0,485.0,2.0,889907812.0,M,1.0,34.0,executive
151.0,204.0,3.0,879465592.0,M,1.0,38.0,administrator
637.0,10.0,4.0,876030861.0,M,1.0,28.0,other
474.0,1141.0,5.0,887938760.0,M,1.0,45.0,executive
253.0,471.0,5.0,891888234.0,F,0.0,24.0,librarian
682.0,673.0,4.0,875502894.0,M,1.0,23.0,programmer
562.0,976.0,4.0,879104486.0,F,0.0,53.0,administrator
387.0,591.0,3.0,886484184.0,M,1.0,29.0,entertainment
506.0,629.0,2.0,875028508.0,M,1.0,40.0,none
896.0,758.0,5.0,887159173.0,M,1.0,27.0,writer
58.0,628.0,3.0,884124972.0,M,1.0,26.0,programmer
916.0,11.0,1.0,888068143.0,M,1.0,26.0,engineer
268.0,739.0,4.0,877639760.0,M,1.0,23.0,engineer
758.0,596.0,3.0,878438403.0,M,1.0,26.0,student
881.0,518.0,3.0,874948125.0,M,1.0,35.0,marketing
222.0,1028.0,3.0,884534808.0,M,1.0,27.0,programmer
161.0,661.0,3.0,891192458.0,M,1.0,43.0,lawyer
429.0,1047.0,3.0,882386974.0,M,1.0,26.0,student
848.0,496.0,4.0,884626833.0,M,1.0,27.0,engineer
44.0,127.0,5.0,878961668.0,M,1.0,25.0,technician
334.0,566.0,5.0,891449225.0,M,1.0,30.0,librarian
6.0,732.0,4.0,889129972.0,M,1.0,39.0,other
561.0,9.0,4.0,875463547.0,M,1.0,23.0,engineer
90.0,5.0,3.0,891388250.0,M,1.0,52.0,educator
31.0,1205.0,4.0,885479659.0,M,1.0,1.0,writer
882.0,286.0,4.0,883602886.0,M,1.0,29.0,engineer
130.0,684.0,4.0,874830793.0,M,1.0,20.0,none
117.0,582.0,2.0,881178417.0,M,1.0,20.0,student
474.0,11.0,4.0,887912382.0,M,1.0,45.0,executive
158.0,1044.0,5.0,879441913.0,M,1.0,44.0,educator
194.0,508.0,3.0,879453740.0,M,1.0,35.0,administrator
862.0,4.0,5.0,889739678.0,M,1.0,24.0,executive
548.0,471.0,3.0,879445430.0,M,1.0,45.0,educator
836.0,651.0,3.0,875359760.0,M,1.0,39.0,artist
533.0,748.0,5.0,893266871.0,M,1.0,39.0,librarian
472.0,579.0,4.0,880568862.0,M,1.0,23.0,student
144.0,286.0,3.0,879532628.0,M,1.0,46.0,administrator
507.0,727.0,4.0,888540042.0,M,1.0,17.0,writer
892.0,101.0,5.0,886398712.0,M,1.0,33.0,other
264.0,357.0,4.0,891013626.0,F,0.0,36.0,writer
618.0,1082.0,4.0,880139180.0,F,0.0,11.0,student
472.0,684.0,4.0,875135644.0,M,1.0,23.0,student
160.0,1037.0,4.0,884304560.0,M,1.0,26.0,programmer
1.0,628.0,4.0,885807914.0,M,1.0,23.0,technician
796.0,228.0,4.0,875973094.0,F,0.0,32.0,writer
215.0,795.0,4.0,891352856.0,M,1.0,32.0,programmer
796.0,615.0,1.0,892151195.0,F,0.0,32.0,writer
537.0,14.0,4.0,886032430.0,M,1.0,33.0,marketing
308.0,10.0,2.0,887742851.0,M,1.0,52.0,retired
729.0,652.0,3.0,878878685.0,M,1.0,18.0,student
95.0,748.0,3.0,879484113.0,M,1.0,29.0,administrator
25.0,869.0,4.0,875653493.0,M,1.0,23.0,entertainment
671.0,581.0,4.0,888104586.0,M,1.0,23.0,programmer
868.0,671.0,4.0,877108825.0,M,1.0,21.0,student
537.0,628.0,3.0,886031106.0,M,1.0,46.0,marketing
815.0,180.0,4.0,884991316.0,M,1.0,30.0,other
788.0,121.0,4.0,880178019.0,F,0.0,45.0,administrator
184.0,64.0,3.0,879460001.0,M,1.0,34.0,librarian
130.0,692.0,4.0,879875058.0,M,1.0,20.0,none
615.0,237.0,3.0,879792340.0,M,1.0,35.0,educator
268.0,636.0,3.0,882156624.0,M,1.0,23.0,engineer
343.0,659.0,3.0,875509764.0,M,1.0,39.0,engineer
568.0,1035.0,5.0,886483794.0,M,1.0,35.0,executive
510.0,652.0,3.0,888888906.0,M,1.0,31.0,other
422.0,15.0,4.0,877136625.0,M,1.0,22.0,entertainment
843.0,979.0,3.0,879482906.0,M,1.0,32.0,librarian
425.0,1017.0,4.0,875071053.0,M,1.0,18.0,student
637.0,756.0,3.0,882360601.0,F,0.0,28.0,other
783.0,523.0,5.0,875297425.0,F,0.0,36.0,homemaker
454.0,474.0,4.0,885679603.0,M,1.0,50.0,other
66.0,237.0,3.0,8880697930.0,M,1.0,23.0,student
889.0,685.0,4.0,880175662.0,M,1.0,23.0,technician
787.0,749.0,3.0,889679411.0,F,0.0,17.0,student
870.0,662.0,2.0,888067691.0,M,1.0,22.0,student
880.0,733.0,4.0,880242714.0,M,1.0,11.0,student
865.0,665.0,3.0,879461491.0,M,1.0,27.0,artist
303.0,238.0,5.0,879443471.0,M,1.0,18.0,student
109.0,864.0,4.0,880606725.0,M,1.0,27.0,other
345.0,518.0,3.0,889731012.0,F,0.0,28.0,librarian
378.0,300.0,3.0,885921778.0,M,1.0,32.0,student
435.0,709.0,3.0,884133823.0,M,1.0,23.0,engineer
682.0,79.0,4.0,891200447.0,M,1.0,46.0,programmer
871.0,729.0,5.0,885852377.0,M,1.0,29.0,executive
216.0,472.0,5.0,879440475.0,M,1.0,22.0,engineer
102.0,1011.0,5.0,887038604.0,M,1.0,35.0,programmer
642.0,763.0,5.0,884477352.0,M,1.0,17.0,student
110.0,174.0,3.0,878972314.0,M,1.0,18.0,student
621.0,685.0,2.0,886030552.0,M,1.0,17.0,student
416.0,709.0,4.0,877225433.0,F,0.0,20.0,student
597.0,508.0,4.0,882608873.0,M,1.0,29.0,other
889.0,546.0,4.0,891449558.0,M,1.0,38.0,technician
313.0,496.0,2.0,881108883.0,M,1.0,37.0,marketing
437.0,735.0,5.0,884490499.0,F,0.0,27.0,other
506.0,174.0,4.0,887737210.0,M,1.0,27.0,programmer
679.0,607.0,4.0,883949594.0,M,1.0,20.0,other
766.0,1058.0,1.0,889737376.0,M,1.0,28.0,other
194.0,634.0,5.0,87937862.0,M,1.0,35.0,administrator
255.0,11.0,5.0,881654152.0,M,1.0,23.0,entertainment
299.0,1047.0,2.0,884366270.0,M,1.0,27.0,doctor
469.0,682.0,3.0,883348873.0,M,1.0,27.0,other
727.0,1051.0,5.0,883711540.0,M,1.0,24.0,student
291.0,8.0,4.0,874950791.0,M,1.0,20.0,student
716.0,748.0,5.0,885180558.0,F,0.0,36.0,administrator
537.0,515.0,5.0,880123538.0,M,1.0,33.0,programmer
92.0,863.0,2.0,886032123.0,M,1.0,30.0,entertainment
655.0,7.0,4.0,884326690.0,M,1.0,50.0,healthcare
860.0,181.0,4.0,887912717.0,M,1.0,38.0,executive
716.0,588.0,3.0,879875823.0,F,0.0,36.0,administrator
846.0,521.0,4.0,883950897.0,M,1.0,26.0,other
1.0,11.0,4.0,891293856.0,M,1.0,23.0,technician
617.0,762.0,4.0,891352303.0,F,0.0,27.0,librarian
1.0,12.0,3.0,885809934.0,M,1.0,23.0,technician
302.0,879.0,4.0,879484159.0,M,1.0,25.0,educator
715.0,948.0,2.0,883764465.0,M,1.0,21.0,student
828.0,628.0,4.0,877104556.0,M,1.0,31.0,scientist
751.0,98.0,3.0,879220760.0,F,0.0,24.0,other
239.0,12.0,3.0,892555244.0,M,1.0,35.0,artist
829.0,654.0,4.0,888640317.0,F,0.0,31.0,writer
682.0,845.0,3.0,877399618.0,M,1.0,23.0,programmer
634.0,771.0,5.0,878961814.0,M,1.0,20.0,student
851.0,845.0,4.0,886607942.0,F,0.0,23.0,other
207.0,589.0,4.0,886323297.0,M,1.0,35.0,marketing
925.0,1411.0,4.0,882077527.0,M,1.0,33.0,engineer
664.0,681.0,4.0,876251598.0,M,1.0,39.0,engineer
298.0,721.0,3.0,875541543.0,M,1.0,31.0,executive
502.0,447.0,4.0,874873151.0,M,1.0,22.0,student
283.0,686.0,5.0,875306644.0,M,1.0,31.0,programmer
661.0,195.0,4.0,878192078.0,M,1.0,33.0,engineer
648.0,751.0,3.0,885848443.0,M,1.0,39.0,engineer
390.0,516.0,3.0,889910409.0,F,0.0,43.0,writer
452.0,7.0,1.0,8798758804.0,M,1.0,32.0,administrator
328.0,117.0,4.0,879361661.0,M,1.0,45.0,administrator
618.0,581.0,3.0,892333868.0,F,0.0,20.0,student
194.0,546.0,3.0,879523820.0,M,1.0,35.0,administrator
863.0,176.0,4.0,879455605.0,M,1.0,38.0,student
13.0,763.0,5.0,882140147.0,M,1.0,42.0,educator
538.0,615.0,3.0,879975325.0,M,1.0,30.0,scientist
1.0,845.0,4.0,878972618.0,M,1.0,23.0,technician
279.0,708.0,3.0,875728826.0,M,1.0,31.0,programmer
405.0,9.0,3.0,878973669.0,F,0.0,22.0,healthcare
532.0,258.0,4.0,879192679.0,M,1.0,18.0,student
371.0,684.0,5.0,885810240.0,M,1.0,39.0,engineer
799.0,527.0,4.0,884304941.0,M,1.0,30.0,other
536.0,628.0,3.0,879532833.0,M,1.0,33.0,engineer
160.0,515.0,5.0,888639794.0,M,1.0,26.0,programmer
807.0,423.0,3.0,887740567.0,F,0.0,43.0,healthcare
393.0,517.0,4.0,879309935.0,M,1.0,18.0,student
416.0,497.0,5.0,879448073.0,F,0.0,20.0,student
739.0,405.0,4.0,880356025.0,F,0.0,29.0,technician
311.0,716.0,5.0,884322113.0,M,1.0,30.0,technician
543.0,9.0,3.0,891353047.0,M,1.0,31.0,librarian
416.0,64.0,4.0,891374895.0,F,0.0,20.0,student
659.0,1218.0,3.0,879455058.0,M,1.0,27.0,educator
650.0,4.0,4.0,881108877.0,M,1.0,38.0,engineer
368.0,831.0,4.0,888555805.0,M,1.0,22.0,student
537.0,708.0,3.0,879454925.0,M,1.0,35.0,scientist
537.0,663.0,5.0,880474235.0,M,1.0,33.0,engineer
825.0,1028.0,3.0,880871034.0,M,1.0,33.0,engineer
224.0,684.0,3.0,879899158.0,F,0.0,31.0,educator
279.0,1204.0,4.0,875129871.0,M,1.0,31.0,programmer
255.0,886.0,4.0,882157017.0,M,1.0,23.0,entertainment
896.0,8.0,1.0,875731788.0,M,1.0,27.0,writer
210.0,1032.0,3.0,884637067.0,M,1.0,35.0,engineer
468.0,984.0,4.0,875744032.0,M,1.0,27.0,engineer
653.0,12.0,4.0,891560481.0,M,1.0,33.0,educator
405.0,22.0,4.0,884304481.0,F,0.0,22.0,healthcare
381.0,100.0,3.0,882075416.0,M,1.0,31.0,artist
660.0,832.0,3.0,874730320.0,M,1.0,25.0,student
692.0,568.0,3.0,879901507.0,M,1.0,34.0,other
843.0,708.0,5.0,879441437.0,F,0.0,32.0,librarian
663.0,518.0,3.0,891251199.0,M,1.0,25.0,librarian
591.0,659.0,4.0,886029555.0,M,1.0,18.0,student
279.0,895.0,2.0,886920966.0,M,1.0,31.0,programmer
308.0,8.0,4.0,887738413.0,M,1.0,52.0,retired
500.0,663.0,3.0,875961635.0,M,1.0,27.0,administrator
800.0,551.0,3.0,880134266.0,M,1.0,35.0,other
704.0,742.0,4.0,891547811.0,F,0.0,51.0,librarian
747.0,826.0,3.0,875728841.0,M,1.0,18.0,student
291.0,742.0,3.0,874873247.0,M,1.0,18.0,student
92.0,476.0,3.0,880332635.0,M,1.0,30.0,entertainment
659.0,886.0,3.0,891384357.0,F,0.0,29.0,educator
476.0,323.0,2.0,877566420.0,M,1.0,27.0,student
615.0,1012.0,4.0,879453800.0,M,1.0,45.0,other
159.0,685.0,5.0,875654325.0,F,0.0,30.0,student
724.0,969.0,2.0,875540052.0,M,1.0,29.0,executive
561.0,528.0,4.0,880925199.0,M,1.0,23.0,engineer
59.0,619.0,3.0,881957424.0,M,1.0,43.0,educator
178.0,14.0,4.0,891998054.0,M,1.0,25.0,other
256.0,517.0,5.0,879976165.0,F,0.0,35.0,none
869.0,519.0,2.0,882140948.0,M,1.0,39.0,executive
906.0,1066.0,2.0,879444561.0,M,1.0,35.0,executive
303.0,742.0,4.0,879447813.0,M,1.0,18.0,student
298.0,12.0,2.0,891392570.0,M,1.0,45.0,executive
833.0,682.0,4.0,887157114.0,M,1.0,31.0,writer
640.0,652.0,4.0,877399018.0,M,1.0,20.0,student
804.0,121.0,4.0,879445372.0,M,1.0,35.0,educator
7.0,8.0,4.0,884064365.0,M,1.0,30.0,administrator
880.0,518.0,4.0,880152640.0,M,1.0,11.0,student
717.0,773.0,3.0,889128878.0,M,1.0,17.0,student
468.0,939.0,3.0,877807461.0,M,1.0,27.0,engineer
13.0,683.0,3.0,879441277.0,M,1.0,42.0,educator
293.0,496.0,3.0,888634581.0,M,1.0,23.0,writer
682.0,56.0,4.0,884920908.0,F,0.0,23.0,student
85.0,709.0,4.0,879445573.0,M,1.0,45.0,homemaker
407.0,742.0,4.0,880046363.0,M,1.0,27.0,engineer
234.0,988.0,2.0,892334883.0,M,1.0,52.0,retired
758.0,739.0,3.0,875286946.0,M,1.0,26.0,student
554.0,651.0,5.0,879446853.0,M,1.0,50.0,educator
299.0,940.0,5.0,878184393.0,M,1.0,27.0,doctor
868.0,989.0,5.0,878963205.0,M,1.0,21.0,programmer
178.0,1222.0,2.0,884920977.0,M,1.0,25.0,other
456.0,7.0,3.0,880179171.0,M,1.0,23.0,technician
532.0,1592.0,4.0,889722012.0,M,1.0,17.0,student
643.0,12.0,4.0,875680448.0,M,1.0,31.0,programmer
271.0,831.0,3.0,888634987.0,M,1.0,45.0,engineer
543.0,568.0,4.0,886031606.0,M,1.0,35.0,engineer
370.0,930.0,3.0,877139411.0,M,1.0,27.0,writer
90.0,709.0,3.0,891381422.0,M,1.0,52.0,educator
234.0,727.0,3.0,892336067.0,M,1.0,52.0,retired
632.0,748.0,2.0,875071074.0,M,1.0,20.0,student
6.0,518.0,4.0,888069356.0,M,1.0,29.0,executive
829.0,1138.0,3.0,875289123.0,M,1.0,24.0,entertainment
773.0,871.0,5.0,888641999.0,M,1.0,26.0,student
21.0,286.0,3.0,876816268.0,M,1.0,25.0,writer
434.0,546.0,5.0,889739438.0,M,1.0,25.0,writer
71041.0,584.0,2.0,880403622.0,M,1.0,18.0,student
416.0,1074.0,4.0,891438909.0,F,0.0,20.0,student
495.0,746.0,4.0,889469928.0,M,1.0,27.0,writer
869.0,690.0,4.0,878542443.0,M,1.0,28.0,student
650.0,746.0,3.0,891464537.0,M,1.0,38.0,engineer
823.0,1031.0,3.0,875224482.0,M,1.0,26.0,artist
38.0,678.0,3.0,875640317.0,M,1.0,30.0,artist
807.0,121.0,5.0,891696999.0,F,0.0,10.0,student
286.0,673.0,4.0,877399618.0,M,1.0,26.0,student
279.0,100.0,4.0,884637031.0,M,1.0,31.0,salesman
279.0,646.0,4.0,874965694.0,M,1.0,31.0,programmer
4.0,744.0,4.0,888886422.0,M,1.0,23.0,technician
318.0,568.0,5.0,884478171.0,M,1.0,56.0,retired
506.0,591.0,4.0,889178887.0,M,1.0,17.0,programmer
936.0,473.0,5.0,888103906.0,M,1.0,35.0,engineer
110.0,969.0,3.0,880571844.0,M,1.0,22.0,student
825.0,423.0,3.0,878764078.0,M,1.0,31.0,engineer
183.0,929.0,3.0,889121572.0,M,1.0,35.0,scientist
796.0,790.0,4.0,891385499.0,F,0.0,32.0,writer
311.0,661.0,3.0,880178411.0,M,1.0,30.0,technician
95.0,576.0,3.0,879486951.0,M,1.0,30.0,administrator
276.0,1028.0,3.0,874787144.0,M,1.0,20.0,student
328.0,645.0,4.0,875556079.0,M,1.0,45.0,administrator
393.0,514.0,2.0,885044100.0,M,1.0,18.0,student
339.0,541.0,3.0,891035121.0,M,1.0,34.0,lawyer
472.0,10.0,3.0,876032246.0,M,1.0,23.0,student
406.0,1046.0,4.0,880179737.0,M,1.0,46.0,educator
457.0,8.0,4.0,882350850.0,F,0.0,33.0,salesman
331.0,825.0,4.0,878697545.0,M,1.0,31.0,entertainment
94.0,948.0,4.0,883324828.0,F,0.0,25.0,student
539.0,956.0,4.0,891541121.0,F,0.0,29.0,librarian
139.0,690.0,5.0,887744644.0,M,1.0,20.0,student
7.0,7.0,4.0,878935244.0,M,1.0,50.0,administrator
686.0,469.0,5.0,886484367.0,M,1.0,35.0,educator
214.0,732.0,4.0,891037459.0,F,0.0,26.0,librarian
85.0,926.0,3.0,879481559.0,M,1.0,45.0,educator
263.0,523.0,4.0,875334066.0,M,1.0,27.0,programmer
883.0,559.0,4.0,879442237.0,M,1.0,31.0,librarian
615.0,11.0,5.0,879466491.0,M,1.0,30.0,educator
892.0,485.0,3.0,879876692.0,M,1.0,33.0,other
402.0,751.0,5.0,886028235.0,M,1.0,35.0,engineer
90.0,846.0,5.0,891385164.0,M,1.0,52.0,educator
750.0,682.0,5.0,885048672.0,M,1.0,27.0,administrator
178.0,946.0,3.0,883539465.0,M,1.0,25.0,other
510.0,466.0,4.0,875962429.0,F,0.0,35.0,other
197.0,471.0,2.0,884991072.0,M,1.0,48.0,writer
936.0,605.0,5.0,890863094.0,M,1.0,38.0,other
894.0,603.0,4.0,875354089.0,M,1.0,27.0,student
790.0,813.0,3.0,885157790.0,M,1.0,26.0,technician
592.0,258.0,4.0,888632501.0,M,1.0,18.0,student
871.0,662.0,5.0,891016866.0,M,1.0,29.0,executive
320.0,688.0,4.0,891723356.0,M,1.0,18.0,student
23.0,515.0,3.0,875743825.0,F,0.0,30.0,artist
407.0,294.0,3.0,877132006.0,M,1.0,27.0,engineer
246.0,12.0,4.0,884922818.0,M,1.0,18.0,student
628.0,56.0,4.0,891033805.0,M,1.0,41.0,librarian
318.0,1048.0,4.0,884493564.0,M,1.0,56.0,retired
328.0,1036.0,4.0,879298206.0,M,1.0,45.0,administrator
862.0,483.0,4.0,879460150.0,M,1.0,25.0,executive
628.0,1234.0,4.0,879874961.0,M,1.0,27.0,administrator
592.0,934.0,3.0,887744328.0,M,1.0,18.0,student
380.0,685.0,3.0,884125077.0,M,1.0,30.0,engineer
347.0,472.0,4.0,875242275.0,M,1.0,18.0,student
40.0,245.0,3.0,881373760.0,M,1.0,35.0,scientist
222.0,523.0,4.0,879968143.0,M,1.0,27.0,programmer
717.0,1247.0,4.0,880134296.0,M,1.0,27.0,technician
201.0,568.0,3.0,881957681.0,M,1.0,26.0,writer
774.0,723.0,4.0,882905812.0,F,0.0,28.0,student
805.0,874.0,4.0,875733046.0,M,1.0,27.0,other
269.0,972.0,4.0,879461751.0,F,0.0,31.0,librarian
524.0,596.0,4.0,879302902.0,M,1.0,49.0,educator
278.0,127.0,4.0,875966357.0,F,0.0,31.0,librarian
222.0,174.0,3.0,886988574.0,M,1.0,27.0,programmer
343.0,527.0,5.0,875242216.0,M,1.0,39.0,engineer
252.0,659.0,5.0,891033481.0,F,0.0,27.0,librarian
363.0,603.0,4.0,891723261.0,M,1.0,22.0,student
642.0,828.0,3.0,884122527.0,M,1.0,17.0,programmer
804.0,1245.0,5.0,879461402.0,M,1.0,35.0,educator
330.0,526.0,4.0,884304522.0,M,1.0,35.0,doctor
394.0,631.0,2.0,884131859.0,M,1.0,26.0,other
703.0,1039.0,3.0,891447653.0,F,0.0,42.0,educator
6.0,781.0,4.0,888453400.0,M,1.0,33.0,executive
374.0,7.0,4.0,878971533.0,M,1.0,33.0,executive
682.0,931.0,4.0,880178019.0,M,1.0,23.0,programmer
201.0,705.0,5.0,885753904.0,M,1.0,26.0,writer
279.0,684.0,3.0,886395858.0,M,1.0,31.0,programmer
145.0,605.0,3.0,875654627.0,M,1.0,29.0,entertainment
354.0,1451.0,3.0,879485427.0,F,0.0,29.0,librarian
880.0,511.0,3.0,891209290.0,M,1.0,11.0,librarian
13.0,1054.0,3.0,891283429.0,M,1.0,42.0,educator
514.0,294.0,4.0,880845135.0,M,1.0,26.0,programmer
406.0,553.0,4.0,879521216.0,M,1.0,46.0,educator
472.0,856.0,5.0,886533774.0,M,1.0,23.0,student
432.0,195.0,3.0,875654898.0,M,1.0,22.0,entertainment
207.0,939.0,3.0,889381763.0,M,1.0,35.0,marketing
145.0,1035.0,5.0,875964066.0,M,1.0,29.0,entertainment
249.0,554.0,3.0,880134296.0,M,1.0,24.0,student
878.0,1047.0,5.0,8801807653.0,F,0.0,50.0,educator
417.0,723.0,4.0,884751430.0,F,0.0,27.0,other
23.0,7.0,5.0,874813592.0,F,0.0,30.0,artist
37.0,763.0,2.0,883875241.0,M,1.0,23.0,marketing
605.0,876.0,4.0,879874933.0,M,1.0,51.0,administrator
479.0,678.0,4.0,879119260.0,M,1.0,28.0,administrator
806.0,741.0,3.0,883948380.0,M,1.0,26.0,marketing
483.0,716.0,3.0,878963167.0,M,1.0,42.0,engineer
615.0,828.0,5.0,879460173.0,M,1.0,35.0,educator
92.0,541.0,4.0,875546866.0,M,1.0,25.0,other
708.0,1418.0,3.0,879791387.0,F,0.0,32.0,librarian
788.0,64.0,3.0,883452450.0,M,1.0,45.0,educator
308.0,707.0,4.0,887736408.0,M,1.0,52.0,retired
328.0,946.0,2.0,885049433.0,M,1.0,45.0,administrator
399.0,521.0,3.0,879440211.0,M,1.0,24.0,other
889.0,592.0,3.0,884478171.0,M,1.0,40.0,technician
767.0,597.0,3.0,884133681.0,M,1.0,26.0,other
244.0,1203.0,4.0,878961868.0,M,1.0,27.0,technician
388.0,921.0,4.0,892678485.0,M,1.0,39.0,other
235.0,895.0,3.0,879466983.0,M,1.0,34.0,programmer
524.0,732.0,3.0,879974802.0,M,1.0,31.0,scientist
290.0,681.0,5.0,877891966.0,M,1.0,30.0,engineer
805.0,966.0,4.0,878183941.0,M,1.0,27.0,other
590.0,528.0,4.0,885599307.0,M,1.0,52.0,educator
354.0,582.0,3.0,884128232.0,F,0.0,29.0,librarian
566.0,558.0,5.0,883326995.0,M,1.0,18.0,student
429.0,1028.0,4.0,880405066.0,M,1.0,26.0,student
178.0,515.0,5.0,878692940.0,M,1.0,25.0,other
7.0,658.0,3.0,891250584.0,M,1.0,50.0,administrator
892.0,735.0,3.0,881037119.0,M,1.0,29.0,student
446.0,15.0,3.0,883327442.0,M,1.0,20.0,student
751.0,473.0,3.0,885044127.0,M,1.0,24.0,administrator
561.0,874.0,5.0,891304865.0,M,1.0,23.0,engineer
650.0,652.0,4.0,882340501.0,M,1.0,38.0,engineer
622.0,151.0,4.0,875729667.0,M,1.0,24.0,writer
116.0,584.0,3.0,891050552.0,M,1.0,36.0,other
837.0,946.0,3.0,880376922.0,F,0.0,32.0,other
758.0,527.0,5.0,881374673.0,M,1.0,26.0,none
514.0,597.0,4.0,888104456.0,M,1.0,26.0,programmer
627.0,652.0,4.0,877399745.0,M,1.0,23.0,programmer
918.0,659.0,4.0,877139729.0,M,1.0,23.0,engineer
236.0,382.0,4.0,884126077.0,M,1.0,30.0,writer
501.0,559.0,4.0,883348226.0,M,1.0,22.0,other
6.0,546.0,4.0,886475774.0,M,1.0,38.0,executive
269.0,846.0,3.0,891549594.0,F,0.0,31.0,librarian
346.0,511.0,3.0,878184074.0,M,1.0,35.0,other
23.0,619.0,1.0,891447532.0,F,0.0,30.0,artist
64.0,1028.0,2.0,889079963.0,M,1.0,30.0,educator
95.0,528.0,2.0,879521541.0,M,1.0,29.0,administrator
468.0,933.0,5.0,886394786.0,M,1.0,28.0,student
919.0,8.0,4.0,882140426.0,M,1.0,44.0,other
338.0,603.0,4.0,891723706.0,F,0.0,39.0,librarian
378.0,527.0,5.0,880572277.0,M,1.0,32.0,student
804.0,810.0,5.0,879446475.0,M,1.0,35.0,educator
82.0,751.0,4.0,888069138.0,M,1.0,44.0,programmer
636.0,546.0,4.0,891037106.0,M,1.0,32.0,librarian
195.0,588.0,4.0,878940583.0,M,1.0,30.0,scientist
343.0,127.0,3.0,877196762.0,M,1.0,39.0,engineer
280.0,423.0,5.0,891547746.0,F,0.0,28.0,librarian
437.0,186.0,3.0,882958863.0,M,1.0,28.0,other
459.0,569.0,4.0,881106562.0,M,1.0,22.0,technician
343.0,662.0,2.0,888639679.0,M,1.0,39.0,engineer
880.0,653.0,2.0,882621940.0,M,1.0,11.0,student
897.0,678.0,5.0,879948812.0,M,1.0,28.0,other
889.0,629.0,2.0,875804751.0,M,1.0,23.0,technician
932.0,210.0,5.0,889041662.0,M,1.0,20.0,student
710.0,13.0,5.0,879111488.0,F,0.0,21.0,student
269.0,515.0,3.0,891033111.0,F,0.0,31.0,librarian
256.0,515.0,4.0,881373067.0,M,1.0,35.0,none
43.0,1264.0,5.0,879461371.0,M,1.0,31.0,scientist
13.0,1054.0,3.0,881955596.0,M,1.0,42.0,educator
328.0,873.0,2.0,879874971.0,M,1.0,32.0,administrator
265.0,549.0,2.0,891013906.0,M,1.0,53.0,executive
95.0,546.0,5.0,879539212.0,M,1.0,29.0,administrator
405.0,195.0,3.0,884753047.0,F,0.0,22.0,healthcare
495.0,478.0,5.0,880403554.0,M,1.0,27.0,engineer
815.0,749.0,4.0,879717071.0,M,1.0,32.0,other
207.0,11.0,3.0,879454981.0,M,1.0,35.0,marketing
682.0,588.0,4.0,883248278.0,M,1.0,24.0,writer
697.0,485.0,5.0,888905099.0,M,1.0,31.0,other
472.0,9.0,4.0,886031422.0,M,1.0,23.0,student
679.0,535.0,3.0,879440168.0,M,1.0,48.0,educator
38.0,648.0,2.0,891386210.0,F,0.0,24.0,artist
92.0,742.0,4.0,880844644.0,M,1.0,30.0,entertainment
445.0,671.0,4.0,890862527.0,M,1.0,21.0,lawyer
328.0,654.0,5.0,886833099.0,M,1.0,45.0,administrator
311.0,519.0,3.0,882344164.0,M,1.0,30.0,technician
618.0,659.0,4.0,879876662.0,F,0.0,45.0,librarian
833.0,5.0,5.0,875244530.0,M,1.0,32.0,writer
848.0,216.0,4.0,880332685.0,M,1.0,41.0,engineer
601.0,1016.0,3.0,889697317.0,M,1.0,18.0,student
683.0,966.0,3.0,879539952.0,M,1.0,45.0,other
833.0,663.0,2.0,875962076.0,M,1.0,31.0,writer
608.0,715.0,3.0,880175329.0,M,1.0,42.0,other
234.0,741.0,3.0,892079237.0,M,1.0,52.0,retired
145.0,715.0,5.0,875655047.0,F,0.0,29.0,entertainment
590.0,258.0,2.0,891544736.0,M,1.0,30.0,librarian
95.0,839.0,4.0,881060281.0,M,1.0,29.0,administrator
101.0,596.0,3.0,875801525.0,M,1.0,20.0,student
861.0,4.0,5.0,883327799.0,M,1.0,18.0,student
406.0,813.0,4.0,878697568.0,M,1.0,44.0,educator
627.0,772.0,4.0,874787159.0,M,1.0,21.0,student
279.0,1136.0,5.0,878963092.0,M,1.0,31.0,programmer
489.0,678.0,4.0,887160045.0,M,1.0,27.0,other
567.0,742.0,4.0,883697253.0,M,1.0,23.0,student
916.0,9.0,3.0,875506600.0,F,0.0,51.0,other
863.0,515.0,4.0,884640119.0,M,1.0,17.0,student
661.0,1235.0,3.0,878962557.0,M,1.0,27.0,programmer
457.0,989.0,5.0,886395930.0,F,0.0,33.0,writer
130.0,151.0,5.0,879466461.0,M,1.0,20.0,none
810.0,679.0,4.0,879821330.0,M,1.0,42.0,healthcare
682.0,98.0,5.0,888538916.0,M,1.0,23.0,programmer
339.0,511.0,5.0,891045222.0,M,1.0,32.0,lawyer
234.0,979.0,3.0,892335164.0,M,1.0,52.0,retired
222.0,485.0,4.0,878543049.0,M,1.0,27.0,programmer
207.0,186.0,4.0,879385822.0,M,1.0,35.0,marketing
804.0,841.0,3.0,881108817.0,M,1.0,35.0,educator
863.0,531.0,3.0,885849584.0,M,1.0,17.0,student
741.0,684.0,3.0,892738231.0,M,1.0,24.0,writer
160.0,9.0,5.0,875289825.0,M,1.0,26.0,programmer
642.0,578.0,3.0,879451471.0,M,1.0,16.0,student
747.0,685.0,4.0,886272486.0,M,1.0,31.0,other
715.0,286.0,4.0,879447167.0,M,1.0,39.0,executive
595.0,707.0,3.0,882905551.0,M,1.0,26.0,writer
401.0,472.0,4.0,881104837.0,F,0.0,46.0,healthcare
215.0,773.0,5.0,892738231.0,M,1.0,32.0,programmer
318.0,28.0,3.0,886479677.0,M,1.0,44.0,educator
311.0,514.0,2.0,884462692.0,M,1.0,43.0,technician
210.0,9.0,5.0,876034210.0,M,1.0,35.0,engineer
542.0,741.0,5.0,875656599.0,F,0.0,18.0,student
203.0,546.0,4.0,882677870.0,F,0.0,24.0,student
479.0,682.0,3.0,879467046.0,M,1.0,49.0,educator
538.0,648.0,3.0,882387756.0,M,1.0,39.0,scientist
889.0,1273.0,3.0,880958750.0,M,1.0,37.0,writer
357.0,523.0,4.0,878738893.0,M,1.0,25.0,executive
679.0,567.0,5.0,882348454.0,M,1.0,30.0,educator
622.0,772.0,5.0,879442450.0,M,1.0,24.0,marketing
896.0,484.0,2.0,885157029.0,M,1.0,27.0,writer
429.0,477.0,5.0,888180049.0,M,1.0,26.0,student
312.0,7.0,4.0,883529594.0,M,1.0,42.0,other
823.0,471.0,4.0,879444822.0,M,1.0,48.0,educator
758.0,9.0,2.0,888451919.0,M,1.0,26.0,student
393.0,294.0,4.0,879468785.0,M,1.0,18.0,student
1.0,886.0,4.0,876537210.0,M,1.0,23.0,technician
526.0,895.0,3.0,879896567.0,M,1.0,33.0,engineer
70.0,515.0,5.0,884114870.0,M,1.0,26.0,engineer
487.0,514.0,3.0,882819422.0,M,1.0,22.0,engineer
187.0,1101.0,4.0,885849582.0,M,1.0,31.0,educator
569.0,478.0,4.0,891721258.0,M,1.0,34.0,librarian
715.0,924.0,4.0,888632501.0,M,1.0,21.0,technician
833.0,121.0,3.0,883327442.0,M,1.0,31.0,writer
507.0,679.0,3.0,888518715.0,M,1.0,17.0,none
545.0,609.0,4.0,888069470.0,M,1.0,26.0,programmer
648.0,8.0,4.0,891250584.0,M,1.0,51.0,administrator
435.0,741.0,5.0,883447500.0,M,1.0,23.0,engineer
449.0,568.0,4.0,888906513.0,M,1.0,23.0,other
89.0,476.0,5.0,879110818.0,M,1.0,43.0,administrator
586.0,478.0,5.0,885808986.0,M,1.0,30.0,educator
387.0,682.0,4.0,886610341.0,M,1.0,31.0,entertainment
782.0,726.0,3.0,892334286.0,M,1.0,21.0,programmer
279.0,7.0,4.0,892696673.0,M,1.0,31.0,programmer
540.0,795.0,3.0,878157329.0,M,1.0,27.0,engineer
344.0,685.0,4.0,884129972.0,F,0.0,30.0,librarian
194.0,69.0,4.0,879448986.0,M,1.0,36.0,administrator
751.0,815.0,4.0,875243343.0,F,0.0,24.0,other
298.0,846.0,3.0,884131660.0,M,1.0,39.0,engineer
194.0,12.0,4.0,879454935.0,M,1.0,35.0,administrator
154.0,964.0,4.0,875272947.0,M,1.0,24.0,student
435.0,682.0,3.0,884121421.0,M,1.0,23.0,engineer
738.0,8.0,4.0,884122628.0,M,1.0,36.0,technician
835.0,826.0,3.0,892152660.0,F,0.0,53.0,executive
456.0,890.0,4.0,879446562.0,F,0.0,28.0,librarian
716.0,1213.0,3.0,879544704.0,M,1.0,45.0,administrator
648.0,517.0,5.0,891033773.0,M,1.0,43.0,engineer
130.0,936.0,4.0,883326652.0,M,1.0,16.0,none
892.0,9.0,5.0,875289834.0,M,1.0,33.0,other
308.0,976.0,5.0,891035241.0,M,1.0,52.0,retired
543.0,479.0,5.0,881373900.0,F,0.0,35.0,scientist
455.0,515.0,3.0,879875483.0,M,1.0,42.0,administrator
807.0,831.0,3.0,877399618.0,M,1.0,41.0,healthcare
253.0,826.0,4.0,879443861.0,F,0.0,26.0,librarian
673.0,705.0,5.0,883948873.0,F,0.0,20.0,student
932.0,756.0,4.0,891195113.0,M,1.0,50.0,educator
901.0,662.0,5.0,886324114.0,M,1.0,35.0,executive
805.0,662.0,5.0,880167890.0,F,0.0,27.0,other
766.0,926.0,4.0,875243870.0,M,1.0,38.0,other
896.0,662.0,3.0,882900047.0,M,1.0,27.0,lawyer
1.0,515.0,1.0,878182370.0,M,1.0,23.0,technician
896.0,12.0,4.0,887159471.0,F,0.0,27.0,writer
449.0,7.0,3.0,881515239.0,M,1.0,23.0,other
66.0,1030.0,3.0,883710288.0,M,1.0,23.0,student
303.0,153.0,4.0,879874949.0,M,1.0,18.0,student
7.0,597.0,3.0,885849594.0,M,1.0,45.0,administrator
380.0,498.0,4.0,877112559.0,M,1.0,35.0,engineer
846.0,969.0,5.0,879876426.0,M,1.0,32.0,librarian
256.0,474.0,2.0,882956208.0,F,0.0,35.0,none
770.0,14.0,4.0,889730165.0,M,1.0,20.0,student
798.0,723.0,5.0,875271471.0,F,0.0,32.0,writer
406.0,748.0,5.0,879444538.0,M,1.0,46.0,educator
851.0,526.0,4.0,879447845.0,M,1.0,18.0,other
643.0,948.0,4.0,875297713.0,M,1.0,31.0,scientist
497.0,847.0,4.0,889174870.0,M,1.0,17.0,student
267.0,547.0,3.0,879361664.0,M,1.0,23.0,engineer
634.0,79.0,2.0,891249678.0,M,1.0,20.0,student
805.0,715.0,4.0,879563391.0,F,0.0,10.0,student
387.0,1215.0,3.0,886480206.0,M,1.0,31.0,entertainment
78.0,202.0,4.0,880177406.0,M,1.0,28.0,administrator
863.0,202.0,5.0,875981288.0,M,1.0,22.0,student
267.0,8.0,5.0,881171005.0,M,1.0,23.0,engineer
521.0,423.0,3.0,884922439.0,M,1.0,18.0,student
521.0,826.0,2.0,879562872.0,M,1.0,20.0,student
184.0,50.0,4.0,889908694.0,M,1.0,34.0,librarian
277.0,300.0,4.0,877887318.0,F,0.0,35.0,administrator
661.0,659.0,3.0,875463028.0,M,1.0,27.0,programmer
541.0,656.0,4.0,891205865.0,F,0.0,18.0,student
406.0,766.0,3.0,888633093.0,M,1.0,46.0,educator
536.0,333.0,4.0,886031833.0,M,1.0,35.0,engineer
13.0,522.0,2.0,879460053.0,M,1.0,42.0,educator
716.0,955.0,4.0,879179565.0,F,0.0,36.0,administrator
405.0,7.0,3.0,879444561.0,F,0.0,22.0,healthcare
71.0,731.0,3.0,888443172.0,M,1.0,26.0,scientist
653.0,546.0,3.0,880177328.0,M,1.0,49.0,executive
64.0,1181.0,3.0,886394907.0,M,1.0,29.0,educator
405.0,707.0,1.0,884111941.0,M,1.0,22.0,healthcare
629.0,1058.0,5.0,881433002.0,M,1.0,37.0,librarian
419.0,8.0,4.0,877112069.0,M,1.0,34.0,lawyer
445.0,724.0,4.0,891033773.0,M,1.0,32.0,writer
361.0,497.0,3.0,877891966.0,F,0.0,22.0,student
193.0,929.0,5.0,888468986.0,M,1.0,27.0,student
738.0,692.0,2.0,879453900.0,F,0.0,54.0,administrator
788.0,195.0,4.0,880870827.0,M,1.0,45.0,administrator
770.0,173.0,2.0,888702975.0,M,1.0,27.0,student
496.0,8.0,2.0,886481249.0,M,1.0,25.0,other
561.0,1232.0,5.0,881654096.0,M,1.0,17.0,student
561.0,210.0,5.0,883505928.0,M,1.0,23.0,engineer
102.0,763.0,4.0,883777162.0,M,1.0,35.0,engineer
721.0,928.0,5.0,877126418.0,M,1.0,24.0,entertainment
446.0,678.0,5.0,878955932.0,M,1.0,50.0,educator
42.0,678.0,4.0,879197329.0,M,1.0,28.0,administrator
546.0,11.0,4.0,880571703.0,M,1.0,16.0,student
58.0,82.0,5.0,884182878.0,M,1.0,26.0,programmer
406.0,662.0,5.0,878182916.0,M,1.0,46.0,educator
716.0,121.0,4.0,879434751.0,F,0.0,36.0,administrator
835.0,733.0,2.0,880672692.0,F,0.0,44.0,educator
710.0,735.0,4.0,888104072.0,M,1.0,22.0,student
574.0,1010.0,4.0,879871563.0,M,1.0,45.0,educator
95.0,568.0,3.0,888556962.0,M,1.0,29.0,administrator
891.0,476.0,4.0,879447480.0,F,0.0,51.0,administrator
456.0,7.0,4.0,881373613.0,M,1.0,23.0,technician
751.0,741.0,3.0,891209285.0,F,0.0,24.0,other
738.0,7.0,4.0,891383350.0,M,1.0,32.0,salesman
374.0,1048.0,5.0,880569025.0,M,1.0,33.0,executive
85.0,195.0,2.0,879454172.0,M,1.0,30.0,educator
504.0,9.0,5.0,890453492.0,F,0.0,40.0,writer
871.0,269.0,1.0,880134296.0,M,1.0,29.0,executive
293.0,1311.0,3.0,889492742.0,M,1.0,23.0,writer
409.0,603.0,4.0,880123540.0,M,1.0,42.0,administrator
869.0,476.0,5.0,882608184.0,M,1.0,28.0,student
387.0,605.0,3.0,886474011.0,M,1.0,31.0,entertainment
393.0,872.0,5.0,875288201.0,M,1.0,24.0,artist
524.0,1030.0,4.0,879876858.0,M,1.0,49.0,educator
758.0,846.0,4.0,881975213.0,M,1.0,26.0,student
658.0,515.0,5.0,891038222.0,M,1.0,42.0,educator
405.0,684.0,2.0,879111662.0,F,0.0,22.0,healthcare
334.0,489.0,4.0,891548622.0,M,1.0,30.0,librarian
922.0,431.0,3.0,888179694.0,F,0.0,39.0,administrator
532.0,709.0,4.0,875134987.0,M,1.0,18.0,student
104.0,1028.0,3.0,879434767.0,M,1.0,18.0,student
222.0,151.0,2.0,878090120.0,M,1.0,27.0,programmer
293.0,1023.0,5.0,889289981.0,M,1.0,23.0,writer
280.0,842.0,3.0,891544724.0,F,0.0,30.0,librarian
178.0,749.0,4.0,883327442.0,M,1.0,25.0,other
603.0,823.0,4.0,878438958.0,M,1.0,35.0,scientist
758.0,519.0,3.0,876250781.0,M,1.0,26.0,student
307.0,508.0,5.0,877399209.0,M,1.0,24.0,student
145.0,25.0,3.0,875933610.0,M,1.0,29.0,entertainment
532.0,456.0,5.0,891207940.0,M,1.0,20.0,student
137.0,735.0,4.0,881650527.0,M,1.0,42.0,educator
22.0,665.0,2.0,879874959.0,M,1.0,24.0,writer
907.0,628.0,3.0,891191418.0,M,1.0,26.0,other
294.0,865.0,2.0,879363660.0,M,1.0,31.0,educator
264.0,751.0,3.0,888804034.0,F,0.0,26.0,writer
585.0,515.0,4.0,886398611.0,F,0.0,30.0,writer
840.0,547.0,3.0,875962737.0,M,1.0,35.0,artist
459.0,8.0,4.0,875242216.0,M,1.0,22.0,student
796.0,1063.0,4.0,891545734.0,M,1.0,32.0,student
865.0,237.0,4.0,875217062.0,M,1.0,24.0,artist
405.0,176.0,5.0,884305394.0,M,1.0,22.0,healthcare
435.0,1.0,5.0,884131762.0,M,1.0,23.0,engineer
7.0,15.0,5.0,883710790.0,M,1.0,50.0,administrator
292.0,716.0,3.0,880867890.0,F,0.0,36.0,programmer
290.0,237.0,4.0,877806634.0,M,1.0,35.0,engineer
894.0,531.0,1.0,880577733.0,M,1.0,42.0,educator
13.0,865.0,4.0,879465986.0,M,1.0,42.0,educator
815.0,845.0,4.0,880821039.0,M,1.0,30.0,other
972.0,4.0,2.0,881276165.0,F,0.0,25.0,entertainment
378.0,684.0,4.0,886833093.0,M,1.0,32.0,student
276.0,771.0,4.0,877564025.0,M,1.0,21.0,student
49.0,935.0,4.0,887738021.0,M,1.0,23.0,student
193.0,661.0,4.0,879372612.0,M,1.0,27.0,administrator
435.0,877.0,3.0,884753489.0,M,1.0,23.0,engineer
303.0,678.0,5.0,879466214.0,M,1.0,18.0,student
479.0,582.0,5.0,879191377.0,M,1.0,28.0,educator
788.0,1220.0,2.0,879444797.0,F,0.0,38.0,administrator
680.0,976.0,3.0,883948873.0,M,1.0,32.0,lawyer
496.0,423.0,3.0,883865387.0,M,1.0,21.0,student
645.0,928.0,4.0,879441349.0,M,1.0,32.0,executive
493.0,705.0,5.0,892310771.0,M,1.0,22.0,engineer
758.0,1016.0,4.0,879455841.0,M,1.0,26.0,student
294.0,393.0,3.0,880182695.0,M,1.0,31.0,technician
650.0,566.0,4.0,887744328.0,M,1.0,28.0,engineer
347.0,546.0,2.0,884634533.0,M,1.0,18.0,student
327.0,476.0,4.0,879793468.0,M,1.0,22.0,student
537.0,511.0,4.0,884132528.0,M,1.0,33.0,engineer
901.0,333.0,5.0,880181216.0,M,1.0,35.0,executive
943.0,622.0,3.0,880386025.0,M,1.0,22.0,student
365.0,819.0,5.0,879441913.0,M,1.0,31.0,lawyer
207.0,589.0,4.0,877751141.0,M,1.0,35.0,marketing
138.0,391.0,3.0,879486432.0,M,1.0,22.0,healthcare
460.0,905.0,5.0,883364475.0,F,0.0,44.0,other
795.0,1.0,4.0,879447901.0,M,1.0,28.0,programmer
682.0,1085.0,5.0,888633310.0,M,1.0,23.0,programmer
911.0,101.0,5.0,886480756.0,F,0.0,37.0,writer
388.0,431.0,5.0,876534131.0,M,1.0,28.0,other
532.0,79.0,5.0,876035241.0,F,0.0,20.0,student
943.0,633.0,4.0,875287525.0,M,1.0,32.0,student
321.0,751.0,5.0,878854383.0,F,0.0,49.0,educator
782.0,546.0,3.0,876171811.0,M,1.0,21.0,engineer
727.0,546.0,5.0,878192628.0,M,1.0,24.0,student
567.0,763.0,3.0,884131712.0,M,1.0,23.0,engineer
92.0,1028.0,5.0,880609781.0,M,1.0,30.0,entertainment
823.0,1177.0,4.0,883613372.0,M,1.0,26.0,artist
823.0,716.0,4.0,878438179.0,M,1.0,26.0,artist
92.0,546.0,3.0,880355100.0,M,1.0,30.0,entertainment
909.0,1028.0,4.0,879442878.0,M,1.0,38.0,other
653.0,865.0,4.0,888069265.0,F,0.0,32.0,executive
406.0,705.0,4.0,879452924.0,M,1.0,46.0,educator
181.0,727.0,5.0,875324934.0,M,1.0,25.0,executive
72.0,487.0,3.0,879222316.0,F,0.0,48.0,administrator
801.0,940.0,4.0,887745800.0,M,1.0,35.0,administrator
664.0,9.0,4.0,875310491.0,M,1.0,28.0,engineer
503.0,597.0,3.0,888104155.0,M,1.0,50.0,writer
387.0,56.0,5.0,886483471.0,M,1.0,31.0,entertainment
189.0,831.0,4.0,884125150.0,M,1.0,30.0,artist
634.0,684.0,4.0,876332958.0,M,1.0,35.0,student
387.0,496.0,3.0,886474761.0,M,1.0,31.0,entertainment
532.0,569.0,4.0,874863247.0,M,1.0,20.0,student
422.0,827.0,4.0,886481442.0,M,1.0,26.0,entertainment
833.0,527.0,3.0,875680593.0,M,1.0,31.0,writer
192.0,1134.0,3.0,882344164.0,M,1.0,38.0,educator
751.0,13.0,4.0,879192737.0,M,1.0,39.0,other
151.0,561.0,3.0,879310792.0,M,1.0,32.0,administrator
472.0,519.0,4.0,875730482.0,M,1.0,23.0,student
864.0,763.0,3.0,875972857.0,M,1.0,26.0,programmer
496.0,526.0,5.0,891545450.0,M,1.0,48.0,librarian
847.0,628.0,5.0,882611279.0,M,1.0,27.0,student
653.0,654.0,2.0,891297499.0,M,1.0,29.0,administrator
222.0,516.0,5.0,878694085.0,M,1.0,27.0,programmer
183.0,873.0,4.0,891545523.0,M,1.0,30.0,scientist
488.0,12.0,4.0,879192858.0,M,1.0,23.0,technician
287.0,491.0,3.0,875270953.0,M,1.0,31.0,salesman
624.0,591.0,5.0,882388250.0,M,1.0,35.0,engineer
233.0,744.0,3.0,882385294.0,M,1.0,35.0,engineer
4.0,686.0,4.0,876533227.0,M,1.0,42.0,technician
363.0,588.0,5.0,877402320.0,M,1.0,20.0,student
302.0,475.0,2.0,877109172.0,M,1.0,46.0,lawyer
13.0,8.0,5.0,879362436.0,M,1.0,42.0,educator
708.0,1014.0,4.0,882956358.0,F,0.0,21.0,student
806.0,582.0,4.0,891723355.0,F,0.0,41.0,librarian
279.0,483.0,4.0,879442462.0,M,1.0,31.0,programmer
897.0,1095.0,3.0,879993519.0,M,1.0,28.0,other
776.0,672.0,5.0,882622266.0,M,1.0,28.0,other
804.0,1028.0,2.0,885423850.0,M,1.0,35.0,educator
374.0,541.0,4.0,893115997.0,M,1.0,33.0,executive
585.0,5.0,5.0,891698907.0,M,1.0,39.0,librarian
296.0,9.0,4.0,883108477.0,F,0.0,37.0,administrator
899.0,685.0,4.0,879304934.0,F,0.0,30.0,other
833.0,216.0,4.0,884134872.0,M,1.0,31.0,librarian
772.0,823.0,3.0,891384449.0,M,1.0,48.0,artist
896.0,516.0,4.0,8888978819.0,M,1.0,27.0,other
533.0,1147.0,3.0,891445793.0,M,1.0,39.0,librarian
458.0,763.0,5.0,880134296.0,M,1.0,42.0,technician
160.0,527.0,4.0,875148355.0,M,1.0,26.0,programmer
21.0,694.0,3.0,888907012.0,F,0.0,17.0,writer
459.0,741.0,4.0,875907499.0,M,1.0,22.0,student
870.0,628.0,5.0,877399805.0,M,1.0,22.0,student
561.0,9.0,4.0,876402557.0,M,1.0,18.0,student
445.0,763.0,5.0,878919559.0,M,1.0,21.0,writer
130.0,619.0,4.0,877757046.0,M,1.0,20.0,none
583.0,973.0,3.0,891201307.0,M,1.0,43.0,other
303.0,566.0,4.0,889730125.0,M,1.0,18.0,student
804.0,732.0,4.0,879443185.0,M,1.0,35.0,marketing
862.0,584.0,2.0,888556938.0,M,1.0,23.0,executive
883.0,98.0,4.0,891035164.0,M,1.0,31.0,librarian
303.0,7.0,4.0,879517071.0,M,1.0,18.0,student
580.0,707.0,5.0,885479845.0,M,1.0,16.0,student
13.0,534.0,4.0,882360319.0,M,1.0,42.0,educator
454.0,1068.0,3.0,88907631.0,F,0.0,50.0,other
387.0,653.0,5.0,886484323.0,M,1.0,31.0,entertainment
642.0,651.0,4.0,883600606.0,F,0.0,17.0,student
622.0,549.0,4.0,887158218.0,M,1.0,24.0,programmer
97.0,705.0,3.0,884291663.0,M,1.0,29.0,administrator
622.0,522.0,2.0,879446790.0,M,1.0,24.0,programmer
49.0,696.0,3.0,882075266.0,F,0.0,23.0,student
79.0,651.0,4.0,879454662.0,F,0.0,41.0,administrator
343.0,942.0,3.0,879192562.0,M,1.0,39.0,engineer
441.0,941.0,4.0,889737889.0,M,1.0,21.0,student
363.0,25.0,3.0,876539069.0,F,0.0,18.0,student
738.0,664.0,4.0,877756792.0,M,1.0,32.0,salesman
671.0,294.0,3.0,884729967.0,M,1.0,21.0,other
492.0,9.0,4.0,891495306.0,M,1.0,50.0,administrator
8.0,482.0,3.0,879468724.0,M,1.0,24.0,administrator
764.0,628.0,4.0,887739678.0,M,1.0,26.0,programmer
749.0,98.0,5.0,884636210.0,M,1.0,25.0,other
327.0,302.0,2.0,887745935.0,M,1.0,22.0,student
454.0,176.0,4.0,885597865.0,M,1.0,28.0,other
267.0,880.0,4.0,875346648.0,M,1.0,23.0,engineer
378.0,8.0,4.0,891447747.0,M,1.0,32.0,student
883.0,511.0,4.0,892955781.0,M,1.0,43.0,librarian
472.0,934.0,3.0,87487318.0,M,1.0,23.0,student
218.0,813.0,4.0,891299574.0,M,1.0,34.0,administrator
532.0,11.0,3.0,880871234.0,M,1.0,20.0,student
788.0,1201.0,4.0,879195634.0,M,1.0,44.0,writer
788.0,710.0,3.0,878972864.0,F,0.0,39.0,administrator
338.0,591.0,3.0,879309934.0,F,0.0,44.0,librarian
489.0,549.0,5.0,891209183.0,M,1.0,25.0,writer
535.0,234.0,5.0,879532901.0,M,1.0,45.0,educator
60.0,712.0,4.0,886833227.0,M,1.0,44.0,healthcare
391.0,682.0,4.0,884992872.0,M,1.0,17.0,student
665.0,945.0,4.0,888104632.0,M,1.0,26.0,programmer
837.0,672.0,4.0,875324863.0,F,0.0,51.0,writer
938.0,656.0,5.0,884364688.0,F,0.0,38.0,technician
840.0,483.0,4.0,891409971.0,M,1.0,39.0,artist
597.0,237.0,5.0,875346790.0,M,1.0,24.0,student
896.0,691.0,2.0,882140553.0,M,1.0,27.0,writer
666.0,597.0,4.0,880938120.0,M,1.0,39.0,administrator
130.0,632.0,4.0,881371536.0,M,1.0,16.0,none
169.0,546.0,4.0,891208392.0,F,0.0,38.0,other
62.0,474.0,4.0,886484561.0,F,0.0,27.0,administrator
455.0,593.0,5.0,884304522.0,M,1.0,42.0,administrator
297.0,523.0,5.0,877535215.0,F,0.0,29.0,educator
807.0,507.0,4.0,879540102.0,F,0.0,36.0,healthcare
659.0,661.0,4.0,879454586.0,M,1.0,29.0,educator
788.0,471.0,3.0,882607511.0,M,1.0,45.0,administrator
531.0,582.0,3.0,883877585.0,M,1.0,23.0,student
749.0,627.0,3.0,889041568.0,F,0.0,29.0,other
789.0,508.0,2.0,879459904.0,M,1.0,26.0,other
385.0,531.0,2.0,882404209.0,M,1.0,33.0,writer
407.0,466.0,5.0,875133907.0,M,1.0,27.0,engineer
894.0,541.0,5.0,880134296.0,M,1.0,42.0,educator
144.0,663.0,4.0,886921609.0,M,1.0,46.0,programmer
567.0,237.0,4.0,883325652.0,M,1.0,23.0,entertainment
682.0,286.0,5.0,878972385.0,M,1.0,23.0,programmer
843.0,237.0,1.0,879446491.0,M,1.0,32.0,programmer
617.0,288.0,4.0,878961814.0,M,1.0,17.0,student
92.0,117.0,5.0,875640394.0,M,1.0,30.0,entertainment
327.0,1039.0,4.0,885921876.0,M,1.0,22.0,student
4.0,9.0,5.0,874953747.0,M,1.0,22.0,other
268.0,1089.0,2.0,880572684.0,M,1.0,23.0,engineer
498.0,56.0,3.0,884131811.0,M,1.0,25.0,writer
537.0,15.0,2.0,886030305.0,M,1.0,33.0,engineer
532.0,597.0,2.0,877107587.0,M,1.0,20.0,student
543.0,117.0,5.0,878091911.0,M,1.0,31.0,scientist
840.0,234.0,3.0,891294365.0,F,0.0,35.0,artist
660.0,7.0,3.0,892956241.0,M,1.0,25.0,student
417.0,942.0,5.0,879304901.0,F,0.0,27.0,other
167.0,517.0,4.0,876537106.0,M,1.0,34.0,other
648.0,1128.0,5.0,888803553.0,M,1.0,39.0,engineer
499.0,824.0,3.0,887047313.0,M,1.0,38.0,programmer
425.0,546.0,3.0,877127821.0,M,1.0,18.0,student
880.0,472.0,3.0,880177857.0,M,1.0,11.0,student
894.0,993.0,4.0,880242420.0,M,1.0,42.0,educator
222.0,276.0,3.0,881957011.0,M,1.0,27.0,programmer
854.0,423.0,5.0,887938706.0,F,0.0,29.0,librarian
770.0,4.0,3.0,875038807.0,M,1.0,27.0,student
7.0,483.0,5.0,885075273.0,M,1.0,50.0,administrator
197.0,715.0,4.0,879293545.0,M,1.0,48.0,administrator
344.0,56.0,3.0,891294538.0,F,0.0,30.0,librarian
912.0,515.0,4.0,880572286.0,F,0.0,50.0,other
381.0,971.0,5.0,875216717.0,M,1.0,31.0,artist
276.0,596.0,3.0,874730320.0,M,1.0,21.0,student
708.0,431.0,3.0,891545995.0,F,0.0,51.0,librarian
405.0,749.0,3.0,891385499.0,M,1.0,22.0,healthcare
929.0,707.0,4.0,880139803.0,F,0.0,38.0,scientist
90.0,939.0,4.0,892079743.0,M,1.0,52.0,educator
6.0,684.0,4.0,891195665.0,M,1.0,39.0,executive
280.0,661.0,2.0,884121457.0,F,0.0,30.0,librarian
503.0,696.0,4.0,879448854.0,F,0.0,24.0,writer
593.0,7.0,2.0,879524790.0,M,1.0,31.0,educator
311.0,1085.0,4.0,884992974.0,M,1.0,30.0,technician
409.0,1043.0,3.0,879309719.0,M,1.0,42.0,administrator
497.0,682.0,5.0,880130712.0,F,0.0,17.0,student
705.0,1047.0,4.0,891199297.0,F,0.0,21.0,student
457.0,628.0,3.0,881179902.0,M,1.0,33.0,salesman
130.0,546.0,3.0,875540108.0,M,1.0,20.0,none
833.0,511.0,4.0,880174113.0,M,1.0,31.0,writer
500.0,202.0,3.0,885049535.0,M,1.0,27.0,administrator
487.0,685.0,4.0,884365628.0,M,1.0,22.0,student
181.0,9.0,4.0,878961613.0,M,1.0,25.0,executive
686.0,923.0,3.0,879446159.0,M,1.0,35.0,educator
487.0,629.0,4.0,887159502.0,M,1.0,22.0,scientist
109.0,792.0,3.0,878183974.0,M,1.0,27.0,other
666.0,531.0,3.0,879539148.0,M,1.0,29.0,administrator
524.0,153.0,4.0,891382413.0,F,0.0,52.0,educator
608.0,815.0,2.0,880314366.0,M,1.0,22.0,other
387.0,4.0,4.0,886479610.0,M,1.0,31.0,entertainment
707.0,517.0,2.0,883601089.0,F,0.0,20.0,student
269.0,14.0,3.0,879454962.0,F,0.0,31.0,librarian
815.0,1013.0,4.0,888069579.0,M,1.0,30.0,other
690.0,988.0,4.0,891382289.0,M,1.0,32.0,salesman
561.0,174.0,3.0,885690442.0,M,1.0,23.0,engineer
929.0,588.0,3.0,880659356.0,M,1.0,27.0,student
593.0,88.0,4.0,884493523.0,M,1.0,52.0,retired
406.0,1030.0,2.0,879466499.0,M,1.0,46.0,educator
683.0,678.0,4.0,891038979.0,M,1.0,38.0,librarian
715.0,566.0,3.0,884132613.0,M,1.0,27.0,technician
385.0,468.0,3.0,887159173.0,M,1.0,33.0,writer
189.0,489.0,2.0,891208746.0,M,1.0,30.0,artist
708.0,462.0,4.0,886181660.0,F,0.0,26.0,homemaker
632.0,969.0,4.0,879561804.0,M,1.0,18.0,student
334.0,1028.0,3.0,891545651.0,M,1.0,30.0,librarian
682.0,1068.0,4.0,889467546.0,M,1.0,23.0,programmer
452.0,393.0,4.0,879447562.0,M,1.0,32.0,administrator
416.0,709.0,4.0,886608220.0,F,0.0,20.0,student
676.0,1213.0,4.0,883529889.0,M,1.0,28.0,programmer
130.0,596.0,5.0,891208275.0,M,1.0,20.0,none
201.0,655.0,5.0,886396475.0,M,1.0,26.0,writer
343.0,947.0,4.0,876403971.0,M,1.0,35.0,engineer
907.0,300.0,3.0,880843086.0,M,1.0,25.0,other
654.0,705.0,3.0,874832713.0,F,0.0,27.0,other
716.0,7.0,3.0,879466604.0,F,0.0,48.0,administrator
867.0,563.0,4.0,888522857.0,M,1.0,23.0,scientist
347.0,515.0,4.0,879436983.0,M,1.0,18.0,student
307.0,11.0,4.0,879792560.0,M,1.0,24.0,student
846.0,662.0,5.0,883949046.0,M,1.0,26.0,lawyer
87.0,651.0,4.0,891448508.0,M,1.0,42.0,administrator
727.0,685.0,4.0,875242687.0,M,1.0,24.0,student
488.0,709.0,3.0,891494232.0,M,1.0,42.0,technician
807.0,889.0,4.0,891448862.0,M,1.0,41.0,healthcare
416.0,546.0,4.0,880242237.0,F,0.0,20.0,student
295.0,172.0,4.0,882054077.0,M,1.0,29.0,educator
435.0,14.0,4.0,884122579.0,M,1.0,23.0,engineer
639.0,195.0,5.0,891544953.0,F,0.0,42.0,librarian
135.0,10.0,4.0,875653242.0,M,1.0,23.0,student
424.0,588.0,3.0,879443635.0,F,0.0,35.0,marketing
398.0,651.0,4.0,888066647.0,M,1.0,42.0,other
805.0,526.0,3.0,875727860.0,M,1.0,27.0,other
787.0,1215.0,3.0,878919206.0,M,1.0,21.0,student
94.0,658.0,3.0,884752968.0,M,1.0,25.0,student
655.0,15.0,3.0,878184828.0,F,0.0,50.0,healthcare
417.0,483.0,3.0,880077829.0,F,0.0,27.0,other
279.0,926.0,3.0,891293714.0,M,1.0,31.0,programmer
459.0,9.0,3.0,891445232.0,M,1.0,29.0,executive
707.0,986.0,4.0,891044192.0,F,0.0,56.0,librarian
863.0,574.0,3.0,889240317.0,M,1.0,26.0,executive
804.0,928.0,4.0,879444086.0,F,0.0,35.0,educator
286.0,174.0,5.0,874953524.0,M,1.0,26.0,student
64.0,288.0,5.0,889044589.0,M,1.0,25.0,educator
666.0,56.0,5.0,891295372.0,F,0.0,39.0,administrator
62.0,515.0,2.0,880403594.0,F,0.0,27.0,executive
932.0,117.0,4.0,883949380.0,F,0.0,51.0,educator
890.0,587.0,4.0,885853371.0,M,1.0,29.0,executive
268.0,752.0,3.0,880573086.0,M,1.0,23.0,engineer
7.0,628.0,3.0,891445480.0,M,1.0,50.0,administrator
551.0,825.0,4.0,882423065.0,M,1.0,24.0,programmer
896.0,684.0,4.0,879464753.0,M,1.0,7.0,student
495.0,50.0,3.0,877757535.0,M,1.0,31.0,marketing
308.0,742.0,3.0,887745843.0,M,1.0,52.0,retired
268.0,742.0,3.0,880571481.0,M,1.0,23.0,engineer
894.0,578.0,4.0,879484159.0,M,1.0,42.0,educator
588.0,521.0,4.0,876537613.0,F,0.0,17.0,student
148.0,1014.0,4.0,876403618.0,M,1.0,38.0,executive
805.0,449.0,4.0,879441353.0,M,1.0,27.0,other
347.0,685.0,3.0,886989440.0,M,1.0,18.0,student
697.0,9.0,4.0,883711067.0,M,1.0,24.0,other
927.0,576.0,5.0,887066222.0,M,1.0,23.0,engineer
905.0,517.0,4.0,880144647.0,M,1.0,26.0,other
724.0,685.0,3.0,887938612.0,M,1.0,29.0,executive
889.0,174.0,3.0,880180106.0,M,1.0,23.0,technician
798.0,7.0,4.0,882621940.0,F,0.0,30.0,student
711.0,863.0,1.0,888639901.0,F,0.0,22.0,student
622.0,521.0,4.0,882585376.0,M,1.0,24.0,programmer
90.0,7.0,4.0,891033512.0,M,1.0,52.0,educator
293.0,132.0,5.0,878854195.0,M,1.0,23.0,writer
339.0,181.0,3.0,891033773.0,M,1.0,32.0,lawyer
889.0,582.0,3.0,880571185.0,M,1.0,26.0,technician
889.0,7.0,4.0,882141483.0,M,1.0,33.0,educator
773.0,1014.0,5.0,8885391191.0,M,1.0,20.0,student
835.0,473.0,1.0,889041676.0,M,1.0,55.0,doctor
321.0,294.0,5.0,879468909.0,F,0.0,49.0,educator
682.0,100.0,4.0,877386646.0,M,1.0,23.0,programmer
432.0,756.0,5.0,889416188.0,M,1.0,23.0,entertainment
637.0,847.0,3.0,87944444831.0,M,1.0,31.0,other
452.0,1135.0,2.0,879875433.0,M,1.0,32.0,student
871.0,968.0,3.0,883250148.0,M,1.0,29.0,other
494.0,204.0,3.0,884130793.0,M,1.0,39.0,engineer
7.0,939.0,4.0,879147109.0,M,1.0,42.0,administrator
136.0,988.0,5.0,891208746.0,M,1.0,46.0,lawyer
76.0,591.0,4.0,880403579.0,M,1.0,20.0,student
13.0,50.0,3.0,879441371.0,M,1.0,44.0,educator
936.0,456.0,5.0,878181928.0,M,1.0,23.0,other
403.0,671.0,5.0,879876875.0,M,1.0,34.0,other
604.0,865.0,4.0,891191833.0,M,1.0,35.0,educator
354.0,751.0,4.0,891546586.0,F,0.0,29.0,librarian
407.0,682.0,1.0,876406971.0,M,1.0,27.0,engineer
393.0,1098.0,4.0,888908047.0,M,1.0,18.0,student
586.0,275.0,3.0,888733467.0,F,0.0,20.0,student
642.0,468.0,3.0,884923297.0,F,0.0,17.0,student
868.0,202.0,2.0,881171173.0,M,1.0,21.0,programmer
606.0,551.0,3.0,876031105.0,M,1.0,27.0,programmer
429.0,988.0,2.0,882385528.0,M,1.0,26.0,student
615.0,1271.0,4.0,888067798.0,M,1.0,35.0,educator
796.0,515.0,5.0,892871073.0,F,0.0,32.0,writer
883.0,7.0,4.0,891722113.0,M,1.0,43.0,librarian
301.0,934.0,3.0,882359424.0,M,1.0,23.0,student
308.0,661.0,3.0,887740516.0,M,1.0,308.0,retired
592.0,924.0,5.0,884494879.0,F,0.0,18.0,writer
632.0,678.0,3.0,889289191.0,M,1.0,18.0,student
757.0,659.0,5.0,888639576.0,M,1.0,25.0,student
660.0,1234.0,2.0,880314366.0,M,1.0,20.0,student
497.0,763.0,4.0,879461340.0,M,1.0,20.0,student
830.0,739.0,4.0,880343443.0,M,1.0,42.0,engineer
137.0,506.0,5.0,880181659.0,M,1.0,44.0,educator
314.0,665.0,3.0,880609886.0,F,0.0,20.0,student
736.0,981.0,4.0,891294999.0,M,1.0,32.0,technician
630.0,597.0,3.0,886472737.0,F,0.0,26.0,healthcare
749.0,528.0,2.0,879539595.0,F,0.0,50.0,other
940.0,547.0,3.0,877136946.0,M,1.0,30.0,programmer
648.0,746.0,4.0,880415824.0,M,1.0,39.0,engineer
865.0,12.0,3.0,879435369.0,M,1.0,24.0,student
444.0,528.0,3.0,884238569.0,M,1.0,26.0,lawyer
747.0,628.0,3.0,878940014.0,M,1.0,27.0,other
919.0,659.0,4.0,884134959.0,M,1.0,22.0,other
642.0,661.0,5.0,883372151.0,F,0.0,21.0,student
837.0,603.0,3.0,882598255.0,M,1.0,30.0,artist
666.0,481.0,4.0,879445958.0,M,1.0,39.0,administrator
393.0,392.0,4.0,887744064.0,M,1.0,18.0,student
40.0,258.0,4.0,875128719.0,M,1.0,35.0,scientist
293.0,636.0,2.0,888906288.0,M,1.0,23.0,writer
919.0,924.0,3.0,888906012.0,F,0.0,21.0,other
733.0,934.0,4.0,879458930.0,F,0.0,51.0,administrator
707.0,1059.0,2.0,891388250.0,F,0.0,26.0,librarian
554.0,561.0,4.0,876816268.0,M,1.0,29.0,scientist
854.0,519.0,3.0,888068841.0,M,1.0,29.0,other
345.0,431.0,5.0,891699124.0,F,0.0,28.0,librarian
279.0,813.0,5.0,875310199.0,M,1.0,31.0,programmer
320.0,872.0,1.0,877385797.0,M,1.0,18.0,student
332.0,528.0,4.0,879449730.0,M,1.0,20.0,student
243.0,826.0,2.0,889655160.0,M,1.0,25.0,educator
432.0,1012.0,4.0,891456746.0,M,1.0,28.0,entertainment
145.0,1007.0,4.0,880149999.0,M,1.0,29.0,entertainment
615.0,431.0,3.0,884642901.0,M,1.0,30.0,educator
659.0,628.0,3.0,887745264.0,F,0.0,29.0,educator
659.0,10.0,4.0,881179617.0,M,1.0,29.0,educator
477.0,1028.0,2.0,880178019.0,F,0.0,28.0,student
303.0,692.0,4.0,879448941.0,M,1.0,18.0,student
393.0,1063.0,2.0,883601607.0,M,1.0,39.0,artist
669.0,656.0,3.0,891201796.0,M,1.0,34.0,other
919.0,577.0,4.0,877562998.0,F,0.0,27.0,other
643.0,847.0,4.0,876042361.0,M,1.0,35.0,scientist
843.0,971.0,4.0,879439674.0,F,0.0,32.0,librarian
903.0,7.0,3.0,891036127.0,M,1.0,27.0,educator
624.0,988.0,5.0,879468735.0,M,1.0,27.0,student
659.0,476.0,3.0,891389910.0,M,1.0,29.0,educator
128.0,50.0,3.0,879441351.0,F,0.0,24.0,marketing
913.0,100.0,2.0,883327287.0,M,1.0,22.0,student
936.0,864.0,4.0,880410778.0,M,1.0,29.0,engineer
868.0,596.0,5.0,888069579.0,M,1.0,21.0,student
648.0,4.0,3.0,876403476.0,M,1.0,39.0,engineer
868.0,692.0,3.0,887745264.0,M,1.0,21.0,salesman
263.0,4.0,5.0,892781542.0,M,1.0,37.0,programmer
864.0,496.0,4.0,880844705.0,M,1.0,26.0,programmer
815.0,1018.0,4.0,891545950.0,M,1.0,30.0,other
749.0,4.0,4.0,879361662.0,M,1.0,31.0,other
697.0,14.0,5.0,878886989.0,M,1.0,24.0,other
291103.0,1028.0,5.0,876529667.0,M,1.0,18.0,student
847.0,866.0,4.0,884535268.0,M,1.0,22.0,student
790.0,4.0,4.0,892958147.0,M,1.0,28.0,technician
894.0,678.0,4.0,879792442.0,M,1.0,42.0,educator
452.0,496.0,3.0,891295063.0,M,1.0,32.0,administrator
109.0,1132.0,5.0,88371019.0,M,1.0,27.0,other
552.0,508.0,5.0,891466450.0,M,1.0,30.0,other
669.0,615.0,3.0,880672892.0,F,0.0,27.0,other
347.0,222.0,5.0,882819423.0,M,1.0,18.0,student
393.0,756.0,3.0,887745380.0,M,1.0,18.0,student
303.0,823.0,4.0,879793651.0,M,1.0,18.0,student
387.0,596.0,2.0,886483697.0,M,1.0,31.0,entertainment
3.0,813.0,2.0,889069969.0,M,1.0,23.0,artist
932.0,234.0,4.0,891250065.0,M,1.0,50.0,educator
23.0,237.0,4.0,874873703.0,F,0.0,30.0,artist
532.0,603.0,4.0,888705095.0,M,1.0,20.0,student
380.0,845.0,4.0,883600206.0,M,1.0,30.0,engineer
833.0,491.0,5.0,879461393.0,M,1.0,31.0,writer
650.0,615.0,3.0,891400082.0,M,1.0,38.0,engineer
682.0,518.0,4.0,875245843.0,M,1.0,23.0,programmer
158.0,651.0,4.0,887744375.0,M,1.0,44.0,other
899.0,835.0,3.0,880403516.0,M,1.0,30.0,other
301.0,569.0,1.0,882074417.0,M,1.0,23.0,student
189.0,772.0,4.0,875349823.0,M,1.0,30.0,artist
399.0,483.0,3.0,886472258.0,M,1.0,24.0,other
500.0,1135.0,2.0,885844328.0,M,1.0,27.0,programmer
123.0,678.0,2.0,875981819.0,F,0.0,36.0,artist
942.0,302.0,2.0,875286989.0,M,1.0,32.0,student
666.0,528.0,3.0,886031274.0,M,1.0,33.0,administrator
214.0,741.0,2.0,885428159.0,F,0.0,26.0,librarian
357.0,875.0,4.0,878962468.0,M,1.0,25.0,executive
268.0,546.0,3.0,882607982.0,M,1.0,23.0,engineer
308.0,603.0,5.0,887738760.0,M,1.0,52.0,retired
347.0,185.0,4.0,887745339.0,M,1.0,18.0,student
615.0,689.0,3.0,879459194.0,M,1.0,35.0,educator
486.0,615.0,3.0,886533794.0,M,1.0,50.0,educator
478.0,709.0,2.0,889740269.0,M,1.0,28.0,other
497.0,515.0,4.0,875309994.0,F,0.0,20.0,student
21.0,168.0,4.0,879446126.0,M,1.0,25.0,writer
864.0,1047.0,4.0,885680119.0,M,1.0,26.0,programmer
831.0,930.0,5.0,889907925.0,M,1.0,32.0,librarian
276.0,972.0,4.0,882827336.0,M,1.0,21.0,student
643.0,528.0,3.0,887314014.0,M,1.0,35.0,scientist
450.0,7.0,3.0,880332636.0,F,0.0,35.0,educator
795.0,1047.0,3.0,880575085.0,M,1.0,28.0,marketing
422.0,1063.0,4.0,877385748.0,F,0.0,24.0,entertainment
346.0,748.0,3.0,874866315.0,M,1.0,31.0,other
870.0,216.0,4.0,879365534.0,M,1.0,22.0,student
181.0,754.0,5.0,879899225.0,M,1.0,25.0,executive
394.0,471.0,5.0,879394920.0,M,1.0,23.0,administrator
620.0,662.0,2.0,889125653.0,F,0.0,25.0,writer
200.0,1073.0,3.0,879454955.0,M,1.0,36.0,programmer
660.0,483.0,3.0,878951984.0,M,1.0,25.0,student
401.0,1095.0,4.0,889492447.0,F,0.0,46.0,healthcare
840.0,511.0,2.0,877387922.0,M,1.0,35.0,artist
697.0,923.0,5.0,884034752.0,M,1.0,39.0,other
606.0,589.0,3.0,887158935.0,M,1.0,27.0,programmer
716.0,15.0,3.0,878696949.0,M,1.0,32.0,administrator
843.0,15.0,3.0,879435598.0,M,1.0,32.0,librarian
537.0,181.0,3.0,886031606.0,M,1.0,43.0,engineer
429.0,732.0,4.0,882396955.0,M,1.0,26.0,student
757.0,892.0,5.0,880928742.0,M,1.0,25.0,student
500.0,487.0,3.0,882824055.0,M,1.0,27.0,administrator
815.0,28.0,4.0,878759827.0,M,1.0,30.0,other
567.0,723.0,4.0,886480206.0,M,1.0,17.0,entertainment
474.0,1047.0,4.0,887911808.0,M,1.0,45.0,executive
532.0,1215.0,3.0,888639056.0,M,1.0,20.0,student
689.0,730.0,4.0,887738057.0,M,1.0,51.0,administrator
455.0,810.0,3.0,880952620.0,M,1.0,42.0,administrator
276.0,936.0,5.0,877554326.0,M,1.0,21.0,other
650.0,961.0,3.0,892776147.0,M,1.0,38.0,engineer
566.0,1058.0,2.0,890282774.0,F,0.0,20.0,student
919.0,524.0,4.0,884366590.0,M,1.0,34.0,homemaker
328.0,685.0,3.0,8798747862.0,M,1.0,38.0,administrator
880.0,654.0,2.0,888640106.0,M,1.0,18.0,student
790.0,928.0,4.0,881372402.0,M,1.0,32.0,salesman
393.0,829.0,5.0,887744357.0,M,1.0,18.0,student
178.0,15.0,3.0,887736408.0,M,1.0,25.0,other
554.0,679.0,2.0,879449901.0,M,1.0,30.0,scientist
207.0,554.0,1.0,885141541.0,M,1.0,35.0,marketing
445.0,732.0,5.0,875812858.0,M,1.0,27.0,writer
200.0,682.0,5.0,875270986.0,M,1.0,36.0,programmer
294.0,1028.0,3.0,877108117.0,M,1.0,31.0,technician
479.0,672.0,4.0,891547854.0,M,1.0,48.0,librarian
481.0,631.0,3.0,879443937.0,M,1.0,52.0,retired
128.0,815.0,2.0,876513796.0,F,0.0,36.0,marketing
94.0,519.0,4.0,885849089.0,M,1.0,25.0,student
275.0,1028.0,3.0,877638437.0,M,1.0,35.0,engineer
851.0,774.0,3.0,888067798.0,M,1.0,18.0,student
666.0,745.0,3.0,879191351.0,M,1.0,39.0,administrator
92.0,7.0,3.0,875288113.0,M,1.0,30.0,entertainment
429.0,947.0,4.0,888069185.0,M,1.0,21.0,student
94.0,546.0,4.0,884921912.0,M,1.0,25.0,student
883.0,690.0,4.0,891385393.0,M,1.0,43.0,librarian
542.0,1001.0,4.0,882956803.0,M,1.0,20.0,student
398.0,511.0,5.0,882348283.0,M,1.0,36.0,other
936.0,673.0,5.0,881172217.0,M,1.0,39.0,engineer
95.0,735.0,3.0,879896361.0,M,1.0,29.0,administrator
222.0,151.0,5.0,880126607.0,M,1.0,27.0,programmer
13.0,9.0,4.0,880179080.0,M,1.0,42.0,other
187.0,578.0,3.0,879875724.0,M,1.0,25.0,student
715.0,588.0,5.0,878955565.0,M,1.0,35.0,administrator
463.0,778.0,2.0,883388004.0,M,1.0,25.0,healthcare
295.0,516.0,4.0,879792581.0,M,1.0,29.0,educator
435.0,22.0,3.0,880397735.0,M,1.0,23.0,engineer
201.0,1281.0,2.0,889739975.0,M,1.0,26.0,writer
72.0,962.0,3.0,875503800.0,M,1.0,48.0,administrator
655.0,578.0,1.0,884635015.0,F,0.0,50.0,healthcare
239.0,751.0,4.0,877104895.0,M,1.0,35.0,artist
62.0,528.0,5.0,886272009.0,F,0.0,27.0,administrator
846.0,485.0,5.0,883949046.0,M,1.0,26.0,lawyer
6.0,628.0,2.0,879465273.0,M,1.0,38.0,executive
889.0,675.0,4.0,877887877.0,M,1.0,23.0,student
591.0,472.0,4.0,886324582.0,F,0.0,57.0,writer
940.0,471.0,4.0,880175513.0,M,1.0,30.0,administrator
302.0,748.0,4.0,879466604.0,M,1.0,38.0,educator
932.0,696.0,4.0,891449476.0,M,1.0,50.0,educator
13.0,748.0,4.0,880134296.0,M,1.0,42.0,educator
894.0,692.0,3.0,892318002.0,M,1.0,42.0,educator
871.0,7.0,5.0,876346543.0,M,1.0,29.0,executive
648.0,7.0,3.0,891204174.0,M,1.0,35.0,executive
852.0,581.0,4.0,879874834.0,M,1.0,27.0,administrator
246.0,872.0,3.0,883949380.0,M,1.0,18.0,student
7.0,82.0,3.0,885597877.0,M,1.0,50.0,administrator
823.0,693.0,4.0,879455021.0,M,1.0,41.0,engineer
327.0,671.0,4.0,884749509.0,M,1.0,26.0,student
887.0,286.0,4.0,889076325.0,F,0.0,15.0,student
659.0,732.0,4.0,875326273.0,M,1.0,29.0,executive
711.0,723.0,4.0,880604714.0,F,0.0,22.0,student
851.0,7.0,5.0,891547862.0,M,1.0,41.0,other
796.0,562.0,2.0,889124972.0,M,1.0,32.0,writer
506.0,566.0,4.0,889235683.0,M,1.0,27.0,programmer
158.0,10.0,4.0,880134296.0,M,1.0,44.0,educator
59.0,50.0,3.0,879454630.0,M,1.0,43.0,educator
385.0,7.0,5.0,884112069.0,M,1.0,33.0,writer
605.0,939.0,3.0,879871462.0,M,1.0,31.0,programmer
837.0,662.0,4.0,875264838.0,M,1.0,27.0,artist
834.0,629.0,4.0,875742680.0,M,1.0,32.0,artist
561.0,972.0,5.0,877454500.0,M,1.0,23.0,engineer
796.0,845.0,3.0,888733480.0,M,1.0,32.0,writer
776.0,185.0,2.0,879875432.0,M,1.0,28.0,other
514.0,481.0,5.0,875961628.0,M,1.0,26.0,programmer
897.0,748.0,4.0,879991007.0,M,1.0,28.0,other
393.0,531.0,3.0,877896675.0,M,1.0,18.0,student
288.0,506.0,5.0,887667618.0,M,1.0,35.0,programmer
886.0,662.0,3.0,875086991.0,M,1.0,20.0,student
653.0,10.0,2.0,879147109.0,M,1.0,54.0,executive
545.0,276.0,4.0,879362202.0,M,1.0,42.0,executive
130.0,1081.0,5.0,876513549.0,F,0.0,20.0,none
293.0,672.0,3.0,888907948.0,M,1.0,23.0,writer
894.0,628.0,4.0,879485218.0,M,1.0,42.0,other
336.0,528.0,4.0,881105905.0,M,1.0,23.0,salesman
387.0,541.0,3.0,875297422.0,M,1.0,31.0,entertainment
141.0,100.0,5.0,882404327.0,M,1.0,43.0,homemaker
699.0,652.0,3.0,890281848.0,M,1.0,39.0,other
776.0,762.0,4.0,879362202.0,M,1.0,28.0,administrator
840.0,568.0,4.0,891264630.0,M,1.0,35.0,artist
499.0,1046.0,1.0,877130677.0,M,1.0,38.0,programmer
711.0,678.0,5.0,888732987.0,F,0.0,22.0,student
13.0,546.0,4.0,880821321.0,M,1.0,42.0,educator
222.0,732.0,3.0,887159554.0,M,1.0,27.0,programmer
542.0,558.0,1.0,885158885.0,M,1.0,23.0,artist
486.0,4.0,3.0,875653824.0,M,1.0,35.0,executive
892.0,393.0,2.0,875244774.0,M,1.0,33.0,other
661.0,1246.0,5.0,889415955.0,M,1.0,23.0,programmer
851.0,8.0,3.0,880179090.0,M,1.0,18.0,student
164.0,889.0,4.0,888104647.0,M,1.0,52.0,healthcare
82.0,966.0,3.0,888103737.0,M,1.0,44.0,programmer
618.0,614.0,4.0,880177857.0,F,0.0,17.0,student
660.0,559.0,5.0,891459923.0,M,1.0,25.0,student
597.0,651.0,1.0,879522033.0,F,0.0,49.0,writer
623.0,1074.0,3.0,879517271.0,M,1.0,24.0,administrator
250.0,473.0,4.0,876013567.0,M,1.0,27.0,executive
592.0,1245.0,3.0,883709402.0,M,1.0,17.0,student
634.0,1047.0,2.0,878354742.0,M,1.0,37.0,student
561.0,690.0,4.0,879444546.0,M,1.0,23.0,engineer
642.0,762.0,2.0,880144123.0,F,0.0,17.0,student
886.0,707.0,3.0,876534131.0,M,1.0,20.0,student
72.0,405.0,1.0,880079642.0,F,0.0,48.0,marketing
562.0,8.0,2.0,888639975.0,F,0.0,21.0,student
673.0,727.0,5.0,891462423.0,M,1.0,24.0,programmer
13.0,628.0,2.0,882398747.0,M,1.0,42.0,educator
463.0,333.0,4.0,886833794.0,F,0.0,49.0,healthcare
450.0,681.0,1.0,880177349.0,F,0.0,35.0,educator
788.0,186.0,5.0,879362202.0,M,1.0,50.0,administrator
757.0,739.0,1.0,888558762.0,M,1.0,21.0,student
533.0,513.0,5.0,879392901.0,M,1.0,39.0,other
486.0,98.0,4.0,880405771.0,M,1.0,20.0,student
801.0,943.0,2.0,889739988.0,M,1.0,22.0,healthcare
846.0,498.0,3.0,891201234.0,M,1.0,26.0,artist
805.0,746.0,3.0,875654730.0,F,0.0,27.0,other
833.0,1051.0,4.0,888068798.0,M,1.0,31.0,writer
838.0,513.0,5.0,874730245.0,F,0.0,30.0,artist
385.0,79.0,2.0,884131576.0,M,1.0,33.0,writer
751.0,1084.0,3.0,888632222.0,F,0.0,24.0,other
711.0,531.0,4.0,879442427.0,F,0.0,22.0,student
398.0,671.0,3.0,875653750.0,M,1.0,36.0,other
896.0,5.0,5.0,879192618.0,M,1.0,27.0,writer
435.0,929.0,1.0,879445086.0,M,1.0,23.0,engineer
299.0,514.0,4.0,880044613.0,M,1.0,27.0,doctor
239.0,684.0,1.0,891205004.0,F,0.0,35.0,artist
615.0,64.0,5.0,891273767.0,M,1.0,35.0,educator
303.0,732.0,5.0,879540106.0,M,1.0,18.0,student
145.0,496.0,3.0,882212656.0,M,1.0,29.0,entertainment
796.0,942.0,4.0,88327876876.0,M,1.0,32.0,writer
409.0,573.0,4.0,891033499.0,M,1.0,42.0,administrator
796.0,118.0,2.0,880134995.0,F,0.0,56.0,writer
592.0,531.0,5.0,891385491.0,M,1.0,18.0,programmer
174.0,628.0,3.0,885155709.0,F,0.0,30.0,administrator
829.0,709.0,4.0,879192882.0,M,1.0,38.0,scientist
472.0,696.0,5.0,882359148.0,M,1.0,23.0,student
732.0,988.0,4.0,891351121.0,F,0.0,36.0,educator
58.0,875.0,5.0,882359097.0,M,1.0,26.0,programmer
110.0,526.0,5.0,888637597.0,M,1.0,18.0,student
280.0,50.0,4.0,885809356.0,F,0.0,30.0,librarian
393.0,526.0,4.0,891495668.0,M,1.0,18.0,student
715.0,609.0,4.0,875035273.0,M,1.0,21.0,technician
514.0,597.0,5.0,875297433.0,M,1.0,26.0,programmer
374.0,449.0,2.0,883709641.0,M,1.0,33.0,executive
897.0,11.0,1.0,879483971.0,M,1.0,28.0,other
184.0,651.0,4.0,889969061.0,M,1.0,34.0,librarian
363.0,889.0,5.0,889731748.0,M,1.0,20.0,student
250.0,222.0,5.0,885810716.0,M,1.0,27.0,executive
889.0,678.0,3.0,880130827.0,M,1.0,23.0,technician
825.0,752.0,5.0,880332257.0,M,1.0,31.0,engineer
798.0,4.0,2.0,891699455.0,F,0.0,40.0,writer
711.0,568.0,3.0,875310185.0,F,0.0,22.0,other
85.0,5.0,3.0,879439283.0,M,1.0,45.0,educator
823.0,245.0,2.0,878437393.0,F,0.0,26.0,artist
453.0,726.0,2.0,889739883.0,M,1.0,18.0,writer
806.0,514.0,4.0,884365500.0,M,1.0,41.0,marketing
773.0,496.0,4.0,884134371.0,M,1.0,21.0,student
389.0,7.0,5.0,891035307.0,F,0.0,44.0,writer
880.0,672.0,4.0,882823805.0,M,1.0,11.0,student
583.0,7.0,2.0,891390517.0,M,1.0,43.0,librarian
69.0,517.0,4.0,877112063.0,M,1.0,30.0,scientist
486.0,127.0,3.0,881171957.0,M,1.0,35.0,educator
537.0,519.0,4.0,886029807.0,M,1.0,33.0,engineer
881.0,511.0,4.0,875271461.0,M,1.0,35.0,marketing
671.0,924.0,4.0,879446952.0,M,1.0,21.0,programmer
417.0,708.0,2.0,878973971.0,F,0.0,27.0,other
837.0,111.0,3.0,875303640.0,M,1.0,31.0,writer
910.0,705.0,4.0,879362222.0,M,1.0,41.0,healthcare
305.0,607.0,5.0,879361195.0,M,1.0,23.0,programmer
326.0,1241.0,5.0,891042977.0,M,1.0,37.0,administrator
89.0,662.0,2.0,880843550.0,M,1.0,43.0,writer
291.0,1083.0,3.0,875046752.0,M,1.0,18.0,student
417.0,531.0,4.0,879441382.0,F,0.0,27.0,other
684.0,1116.0,3.0,8757434862.0,M,1.0,36.0,engineer
554.0,176.0,5.0,887912447.0,M,1.0,18.0,student
299.0,833.0,2.0,882139711.0,M,1.0,27.0,doctor
862.0,1047.0,4.0,879455770.0,M,1.0,24.0,executive
500.0,847.0,3.0,88387671.0,M,1.0,27.0,administrator
250.0,474.0,5.0,879783700.0,M,1.0,38.0,executive
8.0,515.0,4.0,879466891.0,M,1.0,11.0,student
588.0,567.0,4.0,882955782.0,F,0.0,17.0,student
13.0,476.0,4.0,882396869.0,M,1.0,42.0,educator
334.0,924.0,4.0,891036412.0,M,1.0,30.0,librarian
935.0,357.0,5.0,884365823.0,M,1.0,39.0,other
479.0,100.0,4.0,879452637.0,M,1.0,42.0,other
286.0,733.0,4.0,882386552.0,M,1.0,26.0,student
533.0,496.0,3.0,879192818.0,M,1.0,39.0,librarian
378.0,479.0,4.0,880585927.0,M,1.0,32.0,student
798.0,64.0,4.0,888104281.0,F,0.0,40.0,writer
293.0,528.0,4.0,887667524.0,M,1.0,23.0,writer
472.0,471.0,3.0,884921786.0,M,1.0,24.0,student
262.0,589.0,5.0,881259237.0,F,0.0,18.0,student
354.0,117.0,2.0,891032288.0,F,0.0,29.0,librarian
615.0,1049.0,4.0,888103727.0,M,1.0,35.0,educator
450.0,56.0,4.0,879361743.0,F,0.0,35.0,educator
329.0,652.0,4.0,892318041.0,F,0.0,42.0,educator
894.0,926.0,4.0,891696209.0,M,1.0,42.0,educator
651.0,928.0,4.0,891294859.0,M,1.0,24.0,programmer
468.0,527.0,4.0,878973060.0,M,1.0,27.0,student
867.0,1025.0,4.0,88475305035.0,M,1.0,35.0,scientist
790.0,7.0,5.0,889289123.0,M,1.0,42.0,technician
716.0,1.0,5.0,879876735.0,F,0.0,36.0,administrator
630.0,807.0,1.0,891304966.0,F,0.0,41.0,healthcare
500.0,151.0,4.0,885047308.0,M,1.0,27.0,administrator
327.0,969.0,5.0,887736116.0,M,1.0,28.0,student
450.0,14.0,4.0,882078897.0,F,0.0,35.0,educator
418.0,1170.0,5.0,882141455.0,F,0.0,31.0,other
110.0,7.0,3.0,888067743.0,M,1.0,18.0,student
367.0,1149.0,3.0,878090381.0,M,1.0,18.0,student
189.0,675.0,4.0,885690342.0,M,1.0,30.0,artist
479.0,12.0,5.0,879444933.0,M,1.0,28.0,educator
262.0,875.0,4.0,879192901.0,F,0.0,17.0,student
655.0,1269.0,3.0,886480325.0,F,0.0,50.0,healthcare
758.0,1019.0,4.0,882348522.0,M,1.0,26.0,student
22.0,685.0,4.0,887159502.0,M,1.0,24.0,writer
627.0,684.0,2.0,886028446.0,M,1.0,23.0,engineer
709.0,678.0,4.0,884134079.0,F,0.0,21.0,student
267.0,685.0,5.0,876406907.0,M,1.0,23.0,engineer
796.0,676.0,4.0,874730320.0,M,1.0,32.0,writer
796.0,186.0,3.0,882961078.0,F,0.0,32.0,writer
840.0,234.0,4.0,875121572.0,M,1.0,35.0,artist
521.0,741.0,4.0,891250584.0,M,1.0,24.0,student
574.0,729.0,5.0,889907426.0,M,1.0,49.0,educator
919.0,569.0,4.0,880605768.0,M,1.0,24.0,other
452.0,121.0,5.0,886396953.0,M,1.0,32.0,writer
286.0,546.0,3.0,877400037.0,M,1.0,26.0,programmer
102.0,547.0,3.0,878793047.0,M,1.0,35.0,programmer
6.0,546.0,5.0,881960029.0,M,1.0,18.0,other
881.0,762.0,5.0,877538415.0,M,1.0,35.0,marketing
406.0,939.0,5.0,879466532.0,M,1.0,46.0,educator
747.0,1436.0,5.0,888557935.0,M,1.0,18.0,other
233.0,117.0,5.0,880869072.0,M,1.0,35.0,engineer
456.0,496.0,4.0,892078485.0,M,1.0,23.0,technician
541.0,328.0,3.0,875981816.0,F,0.0,51.0,educator
592.0,523.0,4.0,892911290.0,F,0.0,39.0,librarian
871.0,826.0,2.0,891296897.0,M,1.0,41.0,executive
535.0,815.0,5.0,879447946.0,M,1.0,48.0,educator
903.0,7.0,4.0,891209142.0,M,1.0,27.0,educator
524.0,11.0,3.0,882345904.0,M,1.0,49.0,educator
435.0,9.0,5.0,888703291.0,M,1.0,23.0,engineer
280.0,13.0,5.0,891577853.0,F,0.0,30.0,librarian
478.0,831.0,4.0,880756924.0,M,1.0,27.0,student
806.0,496.0,5.0,883710236.0,M,1.0,26.0,marketing
354.0,521.0,4.0,891032326.0,F,0.0,30.0,librarian
437.0,496.0,5.0,880045651.0,F,0.0,27.0,other
345.0,709.0,2.0,891297750.0,M,1.0,28.0,librarian
189.0,685.0,3.0,893219180.0,M,1.0,30.0,artist
323.0,431.0,4.0,875242893.0,M,1.0,31.0,entertainment
429.0,5.0,3.0,875251881.0,M,1.0,26.0,student
551.0,826.0,3.0,878878685.0,M,1.0,24.0,other
940.0,658.0,3.0,880579785.0,F,0.0,38.0,administrator
234.0,471.0,4.0,892318885.0,M,1.0,52.0,retired
659.0,597.0,4.0,891035362.0,M,1.0,29.0,educator
671.0,511.0,4.0,875245092.0,M,1.0,18.0,student
889.0,50.0,4.0,884128236.0,M,1.0,23.0,technician
205.0,514.0,4.0,888104757.0,M,1.0,52.0,lawyer
556.0,582.0,2.0,888066755.0,F,0.0,41.0,educator
450.0,874.0,4.0,881650690.0,F,0.0,35.0,educator
73.0,615.0,4.0,888705618.0,M,1.0,23.0,student
568.0,925.0,2.0,878183314.0,M,1.0,35.0,educator
881.0,615.0,5.0,874795562.0,M,1.0,35.0,marketing
462.0,542.0,3.0,880561783.0,F,0.0,25.0,student
886.0,745.0,4.0,888636020.0,M,1.0,20.0,student
707.0,948.0,3.0,875216507.0,M,1.0,56.0,retired
248.0,473.0,5.0,887740700.0,M,1.0,24.0,student
474.0,652.0,3.0,887738057.0,M,1.0,28.0,student
416.0,582.0,3.0,891448004.0,F,0.0,20.0,student
328.0,815.0,4.0,879110544.0,M,1.0,45.0,administrator
514.0,588.0,4.0,889289419.0,M,1.0,25.0,other
927.0,979.0,4.0,875384751.0,M,1.0,23.0,programmer
615.0,687.0,4.0,874786985.0,M,1.0,35.0,educator
158.0,12.0,4.0,879792360.0,M,1.0,44.0,educator
479.0,286.0,5.0,879572685.0,M,1.0,35.0,educator
795.0,4.0,2.0,876332633.0,M,1.0,27.0,programmer
556.0,736.0,3.0,879455225.0,M,1.0,35.0,educator
401.0,237.0,3.0,884326690.0,F,0.0,46.0,healthcare
92.0,773.0,4.0,877880081.0,M,1.0,30.0,entertainment
790.0,651.0,2.0,884131711.0,M,1.0,26.0,technician
902.0,763.0,4.0,886989440.0,F,0.0,30.0,marketing
790.0,568.0,4.0,878548024.0,M,1.0,26.0,technician
634.0,607.0,3.0,889731433.0,M,1.0,20.0,student
561.0,662.0,3.0,883698431.0,M,1.0,23.0,engineer
514.0,749.0,4.0,883278699.0,M,1.0,26.0,programmer
727.0,947.0,4.0,879738716.0,F,0.0,24.0,administrator
459.0,527.0,3.0,876033234.0,M,1.0,22.0,student
161.0,673.0,5.0,878962168.0,M,1.0,44.0,writer
883.0,709.0,4.0,889912356.0,M,1.0,43.0,librarian
896.0,686.0,2.0,88764642495.0,F,0.0,27.0,writer
327.0,742.0,3.0,875289491.0,M,1.0,22.0,student
871.0,1041.0,4.0,888067187.0,M,1.0,33.0,executive
469.0,483.0,4.0,891370925.0,M,1.0,28.0,educator
318.0,237.0,5.0,887740828.0,M,1.0,56.0,retired
676.0,703.0,4.0,883348015.0,M,1.0,28.0,programmer
715.0,479.0,5.0,879455704.0,M,1.0,23.0,technician
308.0,1117.0,4.0,887737338.0,M,1.0,52.0,retired
880.0,9.0,3.0,880475782.0,M,1.0,11.0,student
445.0,14.0,4.0,888452501.0,F,0.0,21.0,writer
804.0,663.0,5.0,879445921.0,M,1.0,35.0,educator
236.0,1136.0,2.0,885852890.0,F,0.0,44.0,writer
889.0,7.0,5.0,883835053.0,M,1.0,23.0,technician
927.0,684.0,3.0,891199804.0,M,1.0,23.0,engineer
501.0,566.0,4.0,887737171.0,M,1.0,22.0,student
276.0,942.0,4.0,875037231.0,M,1.0,21.0,student
234.0,723.0,3.0,892333573.0,M,1.0,52.0,retired
500.0,521.0,3.0,883865952.0,M,1.0,27.0,programmer
561.0,792.0,3.0,888479625.0,M,1.0,23.0,programmer
707.0,744.0,3.0,883709273.0,F,0.0,56.0,librarian
139.0,653.0,2.0,877869928.0,M,1.0,20.0,student
815.0,826.0,4.0,878962645.0,M,1.0,29.0,other
303.0,828.0,1.0,879792901.0,M,1.0,18.0,student
486.0,956.0,5.0,879372271.0,M,1.0,35.0,student
749.0,595.0,4.0,875982898.0,M,1.0,31.0,other
303.0,807.0,3.0,879446108.0,M,1.0,18.0,student
868.0,474.0,3.0,882426860.0,M,1.0,21.0,marketing
795.0,527.0,3.0,884144015.0,M,1.0,24.0,technician
506.0,551.0,5.0,884112487.0,M,1.0,26.0,technician
608.0,4.0,3.0,880243082.0,M,1.0,22.0,student
45.0,288.0,3.0,879445372.0,M,1.0,27.0,administrator
429.0,467.0,5.0,882386309.0,M,1.0,26.0,student
666.0,56.0,4.0,879110818.0,M,1.0,27.0,administrator
479.0,39.0,3.0,881961159.0,F,0.0,28.0,educator
881.0,7.0,4.0,878850523.0,F,0.0,37.0,administrator
559.0,257.0,4.0,891208185.0,M,1.0,39.0,executive
293.0,1023.0,3.0,888459187.0,M,1.0,23.0,writer
634.0,127.0,3.0,888104079.0,M,1.0,11.0,student
498.0,659.0,5.0,884922437.0,M,1.0,25.0,writer
875.0,515.0,4.0,880130435.0,M,1.0,24.0,other
234.0,237.0,4.0,891435387.0,M,1.0,52.0,retired
474.0,9.0,3.0,879875025.0,M,1.0,45.0,executive
145.0,919.0,4.0,875463637.0,M,1.0,29.0,entertainment
666.0,1089.0,5.0,879443969.0,M,1.0,39.0,administrator
804.0,474.0,3.0,879435369.0,M,1.0,35.0,educator
943.0,931.0,5.0,877399100.0,M,1.0,22.0,student
174.0,1079.0,4.0,891035438.0,F,0.0,30.0,librarian
380.0,685.0,4.0,880606553.0,M,1.0,30.0,engineer
184.0,713.0,2.0,884136940.0,M,1.0,38.0,salesman
661.0,483.0,4.0,887160953.0,M,1.0,27.0,programmer
561.0,813.0,2.0,883708886.0,M,1.0,23.0,student
412.0,1210.0,5.0,885679739.0,M,1.0,24.0,educator
758.0,495.0,4.0,884121729.0,M,1.0,26.0,programmer
561.0,101.0,5.0,879786989.0,M,1.0,23.0,engineer
99.0,15.0,4.0,875963468.0,M,1.0,25.0,student
727.0,498.0,1.0,888556698.0,M,1.0,24.0,student
313.0,934.0,3.0,892995662.0,M,1.0,37.0,marketing
592.0,1012.0,5.0,875659175.0,M,1.0,18.0,student
405.0,875.0,4.0,886609977.0,F,0.0,22.0,healthcare
23.0,1136.0,4.0,876538247.0,M,1.0,30.0,artist
843.0,628.0,4.0,891193120.0,F,0.0,32.0,librarian
716.0,269.0,5.0,88414090953.0,M,1.0,26.0,technician
288.0,466.0,3.0,878866704.0,M,1.0,31.0,marketing
887.0,1060.0,4.0,876033630.0,M,1.0,20.0,student
406.0,8.0,4.0,880474071.0,M,1.0,46.0,educator
343.0,518.0,3.0,875728982.0,M,1.0,39.0,engineer
498.0,889.0,4.0,879455654.0,M,1.0,27.0,writer
769.0,15.0,3.0,890334948.0,M,1.0,30.0,administrator
751.0,4.0,3.0,878854200.0,F,0.0,28.0,other
697.0,237.0,3.0,891249265.0,M,1.0,38.0,other
615.0,476.0,4.0,879446228.0,M,1.0,36.0,educator
568.0,741.0,4.0,882077256.0,M,1.0,45.0,educator
472.0,1097.0,3.0,877756787.0,M,1.0,23.0,student
846.0,4.0,4.0,883948221.0,M,1.0,26.0,lawyer
373.0,974.0,5.0,880044642.0,F,0.0,24.0,other
145.0,1248.0,3.0,875653242.0,M,1.0,29.0,entertainment
498.0,528.0,2.0,889069980.0,M,1.0,25.0,writer
615.0,549.0,3.0,879445664.0,M,1.0,35.0,educator
603.0,815.0,3.0,891494668.0,M,1.0,21.0,programmer
393.0,479.0,3.0,880572087.0,M,1.0,18.0,student
551.0,727.0,4.0,882385536.0,M,1.0,24.0,programmer
921.0,676.0,3.0,877132015.0,F,0.0,17.0,student
747.0,518.0,4.0,88774636700.0,M,1.0,18.0,other
592.0,629.0,3.0,882389969.0,M,1.0,18.0,student
450.0,522.0,5.0,880178019.0,M,1.0,35.0,educator
741.0,628.0,4.0,875654528.0,F,0.0,24.0,none
276.0,941.0,3.0,876533480.0,M,1.0,21.0,student
405.0,653.0,1.0,888451326.0,F,0.0,22.0,healthcare
21.0,496.0,3.0,884112915.0,M,1.0,23.0,writer
731.0,566.0,5.0,878191671.0,F,0.0,27.0,other
239.0,7.0,5.0,891193386.0,M,1.0,35.0,artist
514.0,258.0,4.0,875242210.0,M,1.0,26.0,programmer
618.0,50.0,2.0,876032353.0,F,0.0,11.0,student
99.0,845.0,2.0,879465273.0,M,1.0,20.0,student
894.0,515.0,4.0,891037777.0,M,1.0,42.0,educator
399.0,672.0,3.0,882823805.0,M,1.0,24.0,other
4.0,755.0,4.0,878940332.0,M,1.0,27.0,technician
264.0,683.0,4.0,889041695.0,F,0.0,36.0,writer
881.0,473.0,5.0,878849212.0,F,0.0,35.0,marketing
788.0,576.0,5.0,879448015.0,M,1.0,50.0,administrator
455.0,568.0,3.0,879466283.0,M,1.0,42.0,administrator
269.0,544.0,4.0,891545894.0,F,0.0,31.0,librarian
666.0,294.0,3.0,885807930.0,M,1.0,39.0,administrator
913.0,508.0,4.0,882386426.0,M,1.0,26.0,student
83.0,879.0,3.0,879461452.0,M,1.0,36.0,other
200.0,591.0,4.0,880673532.0,M,1.0,36.0,programmer
213.0,688.0,3.0,885849188.0,M,1.0,25.0,executive
468.0,515.0,3.0,879450156.0,M,1.0,27.0,scientist
450.0,752.0,1.0,885853239.0,F,0.0,35.0,educator
836.0,591.0,3.0,875122079.0,M,1.0,23.0,writer
85.0,746.0,4.0,879454624.0,M,1.0,45.0,educator
889.0,50.0,3.0,891036491.0,M,1.0,23.0,technician
809.0,692.0,3.0,882607690.0,M,1.0,38.0,healthcare
1.0,476.0,4.0,888703291.0,M,1.0,23.0,technician
438.0,506.0,4.0,879547298.0,F,0.0,27.0,student
666.0,825.0,2.0,879398825.0,M,1.0,39.0,administrator
758.0,473.0,4.0,881371059.0,M,1.0,27.0,student
796.0,694.0,5.0,882215662.0,M,1.0,23.0,programmer
42.0,588.0,2.0,879193362.0,M,1.0,28.0,administrator
183.0,491.0,5.0,876534131.0,M,1.0,31.0,executive
864.0,8.0,2.0,875288741.0,M,1.0,26.0,programmer
806.0,566.0,3.0,882827995.0,M,1.0,37.0,marketing
385.0,754.0,3.0,879443446.0,M,1.0,33.0,writer
425.0,13.0,4.0,886396460.0,M,1.0,18.0,student
622.0,741.0,2.0,875729434.0,M,1.0,24.0,programmer
861.0,944.0,5.0,888639975.0,M,1.0,23.0,student
379.0,944.0,5.0,880843330.0,M,1.0,39.0,programmer
864.0,614.0,4.0,885848886.0,M,1.0,26.0,programmer
279.0,456.0,4.0,875105814.0,M,1.0,31.0,programmer
308.0,931.0,5.0,887739095.0,M,1.0,52.0,retired
195.0,671.0,4.0,875728790.0,M,1.0,35.0,scientist
717.0,515.0,3.0,883710124.0,M,1.0,25.0,student
1.0,13.0,3.0,877889187.0,M,1.0,23.0,technician
804.0,876.0,3.0,879443821.0,M,1.0,35.0,educator
392.0,173.0,5.0,891195113.0,M,1.0,35.0,educator
222.0,795.0,2.0,882079374.0,M,1.0,33.0,salesman
899.0,546.0,2.0,884129975.0,M,1.0,30.0,other
627.0,517.0,4.0,884133446.0,M,1.0,23.0,programmer
450.0,708.0,4.0,889737756.0,F,0.0,35.0,educator
940.0,546.0,2.0,891209342.0,F,0.0,48.0,artist
416.0,483.0,4.0,884365817.0,F,0.0,20.0,student
742.0,11.0,5.0,891039438.0,M,1.0,50.0,writer
548.0,471.0,4.0,879875050.0,F,0.0,49.0,educator
916.0,294.0,4.0,879874734.0,F,0.0,38.0,administrator
524.0,1045.0,4.0,882350768.0,M,1.0,49.0,educator
374.0,482.0,4.0,880356025.0,M,1.0,33.0,executive
716.0,294.0,3.0,879461655.0,F,0.0,42.0,administrator
654.0,9.0,4.0,879563400.0,M,1.0,27.0,student
934.0,541.0,5.0,884133610.0,M,1.0,53.0,engineer
751.0,474.0,4.0,879446306.0,F,0.0,24.0,student
398.0,748.0,4.0,879454400.0,M,1.0,27.0,other
295.0,519.0,3.0,879523820.0,M,1.0,29.0,educator
925.0,7.0,4.0,880179378.0,M,1.0,36.0,programmer
592.0,930.0,5.0,876404941.0,M,1.0,18.0,student
940.0,727.0,4.0,880937992.0,M,1.0,36.0,executive
347.0,472.0,4.0,883726155.0,M,1.0,18.0,student
862.0,707.0,4.0,883949046.0,M,1.0,25.0,executive
758.0,603.0,4.0,875350995.0,M,1.0,26.0,student
788.0,1060.0,4.0,888640149.0,F,0.0,42.0,other
7.0,528.0,4.0,891356810.0,M,1.0,50.0,administrator
92.0,578.0,2.0,885807215.0,M,1.0,30.0,entertainment
268.0,1028.0,3.0,880843320.0,M,1.0,23.0,engineer
207.0,300.0,1.0,882397146.0,M,1.0,35.0,marketing
432.0,961.0,3.0,889655162.0,M,1.0,22.0,writer
354.0,578.0,5.0,891364188.0,F,0.0,29.0,librarian
683.0,678.0,3.0,874951043.0,M,1.0,31.0,other
455.0,507.0,5.0,879892662.0,M,1.0,42.0,administrator
193.0,731.0,2.0,887737338.0,M,1.0,27.0,student
128.0,10.0,4.0,879370104.0,F,0.0,24.0,marketing
639.0,121.0,4.0,891032486.0,M,1.0,34.0,librarian
363.0,1047.0,3.0,891204264.0,M,1.0,20.0,student
207.0,127.0,5.0,880356025.0,M,1.0,35.0,marketing
790.0,463.0,4.0,884461526.0,M,1.0,26.0,engineer
94.0,523.0,3.0,886028706.0,M,1.0,25.0,student
773.0,488.0,4.0,880356025.0,M,1.0,17.0,student
201.0,825.0,3.0,884294200.0,M,1.0,26.0,writer
517.0,195.0,5.0,88854589.0,M,1.0,21.0,student
267.0,174.0,5.0,88089716.0,M,1.0,23.0,engineer
795.0,95.0,3.0,875295841.0,M,1.0,28.0,programmer
593.0,191.0,4.0,879455420.0,F,0.0,35.0,marketing
215.0,1059.0,3.0,891294882.0,M,1.0,32.0,programmer
490.0,631.0,5.0,893214041.0,F,0.0,29.0,artist
474.0,50.0,3.0,887912471.0,M,1.0,45.0,executive
311.0,934.0,4.0,891387164.0,M,1.0,38.0,technician
119.0,595.0,2.0,875561434.0,M,1.0,30.0,programmer
221.0,739.0,4.0,882820686.0,M,1.0,18.0,student
843.0,662.0,4.0,889908694.0,F,0.0,43.0,librarian
194.0,654.0,3.0,879304113.0,M,1.0,35.0,administrator
248.0,652.0,5.0,887737118.0,M,1.0,24.0,student
896.0,531.0,2.0,879446129.0,M,1.0,33.0,other
313.0,13.0,3.0,875324204.0,M,1.0,37.0,marketing
532.0,1073.0,5.0,875731888.0,F,0.0,20.0,student
621.0,559.0,4.0,889909768.0,M,1.0,35.0,programmer
151.0,732.0,1.0,878182901.0,F,0.0,43.0,administrator
6.0,111.0,3.0,880150690.0,M,1.0,38.0,executive
561.0,748.0,3.0,886181358.0,M,1.0,17.0,student
312.0,1074.0,5.0,891447410.0,M,1.0,42.0,other
523.0,752.0,3.0,879449962.0,M,1.0,49.0,educator
630.0,823.0,5.0,878349411.0,F,0.0,27.0,programmer
863.0,671.0,3.0,889722012.0,F,0.0,17.0,student
537.0,855.0,3.0,886030891.0,M,1.0,33.0,executive
393.0,14.0,5.0,887730490.0,M,1.0,18.0,student
655.0,629.0,1.0,884314881.0,M,1.0,50.0,healthcare
56.0,584.0,4.0,891723261.0,M,1.0,30.0,librarian
574.0,485.0,4.0,883452458.0,M,1.0,45.0,scientist
862.0,582.0,4.0,883708949.0,M,1.0,32.0,engineer
387.0,824.0,4.0,886480206.0,M,1.0,31.0,entertainment
940.0,519.0,1.0,880346831.0,M,1.0,30.0,administrator
548.0,652.0,4.0,889067440.0,M,1.0,39.0,engineer
669.0,1095.0,5.0,891033111.0,M,1.0,39.0,librarian
293.0,222.0,3.0,888905005.0,M,1.0,23.0,writer
200.0,531.0,4.0,876016895.0,M,1.0,36.0,programmer
303.0,7.0,4.0,879484159.0,M,1.0,18.0,student
388.0,153.0,4.0,878918414.0,M,1.0,29.0,other
527.0,741.0,5.0,878971914.0,M,1.0,23.0,programmer
684.0,449.0,5.0,887912568.0,M,1.0,25.0,student
847.0,471.0,1.0,886398246.0,M,1.0,27.0,student
293.0,174.0,1.0,888905865.0,M,1.0,23.0,writer
680.0,633.0,3.0,892845630.0,M,1.0,32.0,lawyer
409.0,705.0,4.0,879178568.0,M,1.0,42.0,administrator
318.0,479.0,4.0,884496940.0,M,1.0,52.0,retired
455.0,611.0,5.0,879466604.0,M,1.0,42.0,administrator
314.0,498.0,5.0,887912382.0,F,0.0,20.0,student
851.0,566.0,5.0,882079237.0,M,1.0,35.0,none
399.0,506.0,4.0,882621975.0,M,1.0,24.0,other
497.0,690.0,4.0,888632285.0,F,0.0,17.0,student
349.0,886.0,4.0,874873151.0,M,1.0,59.0,retired
890.0,8.0,3.0,888067691.0,M,1.0,30.0,student
890.0,487.0,5.0,882385164.0,M,1.0,32.0,salesman
450.0,566.0,4.0,888082099.0,M,1.0,35.0,educator
561.0,885.0,4.0,878181147.0,M,1.0,33.0,executive
653.0,741.0,5.0,880167328.0,M,1.0,29.0,executive
1.0,715.0,4.0,887157729.0,M,1.0,23.0,technician
354.0,746.0,5.0,879541342.0,F,0.0,29.0,librarian
276.0,744.0,4.0,874824097.0,M,1.0,21.0,student
889.0,514.0,3.0,880181442.0,M,1.0,23.0,technician
727.0,482.0,4.0,884292053.0,M,1.0,25.0,student
943.0,989.0,4.0,879467413.0,M,1.0,22.0,student
479.0,168.0,5.0,888068839.0,M,1.0,42.0,educator
864.0,956.0,5.0,880844558.0,M,1.0,26.0,programmer
796.0,100.0,4.0,892685652.0,F,0.0,32.0,writer
314.0,431.0,4.0,876539595.0,M,1.0,18.0,student
394.0,276.0,3.0,881108195.0,M,1.0,24.0,administrator
537.0,12.0,4.0,883601089.0,M,1.0,33.0,other
840.0,824.0,5.0,891294754.0,M,1.0,35.0,artist
500.0,571.0,4.0,879435464.0,M,1.0,27.0,administrator
385.0,588.0,1.0,879443155.0,M,1.0,33.0,writer
291.0,652.0,1.0,874854704.0,M,1.0,18.0,student
916.0,9.0,3.0,877132930.0,M,1.0,27.0,other
577.0,517.0,4.0,883870085.0,F,0.0,46.0,lawyer
406.0,527.0,5.0,887911087.0,M,1.0,46.0,educator
527.0,237.0,4.0,878849558.0,M,1.0,31.0,librarian
308.0,646.0,4.0,887739505.0,M,1.0,52.0,retired
479.0,589.0,4.0,879518630.0,M,1.0,28.0,educator
733.0,473.0,4.0,891723706.0,M,1.0,25.0,writer
846.0,929.0,3.0,883950950.0,M,1.0,26.0,lawyer
630.0,682.0,1.0,884626810.0,F,0.0,26.0,healthcare
58.0,523.0,4.0,885697427.0,M,1.0,26.0,programmer
13.0,974.0,5.0,875133613.0,M,1.0,42.0,educator
606.0,333.0,5.0,880479966.0,M,1.0,27.0,programmer
592.0,568.0,3.0,882607476.0,M,1.0,18.0,student
345.0,519.0,3.0,882823155.0,F,0.0,28.0,librarian
707.0,468.0,4.0,891205187.0,F,1.0,56.0,librarian
846.0,517.0,5.0,879530306.0,M,1.0,26.0,lawyer
632.0,1170.0,4.0,879461286.0,M,1.0,17.0,student
880.0,477.0,4.0,880354347.0,F,0.0,11.0,student
667.0,685.0,3.0,874873247.0,M,1.0,20.0,student
716.0,482.0,3.0,884365251.0,F,0.0,36.0,administrator
321.0,588.0,4.0,879443871.0,M,1.0,49.0,educator
305.0,82.0,5.0,884305708.0,M,1.0,23.0,programmer
409.0,955.0,4.0,879538415.0,M,1.0,42.0,administrator
627.0,709.0,4.0,875297713.0,M,1.0,23.0,engineer
422.0,496.0,3.0,875242768.0,M,1.0,25.0,entertainment
104.0,823.0,5.0,882385418.0,M,1.0,26.0,student
298.0,1053.0,3.0,883108157.0,M,1.0,39.0,executive
788.0,204.0,2.0,884462691.0,F,0.0,45.0,administrator
553.0,749.0,4.0,883326995.0,M,1.0,50.0,educator
661.0,541.0,2.0,875729556.0,M,1.0,27.0,programmer
389.0,13.0,4.0,879445372.0,F,0.0,44.0,writer
782.0,127.0,3.0,875986712.0,F,0.0,21.0,artist
796.0,5.0,1.0,891447653.0,F,0.0,42.0,librarian
934.0,204.0,5.0,891034210.0,F,0.0,51.0,librarian
621.0,597.0,5.0,880078599.0,M,1.0,17.0,student
405.0,705.0,1.0,877833484.0,M,1.0,22.0,healthcare
932.0,1014.0,4.0,884124772.0,M,1.0,20.0,student
655.0,527.0,3.0,887745410.0,F,0.0,50.0,healthcare
643.0,782.0,3.0,878971816.0,M,1.0,22.0,scientist
833.0,941.0,3.0,881059219.0,M,1.0,31.0,other
932.0,546.0,2.0,879454591.0,M,1.0,50.0,educator
411.0,496.0,4.0,891375210.0,M,1.0,42.0,educator
889.0,633.0,5.0,879441789.0,M,1.0,24.0,other
320.0,659.0,2.0,884984149.0,M,1.0,18.0,student
851.0,273.0,1.0,877021120.0,M,1.0,18.0,student
23.0,597.0,3.0,884642907.0,M,1.0,24.0,writer
234.0,727.0,4.0,892336164.0,M,1.0,52.0,retired
311.0,100.0,4.0,884290104.0,M,1.0,30.0,technician
705.0,691.0,4.0,875983270.0,M,1.0,27.0,other
343.0,721.0,5.0,875385257.0,M,1.0,39.0,engineer
293.0,879.0,4.0,888904696.0,M,1.0,23.0,writer
8.0,7.0,4.0,877757700.0,M,1.0,11.0,none
541.0,481.0,1.0,879556956.0,F,0.0,18.0,student
521.0,276.0,5.0,882677457.0,M,1.0,18.0,student
268.0,11.0,3.0,875104637.0,M,1.0,23.0,engineer
392.0,258.0,2.0,890860431.0,M,1.0,36.0,writer
625.0,392.0,5.0,8913757216.0,M,1.0,25.0,programmer
324.0,101.0,4.0,876534753.0,F,0.0,23.0,student
234.0,784.0,4.0,892079237.0,M,1.0,52.0,retired
930.0,690.0,2.0,879480048.0,M,1.0,28.0,scientist
766.0,682.0,5.0,879435598.0,M,1.0,35.0,educator
562.0,544.0,3.0,879310361.0,F,0.0,54.0,administrator
85.0,646.0,1.0,879442738.0,M,1.0,44.0,educator
249.0,121.0,1.0,888906120.0,M,1.0,22.0,student
794.0,1035.0,3.0,891013972.0,M,1.0,42.0,educator
733.0,7.0,3.0,886403800.0,M,1.0,31.0,writer
72.0,825.0,2.0,879292901.0,F,0.0,36.0,programmer
308.0,762.0,3.0,887739669.0,M,1.0,52.0,retired
655.0,1101.0,4.0,884314095.0,F,0.0,50.0,healthcare
276.0,736.0,5.0,874785809.0,M,1.0,21.0,student
290.0,685.0,4.0,877110359.0,M,1.0,36.0,engineer
463.0,523.0,4.0,886483252.0,F,0.0,36.0,healthcare
405.0,591.0,1.0,884131171.0,F,0.0,22.0,healthcare
654.0,121.0,2.0,879530306.0,M,1.0,52.0,educator
196.0,546.0,4.0,875047747.0,M,1.0,48.0,scientist
181.0,1101.0,4.0,877878342.0,M,1.0,25.0,executive
321.0,823.0,3.0,879949085.0,F,0.0,49.0,educator
727.0,631.0,4.0,883711269.0,M,1.0,24.0,student
222.0,661.0,4.0,875289720.0,M,1.0,27.0,programmer
387.0,11.0,3.0,875252562.0,M,1.0,31.0,entertainment
298.0,5.0,4.0,888906927.0,M,1.0,39.0,executive
244.0,781.0,4.0,878575086.0,M,1.0,27.0,other
122.0,697.0,4.0,880243578.0,M,1.0,22.0,writer
40.0,511.0,4.0,889399229.0,M,1.0,35.0,scientist
682.0,195.0,2.0,8797937.0,M,1.0,18.0,student
145.0,988.0,4.0,875270712.0,M,1.0,29.0,entertainment
346.0,514.0,2.0,876532573.0,M,1.0,31.0,other
311.0,676.0,3.0,888554929.0,M,1.0,30.0,technician
523.0,682.0,3.0,885048333.0,M,1.0,50.0,administrator
145.0,830.0,3.0,877891966.0,M,1.0,29.0,entertainment
62.0,582.0,4.0,879467295.0,F,0.0,27.0,administrator
293.0,1099.0,2.0,888634838.0,M,1.0,23.0,writer
843.0,95.0,3.0,8794655.0,M,1.0,31.0,librarian
506.0,955.0,4.0,879993519.0,M,1.0,21.0,writer
267.0,100.0,2.0,875508735.0,M,1.0,23.0,engineer
279.0,1047.0,4.0,891375112.0,M,1.0,31.0,programmer
537.0,523.0,1.0,886030076.0,M,1.0,33.0,administrator
843.0,602.0,2.0,879442250.0,F,0.0,32.0,librarian
900.0,732.0,2.0,877103724.0,M,1.0,52.0,retired
532.0,879.0,5.0,874787000.0,M,1.0,20.0,student
194.0,496.0,3.0,879454901.0,M,1.0,35.0,administrator
627.0,176.0,4.0,879529767.0,M,1.0,23.0,programmer
693.0,963.0,4.0,891698951.0,M,1.0,31.0,librarian
455.0,196.0,3.0,879362562.0,M,1.0,36.0,administrator
786.0,50.0,3.0,882141660.0,M,1.0,32.0,technician
31.0,654.0,4.0,877107408.0,M,1.0,23.0,entertainment
65.0,823.0,2.0,891382964.0,M,1.0,42.0,educator
321.0,9.0,4.0,874965781.0,F,0.0,27.0,educator
100.0,176.0,4.0,887736336.0,M,1.0,33.0,executive
234.0,541.0,3.0,892079742.0,M,1.0,52.0,retired
807.0,654.0,4.0,882389054.0,F,0.0,26.0,marketing
892.0,707.0,4.0,891488459.0,M,1.0,33.0,technician
620.0,672.0,4.0,879447834.0,F,0.0,18.0,writer
718.0,10.0,4.0,877886916.0,F,0.0,22.0,homemaker
643.0,117.0,4.0,888068841.0,M,1.0,35.0,scientist
299.0,479.0,4.0,883250148.0,M,1.0,27.0,doctor
487.0,954.0,3.0,884138850.0,M,1.0,22.0,engineer
201.0,633.0,4.0,884637897.0,M,1.0,26.0,writer
8913.0,749.0,3.0,891494105.0,F,0.0,29.0,librarian
871.0,521.0,3.0,879454946.0,M,1.0,31.0,executive
521.0,514.0,5.0,884493523.0,M,1.0,18.0,student
592.0,7.0,5.0,888538977.0,M,1.0,18.0,student
387.0,568.0,4.0,886484965.0,M,1.0,31.0,entertainment
244.0,678.0,3.0,881374064.0,M,1.0,27.0,technician
774.0,544.0,4.0,880395974.0,M,1.0,28.0,student
455.0,195.0,2.0,879875430.0,M,1.0,42.0,administrator
595.0,823.0,4.0,888643625.0,M,1.0,24.0,programmer
221.0,9.0,2.0,886833794.0,M,1.0,18.0,student
933.0,693.0,3.0,880846729.0,M,1.0,27.0,other
295.0,614.0,3.0,879524288.0,M,1.0,29.0,educator
279.0,186.0,3.0,8755028862.0,M,1.0,31.0,programmer
708.0,14.0,4.0,889908571.0,F,0.0,26.0,librarian
456.0,569.0,4.0,891498078.0,M,1.0,26.0,technician
763.0,707.0,4.0,875680314.0,M,1.0,26.0,scientist
201.0,1143.0,3.0,884305099.0,M,1.0,26.0,writer
328.0,696.0,4.0,883327442.0,M,1.0,45.0,administrator
442.0,715.0,5.0,877387613.0,M,1.0,22.0,student
869.0,831.0,4.0,880177246.0,M,1.0,28.0,student
932.0,591.0,4.0,891209185.0,F,0.0,50.0,educator
638.0,597.0,4.0,880392319.0,M,1.0,23.0,engineer
303.0,597.0,4.0,887736408.0,M,1.0,18.0,student
543.0,382.0,4.0,87819196260.0,M,1.0,31.0,scientist
214.0,1019.0,4.0,891549667.0,F,0.0,26.0,librarian
92.0,12.0,3.0,875654566.0,M,1.0,30.0,entertainment
488.0,956.0,3.0,882344455.0,M,1.0,22.0,engineer
106.0,758.0,4.0,887736948.0,M,1.0,52.0,retired
80.0,845.0,3.0,879191349.0,F,0.0,28.0,administrator
90.0,932.0,4.0,881957002.0,M,1.0,52.0,educator
864.0,468.0,4.0,880396901.0,M,1.0,26.0,programmer
710.0,288.0,4.0,877807935.0,M,1.0,22.0,student
87.0,676.0,3.0,881372911.0,F,0.0,42.0,administrator
312.0,546.0,5.0,891381723.0,M,1.0,32.0,other
239.0,823.0,3.0,885690813.0,M,1.0,35.0,artist
479.0,941.0,3.0,879446789.0,M,1.0,28.0,educator
918.0,1101.0,4.0,877137048.0,M,1.0,36.0,programmer
595.0,176.0,1.0,884365077.0,M,1.0,24.0,programmer
758.0,724.0,4.0,881975213.0,M,1.0,26.0,student
459.0,661.0,4.0,887745244.0,M,1.0,22.0,student
870.0,678.0,2.0,880242997.0,M,1.0,26.0,technician
705.0,1098.0,4.0,875981648.0,F,0.0,21.0,student
399.0,586.0,4.0,886988966.0,M,1.0,24.0,programmer
751.0,50.0,4.0,875727844.0,M,1.0,18.0,student
425.0,989.0,3.0,884115150.0,M,1.0,18.0,student
201.0,546.0,4.0,881108825.0,M,1.0,26.0,writer
682.0,744.0,3.0,875963277.0,M,1.0,24.0,programmer
450.0,584.0,2.0,879444581.0,F,0.0,35.0,educator
405.0,519.0,2.0,884365513.0,F,0.0,22.0,healthcare
709.0,697.0,2.0,874873247.0,F,0.0,21.0,other
331.0,682.0,4.0,875654430.0,M,1.0,31.0,entertainment
653.0,661.0,3.0,891209342.0,M,1.0,44.0,executive
561.0,492.0,4.0,878849153.0,M,1.0,28.0,programmer
75.0,528.0,4.0,888639873.0,M,1.0,23.0,programmer
561.0,471.0,1.0,875295927.0,M,1.0,23.0,programmer
590.0,519.0,1.0,891304059.0,M,1.0,46.0,marketing
847.0,518.0,3.0,882387756.0,M,1.0,20.0,student
398.0,1054.0,4.0,879444530.0,F,0.0,36.0,other
727.0,885.0,1.0,880242422.0,M,1.0,24.0,student
62.0,7.0,4.0,879310236.0,M,1.0,27.0,administrator
64.0,496.0,4.0,880676051.0,M,1.0,48.0,educator
49.0,825.0,2.0,882621937.0,F,0.0,23.0,student
96.0,888.0,5.0,891447587.0,M,1.0,21.0,artist
381.0,886.0,1.0,893219336.0,M,1.0,31.0,artist
416.0,471.0,4.0,886272629.0,F,0.0,20.0,student
478.0,1149.0,1.0,879553786.0,M,1.0,27.0,administrator
85.0,715.0,5.0,879874935.0,M,1.0,45.0,educator
276.0,929.0,4.0,877075273.0,M,1.0,21.0,programmer
518.0,847.0,5.0,882623585.0,M,1.0,24.0,programmer
916.0,121.0,4.0,875654898.0,F,0.0,26.0,engineer
104.0,509.0,4.0,888518104.0,M,1.0,26.0,student
553.0,82.0,4.0,885678946.0,M,1.0,49.0,retired
543.0,456.0,4.0,87979443376.0,M,1.0,39.0,scientist
327.0,276.0,1.0,887745440.0,M,1.0,22.0,student
301.0,1101.0,3.0,888066647.0,M,1.0,23.0,student
551.0,678.0,5.0,879454535.0,M,1.0,34.0,other
666.0,705.0,4.0,882820686.0,M,1.0,39.0,administrator
437.0,875.0,4.0,880354347.0,F,0.0,27.0,other
630.0,605.0,2.0,886534277.0,F,0.0,26.0,healthcare
20.0,707.0,4.0,877756540.0,M,1.0,30.0,writer
514.0,790.0,4.0,880821474.0,M,1.0,26.0,programmer
535.0,690.0,4.0,883218813.0,F,0.0,45.0,writer
851.0,847.0,3.0,879456247.0,M,1.0,35.0,other
472.0,523.0,4.0,889237297.0,M,1.0,23.0,student
751.0,741.0,4.0,885678904.0,F,0.0,24.0,other
551.0,927.0,4.0,886483082.0,M,1.0,23.0,entertainment
660.0,951.0,3.0,891201019.0,M,1.0,25.0,student
94.0,1059.0,5.0,882397011.0,M,1.0,25.0,student
881.0,762.0,3.0,891438980.0,M,1.0,35.0,marketing
234.0,941.0,4.0,892079475.0,M,1.0,52.0,retired
327.0,678.0,3.0,886323115.0,M,1.0,22.0,student
437.0,678.0,4.0,875387822.0,F,0.0,27.0,other
660.0,1041.0,4.0,882607986.0,M,1.0,25.0,student
588.0,1068.0,5.0,891014872.0,F,0.0,20.0,student
450.0,604.0,4.0,880134567.0,F,0.0,35.0,educator
881.0,286.0,3.0,891384390.0,M,1.0,20.0,student
193.0,22.0,4.0,889504526.0,M,1.0,27.0,student
815.0,238.0,3.0,878352535.0,M,1.0,38.0,other
18.0,498.0,1.0,877386835.0,M,1.0,35.0,other
525.0,845.0,5.0,886028446.0,F,0.0,27.0,administrator
593.0,706.0,4.0,889654724.0,F,0.0,44.0,writer
724.0,97.0,4.0,885870546.0,M,1.0,25.0,executive
634.0,1211.0,5.0,877719206.0,M,1.0,35.0,engineer
301.0,7.0,3.0,880123540.0,M,1.0,23.0,student
178.0,690.0,3.0,878972934.0,M,1.0,25.0,other
409.0,732.0,5.0,879445859.0,M,1.0,42.0,administrator
210.0,966.0,3.0,875963260.0,M,1.0,35.0,engineer
422.0,684.0,4.0,889416188.0,M,1.0,18.0,entertainment
615.0,100.0,2.0,888451647.0,F,0.0,50.0,educator
463.0,186.0,4.0,886480484.0,F,0.0,48.0,healthcare
741.0,949.0,2.0,879191369.0,F,0.0,24.0,writer
374.0,995.0,4.0,879786892.0,M,1.0,35.0,executive
65.0,484.0,2.0,881653730.0,F,0.0,50.0,educator
455.0,1281.0,4.0,885049513.0,M,1.0,42.0,administrator
717.0,741.0,3.0,880078355.0,M,1.0,23.0,technician
130.0,121.0,4.0,891498476.0,M,1.0,20.0,none
506.0,514.0,3.0,892779969.0,M,1.0,41.0,programmer
669.0,514.0,2.0,879563066.0,M,1.0,23.0,other
493.0,847.0,3.0,884129941.0,M,1.0,22.0,engineer
434.0,1051.0,2.0,879441400.0,M,1.0,22.0,student
618.0,709.0,5.0,879901508.0,F,0.0,40.0,none
823.0,484.0,4.0,882902214.0,M,1.0,26.0,artist
495.0,476.0,4.0,888702655.0,M,1.0,27.0,administrator
793.0,719.0,4.0,884366086.0,M,1.0,25.0,other
634.0,554.0,5.0,880175334.0,M,1.0,20.0,student
707.0,734.0,4.0,875293301.0,F,0.0,51.0,healthcare
199.0,662.0,5.0,884634752.0,M,1.0,23.0,writer
308.0,519.0,3.0,887740252.0,M,1.0,52.0,retired
920.0,511.0,3.0,893214332.0,F,0.0,30.0,artist
437.0,815.0,5.0,880571398.0,M,1.0,27.0,other
14.0,732.0,5.0,879453425.0,M,1.0,30.0,programmer
85.0,845.0,5.0,879854798.0,M,1.0,45.0,educator
92.0,696.0,4.0,875729112.0,M,1.0,30.0,entertainment
90.0,578.0,4.0,891383523.0,M,1.0,52.0,educator
766.0,204.0,4.0,888516878.0,F,0.0,54.0,other
381.0,64.0,2.0,892696459.0,M,1.0,21.0,artist
727.0,11.0,4.0,880056347.0,M,1.0,23.0,student
868.0,603.0,4.0,880134992.0,M,1.0,21.0,student
194.0,1045.0,3.0,879875865.0,M,1.0,35.0,administrator
435.0,863.0,3.0,886028544.0,M,1.0,23.0,engineer
469.0,895.0,5.0,879786943.0,M,1.0,28.0,educator
524.0,732.0,4.0,879446687.0,M,1.0,39.0,educator
279.0,694.0,5.0,875224252.0,F,0.0,31.0,programmer
194.0,772.0,5.0,879304834.0,M,1.0,35.0,administrator
62.0,9.0,4.0,880938453.0,F,0.0,27.0,administrator
943.0,496.0,4.0,880405325.0,M,1.0,22.0,student
445.0,1168.0,2.0,891690412.0,M,1.0,21.0,writer
437.0,652.0,4.0,885810201.0,M,1.0,27.0,other
682.0,12.0,4.0,879138735.0,M,1.0,23.0,programmer
663.0,895.0,5.0,875386925.0,M,1.0,27.0,other
815.0,1016.0,3.0,879435253.0,M,1.0,30.0,other
528.0,1047.0,4.0,885779781.0,M,1.0,18.0,student
506.0,482.0,4.0,892696209.0,M,1.0,41.0,programmer
198.0,496.0,4.0,882074813.0,F,0.0,21.0,student
697.0,82.0,5.0,888180049.0,M,1.0,32.0,other
92.0,513.0,5.0,875244891.0,M,1.0,30.0,entertainment
707.0,709.0,4.0,891035121.0,F,0.0,56.0,librarian
314.0,483.0,3.0,891207514.0,F,0.0,20.0,student
833.0,4.0,2.0,891205193.0,M,1.0,31.0,writer
488.0,1047.0,4.0,882387505.0,M,1.0,45.0,engineer
405.0,474.0,3.0,888103971.0,F,0.0,22.0,other
864.0,234.0,5.0,878694080.0,M,1.0,26.0,student
639.0,919.0,4.0,879111664.0,F,0.0,30.0,scientist
423.0,679.0,3.0,891298392.0,F,0.0,45.0,other
532.0,781.0,3.0,879484826.0,M,1.0,20.0,student
308.0,890.0,3.0,887737210.0,M,1.0,52.0,retired
262.0,9.0,4.0,879282901.0,F,0.0,18.0,student
833.0,611.0,3.0,875352667.0,M,1.0,31.0,writer
869.0,966.0,3.0,886988465.0,M,1.0,24.0,student
897.0,588.0,2.0,881650524.0,M,1.0,28.0,other
479.0,101.0,5.0,885810707.0,M,1.0,29.0,educator
738.0,845.0,5.0,881109197.0,M,1.0,32.0,technician
847.0,474.0,3.0,885848886.0,M,1.0,18.0,student
30.0,928.0,4.0,891698263.0,F,0.0,43.0,librarian
85.0,485.0,3.0,880607154.0,M,1.0,45.0,educator
919.0,523.0,3.0,886403796.0,M,1.0,26.0,other
805.0,7.0,5.0,875810302.0,F,0.0,27.0,other
405.0,7.0,1.0,884364018.0,F,0.0,22.0,healthcare
798.0,531.0,3.0,891204264.0,F,0.0,42.0,writer
79.0,939.0,5.0,880387474.0,F,0.0,39.0,administrator
387.0,845.0,3.0,886482489.0,M,1.0,31.0,entertainment
932.0,792.0,3.0,880133296.0,M,1.0,50.0,educator
582.0,792.0,5.0,888104353.0,M,1.0,20.0,student
828.0,1234.0,4.0,879119260.0,M,1.0,21.0,student
548.0,732.0,3.0,885599018.0,M,1.0,44.0,executive
870.0,474.0,3.0,889181247.0,M,1.0,28.0,student
181.0,517.0,4.0,878963084.0,F,0.0,25.0,educator
328.0,1034.0,4.0,879447530.0,M,1.0,45.0,administrator
151.0,478.0,4.0,879875432.0,F,0.0,33.0,administrator
279.0,286.0,3.0,875311505.0,M,1.0,31.0,programmer
279.0,653.0,5.0,879899462.0,M,1.0,31.0,programmer
293.0,773.0,5.0,888906535.0,M,1.0,23.0,writer
286.0,15.0,4.0,879901508.0,M,1.0,26.0,student
402.0,528.0,4.0,877808120.0,M,1.0,28.0,engineer
303.0,685.0,3.0,879518615.0,M,1.0,18.0,student
347.0,686.0,2.0,879468596.0,F,0.0,18.0,student
486.0,473.0,3.0,875294716.0,M,1.0,35.0,educator
405.0,685.0,4.0,884641578.0,F,0.0,22.0,student
268.0,895.0,4.0,879546231.0,M,1.0,23.0,engineer
385.0,684.0,3.0,879876785.0,M,1.0,33.0,writer
833.0,971.0,3.0,891201349.0,M,1.0,31.0,writer
533.0,100.0,3.0,888447317.0,M,1.0,39.0,librarian
592.0,524.0,3.0,889740676.0,M,1.0,18.0,student
7.0,732.0,5.0,885046218.0,F,0.0,45.0,administrator
894.0,9.0,3.0,880134302.0,M,1.0,42.0,educator
823.0,471.0,2.0,878438891.0,M,1.0,26.0,artist
524.0,1047.0,4.0,874854023.0,M,1.0,50.0,educator
943.0,12.0,3.0,879035514.0,M,1.0,20.0,student
579.0,603.0,4.0,8880825164.0,M,1.0,30.0,educator
894.0,174.0,4.0,892738179.0,M,1.0,42.0,educator
13.0,173.0,3.0,884634705.0,M,1.0,42.0,educator
200.0,511.0,4.0,877103746.0,M,1.0,36.0,programmer
313.0,64.0,4.0,879192901.0,M,1.0,37.0,marketing
378.0,948.0,4.0,880333520.0,M,1.0,32.0,student
868.0,895.0,5.0,878963086.0,M,1.0,21.0,programmer
236.0,748.0,3.0,882385294.0,F,0.0,51.0,writer
381.0,234.0,2.0,882345164.0,M,1.0,31.0,artist
343.0,7.0,3.0,888636992.0,M,1.0,39.0,engineer
695.0,181.0,3.0,87534348719.0,M,1.0,24.0,programmer
740.0,1014.0,3.0,888634113.0,M,1.0,22.0,student
711.0,527.0,4.0,886611079.0,F,0.0,49.0,healthcare
455.0,932.0,4.0,879825462.0,M,1.0,42.0,administrator
548.0,706.0,4.0,886031106.0,M,1.0,45.0,writer
543.0,736.0,4.0,875132878.0,M,1.0,31.0,scientist
839.0,477.0,2.0,883601089.0,F,0.0,26.0,lawyer
587.0,300.0,3.0,891455191.0,M,1.0,38.0,other
669.0,476.0,5.0,879483471.0,F,0.0,28.0,writer
13.0,772.0,3.0,878775475.0,M,1.0,42.0,educator
452.0,934.0,4.0,884291814.0,M,1.0,32.0,administrator
731.0,695.0,3.0,880231853.0,F,0.0,37.0,other
582.0,1074.0,5.0,875350418.0,M,1.0,32.0,other
57.0,692.0,4.0,875729104.0,M,1.0,29.0,marketing
85.0,745.0,4.0,879447822.0,M,1.0,45.0,educator
201.0,7.0,2.0,883698574.0,M,1.0,26.0,writer
897.0,441.0,4.0,886833285.0,M,1.0,28.0,student
937.0,476.0,3.0,885870665.0,M,1.0,28.0,other
757.0,792.0,3.0,888632565.0,M,1.0,25.0,student
303.0,497.0,1.0,879579787.0,M,1.0,18.0,student
367.0,210.0,4.0,878974367.0,M,1.0,17.0,student
407.0,741.0,4.0,875272714.0,M,1.0,27.0,engineer
796.0,546.0,4.0,891288574.0,F,0.0,35.0,writer
234.0,603.0,4.0,891035074.0,M,1.0,52.0,retired
479.0,829.0,4.0,879441371.0,M,1.0,27.0,other
299.0,628.0,3.0,879461523.0,M,1.0,27.0,doctor
532.0,692.0,4.0,889125905.0,M,1.0,25.0,writer
833.0,763.0,3.0,875224603.0,M,1.0,31.0,writer
224.0,174.0,1.0,879794611.0,F,0.0,31.0,educator
432.0,684.0,4.0,875216978.0,M,1.0,22.0,entertainment
693.0,1.0,4.0,880869419.0,M,1.0,32.0,writer
535.0,923.0,3.0,879874959.0,F,0.0,45.0,educator
934.0,692.0,5.0,885048895.0,M,1.0,41.0,doctor
653.0,286.0,3.0,891033805.0,M,1.0,29.0,librarian
903.0,576.0,4.0,879111093.0,F,0.0,21.0,student
207.0,585.0,2.0,875748224.0,M,1.0,35.0,marketing
709.0,632.0,5.0,877756041.0,F,0.0,22.0,other
614.0,663.0,4.0,884131739.0,M,1.0,35.0,engineer
401.0,234.0,4.0,883348111.0,F,0.0,46.0,healthcare
158.0,1045.0,4.0,885597229.0,M,1.0,44.0,writer
851.0,10.0,4.0,888103971.0,M,1.0,18.0,other
865.0,748.0,4.0,879455020.0,M,1.0,21.0,marketing
868.0,56.0,4.0,880475564.0,M,1.0,27.0,student
711.0,585.0,4.0,875980206.0,F,0.0,44.0,administrator
894.0,895.0,4.0,879111912.0,M,1.0,42.0,educator
864.0,842.0,4.0,875720232.0,M,1.0,26.0,programmer
551.0,651.0,4.0,879455820.0,M,1.0,24.0,other
347.0,144.0,5.0,882385523.0,M,1.0,18.0,student
561.0,590.0,1.0,882140548.0,M,1.0,23.0,engineer
711.0,496.0,3.0,879440727.0,F,0.0,22.0,writer
592.0,1037.0,4.0,887912382.0,M,1.0,18.0,student
334.0,733.0,3.0,891032314.0,M,1.0,30.0,librarian
381.0,531.0,5.0,8798758179.0,M,1.0,31.0,writer
380.0,639.0,3.0,882956551.0,M,1.0,30.0,engineer
393.0,7.0,3.0,889737612.0,M,1.0,18.0,student
872.0,585.0,4.0,875334498.0,M,1.0,24.0,artist
604.0,541.0,4.0,879465935.0,M,1.0,27.0,engineer
90.0,748.0,2.0,891385330.0,M,1.0,52.0,educator
655.0,871.0,2.0,884476705.0,F,0.0,50.0,healthcare
604.0,476.0,4.0,876549761.0,M,1.0,31.0,engineer
709.0,1035.0,4.0,879443613.0,F,0.0,56.0,librarian
405.0,546.0,1.0,886396962.0,F,0.0,22.0,healthcare
466.0,604.0,4.0,88060304064.0,M,1.0,22.0,student
833.0,195.0,4.0,875297413.0,M,1.0,31.0,writer
782.0,683.0,3.0,891436314.0,F,0.0,21.0,artist
638.0,689.0,3.0,880935197.0,M,1.0,29.0,programmer
25.0,599.0,5.0,887066148.0,M,1.0,35.0,engineer
770.0,748.0,4.0,882342872.0,M,1.0,27.0,student
536.0,508.0,3.0,884366086.0,M,1.0,35.0,engineer
867.0,679.0,5.0,880046032.0,M,1.0,23.0,scientist
831.0,56.0,4.0,875385257.0,M,1.0,31.0,artist
269.0,847.0,3.0,891495109.0,F,0.0,32.0,librarian
60.0,10.0,5.0,879035599.0,M,1.0,44.0,healthcare
556.0,181.0,5.0,887745410.0,M,1.0,42.0,educator
148.0,56.0,5.0,875350148.0,M,1.0,31.0,engineer
267.0,969.0,2.0,878952279.0,M,1.0,23.0,engineer
796.0,686.0,5.0,878182782.0,F,0.0,40.0,administrator
269.0,751.0,5.0,889729565.0,F,0.0,31.0,librarian
705.0,204.0,5.0,888180049.0,F,0.0,21.0,student
128.0,692.0,5.0,877131904.0,F,0.0,30.0,none
860.0,886.0,4.0,890285113.0,M,1.0,53.0,healthcare
200.0,748.0,3.0,885807718.0,M,1.0,36.0,programmer
897.0,524.0,5.0,882607476.0,M,1.0,28.0,other
680.0,603.0,4.0,875341886.0,M,1.0,31.0,lawyer
896.0,774.0,3.0,887157822.0,M,1.0,27.0,writer
87.0,474.0,5.0,879874834.0,M,1.0,41.0,administrator
514.0,50.0,2.0,884304836.0,M,1.0,26.0,programmer
543.0,258.0,3.0,889041662.0,M,1.0,31.0,scientist
843.0,686.0,4.0,891032334.0,M,1.0,43.0,librarian
313.0,739.0,3.0,884121489.0,M,1.0,37.0,marketing
692.0,648.0,3.0,875653329.0,M,1.0,23.0,other
863.0,825.0,4.0,888801876.0,M,1.0,17.0,marketing
311.0,603.0,5.0,884304941.0,M,1.0,30.0,technician
831.0,549.0,4.0,879876722.0,M,1.0,41.0,educator
1.0,684.0,3.0,874953794.0,M,1.0,26.0,technician
347.0,202.0,5.0,882075244.0,M,1.0,18.0,student
251.0,591.0,1.0,879467031.0,M,1.0,35.0,doctor
567.0,498.0,3.0,881649375.0,M,1.0,23.0,entertainment
733.0,544.0,4.0,888636643.0,F,0.0,25.0,other
592.0,568.0,4.0,889289123.0,M,1.0,20.0,student
327.0,10.0,5.0,887745862.0,M,1.0,22.0,student
883.0,645.0,4.0,891362650.0,F,0.0,42.0,librarian
497.0,1014.0,4.0,879539941.0,M,1.0,20.0,student
303.0,678.0,3.0,879874853.0,M,1.0,18.0,student
487.0,742.0,4.0,875270716.0,M,1.0,22.0,engineer
943.0,511.0,5.0,881108768.0,M,1.0,22.0,student
222.0,751.0,4.0,878182286.0,M,1.0,27.0,programmer
833.0,328.0,4.0,880314263.0,M,1.0,23.0,other
334.0,678.0,4.0,891518646.0,F,0.0,30.0,librarian
537.0,333.0,4.0,886030552.0,M,1.0,31.0,engineer
901.0,528.0,4.0,891014875.0,M,1.0,39.0,executive
474.0,748.0,1.0,881957681.0,M,1.0,38.0,executive
213.0,423.0,5.0,889731401.0,M,1.0,31.0,executive
151.0,174.0,4.0,879147997.0,M,1.0,38.0,administrator
751.0,7.0,5.0,891449349.0,F,0.0,24.0,other
606.0,447.0,4.0,878963205.0,M,1.0,27.0,programmer
545.0,98.0,5.0,883602886.0,M,1.0,26.0,writer
347.0,623.0,5.0,886481005.0,M,1.0,18.0,student
130.0,191.0,5.0,879993519.0,M,1.0,20.0,none
654.0,684.0,4.0,879444400.0,F,0.0,27.0,student
899.0,186.0,2.0,879485421.0,M,1.0,30.0,other
85.0,473.0,5.0,879445372.0,M,1.0,45.0,educator
303.0,723.0,4.0,879441662.0,M,1.0,18.0,student
279.0,724.0,5.0,892787067.0,M,1.0,31.0,programmer
334.0,715.0,3.0,891285834.0,M,1.0,29.0,librarian
254.0,471.0,3.0,891385959.0,M,1.0,39.0,educator
496.0,12.0,4.0,887160446.0,M,1.0,27.0,writer
178.0,1084.0,4.0,884471955.0,M,1.0,25.0,other
346.0,672.0,3.0,882812489.0,M,1.0,31.0,other
99.0,7.0,5.0,880871592.0,M,1.0,20.0,student
752.0,8.0,3.0,878104486.0,M,1.0,52.0,retired
880.0,588.0,4.0,880243034.0,M,1.0,11.0,student
13.0,551.0,4.0,891387606.0,M,1.0,42.0,educator
425.0,762.0,3.0,884923729.0,M,1.0,18.0,student
222.0,288.0,4.0,880139765.0,M,1.0,27.0,programmer
346.0,763.0,3.0,875045269.0,M,1.0,30.0,other
815.0,7.0,4.0,878971772.0,M,1.0,30.0,other
528.0,1028.0,4.0,879198544.0,M,1.0,45.0,educator
23.0,648.0,5.0,892015288.0,F,0.0,39.0,artist
535.0,7.0,5.0,879466104.0,F,0.0,45.0,educator
361.0,11.0,4.0,879303766.0,M,1.0,22.0,student
262.0,684.0,3.0,879361808.0,F,0.0,18.0,student
655.0,238.0,1.0,875654034.0,F,0.0,50.0,healthcare
655.0,559.0,3.0,886472799.0,M,1.0,50.0,healthcare
636.0,678.0,2.0,876403796.0,M,1.0,35.0,engineer
590.0,763.0,3.0,875270116.0,M,1.0,26.0,technician
727.0,9.0,5.0,888556961.0,M,1.0,24.0,student
887.0,661.0,3.0,879447875.0,F,0.0,11.0,student
385.0,629.0,4.0,879138345.0,M,1.0,33.0,writer
500.0,1.0,5.0,879445114.0,F,0.0,27.0,administrator
553.0,531.0,4.0,879988262.0,M,1.0,50.0,educator
8.0,661.0,4.0,880579782.0,M,1.0,30.0,administrator
541.0,624.0,4.0,888104038.0,F,0.0,22.0,student
276.0,515.0,4.0,874785248.0,M,1.0,21.0,student
90.0,1201.0,4.0,891204534.0,M,1.0,52.0,educator
374.0,22.0,2.0,877532660.0,M,1.0,33.0,executive
708.0,423.0,4.0,891288574.0,F,0.0,56.0,librarian
279.0,678.0,3.0,892957860.0,M,1.0,31.0,programmer
393.0,9.0,3.0,889129565.0,M,1.0,18.0,student
634.0,659.0,3.0,885870665.0,M,1.0,35.0,engineer
766.0,5.0,4.0,891816584.0,M,1.0,38.0,other
1.0,172.0,3.0,884121677.0,M,1.0,23.0,technician
207.0,658.0,3.0,875131653.0,M,1.0,35.0,marketing
22.0,483.0,4.0,881653034.0,M,1.0,24.0,writer
675.0,483.0,3.0,88084392261.0,M,1.0,27.0,executive
533.0,931.0,2.0,891310092.0,M,1.0,39.0,librarian
327.0,732.0,1.0,887744053.0,M,1.0,22.0,student
710.0,237.0,4.0,878946363.0,M,1.0,18.0,student
8.0,516.0,4.0,880242503.0,M,1.0,33.0,other
487.0,514.0,4.0,880821766.0,M,1.0,41.0,engineer
537.0,531.0,5.0,886032411.0,M,1.0,33.0,student
608.0,928.0,4.0,878759208.0,M,1.0,22.0,other
655.0,676.0,1.0,875324370.0,M,1.0,50.0,healthcare
749.0,733.0,3.0,879463871.0,M,1.0,31.0,student
92.0,715.0,3.0,875245534.0,M,1.0,30.0,entertainment
308.0,633.0,3.0,887738277.0,M,1.0,52.0,retired
574.0,15.0,4.0,892787955.0,M,1.0,31.0,educator
320.0,566.0,4.0,888890699.0,M,1.0,18.0,student
868.0,9.0,3.0,888444500.0,M,1.0,21.0,programmer
454.0,684.0,5.0,891388250.0,M,1.0,52.0,writer
12.0,811.0,2.0,883309719.0,F,0.0,42.0,other
790.0,1047.0,5.0,884131881.0,M,1.0,26.0,technician
90.0,1046.0,5.0,891383820.0,M,1.0,52.0,educator
524.0,1084.0,4.0,891208457.0,M,1.0,49.0,educator
752.0,79.0,2.0,879466604.0,F,0.0,27.0,other
661.0,541.0,5.0,882995706.0,M,1.0,27.0,student
548.0,731.0,4.0,875972059.0,M,1.0,45.0,writer
639.0,546.0,5.0,888634987.0,M,1.0,34.0,other
1.0,947.0,3.0,886396671.0,M,1.0,23.0,technician
493.0,15.0,4.0,886032123.0,M,1.0,23.0,engineer
233.0,696.0,2.0,875606634.0,M,1.0,35.0,engineer
225.0,471.0,4.0,879161807.0,F,0.0,32.0,administrator
435.0,7.0,2.0,884132348.0,M,1.0,23.0,engineer
130.0,482.0,3.0,884150760.0,M,1.0,20.0,none
514.0,748.0,5.0,886921977.0,M,1.0,26.0,programmer
416.0,732.0,4.0,879781815.0,F,0.0,20.0,student
896.0,733.0,4.0,888640317.0,M,1.0,27.0,writer
222.0,1047.0,2.0,880307382.0,M,1.0,27.0,programmer
834.0,662.0,4.0,879438459.0,M,1.0,26.0,other
522.0,56.0,1.0,876365886.0,M,1.0,30.0,programmer
659.0,462.0,4.0,886473771.0,M,1.0,29.0,educator
92.0,826.0,3.0,886484561.0,M,1.0,30.0,entertainment
201.0,656.0,4.0,879540123.0,M,1.0,26.0,writer
716.0,732.0,4.0,879571803.0,F,0.0,51.0,administrator
207.0,56.0,3.0,888801315.0,M,1.0,35.0,marketing
419.0,988.0,5.0,879455886.0,M,1.0,34.0,lawyer
450.0,1297.0,2.0,879518556.0,F,0.0,35.0,educator
334.0,554.0,4.0,891548631.0,M,1.0,30.0,librarian
456.0,544.0,2.0,881373653.0,M,1.0,23.0,technician
87.0,527.0,3.0,879012621.0,M,1.0,42.0,administrator
500.0,603.0,3.0,883710395.0,F,0.0,27.0,administrator
416.0,879.0,4.0,891016866.0,F,0.0,20.0,student
450.0,477.0,4.0,879948613.0,F,0.0,35.0,educator
110.0,431.0,4.0,880604269.0,M,1.0,18.0,student
666.0,508.0,5.0,880179725.0,M,1.0,39.0,administrator
399.0,561.0,5.0,883877387.0,M,1.0,24.0,other
311.0,678.0,5.0,884365270.0,M,1.0,30.0,technician
313.0,8.0,4.0,878961668.0,M,1.0,37.0,marketing
648.0,751.0,5.0,879193906.0,M,1.0,39.0,engineer
593.0,56.0,2.0,875270148.0,F,0.0,31.0,educator
833.0,813.0,4.0,883949558.0,M,1.0,31.0,writer
437.0,742.0,4.0,884291824.0,M,1.0,28.0,other
437.0,1012.0,3.0,889179737.0,F,0.0,27.0,writer
7.0,730.0,1.0,879454630.0,M,1.0,50.0,administrator
23.0,1371.0,4.0,874787526.0,M,1.0,30.0,artist
851.0,117.0,4.0,882345164.0,M,1.0,27.0,other
347.0,471.0,3.0,882397011.0,M,1.0,18.0,student
62.0,527.0,3.0,879572600.0,F,0.0,27.0,administrator
653.0,100.0,4.0,892334481.0,M,1.0,29.0,executive
711.0,792.0,2.0,883710236.0,F,0.0,22.0,other
174.0,69.0,4.0,885816915.0,F,0.0,30.0,artist
357.0,745.0,4.0,879875569.0,M,1.0,25.0,executive
472.0,742.0,4.0,880403558.0,M,1.0,35.0,student
293.0,1136.0,3.0,888905865.0,M,1.0,23.0,writer
719.0,1047.0,4.0,879532751.0,F,0.0,53.0,librarian
313.0,611.0,2.0,875654941.0,M,1.0,37.0,marketing
276.0,485.0,4.0,878089144.0,M,1.0,21.0,student
711.0,1247.0,5.0,891656209.0,F,0.0,50.0,other
429.0,286.0,2.0,882567294.0,M,1.0,26.0,student
661.0,562.0,5.0,885140906.0,M,1.0,27.0,programmer
537.0,488.0,2.0,886032123.0,M,1.0,33.0,engineer
416.0,478.0,3.0,881650242.0,F,0.0,20.0,student
151.0,523.0,3.0,87917225.0,F,0.0,38.0,administrator
894.0,603.0,4.0,879877433.0,M,1.0,42.0,educator
788.0,186.0,4.0,874827109.0,F,0.0,40.0,administrator
401.0,735.0,4.0,879848318.0,F,0.0,36.0,healthcare
244.0,549.0,4.0,880403662.0,M,1.0,27.0,technician
130.0,521.0,4.0,876346582.0,M,1.0,20.0,none
782.0,461.0,4.0,878544023.0,F,0.0,21.0,artist
782.0,521.0,4.0,878963205.0,F,0.0,49.0,educator
707.0,607.0,5.0,885180529.0,F,0.0,56.0,librarian
815.0,935.0,4.0,878694025.0,M,1.0,70.0,other
835.0,651.0,3.0,885479665.0,F,0.0,29.0,other
268.0,1266.0,4.0,882141452.0,M,1.0,23.0,engineer
1.0,1132.0,5.0,878886333.0,M,1.0,21.0,administrator
567.0,111.0,3.0,888517720.0,M,1.0,23.0,programmer
831.0,661.0,4.0,877399018.0,M,1.0,21.0,programmer
334.0,716.0,3.0,891545535.0,F,0.0,30.0,librarian
28.0,855.0,3.0,891504895.0,M,1.0,30.0,writer
593.0,222.0,3.0,881179863.0,F,0.0,29.0,educator
655.0,823.0,3.0,884326690.0,F,0.0,27.0,healthcare
429.0,605.0,4.0,880571658.0,M,1.0,26.0,student
535.0,754.0,4.0,879466214.0,M,1.0,39.0,educator
569.0,863.0,5.0,879455026.0,M,1.0,33.0,educator
543.0,954.0,4.0,885047735.0,M,1.0,35.0,scientist
334.0,474.0,4.0,891544262.0,F,0.0,30.0,librarian
109.0,9.0,5.0,878181662.0,M,1.0,27.0,other
939.0,684.0,3.0,8798757295.0,F,0.0,33.0,administrator
401.0,736.0,4.0,883349692.0,F,0.0,46.0,healthcare
406.0,8.0,3.0,879876594.0,F,0.0,36.0,educator
881.0,955.0,3.0,883216544.0,M,1.0,35.0,marketing
374.0,696.0,3.0,885809356.0,M,1.0,33.0,executive
712.0,708.0,3.0,879022729.0,F,0.0,22.0,other
1.0,951.0,3.0,880871353.0,M,1.0,23.0,technician
804.0,328.0,2.0,879445372.0,M,1.0,35.0,educator
749.0,15.0,2.0,877130071.0,M,1.0,31.0,other
194.0,881.0,5.0,879486693.0,M,1.0,35.0,administrator
276.0,752.0,4.0,885816915.0,M,1.0,21.0,student
886.0,762.0,2.0,874831399.0,M,1.0,26.0,student
632.0,9.0,5.0,879448182.0,F,0.0,20.0,student
880.0,629.0,5.0,880332751.0,M,1.0,22.0,student
542.0,9.0,4.0,886608886.0,M,1.0,18.0,student
551.0,988.0,4.0,891351412.0,M,1.0,24.0,programmer
666.0,1029.0,4.0,881108879.0,M,1.0,38.0,administrator
815.0,569.0,4.0,875938183.0,M,1.0,30.0,other
889.0,518.0,4.0,881170053.0,M,1.0,23.0,student
429.0,1054.0,3.0,882385678.0,M,1.0,25.0,student
533.0,528.0,3.0,879196230.0,F,0.0,39.0,librarian
543.0,1012.0,3.0,883447876.0,M,1.0,35.0,scientist
425.0,8.0,3.0,879466214.0,M,1.0,18.0,student
724.0,690.0,5.0,876266987.0,M,1.0,29.0,other
130.0,816.0,5.0,881374522.0,M,1.0,20.0,none
178.0,692.0,4.0,884293523.0,M,1.0,25.0,other
253.0,704.0,2.0,891449210.0,F,0.0,24.0,librarian
621.0,556.0,5.0,877017213.0,M,1.0,23.0,programmer
749.0,946.0,3.0,888103906.0,M,1.0,45.0,other
727.0,5.0,3.0,879446655.0,M,1.0,24.0,student
397.0,518.0,2.0,889731792.0,M,1.0,17.0,student
774.0,1047.0,5.0,887745480.0,M,1.0,32.0,student
479.0,7.0,4.0,887739678.0,M,1.0,28.0,educator
405.0,671.0,4.0,886988853.0,F,0.0,22.0,healthcare
344.0,517.0,5.0,891012627.0,F,0.0,30.0,librarian
612.0,561.0,2.0,879444953.0,M,1.0,42.0,educator
568.0,707.0,5.0,879899641.0,M,1.0,30.0,educator
152.0,959.0,5.0,891032404.0,F,0.0,33.0,educator
843.0,823.0,4.0,891192901.0,F,0.0,32.0,librarian
699.0,526.0,3.0,878855869.0,M,1.0,28.0,other
790.0,521.0,3.0,875347528.0,M,1.0,26.0,technician
639.0,56.0,3.0,883356810.0,M,1.0,42.0,educator
72.0,919.0,4.0,879540105.0,F,0.0,32.0,administrator
498.0,619.0,3.0,886395961.0,M,1.0,25.0,writer
936.0,546.0,5.0,891204709.0,M,1.0,40.0,scientist
533.0,181.0,4.0,891035840.0,F,0.0,59.0,librarian
90.0,50.0,4.0,891033512.0,M,1.0,52.0,educator
788.0,749.0,4.0,878089144.0,F,0.0,40.0,administrator
201.0,423.0,5.0,878847342.0,M,1.0,44.0,writer
216.0,1037.0,4.0,884993042.0,M,1.0,22.0,programmer
553.0,191.0,4.0,891196181.0,M,1.0,25.0,executive
85.0,1034.0,4.0,875216717.0,M,1.0,29.0,educator
815.0,756.0,5.0,878176417.0,F,0.0,30.0,other
534.0,678.0,4.0,889289123.0,M,1.0,20.0,student
357.0,515.0,3.0,889727534.0,M,1.0,25.0,executive
622.0,582.0,4.0,882426644.0,F,0.0,17.0,student
815.0,1229.0,2.0,885679298.0,M,1.0,30.0,other
801.0,100.0,4.0,879441785.0,M,1.0,44.0,other
727.0,515.0,4.0,891699655.0,M,1.0,24.0,student
716.0,749.0,4.0,876253921.0,F,0.0,36.0,administrator
527.0,481.0,3.0,879484561.0,M,1.0,31.0,engineer
267.0,294.0,3.0,877399210.0,M,1.0,23.0,engineer
56.0,685.0,4.0,874788710.0,M,1.0,24.0,student
286.0,744.0,4.0,875350804.0,M,1.0,26.0,student
891.0,15.0,3.0,879363085.0,F,0.0,51.0,administrator
809.0,1046.0,5.0,880123785.0,F,0.0,46.0,educator
472.0,64.0,3.0,878919206.0,M,1.0,23.0,student
716.0,5.0,4.0,879546825.0,F,0.0,36.0,educator
303.0,1101.0,2.0,879434758.0,M,1.0,18.0,student
455.0,582.0,5.0,879442886.0,M,1.0,42.0,writer
416.0,526.0,3.0,876031766.0,F,0.0,20.0,student
543.0,866.0,3.0,892836484.0,M,1.0,31.0,librarian
708.0,657.0,4.0,875216507.0,F,0.0,21.0,student
605.0,7.0,3.0,891017685.0,M,1.0,31.0,engineer
896.0,228.0,4.0,884462684.0,M,1.0,27.0,writer
603.0,294.0,3.0,880844985.0,M,1.0,21.0,programmer
363.0,8.0,4.0,877880051.0,F,0.0,20.0,student
886.0,709.0,3.0,881106683.0,M,1.0,10.0,student
753.0,483.0,5.0,881374709.0,M,1.0,25.0,student
659.0,515.0,4.0,891384424.0,F,0.0,59.0,educator
363.0,790.0,4.0,879447797.0,M,1.0,20.0,student
562.0,719.0,3.0,879444552.0,F,0.0,50.0,educator
634.0,4.0,1.0,884134094.0,M,1.0,35.0,engineer
138.0,581.0,4.0,879444562.0,M,1.0,42.0,doctor
425.0,974.0,4.0,886324764.0,M,1.0,18.0,student
916.0,517.0,5.0,881109871.0,M,1.0,35.0,administrator
618.0,237.0,3.0,888639886.0,M,1.0,48.0,engineer
929.0,9.0,5.0,879178575.0,M,1.0,25.0,executive
527.0,581.0,4.0,878963077.0,M,1.0,31.0,scientist
405.0,1014.0,3.0,879896278.0,F,0.0,22.0,student
592.0,709.0,4.0,88260797986.0,M,1.0,18.0,student
894.0,888.0,3.0,891385606.0,M,1.0,45.0,librarian
455.0,782.0,4.0,879222370.0,M,1.0,42.0,administrator
788.0,9.0,3.0,884291722.0,F,0.0,38.0,administrator
334.0,513.0,3.0,891035814.0,M,1.0,30.0,librarian
748.0,974.0,1.0,878961564.0,M,1.0,27.0,administrator
758.0,1007.0,5.0,888632479.0,M,1.0,26.0,student
605.0,567.0,4.0,886028521.0,M,1.0,31.0,engineer
664.0,1089.0,3.0,876534695.0,M,1.0,23.0,engineer
646.0,286.0,4.0,877136836.0,M,1.0,46.0,programmer
457.0,678.0,2.0,880139220.0,F,0.0,33.0,salesman
409.0,496.0,4.0,891192921.0,M,1.0,38.0,administrator
806.0,117.0,4.0,883948377.0,M,1.0,26.0,marketing
796.0,528.0,5.0,892790640.0,F,0.0,32.0,librarian
259.0,498.0,2.0,879461171.0,M,1.0,23.0,student
215.0,879.0,4.0,891478951.0,M,1.0,30.0,programmer
846.0,588.0,4.0,885679739.0,M,1.0,26.0,lawyer
763.0,931.0,5.0,875659280.0,F,0.0,31.0,scientist
741.0,707.0,4.0,875216507.0,M,1.0,24.0,writer
532.0,568.0,4.0,886028544.0,M,1.0,20.0,engineer
738.0,51424.0,3.0,875981442.0,M,1.0,32.0,technician
533.0,748.0,4.0,876406975.0,M,1.0,39.0,engineer
535.0,1173.0,4.0,881649818.0,F,0.0,45.0,educator
541.0,118.0,5.0,882607690.0,M,1.0,18.0,student
135.0,14.0,5.0,880935883.0,M,1.0,23.0,student
92.0,979.0,3.0,875653431.0,M,1.0,30.0,entertainment
751.0,485.0,3.0,879572685.0,F,0.0,24.0,other
854.0,1023.0,3.0,879455654.0,F,0.0,29.0,student
854.0,581.0,2.0,881044365.0,F,0.0,25.0,other
130.0,689.0,4.0,886374641.0,M,1.0,20.0,none
399.0,746.0,5.0,886479771.0,M,1.0,16.0,other
707.0,1034.0,5.0,891035781.0,F,0.0,56.0,librarian
592.0,15.0,4.0,879119579.0,M,1.0,18.0,other
363.0,1134.0,5.0,887912462.0,M,1.0,20.0,student
406.0,685.0,1.0,879447846.0,M,1.0,46.0,educator
773.0,56.0,2.0,889807088.0,M,1.0,20.0,student
561.0,662.0,4.0,875271042.0,M,1.0,23.0,programmer
405.0,732.0,4.0,884364865.0,M,1.0,22.0,healthcare
843.0,9.0,3.0,879441443.0,M,1.0,32.0,librarian
214.0,7.0,4.0,891171488.0,F,0.0,32.0,librarian
642.0,845.0,4.0,883326652.0,F,0.0,49.0,healthcare
357.0,50.0,5.0,878881833.0,M,1.0,25.0,executive
749.0,690.0,3.0,876718723.0,M,1.0,31.0,other
742.0,603.0,3.0,879445955.0,F,0.0,24.0,other
666.0,961.0,4.0,891385714.0,M,1.0,39.0,administrator
521.0,778.0,3.0,879484159.0,M,1.0,18.0,student
840.0,237.0,4.0,891292682.0,M,1.0,35.0,artist
31.0,872.0,5.0,881720761.0,M,1.0,17.0,student
454.0,56.0,3.0,886322893.0,M,1.0,22.0,healthcare
110.0,566.0,4.0,877225433.0,M,1.0,18.0,student
233.0,1093.0,5.0,878696215.0,M,1.0,35.0,engineer
255.0,1093.0,4.0,876252685.0,M,1.0,23.0,entertainment
54.0,968.0,2.0,8916561436.0,M,1.0,32.0,librarian
747.0,64.0,4.0,888640515.0,M,1.0,18.0,student
496.0,662.0,3.0,876894981.0,F,0.0,23.0,student
500.0,651.0,4.0,883875241.0,M,1.0,27.0,administrator
757.0,732.0,4.0,878962616.0,M,1.0,25.0,student
145.0,1166.0,3.0,875103725.0,M,1.0,29.0,entertainment
663.0,518.0,4.0,884291613.0,M,1.0,25.0,other
303.0,518.0,1.0,888466758.0,M,1.0,18.0,student
930.0,597.0,4.0,880178652.0,M,1.0,27.0,scientist
568.0,127.0,5.0,891369572.0,M,1.0,21.0,student
738.0,1515.0,4.0,880846734.0,M,1.0,32.0,engineer
327.0,288.0,4.0,884634565.0,M,1.0,22.0,student
647.0,708.0,2.0,891249637.0,M,1.0,42.0,educator
521.0,176.0,4.0,879454150.0,M,1.0,18.0,administrator
551.0,1033.0,3.0,879539968.0,M,1.0,24.0,programmer
303.0,678.0,5.0,879442437.0,M,1.0,18.0,student
145.0,15.0,3.0,875129839.0,M,1.0,29.0,entertainment
729.0,98.0,2.0,887740342.0,M,1.0,26.0,student
758.0,531.0,4.0,881977872.0,M,1.0,26.0,student
828.0,946.0,4.0,879456025.0,M,1.0,37.0,writer
858.0,1.0,4.0,879446308.0,M,1.0,23.0,programmer
537.0,708.0,4.0,886030767.0,M,1.0,33.0,engineer
815.0,638.0,5.0,880393518.0,M,1.0,30.0,other
863.0,1213.0,3.0,889289123.0,M,1.0,17.0,student
49.0,5.0,3.0,877888812.0,M,1.0,20.0,student
655.0,515.0,4.0,884922066.0,M,1.0,50.0,healthcare
896.0,294.0,1.0,887160270.0,M,1.0,27.0,writer
85.0,977.0,5.0,875981814.0,M,1.0,45.0,educator
301.0,763.0,4.0,882074800.0,M,1.0,23.0,student
846.0,518.0,4.0,889908694.0,M,1.0,42.0,librarian
385.0,8.0,1.0,879459701.0,M,1.0,33.0,writer
713.0,728.0,3.0,876690010.0,F,0.0,21.0,other
406.0,855.0,4.0,881374332.0,M,1.0,46.0,educator
0.0,473.0,4.0,885842607.0,F,0.0,30.0,administrator
210.0,589.0,3.0,876405721.0,M,1.0,35.0,engineer
527.0,976.0,3.0,875275566.0,M,1.0,31.0,marketing
472.0,191.0,4.0,888956137.0,M,1.0,23.0,student
916.0,611.0,4.0,884036805.0,M,1.0,26.0,programmer
283.0,204.0,4.0,889739883.0,M,1.0,27.0,programmer
532.0,826.0,4.0,884748333.0,M,1.0,20.0,student
222.0,662.0,4.0,878951984.0,M,1.0,27.0,programmer
497.0,589.0,3.0,889289491.0,M,1.0,25.0,student
303.0,746.0,4.0,879362662.0,F,0.0,18.0,student
10.0,472.0,4.0,879459963.0,M,1.0,46.0,lawyer
738.0,566.0,5.0,885045245.0,M,1.0,45.0,administrator
255.0,12.0,4.0,881650242.0,M,1.0,23.0,entertainment
327.0,1047.0,4.0,882341866.0,M,1.0,22.0,student
405.0,684.0,1.0,884365737.0,F,0.0,22.0,healthcare
138.0,735.0,4.0,883697266.0,M,1.0,43.0,doctor
389.0,531.0,4.0,879455566.0,F,0.0,27.0,writer
889.0,514.0,4.0,880136179.0,F,0.0,30.0,other
380.0,474.0,2.0,877214304.0,M,1.0,30.0,engineer
434.0,742.0,5.0,880134535.0,M,1.0,22.0,student
794.0,1.0,2.0,891388250.0,M,1.0,32.0,writer
199.0,515.0,3.0,881649419.0,M,1.0,24.0,writer
68.0,876.0,4.0,884129829.0,M,1.0,23.0,student
221.0,12.0,4.0,880606601.0,M,1.0,18.0,student
463.0,64.0,4.0,879442701.0,F,0.0,46.0,healthcare
407.0,472.0,5.0,878544029.0,M,1.0,27.0,engineer
679.0,7.0,4.0,885479247.0,M,1.0,29.0,other
406.0,101.0,4.0,889655162.0,M,1.0,46.0,educator
301.0,988.0,3.0,882078143.0,M,1.0,23.0,student
184.0,204.0,3.0,889910611.0,M,1.0,34.0,executive
854.0,712.0,5.0,875289522.0,F,0.0,30.0,artist
222.0,919.0,4.0,87869694071.0,M,1.0,27.0,programmer
533.0,153.0,4.0,891369191.0,M,1.0,39.0,librarian
863.0,8.0,4.0,878184866.0,F,0.0,21.0,student
757.0,549.0,4.0,880572566.0,M,1.0,20.0,student
592.0,50.0,3.0,879793468.0,M,1.0,18.0,student
659.0,831.0,3.0,891384489.0,M,1.0,34.0,educator
534.0,479.0,4.0,885755098.0,M,1.0,20.0,programmer
393.0,534.0,3.0,878962419.0,M,1.0,18.0,student
343.0,949.0,3.0,875730840.0,M,1.0,39.0,engineer
256.0,4.0,3.0,879572796.0,M,1.0,35.0,none
767.0,258.0,3.0,875981816.0,M,1.0,23.0,engineer
222.0,568.0,3.0,878963276.0,M,1.0,27.0,programmer
313.0,237.0,4.0,891448004.0,M,1.0,24.0,marketing
881.0,697.0,4.0,876537131.0,F,0.0,35.0,marketing
308.0,871.0,3.0,887741593.0,M,1.0,52.0,retired
907.0,554.0,4.0,891351628.0,F,0.0,50.0,educator
361.0,886.0,5.0,879540113.0,M,1.0,22.0,student
653.0,9.0,5.0,880130898.0,M,1.0,29.0,executive
846.0,568.0,3.0,883948861.0,M,1.0,26.0,lawyer
387.0,609.0,2.0,888640187.0,M,1.0,31.0,entertainment
854.0,835.0,5.0,888068898.0,F,0.0,29.0,student
328.0,9.0,5.0,879825462.0,M,1.0,45.0,administrator
804.0,15.0,5.0,891192479.0,M,1.0,35.0,educator
345.0,695.0,4.0,891033499.0,F,0.0,28.0,librarian
38.0,631.0,2.0,883599327.0,F,0.0,28.0,other
271.0,50.0,2.0,885868059.0,M,1.0,45.0,engineer
567.0,527.0,2.0,885235768.0,M,1.0,20.0,student
804.0,684.0,5.0,879448749.0,M,1.0,35.0,educator
468.0,602.0,3.0,880044817.0,M,1.0,27.0,student
295.0,1.0,4.0,878951576.0,M,1.0,29.0,educator
293.0,689.0,3.0,888180049.0,M,1.0,23.0,writer
160.0,762.0,5.0,887065329.0,M,1.0,24.0,programmer
521.0,944.0,3.0,880134007.0,M,1.0,18.0,student
320.0,654.0,3.0,887912447.0,M,1.0,18.0,student
654.0,9.0,4.0,891199350.0,F,0.0,27.0,librarian
523.0,535.0,5.0,879446062.0,F,0.0,31.0,librarian
327.0,127.0,2.0,875656650.0,M,1.0,22.0,student
588.0,15.0,4.0,882211301.0,M,1.0,23.0,writer
99.0,4.0,4.0,885075385.0,M,1.0,20.0,student
532.0,740.0,4.0,888907092.0,M,1.0,20.0,student
655.0,513.0,3.0,876255943.0,F,0.0,50.0,healthcare
387.0,288.0,3.0,886483431.0,M,1.0,31.0,entertainment
500.0,611.0,1.0,878973020.0,M,1.0,27.0,administrator
271.0,517.0,3.0,891387704.0,M,1.0,45.0,engineer
919.0,631.0,5.0,8762518.0,M,1.0,23.0,other
495.0,549.0,4.0,891495924.0,M,1.0,25.0,writer
648.0,588.0,3.0,881171005.0,M,1.0,39.0,engineer
254.0,595.0,3.0,879195536.0,M,1.0,39.0,educator
128.0,518.0,4.0,875732941.0,F,0.0,24.0,marketing
85.0,328.0,4.0,879442901.0,M,1.0,45.0,educator
618.0,289.0,3.0,891436283.0,F,0.0,46.0,homemaker
387.0,1028.0,3.0,875654860.0,M,1.0,31.0,entertainment
521.0,300.0,4.0,876537106.0,M,1.0,18.0,student
749.0,969.0,5.0,891249767.0,M,1.0,31.0,other
145.0,515.0,4.0,875272894.0,M,1.0,29.0,entertainment
13.0,515.0,1.0,883949046.0,M,1.0,42.0,educator
572.0,684.0,4.0,886921754.0,M,1.0,54.0,executive
92.0,1101.0,2.0,875656614.0,M,1.0,30.0,entertainment
836.0,585.0,4.0,882390632.0,M,1.0,46.0,writer
561.0,672.0,4.0,882137047.0,M,1.0,23.0,engineer
682.0,708.0,3.0,882827201.0,M,1.0,24.0,programmer
903.0,577.0,1.0,892334141.0,M,1.0,27.0,educator
311.0,7.0,5.0,884366270.0,M,1.0,30.0,technician
425.0,181.0,5.0,880332729.0,M,1.0,18.0,student
334.0,294.0,3.0,893214127.0,M,1.0,30.0,programmer
92.0,603.0,5.0,880571436.0,M,1.0,30.0,student
144.0,56.0,4.0,891193718.0,M,1.0,46.0,programmer
435.0,472.0,3.0,875962464.0,M,1.0,23.0,engineer
573.0,479.0,4.0,879442445.0,M,1.0,31.0,scientist
555.0,845.0,2.0,879454954.0,F,0.0,29.0,educator
545.0,725.0,3.0,882910342.0,M,1.0,26.0,student
580.0,581.0,5.0,883530891.0,M,1.0,17.0,student
577.0,5.0,3.0,891699005.0,M,1.0,56.0,librarian
634.0,286.0,4.0,878692966.0,M,1.0,35.0,engineer
323.0,712.0,5.0,888521680.0,M,1.0,21.0,student
630.0,582.0,5.0,883348167.0,F,0.0,26.0,healthcare
23.0,7.0,1.0,880869072.0,F,0.0,30.0,writer
449.0,558.0,2.0,879458093.0,M,1.0,28.0,librarian
360.0,531.0,3.0,88031436.0,M,1.0,45.0,other
345.0,751.0,5.0,889909551.0,F,0.0,23.0,librarian
782.0,1011.0,4.0,879440211.0,F,0.0,21.0,other
682.0,576.0,4.0,878738453.0,M,1.0,23.0,engineer
660.0,946.0,3.0,877364003.0,M,1.0,25.0,student
60.0,611.0,4.0,884326759.0,M,1.0,44.0,healthcare
648.0,79.0,3.0,879191665.0,M,1.0,39.0,engineer
861.0,7.0,4.0,875287930.0,F,0.0,27.0,artist
502.0,14.0,5.0,884130261.0,M,1.0,22.0,student
387.0,527.0,3.0,886480206.0,M,1.0,31.0,entertainment
634.0,7.0,3.0,887160953.0,M,1.0,25.0,writer
197.0,204.0,4.0,891455653.0,M,1.0,48.0,technician
836.0,749.0,3.0,880179563.0,M,1.0,44.0,writer
487.0,323.0,4.0,884066308.0,M,1.0,22.0,student
95.0,546.0,4.0,882956803.0,M,1.0,29.0,administrator
666.0,276.0,1.0,880175646.0,M,1.0,39.0,administrator
327.0,516.0,5.0,886833066.0,M,1.0,22.0,student
49.0,761.0,4.0,880846762.0,F,0.0,23.0,student
18.0,849.0,4.0,879454730.0,M,1.0,35.0,other
504.0,672.0,4.0,881547746.0,F,0.0,24.0,writer
13.0,518.0,5.0,881435109.0,M,1.0,29.0,educator
280.0,174.0,4.0,891369185.0,F,0.0,30.0,librarian
899.0,28.0,2.0,88214141440.0,M,1.0,30.0,other
347.0,575.0,5.0,883713416.0,M,1.0,18.0,student
363.0,569.0,4.0,891722107.0,M,1.0,20.0,student
416.0,748.0,5.0,880602600.0,M,1.0,20.0,student
313.0,1235.0,3.0,875656958.0,M,1.0,37.0,other
749.0,631.0,2.0,879111390.0,M,1.0,35.0,other
743.0,518.0,5.0,891250647.0,M,1.0,31.0,scientist
738.0,7.0,3.0,875289430.0,M,1.0,32.0,technician
639.0,294.0,4.0,879976344.0,F,0.0,44.0,other
456.0,781.0,3.0,885807775.0,M,1.0,23.0,technician
867.0,1067.0,3.0,880177125.0,M,1.0,23.0,entertainment
307.0,647.0,4.0,878739868.0,M,1.0,24.0,student
576.0,517.0,2.0,882396869.0,M,1.0,28.0,salesman
437.0,9.0,5.0,875073067.0,F,0.0,27.0,other
54.0,685.0,3.0,888069470.0,M,1.0,25.0,executive
308.0,127.0,3.0,887745410.0,M,1.0,52.0,retired
661.0,576.0,4.0,874786983.0,M,1.0,27.0,student
468.0,300.0,5.0,884627442.0,F,0.0,27.0,librarian
473.0,100.0,3.0,879436983.0,M,1.0,27.0,student
406.0,559.0,4.0,879787792.0,M,1.0,44.0,educator
514.0,1188.0,4.0,883767285.0,M,1.0,20.0,programmer
527.0,111.0,4.0,885809734.0,M,1.0,38.0,engineer
880.0,483.0,3.0,888888924.0,M,1.0,11.0,student
532.0,1334.0,4.0,879899158.0,M,1.0,20.0,student
225.0,578.0,3.0,879111662.0,F,0.0,42.0,administrator
840.0,210.0,5.0,891385464.0,M,1.0,35.0,artist
514.0,659.0,3.0,880404066.0,M,1.0,26.0,programmer
809.0,607.0,4.0,882677935.0,M,1.0,35.0,other
38.0,423.0,4.0,889041542.0,F,0.0,27.0,other
489.0,7.0,4.0,887157986.0,M,1.0,23.0,technician
936.0,127.0,5.0,889737376.0,F,0.0,50.0,other
727.0,678.0,4.0,885809781.0,M,1.0,24.0,student
897.0,118.0,4.0,87884825219.0,F,0.0,28.0,other
328.0,825.0,4.0,889910393.0,M,1.0,45.0,administrator
708.0,979.0,4.0,892336341.0,F,0.0,32.0,homemaker
389.0,873.0,4.0,888702931.0,M,1.0,44.0,writer
758.0,567.0,4.0,882398654.0,F,0.0,26.0,student
865.0,741.0,3.0,880403524.0,M,1.0,21.0,student
942.0,584.0,5.0,880044642.0,M,1.0,22.0,student
630.0,7.0,3.0,884364755.0,F,0.0,26.0,healthcare
643.0,554.0,5.0,879446638.0,M,1.0,35.0,scientist
796.0,286.0,2.0,887159825.0,F,1.0,32.0,writer
615.0,972.0,4.0,879456604.0,M,1.0,35.0,educator
886.0,237.0,5.0,876404757.0,M,1.0,57.0,engineer
116.0,273.0,1.0,884120557.0,F,0.0,36.0,healthcare
640.0,588.0,1.0,891383303.0,M,1.0,20.0,student
398.0,1284.0,4.0,879442892.0,M,1.0,36.0,other
568.0,604.0,4.0,879454354.0,M,1.0,38.0,educator
13.0,546.0,5.0,879458419.0,M,1.0,42.0,educator
665.0,895.0,4.0,882677936.0,M,1.0,24.0,writer
532.0,10.0,5.0,874785526.0,M,1.0,20.0,student
504.0,483.0,3.0,875072329.0,F,0.0,40.0,writer
267.0,756.0,3.0,876539791.0,M,1.0,23.0,engineer
643.0,781.0,5.0,879442901.0,M,1.0,31.0,engineer
23.0,682.0,3.0,883712286.0,M,1.0,30.0,writer
279.0,186.0,4.0,888640420.0,M,1.0,31.0,programmer
409.0,746.0,4.0,881060307.0,M,1.0,42.0,administrator
763.0,707.0,3.0,885678811.0,M,1.0,26.0,scientist
897.0,472.0,3.0,879993519.0,M,1.0,28.0,other
886.0,683.0,4.0,877539512.0,M,1.0,10.0,student
699.0,732.0,5.0,891310038.0,M,1.0,39.0,other
624.0,567.0,5.0,886629467.0,M,1.0,18.0,student
200.0,195.0,3.0,888638256.0,M,1.0,36.0,programmer
561.0,561.0,3.0,888538979.0,M,1.0,23.0,engineer
239.0,1101.0,4.0,889041523.0,F,0.0,35.0,artist
181.0,463.0,5.0,877833781.0,M,1.0,25.0,executive
14.0,579.0,4.0,875744411.0,M,1.0,40.0,scientist
775.0,751.0,4.0,878696755.0,M,1.0,28.0,executive
621.0,1085.0,4.0,874786122.0,M,1.0,18.0,student
655.0,678.0,4.0,879572684.0,F,0.0,36.0,healthcare
445.0,880.0,3.0,885809265.0,M,1.0,21.0,writer
561.0,513.0,4.0,875729690.0,M,1.0,23.0,engineer
193.0,591.0,5.0,878953655.0,M,1.0,27.0,student
752.0,582.0,3.0,892838231.0,M,1.0,52.0,retired
385.0,258.0,4.0,881961173.0,M,1.0,33.0,writer
653.0,705.0,4.0,886271458.0,M,1.0,29.0,executive
92.0,513.0,4.0,875129831.0,M,1.0,30.0,entertainment
381.0,655.0,4.0,887160953.0,M,1.0,31.0,artist
308.0,519.0,5.0,887744340.0,M,1.0,52.0,retired
524.0,1047.0,4.0,882425644.0,M,1.0,49.0,educator
758.0,703.0,4.0,883876028.0,M,1.0,26.0,student
559.0,593.0,4.0,879825680.0,M,1.0,59.0,educator
868.0,935.0,4.0,891279966.0,M,1.0,21.0,programmer
217.0,1110.0,4.0,878696824.0,M,1.0,22.0,other
792.0,596.0,4.0,891374278.0,M,1.0,21.0,artist
94.0,513.0,5.0,885828389.0,M,1.0,25.0,student
543.0,531.0,4.0,891037459.0,M,1.0,31.0,librarian
888.0,1227.0,3.0,879449840.0,M,1.0,42.0,technician
468.0,474.0,4.0,884291147.0,M,1.0,27.0,engineer
497.0,518.0,4.0,879441662.0,M,1.0,20.0,student
49.0,7.0,3.0,879443446.0,M,1.0,23.0,other
405.0,707.0,4.0,884368371.0,M,1.0,22.0,healthcare
504.0,663.0,4.0,889655490.0,F,0.0,40.0,writer
757.0,562.0,3.0,888640107.0,M,1.0,25.0,student
87.0,732.0,4.0,887039100.0,M,1.0,42.0,administrator
655.0,865.0,4.0,884326778.0,M,1.0,50.0,healthcare
724.0,12.0,4.0,879442238.0,M,1.0,29.0,student
863.0,9.0,5.0,889289491.0,M,1.0,17.0,student
936.0,393.0,5.0,875285862.0,M,1.0,23.0,other
158.0,9.0,5.0,879530114.0,M,1.0,44.0,educator
329.0,744.0,5.0,891209114.0,M,1.0,45.0,educator
880.0,431.0,5.0,880178569.0,M,1.0,11.0,student
606.0,578.0,3.0,884132614.0,M,1.0,26.0,programmer
374.0,196.0,3.0,881009812.0,M,1.0,33.0,executive
94.0,288.0,2.0,883767151.0,M,1.0,25.0,student
331.0,566.0,3.0,877196308.0,M,1.0,31.0,entertainment
897.0,663.0,4.0,879990513.0,M,1.0,27.0,other
883.0,568.0,3.0,891217834.0,M,1.0,43.0,librarian
798.0,728.0,5.0,888888168.0,F,0.0,40.0,writer
615.0,515.0,3.0,879466133.0,M,1.0,35.0,educator
504.0,684.0,1.0,879196230.0,F,0.0,40.0,writer
293.0,519.0,4.0,888906990.0,M,1.0,23.0,writer
652.0,521.0,5.0,891250770.0,M,1.0,39.0,other
846.0,1046.0,4.0,884923329.0,M,1.0,25.0,other
312.0,607.0,3.0,891262639.0,M,1.0,28.0,other
303.0,692.0,5.0,879441652.0,M,1.0,18.0,student
603.0,523.0,1.0,879456247.0,M,1.0,35.0,executive
656.0,697.0,5.0,880314042.0,M,1.0,11.0,student
632.0,951.0,4.0,879563373.0,M,1.0,18.0,student
661.0,568.0,5.0,886323464.0,M,1.0,27.0,programmer
660.0,923.0,4.0,874873753.0,M,1.0,25.0,student
389.0,514.0,4.0,879444021.0,F,0.0,44.0,writer
251.0,763.0,1.0,879119260.0,M,1.0,27.0,doctor
334.0,117.0,5.0,891035164.0,M,1.0,30.0,librarian
943.0,823.0,4.0,880242218.0,M,1.0,22.0,student
650.0,300.0,3.0,884364017.0,M,1.0,38.0,engineer
759.0,591.0,5.0,879486452.0,F,0.0,18.0,other
422.0,763.0,4.0,887738339.0,M,1.0,22.0,entertainment
840.0,471.0,4.0,891249877.0,M,1.0,35.0,artist
790.0,528.0,4.0,879531495.0,M,1.0,30.0,administrator
119.0,689.0,4.0,889501393.0,M,1.0,26.0,programmer
405.0,483.0,1.0,886324963.0,F,0.0,22.0,healthcare
456.0,831.0,4.0,892738480.0,F,0.0,25.0,writer
640.0,472.0,4.0,879990670.0,M,1.0,20.0,student
239.0,1132.0,3.0,876402430.0,M,1.0,35.0,artist
374.0,855.0,3.0,880602286.0,F,0.0,33.0,executive
1.0,1148.0,4.0,878914964.0,M,1.0,23.0,technician
697.0,678.0,4.0,879444062.0,M,1.0,42.0,other
145.0,98.0,4.0,875653315.0,M,1.0,29.0,entertainment
243.0,7.0,3.0,879442390.0,M,1.0,31.0,educator
311.0,1028.0,5.0,892335164.0,M,1.0,30.0,technician
346.0,7.0,3.0,889729536.0,M,1.0,27.0,other
64.0,472.0,3.0,879540151.0,M,1.0,35.0,educator
562.0,748.0,4.0,875734086.0,F,0.0,24.0,writer
711.0,752.0,3.0,875964086.0,F,0.0,50.0,other
532.0,14.0,2.0,884497974.0,M,1.0,20.0,student
276.0,14.0,3.0,875027984.0,M,1.0,21.0,student
648.0,7.0,3.0,877134585.0,M,1.0,24.0,other
318.0,173.0,5.0,892079475.0,M,1.0,52.0,retired
537.0,607.0,4.0,884131787.0,M,1.0,33.0,engineer
126.0,1230.0,4.0,883710940.0,F,0.0,27.0,lawyer
682.0,257.0,3.0,884297905.0,M,1.0,24.0,programmer
790.0,738.0,3.0,884134587.0,M,1.0,26.0,technician
593.0,568.0,4.0,889739586.0,M,1.0,25.0,healthcare
374.0,771.0,3.0,879448031.0,M,1.0,33.0,administrator
374.0,689.0,4.0,880568407.0,M,1.0,33.0,executive
58.0,647.0,4.0,886958973.0,M,1.0,26.0,programmer
334.0,172.0,5.0,891694312.0,M,1.0,30.0,librarian
479.0,778.0,5.0,879538218.0,M,1.0,46.0,educator
541.0,50.0,2.0,886529489.0,M,1.0,18.0,student
704.0,176.0,5.0,891282793.0,F,0.0,35.0,librarian
907.0,56.0,4.0,879103729.0,F,0.0,27.0,other
56.0,648.0,3.0,879434654.0,F,0.0,29.0,librarian
339.0,431.0,4.0,891435478.0,M,1.0,32.0,lawyer
44.0,1084.0,5.0,880177857.0,M,1.0,25.0,technician
174.0,13.0,5.0,881108873.0,M,1.0,35.0,administrator
833.0,783.0,4.0,875261337.0,M,1.0,31.0,writer
437.0,1047.0,5.0,875729303.0,F,0.0,27.0,other
191.0,651.0,4.0,879309961.0,M,1.0,34.0,administrator
194.0,782.0,4.0,879877433.0,M,1.0,35.0,administrator
308.0,974.0,3.0,887744328.0,M,1.0,52.0,retired
886.0,654.0,4.0,880731319.0,M,1.0,20.0,student
239.0,434.0,3.0,8889079791.0,M,1.0,35.0,artist
903.0,746.0,3.0,88031384.0,F,0.0,43.0,educator
693.0,302.0,3.0,886397475.0,M,1.0,25.0,other
312.0,735.0,3.0,879571811.0,M,1.0,42.0,other
483.0,705.0,4.0,888907123.0,M,1.0,40.0,scientist
943.0,679.0,4.0,877103320.0,M,1.0,22.0,student
195.0,756.0,2.0,879195853.0,M,1.0,40.0,scientist
532.0,300.0,5.0,884315885.0,M,1.0,18.0,student
425.0,117.0,2.0,875242465.0,M,1.0,18.0,student
757.0,9.0,4.0,888104281.0,M,1.0,25.0,student
774.0,761.0,4.0,881975503.0,M,1.0,29.0,student
582.0,511.0,3.0,882955782.0,M,1.0,21.0,student
595.0,563.0,5.0,886277827.0,M,1.0,35.0,educator
707.0,928.0,5.0,891369638.0,F,0.0,36.0,librarian
269.0,684.0,3.0,891388459.0,F,0.0,31.0,librarian
537.0,678.0,4.0,875982799.0,M,1.0,33.0,programmer
201.0,563.0,4.0,892137059.0,M,1.0,26.0,writer
435.0,48.0,3.0,876407062.0,M,1.0,23.0,engineer
137.0,514.0,4.0,879446437.0,M,1.0,44.0,educator
805.0,471.0,5.0,889125907.0,F,0.0,27.0,other
177.0,100.0,4.0,886608295.0,M,1.0,20.0,programmer
798.0,1079.0,2.0,875332260.0,F,0.0,40.0,writer
85.0,1039.0,3.0,879362092.0,M,1.0,45.0,educator
268.0,1028.0,2.0,875935699.0,M,1.0,23.0,engineer
303.0,727.0,4.0,879458619.0,M,1.0,18.0,student
110.0,479.0,4.0,887742025.0,M,1.0,18.0,student
790.0,569.0,4.0,891217834.0,M,1.0,26.0,librarian
447.0,257.0,4.0,879446462.0,M,1.0,27.0,administrator
710.0,689.0,1.0,886833024.0,M,1.0,18.0,student
524.0,748.0,1.0,886988480.0,M,1.0,50.0,educator
347.0,300.0,5.0,887820695.0,M,1.0,18.0,student
456.0,693.0,4.0,878191471.0,M,1.0,27.0,engineer
293.0,50.0,4.0,888906012.0,M,1.0,23.0,writer
90.0,476.0,4.0,891352077.0,M,1.0,52.0,educator
716.0,568.0,2.0,879561792.0,F,0.0,45.0,administrator
468.0,497.0,1.0,888465244.0,M,1.0,27.0,engineer
846.0,547.0,4.0,880314370.0,M,1.0,26.0,lawyer
279.0,151.0,5.0,891450120.0,M,1.0,31.0,programmer
653.0,474.0,5.0,887911854.0,M,1.0,29.0,executive
890.0,549.0,4.0,892787162.0,M,1.0,30.0,student
654.0,566.0,5.0,885843648.0,M,1.0,31.0,engineer
758.0,4.0,3.0,878759868.0,M,1.0,26.0,student
751.0,7.0,4.0,879220564.0,F,0.0,24.0,other
393.0,475.0,3.0,879486423.0,M,1.0,18.0,student
500.0,597.0,4.0,883601011.0,F,0.0,27.0,administrator
210.0,681.0,2.0,875350995.0,M,1.0,35.0,engineer
291.0,748.0,4.0,880572697.0,M,1.0,18.0,student
617.0,276.0,4.0,879442728.0,M,1.0,23.0,administrator
97.0,687.0,3.0,876538030.0,M,1.0,39.0,artist
682.0,496.0,3.0,883444400.0,M,1.0,31.0,programmer
303.0,723.0,3.0,879111658.0,F,0.0,18.0,student
558.0,595.0,4.0,883710395.0,F,0.0,56.0,writer
222.0,479.0,5.0,880057700.0,M,1.0,27.0,programmer
450.0,509.0,4.0,880572566.0,F,0.0,35.0,educator
749.0,679.0,3.0,880878986.0,M,1.0,35.0,other
537.0,526.0,1.0,882212665.0,M,1.0,33.0,engineer
299.0,936.0,5.0,879023389.0,M,1.0,27.0,doctor
933.0,865.0,5.0,891415786.0,M,1.0,29.0,librarian
279.0,748.0,3.0,891384012.0,M,1.0,31.0,programmer
559.0,541.0,2.0,882348621.0,M,1.0,59.0,student
123.0,511.0,4.0,891204264.0,F,0.0,21.0,artist
554.0,748.0,4.0,891352562.0,M,1.0,50.0,executive
321.0,10.0,3.0,891033481.0,M,1.0,49.0,educator
930.0,276.0,3.0,880139789.0,M,1.0,36.0,scientist
85.0,705.0,3.0,881649358.0,M,1.0,45.0,educator
347.0,111.0,4.0,886921606.0,F,0.0,18.0,student
318.0,582.0,5.0,887745261.0,M,1.0,70.0,retired
456.0,619.0,5.0,879460154.0,M,1.0,27.0,librarian
90.0,485.0,4.0,879444546.0,M,1.0,52.0,educator
793.0,9.0,4.0,875339411.0,F,0.0,32.0,student
757.0,1063.0,2.0,882156925.0,M,1.0,30.0,student
314.0,1165.0,4.0,884134820.0,F,0.0,20.0,student
64.0,653.0,4.0,879871582.0,M,1.0,30.0,educator
14.0,845.0,3.0,879544644.0,M,1.0,40.0,scientist
592.0,14.0,2.0,883327799.0,M,1.0,18.0,student
885.0,5.0,3.0,884124530.0,F,0.0,30.0,other
345.0,591.0,5.0,883268568.0,F,0.0,31.0,librarian
851.0,121.0,4.0,876513664.0,M,1.0,18.0,student
207.0,50.0,4.0,879443297.0,M,1.0,35.0,marketing
891.0,561.0,5.0,891351622.0,M,1.0,32.0,librarian
771.0,434.0,2.0,874830824.0,M,1.0,20.0,none
834.0,9.0,3.0,881958681.0,M,1.0,25.0,writer
222.0,482.0,3.0,880139765.0,M,1.0,27.0,programmer
10.0,523.0,4.0,891304865.0,M,1.0,28.0,lawyer
232.0,628.0,4.0,879119579.0,M,1.0,40.0,scientist
409.0,1047.0,4.0,880579781.0,M,1.0,42.0,administrator
285.0,546.0,5.0,892836268.0,M,1.0,26.0,programmer
85.0,111.0,4.0,879445684.0,M,1.0,42.0,educator
833.0,491.0,4.0,875334966.0,M,1.0,31.0,writer
916.0,833.0,4.0,880608433.0,M,1.0,26.0,engineer
305.0,498.0,5.0,884111576.0,M,1.0,23.0,programmer
645.0,181.0,5.0,882385294.0,M,1.0,26.0,other
851.0,181.0,4.0,875962275.0,M,1.0,18.0,other
655.0,748.0,5.0,889655162.0,F,0.0,50.0,none
370.0,100.0,3.0,887667525.0,M,1.0,46.0,writer
222.0,931.0,5.0,882955662.0,M,1.0,26.0,programmer
815.0,527.0,4.0,878192701.0,F,0.0,30.0,other
747.0,774.0,2.0,876252480.0,M,1.0,18.0,other
92.0,1028.0,4.0,877719206.0,M,1.0,30.0,entertainment
703.0,48.0,3.0,888452418.0,M,1.0,22.0,student
332.0,1149.0,4.0,889289123.0,M,1.0,20.0,student
221.0,478.0,4.0,879446228.0,M,1.0,18.0,student
874.0,746.0,5.0,880391833.0,F,0.0,36.0,artist
621.0,578.0,4.0,887038665.0,M,1.0,17.0,student
399.0,485.0,3.0,877881043.0,M,1.0,24.0,other
393.0,597.0,4.0,877399618.0,M,1.0,18.0,student
398.0,749.0,4.0,875502044.0,M,1.0,36.0,other
128.0,772.0,3.0,879372652.0,F,0.0,24.0,marketing
590.0,515.0,5.0,884497023.0,M,1.0,44.0,educator
627.0,186.0,4.0,87797222295.0,M,1.0,23.0,scientist
279.0,582.0,4.0,891385389.0,M,1.0,31.0,programmer
747.0,7.0,5.0,876539081.0,M,1.0,18.0,other
869.0,13.0,4.0,879987613.0,M,1.0,28.0,student
181.0,7.0,3.0,878104486.0,M,1.0,25.0,executive
684.0,562.0,4.0,886988906.0,M,1.0,26.0,programmer
433.0,7.0,3.0,882346309.0,M,1.0,23.0,artist
54.0,690.0,4.0,891035839.0,M,1.0,42.0,administrator
488.0,12.0,4.0,879828457.0,M,1.0,42.0,administrator
533.0,831.0,4.0,875935601.0,M,1.0,39.0,engineer
682.0,286.0,4.0,879444092.0,M,1.0,23.0,programmer
347.0,752.0,4.0,889124866.0,M,1.0,18.0,student
585.0,963.0,3.0,885807775.0,M,1.0,31.0,technician
709.0,839.0,4.0,874873703.0,M,1.0,21.0,student
622.0,7.0,5.0,882078580.0,M,1.0,17.0,student
92.0,591.0,5.0,875654976.0,M,1.0,30.0,entertainment
897.0,477.0,1.0,883865952.0,M,1.0,27.0,other
705.0,623.0,4.0,888519260.0,F,0.0,21.0,student
758.0,748.0,2.0,881977872.0,M,1.0,26.0,student
815.0,938.0,3.0,878182642.0,M,1.0,30.0,other
840.0,679.0,2.0,875348651.0,M,1.0,35.0,artist
699.0,705.0,2.0,891699667.0,M,1.0,39.0,other
669.0,588.0,4.0,891035053.0,F,0.0,44.0,writer
569.0,708.0,5.0,879469943.0,M,1.0,31.0,educator
279.0,582.0,4.0,875241655.0,M,1.0,31.0,programmer
144.0,678.0,5.0,888179988.0,M,1.0,46.0,other
472.0,709.0,4.0,879439233.0,M,1.0,23.0,administrator
545.0,751.0,4.0,88907878.0,M,1.0,23.0,technician
535.0,945.0,4.0,891401859.0,F,0.0,51.0,librarian
151.0,746.0,4.0,879111662.0,F,0.0,38.0,administrator
407.0,1223.0,4.0,885848886.0,M,1.0,27.0,engineer
807.0,631.0,3.0,884064269.0,F,0.0,50.0,educator
268.0,456.0,3.0,877017931.0,M,1.0,23.0,engineer
566.0,662.0,3.0,87788888095.0,M,1.0,20.0,student
7.0,498.0,3.0,885844051.0,M,1.0,50.0,administrator
87.0,762.0,4.0,879531491.0,M,1.0,42.0,administrator
18.0,522.0,5.0,889907812.0,M,1.0,18.0,student
119.0,528.0,5.0,882404250.0,M,1.0,29.0,writer
811.0,708.0,3.0,879444400.0,F,0.0,35.0,marketing
757.0,689.0,3.0,891199804.0,M,1.0,25.0,student
181.0,546.0,3.0,878183382.0,M,1.0,25.0,executive
373.0,517.0,3.0,892955978.0,F,0.0,24.0,librarian
654.0,685.0,4.0,889740051.0,F,0.0,27.0,student
798.0,588.0,4.0,880473518.0,F,0.0,40.0,writer
882.0,742.0,3.0,876454853.0,M,1.0,32.0,engineer
239.0,1203.0,3.0,875640290.0,M,1.0,35.0,artist
833.0,685.0,5.0,875270148.0,M,1.0,31.0,writer
160.0,546.0,4.0,874938889.0,M,1.0,30.0,none
334.0,269.0,3.0,891549470.0,M,1.0,30.0,librarian
392.0,592.0,5.0,891204820.0,M,1.0,46.0,writer
130.0,1132.0,4.0,886988413.0,M,1.0,20.0,student
690.0,527.0,5.0,877887936.0,M,1.0,27.0,programmer
671.0,745.0,3.0,879441397.0,M,1.0,33.0,programmer
42.0,195.0,4.0,879876676.0,M,1.0,28.0,administrator
102.0,611.0,1.0,879899158.0,M,1.0,35.0,programmer
346.0,257.0,4.0,879464373.0,M,1.0,31.0,other
119.0,727.0,3.0,876535269.0,M,1.0,30.0,programmer
59.0,468.0,4.0,891032510.0,M,1.0,43.0,educator
145.0,515.0,3.0,886473805.0,M,1.0,29.0,entertainment
894.0,541.0,4.0,879524582.0,M,1.0,42.0,educator
546.0,466.0,2.0,881412234.0,M,1.0,26.0,technician
848.0,495.0,5.0,879435369.0,M,1.0,28.0,engineer
896.0,477.0,3.0,880355360.0,M,1.0,27.0,writer
5.0,651.0,4.0,885157775.0,F,0.0,33.0,other
262.0,683.0,5.0,888905086.0,F,0.0,18.0,student
830.0,751.0,3.0,891385348.0,M,1.0,41.0,librarian
608.0,584.0,3.0,891195586.0,M,1.0,22.0,other
815.0,111.0,4.0,879191058.0,M,1.0,30.0,other
862.0,831.0,5.0,875651329.0,M,1.0,24.0,executive
605.0,12.0,5.0,879452262.0,M,1.0,31.0,programmer
837.0,683.0,2.0,882348283.0,F,0.0,26.0,artist
90.0,876.0,4.0,891383686.0,M,1.0,52.0,educator
99.0,1034.0,5.0,888180049.0,M,1.0,20.0,student
896.0,517.0,5.0,888632511.0,M,1.0,27.0,executive
379.0,515.0,3.0,880846734.0,M,1.0,39.0,other
541.0,11.0,4.0,880131411.0,M,1.0,21.0,student
160.0,1082.0,4.0,891462628.0,M,1.0,26.0,programmer
200.0,546.0,3.0,884323426.0,M,1.0,36.0,engineer
716.0,50.0,4.0,8785400.0,F,0.0,36.0,administrator
747.0,11.0,2.0,886988100.0,M,1.0,18.0,other
742.0,945.0,3.0,891498231.0,M,1.0,32.0,writer
566.0,709.0,4.0,878184393.0,M,1.0,20.0,student
254.0,639.0,5.0,881434296.0,M,1.0,39.0,educator
221.0,569.0,3.0,889732275.0,M,1.0,18.0,student
276.0,871.0,1.0,875050731.0,F,0.0,21.0,student
763.0,699.0,3.0,891204160.0,F,0.0,48.0,artist
59.0,431.0,5.0,888069660.0,M,1.0,43.0,educator
867.0,70.0,3.0,878962515.0,M,1.0,27.0,scientist
938.0,708.0,3.0,882074899.0,M,1.0,23.0,student
532.0,464.0,2.0,885951781.0,M,1.0,20.0,student
671.0,709.0,4.0,884134114.0,M,1.0,29.0,executive
889.0,748.0,3.0,88948949927.0,M,1.0,23.0,technician
532.0,597.0,2.0,892790117.0,M,1.0,20.0,student
829.0,628.0,3.0,882386417.0,M,1.0,38.0,marketing
892.0,1574.0,3.0,891384424.0,M,1.0,33.0,educator
488.0,566.0,3.0,875272132.0,M,1.0,23.0,technician
664.0,472.0,4.0,876534751.0,M,1.0,28.0,engineer
128.0,934.0,3.0,875038807.0,F,0.0,24.0,marketing
870.0,568.0,5.0,879876816.0,M,1.0,22.0,student
867.0,1039.0,4.0,882425848.0,M,1.0,23.0,entertainment
561.0,866.0,4.0,879195886.0,M,1.0,23.0,student
8.0,732.0,3.0,879442089.0,M,1.0,33.0,administrator
782.0,472.0,2.0,891250584.0,F,0.0,21.0,artist
455.0,661.0,4.0,879119579.0,M,1.0,42.0,administrator
862.0,488.0,4.0,875730443.0,M,1.0,24.0,executive
291.0,7.0,4.0,874830822.0,M,1.0,18.0,student
85.0,13.0,5.0,884634704.0,M,1.0,45.0,educator
450.0,709.0,3.0,881515450.0,F,0.0,35.0,educator
898.0,597.0,4.0,891017072.0,M,1.0,27.0,writer
727.0,1028.0,3.0,891036342.0,M,1.0,24.0,homemaker
835.0,732.0,3.0,885848886.0,M,1.0,44.0,healthcare
747.0,546.0,5.0,888557683.0,M,1.0,25.0,other
569.0,1172.0,5.0,890760319.0,M,1.0,34.0,other
682.0,22.0,4.0,888906824.0,M,1.0,23.0,programmer
651.0,15.0,4.0,879446793.0,M,1.0,23.0,other
579.0,591.0,1.0,874876655.0,M,1.0,30.0,student
622.0,735.0,4.0,879530151.0,M,1.0,24.0,other
533.0,1063.0,4.0,879461335.0,M,1.0,39.0,librarian
222.0,1046.0,3.0,881107073.0,M,1.0,27.0,programmer
255.0,584.0,5.0,880404918.0,M,1.0,23.0,entertainment
621.0,678.0,3.0,876538808.0,M,1.0,18.0,student
279.0,615.0,4.0,875289419.0,M,1.0,31.0,programmer
7.0,547.0,3.0,891548160.0,M,1.0,50.0,administrator
6.0,697.0,4.0,879875483.0,M,1.0,39.0,administrator
682.0,1135.0,3.0,884181047.0,M,1.0,23.0,programmer
823.0,286.0,5.0,878438754.0,M,1.0,28.0,artist
758.0,300.0,2.0,878961814.0,M,1.0,26.0,student
92.0,526.0,3.0,875963167.0,M,1.0,30.0,entertainment
479.0,743.0,4.0,880139765.0,M,1.0,42.0,educator
932.0,891.0,5.0,882074357.0,M,1.0,50.0,educator
731.0,523.0,4.0,885807931.0,F,0.0,51.0,educator
7.0,541.0,4.0,891384357.0,M,1.0,50.0,administrator
804.0,684.0,1.0,87953010104.0,M,1.0,37.0,writer
94.0,474.0,3.0,887745480.0,M,1.0,29.0,student
301.0,738.0,5.0,881438185.0,M,1.0,23.0,student
65.0,111.0,4.0,879445066.0,M,1.0,42.0,educator
254.0,100.0,3.0,882397146.0,M,1.0,39.0,educator
251.0,969.0,4.0,890287502.0,M,1.0,27.0,doctor
924.0,234.0,3.0,893213915.0,M,1.0,31.0,educator
298.0,202.0,5.0,884462692.0,M,1.0,39.0,executive
262.0,528.0,5.0,879793797.0,F,0.0,18.0,student
841.0,1028.0,5.0,879874934.0,M,1.0,42.0,student
7.0,1028.0,3.0,891297461.0,M,1.0,50.0,administrator
676.0,1229.0,5.0,891036492.0,M,1.0,21.0,programmer
790.0,176.0,5.0,875131774.0,M,1.0,26.0,technician
181.0,823.0,4.0,878973760.0,M,1.0,25.0,executive
718.0,485.0,5.0,884641909.0,F,0.0,22.0,student
666.0,573.0,4.0,881288574.0,M,1.0,39.0,administrator
655.0,558.0,4.0,879571698.0,F,0.0,50.0,healthcare
497.0,696.0,5.0,878182884.0,M,1.0,20.0,student
405.0,694.0,4.0,884365168.0,F,0.0,22.0,healthcare
303.0,7.0,4.0,876539051.0,M,1.0,18.0,student
707.0,604.0,4.0,891434768.0,F,0.0,43.0,librarian
833.0,1029.0,3.0,884636187.0,M,1.0,31.0,writer
773.0,678.0,4.0,880336633.0,M,1.0,20.0,student
807.0,181.0,4.0,880130552.0,F,0.0,25.0,other
721.0,1236.0,3.0,882348283.0,M,1.0,24.0,entertainment
393.0,939.0,2.0,879446495.0,M,1.0,18.0,student
719.0,675.0,3.0,883348868.0,M,1.0,22.0,student
295.0,1098.0,5.0,879529732.0,M,1.0,29.0,educator
232.0,546.0,4.0,880692480.0,M,1.0,44.0,scientist
593.0,294.0,3.0,880599448.0,M,1.0,31.0,marketing
682.0,5.0,3.0,888539883.0,M,1.0,23.0,programmer
269.0,483.0,2.0,879875037.0,F,0.0,28.0,librarian
480.0,294.0,4.0,884064688.0,F,0.0,70.0,retired
447.0,875.0,3.0,885828389.0,M,1.0,27.0,other
900.0,708.0,3.0,877833781.0,F,0.0,52.0,retired
864.0,100.0,3.0,880845451.0,M,1.0,26.0,programmer
276.0,663.0,4.0,8788466056.0,M,1.0,21.0,student
387.0,471.0,4.0,886483820.0,M,1.0,31.0,entertainment
435.0,4.0,5.0,885678812.0,M,1.0,23.0,engineer
546.0,1047.0,4.0,878848015.0,M,1.0,49.0,educator
235.0,597.0,4.0,881450810.0,M,1.0,34.0,educator
445.0,678.0,4.0,891368310.0,M,1.0,21.0,lawyer
405.0,931.0,1.0,884314881.0,F,0.0,22.0,healthcare
771.0,508.0,3.0,891494261.0,M,1.0,25.0,student
1.0,628.0,5.0,874950463.0,M,1.0,23.0,technician
276.0,689.0,3.0,878886979.0,M,1.0,21.0,student
457.0,196.0,3.0,875653830.0,F,0.0,33.0,salesman
387.0,566.0,2.0,875294731.0,M,1.0,31.0,entertainment
13.0,523.0,4.0,890287794.0,M,1.0,42.0,educator
450.0,519.0,5.0,889739669.0,F,0.0,35.0,educator
479.0,7.0,3.0,875324761.0,M,1.0,22.0,entertainment
221.0,531.0,2.0,875980578.0,M,1.0,18.0,student
610.0,652.0,3.0,888703832.0,M,1.0,22.0,student
95.0,1178.0,4.0,879539794.0,M,1.0,29.0,administrator
331.0,678.0,4.0,877726244.0,M,1.0,31.0,entertainment
301.0,568.0,4.0,885046752.0,M,1.0,23.0,student
796.0,846.0,5.0,891033256.0,F,0.0,32.0,writer
294.0,871.0,3.0,879366280.0,M,1.0,31.0,technician
883.0,1141.0,4.0,879829127.0,M,1.0,43.0,librarian
393.0,1067.0,4.0,879466214.0,M,1.0,18.0,student
693.0,111.0,4.0,875509794.0,M,1.0,31.0,programmer
763.0,687.0,1.0,893219003.0,F,0.0,39.0,artist
796.0,659.0,2.0,891207975.0,F,0.0,36.0,artist
207.0,974.0,3.0,883601388.0,M,1.0,31.0,marketing
757.0,869.0,5.0,889731703.0,F,0.0,24.0,student
6.0,672.0,2.0,875038807.0,M,1.0,38.0,executive
553.0,1039.0,5.0,879298206.0,M,1.0,50.0,educator
682.0,928.0,4.0,879466491.0,M,1.0,23.0,student
311.0,749.0,4.0,884131454.0,M,1.0,30.0,technician
786.0,7.0,5.0,883329489.0,M,1.0,38.0,technician
256.0,795.0,3.0,881371402.0,F,0.0,35.0,none
174.0,546.0,5.0,882388159.0,F,0.0,30.0,administrator
299.0,1549.0,3.0,884326790.0,M,1.0,27.0,doctor
1.0,678.0,2.0,879484159.0,M,1.0,23.0,technician
807.0,656.0,4.0,880078665.0,F,0.0,41.0,healthcare
577.0,515.0,3.0,881372328.0,F,0.0,36.0,technician
328.0,935.0,3.0,887038665.0,M,1.0,45.0,administrator
18.0,708.0,2.0,875744040.0,F,0.0,35.0,artist
704.0,604.0,3.0,882141334.0,M,1.0,27.0,educator
630.0,942.0,4.0,884752890.0,F,0.0,26.0,healthcare
890.0,79.0,4.0,889180094.0,M,1.0,30.0,administrator
455.0,195.0,5.0,880821434.0,M,1.0,42.0,administrator
781.0,763.0,5.0,888518579.0,F,0.0,10.0,student
624.0,449.0,5.0,880134445.0,M,1.0,18.0,student
676.0,652.0,5.0,881026371.0,M,1.0,28.0,programmer
669.0,1269.0,5.0,886949667.0,M,1.0,34.0,other
305.0,685.0,4.0,880671825.0,M,1.0,23.0,programmer
308.0,696.0,3.0,887737338.0,M,1.0,52.0,retired
429.0,886.0,5.0,882387067.0,M,1.0,26.0,student
939.0,8.0,3.0,882345310.0,F,0.0,28.0,student
97.0,949.0,4.0,875216742.0,M,1.0,39.0,artist
836.0,880.0,4.0,893219477.0,M,1.0,36.0,artist
227.0,872.0,5.0,891383946.0,M,1.0,41.0,executive
537.0,294.0,4.0,886031966.0,M,1.0,27.0,administrator
21.0,749.0,2.0,874950232.0,M,1.0,20.0,artist
474.0,9.0,4.0,887912447.0,M,1.0,45.0,healthcare
293.0,826.0,3.0,888905012.0,M,1.0,23.0,writer
294.0,805.0,3.0,875658736.0,M,1.0,31.0,programmer
655.0,662.0,4.0,886471666.0,F,0.0,50.0,healthcare
363.0,663.0,5.0,892911293.0,M,1.0,20.0,student
255.0,172.0,2.0,886479610.0,M,1.0,23.0,entertainment
697.0,431.0,3.0,882318450.0,M,1.0,24.0,other
804.0,515.0,3.0,881251383.0,F,0.0,35.0,educator
536.0,934.0,3.0,875294716.0,M,1.0,35.0,engineer
389.0,117.0,2.0,879192661.0,M,1.0,44.0,writer
648.0,657.0,5.0,879453837.0,M,1.0,42.0,educator
457.0,591.0,2.0,875339813.0,F,0.0,33.0,salesman
828.0,584.0,5.0,884035994.0,M,1.0,31.0,other
501.0,474.0,5.0,880139180.0,M,1.0,18.0,student
363.0,627.0,5.0,879467706.0,M,1.0,20.0,student
380.0,688.0,4.0,885844019.0,M,1.0,31.0,engineer
243.0,661.0,4.0,879949087.0,M,1.0,49.0,educator
805.0,689.0,5.0,884461862.0,F,0.0,26.0,homemaker
648.0,521.0,4.0,885848220.0,M,1.0,39.0,engineer
738.0,588.0,3.0,880123807.0,M,1.0,42.0,technician
174.0,7.0,5.0,883250148.0,F,0.0,30.0,librarian
497.0,628.0,3.0,877399486.0,M,1.0,20.0,student
327.0,127.0,4.0,887746268.0,M,1.0,22.0,student
474.0,5.0,4.0,877719206.0,M,1.0,25.0,executive
246.0,708.0,5.0,876524474.0,M,1.0,18.0,student
897.0,101.0,4.0,875048752.0,M,1.0,28.0,marketing
311.0,471.0,3.0,884292585.0,M,1.0,30.0,technician
405.0,479.0,4.0,884753044.0,M,1.0,22.0,student
201.0,515.0,2.0,884287775.0,M,1.0,23.0,writer
693.0,845.0,3.0,889415919.0,M,1.0,56.0,librarian
308.0,528.0,4.0,887739209.0,M,1.0,52.0,retired
846.0,790.0,3.0,891304066.0,M,1.0,26.0,lawyer
938.0,7.0,4.0,880313797.0,M,1.0,26.0,student
293.0,172.0,4.0,888907122.0,M,1.0,23.0,writer
363.0,9.0,3.0,889241562.0,M,1.0,16.0,student
551.0,471.0,4.0,879461340.0,M,1.0,33.0,other
385.0,806.0,3.0,879444481.0,M,1.0,33.0,writer
741.0,619.0,3.0,886988466.0,F,0.0,44.0,other
721.0,656.0,3.0,87788887930.0,M,1.0,24.0,entertainment
346.0,531.0,3.0,879483689.0,M,1.0,45.0,other
334.0,834.0,3.0,891550332.0,M,1.0,30.0,librarian
92.0,724.0,5.0,875245734.0,M,1.0,30.0,entertainment
327.0,1017.0,4.0,883326668.0,M,1.0,22.0,student
360.0,9.0,3.0,879455098.0,M,1.0,45.0,other
541.0,1034.0,2.0,890349717.0,F,0.0,18.0,student
239.0,748.0,3.0,875983564.0,M,1.0,35.0,artist
642.0,671.0,5.0,888082062.0,F,0.0,17.0,student
535.0,657.0,4.0,879446542.0,F,0.0,33.0,executive
659.0,531.0,4.0,879441291.0,M,1.0,29.0,educator
267.0,288.0,5.0,875242894.0,M,1.0,23.0,programmer
21.0,790.0,4.0,874953898.0,M,1.0,25.0,writer
837.0,1028.0,4.0,885778571.0,M,1.0,28.0,artist
6.0,541.0,4.0,880134296.0,M,1.0,38.0,executive
897.0,7.0,1.0,877877987.0,M,1.0,25.0,other
642.0,692.0,1.0,881653959.0,F,0.0,17.0,student
332.0,732.0,4.0,888234869.0,M,1.0,20.0,student
885.0,1046.0,3.0,881654420.0,M,1.0,28.0,student
409.0,591.0,4.0,881109871.0,M,1.0,42.0,administrator
880.0,876.0,3.0,887745263.0,M,1.0,11.0,student
542.0,48.0,4.0,881957241.0,M,1.0,33.0,other
479.0,682.0,3.0,879440607.0,M,1.0,22.0,student
757.0,4.0,5.0,880056531.0,M,1.0,25.0,student
487.0,710.0,4.0,875972627.0,M,1.0,22.0,engineer
897.0,607.0,3.0,879991062.0,M,1.0,28.0,other
871.0,682.0,3.0,878540020.0,M,1.0,29.0,executive
224.0,577.0,2.0,879198085.0,F,0.0,31.0,educator
782.0,517.0,4.0,891294631.0,M,1.0,21.0,artist
234.0,7.0,2.0,892334644.0,M,1.0,52.0,retired
932.0,684.0,1.0,880130807.0,M,1.0,50.0,educator
586.0,210.0,3.0,879469967.0,M,1.0,50.0,educator
901.0,709.0,4.0,879435369.0,M,1.0,35.0,educator
462.0,585.0,4.0,889737376.0,F,0.0,18.0,student
158.0,546.0,3.0,880167842.0,M,1.0,44.0,educator
11.0,864.0,4.0,878091258.0,F,0.0,36.0,other
586.0,495.0,4.0,887739096.0,M,1.0,20.0,student
887.0,1217.0,4.0,878941144.0,F,0.0,25.0,student
497.0,1047.0,4.0,879464759.0,M,1.0,20.0,student
627.0,204.0,4.0,884132048.0,M,1.0,23.0,engineer
868.0,1161.0,4.0,878439211.0,M,1.0,26.0,programmer
846.0,14.0,4.0,883950665.0,M,1.0,26.0,lawyer
346.0,517.0,4.0,891448630.0,M,1.0,31.0,other
90.0,751.0,4.0,891384357.0,M,1.0,52.0,educator
851.0,449.0,3.0,875509902.0,M,1.0,18.0,other
269.0,511.0,4.0,891352303.0,F,0.0,31.0,librarian
573.0,1028.0,4.0,879527505.0,M,1.0,31.0,educator
621.0,7.0,5.0,876536900.0,F,0.0,17.0,student
233.0,1028.0,3.0,880952269.0,M,1.0,35.0,engineer
334.0,815.0,2.0,883948803.0,M,1.0,30.0,librarian
210.0,684.0,3.0,884368538.0,M,1.0,36.0,engineer
741.0,841.0,4.0,888103906.0,M,1.0,25.0,writer
878.0,1041.0,3.0,887157928.0,M,1.0,28.0,other
59.0,831.0,3.0,891038947.0,M,1.0,43.0,educator
409.0,7.0,4.0,891386959.0,M,1.0,42.0,administrator
682.0,1167.0,2.0,884990582.0,M,1.0,23.0,programmer
893.0,471.0,5.0,875263965.0,M,1.0,24.0,marketing
747.0,549.0,3.0,888636397.0,M,1.0,18.0,other
435.0,875.0,4.0,884231678.0,M,1.0,18.0,student
527.0,605.0,5.0,891566952.0,M,1.0,31.0,librarian
622.0,727.0,4.0,874730261.0,M,1.0,35.0,programmer
279.0,741.0,3.0,878192911.0,M,1.0,31.0,programmer
177.0,7.0,4.0,880167328.0,M,1.0,20.0,student
194.0,990.0,4.0,876403971.0,M,1.0,35.0,administrator
197.0,1138.0,3.0,876892487.0,M,1.0,48.0,technician
416.0,673.0,3.0,889731615.0,F,0.0,20.0,student
569.0,971.0,4.0,879539981.0,M,1.0,31.0,educator
671.0,195.0,4.0,891208693.0,M,1.0,21.0,programmer
749.0,604.0,3.0,878972669.0,M,1.0,31.0,other
116.0,646.0,3.0,885755074.0,M,1.0,36.0,healthcare
703.0,473.0,4.0,878761703.0,M,1.0,28.0,educator
902.0,748.0,4.0,880844123.0,F,0.0,45.0,administrator
680.0,11.0,3.0,874951638.0,M,1.0,31.0,lawyer
385.0,195.0,4.0,879456137.0,M,1.0,33.0,writer
325.0,111.0,4.0,888103686.0,M,1.0,42.0,technician
49.0,546.0,5.0,879442362.0,M,1.0,20.0,student
788.0,763.0,4.0,891436391.0,M,1.0,37.0,other
515.0,294.0,5.0,879640151.0,F,0.0,45.0,administrator
552.0,471.0,4.0,875967062.0,M,1.0,31.0,programmer
208.0,568.0,3.0,885847943.0,M,1.0,35.0,engineer
711.0,723.0,5.0,879110905.0,F,0.0,22.0,student
64.0,1023.0,4.0,886395741.0,M,1.0,30.0,educator
709.0,471.0,3.0,878540051.0,M,1.0,21.0,student
707.0,463.0,2.0,879445098.0,F,0.0,24.0,student
130.0,752.0,3.0,875271464.0,M,1.0,20.0,none
666.0,15.0,5.0,891205665.0,M,1.0,43.0,administrator
826.0,10.0,3.0,879876654.0,M,1.0,23.0,engineer
388.0,669.0,5.0,881550242.0,M,1.0,18.0,student
591.0,603.0,4.0,891208731.0,M,1.0,51.0,programmer
250.0,658.0,5.0,887911444.0,M,1.0,27.0,executive
500.0,724.0,4.0,880844097.0,M,1.0,27.0,administrator
92.0,473.0,4.0,880821334.0,M,1.0,30.0,entertainment
268.0,684.0,3.0,876340239.0,M,1.0,23.0,engineer
846.0,1073.0,4.0,883949046.0,M,1.0,26.0,lawyer
794.0,405.0,5.0,879518630.0,M,1.0,29.0,educator
303.0,576.0,5.0,879486419.0,M,1.0,18.0,student
786.0,333.0,4.0,883877001.0,M,1.0,30.0,administrator
407.0,1229.0,4.0,875502948.0,M,1.0,27.0,engineer
655.0,751.0,3.0,889655329.0,F,0.0,50.0,healthcare
360.0,509.0,5.0,880471636.0,M,1.0,35.0,other
87.0,7.0,4.0,881037889.0,M,1.0,42.0,administrator
249.0,748.0,5.0,878972059.0,M,1.0,24.0,student
727.0,855.0,4.0,883762555.0,M,1.0,24.0,student
561.0,195.0,1.0,880395971.0,M,1.0,23.0,engineer
230.0,584.0,5.0,87565653989.0,F,0.0,28.0,student
606.0,511.0,5.0,884292068.0,M,1.0,27.0,programmer
380.0,751.0,3.0,888639975.0,M,1.0,30.0,technician
343.0,514.0,3.0,876403537.0,M,1.0,39.0,engineer
201.0,631.0,3.0,882386209.0,M,1.0,26.0,writer
514.0,603.0,4.0,875733620.0,M,1.0,26.0,programmer
87.0,1051.0,4.0,879875779.0,M,1.0,42.0,administrator
806.0,581.0,4.0,887737338.0,M,1.0,26.0,marketing
298.0,931.0,2.0,892777336.0,M,1.0,39.0,executive
43.0,294.0,3.0,891250232.0,F,0.0,29.0,librarian
87.0,879.0,4.0,879110260.0,F,0.0,38.0,administrator
896.0,516.0,4.0,880145235.0,M,1.0,27.0,student
330.0,929.0,2.0,891199682.0,F,0.0,35.0,educator
409.0,391.0,3.0,883699327.0,M,1.0,42.0,administrator
469.0,118.0,3.0,885941409.0,M,1.0,52.0,retired
710.0,591.0,2.0,878692952.0,M,1.0,22.0,student
655.0,682.0,5.0,884634867.0,F,0.0,50.0,healthcare
615.0,531.0,5.0,875268568.0,M,1.0,34.0,other
573.0,69.0,3.0,888081743.0,M,1.0,39.0,programmer
829.0,8.0,4.0,889908603.0,M,1.0,43.0,librarian
92.0,708.0,5.0,875655866.0,M,1.0,30.0,entertainment
919.0,678.0,3.0,891449785.0,M,1.0,59.0,executive
854.0,578.0,4.0,882345606.0,M,1.0,29.0,student
200.0,872.0,3.0,884121334.0,M,1.0,36.0,programmer
106.0,527.0,1.0,892079840.0,M,1.0,52.0,retired
881.0,954.0,3.0,88412124820.0,M,1.0,39.0,administrator
267.0,546.0,4.0,885048762.0,M,1.0,23.0,engineer
262.0,50.0,4.0,879460354.0,F,0.0,18.0,student
854.0,8.0,3.0,879448604.0,F,0.0,29.0,student
534.0,474.0,3.0,875467543.0,M,1.0,33.0,engineer
393.0,744.0,5.0,891199804.0,M,1.0,43.0,artist
57.0,546.0,2.0,888632785.0,M,1.0,23.0,administrator
361.0,449.0,2.0,879876892.0,M,1.0,20.0,student
751.0,151.0,4.0,875963276.0,F,0.0,24.0,other
12.0,7.0,4.0,880177435.0,F,0.0,46.0,other
897.0,928.0,2.0,875071688.0,M,1.0,28.0,other
279.0,785.0,5.0,875224172.0,M,1.0,31.0,administrator
374.0,11.0,3.0,880603427.0,M,1.0,33.0,executive
305.0,12.0,2.0,886101695.0,M,1.0,23.0,programmer
541.0,603.0,3.0,883364688.0,F,0.0,18.0,student
880.0,50.0,5.0,880178563.0,M,1.0,11.0,student
466.0,9.0,3.0,879441195.0,M,1.0,27.0,administrator
579.0,774.0,5.0,879440107.0,M,1.0,34.0,educator
894.0,684.0,5.0,881059146.0,M,1.0,42.0,administrator
186.0,746.0,3.0,888549630.0,F,0.0,39.0,executive
500.0,554.0,5.0,888541401.0,M,1.0,27.0,administrator
666.0,684.0,2.0,879524279.0,M,1.0,39.0,administrator
934.0,615.0,2.0,882136959.0,M,1.0,53.0,engineer
934.0,578.0,1.0,876534707.0,M,1.0,31.0,engineer
456.0,689.0,3.0,880925861.0,M,1.0,22.0,technician
510.0,847.0,5.0,884368110.0,M,1.0,31.0,other
618.0,8.0,2.0,879192330.0,F,0.0,32.0,librarian
724.0,486.0,1.0,877107700.0,F,0.0,50.0,homemaker
138.0,732.0,4.0,879456500.0,M,1.0,41.0,healthcare
848.0,578.0,5.0,889739537.0,M,1.0,41.0,educator
99.0,111.0,4.0,875216746.0,M,1.0,20.0,student
378.0,9.0,3.0,887737338.0,M,1.0,32.0,student
697.0,515.0,3.0,887911391.0,M,1.0,24.0,other
334.0,521.0,3.0,891545950.0,M,1.0,30.0,librarian
796.0,181.0,5.0,886921977.0,F,0.0,32.0,marketing
435.0,864.0,4.0,882140928.0,M,1.0,23.0,engineer
640.0,276.0,3.0,874730261.0,M,1.0,20.0,student
919.0,845.0,4.0,877383313.0,M,1.0,24.0,other
92.0,705.0,2.0,875341352.0,M,1.0,30.0,entertainment
268.0,98.0,5.0,875982886.0,M,1.0,23.0,scientist
705.0,515.0,4.0,887046268.0,M,1.0,21.0,student
299.0,604.0,2.0,884294520.0,M,1.0,27.0,doctor
796.0,549.0,3.0,875963093.0,M,1.0,32.0,writer
625.0,652.0,4.0,889732660.0,M,1.0,24.0,programmer
280.0,678.0,3.0,878854127.0,F,0.0,30.0,librarian
896.0,719.0,5.0,888068647.0,M,1.0,27.0,writer
851.0,675.0,1.0,877399380.0,M,1.0,18.0,student
58.0,50.0,4.0,879521233.0,M,1.0,26.0,student
13.0,431.0,4.0,889396168.0,M,1.0,42.0,writer
925.0,675.0,4.0,881654856.0,M,1.0,21.0,student
85.0,741.0,3.0,879448206.0,M,1.0,45.0,educator
72.0,521.0,3.0,879446542.0,M,1.0,48.0,administrator
380.0,127.0,4.0,884131713.0,M,1.0,30.0,engineer
887.0,479.0,4.0,885948343.0,F,0.0,20.0,administrator
64.0,9.0,3.0,889122477.0,M,1.0,22.0,student
593.0,661.0,2.0,891698568.0,M,1.0,43.0,librarian
919.0,496.0,5.0,875315025.0,M,1.0,24.0,other
727.0,186.0,4.0,883347943.0,M,1.0,24.0,student
450.0,473.0,4.0,882054053.0,F,0.0,35.0,educator
624.0,181.0,3.0,879549942.0,M,1.0,29.0,student
829.0,851.0,1.0,878972241.0,M,1.0,42.0,librarian
643.0,741.0,4.0,891448002.0,M,1.0,35.0,scientist
618.0,603.0,4.0,881650690.0,F,0.0,11.0,student
463.0,926.0,1.0,882956803.0,M,1.0,27.0,other
655.0,710.0,5.0,877787511.0,F,0.0,50.0,healthcare
254.0,738.0,5.0,891036647.0,M,1.0,39.0,educator
659.0,1049.0,4.0,891385947.0,M,1.0,39.0,educator
838.0,732.0,5.0,889125905.0,M,1.0,39.0,artist
342.0,477.0,3.0,879454987.0,F,0.0,20.0,other
711.0,582.0,3.0,891477532.0,F,0.0,22.0,student
805.0,8.0,3.0,877819365.0,F,0.0,33.0,other
712.0,662.0,5.0,888104486.0,M,1.0,22.0,other
533.0,934.0,3.0,879453681.0,M,1.0,45.0,educator
605.0,708.0,5.0,891033298.0,M,1.0,39.0,educator
363.0,482.0,4.0,888521560.0,M,1.0,18.0,student
489.0,181.0,4.0,874878751.0,M,1.0,27.0,student
666.0,1016.0,5.0,879448863.0,M,1.0,39.0,administrator
870.0,549.0,4.0,888890841.0,M,1.0,22.0,student
650.0,522.0,4.0,892696206.0,M,1.0,38.0,engineer
521.0,7.0,5.0,884642187.0,F,0.0,18.0,student
653.0,1012.0,4.0,888625916.0,M,1.0,33.0,executive
437.0,12.0,4.0,875729233.0,F,0.0,28.0,other
472.0,14.0,4.0,889289123.0,M,1.0,23.0,student
537.0,461.0,3.0,884036707.0,F,0.0,33.0,student
128.0,523.0,5.0,886608819.0,F,0.0,37.0,marketing
269.0,462.0,5.0,891496545.0,F,0.0,31.0,librarian
795.0,476.0,4.0,876403522.0,M,1.0,28.0,programmer
847.0,476.0,2.0,879571706.0,M,1.0,20.0,student
716.0,751.0,1.0,879444424.0,M,1.0,30.0,administrator
301.0,682.0,4.0,885870665.0,M,1.0,23.0,student
387.0,14.0,4.0,877887512.0,M,1.0,31.0,entertainment
796.0,603.0,4.0,879440727.0,F,0.0,37.0,writer
453.0,7.0,5.0,882386689.0,M,1.0,18.0,other
198.0,288.0,5.0,882677975.0,F,0.0,36.0,student
846.0,631.0,2.0,880924180.0,M,1.0,26.0,doctor
255.0,523.0,4.0,883216358.0,M,1.0,23.0,entertainment
321.0,774.0,4.0,879485184.0,F,0.0,49.0,educator
59.0,969.0,3.0,881649191.0,M,1.0,43.0,educator
786.0,12.0,5.0,887052187.0,M,1.0,26.0,engineer
840.0,333.0,5.0,876513610.0,M,1.0,35.0,artist
293.0,924.0,5.0,879446306.0,M,1.0,31.0,writer
588.0,288.0,4.0,879949594.0,M,1.0,21.0,lawyer
118.0,684.0,4.0,879544020.0,M,1.0,28.0,administrator
854.0,1092.0,2.0,879460249.0,M,1.0,22.0,student
409.0,489.0,4.0,880134333.0,M,1.0,42.0,administrator
588.0,333.0,4.0,885848584.0,F,0.0,17.0,student
201.0,7.0,3.0,889654522.0,M,1.0,26.0,writer
737.0,258.0,2.0,875962714.0,M,1.0,18.0,other
222.0,477.0,3.0,875216978.0,M,1.0,27.0,programmer
279.0,300.0,4.0,875254866.0,M,1.0,31.0,writer
417.0,662.0,5.0,878181830.0,M,1.0,27.0,other
363.0,748.0,5.0,879191300.0,M,1.0,20.0,student
256.0,585.0,5.0,875037803.0,F,0.0,35.0,none
497.0,1028.0,1.0,879361662.0,M,1.0,20.0,student
901.0,434.0,3.0,884305220.0,M,1.0,35.0,executive
557.0,588.0,4.0,879543973.0,M,1.0,31.0,educator
798.0,856.0,3.0,875304569.0,F,0.0,40.0,writer
374.0,1145.0,4.0,880405692.0,M,1.0,33.0,executive
374.0,237.0,2.0,879875724.0,M,1.0,33.0,executive
694.0,11.0,5.0,879818447.0,M,1.0,42.0,educator
308.0,847.0,4.0,887744210.0,M,1.0,52.0,retired
871.0,473.0,3.0,879486893.0,M,1.0,54.0,executive
393.0,1045.0,4.0,880952278.0,M,1.0,24.0,engineer
290.0,744.0,3.0,880844123.0,M,1.0,36.0,engineer
234.0,300.0,3.0,892079767.0,M,1.0,52.0,retired
643.0,696.0,2.0,874874802.0,M,1.0,27.0,scientist
130.0,9.0,2.0,877553411.0,F,0.0,20.0,none
930.0,1290.0,5.0,879377046.0,M,1.0,28.0,scientist
708.0,79.0,4.0,883326425.0,F,0.0,26.0,other
891.0,1215.0,5.0,891204509.0,F,0.0,51.0,administrator
437.0,865.0,3.0,875654054.0,F,0.0,27.0,other
222.0,12.0,5.0,878856038.0,M,1.0,27.0,programmer
864.0,566.0,3.0,884291783.0,M,1.0,26.0,programmer
6.0,1188.0,3.0,891547961.0,M,1.0,38.0,executive
207.0,1136.0,5.0,888068842.0,M,1.0,35.0,marketing
7.0,489.0,3.0,878869889.0,M,1.0,50.0,administrator
59.0,294.0,4.0,885428401.0,M,1.0,34.0,librarian
834.0,549.0,4.0,882157426.0,F,0.0,32.0,librarian
311.0,687.0,2.0,884140953.0,M,1.0,30.0,administrator
311.0,662.0,4.0,882359174.0,M,1.0,42.0,technician
871.0,463.0,4.0,875310888.0,M,1.0,23.0,other
839.0,596.0,4.0,888069330.0,F,0.0,24.0,writer
399.0,82.0,1.0,882385294.0,M,1.0,24.0,other
276.0,748.0,4.0,882077052.0,M,1.0,21.0,student
634.0,12.0,5.0,889180792.0,F,0.0,5.0,student
822.0,48.0,5.0,878979948.0,F,0.0,24.0,artist
334.0,523.0,5.0,891248967.0,F,0.0,30.0,librarian
707.0,100.0,5.0,891033284.0,F,0.0,56.0,librarian
456.0,732.0,5.0,883877071.0,M,1.0,23.0,technician
450.0,11.0,3.0,882387164.0,F,0.0,35.0,educator
286.0,50.0,3.0,891449879.0,F,0.0,26.0,librarian
610.0,873.0,2.0,879441482.0,M,1.0,20.0,student
232.0,778.0,3.0,889907426.0,M,1.0,40.0,scientist
93.0,514.0,5.0,891371155.0,M,1.0,42.0,administrator
18.0,1041.0,4.0,884150320.0,F,0.0,35.0,other
532.0,684.0,3.0,889179478.0,M,1.0,20.0,student
618.0,685.0,3.0,877386936.0,F,0.0,21.0,other
707.0,815.0,1.0,874873149.0,F,0.0,25.0,healthcare
92.0,841.0,4.0,875654974.0,M,1.0,30.0,entertainment
923.0,10.0,3.0,891387066.0,F,0.0,52.0,educator
783.0,511.0,2.0,891192685.0,M,1.0,32.0,librarian
561.0,587.0,3.0,874787017.0,M,1.0,23.0,student
682.0,405.0,5.0,884534277.0,M,1.0,23.0,programmer
588.0,889.0,5.0,885042553.0,F,0.0,16.0,none
405.0,651.0,5.0,884123872.0,F,0.0,22.0,student
847.0,1073.0,1.0,882426860.0,M,1.0,21.0,lawyer
889.0,932.0,5.0,882387164.0,M,1.0,23.0,technician
919.0,880.0,4.0,877888912.0,M,1.0,24.0,other
671.0,863.0,2.0,888179647.0,M,1.0,17.0,programmer
311.0,482.0,4.0,880134538.0,M,1.0,42.0,technician
293.0,692.0,3.0,888905086.0,M,1.0,23.0,writer
880.0,514.0,3.0,880777167.0,M,1.0,11.0,student
387.0,38.0,3.0,888906834.0,M,1.0,29.0,entertainment
123.0,8.0,5.0,875039100.0,F,0.0,30.0,artist
733.0,675.0,3.0,875964585.0,M,1.0,31.0,other
472.0,697.0,3.0,875971668.0,M,1.0,23.0,student
276.0,566.0,3.0,878849960.0,M,1.0,21.0,programmer
277.0,810.0,4.0,879467041.0,F,0.0,33.0,administrator
244.0,782.0,3.0,880777167.0,M,1.0,27.0,technician
42.0,678.0,4.0,880581784.0,M,1.0,28.0,administrator
85.0,549.0,3.0,879444861.0,M,1.0,45.0,artist
334.0,1101.0,4.0,891544793.0,M,1.0,30.0,librarian
921.0,685.0,3.0,888103786.0,F,0.0,20.0,student
303.0,684.0,4.0,879455164.0,M,1.0,18.0,student
532.0,528.0,4.0,875124037.0,M,1.0,20.0,student
391.0,823.0,1.0,877399618.0,M,1.0,23.0,student
862.0,5.0,4.0,880178019.0,M,1.0,25.0,executive
186.0,588.0,4.0,879544079.0,M,1.0,33.0,executive
843.0,748.0,4.0,879461538.0,M,1.0,32.0,librarian
790.0,841.0,3.0,885870284.0,M,1.0,26.0,engineer
864.0,28.0,2.0,875324190.0,M,1.0,26.0,programmer
790.0,1047.0,1.0,885479057.0,M,1.0,28.0,technician
5.0,1167.0,4.0,891036192.0,M,1.0,38.0,other
498.0,439.0,5.0,880242416.0,M,1.0,20.0,student
588.0,805.0,5.0,874948889.0,F,0.0,17.0,student
442.0,741.0,5.0,885599135.0,M,1.0,22.0,student
244.0,1041.0,4.0,879547892.0,M,1.0,34.0,homemaker
270.0,631.0,3.0,876534707.0,M,1.0,17.0,student
886.0,12.0,4.0,879876837.0,M,1.0,20.0,student
13.0,732.0,3.0,879466159.0,M,1.0,42.0,educator
486.0,656.0,4.0,879442287.0,M,1.0,35.0,educator
54.0,1101.0,3.0,888066705.0,M,1.0,25.0,executive
479.0,476.0,4.0,879442835.0,M,1.0,28.0,educator
144.0,648.0,4.0,884066979.0,M,1.0,46.0,programmer
72.0,566.0,4.0,885048792.0,F,0.0,48.0,administrator
797.0,865.0,5.0,880394053.0,M,1.0,27.0,other
343.0,691.0,4.0,876404597.0,M,1.0,39.0,engineer
298.0,22.0,4.0,879440211.0,M,1.0,39.0,executive
194.0,546.0,4.0,879875430.0,M,1.0,35.0,administrator
342.0,693.0,4.0,874953231.0,F,0.0,25.0,other
883.0,969.0,4.0,891372148.0,F,0.0,43.0,librarian
207.0,678.0,4.0,880333446.0,M,1.0,23.0,marketing
653.0,969.0,3.0,887912462.0,M,1.0,29.0,executive
557.0,1013.0,5.0,889739319.0,F,0.0,17.0,artist
648.0,561.0,4.0,885848448.0,M,1.0,39.0,engineer
7.0,826.0,4.0,891384357.0,M,1.0,50.0,administrator
699.0,827.0,5.0,888802319.0,F,0.0,39.0,other
357.0,895.0,2.0,888451658.0,M,1.0,25.0,executive
276.0,286.0,4.0,884291665.0,M,1.0,21.0,student
360.0,527.0,4.0,879454927.0,M,1.0,45.0,other
901.0,686.0,3.0,880126162.0,M,1.0,25.0,other
500.0,763.0,4.0,879452628.0,M,1.0,27.0,administrator
328.0,649.0,4.0,885045245.0,M,1.0,45.0,administrator
649.0,8.0,3.0,884111038.0,M,1.0,39.0,executive
692.0,9.0,3.0,885690513.0,M,1.0,24.0,programmer
313.0,589.0,4.0,881107528.0,M,1.0,31.0,marketing
524.0,195.0,5.0,888081947.0,M,1.0,49.0,educator
450.0,216.0,5.0,880135157.0,F,0.0,35.0,educator
279.0,7.0,4.0,875509871.0,M,1.0,31.0,programmer
670.0,286.0,4.0,888803979.0,M,1.0,23.0,technician
92.0,685.0,4.0,875654728.0,M,1.0,30.0,entertainment
116.0,471.0,2.0,880004789.0,F,0.0,36.0,healthcare
95.0,649.0,3.0,879874857.0,M,1.0,29.0,administrator
540.0,463.0,4.0,885809319.0,M,1.0,27.0,engineer
798.0,628.0,4.0,885690342.0,F,0.0,40.0,writer
160.0,763.0,3.0,884635067.0,M,1.0,26.0,programmer
670.0,431.0,4.0,879518715.0,M,1.0,28.0,technician
592.0,527.0,2.0,875651878.0,M,1.0,18.0,student
863.0,631.0,3.0,874785105.0,M,1.0,20.0,student
870.0,597.0,4.0,877399486.0,M,1.0,22.0,student
729.0,8.0,2.0,885849089.0,M,1.0,18.0,student
940.0,517.0,4.0,879875774.0,M,1.0,30.0,administrator
125.0,683.0,4.0,879440151.0,M,1.0,42.0,lawyer
393.0,584.0,3.0,889731703.0,M,1.0,18.0,student
569.0,1047.0,5.0,881958447.0,M,1.0,31.0,educator
542.0,9.0,3.0,891205434.0,M,1.0,20.0,student
336.0,854.0,4.0,891199297.0,M,1.0,42.0,salesman
825.0,653.0,5.0,876345492.0,M,1.0,39.0,engineer
533.0,671.0,5.0,885870115.0,M,1.0,39.0,engineer
435.0,654.0,3.0,884305295.0,M,1.0,30.0,engineer
561.0,516.0,5.0,875662292.0,M,1.0,24.0,writer
308.0,558.0,4.0,887744208.0,M,1.0,52.0,retired
712.0,929.0,4.0,875981874.0,M,1.0,26.0,programmer
666.0,568.0,3.0,880134905.0,M,1.0,39.0,executive
486.0,588.0,4.0,887911850.0,M,1.0,45.0,educator
805.0,969.0,5.0,879013971.0,F,0.0,27.0,student
484.0,863.0,3.0,881976335.0,M,1.0,26.0,student
619.0,511.0,4.0,887744328.0,M,1.0,18.0,student
804.0,100.0,5.0,879435598.0,M,1.0,35.0,educator
878.0,566.0,4.0,880044642.0,F,0.0,27.0,educator
851.0,519.0,3.0,879532541.0,M,1.0,35.0,other
748.0,810.0,2.0,885544782.0,M,1.0,26.0,administrator
151.0,748.0,4.0,879221491.0,F,0.0,38.0,administrator
269.0,609.0,3.0,891310150.0,F,0.0,31.0,librarian
751.0,568.0,2.0,891699655.0,M,1.0,24.0,other
463.0,506.0,4.0,874965952.0,M,1.0,36.0,healthcare
934.0,705.0,4.0,875348804.0,M,1.0,53.0,engineer
87.0,431.0,3.0,879442441.0,M,1.0,42.0,administrator
612.0,568.0,4.0,892687470.0,F,0.0,35.0,educator
724.0,4.0,3.0,89169865560.0,M,1.0,38.0,executive
648.0,688.0,3.0,884326461.0,M,1.0,39.0,engineer
851.0,515.0,4.0,891387490.0,M,1.0,34.0,librarian
682.0,237.0,5.0,888479484.0,M,1.0,23.0,programmer
345.0,844.0,5.0,879363591.0,F,0.0,28.0,librarian
110.0,856.0,4.0,880571649.0,M,1.0,22.0,student
1.0,984.0,3.0,884149411.0,M,1.0,30.0,technician
847.0,541.0,3.0,874864188.0,M,1.0,27.0,student
716.0,566.0,3.0,880392737.0,M,1.0,36.0,administrator
392.0,127.0,4.0,891545459.0,M,1.0,46.0,homemaker
31.0,815.0,4.0,875935610.0,M,1.0,23.0,artist
903.0,117.0,4.0,880607154.0,M,1.0,27.0,other
455.0,531.0,5.0,885048333.0,M,1.0,42.0,administrator
468.0,971.0,3.0,876537106.0,M,1.0,27.0,engineer
468.0,1012.0,4.0,887745307.0,M,1.0,27.0,student
279.0,1028.0,5.0,885804719.0,M,1.0,31.0,programmer
251.0,935.0,4.0,879446268.0,M,1.0,27.0,doctor
174.0,715.0,2.0,877103971.0,F,0.0,30.0,student
758.0,498.0,3.0,882318647.0,M,1.0,26.0,student
393.0,628.0,5.0,882607986.0,M,1.0,18.0,student
862.0,1079.0,4.0,879448155.0,M,1.0,24.0,executive
10.0,628.0,3.0,879440106.0,M,1.0,46.0,lawyer
486.0,1067.0,3.0,879459701.0,M,1.0,35.0,educator
499.0,405.0,3.0,882399522.0,M,1.0,34.0,programmer
603.0,988.0,4.0,879547218.0,M,1.0,35.0,other
712.0,751.0,4.0,886101937.0,M,1.0,22.0,student
894.0,724.0,3.0,883570307.0,M,1.0,42.0,educator
815.0,742.0,4.0,880353620.0,M,1.0,27.0,other
503.0,880.0,3.0,888639717.0,F,0.0,50.0,writer
554.0,172.0,4.0,892697152.0,M,1.0,40.0,other
896.0,628.0,4.0,891385836.0,M,1.0,27.0,writer
682.0,981.0,4.0,884323522.0,M,1.0,21.0,programmer
296.0,1028.0,3.0,891035062.0,M,1.0,43.0,administrator
590.0,496.0,3.0,891208457.0,M,1.0,59.0,retired
797.0,789.0,2.0,880144446.0,M,1.0,25.0,other
393.0,696.0,2.0,889179487.0,M,1.0,18.0,student
13.0,605.0,4.0,879539953.0,F,0.0,42.0,educator
591.0,476.0,4.0,883130072.0,M,1.0,59.0,librarian
847.0,690.0,4.0,883948002.0,M,1.0,42.0,administrator
738.0,831.0,3.0,885809157.0,M,1.0,32.0,technician
468.0,519.0,4.0,875134072.0,M,1.0,27.0,engineer
568.0,522.0,3.0,879446748.0,M,1.0,35.0,educator
823.0,1038.0,4.0,878439498.0,M,1.0,26.0,artist
130.0,1028.0,2.0,883835082.0,F,0.0,16.0,none
847.0,792.0,5.0,888104281.0,M,1.0,27.0,student
1.0,710.0,3.0,874785247.0,M,1.0,30.0,technician
405.0,661.0,5.0,884316915.0,F,0.0,22.0,healthcare
788.0,121.0,3.0,879191348.0,M,1.0,31.0,administrator
346.0,127.0,4.0,874948252.0,M,1.0,31.0,other
591.0,881.0,3.0,880177785.0,F,0.0,18.0,student
160.0,829.0,3.0,886833794.0,M,1.0,26.0,programmer
881.0,15.0,4.0,874948656.0,M,1.0,35.0,marketing
416.0,513.0,2.0,891495001.0,F,0.0,20.0,student
10.0,689.0,2.0,877387713.0,M,1.0,46.0,lawyer
774.0,7.0,3.0,888705918.0,M,1.0,26.0,student
343.0,431.0,4.0,885847919.0,M,1.0,39.0,engineer
110.0,678.0,4.0,880139220.0,M,1.0,18.0,student
591.0,527.0,1.0,889241572.0,F,0.0,44.0,writer
874.0,748.0,3.0,891304513.0,M,1.0,27.0,scientist
57.0,740.0,4.0,880046363.0,M,1.0,16.0,none
394.0,934.0,4.0,891208265.0,M,1.0,24.0,administrator
303.0,1009.0,4.0,879563383.0,M,1.0,18.0,student
568.0,742.0,4.0,879455150.0,M,1.0,34.0,librarian
846.0,588.0,4.0,883327442.0,M,1.0,27.0,lawyer
650.0,151.0,4.0,891014393.0,M,1.0,36.0,engineer
627.0,511.0,5.0,882385226.0,M,1.0,23.0,engineer
313.0,174.0,4.0,891195676.0,M,1.0,37.0,marketing
301.0,111.0,5.0,889125479.0,M,1.0,23.0,student
70.0,871.0,4.0,884131789.0,M,1.0,26.0,engineer
95.0,833.0,1.0,886482854.0,M,1.0,29.0,artist
230.0,945.0,1.0,880332902.0,F,0.0,26.0,student
357.0,11.0,4.0,875652988.0,M,1.0,33.0,executive
42.0,483.0,4.0,880386075.0,M,1.0,28.0,administrator
669.0,653.0,4.0,891723706.0,M,1.0,59.0,librarian
523.0,583.0,2.0,891045410.0,F,0.0,56.0,librarian
291.0,662.0,1.0,87482798.0,M,1.0,18.0,student
486.0,845.0,3.0,879454950.0,M,1.0,35.0,educator
25.0,127.0,3.0,877755716.0,M,1.0,35.0,engineer
455.0,880.0,4.0,878919206.0,M,1.0,42.0,administrator
87.0,682.0,4.0,879110544.0,M,1.0,42.0,administrator
592.0,1.0,5.0,884314881.0,M,1.0,22.0,student
233.0,554.0,3.0,887039180.0,M,1.0,35.0,engineer
607.0,7.0,3.0,8899096671.0,F,0.0,41.0,healthcare
569.0,566.0,3.0,879444766.0,M,1.0,34.0,librarian
158.0,186.0,1.0,883628790.0,M,1.0,44.0,educator
682.0,9.0,3.0,881432626.0,M,1.0,23.0,engineer
593.0,15.0,2.0,880475030.0,M,1.0,31.0,educator
144.0,541.0,3.0,884036464.0,M,1.0,46.0,programmer
426.0,294.0,5.0,879461662.0,M,1.0,48.0,administrator
387.0,727.0,4.0,879456695.0,M,1.0,37.0,marketing
145.0,472.0,5.0,877719206.0,M,1.0,29.0,entertainment
889.0,56.0,2.0,880176770.0,M,1.0,23.0,technician
39.0,8.0,5.0,891498352.0,M,1.0,18.0,student
495.0,847.0,3.0,884131938.0,M,1.0,27.0,engineer
593.0,186.0,4.0,875124879.0,M,1.0,31.0,educator
308.0,810.0,4.0,887746207.0,M,1.0,52.0,retired
664.0,879.0,3.0,880932049.0,M,1.0,27.0,programmer
577.0,582.0,4.0,879442901.0,F,0.0,46.0,educator
193.0,7.0,2.0,889731317.0,M,1.0,27.0,student
346.0,715.0,3.0,877743743.0,M,1.0,31.0,other
16.0,876.0,1.0,874950931.0,M,1.0,21.0,other
201.0,662.0,3.0,884304522.0,M,1.0,26.0,writer
896.0,1273.0,3.0,879874864.0,M,1.0,27.0,educator
334.0,96.0,3.0,891548470.0,F,0.0,30.0,librarian
896.0,931.0,4.0,887160689.0,M,1.0,37.0,writer
393.0,547.0,5.0,882955371.0,M,1.0,18.0,student
159.0,582.0,3.0,88695921577.0,M,1.0,26.0,student
422.0,696.0,5.0,888632448.0,M,1.0,25.0,entertainment
823.0,222.0,3.0,878847100.0,M,1.0,28.0,artist
222.0,526.0,2.0,878690715.0,M,1.0,27.0,programmer
648.0,485.0,3.0,891385935.0,M,1.0,39.0,engineer
907.0,751.0,3.0,879516984.0,F,0.0,25.0,other
747.0,845.0,5.0,875311053.0,M,1.0,18.0,other
524.0,631.0,3.0,879466604.0,M,1.0,50.0,educator
311.0,14.0,5.0,888465135.0,M,1.0,30.0,technician
173.0,611.0,4.0,879366220.0,M,1.0,37.0,other
837.0,393.0,3.0,884036482.0,F,0.0,33.0,other
615.0,1.0,3.0,888632147.0,M,1.0,35.0,educator
425.0,678.0,4.0,879461738.0,M,1.0,18.0,student
881.0,655.0,5.0,879365169.0,M,1.0,35.0,marketing
707.0,8.0,4.0,891207940.0,F,0.0,56.0,librarian
254.0,678.0,4.0,87789747545.0,M,1.0,39.0,educator
346.0,755.0,4.0,874965164.0,M,1.0,31.0,other
543.0,762.0,4.0,880926596.0,M,1.0,40.0,scientist
798.0,846.0,4.0,879444546.0,F,0.0,42.0,writer
823.0,269.0,4.0,875272952.0,F,0.0,27.0,artist
363.0,609.0,4.0,891449356.0,M,1.0,20.0,student
870.0,949.0,1.0,881450810.0,M,1.0,22.0,student
279.0,697.0,5.0,878951984.0,M,1.0,31.0,programmer
457.0,1045.0,3.0,881957434.0,F,0.0,33.0,salesman
905.0,9.0,3.0,880313681.0,M,1.0,26.0,other
31.0,523.0,4.0,876453611.0,M,1.0,23.0,artist
532.0,661.0,4.0,888068811.0,M,1.0,20.0,student
13.0,690.0,4.0,881654208.0,M,1.0,42.0,educator
653.0,762.0,4.0,879366089.0,M,1.0,29.0,administrator
85.0,484.0,4.0,886131904.0,M,1.0,45.0,educator
450.0,746.0,5.0,879532701.0,F,0.0,35.0,educator
393.0,1028.0,3.0,883388281.0,M,1.0,18.0,student
536.0,56.0,3.0,882397146.0,M,1.0,35.0,engineer
709.0,582.0,1.0,891478429.0,M,1.0,21.0,librarian
99.0,434.0,3.0,883599310.0,M,1.0,20.0,student
666.0,14.0,4.0,882340543.0,M,1.0,39.0,administrator
552.0,127.0,5.0,891547301.0,M,1.0,25.0,writer
697.0,69.0,3.0,883668352.0,M,1.0,26.0,other
447.0,118.0,3.0,885045774.0,M,1.0,28.0,administrator
758.0,585.0,4.0,875318041.0,M,1.0,26.0,student
407.0,100.0,5.0,885844416.0,M,1.0,27.0,engineer
659.0,118.0,4.0,885599378.0,M,1.0,33.0,educator
757.0,15.0,4.0,874786950.0,M,1.0,25.0,student
445.0,748.0,3.0,888636603.0,M,1.0,21.0,writer
295.0,762.0,4.0,879443297.0,M,1.0,29.0,educator
707.0,97.0,3.0,885159739.0,F,0.0,56.0,librarian
514.0,995.0,2.0,888104586.0,M,1.0,18.0,student
87.0,288.0,5.0,881107375.0,M,1.0,42.0,administrator
653.0,15.0,5.0,880124296.0,M,1.0,29.0,executive
843.0,892.0,5.0,879446186.0,M,1.0,32.0,librarian
194.0,582.0,4.0,879366086.0,M,1.0,30.0,administrator
716.0,523.0,4.0,879310792.0,F,0.0,36.0,administrator
922.0,754.0,4.0,880139090.0,F,0.0,24.0,administrator
901.0,7.0,3.0,884752566.0,M,1.0,28.0,other
905.0,461.0,3.0,875124923.0,F,0.0,27.0,other
843.0,662.0,4.0,879444400.0,M,1.0,32.0,librarian
862.0,527.0,3.0,877103732.0,M,1.0,24.0,executive
457.0,269.0,4.0,877889389.0,F,0.0,32.0,salesman
405.0,639.0,3.0,888702991.0,F,0.0,22.0,student
71.0,651.0,3.0,879191440.0,M,1.0,35.0,scientist
943.0,514.0,4.0,887819582.0,M,1.0,24.0,student
476.0,204.0,4.0,883698004.0,M,1.0,33.0,executive
268.0,210.0,2.0,884646191.0,M,1.0,23.0,engineer
447.0,604.0,2.0,881170222.0,M,1.0,28.0,administrator
130.0,662.0,2.0,883216047.0,M,1.0,20.0,none
387.0,477.0,3.0,886480325.0,M,1.0,31.0,entertainment
721.0,1033.0,4.0,885682858.0,M,1.0,24.0,artist
491.0,924.0,2.0,887736408.0,M,1.0,22.0,student
486.0,423.0,5.0,879799936.0,M,1.0,35.0,educator
773.0,9.0,4.0,880587502.0,M,1.0,20.0,student
896.0,716.0,3.0,875680448.0,M,1.0,27.0,writer
801.0,9.0,5.0,877756792.0,M,1.0,22.0,other
913.0,15.0,2.0,888069636.0,M,1.0,26.0,student
361.0,1211.0,5.0,879444031.0,M,1.0,20.0,student
932.0,9.0,4.0,886443480.0,M,1.0,50.0,educator
308.0,471.0,4.0,884496419.0,M,1.0,52.0,retired
130.0,474.0,3.0,880044813.0,M,1.0,20.0,none
514.0,5.0,3.0,891462829.0,M,1.0,26.0,programmer
880.0,831.0,4.0,880572749.0,M,1.0,42.0,other
339.0,823.0,4.0,879111097.0,M,1.0,32.0,salesman
887.0,687.0,4.0,880134296.0,F,0.0,10.0,student
201.0,577.0,4.0,884131589.0,M,1.0,26.0,writer
660.0,498.0,5.0,889782251.0,F,0.0,25.0,student
286.0,607.0,4.0,881251842.0,M,1.0,26.0,student
251.0,11.0,5.0,884131048.0,M,1.0,27.0,doctor
145.0,56.0,5.0,876859886.0,M,1.0,29.0,entertainment
11.0,1059.0,3.0,891723706.0,M,1.0,38.0,other
339.0,515.0,3.0,880571045.0,M,1.0,32.0,lawyer
773.0,11.0,3.0,889731417.0,M,1.0,25.0,student
668.0,300.0,4.0,882904531.0,M,1.0,28.0,administrator
83.0,258.0,3.0,891478529.0,M,1.0,34.0,programmer
374.0,692.0,3.0,888890685.0,M,1.0,33.0,executive
452.0,732.0,4.0,889388166.0,M,1.0,32.0,educator
510.0,1047.0,3.0,888067164.0,M,1.0,23.0,other
85.0,15.0,2.0,880587773.0,M,1.0,35.0,educator
429.0,472.0,4.0,882385545.0,M,1.0,26.0,student
308.0,605.0,5.0,885921899.0,M,1.0,52.0,retired
279.0,651.0,4.0,875280352.0,F,0.0,31.0,programmer
697.0,685.0,4.0,891217834.0,F,0.0,48.0,other
514.0,181.0,4.0,879544022.0,M,1.0,44.0,educator
13.0,12.0,5.0,879445334.0,M,1.0,42.0,educator
94.0,11.0,3.0,887736742.0,M,1.0,25.0,student
774.0,746.0,4.0,880236075.0,M,1.0,28.0,student
825.0,742.0,4.0,879539962.0,M,1.0,40.0,engineer
634.0,9.0,3.0,875350804.0,M,1.0,35.0,engineer
401.0,751.0,5.0,889739586.0,F,0.0,46.0,healthcare
216.0,527.0,4.0,884368538.0,M,1.0,22.0,engineer
429.0,944.0,4.0,881374606.0,M,1.0,26.0,student
145.0,689.0,3.0,877727790.0,M,1.0,29.0,entertainment
388.0,127.0,4.0,881515761.0,M,1.0,30.0,other
708.0,127.0,5.0,888104126.0,F,0.0,56.0,librarian
200.0,461.0,3.0,884111072.0,M,1.0,36.0,programmer
648.0,558.0,3.0,885048666.0,M,1.0,39.0,engineer
889.0,591.0,1.0,888908092.0,M,1.0,23.0,technician
201.0,919.0,5.0,878739527.0,M,1.0,24.0,writer
455.0,845.0,5.0,879384471.0,M,1.0,42.0,administrator
851.0,1237.0,4.0,891699655.0,F,0.0,24.0,other
638.0,774.0,3.0,891016869.0,M,1.0,33.0,engineer
747.0,528.0,3.0,880332064.0,M,1.0,18.0,other
221.0,516.0,4.0,875984489.0,M,1.0,18.0,student
426.0,588.0,3.0,879444837.0,M,1.0,48.0,educator
85.0,715.0,2.0,879454962.0,M,1.0,45.0,executive
269.0,705.0,3.0,891544454.0,F,0.0,31.0,librarian
568.0,7.0,3.0,889737771.0,M,1.0,35.0,educator
796.0,948.0,4.0,874831213.0,M,1.0,32.0,writer
363.0,521.0,4.0,877487653.0,M,1.0,20.0,student
627.0,827.0,5.0,886272660.0,M,1.0,23.0,engineer
458.0,846.0,3.0,884130147.0,M,1.0,32.0,technician
682.0,709.0,5.0,891385079.0,M,1.0,23.0,programmer
514.0,531.0,4.0,879873971.0,F,0.0,35.0,educator
315.0,731.0,4.0,879222441.0,M,1.0,29.0,educator
253.0,705.0,3.0,891479374.0,M,1.0,26.0,librarian
684.0,8.0,3.0,888631951.0,M,1.0,25.0,other
210.0,7.0,5.0,877399618.0,M,1.0,35.0,engineer
588.0,210.0,4.0,883390609.0,M,1.0,20.0,student
456.0,879.0,2.0,882075497.0,M,1.0,23.0,technician
255.0,671.0,5.0,886480206.0,M,1.0,23.0,entertainment
424.0,173.0,4.0,879440196.0,F,0.0,35.0,marketing
426.0,300.0,4.0,879461340.0,M,1.0,48.0,educator
287.0,588.0,2.0,886921606.0,M,1.0,32.0,salesman
378.0,679.0,3.0,8857739918.0,M,1.0,32.0,student
758.0,652.0,5.0,880242260.0,M,1.0,21.0,student
561.0,603.0,5.0,884140748.0,M,1.0,23.0,engineer
630.0,381.0,2.0,880044642.0,F,0.0,26.0,healthcare
291.0,582.0,5.0,879446469.0,M,1.0,18.0,student
889.0,879.0,2.0,879524582.0,M,1.0,23.0,technician
922.0,1054.0,4.0,891353653.0,F,0.0,48.0,librarian
551.0,696.0,5.0,892871243.0,M,1.0,24.0,programmer
407.0,692.0,5.0,878347411.0,M,1.0,27.0,engineer
943.0,134.0,4.0,887730227.0,M,1.0,26.0,student
481.0,968.0,3.0,884490400.0,M,1.0,56.0,retired
125.0,468.0,4.0,884131485.0,M,1.0,28.0,lawyer
536.0,7.0,4.0,885455029.0,M,1.0,35.0,engineer
346.0,333.0,5.0,879444491.0,M,1.0,31.0,other
823.0,191.0,2.0,884112648.0,M,1.0,26.0,artist
327.0,923.0,4.0,887738266.0,M,1.0,22.0,student
327.0,1217.0,4.0,887736743.0,M,1.0,22.0,student
896.0,675.0,4.0,875303332.0,M,1.0,27.0,writer
535.0,1012.0,4.0,879877433.0,M,1.0,45.0,educator
200.0,741.0,3.0,879444413.0,M,1.0,36.0,programmer
464.0,568.0,5.0,889181047.0,M,1.0,26.0,healthcare
486.0,9.0,4.0,879448604.0,M,1.0,35.0,educator
194.0,473.0,4.0,879523581.0,M,1.0,30.0,administrator
707.0,496.0,1.0,879848551.0,F,0.0,56.0,librarian
786.0,746.0,2.0,891217834.0,M,1.0,20.0,student
751.0,597.0,3.0,875143886.0,M,1.0,24.0,other
823.0,1048.0,3.0,883710395.0,M,1.0,31.0,entertainment
840.0,98.0,4.0,891251199.0,M,1.0,35.0,artist
85.0,752.0,5.0,879518630.0,M,1.0,45.0,marketing
741.0,693.0,4.0,879957173.0,F,0.0,27.0,librarian
527.0,596.0,3.0,885807930.0,M,1.0,31.0,other
442.0,823.0,4.0,881373900.0,M,1.0,22.0,student
206.0,686.0,4.0,884372555.0,F,0.0,36.0,student
184.0,761.0,3.0,884291258.0,M,1.0,34.0,librarian
422.0,10.0,3.0,889323166.0,M,1.0,27.0,entertainment
883.0,885.0,3.0,892697713.0,M,1.0,43.0,librarian
406.0,1014.0,3.0,886272260.0,M,1.0,46.0,educator
95.0,517.0,4.0,879442238.0,M,1.0,28.0,administrator
95.0,741.0,3.0,881107155.0,M,1.0,29.0,administrator
750.0,946.0,2.0,878962614.0,M,1.0,27.0,executive
782.0,546.0,4.0,891456432.0,M,1.0,21.0,artist
892.0,1224.0,3.0,877807461.0,M,1.0,33.0,other
500.0,13.0,5.0,883870082.0,M,1.0,27.0,administrator
775.0,845.0,2.0,877107773.0,M,1.0,22.0,technician
267.0,431.0,4.0,879874971.0,M,1.0,23.0,engineer
745.0,546.0,4.0,889054770.0,M,1.0,29.0,student
524.0,905.0,4.0,887938760.0,M,1.0,49.0,educator
676.0,603.0,3.0,878856262.0,M,1.0,28.0,writer
234.0,449.0,2.0,892335781.0,M,1.0,52.0,retired
347.0,1069.0,2.0,888066705.0,M,1.0,18.0,student
311.0,628.0,3.0,884131958.0,M,1.0,30.0,technician
210.0,100.0,4.0,8866058897.0,M,1.0,35.0,programmer
42.0,495.0,3.0,891038403.0,M,1.0,28.0,librarian
715.0,527.0,3.0,875962200.0,M,1.0,21.0,technician
303.0,568.0,5.0,887731308.0,M,1.0,18.0,student
374.0,627.0,5.0,880581524.0,M,1.0,33.0,executive
843.0,521.0,3.0,891384606.0,M,1.0,32.0,librarian
298.0,515.0,4.0,885678948.0,M,1.0,39.0,executive
892.0,972.0,2.0,879442783.0,M,1.0,33.0,administrator
566.0,478.0,5.0,881649678.0,M,1.0,27.0,student
815.0,795.0,3.0,879441442.0,M,1.0,30.0,other
145.0,603.0,5.0,875653850.0,M,1.0,29.0,entertainment
332.0,686.0,3.0,881060611.0,M,1.0,20.0,student
256.0,477.0,3.0,876013398.0,F,0.0,35.0,none
125.0,1042.0,4.0,884126077.0,M,1.0,28.0,lawyer
727.0,658.0,3.0,883767476.0,M,1.0,24.0,student
744.0,11.0,4.0,877103971.0,M,1.0,29.0,entertainment
839.0,973.0,5.0,884292023.0,M,1.0,32.0,writer
524.0,197.0,4.0,880607154.0,M,1.0,49.0,educator
679.0,811.0,4.0,879035599.0,M,1.0,31.0,educator
833.0,607.0,2.0,880130427.0,M,1.0,31.0,other
103.0,519.0,5.0,878963218.0,M,1.0,22.0,student
516.0,12.0,5.0,879876344.0,F,0.0,50.0,educator
615.0,697.0,4.0,879448862.0,M,1.0,35.0,educator
497.0,12.0,4.0,883709641.0,M,1.0,22.0,student
707.0,707.0,4.0,879191301.0,M,1.0,56.0,other
758.0,523.0,4.0,881976335.0,M,1.0,26.0,student
500.0,879.0,3.0,885075243.0,F,0.0,27.0,administrator
39.0,508.0,4.0,884140909.0,M,1.0,27.0,doctor
911.0,569.0,3.0,887160131.0,F,0.0,40.0,writer
125.0,826.0,5.0,878952364.0,M,1.0,27.0,lawyer
751.0,746.0,2.0,879441311.0,M,1.0,24.0,other
166.0,603.0,4.0,878697450.0,M,1.0,42.0,educator
546.0,515.0,4.0,877196820.0,M,1.0,24.0,writer
788.0,14.0,4.0,879110544.0,M,1.0,45.0,administrator
455.0,728.0,4.0,880396925.0,M,1.0,42.0,administrator
56.0,845.0,3.0,879863986.0,F,0.0,27.0,librarian
643.0,276.0,4.0,875810236.0,M,1.0,38.0,engineer
822.0,652.0,5.0,888068686.0,F,0.0,29.0,executive
504.0,449.0,4.0,875310119.0,F,0.0,40.0,writer
868.0,828.0,4.0,880178690.0,M,1.0,26.0,programmer
109.0,461.0,4.0,881103971.0,M,1.0,27.0,other
422.0,7.0,3.0,875654540.0,M,1.0,25.0,entertainment
13.0,577.0,4.0,883348606.0,F,0.0,41.0,healthcare
406.0,745.0,3.0,886324963.0,M,1.0,46.0,educator
535.0,100.0,4.0,884122906.0,F,0.0,30.0,librarian
270.0,879.0,3.0,879447962.0,F,0.0,17.0,student
561.0,328.0,3.0,891498434.0,F,0.0,20.0,student
478.0,517.0,2.0,880474269.0,M,1.0,27.0,other
642.0,705.0,4.0,880130106.0,M,1.0,20.0,student
758.0,518.0,4.0,879454941.0,M,1.0,26.0,student
177.0,829.0,3.0,875743921.0,M,1.0,20.0,programmer
503.0,14.0,3.0,886441056.0,F,0.0,50.0,writer
339.0,8.0,3.0,891035617.0,M,1.0,34.0,lawyer
398.0,4.0,2.0,883889324.0,M,1.0,26.0,other
846.0,685.0,4.0,877388812.0,M,1.0,27.0,lawyer
594.0,559.0,4.0,879443561.0,M,1.0,35.0,educator
901.0,742.0,3.0,884366590.0,M,1.0,38.0,executive
479.0,604.0,4.0,887911583.0,M,1.0,28.0,educator
749.0,561.0,4.0,888105873.0,M,1.0,31.0,other
537.0,839.0,4.0,876344292.0,M,1.0,33.0,engineer
42.0,15.0,4.0,879454538.0,M,1.0,28.0,administrator
751.0,748.0,3.0,879987495.0,F,0.0,24.0,other
818.0,485.0,4.0,879874585.0,M,1.0,36.0,technician
481.0,774.0,4.0,885480301.0,M,1.0,70.0,retired
504.0,181.0,3.0,884132895.0,F,0.0,40.0,writer
181.0,609.0,4.0,878962468.0,M,1.0,25.0,executive
328.0,463.0,4.0,891494829.0,M,1.0,42.0,administrator
406.0,506.0,5.0,878182292.0,M,1.0,44.0,educator
823.0,683.0,4.0,885809060.0,M,1.0,26.0,artist
13.0,584.0,3.0,882349655.0,M,1.0,42.0,educator
301.0,474.0,4.0,882669889.0,M,1.0,23.0,student
707.0,661.0,2.0,891488424.0,M,1.0,56.0,librarian
363.0,546.0,2.0,881107777.0,M,1.0,20.0,student
6.0,549.0,3.0,888082757.0,M,1.0,33.0,executive
405.0,405.0,3.0,884638195.0,F,0.0,22.0,healthcare
347.0,127.0,4.0,885870665.0,M,1.0,18.0,student
625.0,1041.0,5.0,891449237.0,M,1.0,28.0,programmer
551.0,676.0,5.0,892838966.0,M,1.0,24.0,programmer
889.0,176.0,3.0,880930071.0,M,1.0,37.0,technician
778.0,774.0,3.0,880177905.0,M,1.0,29.0,educator
805.0,258.0,1.0,889072967.0,F,0.0,27.0,other
536.0,761.0,4.0,877819797.0,M,1.0,35.0,engineer
632.0,1028.0,5.0,877833781.0,M,1.0,20.0,engineer
868.0,474.0,4.0,875242628.0,M,1.0,21.0,programmer
214.0,696.0,5.0,891478135.0,F,0.0,26.0,librarian
291.0,1073.0,4.0,876539071.0,M,1.0,18.0,student
214.0,707.0,4.0,891033966.0,F,0.0,30.0,librarian
193.0,496.0,4.0,880572569.0,M,1.0,27.0,student
804.0,602.0,3.0,879457534.0,M,1.0,35.0,educator
255.0,679.0,4.0,881650239.0,M,1.0,23.0,entertainment
439.0,648.0,3.0,886608536.0,M,1.0,42.0,other
387.0,595.0,2.0,886484300.0,M,1.0,31.0,entertainment
303.0,1101.0,5.0,875982617.0,M,1.0,18.0,student
293.0,1073.0,4.0,888630051.0,M,1.0,23.0,writer
503.0,100.0,4.0,891309616.0,F,0.0,50.0,writer
450.0,874.0,4.0,888103876.0,F,0.0,35.0,educator
621.0,9.0,3.0,888521814.0,M,1.0,17.0,student
757.0,9.0,2.0,888104586.0,M,1.0,17.0,student
735.0,735.0,3.0,879988262.0,F,0.0,44.0,other
804.0,527.0,3.0,884635053.0,M,1.0,31.0,educator
543.0,752.0,4.0,877387871.0,M,1.0,31.0,scientist
747.0,121.0,4.0,875982498.0,M,1.0,18.0,other
301.0,7.0,3.0,882075202.0,M,1.0,23.0,student
660.0,951.0,3.0,878694342.0,M,1.0,25.0,student
655.0,707.0,2.0,884921429.0,F,0.0,50.0,healthcare
683.0,121.0,3.0,888068143.0,F,0.0,43.0,other
916.0,176.0,4.0,883626357.0,M,1.0,30.0,engineer
897.0,8.0,4.0,886920794.0,M,1.0,28.0,other
157.0,979.0,1.0,880572685.0,M,1.0,29.0,executive
851.0,693.0,5.0,879467310.0,M,1.0,18.0,other
361.0,841.0,3.0,877126958.0,M,1.0,22.0,student
788.0,748.0,2.0,880242927.0,M,1.0,45.0,educator
877.0,605.0,5.0,884112716.0,M,1.0,27.0,student
712.0,748.0,3.0,875731341.0,M,1.0,22.0,other
880.0,751.0,4.0,880992320.0,M,1.0,11.0,student
514.0,699.0,4.0,890687536.0,M,1.0,26.0,scientist
628.0,568.0,5.0,891309550.0,M,1.0,27.0,librarian
194.0,744.0,3.0,889501674.0,M,1.0,35.0,administrator
621.0,932.0,4.0,891209097.0,M,1.0,18.0,student
593.0,1047.0,5.0,875982748.0,F,0.0,31.0,salesman
862.0,923.0,5.0,879292821.0,M,1.0,44.0,executive
194.0,1088.0,4.0,879829471.0,M,1.0,35.0,administrator
363.0,7.0,4.0,878962086.0,M,1.0,20.0,student
213.0,476.0,5.0,879949212.0,M,1.0,31.0,executive
83.0,7.0,2.0,88436757557.0,M,1.0,26.0,healthcare
835.0,705.0,4.0,879434372.0,M,1.0,54.0,executive
608.0,483.0,2.0,880479736.0,M,1.0,22.0,student
532.0,11.0,4.0,879444501.0,M,1.0,35.0,educator
347.0,628.0,5.0,887938760.0,M,1.0,18.0,student
697.0,153.0,4.0,875745339.0,M,1.0,52.0,other
534.0,521.0,5.0,880178019.0,M,1.0,20.0,student
178.0,973.0,4.0,879446209.0,M,1.0,25.0,other
639.0,1089.0,4.0,891449211.0,F,0.0,42.0,librarian
425.0,742.0,2.0,882622685.0,M,1.0,18.0,student
393.0,288.0,3.0,887737416.0,M,1.0,18.0,student
313.0,792.0,4.0,891195532.0,M,1.0,37.0,marketing
899.0,654.0,4.0,884291612.0,F,0.0,38.0,other
38.0,5.0,5.0,889739051.0,F,0.0,28.0,other
648.0,1.0,3.0,885844430.0,M,1.0,39.0,engineer
648.0,684.0,5.0,879448877.0,M,1.0,41.0,engineer
851.0,50.0,4.0,891208160.0,F,0.0,24.0,other
884.0,1079.0,4.0,880570824.0,M,1.0,42.0,executive
58.0,781.0,4.0,880868158.0,M,1.0,26.0,programmer
796.0,724.0,3.0,887646758.0,F,0.0,36.0,writer
892.0,1028.0,1.0,880929157.0,M,1.0,33.0,other
455.0,511.0,4.0,885045245.0,M,1.0,42.0,administrator
900.0,603.0,3.0,885828773.0,M,1.0,52.0,retired
554.0,872.0,5.0,879449089.0,M,1.0,29.0,educator
457.0,628.0,4.0,882348678.0,F,0.0,32.0,salesman
279.0,528.0,2.0,877532683.0,M,1.0,31.0,programmer
13.0,531.0,4.0,879440211.0,M,1.0,42.0,educator
429.0,461.0,2.0,882388885.0,M,1.0,26.0,student
110.0,654.0,4.0,886988574.0,M,1.0,18.0,student
321.0,948.0,5.0,891033805.0,M,0.0,49.0,educator
1.0,516.0,4.0,888521477.0,M,1.0,23.0,technician
633.0,697.0,4.0,888632561.0,M,1.0,32.0,librarian
322.0,1028.0,3.0,887912647.0,M,1.0,32.0,student
392.0,269.0,4.0,891288574.0,M,1.0,46.0,writer
186.0,762.0,3.0,879439283.0,M,1.0,39.0,executive
823.0,489.0,4.0,881698665.0,M,1.0,26.0,artist
370.0,582.0,4.0,879460239.0,M,1.0,40.0,writer
549.0,879.0,4.0,886031611.0,M,1.0,39.0,engineer
790.0,186.0,5.0,876769107.0,M,1.0,28.0,technician
354.0,38.0,5.0,879434654.0,F,0.0,29.0,librarian
276.0,584.0,4.0,877891966.0,M,1.0,21.0,student
10.0,38.0,2.0,877398951.0,M,1.0,28.0,lawyer
880.0,754.0,4.0,879444445.0,M,1.0,11.0,programmer
671.0,578.0,4.0,883530609.0,M,1.0,21.0,programmer
85.0,531.0,5.0,879446452.0,M,1.0,35.0,educator
39.0,515.0,2.0,887745300.0,M,1.0,18.0,student
843.0,751.0,3.0,879442799.0,M,1.0,22.0,librarian
336.0,710.0,4.0,875307820.0,M,1.0,20.0,engineer
537.0,685.0,4.0,886030206.0,M,1.0,23.0,engineer
308.0,774.0,3.0,887745854.0,M,1.0,52.0,retired
481.0,790.0,3.0,879454901.0,M,1.0,70.0,retired
239.0,121.0,3.0,879466214.0,M,1.0,35.0,artist
897.0,1247.0,4.0,881958483.0,M,1.0,28.0,other
625.0,64.0,4.0,885599135.0,M,1.0,26.0,programmer
327.0,498.0,4.0,883815361.0,M,1.0,22.0,student
393.0,508.0,4.0,880603036.0,M,1.0,18.0,student
682.0,878.0,5.0,883445075.0,M,1.0,24.0,programmer
404.0,627.0,2.0,879794425.0,F,0.0,33.0,writer
308.0,518.0,4.0,887741570.0,M,1.0,70.0,retired
939.0,831.0,5.0,891439141.0,M,1.0,40.0,scientist
62.0,7.0,5.0,878951784.0,F,0.0,27.0,administrator
847.0,683.0,3.0,880572629.0,M,1.0,27.0,other
751.0,1173.0,2.0,875313415.0,F,0.0,24.0,other
87.0,566.0,3.0,879447541.0,M,1.0,42.0,administrator
640.0,1011.0,4.0,874730673.0,M,1.0,20.0,student
716.0,474.0,5.0,882397011.0,M,1.0,26.0,administrator
472.0,895.0,3.0,884121047.0,M,1.0,23.0,student
763.0,64.0,4.0,879446962.0,M,1.0,27.0,scientist
577.0,471.0,4.0,876013562.0,M,1.0,21.0,student
940.0,546.0,3.0,883710395.0,M,1.0,27.0,administrator
425.0,659.0,4.0,875653788.0,M,1.0,18.0,student
329.0,679.0,2.0,891384372.0,F,0.0,42.0,educator
751.0,659.0,3.0,883868352.0,F,0.0,24.0,other
694.0,441.0,4.0,880134296.0,M,1.0,52.0,educator
246.0,4.0,1.0,875073855.0,M,1.0,18.0,student
461.0,930.0,2.0,881960425.0,M,1.0,23.0,entertainment
468.0,679.0,3.0,879447591.0,M,1.0,27.0,student
269.0,483.0,5.0,889731088.0,F,0.0,23.0,student
406.0,423.0,3.0,882592386.0,M,1.0,46.0,educator
495.0,489.0,1.0,891388574.0,M,1.0,27.0,engineer
450.0,79.0,2.0,881652243.0,F,0.0,35.0,educator
815.0,663.0,3.0,888082567.0,M,1.0,35.0,other
727.0,8.0,4.0,883697108.0,M,1.0,24.0,student
819.0,968.0,4.0,879441392.0,M,1.0,24.0,other
886.0,485.0,3.0,876032103.0,M,1.0,20.0,programmer
615.0,694.0,4.0,879442661.0,M,1.0,35.0,educator
660.0,874.0,3.0,874730332.0,M,1.0,25.0,student
151.0,50.0,2.0,879444098.0,F,0.0,38.0,administrator
405.0,7.0,4.0,884366397.0,F,0.0,22.0,healthcare
457.0,8.0,5.0,880131525.0,F,0.0,32.0,technician
712.0,869.0,2.0,886101865.0,M,1.0,22.0,student
622.0,471.0,5.0,877130078.0,M,1.0,18.0,programmer
712.0,715.0,4.0,889908474.0,M,1.0,22.0,student
387.0,431.0,4.0,886484561.0,M,1.0,31.0,entertainment
848.0,1035.0,5.0,878956604.0,M,1.0,26.0,artist
593.0,732.0,2.0,875654848.0,M,1.0,31.0,educator
919.0,831.0,5.0,888518004.0,M,1.0,23.0,other
758.0,1032.0,2.0,882385220.0,M,1.0,26.0,homemaker
90.0,1021.0,4.0,891383394.0,M,1.0,52.0,educator
268.0,558.0,3.0,875314171.0,M,1.0,23.0,engineer
895.0,762.0,3.0,881649175.0,M,1.0,28.0,writer
679.0,828.0,5.0,891387756.0,F,0.0,43.0,librarian
622.0,473.0,4.0,885848762.0,M,1.0,24.0,programmer
435.0,648.0,3.0,884111938.0,M,1.0,23.0,engineer
532.0,1028.0,5.0,884991147.0,M,1.0,24.0,librarian
403.0,762.0,4.0,879530050.0,M,1.0,34.0,other
346.0,659.0,3.0,878854630.0,M,1.0,31.0,other
189.0,521.0,4.0,875245905.0,M,1.0,30.0,artist
535.0,651.0,4.0,879463045.0,F,0.0,31.0,educator
269.0,447.0,5.0,891545897.0,F,0.0,31.0,librarian
327.0,845.0,3.0,884035694.0,M,1.0,22.0,student
279.0,591.0,5.0,877388540.0,M,1.0,31.0,programmer
537.0,584.0,5.0,882823805.0,M,1.0,33.0,other
682.0,751.0,4.0,880930051.0,M,1.0,23.0,programmer
627.0,597.0,4.0,880938100.0,M,1.0,18.0,student
343.0,705.0,4.0,875732461.0,M,1.0,39.0,engineer
764.0,878.0,2.0,880842914.0,F,0.0,27.0,other
393.0,552.0,4.0,879365224.0,M,1.0,18.0,student
345.0,826.0,2.0,891455004.0,F,0.0,30.0,librarian
207.0,684.0,5.0,885180949.0,M,1.0,39.0,marketing
851.0,559.0,3.0,876538763.0,M,1.0,18.0,student
521.0,482.0,4.0,877891966.0,M,1.0,17.0,student
145.0,563.0,3.0,877886969.0,M,1.0,29.0,entertainment
582.0,963.0,3.0,879446511.0,M,1.0,11.0,student
293.0,651.0,3.0,888904696.0,M,1.0,23.0,writer
269.0,716.0,4.0,889907900.0,F,0.0,31.0,librarian
92.0,172.0,4.0,875655840.0,M,1.0,30.0,entertainment
311.0,566.0,3.0,884332901.0,M,1.0,30.0,technician
632.0,931.0,3.0,883327442.0,M,1.0,20.0,student
524.0,1.0,4.0,879365039.0,M,1.0,49.0,educator
655.0,1041.0,4.0,885157109.0,F,0.0,50.0,healthcare
71.0,546.0,4.0,886323537.0,M,1.0,35.0,scientist
533.0,585.0,2.0,891549558.0,M,1.0,39.0,librarian
62.0,651.0,3.0,879441353.0,M,1.0,27.0,administrator
256.0,549.0,5.0,881265372.0,F,0.0,30.0,none
433.0,300.0,5.0,884123886.0,M,1.0,23.0,artist
305.0,534.0,4.0,884297930.0,M,1.0,23.0,programmer
533.0,456.0,4.0,885810240.0,M,1.0,39.0,librarian
682.0,1034.0,5.0,879529484.0,M,1.0,38.0,other
407.0,678.0,4.0,886271675.0,M,1.0,27.0,engineer
796.0,578.0,4.0,891224822.0,F,0.0,32.0,writer
846.0,584.0,3.0,884428389.0,M,1.0,26.0,lawyer
472.0,595.0,3.0,888641977.0,M,1.0,23.0,programmer
758.0,723.0,4.0,887745298.0,M,1.0,26.0,student
756.0,100.0,3.0,888632699.0,M,1.0,30.0,none
682.0,946.0,5.0,882469760.0,M,1.0,23.0,entertainment
194.0,446.0,5.0,879196230.0,M,1.0,35.0,administrator
534.0,568.0,2.0,886032123.0,M,1.0,20.0,student
533.0,1015.0,3.0,878961668.0,M,1.0,39.0,engineer
293.0,10.0,3.0,888468909.0,M,1.0,23.0,student
929.0,518.0,5.0,879544029.0,M,1.0,21.0,student
145.0,627.0,3.0,875653149.0,M,1.0,29.0,entertainment
505.0,1047.0,1.0,883602048.0,M,1.0,27.0,other
338.0,544.0,3.0,891199804.0,F,0.0,39.0,librarian
221.0,7.0,5.0,879454500.0,M,1.0,18.0,student
246.0,969.0,3.0,884130793.0,M,1.0,18.0,student
721.0,591.0,4.0,875125079.0,M,1.0,24.0,writer
788.0,484.0,4.0,882905812.0,M,1.0,45.0,administrator
361.0,431.0,5.0,879892784.0,M,1.0,22.0,student
234.0,974.0,4.0,891035641.0,M,1.0,52.0,retired
254.0,739.0,3.0,879455150.0,M,1.0,39.0,educator
867.0,578.0,4.0,880737075.0,M,1.0,31.0,scientist
749.0,690.0,5.0,886397946.0,M,1.0,31.0,other
879.0,672.0,4.0,891035307.0,M,1.0,39.0,administrator
621.0,463.0,5.0,889180747.0,M,1.0,17.0,student
684.0,476.0,5.0,882961082.0,M,1.0,27.0,other
123.0,584.0,4.0,880568018.0,F,0.0,48.0,artist
458.0,923.0,4.0,884134829.0,M,1.0,42.0,technician
495.0,937.0,5.0,880938100.0,M,1.0,27.0,engineer
500.0,521.0,3.0,878848444.0,M,1.0,27.0,administrator
833.0,10.0,4.0,879468748.0,M,1.0,31.0,librarian
254.0,127.0,4.0,891384357.0,M,1.0,39.0,educator
873.0,742.0,4.0,879362202.0,M,1.0,34.0,scientist
894.0,1045.0,3.0,879446792.0,M,1.0,42.0,educator
110.0,1030.0,4.0,889731025.0,M,1.0,18.0,student
239.0,127.0,3.0,889491447.0,M,1.0,26.0,technician
320.0,678.0,4.0,879365862.0,M,1.0,18.0,student
452.0,709.0,4.0,879563391.0,M,1.0,32.0,administrator
326.0,4.0,4.0,880870972.0,M,1.0,37.0,administrator
862.0,56.0,2.0,886678135.0,M,1.0,33.0,executive
381.0,813.0,3.0,891384152.0,M,1.0,31.0,artist
389.0,509.0,4.0,879464021.0,F,0.0,44.0,writer
871.0,723.0,4.0,891353488.0,M,1.0,29.0,executive
450.0,276.0,4.0,881265344.0,F,0.0,35.0,educator
318.0,15.0,5.0,884493301.0,M,1.0,56.0,retired
194.0,546.0,5.0,877019882.0,M,1.0,27.0,administrator
125.0,7.0,4.0,879440168.0,M,1.0,28.0,lawyer
756.0,195.0,3.0,882352894.0,M,1.0,26.0,student
468.0,682.0,5.0,883108155.0,M,1.0,27.0,engineer
689.0,689.0,4.0,892790932.0,M,1.0,24.0,other
943.0,289.0,3.0,888082898.0,M,1.0,22.0,student
846.0,942.0,3.0,883950950.0,M,1.0,26.0,lawyer
206.0,15.0,2.0,880242260.0,F,0.0,10.0,student
500.0,521.0,3.0,886607986.0,M,1.0,27.0,programmer
279.0,568.0,3.0,875270148.0,M,1.0,31.0,programmer
804.0,742.0,3.0,879466491.0,M,1.0,35.0,educator
758.0,518.0,3.0,881975213.0,F,0.0,26.0,student
880.0,12.0,4.0,887038380.0,M,1.0,11.0,student
738.0,544.0,5.0,882385526.0,M,1.0,42.0,educator
99.0,578.0,4.0,879876568.0,M,1.0,20.0,student
782.0,431.0,1.0,882152425.0,F,0.0,21.0,artist
94.0,521.0,5.0,891209183.0,M,1.0,25.0,student
500.0,474.0,3.0,881179831.0,M,1.0,27.0,administrator
460.0,558.0,1.0,885921775.0,F,0.0,20.0,student
110.0,210.0,4.0,880952250.0,M,1.0,18.0,student
313.0,382.0,3.0,891351121.0,M,1.0,37.0,marketing
339.0,831.0,4.0,891034007.0,M,1.0,21.0,lawyer
474.0,568.0,3.0,882900047.0,M,1.0,24.0,executive
7.0,604.0,2.0,879111662.0,F,0.0,48.0,administrator
715.0,468.0,2.0,879530306.0,M,1.0,24.0,technician
239.0,10.0,3.0,889681616.0,M,1.0,35.0,artist
249.0,928.0,2.0,884292515.0,M,1.0,20.0,student
343.0,514.0,5.0,876404079.0,M,1.0,39.0,engineer
279.0,762.0,5.0,892774849.0,M,1.0,31.0,programmer
389.0,732.0,4.0,882347857.0,F,0.0,44.0,writer
738.0,496.0,4.0,877808120.0,M,1.0,23.0,technician
758.0,493.0,3.0,882403465.0,M,1.0,26.0,student
452.0,1039.0,3.0,880385762.0,M,1.0,32.0,administrator
749.0,652.0,4.0,888479598.0,M,1.0,31.0,librarian
659.0,1032.0,5.0,884634801.0,M,1.0,29.0,educator
871.0,294.0,3.0,879439369.0,M,1.0,24.0,executive
268.0,691.0,3.0,883709641.0,M,1.0,23.0,engineer
621.0,496.0,5.0,883874363.0,F,0.0,17.0,student
268.0,878.0,3.0,875729667.0,M,1.0,23.0,engineer
653.0,979.0,2.0,887912382.0,M,1.0,29.0,executive
387.0,932.0,5.0,886475682.0,M,1.0,31.0,entertainment
435.0,629.0,1.0,875297470.0,M,1.0,23.0,engineer
538.0,1249.0,2.0,886028706.0,M,1.0,30.0,engineer
343.0,186.0,3.0,880579992.0,M,1.0,39.0,engineer
607.0,1032.0,3.0,878342661.0,F,0.0,44.0,educator
303.0,696.0,5.0,879448853.0,M,1.0,18.0,student
62.0,478.0,4.0,889178764.0,F,0.0,27.0,administrator
269.0,895.0,3.0,891375250.0,M,1.0,31.0,scientist
1.0,875.0,5.0,878759356.0,M,1.0,23.0,technician
425.0,423.0,4.0,879442906.0,M,1.0,18.0,student
897.0,15.0,3.0,880126296.0,M,1.0,28.0,other
234.0,792.0,4.0,892078948.0,M,1.0,52.0,retired
883.0,984.0,2.0,888640196.0,M,1.0,32.0,librarian
682.0,763.0,1.0,888906591.0,M,1.0,21.0,programmer
90.0,1423.0,5.0,891035307.0,M,1.0,52.0,educator
256.0,1045.0,4.0,883767383.0,F,0.0,35.0,none
543.0,685.0,3.0,879309799.0,M,1.0,31.0,scientist
455.0,748.0,2.0,879538218.0,M,1.0,42.0,administrator
293.0,881.0,4.0,888907940.0,M,1.0,23.0,writer
582.0,468.0,3.0,891288574.0,M,1.0,21.0,lawyer
447.0,258.0,4.0,875046127.0,M,1.0,28.0,administrator
87.0,286.0,3.0,879538927.0,M,1.0,50.0,administrator
533.0,676.0,2.0,880576059.0,M,1.0,42.0,other
295.0,15.0,5.0,879544020.0,M,1.0,29.0,educator
582.0,665.0,5.0,877387816.0,M,1.0,20.0,student
825.0,515.0,3.0,877104958.0,M,1.0,38.0,engineer
881.0,815.0,3.0,875983834.0,M,1.0,33.0,salesman
99.0,477.0,1.0,880587906.0,M,1.0,20.0,student
251.0,939.0,4.0,879440146.0,M,1.0,27.0,doctor
158.0,482.0,4.0,887911444.0,M,1.0,38.0,educator
788.0,9.0,3.0,879110818.0,M,1.0,45.0,administrator
627.0,708.0,3.0,875350418.0,M,1.0,23.0,engineer
452.0,546.0,3.0,879640168.0,M,1.0,32.0,administrator
328.0,615.0,3.0,885849087.0,M,1.0,45.0,administrator
773.0,288.0,4.0,882385729.0,M,1.0,20.0,student
524.0,632.0,4.0,882340543.0,M,1.0,49.0,educator
840.0,517.0,2.0,875983616.0,M,1.0,35.0,artist
145.0,596.0,5.0,875310148.0,M,1.0,29.0,entertainment
342.0,1034.0,3.0,874854528.0,M,1.0,25.0,other
774.0,864.0,4.0,888802922.0,M,1.0,28.0,student
758.0,724.0,2.0,885599625.0,M,1.0,26.0,student
458.0,746.0,3.0,888104116.0,M,1.0,42.0,technician
804.0,565.0,4.0,882677288.0,M,1.0,35.0,educator
916.0,934.0,4.0,875242974.0,M,1.0,27.0,student
870.0,257.0,4.0,880847373.0,M,1.0,22.0,student
888.0,15.0,2.0,889121546.0,M,1.0,7.0,student
299.0,88.0,4.0,875288162.0,M,1.0,27.0,doctor
7.0,288.0,4.0,891447232.0,M,1.0,50.0,administrator
871.0,731.0,3.0,888066705.0,M,1.0,33.0,executive
393.0,13.0,4.0,877017712.0,M,1.0,18.0,student
442.0,546.0,2.0,88917857585.0,M,1.0,22.0,engineer
943.0,238.0,4.0,876253374.0,M,1.0,22.0,student
373.0,477.0,3.0,892786702.0,F,0.0,24.0,other
116.0,985.0,4.0,884462692.0,M,1.0,36.0,healthcare
425.0,881.0,2.0,879786792.0,M,1.0,18.0,student
97.0,984.0,5.0,891384437.0,M,1.0,39.0,artist
514.0,845.0,2.0,879444040.0,M,1.0,26.0,programmer
622.0,489.0,4.0,886398228.0,M,1.0,24.0,programmer
843.0,568.0,3.0,879447800.0,M,1.0,32.0,librarian
201.0,697.0,4.0,880175727.0,M,1.0,26.0,writer
621.0,447.0,2.0,882063913.0,F,0.0,17.0,student
796.0,1161.0,2.0,889415942.0,F,0.0,32.0,writer
670.0,866.0,5.0,879562243.0,M,1.0,28.0,technician
536.0,12.0,4.0,875297903.0,M,1.0,35.0,engineer
429.0,771.0,2.0,880843578.0,M,1.0,26.0,student
327.0,684.0,4.0,874730320.0,M,1.0,18.0,student
393.0,15.0,5.0,884642987.0,M,1.0,18.0,student
521.0,56.0,4.0,885954191.0,M,1.0,18.0,student
438.0,117.0,5.0,891234184.0,M,1.0,42.0,writer
334.0,7.0,3.0,891547741.0,M,1.0,30.0,librarian
409.0,939.0,4.0,891699255.0,M,1.0,42.0,administrator
426.0,8.0,3.0,879794650.0,M,1.0,35.0,educator
615.0,514.0,4.0,879440127.0,M,1.0,45.0,other
655.0,176.0,4.0,884131938.0,F,0.0,50.0,healthcare
363.0,833.0,3.0,891536244.0,M,1.0,20.0,student
727.0,513.0,5.0,888067727.0,M,1.0,24.0,student
71.0,710.0,1.0,879361785.0,M,1.0,35.0,scientist
479.0,237.0,4.0,879571999.0,M,1.0,28.0,educator
749.0,15.0,5.0,884991629.0,M,1.0,30.0,other
782.0,1226.0,3.0,891351656.0,M,1.0,28.0,artist
383.0,944.0,5.0,875982864.0,F,0.0,35.0,artist
405.0,866.0,4.0,884304630.0,F,0.0,22.0,healthcare
604.0,300.0,5.0,879794637.0,M,1.0,35.0,educator
782.0,563.0,3.0,885690775.0,M,1.0,21.0,writer
210.0,1220.0,3.0,888068032.0,M,1.0,35.0,engineer
539.0,1028.0,4.0,879873979.0,F,0.0,44.0,educator
592.0,1148.0,3.0,881108876.0,M,1.0,17.0,writer
189.0,474.0,2.0,893214041.0,F,0.0,30.0,artist
593.0,527.0,5.0,879441253.0,M,1.0,31.0,educator
303.0,597.0,5.0,879448099.0,M,1.0,18.0,student
454.0,474.0,1.0,876266430.0,F,0.0,50.0,other
805.0,496.0,5.0,877756928.0,F,0.0,27.0,other
62.0,479.0,4.0,880396963.0,F,0.0,27.0,administrator
186.0,762.0,5.0,884991035.0,F,0.0,39.0,executive
181.0,756.0,4.0,877131884.0,M,1.0,25.0,executive
655.0,431.0,2.0,886484591.0,F,0.0,50.0,healthcare
327.0,685.0,3.0,882349678.0,M,1.0,22.0,student
374.0,715.0,3.0,879866062.0,M,1.0,33.0,executive
757.0,477.0,4.0,889072429.0,M,1.0,25.0,student
774.0,561.0,5.0,877758119.0,M,1.0,28.0,other
886.0,117.0,3.0,874868794.0,M,1.0,20.0,student
710.0,174.0,5.0,888630598.0,M,1.0,18.0,student
328.0,49.0,2.0,885048666.0,M,1.0,45.0,administrator
846.0,1028.0,3.0,891309536.0,M,1.0,26.0,lawyer
894.0,657.0,2.0,883889324.0,M,1.0,42.0,writer
269.0,527.0,5.0,891295534.0,M,1.0,31.0,librarian
524.0,472.0,4.0,879540043.0,M,1.0,49.0,educator
534.0,473.0,3.0,875962218.0,M,1.0,35.0,engineer
305.0,841.0,5.0,888103971.0,M,1.0,21.0,programmer
500.0,831.0,4.0,884131660.0,M,1.0,27.0,administrator
455.0,518.0,4.0,879104561.0,M,1.0,42.0,administrator
919.0,566.0,3.0,880242414.0,M,1.0,24.0,other
546.0,11.0,3.0,882360753.0,M,1.0,55.0,programmer
541.0,721.0,5.0,883327201.0,M,1.0,18.0,student
486.0,692.0,5.0,879456308.0,M,1.0,35.0,educator
682.0,121.0,3.0,885147995.0,M,1.0,23.0,programmer
392.0,663.0,3.0,889415947.0,M,1.0,44.0,writer
399.0,729.0,4.0,887736485.0,M,1.0,24.0,other
897.0,679.0,2.0,891547747.0,M,1.0,28.0,other
535.0,689.0,5.0,884368538.0,M,1.0,39.0,administrator
184.0,628.0,5.0,891038979.0,M,1.0,28.0,librarian
472.0,762.0,4.0,891250112.0,M,1.0,23.0,student
244.0,628.0,4.0,885682581.0,M,1.0,23.0,technician
271.0,710.0,5.0,8858444.0,M,1.0,45.0,engineer
749.0,824.0,3.0,879517245.0,M,1.0,31.0,other
363.0,679.0,1.0,891200624.0,M,1.0,22.0,student
899.0,685.0,5.0,879444542.0,M,1.0,30.0,other
13.0,483.0,4.0,879448897.0,M,1.0,42.0,educator
455.0,508.0,4.0,879435598.0,M,1.0,42.0,administrator
545.0,513.0,5.0,882054820.0,M,1.0,26.0,homemaker
58.0,98.0,4.0,883948221.0,M,1.0,41.0,healthcare
6.0,302.0,4.0,880332685.0,M,1.0,38.0,executive
346.0,528.0,5.0,876513695.0,M,1.0,31.0,other
588.0,724.0,5.0,884628389.0,M,1.0,21.0,student
320.0,923.0,4.0,886921510.0,M,1.0,18.0,student
604.0,628.0,3.0,879446420.0,M,1.0,35.0,educator
815.0,603.0,2.0,876790292.0,M,1.0,20.0,other
392.0,879.0,3.0,875292068.0,M,1.0,46.0,writer
829.0,7.0,5.0,879572344.0,F,0.0,22.0,student
643.0,478.0,5.0,887039100.0,M,1.0,35.0,other
751.0,181.0,2.0,879455150.0,M,1.0,24.0,other
79.0,607.0,2.0,891036419.0,F,0.0,38.0,administrator
634.0,286.0,4.0,875652989.0,M,1.0,35.0,engineer
788.0,496.0,2.0,891035781.0,M,1.0,50.0,administrator
899.0,517.0,3.0,88169907749.0,M,1.0,30.0,other
805.0,825.0,5.0,886833794.0,F,0.0,27.0,homemaker
805.0,741.0,3.0,891304820.0,F,0.0,28.0,other
788.0,11.0,3.0,876013567.0,F,0.0,45.0,administrator
113.0,333.0,2.0,879876816.0,M,1.0,42.0,executive
207.0,9.0,5.0,879362286.0,M,1.0,35.0,marketing
457.0,82.0,5.0,881649387.0,F,0.0,33.0,salesman
450.0,498.0,5.0,879530151.0,F,0.0,35.0,educator
880.0,258.0,4.0,888806056.0,M,1.0,11.0,student
567.0,8.0,3.0,887075273.0,M,1.0,23.0,engineer
757.0,692.0,3.0,882425800.0,M,1.0,25.0,student
846.0,531.0,4.0,883949084.0,M,1.0,26.0,lawyer
758.0,12.0,3.0,880869075.0,M,1.0,26.0,student
503.0,855.0,3.0,887911808.0,F,0.0,50.0,writer
113.0,591.0,4.0,879442892.0,M,1.0,42.0,executive
472.0,1073.0,4.0,888451672.0,M,1.0,23.0,student
831.0,1227.0,5.0,891636165.0,M,1.0,21.0,other
704.0,707.0,4.0,878848015.0,F,0.0,26.0,librarian
561.0,7.0,5.0,882387011.0,F,0.0,36.0,student
690.0,474.0,3.0,879714784.0,M,1.0,32.0,programmer
454.0,7.0,5.0,879310784.0,M,1.0,30.0,student
627.0,526.0,4.0,875324370.0,M,1.0,23.0,engineer
222.0,1210.0,3.0,886030707.0,M,1.0,27.0,programmer
648.0,815.0,5.0,884368534.0,M,1.0,39.0,engineer
92.0,14.0,5.0,875656729.0,M,1.0,30.0,entertainment
889.0,15.0,5.0,880167941.0,M,1.0,23.0,technician
262.0,464.0,3.0,889289562.0,F,0.0,20.0,student
372.0,919.0,3.0,889289565.0,F,0.0,20.0,student
886.0,923.0,5.0,8797872.0,M,1.0,20.0,student
864.0,4.0,5.0,876032537.0,M,1.0,26.0,programmer
437.0,11.0,2.0,875729667.0,M,1.0,27.0,other
939.0,300.0,4.0,886988906.0,M,1.0,25.0,executive
500.0,1032.0,4.0,885828706.0,M,1.0,27.0,administrator
705.0,13.0,4.0,888886919.0,M,1.0,21.0,librarian
94.0,544.0,1.0,886939171.0,M,1.0,25.0,student
648.0,678.0,5.0,884069246.0,M,1.0,39.0,engineer
6.0,739.0,4.0,884364975.0,M,1.0,48.0,healthcare
747.0,628.0,3.0,888640430.0,M,1.0,22.0,engineer
870.0,7.0,5.0,886396480.0,M,1.0,22.0,student
870.0,12.0,4.0,876033264.0,M,1.0,22.0,student
374.0,729.0,4.0,879532526.0,M,1.0,33.0,executive
417.0,845.0,5.0,880244578.0,F,0.0,27.0,other
592.0,929.0,5.0,882955807.0,M,1.0,18.0,student
880.0,472.0,3.0,882403042.0,M,1.0,11.0,student
869.0,12.0,4.0,880164269.0,M,1.0,28.0,student
764.0,523.0,3.0,884646232.0,M,1.0,26.0,engineer
334.0,709.0,4.0,891547856.0,M,1.0,30.0,librarian
532.0,1049.0,3.0,879455843.0,M,1.0,20.0,student
276.0,673.0,5.0,874730320.0,M,1.0,21.0,student
798.0,943.0,5.0,889651562.0,F,0.0,25.0,writer
7.0,9.0,1.0,885046773.0,M,1.0,50.0,administrator
62.0,778.0,3.0,878182682.0,F,0.0,27.0,administrator
148.0,583.0,4.0,891384113.0,M,1.0,41.0,engineer
439.0,879.0,4.0,879875612.0,F,0.0,42.0,administrator
886.0,118.0,3.0,877399745.0,M,1.0,20.0,student
633.0,678.0,4.0,889731060.0,M,1.0,27.0,student
537.0,1047.0,3.0,886031601.0,M,1.0,33.0,engineer
881.0,423.0,2.0,880123648.0,M,1.0,35.0,other
458.0,685.0,3.0,884365841.0,M,1.0,42.0,technician
303.0,881.0,5.0,879447946.0,M,1.0,18.0,student
861.0,15.0,4.0,888881090.0,M,1.0,27.0,student
763.0,925.0,5.0,884326461.0,F,0.0,27.0,scientist
704.0,9.0,3.0,879456168.0,M,1.0,35.0,educator
13.0,276.0,3.0,879441037.0,M,1.0,42.0,educator
456.0,98.0,4.0,880167765.0,M,1.0,23.0,technician
303.0,234.0,2.0,879453800.0,M,1.0,18.0,student
836.0,923.0,4.0,875984270.0,M,1.0,39.0,artist
514.0,527.0,4.0,875981846.0,M,1.0,35.0,scientist
479.0,479.0,5.0,880242280.0,M,1.0,28.0,other
716.0,10.0,3.0,879435104.0,M,1.0,36.0,administrator
537.0,50.0,5.0,886031436.0,M,1.0,33.0,engineer
7.0,679.0,4.0,874965518.0,M,1.0,33.0,other
592.0,288.0,4.0,885921653.0,F,0.0,18.0,student
79.0,662.0,1.0,879192971.0,F,0.0,29.0,administrator
336.0,735.0,3.0,881037106.0,M,1.0,23.0,salesman
399.0,708.0,4.0,891197760.0,M,1.0,44.0,writer
406.0,527.0,3.0,879435190.0,M,1.0,46.0,educator
916.0,879.0,3.0,884111813.0,M,1.0,26.0,engineer
318.0,210.0,1.0,884477585.0,M,1.0,56.0,retired
642.0,581.0,3.0,883698601.0,F,0.0,17.0,student
899.0,527.0,2.0,877533224.0,M,1.0,30.0,writer
671.0,10.0,4.0,880177435.0,M,1.0,18.0,student
851.0,959.0,5.0,879443800.0,M,1.0,18.0,other
767.0,294.0,4.0,880842552.0,M,1.0,28.0,scientist
897.0,624.0,4.0,880923862.0,M,1.0,24.0,other
653.0,477.0,3.0,885849356.0,M,1.0,29.0,administrator
905.0,7.0,3.0,875242993.0,F,0.0,21.0,student
913.0,724.0,3.0,874873247.0,M,1.0,26.0,student
269.0,511.0,5.0,891037999.0,F,0.0,31.0,librarian
565.0,10.0,3.0,879454630.0,M,1.0,44.0,educator
934.0,1039.0,4.0,875287094.0,M,1.0,27.0,executive
682.0,98.0,5.0,886322893.0,M,1.0,23.0,programmer
773.0,546.0,3.0,890739257.0,M,1.0,24.0,librarian
497.0,771.0,3.0,884749678.0,M,1.0,20.0,student
318.0,1336.0,3.0,875463953.0,M,1.0,56.0,retired
896.0,749.0,3.0,877387591.0,M,1.0,27.0,writer
56.0,546.0,4.0,880242535.0,M,1.0,24.0,librarian
500.0,12.0,4.0,880581842.0,M,1.0,27.0,none
457.0,1040.0,5.0,882078954.0,M,1.0,33.0,salesman
318.0,602.0,4.0,884495545.0,M,1.0,56.0,retired
234.0,671.0,3.0,891195582.0,M,1.0,52.0,retired
189.0,685.0,5.0,891548622.0,M,1.0,30.0,marketing
694.0,172.0,4.0,887047313.0,M,1.0,25.0,other
521.0,713.0,4.0,884128266.0,M,1.0,18.0,student
280.0,237.0,5.0,879443392.0,F,0.0,31.0,librarian
584.0,471.0,2.0,880605077.0,M,1.0,45.0,engineer
748.0,9.0,4.0,879384471.0,M,1.0,43.0,administrator
326.0,7.0,3.0,876265842.0,M,1.0,37.0,administrator
553.0,294.0,4.0,878963022.0,M,1.0,50.0,educator
712.0,302.0,2.0,886987288.0,F,0.0,22.0,student
293.0,151.0,5.0,888703291.0,M,1.0,23.0,writer
870.0,756.0,5.0,891034007.0,M,1.0,26.0,librarian
632.0,431.0,1.0,879468540.0,M,1.0,18.0,student
343.0,663.0,3.0,879454963.0,M,1.0,39.0,other
125.0,1232.0,2.0,879454496.0,M,1.0,28.0,lawyer
293.0,622.0,2.0,889386611.0,M,1.0,23.0,writer
533.0,597.0,4.0,892504098.0,F,0.0,39.0,librarian
458.0,431.0,4.0,880134296.0,M,1.0,42.0,technician
627.0,186.0,1.0,879453041.0,M,1.0,23.0,scientist
788.0,709.0,3.0,879454530.0,M,1.0,27.0,administrator
533.0,7.0,4.0,891249187.0,M,1.0,39.0,librarian
301.0,546.0,4.0,874785526.0,M,1.0,23.0,student
804.0,174.0,3.0,875373826.0,M,1.0,35.0,educator
354.0,709.0,4.0,889908694.0,F,0.0,29.0,librarian
334.0,14.0,3.0,891034007.0,M,1.0,32.0,librarian
308.0,518.0,4.0,887744224.0,M,1.0,52.0,retired
833.0,511.0,4.0,888103971.0,M,1.0,31.0,writer
181.0,946.0,2.0,877105985.0,M,1.0,34.0,executive
731.0,1032.0,4.0,882426644.0,F,0.0,50.0,educator
294.0,483.0,1.0,876403526.0,M,1.0,31.0,technician
328.0,566.0,3.0,885049445.0,M,1.0,45.0,administrator
332.0,707.0,3.0,887667723.0,F,0.0,20.0,student
636.0,423.0,3.0,891037499.0,M,1.0,25.0,other
901.0,508.0,5.0,890332772.0,M,1.0,27.0,student
280.0,526.0,4.0,891205004.0,F,0.0,30.0,librarian
585.0,461.0,4.0,885849808.0,M,1.0,44.0,librarian
942.0,8.0,5.0,886029552.0,M,1.0,21.0,programmer
894.0,381.0,4.0,880887076.0,M,1.0,42.0,educator
805.0,763.0,3.0,892738278.0,F,0.0,27.0,other
334.0,449.0,3.0,889908474.0,M,1.0,32.0,librarian
756.0,934.0,4.0,883348111.0,F,0.0,26.0,healthcare
886.0,972.0,4.0,874854651.0,M,1.0,20.0,student
244.0,631.0,4.0,884293563.0,M,1.0,27.0,technician
634.0,683.0,5.0,879552295.0,F,0.0,20.0,student
880.0,871.0,4.0,887669535.0,M,1.0,11.0,student
682.0,4.0,3.0,890504720.0,M,1.0,23.0,student
178.0,527.0,4.0,884921262.0,M,1.0,25.0,other
561.0,1058.0,3.0,884689844.0,M,1.0,23.0,engineer
844.0,928.0,1.0,878192986.0,M,1.0,32.0,technician
1.0,546.0,2.0,877446943.0,M,1.0,23.0,technician
347.0,949.0,4.0,888556689.0,M,1.0,18.0,student
873.0,742.0,4.0,879543301.0,M,1.0,38.0,administrator
201.0,745.0,4.0,887745260.0,M,1.0,26.0,writer
178.0,697.0,4.0,881433296.0,M,1.0,25.0,student
532.0,544.0,3.0,888692565.0,M,1.0,20.0,student
724.0,929.0,5.0,880139180.0,M,1.0,29.0,other
848.0,592.0,3.0,882387373.0,M,1.0,26.0,engineer
897.0,568.0,3.0,879445372.0,M,1.0,27.0,other
64.0,931.0,4.0,889655820.0,M,1.0,30.0,educator
455.0,8.0,2.0,880396571.0,M,1.0,42.0,administrator
828.0,15.0,4.0,880137245.0,M,1.0,27.0,student
537.0,934.0,4.0,886031379.0,M,1.0,33.0,engineer
886.0,582.0,4.0,888907119.0,M,1.0,20.0,student
541.0,631.0,4.0,879456741.0,F,0.0,18.0,student
605.0,684.0,3.0,883708712.0,M,1.0,31.0,engineer
308.0,1009.0,3.0,887738057.0,M,1.0,52.0,retired
867.0,685.0,3.0,875972296.0,M,1.0,23.0,technician
637.0,328.0,4.0,875131549.0,M,1.0,33.0,other
158.0,939.0,5.0,889907906.0,M,1.0,44.0,executive
500.0,12.0,4.0,880355082.0,M,1.0,27.0,administrator
629.0,609.0,2.0,881656300.0,M,1.0,34.0,educator
280.0,959.0,2.0,891034007.0,F,0.0,30.0,librarian
457.0,546.0,5.0,883782629.0,M,1.0,33.0,salesman
940.0,732.0,4.0,884111936.0,M,1.0,30.0,administrator
561.0,546.0,4.0,880572459.0,M,1.0,23.0,scientist
524.0,498.0,3.0,886472654.0,M,1.0,49.0,educator
504.0,117.0,4.0,891207940.0,F,0.0,50.0,writer
339.0,774.0,5.0,891038979.0,M,1.0,32.0,lawyer
699.0,662.0,3.0,879518630.0,M,1.0,39.0,other
643.0,489.0,3.0,891455329.0,M,1.0,35.0,scientist
886.0,826.0,4.0,880179785.0,M,1.0,23.0,student
463.0,741.0,5.0,879441037.0,M,1.0,49.0,other
916.0,603.0,3.0,882344709.0,M,1.0,26.0,engineer
181.0,889.0,3.0,878961815.0,M,1.0,25.0,executive
269.0,825.0,2.0,888104116.0,F,0.0,31.0,librarian
10.0,7.0,5.0,877131043.0,M,1.0,46.0,lawyer
707.0,1035.0,5.0,879875018.0,M,1.0,56.0,programmer
222.0,477.0,5.0,877400038.0,M,1.0,27.0,programmer
894.0,615.0,5.0,883865952.0,M,1.0,30.0,educator
99.0,682.0,4.0,88580906061.0,M,1.0,20.0,student
468.0,1028.0,3.0,881172603.0,M,1.0,35.0,engineer
201.0,735.0,3.0,883698646.0,M,1.0,26.0,writer
592.0,393.0,5.0,888632997.0,M,1.0,25.0,writer
654.0,222.0,4.0,887745380.0,M,1.0,29.0,student
705.0,823.0,3.0,883788476.0,F,0.0,21.0,other
650.0,7.0,3.0,880843999.0,M,1.0,38.0,engineer
381.0,732.0,4.0,877138895.0,M,1.0,24.0,artist
843.0,732.0,4.0,885690533.0,M,1.0,32.0,librarian
871.0,5.0,4.0,891386756.0,M,1.0,35.0,executive
889.0,8.0,3.0,880178520.0,M,1.0,26.0,technician
429.0,956.0,4.0,882385546.0,M,1.0,26.0,student
653.0,591.0,3.0,874953259.0,M,1.0,29.0,executive
618.0,471.0,5.0,888633310.0,F,0.0,11.0,student
880.0,1210.0,5.0,880608357.0,F,0.0,11.0,student
406.0,568.0,4.0,891495226.0,M,1.0,46.0,writer
514.0,716.0,4.0,885809266.0,M,1.0,26.0,programmer
312.0,591.0,3.0,879857788.0,M,1.0,42.0,other
109.0,1088.0,5.0,874874802.0,M,1.0,27.0,other
864.0,825.0,4.0,878439365.0,M,1.0,26.0,programmer
758.0,671.0,4.0,881978236.0,F,0.0,30.0,student
194.0,1012.0,2.0,889653780.0,M,1.0,35.0,administrator
718.0,50.0,4.0,880435599.0,M,1.0,26.0,engineer
90.0,50.0,3.0,891356487.0,M,1.0,52.0,educator
900.0,655.0,2.0,891209815.0,M,1.0,52.0,retired
758.0,558.0,3.0,880868330.0,M,1.0,26.0,student
553.0,8.0,4.0,879539901.0,M,1.0,30.0,educator
23.0,721.0,4.0,891383627.0,F,0.0,30.0,artist
312.0,751.0,5.0,891385074.0,M,1.0,31.0,other
823.0,661.0,5.0,878438208.0,M,1.0,26.0,artist
374.0,936.0,3.0,880241881.0,M,1.0,33.0,executive
370.0,863.0,4.0,879309869.0,F,0.0,46.0,writer
618.0,935.0,4.0,886606499.0,F,0.0,11.0,student
682.0,5.0,5.0,875287827.0,M,1.0,27.0,programmer
569.0,615.0,4.0,878962200.0,M,1.0,31.0,educator
291.0,631.0,4.0,874832788.0,M,1.0,18.0,student
843.0,527.0,3.0,889909142.0,F,0.0,44.0,librarian
393.0,484.0,5.0,884112245.0,M,1.0,18.0,student
790.0,471.0,3.0,888103971.0,M,1.0,26.0,programmer
566.0,752.0,5.0,879548074.0,M,1.0,20.0,student
130.0,521.0,3.0,880844372.0,M,1.0,20.0,none
773.0,7.0,3.0,879439374.0,M,1.0,50.0,student
473.0,763.0,3.0,879793785.0,M,1.0,23.0,student
801.0,756.0,4.0,887159069.0,M,1.0,26.0,writer
275.0,607.0,3.0,878439327.0,M,1.0,23.0,engineer
207.0,675.0,4.0,879446708.0,M,1.0,35.0,marketing
457.0,756.0,3.0,886989440.0,F,0.0,33.0,salesman
823.0,739.0,4.0,884991043.0,M,1.0,32.0,librarian
21.0,1047.0,3.0,888452152.0,M,1.0,25.0,writer
899.0,974.0,5.0,887160689.0,M,1.0,30.0,student
25.0,709.0,3.0,889651147.0,M,1.0,43.0,entertainment
833.0,56.0,4.0,878973660.0,M,1.0,37.0,writer
532.0,751.0,4.0,889730118.0,M,1.0,20.0,student
847.0,476.0,3.0,879459069.0,M,1.0,27.0,student
328.0,709.0,5.0,879195701.0,M,1.0,45.0,administrator
694.0,484.0,4.0,8844775125.0,M,1.0,52.0,programmer
716.0,588.0,4.0,879455184.0,M,1.0,50.0,administrator
880.0,790.0,4.0,882403221.0,M,1.0,11.0,student
293.0,979.0,2.0,888906934.0,F,0.0,23.0,writer
313.0,708.0,2.0,878963084.0,M,1.0,27.0,marketing
612.0,582.0,2.0,879440333.0,M,1.0,41.0,programmer
710.0,923.0,5.0,878955922.0,M,1.0,18.0,student
569.0,514.0,5.0,876504021.0,M,1.0,31.0,educator
545.0,588.0,4.0,885921456.0,M,1.0,44.0,executive
251.0,762.0,3.0,877755562.0,M,1.0,27.0,doctor
891.0,48.0,3.0,878919153.0,F,0.0,33.0,writer
334.0,100.0,3.0,891205002.0,M,1.0,30.0,librarian
615.0,871.0,3.0,889737889.0,M,1.0,35.0,educator
22.0,651.0,5.0,874730307.0,F,0.0,24.0,writer
642.0,633.0,5.0,883696176.0,M,1.0,20.0,other
532.0,547.0,3.0,879468459.0,M,1.0,18.0,student
90.0,731.0,4.0,891033647.0,M,1.0,52.0,educator
542.0,463.0,4.0,881277690.0,F,0.0,17.0,student
60.0,333.0,3.0,888103921.0,M,1.0,27.0,programmer
407.0,7.0,5.0,877016677.0,M,1.0,27.0,engineer
388.0,662.0,3.0,888451353.0,M,1.0,24.0,other
661.0,1411.0,5.0,880395553.0,M,1.0,27.0,student
666.0,405.0,4.0,879192902.0,M,1.0,39.0,administrator
308.0,628.0,4.0,887736408.0,M,1.0,52.0,retired
262.0,541.0,1.0,878984411.0,F,0.0,18.0,student
450.0,523.0,3.0,879454870.0,F,0.0,35.0,educator
346.0,971.0,4.0,877550269.0,M,1.0,29.0,other
474.0,923.0,2.0,887912247.0,M,1.0,45.0,executive
276.0,15.0,3.0,876676344.0,M,1.0,21.0,student
497.0,716.0,4.0,879572929.0,M,1.0,20.0,student
719.0,1028.0,3.0,879362202.0,F,0.0,36.0,other
417.0,98.0,4.0,879445050.0,F,0.0,27.0,other
868.0,763.0,4.0,880144123.0,M,1.0,21.0,marketing
869.0,15.0,3.0,884498352.0,M,1.0,18.0,student
416.0,927.0,4.0,8794417.0,F,0.0,20.0,student
451.0,1118.0,4.0,880571582.0,M,1.0,17.0,student
815.0,393.0,3.0,878184872.0,M,1.0,30.0,other
59.0,582.0,4.0,881410390.0,M,1.0,43.0,educator
798.0,474.0,5.0,8759208.0,F,0.0,40.0,writer
279.0,879.0,3.0,875743611.0,M,1.0,31.0,programmer
536.0,210.0,3.0,885844085.0,M,1.0,22.0,engineer
297.0,8.0,3.0,879372532.0,F,0.0,29.0,educator
437.0,1089.0,4.0,886030552.0,M,1.0,27.0,other
921.0,521.0,5.0,880125905.0,M,1.0,17.0,student
293.0,495.0,3.0,890670510.0,M,1.0,23.0,writer
648.0,762.0,3.0,875946309.0,M,1.0,39.0,engineer
454.0,732.0,5.0,887938760.0,M,1.0,50.0,other
592.0,566.0,1.0,882956156.0,M,1.0,18.0,student
869.0,1231.0,3.0,888522074.0,F,0.0,42.0,student
346.0,681.0,4.0,886474753.0,F,0.0,31.0,other
234.0,886.0,4.0,892079237.0,M,1.0,52.0,retired
632.0,939.0,2.0,889289491.0,M,1.0,18.0,student
110.0,690.0,3.0,879899641.0,M,1.0,20.0,student
311.0,9.0,4.0,884366110.0,M,1.0,30.0,technician
620.0,679.0,4.0,889235993.0,F,0.0,17.0,writer
472.0,582.0,4.0,885682869.0,M,1.0,23.0,other
3.0,174.0,4.0,889129963.0,M,1.0,23.0,writer
748.0,588.0,3.0,878962764.0,M,1.0,26.0,technician
619.0,682.0,4.0,889124382.0,F,0.0,11.0,student
288.0,699.0,4.0,886252919.0,M,1.0,22.0,student
419.0,514.0,5.0,891035312.0,M,1.0,46.0,lawyer
406.0,841.0,3.0,879444115.0,M,1.0,46.0,educator
62.0,578.0,2.0,878184635.0,F,0.0,27.0,administrator
724.0,607.0,3.0,879444586.0,M,1.0,29.0,marketing
897.0,7.0,3.0,880604396.0,F,0.0,27.0,other
532.0,632.0,4.0,883865952.0,M,1.0,20.0,student
162.0,474.0,3.0,879875835.0,M,1.0,24.0,artist
286.0,679.0,3.0,884364017.0,M,1.0,26.0,librarian
18.0,491.0,3.0,881108538.0,M,1.0,27.0,other
524.0,873.0,4.0,883949594.0,M,1.0,49.0,educator
308.0,603.0,3.0,887737408.0,M,1.0,52.0,retired
634.0,196.0,3.0,881373059.0,M,1.0,35.0,engineer
334.0,762.0,3.0,880333042.0,M,1.0,30.0,librarian
705.0,662.0,5.0,891722560.0,M,1.0,21.0,student
521.0,674.0,5.0,889739678.0,F,0.0,17.0,student
392.0,652.0,1.0,879444947.0,M,1.0,46.0,writer
592.0,479.0,5.0,875289825.0,M,1.0,20.0,student
379.0,1018.0,4.0,889655162.0,M,1.0,39.0,programmer
793.0,708.0,5.0,881955576.0,M,1.0,28.0,student
890.0,582.0,4.0,882347872.0,M,1.0,26.0,student
805.0,924.0,3.0,891037262.0,M,1.0,27.0,other
569.0,732.0,4.0,879876590.0,F,0.0,35.0,educator
239.0,13.0,3.0,888639327.0,M,1.0,35.0,artist
416.0,546.0,4.0,880167328.0,F,0.0,20.0,student
590.0,56.0,3.0,886988933.0,M,1.0,26.0,programmer
790.0,471.0,3.0,875242491.0,M,1.0,26.0,technician
178.0,919.0,3.0,880407078.0,M,1.0,27.0,other
1.0,678.0,3.0,879305386.0,M,1.0,23.0,technician
774.0,663.0,4.0,889731714.0,M,1.0,28.0,student
62.0,596.0,4.0,880868914.0,F,0.0,28.0,administrator
201.0,195.0,3.0,884365783.0,M,1.0,26.0,writer
64.0,546.0,3.0,876534981.0,M,1.0,30.0,educator
664.0,8.0,5.0,888518004.0,M,1.0,39.0,engineer
394.0,100.0,3.0,885848886.0,M,1.0,24.0,administrator
742.0,845.0,3.0,883865894.0,F,0.0,48.0,administrator
533.0,992.0,3.0,888556330.0,M,1.0,39.0,librarian
517.0,111.0,5.0,879191194.0,M,1.0,35.0,administrator
130.0,100.0,4.0,879458956.0,M,1.0,20.0,none
676.0,681.0,1.0,888518159.0,M,1.0,21.0,programmer
280.0,288.0,4.0,89154096.0,F,0.0,30.0,librarian
403.0,889.0,5.0,879442514.0,M,1.0,34.0,other
380.0,1029.0,4.0,879443073.0,M,1.0,30.0,engineer
303.0,828.0,3.0,878694863.0,M,1.0,18.0,student
758.0,763.0,3.0,882608873.0,M,1.0,26.0,student
916.0,69.0,2.0,876402719.0,M,1.0,26.0,engineer
279.0,484.0,3.0,892783340.0,M,1.0,31.0,programmer
805.0,685.0,3.0,879302515.0,F,0.0,27.0,other
207.0,696.0,3.0,889731075.0,M,1.0,35.0,marketing
938.0,927.0,5.0,885048607.0,F,0.0,48.0,administrator
610.0,734.0,4.0,891498424.0,M,1.0,22.0,student
464.0,1045.0,5.0,889655162.0,M,1.0,27.0,educator
796.0,684.0,3.0,878761623.0,F,0.0,26.0,writer
605.0,875.0,2.0,875810445.0,M,1.0,31.0,programmer
339.0,7.0,4.0,891299005.0,M,1.0,32.0,lawyer
532.0,4.0,3.0,886609792.0,M,1.0,20.0,student
839.0,1245.0,5.0,887911808.0,F,0.0,29.0,executive
790.0,665.0,3.0,880845604.0,M,1.0,26.0,technician
623.0,153.0,4.0,884130789.0,F,0.0,57.0,librarian
59.0,1085.0,4.0,886030342.0,M,1.0,42.0,educator
634.0,774.0,3.0,879466459.0,M,1.0,35.0,engineer
437.0,7.0,5.0,882592694.0,F,0.0,43.0,writer
320.0,813.0,3.0,875742668.0,M,1.0,18.0,artist
878.0,4.0,5.0,880178416.0,F,0.0,50.0,educator
128.0,752.0,3.0,892078655.0,F,0.0,24.0,artist
640.0,496.0,3.0,880167328.0,M,1.0,20.0,student
85.0,1063.0,4.0,879111489.0,M,1.0,45.0,educator
796.0,1035.0,4.0,875146623.0,F,0.0,32.0,other
751.0,498.0,5.0,888180049.0,F,0.0,24.0,other
207.0,841.0,3.0,875659851.0,M,1.0,30.0,marketing
489.0,496.0,5.0,888890416.0,M,1.0,27.0,educator
308.0,487.0,4.0,887738216.0,M,1.0,52.0,retired
896.0,514.0,4.0,875072596.0,M,1.0,27.0,writer
524.0,603.0,5.0,878693873.0,M,1.0,49.0,educator
648.0,959.0,4.0,876231660.0,M,1.0,39.0,engineer
434.0,673.0,5.0,880167660.0,M,1.0,23.0,student
8.0,874.0,3.0,885038607.0,M,1.0,33.0,administrator
773.0,652.0,3.0,888639327.0,M,1.0,22.0,engineer
7.0,923.0,4.0,891037542.0,M,1.0,50.0,administrator
303.0,518.0,4.0,888522113.0,M,1.0,18.0,student
534.0,7.0,5.0,885852747.0,M,1.0,35.0,engineer
363.0,619.0,5.0,891269574.0,M,1.0,20.0,student
346.0,707.0,3.0,891386210.0,M,1.0,31.0,artist
840.0,664.0,3.0,891250393.0,M,1.0,35.0,artist
905.0,583.0,4.0,875286791.0,M,1.0,26.0,other
805.0,485.0,3.0,883949255.0,F,0.0,26.0,marketing
313.0,596.0,3.0,891385105.0,M,1.0,35.0,marketing
504.0,735.0,4.0,88907741.0,F,0.0,40.0,writer
268.0,1046.0,2.0,884112279.0,M,1.0,23.0,engineer
431.0,554.0,1.0,879446493.0,M,1.0,18.0,student
894.0,518.0,5.0,888557293.0,M,1.0,42.0,educator
880.0,7.0,4.0,880123581.0,M,1.0,11.0,student
613.0,823.0,4.0,886271660.0,F,0.0,49.0,educator
707.0,751.0,2.0,875654906.0,F,0.0,21.0,student
385.0,707.0,1.0,879442285.0,M,1.0,33.0,writer
682.0,546.0,4.0,875310206.0,M,1.0,23.0,programmer
276.0,7.0,2.0,876532407.0,M,1.0,21.0,student
796.0,749.0,2.0,883348221.0,F,0.0,28.0,healthcare
405.0,751.0,1.0,884991083.0,F,0.0,22.0,healthcare
615.0,708.0,3.0,879483921.0,M,1.0,31.0,educator
773.0,591.0,5.0,875124572.0,M,1.0,20.0,student
660.0,11.0,3.0,884637691.0,M,1.0,25.0,student
7.0,9.0,5.0,879111662.0,M,1.0,24.0,administrator
936.0,515.0,2.0,879465534.0,M,1.0,23.0,other
268.0,741.0,3.0,875318114.0,M,1.0,23.0,engineer
865.0,1119.0,3.0,875989866.0,M,1.0,29.0,artist
919.0,731.0,4.0,888737097.0,M,1.0,26.0,other
717.0,763.0,3.0,880123390.0,M,1.0,23.0,student
804.0,1047.0,4.0,878697440.0,M,1.0,35.0,educator
551.0,796.0,4.0,892920430.0,M,1.0,24.0,programmer
234.0,875.0,2.0,891033738.0,M,1.0,52.0,librarian
796.0,708.0,5.0,887158535.0,F,0.0,32.0,writer
569.0,831.0,4.0,879467073.0,M,1.0,31.0,educator
303.0,579.0,5.0,879304716.0,M,1.0,18.0,student
592.0,100.0,4.0,884326584.0,M,1.0,18.0,student
719.0,1023.0,4.0,891034201.0,F,0.0,24.0,other
6.0,204.0,5.0,888069636.0,M,1.0,38.0,executive
374.0,864.0,4.0,880314366.0,M,1.0,33.0,executive
864.0,488.0,4.0,886533227.0,M,1.0,26.0,programmer
896.0,741.0,4.0,879991234.0,M,1.0,27.0,writer
535.0,496.0,4.0,888103772.0,M,1.0,45.0,writer
222.0,9.0,3.0,875962634.0,M,1.0,27.0,programmer
804.0,517.0,5.0,879949375.0,M,1.0,37.0,educator
1.0,825.0,3.0,875071664.0,M,1.0,23.0,technician
456.0,10.0,4.0,878089033.0,M,1.0,23.0,technician
90.0,928.0,4.0,887740257.0,M,1.0,52.0,educator
387.0,661.0,4.0,886959334.0,M,1.0,31.0,entertainment
782.0,708.0,4.0,891250063.0,F,0.0,21.0,artist
819.0,79.0,4.0,887738136.0,M,1.0,27.0,other
708.0,1110.0,3.0,884749152.0,F,0.0,22.0,student
618.0,763.0,3.0,883630707.0,F,0.0,11.0,student
869.0,4.0,4.0,879787616.0,M,1.0,29.0,other
208.0,11.0,2.0,882387162.0,M,1.0,22.0,engineer
864.0,696.0,3.0,885157813.0,M,1.0,26.0,writer
407.0,708.0,4.0,885503908.0,M,1.0,27.0,engineer
798.0,781.0,2.0,875310233.0,F,0.0,40.0,writer
394.0,657.0,3.0,879111947.0,M,1.0,24.0,administrator
919.0,705.0,1.0,879876924.0,M,1.0,24.0,marketing
577.0,1006.0,4.0,875244869.0,M,1.0,24.0,entertainment
14.0,821.0,5.0,885809039.0,M,1.0,36.0,scientist
497.0,654.0,2.0,889731318.0,F,0.0,20.0,student
650.0,1147.0,5.0,891384912.0,M,1.0,38.0,engineer
267.0,286.0,3.0,878962615.0,M,1.0,23.0,engineer
585.0,7.0,4.0,888906566.0,M,1.0,50.0,other
922.0,64.0,4.0,879876654.0,F,0.0,29.0,administrator
7.0,603.0,3.0,879532451.0,M,1.0,51.0,administrator
429.0,709.0,5.0,880416254.0,M,1.0,26.0,student
158.0,476.0,4.0,882386756.0,M,1.0,44.0,other
299.0,968.0,2.0,891309347.0,M,1.0,27.0,doctor
566.0,748.0,3.0,891498882.0,M,1.0,18.0,librarian
891.0,546.0,4.0,884131555.0,F,0.0,21.0,student
194.0,56.0,4.0,879446436.0,M,1.0,35.0,administrator
18.0,515.0,5.0,889067051.0,F,0.0,31.0,other
671.0,955.0,3.0,875309914.0,M,1.0,23.0,programmer
543.0,672.0,5.0,888889061.0,M,1.0,35.0,scientist
235.0,11.0,5.0,879465743.0,M,1.0,34.0,educator
455.0,684.0,5.0,879444021.0,M,1.0,42.0,administrator
899.0,7.0,5.0,884121804.0,M,1.0,30.0,other
49.0,685.0,4.0,881001249.0,M,1.0,23.0,student
627.0,541.0,3.0,875340940.0,M,1.0,23.0,engineer
52.0,117.0,3.0,879445374.0,M,1.0,24.0,marketing
537.0,954.0,5.0,892151563.0,M,1.0,33.0,engineer
407.0,11.0,5.0,885690877.0,M,1.0,22.0,engineer
584.0,1017.0,4.0,879875095.0,M,1.0,44.0,other
305.0,176.0,3.0,877112559.0,M,1.0,23.0,programmer
711.0,479.0,5.0,880403433.0,F,0.0,10.0,student
864.0,195.0,5.0,875306723.0,M,1.0,26.0,programmer
239.0,589.0,3.0,888907154.0,M,1.0,35.0,artist
507.0,974.0,1.0,888907727.0,F,0.0,17.0,writer
561.0,288.0,3.0,886030552.0,M,1.0,23.0,engineer
753.0,10.0,4.0,891204264.0,M,1.0,29.0,librarian
537.0,662.0,3.0,891249476.0,M,1.0,33.0,educator
110.0,449.0,4.0,880561730.0,M,1.0,22.0,student
758.0,956.0,4.0,881975213.0,M,1.0,26.0,student
488.0,651.0,4.0,877123564.0,M,1.0,42.0,technician
305.0,678.0,4.0,886.0,M,1.0,23.0,student
6.0,568.0,4.0,875288973.0,M,1.0,32.0,other
293.0,627.0,3.0,888014796.0,M,1.0,23.0,entertainment
751.0,498.0,4.0,885807796.0,F,0.0,24.0,other
705.0,286.0,3.0,882607690.0,F,0.0,21.0,student
872.0,813.0,2.0,878961668.0,M,1.0,23.0,student
320.0,708.0,2.0,884923948.0,M,1.0,18.0,student
870.0,333.0,3.0,877802335.0,M,1.0,22.0,student
689.0,4.0,5.0,876816268.0,M,1.0,31.0,other
653.0,50.0,3.0,879969667.0,M,1.0,29.0,executive
774.0,692.0,5.0,881975213.0,M,1.0,26.0,student
363.0,684.0,3.0,891384332.0,M,1.0,20.0,student
85.0,549.0,4.0,880394200.0,M,1.0,45.0,educator
627.0,14.0,2.0,875962918.0,M,1.0,23.0,engineer
847.0,748.0,5.0,874715239.0,M,1.0,21.0,student
399.0,476.0,4.0,882404669.0,M,1.0,24.0,other
435.0,195.0,5.0,884366085.0,M,1.0,23.0,engineer
221.0,748.0,2.0,884752897.0,M,1.0,18.0,student
270.0,652.0,4.0,879875665.0,F,0.0,17.0,student
551.0,1145.0,5.0,886030780.0,M,1.0,26.0,engineer
456.0,1084.0,3.0,885809766.0,M,1.0,23.0,technician
751.0,1039.0,5.0,884636907.0,F,0.0,24.0,other
313.0,823.0,4.0,891012421.0,M,1.0,37.0,marketing
569.0,549.0,3.0,879532899.0,M,1.0,31.0,educator
416.0,9.0,4.0,886988236.0,F,0.0,20.0,student
682.0,566.0,5.0,882821800.0,M,1.0,23.0,student
454.0,8.0,4.0,885599435.0,M,1.0,29.0,student
930.0,584.0,3.0,875270616.0,M,1.0,28.0,healthcare
608.0,716.0,5.0,880241835.0,M,1.0,22.0,student
463.0,748.0,4.0,888103906.0,F,0.0,48.0,healthcare
592.0,472.0,2.0,880578598.0,M,1.0,18.0,student
463.0,174.0,3.0,879443700.0,M,1.0,27.0,student
419.0,867.0,5.0,889403086.0,M,1.0,34.0,marketing
334.0,111.0,3.0,879014927.0,M,1.0,30.0,librarian
594.0,926.0,4.0,879441330.0,M,1.0,42.0,educator
774.0,333.0,3.0,882387165.0,M,1.0,28.0,student
186.0,756.0,4.0,879792651.0,M,1.0,39.0,executive
751.0,955.0,3.0,892790953.0,M,1.0,24.0,other
757.0,707.0,3.0,882955662.0,F,0.0,25.0,student
615.0,100.0,3.0,879446942.0,M,1.0,35.0,educator
643.0,615.0,3.0,878694766.0,M,1.0,35.0,scientist
194.0,1033.0,4.0,879443351.0,M,1.0,35.0,administrator
303.0,100.0,4.0,879191763.0,M,1.0,18.0,student
768.0,535.0,4.0,891545659.0,M,1.0,27.0,administrator
405.0,871.0,2.0,884296747.0,F,0.0,22.0,healthcare
299.0,511.0,1.0,8794404757.0,M,1.0,27.0,doctor
399.0,979.0,3.0,887745983.0,M,1.0,24.0,other
233.0,679.0,4.0,875297426.0,M,1.0,35.0,scientist
481.0,1081.0,4.0,891199950.0,M,1.0,52.0,retired
116.0,662.0,5.0,878692811.0,M,1.0,22.0,healthcare
213.0,962.0,5.0,891037210.0,M,1.0,29.0,executive
201.0,523.0,3.0,884112847.0,M,1.0,26.0,writer
537.0,845.0,3.0,886028544.0,M,1.0,33.0,engineer
320.0,1023.0,5.0,886610124.0,M,1.0,18.0,student
815.0,609.0,5.0,878771346.0,F,0.0,39.0,other
569.0,1016.0,1.0,879521345.0,M,1.0,44.0,executive
889.0,867.0,5.0,880174854.0,M,1.0,23.0,technician
297.0,524.0,2.0,879454914.0,F,0.0,44.0,educator
523.0,693.0,3.0,887912462.0,M,1.0,18.0,student
561.0,271.0,5.0,877757700.0,M,1.0,23.0,entertainment
401.0,569.0,4.0,884923296.0,F,0.0,44.0,healthcare
759.0,845.0,5.0,8887399.0,M,1.0,20.0,student
802.0,7.0,5.0,879363675.0,M,1.0,29.0,administrator
790.0,534.0,4.0,885159745.0,M,1.0,26.0,student
919.0,1087.0,3.0,875727296.0,M,1.0,23.0,other
553.0,258.0,4.0,889492747.0,M,1.0,50.0,educator
796.0,100.0,4.0,891382070.0,M,1.0,32.0,writer
334.0,431.0,3.0,891293590.0,M,1.0,30.0,librarian
13.0,596.0,3.0,883762527.0,M,1.0,42.0,educator
796.0,8.0,4.0,881960710.0,M,1.0,32.0,writer
707.0,516.0,1.0,891388574.0,F,0.0,56.0,librarian
919.0,431.0,5.0,891354751.0,F,0.0,42.0,other
536.0,11.0,4.0,881171332.0,M,1.0,35.0,engineer
815.0,518.0,3.0,879435369.0,M,1.0,44.0,other
15.0,968.0,2.0,889655162.0,F,0.0,49.0,educator
595.0,875.0,3.0,884362202.0,M,1.0,24.0,programmer
749.0,8.0,3.0,886474496.0,M,1.0,31.0,other
1.0,1110.0,4.0,883194367.0,M,1.0,27.0,technician
561.0,9.0,1.0,875654981.0,M,1.0,23.0,engineer
896.0,890.0,3.0,893219805.0,M,1.0,37.0,writer
749.0,50.0,2.0,876695273.0,M,1.0,31.0,other
682.0,751.0,4.0,888518411.0,M,1.0,23.0,programmer
709.0,8.0,1.0,875652929.0,F,0.0,21.0,other
841.0,1185.0,5.0,879447822.0,M,1.0,46.0,marketing
255.0,461.0,3.0,877724726.0,M,1.0,23.0,entertainment
7.0,923.0,5.0,879548224.0,M,1.0,50.0,administrator
187.0,15.0,4.0,879485319.0,M,1.0,31.0,educator
532.0,566.0,4.0,881960748.0,M,1.0,20.0,student
521.0,111.0,4.0,883326808.0,M,1.0,18.0,student
442.0,728.0,4.0,889129974.0,M,1.0,18.0,student
795.0,1271.0,2.0,892879325.0,F,0.0,28.0,writer
805.0,715.0,4.0,888103971.0,M,1.0,44.0,writer
871.0,237.0,4.0,885679784.0,M,1.0,35.0,executive
486.0,12.0,4.0,881373059.0,M,1.0,35.0,educator
756.0,127.0,3.0,880332748.0,F,0.0,30.0,none
269.0,974.0,4.0,885158325.0,F,0.0,31.0,librarian
293.0,294.0,3.0,881107054.0,M,1.0,23.0,writer
311.0,483.0,5.0,884646019.0,M,1.0,30.0,administrator
804.0,50.0,3.0,879466166.0,M,1.0,35.0,educator
13.0,826.0,4.0,887739969.0,M,1.0,42.0,educator
412.0,652.0,3.0,879441434.0,M,1.0,22.0,educator
18.0,1045.0,5.0,885599572.0,F,0.0,35.0,other
584.0,14.0,4.0,880130411.0,M,1.0,35.0,educator
642.0,1032.0,4.0,885810240.0,M,1.0,17.0,programmer
200.0,742.0,4.0,891385079.0,M,1.0,36.0,programmer
334.0,546.0,3.0,891034053.0,M,1.0,30.0,librarian
382.0,1067.0,2.0,889655162.0,M,1.0,21.0,entertainment
94.0,751.0,5.0,891721191.0,M,1.0,25.0,student
943.0,12.0,4.0,878438604.0,M,1.0,26.0,student
892.0,946.0,5.0,880154440.0,M,1.0,33.0,other
62.0,828.0,2.0,891013043.0,F,0.0,27.0,administrator
639.0,568.0,4.0,881650242.0,F,0.0,43.0,programmer
896.0,9.0,4.0,893251598.0,M,1.0,28.0,writer
269.0,100.0,3.0,891494357.0,F,0.0,31.0,programmer
521.0,948.0,5.0,874864116.0,F,0.0,18.0,student
669.0,511.0,4.0,888069478.0,M,1.0,34.0,scientist
592.0,931.0,4.0,885809040.0,M,1.0,18.0,student
83.0,515.0,3.0,891385399.0,F,0.0,38.0,other
527.0,685.0,4.0,879445370.0,M,1.0,31.0,librarian
269.0,941.0,5.0,891385751.0,M,1.0,31.0,librarian
378.0,686.0,5.0,880561633.0,M,1.0,32.0,student
872.0,727.0,5.0,885808215.0,F,0.0,26.0,artist
806.0,833.0,4.0,885809356.0,F,0.0,27.0,marketing
896.0,514.0,3.0,880139090.0,M,1.0,27.0,writer
326.0,531.0,4.0,892681478.0,M,1.0,37.0,administrator
144.0,313.0,3.0,880174113.0,M,1.0,45.0,administrator
715.0,523.0,4.0,878951186.0,M,1.0,44.0,marketing
497.0,101.0,3.0,876502031.0,M,1.0,20.0,student
8.0,15.0,3.0,878760307.0,M,1.0,28.0,administrator
331.0,763.0,5.0,891274610.0,M,1.0,31.0,entertainment
932.0,739.0,3.0,891033805.0,M,1.0,50.0,educator
618.0,1215.0,3.0,883712268.0,F,0.0,18.0,student
738.0,431.0,3.0,891384499.0,M,1.0,32.0,technician
407.0,474.0,4.0,878962674.0,M,1.0,27.0,engineer
699.0,581.0,4.0,885598977.0,M,1.0,39.0,other
712.0,943.0,4.0,875742826.0,F,0.0,22.0,student
235.0,638.0,3.0,889502621.0,M,1.0,29.0,educator
790.0,690.0,5.0,885158567.0,M,1.0,26.0,technician
763.0,431.0,4.0,879431912.0,M,1.0,36.0,scientist
334.0,662.0,4.0,891035362.0,F,0.0,30.0,librarian
144.0,673.0,3.0,888066999.0,M,1.0,46.0,programmer
889.0,22.0,2.0,882078821.0,M,1.0,23.0,other
479.0,302.0,4.0,879461351.0,M,1.0,28.0,educator
682.0,569.0,2.0,8832685.0,M,1.0,24.0,programmer
514.0,7.0,2.0,891033773.0,M,1.0,40.0,librarian
406.0,756.0,5.0,879442286.0,M,1.0,46.0,educator
543.0,746.0,3.0,887666215.0,M,1.0,35.0,marketing
721.0,592.0,5.0,883710281.0,F,0.0,24.0,student
716.0,746.0,4.0,878854195.0,F,0.0,36.0,administrator
389.0,276.0,5.0,877132660.0,F,0.0,44.0,writer
751.0,481.0,3.0,888906514.0,M,1.0,24.0,other
297.0,951.0,3.0,879521249.0,F,0.0,29.0,educator
101.0,689.0,5.0,879899299.0,M,1.0,20.0,student
624.0,678.0,4.0,883246422.0,M,1.0,44.0,writer
514.0,515.0,3.0,875654988.0,M,1.0,26.0,programmer
409.0,762.0,5.0,888637751.0,M,1.0,42.0,administrator
660.0,14.0,3.0,889737530.0,M,1.0,25.0,student
92.0,127.0,5.0,875656025.0,M,1.0,30.0,entertainment
716.0,875.0,1.0,888906862.0,M,1.0,24.0,administrator
897.0,924.0,2.0,875962140.0,M,1.0,31.0,other
207.0,527.0,1.0,880325543.0,M,1.0,35.0,marketing
190.0,582.0,4.0,891433508.0,M,1.0,28.0,student
718.0,286.0,5.0,881373784.0,F,0.0,36.0,technician
766.0,595.0,4.0,875297421.0,F,0.0,38.0,other
532.0,195.0,3.0,881269077.0,M,1.0,20.0,student
335.0,121.0,4.0,884132941.0,M,1.0,42.0,executive
324.0,681.0,4.0,884130883.0,F,0.0,26.0,student
293.0,554.0,4.0,888907193.0,M,1.0,23.0,writer
561.0,682.0,3.0,892153325.0,M,1.0,23.0,engineer
393.0,477.0,3.0,886608716.0,M,1.0,18.0,student
907.0,79.0,5.0,891447995.0,F,0.0,30.0,librarian
634.0,956.0,3.0,876504354.0,M,1.0,35.0,engineer
927.0,568.0,3.0,889178969.0,F,0.0,17.0,student
883.0,833.0,3.0,878973666.0,M,1.0,43.0,librarian
194.0,153.0,4.0,879468406.0,M,1.0,33.0,administrator
846.0,474.0,3.0,883950232.0,M,1.0,26.0,lawyer
500.0,100.0,3.0,885049236.0,M,1.0,27.0,administrator
707.0,172.0,4.0,889739883.0,F,0.0,56.0,librarian
632.0,176.0,2.0,879539988.0,M,1.0,18.0,student
429.0,955.0,4.0,882387773.0,M,1.0,26.0,student
450.0,472.0,2.0,879012562.0,F,0.0,35.0,educator
449.0,690.0,5.0,888071247.0,F,0.0,23.0,other
921.0,1047.0,5.0,878855100.0,M,1.0,18.0,other
269.0,50.0,3.0,892911290.0,M,1.0,27.0,librarian
275.0,546.0,5.0,884131438.0,M,1.0,23.0,engineer
435.0,865.0,4.0,882157836.0,M,1.0,23.0,engineer
389.0,597.0,3.0,881170038.0,F,0.0,44.0,writer
286.0,647.0,3.0,875072556.0,M,1.0,26.0,student
537.0,484.0,3.0,882076146.0,M,1.0,33.0,engineer
232.0,294.0,3.0,881105546.0,M,1.0,40.0,scientist
719.0,1029.0,3.0,882592620.0,M,1.0,24.0,other
328.0,1039.0,4.0,885848886.0,M,1.0,45.0,administrator
835.0,889.0,3.0,889241562.0,F,0.0,44.0,executive
321.0,631.0,3.0,880313665.0,F,0.0,49.0,educator
256.0,4.0,3.0,881288574.0,F,0.0,35.0,none
305.0,515.0,5.0,886608611.0,M,1.0,22.0,programmer
425.0,488.0,4.0,879446344.0,M,1.0,18.0,student
707.0,559.0,4.0,888479988.0,F,0.0,56.0,librarian
352.0,989.0,3.0,885672554.0,F,0.0,35.0,programmer
843.0,13.0,3.0,89119068.0,M,1.0,29.0,librarian
704.0,741.0,3.0,878854625.0,F,0.0,25.0,student
201.0,1047.0,4.0,888640086.0,M,1.0,26.0,student
179.0,7.0,5.0,879969879.0,M,1.0,20.0,none
833.0,118.0,4.0,875289542.0,M,1.0,31.0,writer
291.0,210.0,5.0,889491349.0,F,0.0,18.0,student
308.0,1047.0,2.0,887739095.0,M,1.0,52.0,retired
851.0,15.0,4.0,879435369.0,M,1.0,35.0,other
682.0,1060.0,3.0,884305442.0,M,1.0,23.0,programmer
324.0,566.0,2.0,889651546.0,F,0.0,21.0,student
7.0,294.0,4.0,891035535.0,F,0.0,51.0,administrator
389.0,678.0,4.0,879524291.0,F,0.0,44.0,writer
13.0,257.0,4.0,879448096.0,M,1.0,42.0,educator
189.0,573.0,3.0,884365058.0,M,1.0,30.0,artist
276.0,544.0,3.0,876718710.0,M,1.0,21.0,student
1.0,7.0,3.0,880925610.0,M,1.0,23.0,technician
542.0,12.0,4.0,889731704.0,M,1.0,20.0,student
556.0,916.0,5.0,879447871.0,M,1.0,50.0,educator
583.0,588.0,3.0,891032413.0,M,1.0,39.0,librarian
666.0,751.0,3.0,879443904.0,M,1.0,39.0,administrator
224.0,9.0,4.0,879484159.0,F,0.0,31.0,educator
110.0,762.0,4.0,881956803.0,M,1.0,18.0,student
812.0,176.0,3.0,875962469.0,M,1.0,28.0,other
295.0,628.0,3.0,879518992.0,M,1.0,29.0,educator
823.0,707.0,4.0,878438179.0,M,1.0,21.0,artist
130.0,300.0,3.0,881372692.0,M,1.0,20.0,none
711.0,82.0,4.0,879362202.0,F,0.0,54.0,administrator
303.0,1098.0,4.0,879793528.0,M,1.0,18.0,student
621.0,1117.0,4.0,889214370.0,M,1.0,18.0,student
943.0,944.0,3.0,883756996.0,M,1.0,22.0,other
405.0,871.0,4.0,880242947.0,F,0.0,22.0,student
327.0,286.0,5.0,888082187.0,M,1.0,22.0,student
843.0,509.0,3.0,877395323.0,M,1.0,27.0,doctor
653.0,871.0,4.0,877108875.0,M,1.0,29.0,executive
749.0,7.0,3.0,878886333.0,M,1.0,31.0,other
303.0,1118.0,2.0,879444023.0,M,1.0,18.0,student
42.0,153.0,3.0,885157924.0,M,1.0,23.0,technician
210.0,678.0,4.0,876403561.0,M,1.0,35.0,engineer
606.0,839.0,4.0,875659823.0,M,1.0,27.0,programmer
207.0,603.0,1.0,879443297.0,M,1.0,28.0,marketing
207.0,607.0,4.0,886398246.0,M,1.0,35.0,marketing
660.0,98.0,4.0,880605105.0,M,1.0,25.0,student
1.0,382.0,4.0,87783300.0,M,1.0,23.0,technician
825.0,584.0,4.0,884366584.0,M,1.0,23.0,engineer
634.0,173.0,4.0,879466129.0,M,1.0,20.0,student
435.0,9.0,3.0,875332210.0,M,1.0,23.0,engineer
368.0,778.0,3.0,889386941.0,M,1.0,20.0,student
152.0,749.0,3.0,888737514.0,M,1.0,44.0,educator
606.0,559.0,4.0,875324916.0,M,1.0,27.0,programmer
896.0,546.0,5.0,878886880.0,F,0.0,27.0,writer
200.0,810.0,5.0,881110341.0,M,1.0,36.0,programmer
655.0,546.0,2.0,883364188.0,F,0.0,50.0,healthcare
216.0,896.0,3.0,888445298.0,M,1.0,22.0,engineer
13.0,546.0,4.0,878761760.0,M,1.0,42.0,educator
290.0,652.0,4.0,877399290.0,M,1.0,36.0,engineer
215.0,647.0,4.0,891449279.0,M,1.0,32.0,programmer
286.0,684.0,2.0,884262044.0,M,1.0,26.0,student
704.0,584.0,4.0,891436244.0,F,0.0,51.0,librarian
676.0,733.0,4.0,874787350.0,M,1.0,28.0,programmer
722.0,740.0,5.0,884030789.0,F,0.0,44.0,writer
73.0,1047.0,5.0,887911824.0,F,0.0,29.0,student
343.0,1036.0,4.0,876405879.0,M,1.0,39.0,engineer
943.0,476.0,4.0,880242076.0,M,1.0,22.0,student
643.0,568.0,5.0,891037625.0,M,1.0,26.0,lawyer
630.0,685.0,3.0,891048666.0,M,1.0,26.0,healthcare
360.0,11.0,4.0,879874585.0,M,1.0,45.0,other
666.0,523.0,3.0,880473497.0,M,1.0,39.0,other
200.0,64.0,3.0,875245514.0,M,1.0,36.0,programmer
188.0,763.0,5.0,879445552.0,M,1.0,38.0,student
154.0,845.0,4.0,880570835.0,M,1.0,24.0,student
10.0,654.0,3.0,882140909.0,M,1.0,46.0,lawyer
559.0,9.0,3.0,891037294.0,M,1.0,59.0,executive
291.0,11.0,3.0,874873703.0,M,1.0,17.0,student
568.0,865.0,4.0,879449971.0,M,1.0,45.0,educator
279.0,121.0,4.0,885809356.0,M,1.0,31.0,programmer
589.0,9.0,5.0,874787016.0,F,0.0,17.0,writer
484.0,5.0,3.0,887667822.0,M,1.0,27.0,programmer
7.0,50.0,3.0,880605618.0,M,1.0,50.0,administrator
863.0,578.0,3.0,880926246.0,M,1.0,17.0,student
903.0,748.0,4.0,891031578.0,M,1.0,50.0,educator
429.0,690.0,4.0,875242927.0,M,1.0,26.0,student
729.0,682.0,1.0,875242891.0,M,1.0,18.0,student
87.0,831.0,4.0,879456247.0,M,1.0,42.0,administrator
689.0,509.0,2.0,891284898.0,M,1.0,39.0,librarian
532.0,98.0,3.0,883702452.0,M,1.0,20.0,student
807.0,872.0,2.0,875297413.0,M,1.0,41.0,other
887.0,12.0,5.0,875320410.0,F,0.0,10.0,student
655.0,963.0,5.0,886610174.0,F,0.0,43.0,healthcare
774.0,483.0,4.0,891273880.0,M,1.0,28.0,librarian
862.0,1044.0,4.0,889908474.0,M,1.0,24.0,executive
429.0,151.0,5.0,879446491.0,M,1.0,26.0,student
655.0,5.0,3.0,886985003.0,F,0.0,50.0,healthcare
841.0,9.0,3.0,88017653.0,M,1.0,18.0,student
815.0,1039.0,1.0,878962468.0,M,1.0,25.0,other
311.0,566.0,1.0,888476924.0,M,1.0,30.0,technician
869.0,515.0,4.0,882398663.0,M,1.0,27.0,student
756.0,790.0,4.0,883710341.0,M,1.0,30.0,none
932.0,357.0,1.0,886323860.0,M,1.0,50.0,writer
95.0,854.0,3.0,878918211.0,M,1.0,29.0,administrator
833.0,824.0,4.0,875727294.0,M,1.0,32.0,other
249.0,607.0,5.0,883711875.0,M,1.0,24.0,student
332.0,7.0,3.0,879454950.0,M,1.0,20.0,student
805.0,689.0,3.0,880394000.0,M,1.0,26.0,other
901.0,1028.0,3.0,889492418.0,M,1.0,41.0,engineer
279.0,687.0,3.0,875104420.0,M,1.0,31.0,programmer
795.0,745.0,3.0,880179128.0,M,1.0,25.0,writer
269.0,726.0,3.0,891032413.0,F,0.0,31.0,librarian
634.0,955.0,4.0,891495646.0,M,1.0,40.0,engineer
472.0,955.0,2.0,888907927.0,M,1.0,23.0,student
303.0,479.0,5.0,879862286.0,M,1.0,18.0,student
878.0,7.0,5.0,88004582.0,M,1.0,32.0,educator
751.0,7.0,4.0,891354947.0,F,0.0,24.0,administrator
308.0,568.0,4.0,887742055.0,M,1.0,52.0,retired
293.0,628.0,4.0,879522977.0,M,1.0,23.0,writer
566.0,849.0,4.0,879572466.0,M,1.0,18.0,student
730.0,716.0,3.0,883447785.0,F,0.0,35.0,scientist
486.0,971.0,3.0,891200079.0,M,1.0,50.0,educator
269.0,928.0,4.0,891296859.0,M,1.0,31.0,librarian
49.0,828.0,3.0,887912462.0,M,1.0,23.0,student
269.0,518.0,4.0,891448265.0,F,0.0,31.0,librarian
600.0,471.0,4.0,880603016.0,M,1.0,27.0,programmer
184.0,546.0,3.0,889908694.0,M,1.0,34.0,librarian
622.0,9.0,2.0,885809871.0,M,1.0,24.0,programmer
624.0,544.0,3.0,884131416.0,M,1.0,39.0,engineer
305.0,602.0,4.0,885809356.0,M,1.0,23.0,programmer
829.0,589.0,4.0,879443800.0,F,0.0,42.0,librarian
648.0,489.0,2.0,884366187.0,M,1.0,39.0,engineer
913.0,671.0,1.0,885598431.0,M,1.0,26.0,programmer
436.0,597.0,4.0,882359093.0,F,0.0,40.0,administrator
532.0,675.0,1.0,880348510.0,M,1.0,20.0,student
615.0,652.0,3.0,877131053.0,M,1.0,35.0,educator
367.0,556.0,3.0,888467706.0,M,1.0,18.0,student
639.0,708.0,3.0,882385728.0,M,1.0,42.0,educator
589.0,286.0,5.0,879442062.0,M,1.0,45.0,administrator
764.0,526.0,3.0,880144123.0,M,1.0,32.0,administrator
648.0,558.0,4.0,891033607.0,M,1.0,39.0,engineer
642.0,866.0,3.0,885848886.0,M,1.0,17.0,engineer
293.0,549.0,2.0,888907727.0,M,1.0,23.0,writer
655.0,751.0,3.0,884984127.0,F,0.0,50.0,student
557.0,56.0,3.0,891384868.0,M,1.0,59.0,programmer
758.0,654.0,3.0,882677905.0,M,1.0,26.0,student
434.0,746.0,4.0,889722012.0,M,1.0,32.0,writer
537.0,763.0,5.0,888640916.0,M,1.0,33.0,engineer
416.0,494.0,5.0,892920480.0,M,1.0,20.0,student
472.0,4.0,4.0,879874968.0,M,1.0,23.0,student
710.0,5.0,4.0,884121098.0,F,0.0,26.0,student
472.0,472.0,4.0,880602626.0,M,1.0,23.0,student
717.0,1237.0,4.0,884292068.0,M,1.0,25.0,engineer
189.0,294.0,3.0,893218083.0,M,1.0,30.0,artist
293.0,14.0,4.0,889737453.0,M,1.0,23.0,writer
847.0,276.0,4.0,876537900.0,M,1.0,27.0,student
472.0,531.0,3.0,879190600.0,M,1.0,23.0,student
927.0,216.0,5.0,875309869.0,M,1.0,23.0,other
227.0,174.0,5.0,877974310.0,M,1.0,41.0,executive
940.0,100.0,3.0,880355603.0,M,1.0,26.0,homemaker
442.0,705.0,3.0,880607973.0,M,1.0,22.0,student
314.0,748.0,5.0,875065347.0,F,0.0,20.0,student
497.0,9.0,4.0,882386059.0,M,1.0,20.0,student
318.0,751.0,5.0,884496226.0,M,1.0,56.0,retired
125.0,1028.0,4.0,878347543.0,M,1.0,28.0,lawyer
653.0,1272.0,3.0,879113971.0,M,1.0,29.0,executive
642.0,895.0,1.0,884496590.0,F,0.0,17.0,student
293.0,615.0,4.0,888905865.0,M,1.0,31.0,writer
454.0,582.0,2.0,880871257.0,M,1.0,27.0,student
456.0,7.0,5.0,886394853.0,M,1.0,23.0,technician
344.0,4.0,3.0,889910394.0,F,0.0,30.0,librarian
608.0,483.0,5.0,880843467.0,M,1.0,22.0,other
927.0,50.0,3.0,886831437.0,M,1.0,23.0,student
577.0,174.0,4.0,880180612.0,F,0.0,10.0,student
579.0,639.0,3.0,884636907.0,M,1.0,30.0,educator
280.0,531.0,3.0,874730467.0,F,0.0,30.0,student
537.0,517.0,4.0,886031761.0,M,1.0,33.0,engineer
870.0,896.0,5.0,882827148.0,M,1.0,22.0,student
268.0,687.0,4.0,889503848.0,M,1.0,23.0,engineer
456.0,939.0,3.0,881372424.0,M,1.0,30.0,technician
75.0,473.0,4.0,882427336.0,M,1.0,23.0,entertainment
425.0,931.0,4.0,875729737.0,M,1.0,18.0,student
693.0,763.0,1.0,879451401.0,M,1.0,31.0,educator
689.0,527.0,3.0,879443621.0,F,0.0,45.0,other
704.0,15.0,4.0,891699065.0,F,0.0,5.0,homemaker
130.0,9.0,3.0,879110905.0,M,1.0,20.0,none
891.0,7.0,4.0,879442202.0,F,0.0,51.0,librarian
234.0,476.0,3.0,892335501.0,M,1.0,52.0,retired
405.0,482.0,3.0,879460125.0,F,0.0,22.0,healthcare
916.0,8.0,1.0,884114772.0,M,1.0,26.0,marketing
450.0,547.0,4.0,882074967.0,F,0.0,42.0,educator
11.0,568.0,4.0,878940332.0,F,0.0,27.0,other
303.0,657.0,3.0,876534751.0,M,1.0,18.0,student
650.0,517.0,5.0,884131814.0,M,1.0,38.0,engineer
622.0,483.0,5.0,886030707.0,M,1.0,24.0,engineer
262.0,846.0,2.0,879461582.0,F,0.0,18.0,student
466.0,569.0,1.0,875540035.0,M,1.0,22.0,student
697.0,661.0,4.0,877535013.0,M,1.0,31.0,other
782.0,506.0,5.0,888081927.0,F,0.0,44.0,librarian
435.0,699.0,4.0,879892368.0,M,1.0,23.0,engineer
450.0,751.0,5.0,881450849.0,F,0.0,35.0,educator
447.0,286.0,5.0,884112701.0,M,1.0,28.0,other
664.0,508.0,4.0,891036415.0,M,1.0,35.0,engineer
708.0,56.0,5.0,880123525.0,F,0.0,26.0,student
540.0,735.0,4.0,888605277.0,M,1.0,26.0,engineer
436.0,4.0,3.0,880572685.0,F,0.0,23.0,administrator
334.0,655.0,1.0,891517159.0,F,0.0,30.0,librarian
686.0,763.0,5.0,891549155.0,M,1.0,30.0,educator
500.0,591.0,5.0,883767338.0,M,1.0,27.0,administrator
425.0,679.0,3.0,875654648.0,M,1.0,18.0,student
308.0,12.0,5.0,887738760.0,M,1.0,52.0,programmer
922.0,513.0,3.0,891035781.0,F,0.0,29.0,administrator
925.0,507.0,4.0,884133908.0,M,1.0,23.0,engineer
158.0,471.0,4.0,887911725.0,M,1.0,44.0,educator
642.0,1228.0,4.0,880579787.0,M,1.0,21.0,student
222.0,890.0,5.0,887160956.0,M,1.0,27.0,programmer
234.0,744.0,3.0,892335437.0,M,1.0,52.0,retired
749.0,678.0,1.0,875270149.0,M,1.0,31.0,other
393.0,527.0,4.0,879304766.0,M,1.0,18.0,student
471.0,1019.0,5.0,883390485.0,M,1.0,22.0,student
941.0,684.0,4.0,885044309.0,F,0.0,17.0,student
276.0,682.0,4.0,879454950.0,F,0.0,21.0,student
660.0,771.0,2.0,891294365.0,M,1.0,25.0,student
267.0,11.0,4.0,876402668.0,M,1.0,23.0,engineer
387.0,578.0,3.0,886483091.0,M,1.0,31.0,entertainment
291.0,658.0,4.0,877562360.0,M,1.0,18.0,student
593.0,531.0,4.0,886479771.0,F,0.0,53.0,healthcare
787.0,988.0,3.0,879874582.0,M,1.0,36.0,student
880.0,662.0,3.0,880333802.0,M,1.0,11.0,student
758.0,517.0,3.0,888467533.0,M,1.0,26.0,student
693.0,14.0,1.0,875738059.0,F,0.0,43.0,healthcare
437.0,663.0,3.0,879467413.0,F,0.0,27.0,other
843.0,928.0,3.0,879196230.0,M,1.0,32.0,administrator
336.0,79.0,4.0,881650690.0,M,1.0,23.0,salesman
886.0,478.0,4.0,889728250.0,M,1.0,20.0,student
385.0,381.0,4.0,875240499.0,M,1.0,43.0,writer
457.0,645.0,2.0,882340900.0,F,0.0,33.0,salesman
130.0,748.0,4.0,876250932.0,F,0.0,20.0,none
323.0,508.0,2.0,888559787.0,M,1.0,21.0,student
201.0,879.0,4.0,887161179.0,M,1.0,26.0,writer
941.0,118.0,4.0,875985796.0,M,1.0,20.0,student
865.0,976.0,3.0,882677369.0,M,1.0,24.0,student
877.0,151.0,4.0,877136792.0,M,1.0,28.0,entertainment
666.0,485.0,4.0,888068816.0,M,1.0,39.0,administrator
537.0,14.0,5.0,886030016.0,M,1.0,33.0,programmer
363.0,974.0,2.0,892905965.0,M,1.0,20.0,student
23.0,1.0,4.0,879454976.0,M,1.0,31.0,writer
880.0,50.0,4.0,874730073.0,F,0.0,11.0,student
823.0,1059.0,3.0,878439293.0,M,1.0,26.0,artist
854.0,50.0,4.0,884364017.0,M,1.0,27.0,student
782.0,740.0,1.0,880935406.0,F,0.0,31.0,other
851.0,974.0,5.0,879362562.0,F,0.0,18.0,other
269.0,665.0,2.0,891035307.0,F,0.0,31.0,librarian
130.0,682.0,4.0,878849886.0,M,1.0,20.0,none
406.0,866.0,2.0,889739678.0,M,1.0,46.0,educator
851.0,471.0,4.0,891351488.0,M,1.0,34.0,other
457.0,168.0,4.0,878856026.0,M,1.0,33.0,salesman
81.0,678.0,4.0,876032377.0,M,1.0,21.0,programmer
896.0,734.0,5.0,887252763.0,M,1.0,27.0,writer
422.0,823.0,4.0,889221227.0,M,1.0,23.0,entertainment
151.0,692.0,4.0,888905865.0,F,0.0,27.0,administrator
654.0,515.0,5.0,883450148.0,M,1.0,27.0,writer
92.0,684.0,4.0,879544644.0,M,1.0,30.0,artist
805.0,652.0,5.0,886398865.0,F,0.0,27.0,other
280.0,856.0,3.0,891721684.0,M,1.0,30.0,librarian
1.0,7.0,3.0,883348726.0,M,1.0,23.0,technician
921.0,877.0,4.0,889179541.0,F,0.0,22.0,student
4.0,604.0,2.0,888521158.0,M,1.0,23.0,technician
843.0,522.0,4.0,879458941.0,M,1.0,32.0,librarian
256.0,14.0,4.0,881282626.0,F,0.0,40.0,none
405.0,7.0,1.0,886272009.0,F,0.0,22.0,healthcare
279.0,867.0,4.0,891467545.0,M,1.0,31.0,programmer
221.0,675.0,4.0,886988574.0,M,1.0,18.0,student
334.0,627.0,4.0,882404319.0,M,1.0,39.0,writer
343.0,651.0,3.0,880844453.0,M,1.0,39.0,engineer
864.0,746.0,4.0,887736707.0,M,1.0,26.0,programmer
506.0,945.0,4.0,877806719.0,M,1.0,41.0,programmer
919.0,923.0,4.0,880570827.0,M,1.0,23.0,other
380.0,313.0,3.0,885848447.0,M,1.0,30.0,engineer
246.0,258.0,3.0,874963526.0,M,1.0,18.0,student
918.0,168.0,2.0,891544153.0,F,0.0,29.0,librarian
758.0,744.0,5.0,877136950.0,M,1.0,26.0,student
10.0,474.0,4.0,887737210.0,M,1.0,46.0,lawyer
363.0,514.0,4.0,891449417.0,M,1.0,20.0,student
181.0,945.0,5.0,878961668.0,M,1.0,25.0,executive
59.0,511.0,3.0,891269076.0,M,1.0,43.0,educator
472.0,286.0,4.0,879467413.0,M,1.0,23.0,student
458.0,1224.0,4.0,885368112.0,M,1.0,42.0,technician
546.0,741.0,5.0,875304953.0,M,1.0,33.0,engineer
619.0,79.0,3.0,884364845.0,F,0.0,26.0,student
409.0,778.0,4.0,881106645.0,M,1.0,42.0,administrator
479.0,258.0,5.0,879876773.0,M,1.0,22.0,student
405.0,531.0,1.0,884365890.0,F,0.0,22.0,healthcare
411.0,731.0,4.0,891384937.0,M,1.0,31.0,educator
25.0,151.0,4.0,875271025.0,M,1.0,35.0,engineer
214.0,121.0,4.0,879459743.0,F,0.0,27.0,librarian
763.0,547.0,3.0,889416312.0,M,1.0,26.0,scientist
655.0,723.0,4.0,887046676.0,F,0.0,50.0,healthcare
514.0,585.0,5.0,884640119.0,M,1.0,26.0,programmer
655.0,762.0,4.0,886989440.0,F,0.0,50.0,healthcare
409.0,748.0,5.0,884129529.0,M,1.0,42.0,administrator
151.0,781.0,3.0,879874583.0,F,0.0,38.0,administrator
593.0,127.0,5.0,879447583.0,F,0.0,31.0,educator
363.0,1047.0,5.0,875729667.0,M,1.0,20.0,student
804.0,9.0,3.0,879441093.0,M,1.0,35.0,educator
6.0,732.0,3.0,875983270.0,M,1.0,53.0,other
540.0,692.0,5.0,888067187.0,F,0.0,41.0,healthcare
49.0,466.0,5.0,8794407008.0,F,0.0,20.0,student
591.0,948.0,3.0,891721191.0,M,1.0,59.0,librarian
457.0,745.0,4.0,885943685.0,F,0.0,33.0,salesman
716.0,597.0,4.0,879446268.0,F,0.0,36.0,administrator
524.0,751.0,3.0,881450054.0,M,1.0,50.0,educator
796.0,523.0,4.0,875346797.0,F,0.0,32.0,writer
880.0,4.0,2.0,880307751.0,M,1.0,10.0,student
847.0,605.0,3.0,875297430.0,M,1.0,21.0,student
342.0,924.0,4.0,877458575.0,F,0.0,25.0,other
298.0,741.0,3.0,877885700.0,M,1.0,39.0,executive
603.0,788.0,4.0,879442901.0,M,1.0,35.0,other
897.0,678.0,3.0,877869625.0,M,1.0,28.0,other
343.0,1028.0,3.0,875324148.0,M,1.0,39.0,engineer
919.0,692.0,1.0,878941144.0,M,1.0,24.0,student
145.0,172.0,3.0,877751798.0,M,1.0,29.0,entertainment
311.0,8.0,4.0,884131074.0,M,1.0,30.0,technician
5.0,518.0,3.0,888523595.0,M,1.0,23.0,other
436.0,591.0,3.0,879454549.0,F,0.0,28.0,administrator
457.0,845.0,3.0,882075241.0,M,1.0,33.0,salesman
425.0,489.0,2.0,879874956.0,M,1.0,18.0,student
90.0,568.0,4.0,891382426.0,M,1.0,52.0,educator
444.0,744.0,4.0,889041662.0,M,1.0,32.0,writer
320.0,187.0,1.0,886532977.0,M,1.0,18.0,student
264.0,515.0,5.0,884923857.0,M,1.0,36.0,writer
851.0,478.0,4.0,881108872.0,F,0.0,10.0,other
405.0,815.0,4.0,884139940.0,F,0.0,22.0,healthcare
66.0,515.0,5.0,888069536.0,M,1.0,23.0,student
305.0,926.0,4.0,886608163.0,M,1.0,23.0,programmer
221.0,732.0,2.0,884497236.0,M,1.0,18.0,student
454.0,7.0,4.0,885359748.0,M,1.0,50.0,other
881.0,7.0,3.0,881548224.0,M,1.0,35.0,marketing
851.0,876.0,4.0,888522550.0,M,1.0,24.0,other
885.0,471.0,4.0,877385743.0,F,0.0,44.0,other
393.0,1.0,3.0,882567100.0,M,1.0,18.0,student
707.0,477.0,3.0,874965029.0,F,0.0,11.0,student
682.0,523.0,4.0,884921412.0,M,1.0,23.0,student
921.0,749.0,3.0,880405771.0,M,1.0,20.0,student
757.0,10.0,4.0,888906012.0,M,1.0,23.0,student
892.0,979.0,2.0,879424784.0,M,1.0,33.0,other
13.0,735.0,4.0,889730106.0,M,1.0,42.0,educator
387.0,118.0,4.0,876408751.0,M,1.0,37.0,marketing
804.0,678.0,4.0,880134296.0,M,1.0,35.0,educator
399.0,684.0,5.0,875744026.0,M,1.0,24.0,other
268.0,659.0,3.0,879538079.0,M,1.0,23.0,engineer
279.0,50.0,4.0,891356358.0,M,1.0,31.0,programmer
85.0,50.0,4.0,879898167.0,M,1.0,45.0,educator
244.0,965.0,3.0,880472433.0,M,1.0,27.0,technician
551.0,685.0,5.0,884112077.0,M,1.0,24.0,programmer
564.0,869.0,4.0,879442735.0,M,1.0,45.0,educator
846.0,710.0,5.0,883949255.0,M,1.0,26.0,lawyer
655.0,939.0,3.0,884999128.0,F,0.0,50.0,healthcare
697.0,984.0,4.0,879192902.0,M,1.0,39.0,other
189.0,735.0,4.0,893215276.0,M,1.0,30.0,artist
627.0,1098.0,3.0,876833794.0,M,1.0,24.0,programmer
85.0,795.0,3.0,879467413.0,M,1.0,35.0,educator
860.0,328.0,2.0,875659988.0,F,0.0,29.0,executive
7.0,286.0,5.0,885870656.0,M,1.0,45.0,administrator
130.0,1274.0,3.0,875385335.0,M,1.0,20.0,none
434.0,1011.0,5.0,881288574.0,M,1.0,42.0,educator
682.0,535.0,5.0,879528072.0,M,1.0,23.0,programmer
115.0,13.0,5.0,885422840.0,M,1.0,29.0,engineer
95.0,4.0,4.0,878951674.0,F,0.0,29.0,administrator
943.0,7.0,5.0,880935815.0,M,1.0,22.0,student
311.0,1028.0,4.0,880123533.0,M,1.0,30.0,technician
697.0,682.0,3.0,879467541.0,M,1.0,24.0,other
748.0,1207.0,4.0,879444430.0,F,0.0,51.0,administrator
524.0,748.0,5.0,886480446.0,M,1.0,49.0,educator
1.0,1014.0,5.0,878855819.0,M,1.0,23.0,technician
194.0,708.0,3.0,879539963.0,M,1.0,35.0,administrator
758.0,96.0,4.0,888451523.0,M,1.0,26.0,student
101.0,684.0,2.0,879361686.0,M,1.0,22.0,student
600.0,472.0,1.0,889180847.0,M,1.0,27.0,programmer
542.0,651.0,2.0,881957003.0,F,0.0,18.0,student
246.0,739.0,5.0,886479610.0,M,1.0,18.0,student
279.0,715.0,3.0,884272748.0,M,1.0,31.0,programmer
536.0,515.0,5.0,885852917.0,M,1.0,35.0,engineer
747.0,686.0,4.0,875654896.0,F,0.0,18.0,other
158.0,709.0,1.0,885547835.0,M,1.0,44.0,writer
880.0,762.0,3.0,875242952.0,M,1.0,38.0,entertainment
160.0,172.0,4.0,877726146.0,M,1.0,26.0,programmer
682.0,709.0,4.0,891440796.0,M,1.0,38.0,other
472.0,969.0,4.0,888633377.0,M,1.0,18.0,student
559.0,678.0,3.0,876405146.0,M,1.0,29.0,executive
838.0,474.0,4.0,877386916.0,M,1.0,31.0,writer
320.0,514.0,4.0,884472157.0,M,1.0,18.0,student
330.0,1232.0,4.0,879445904.0,F,0.0,36.0,educator
870.0,568.0,3.0,888454562.0,M,1.0,22.0,student
843.0,12.0,5.0,879455150.0,M,1.0,32.0,librarian
666.0,1133.0,4.0,885848584.0,M,1.0,39.0,administrator
92.0,527.0,5.0,875653325.0,M,1.0,30.0,entertainment
872.0,748.0,3.0,879875829.0,M,1.0,18.0,executive
648.0,715.0,3.0,885810093.0,M,1.0,39.0,engineer
293.0,581.0,5.0,888104153.0,M,1.0,23.0,writer
392.0,210.0,3.0,891033307.0,M,1.0,44.0,writer
13.0,127.0,4.0,879446400.0,M,1.0,42.0,educator
892.0,1068.0,3.0,882141315.0,M,1.0,34.0,executive
833.0,692.0,4.0,886030861.0,M,1.0,31.0,writer
608.0,616.0,2.0,880571485.0,M,1.0,27.0,other
210.0,663.0,4.0,884131859.0,M,1.0,35.0,engineer
881.0,679.0,3.0,8801536.0,M,1.0,35.0,executive
424.0,1037.0,5.0,879439374.0,F,0.0,48.0,marketing
669.0,172.0,4.0,882350862.0,M,1.0,34.0,other
138.0,709.0,4.0,877833672.0,M,1.0,41.0,doctor
263.0,459.0,5.0,879875334.0,M,1.0,37.0,programmer
796.0,662.0,5.0,888444115.0,M,1.0,32.0,writer
468.0,896.0,5.0,889737231.0,M,1.0,25.0,writer
660.0,566.0,2.0,875038807.0,M,1.0,25.0,student
201.0,662.0,5.0,88412124422.0,M,1.0,25.0,writer
653.0,648.0,4.0,887660113.0,M,1.0,29.0,executive
200.0,1028.0,5.0,887064278.0,M,1.0,36.0,programmer
735.0,692.0,2.0,878963276.0,M,1.0,36.0,executive
537.0,687.0,4.0,879443817.0,M,1.0,33.0,engineer
619.0,9.0,2.0,884991547.0,M,1.0,33.0,other
682.0,751.0,3.0,891032349.0,M,1.0,23.0,other
435.0,749.0,3.0,884131711.0,F,0.0,23.0,programmer
13.0,678.0,4.0,883601011.0,M,1.0,42.0,educator
618.0,715.0,5.0,880937992.0,F,0.0,11.0,student
938.0,659.0,3.0,892958816.0,M,1.0,23.0,technician
94.0,514.0,1.0,880926610.0,M,1.0,25.0,writer
269.0,774.0,4.0,879448604.0,F,0.0,31.0,librarian
195.0,526.0,5.0,886608855.0,M,1.0,30.0,scientist
374.0,294.0,5.0,888632147.0,M,1.0,33.0,executive
295.0,685.0,1.0,883530484.0,M,1.0,29.0,educator
886.0,484.0,3.0,880180612.0,M,1.0,20.0,student
592.0,1088.0,4.0,891297011.0,M,1.0,23.0,librarian
594.0,578.0,5.0,888452458.0,M,1.0,50.0,educator
303.0,597.0,4.0,879441794.0,M,1.0,18.0,student
801.0,654.0,3.0,888558872.0,M,1.0,22.0,other
825.0,237.0,4.0,877107408.0,M,1.0,39.0,engineer
537.0,528.0,3.0,880843585.0,M,1.0,33.0,engineer
729.0,7.0,3.0,882821850.0,F,0.0,20.0,student
239.0,4.0,5.0,889388641.0,M,1.0,35.0,artist
405.0,871.0,3.0,886472079.0,F,0.0,22.0,artist
332.0,1028.0,2.0,883529984.0,M,1.0,20.0,student
517.0,100.0,5.0,883710922.0,M,1.0,23.0,student
189.0,654.0,3.0,891545544.0,M,1.0,30.0,artist
894.0,1049.0,4.0,879448943.0,M,1.0,42.0,educator
400.0,614.0,5.0,875224482.0,F,0.0,35.0,programmer
160.0,708.0,5.0,876251912.0,M,1.0,26.0,programmer
862.0,288.0,2.0,879119260.0,M,1.0,29.0,executive
615.0,716.0,3.0,879448654.0,M,1.0,42.0,other
201.0,257.0,5.0,884128232.0,M,1.0,26.0,writer
425.0,589.0,3.0,884131916.0,M,1.0,18.0,student
455.0,181.0,4.0,879443155.0,M,1.0,42.0,educator
215.0,709.0,5.0,891035781.0,M,1.0,31.0,programmer
303.0,50.0,5.0,879466861.0,M,1.0,18.0,student
854.0,827.0,3.0,881108889.0,F,0.0,18.0,student
639.0,763.0,4.0,891497744.0,F,0.0,44.0,librarian
854.0,762.0,4.0,884478171.0,F,0.0,18.0,student
537.0,1029.0,3.0,879875483.0,M,1.0,42.0,educator
749.0,1090.0,5.0,879877433.0,M,1.0,43.0,other
542.0,763.0,3.0,883601371.0,M,1.0,17.0,student
76.0,949.0,5.0,889737771.0,M,1.0,20.0,student
874.0,118.0,2.0,888522072.0,M,1.0,33.0,scientist
716.0,50.0,5.0,879876548.0,M,1.0,36.0,administrator
405.0,748.0,1.0,883372151.0,F,0.0,22.0,healthcare
543.0,494.0,3.0,879517271.0,M,1.0,35.0,scientist
805.0,735.0,4.0,875262768.0,M,1.0,27.0,other
896.0,927.0,2.0,8749482905.0,M,1.0,27.0,writer
844.0,690.0,3.0,875288616.0,M,1.0,22.0,engineer
4.0,483.0,5.0,885805742.0,M,1.0,30.0,technician
886.0,172.0,5.0,879220817.0,M,1.0,20.0,student
709.0,528.0,2.0,879455325.0,F,0.0,56.0,librarian
934.0,690.0,3.0,885810240.0,M,1.0,53.0,scientist
639.0,845.0,4.0,891386411.0,F,0.0,42.0,administrator
255.0,679.0,2.0,886479768.0,M,1.0,23.0,entertainment
8.0,471.0,4.0,879362202.0,M,1.0,51.0,administrator
553.0,661.0,4.0,891352811.0,M,1.0,29.0,administrator
627.0,762.0,3.0,889324370.0,M,1.0,32.0,programmer
500.0,28.0,3.0,880391838.0,M,1.0,27.0,administrator
805.0,4.0,3.0,888103916.0,F,0.0,27.0,other
332.0,849.0,4.0,887911877.0,M,1.0,20.0,student
95.0,12.0,5.0,883190908.0,M,1.0,29.0,administrator
6.0,294.0,3.0,891385754.0,M,1.0,38.0,executive
5.0,546.0,3.0,87944962619.0,M,1.0,33.0,other
848.0,8.0,4.0,878955624.0,M,1.0,39.0,scientist
867.0,286.0,2.0,880604347.0,M,1.0,7.0,engineer
336.0,495.0,3.0,884121779.0,M,1.0,23.0,salesman
268.0,496.0,3.0,880587675.0,M,1.0,23.0,engineer
934.0,1051.0,3.0,874951327.0,M,1.0,30.0,technician
622.0,609.0,3.0,884477585.0,M,1.0,18.0,student
334.0,715.0,5.0,891545793.0,M,1.0,30.0,librarian
615.0,546.0,4.0,879441664.0,M,1.0,35.0,educator
669.0,523.0,2.0,891717558.0,M,1.0,24.0,other
897.0,696.0,4.0,875075584.0,M,1.0,28.0,other
693.0,506.0,3.0,879563383.0,M,1.0,31.0,other
561.0,728.0,3.0,879363651.0,M,1.0,23.0,engineer
189.0,903.0,5.0,8858084.0,M,1.0,30.0,artist
855.0,651.0,2.0,879465545.0,M,1.0,54.0,administrator
279.0,868.0,3.0,874950937.0,M,1.0,31.0,programmer
779.0,710.0,1.0,879434804.0,M,1.0,38.0,student
803.0,864.0,4.0,891384912.0,M,1.0,42.0,educator
151.0,748.0,3.0,879876590.0,F,0.0,38.0,administrator
222.0,474.0,4.0,876521699.0,M,1.0,27.0,programmer
882.0,603.0,3.0,882141849.0,M,1.0,32.0,marketing
330.0,181.0,2.0,879518636.0,F,0.0,35.0,educator
676.0,815.0,4.0,891377370.0,M,1.0,28.0,librarian
95.0,568.0,4.0,875287046.0,M,1.0,29.0,administrator
618.0,605.0,4.0,891448002.0,F,0.0,37.0,other
773.0,728.0,4.0,879445904.0,M,1.0,20.0,student
751.0,611.0,5.0,879875924.0,F,0.0,24.0,salesman
840.0,474.0,3.0,891013971.0,M,1.0,35.0,student
561.0,471.0,4.0,875318335.0,M,1.0,23.0,engineer
903.0,7.0,4.0,880584400.0,M,1.0,27.0,educator
741.0,959.0,3.0,879442648.0,M,1.0,50.0,writer
615.0,1091.0,5.0,884461588.0,M,1.0,35.0,educator
222.0,1395.0,1.0,879875724.0,M,1.0,27.0,programmer
634.0,678.0,5.0,885844430.0,M,1.0,35.0,engineer
58.0,183.0,5.0,884641831.0,M,1.0,26.0,programmer
666.0,111.0,5.0,882075686.0,F,0.0,39.0,administrator
394.0,566.0,3.0,886397561.0,M,1.0,30.0,administrator
1.0,127.0,4.0,877910346.0,M,1.0,23.0,technician
445.0,127.0,4.0,882333849.0,M,1.0,32.0,writer
224.0,639.0,4.0,879874941.0,F,0.0,31.0,educator
406.0,462.0,4.0,883948803.0,M,1.0,46.0,educator
411.0,749.0,4.0,891385668.0,M,1.0,51.0,educator
506.0,9.0,3.0,884238693.0,M,1.0,35.0,engineer
793.0,237.0,4.0,890284140.0,F,0.0,22.0,healthcare
144.0,739.0,3.0,878438849.0,M,1.0,46.0,programmer
880.0,825.0,4.0,880235473.0,M,1.0,11.0,student
515.0,1014.0,4.0,879458047.0,M,1.0,38.0,librarian
102.0,761.0,4.0,880182850.0,M,1.0,31.0,programmer
338.0,1047.0,4.0,884495343.0,F,0.0,25.0,librarian
823.0,472.0,5.0,893255905.0,M,1.0,32.0,librarian
595.0,216.0,5.0,884992913.0,M,1.0,24.0,programmer
716.0,8.0,4.0,884127382.0,F,0.0,36.0,administrator
458.0,423.0,2.0,884124573.0,M,1.0,42.0,technician
450.0,578.0,5.0,879455184.0,F,0.0,35.0,educator
741.0,905.0,4.0,882057106.0,F,0.0,25.0,writer
8.0,176.0,4.0,880178256.0,M,1.0,33.0,administrator
401.0,173.0,4.0,888524042.0,F,0.0,46.0,healthcare
659.0,659.0,3.0,879988262.0,M,1.0,50.0,educator
276.0,692.0,3.0,874953247.0,M,1.0,21.0,student
343.0,431.0,3.0,876404310.0,M,1.0,39.0,engineer
454.0,1054.0,3.0,876032343.0,M,1.0,27.0,technician
727.0,815.0,3.0,891209342.0,M,1.0,24.0,student
271.0,597.0,3.0,877533212.0,M,1.0,45.0,engineer
796.0,1285.0,5.0,876535599.0,F,0.0,32.0,writer
867.0,988.0,4.0,876513694.0,M,1.0,23.0,engineer
308.0,127.0,3.0,887739096.0,M,1.0,52.0,retired
479.0,685.0,4.0,879875817.0,M,1.0,23.0,administrator
387.0,892.0,3.0,891385108.0,M,1.0,31.0,entertainment
880.0,906.0,3.0,886030707.0,M,1.0,11.0,student
655.0,459.0,3.0,884368538.0,F,0.0,44.0,healthcare
848.0,652.0,4.0,891014596.0,M,1.0,31.0,writer
746.0,692.0,4.0,874831348.0,M,1.0,11.0,none
318.0,479.0,4.0,892334683.0,M,1.0,56.0,retired
892.0,584.0,3.0,879110818.0,M,1.0,32.0,other
799.0,15.0,4.0,875303894.0,F,0.0,30.0,other
592.0,7.0,3.0,874867728.0,M,1.0,18.0,student
1.0,474.0,3.0,891035109.0,M,1.0,23.0,technician
532.0,7.0,4.0,878963038.0,M,1.0,20.0,student
267.0,1059.0,4.0,884125886.0,M,1.0,23.0,engineer
514.0,286.0,4.0,882389482.0,M,1.0,26.0,programmer
343.0,848.0,4.0,875288515.0,M,1.0,39.0,engineer
303.0,456.0,5.0,879480112.0,M,1.0,18.0,student
880.0,546.0,5.0,891438976.0,M,1.0,11.0,student
804.0,237.0,4.0,879825614.0,M,1.0,35.0,scientist
181.0,662.0,5.0,876697903.0,M,1.0,25.0,executive
862.0,1226.0,3.0,879439042.0,M,1.0,24.0,student
398.0,446.0,3.0,874873855.0,M,1.0,36.0,writer
461.0,684.0,2.0,8890332798.0,F,0.0,17.0,student
630.0,944.0,3.0,884496201.0,M,1.0,27.0,healthcare
543.0,684.0,5.0,891447653.0,M,1.0,35.0,scientist
634.0,603.0,4.0,879548315.0,M,1.0,35.0,engineer
299.0,589.0,2.0,888905005.0,M,1.0,27.0,doctor
796.0,554.0,5.0,883326995.0,M,1.0,32.0,writer
311.0,716.0,3.0,883710395.0,M,1.0,30.0,administrator
279.0,506.0,5.0,876538953.0,M,1.0,31.0,programmer
936.0,1039.0,2.0,875125615.0,M,1.0,23.0,other
622.0,598.0,3.0,876536667.0,M,1.0,26.0,none
497.0,697.0,3.0,879875483.0,M,1.0,20.0,student
194.0,7.0,4.0,880134296.0,M,1.0,35.0,educator
13.0,100.0,4.0,891034007.0,M,1.0,42.0,educator
268.0,121.0,4.0,875981868.0,M,1.0,23.0,engineer
523.0,14.0,4.0,891388408.0,F,0.0,50.0,librarian
130.0,518.0,5.0,880243650.0,M,1.0,20.0,none
354.0,1035.0,4.0,879398863.0,M,1.0,39.0,librarian
543.0,237.0,4.0,891409839.0,M,1.0,45.0,scientist
545.0,8.0,3.0,884461823.0,M,1.0,26.0,technician
682.0,971.0,3.0,888905077.0,M,1.0,23.0,programmer
661.0,546.0,2.0,876266988.0,M,1.0,27.0,programmer
238.0,1140.0,2.0,879783466.0,F,0.0,42.0,administrator
466.0,603.0,3.0,875288148.0,M,1.0,23.0,student
293.0,652.0,2.0,888904696.0,M,1.0,23.0,writer
940.0,687.0,2.0,891699263.0,M,1.0,43.0,administrator
846.0,474.0,3.0,887738644.0,M,1.0,26.0,lawyer
233.0,7.0,5.0,885852059.0,M,1.0,35.0,engineer
325.0,1033.0,4.0,892154579.0,M,1.0,42.0,technician
457.0,603.0,5.0,882075520.0,F,0.0,33.0,salesman
255.0,728.0,4.0,888521448.0,M,1.0,23.0,entertainment
865.0,751.0,5.0,8835339076.0,M,1.0,36.0,student
600.0,482.0,4.0,880886914.0,M,1.0,27.0,programmer
411.0,766.0,3.0,879444538.0,M,1.0,31.0,educator
721.0,394.0,4.0,875654778.0,M,1.0,38.0,entertainment
536.0,516.0,3.0,882397146.0,M,1.0,38.0,engineer
13.0,7.0,4.0,882385518.0,F,0.0,42.0,educator
387.0,11.0,3.0,886475682.0,M,1.0,31.0,entertainment
189.0,22.0,4.0,893213539.0,M,1.0,30.0,artist
710.0,546.0,4.0,880869095.0,M,1.0,18.0,student
620.0,151.0,5.0,884131147.0,F,0.0,22.0,writer
144.0,1451.0,3.0,886029667.0,M,1.0,46.0,programmer
455.0,11.0,5.0,885848886.0,M,1.0,42.0,administrator
434.0,181.0,4.0,884642557.0,M,1.0,22.0,student
234.0,449.0,3.0,892079237.0,M,1.0,52.0,retired
839.0,515.0,4.0,890332731.0,M,1.0,38.0,other
905.0,607.0,3.0,875670406.0,F,0.0,27.0,other
638.0,729.0,3.0,880572685.0,M,1.0,42.0,engineer
768.0,589.0,4.0,880843352.0,M,1.0,20.0,administrator
332.0,712.0,4.0,880151811.0,M,1.0,20.0,student
531.0,873.0,5.0,884140953.0,M,1.0,22.0,student
796.0,705.0,5.0,889041573.0,F,0.0,40.0,writer
648.0,633.0,4.0,882360337.0,M,1.0,39.0,engineer
669.0,463.0,1.0,891385072.0,M,1.0,29.0,educator
758.0,11.0,4.0,888705731.0,M,1.0,26.0,student
805.0,623.0,4.0,888907499.0,F,0.0,27.0,other
128.0,100.0,4.0,877757798.0,F,0.0,24.0,marketing
280.0,615.0,3.0,891447653.0,F,0.0,30.0,librarian
347.0,1087.0,2.0,879464759.0,M,1.0,18.0,student
253.0,479.0,5.0,891296859.0,F,0.0,32.0,librarian
758.0,471.0,2.0,888539878.0,M,1.0,26.0,student
13.0,781.0,1.0,883348382.0,M,1.0,42.0,educator
532.0,741.0,4.0,884304934.0,M,1.0,20.0,student
795.0,739.0,2.0,878962468.0,M,1.0,25.0,writer
332.0,476.0,3.0,887938760.0,M,1.0,20.0,student
903.0,832.0,1.0,875280134.0,F,0.0,27.0,healthcare
85.0,237.0,4.0,879467413.0,M,1.0,35.0,educator
302.0,696.0,5.0,879485325.0,M,1.0,46.0,educator
833.0,5.0,4.0,875655830.0,M,1.0,27.0,writer
782.0,151.0,4.0,877807703.0,F,0.0,21.0,artist
314.0,7.0,4.0,880236058.0,F,0.0,20.0,student
248.0,447.0,5.0,879536131.0,M,1.0,24.0,marketing
759.0,523.0,3.0,882318784.0,M,1.0,26.0,student
807.0,7.0,3.0,887665567.0,F,0.0,41.0,healthcare
655.0,14.0,4.0,886473667.0,F,0.0,50.0,healthcare
579.0,685.0,5.0,879532522.0,M,1.0,29.0,educator
759.0,988.0,4.0,888885099.0,M,1.0,24.0,student
642.0,744.0,5.0,885678928.0,F,0.0,17.0,writer
110.0,690.0,3.0,880843578.0,M,1.0,18.0,student
751.0,926.0,5.0,875296735.0,M,1.0,24.0,other
561.0,471.0,4.0,884132619.0,M,1.0,23.0,programmer
189.0,566.0,3.0,891249476.0,M,1.0,31.0,artist
642.0,622.0,2.0,884584192.0,F,0.0,17.0,student
210.0,12.0,3.0,875270600.0,M,1.0,35.0,scientist
318.0,661.0,3.0,884490499.0,M,1.0,56.0,retired
99.0,172.0,2.0,888517964.0,M,1.0,20.0,student
518.0,752.0,4.0,879874870.0,M,1.0,40.0,scientist
545.0,554.0,4.0,881956803.0,M,1.0,26.0,programmer
517.0,527.0,4.0,874815789.0,M,1.0,23.0,other
130.0,845.0,4.0,883869461.0,M,1.0,20.0,none
207.0,258.0,2.0,891454244.0,M,1.0,35.0,marketing
537.0,705.0,4.0,879193461.0,M,1.0,31.0,educator
339.0,519.0,5.0,891045410.0,M,1.0,32.0,lawyer
303.0,628.0,4.0,877400037.0,M,1.0,18.0,student
324.0,744.0,5.0,883948003.0,F,0.0,26.0,student
844.0,485.0,5.0,891015566.0,M,1.0,39.0,engineer
534.0,1091.0,4.0,880242503.0,M,1.0,30.0,scientist
64.0,934.0,5.0,875314184.0,M,1.0,30.0,educator
405.0,9.0,4.0,884365653.0,F,0.0,22.0,healthcare
262.0,1079.0,4.0,879447813.0,F,0.0,18.0,student
472.0,1039.0,3.0,879362202.0,M,1.0,23.0,student
30.0,483.0,1.0,874977511.0,M,1.0,24.0,programmer
201.0,13.0,5.0,881650380.0,M,1.0,26.0,writer
43.0,8.0,5.0,884125390.0,F,0.0,30.0,librarian
321.0,482.0,5.0,879989999.0,F,0.0,49.0,educator
491.0,969.0,3.0,880144114.0,F,0.0,50.0,educator
682.0,12.0,3.0,875982734.0,M,1.0,23.0,programmer
222.0,651.0,5.0,87818181357.0,M,1.0,27.0,programmer
92.0,151.0,3.0,875654719.0,M,1.0,30.0,entertainment
933.0,174.0,4.0,881109138.0,M,1.0,27.0,programmer
318.0,678.0,3.0,884470775.0,M,1.0,56.0,retired
579.0,611.0,4.0,880155978.0,F,0.0,45.0,other
1.0,751.0,4.0,877400020.0,M,1.0,23.0,technician
693.0,1074.0,4.0,884364465.0,F,0.0,44.0,healthcare
201.0,447.0,3.0,885140429.0,M,1.0,26.0,writer
435.0,1060.0,4.0,882140006.0,M,1.0,23.0,engineer
618.0,588.0,3.0,877017066.0,F,0.0,11.0,student
115.0,1294.0,4.0,884294767.0,M,1.0,29.0,engineer
325.0,585.0,4.0,880242433.0,M,1.0,42.0,technician
455.0,671.0,4.0,880605273.0,M,1.0,42.0,administrator
604.0,405.0,4.0,877625288.0,M,1.0,35.0,engineer
870.0,558.0,4.0,880583334.0,M,1.0,22.0,engineer
592.0,566.0,4.0,882956551.0,M,1.0,18.0,student
144.0,237.0,4.0,879524934.0,M,1.0,26.0,programmer
804.0,288.0,4.0,882905185.0,M,1.0,35.0,educator
670.0,521.0,4.0,891495105.0,M,1.0,28.0,technician
827.0,696.0,3.0,878962465.0,M,1.0,23.0,programmer
463.0,472.0,4.0,888802318.0,M,1.0,48.0,healthcare
497.0,461.0,3.0,887912747.0,M,1.0,20.0,student
394.0,519.0,4.0,885158047.0,M,1.0,25.0,administrator
321.0,222.0,4.0,874953898.0,M,1.0,49.0,educator
311.0,863.0,3.0,885489895.0,M,1.0,30.0,technician
450.0,276.0,2.0,884478171.0,F,0.0,35.0,educator
533.0,472.0,3.0,879484823.0,M,1.0,39.0,librarian
545.0,471.0,5.0,879192802.0,M,1.0,28.0,writer
293.0,628.0,2.0,888907469.0,M,1.0,23.0,writer
653.0,1014.0,3.0,891199620.0,M,1.0,35.0,executive
268.0,469.0,3.0,884131185.0,M,1.0,23.0,engineer
853.0,829.0,1.0,876537697.0,M,1.0,27.0,student
405.0,597.0,1.0,884364465.0,F,0.0,22.0,healthcare
393.0,273.0,4.0,879193904.0,M,1.0,24.0,librarian
927.0,678.0,3.0,877112559.0,M,1.0,23.0,programmer
514.0,496.0,4.0,885807077.0,M,1.0,26.0,engineer
291.0,523.0,5.0,886309792.0,M,1.0,18.0,student
825.0,100.0,4.0,878697466.0,M,1.0,30.0,engineer
234.0,4.0,2.0,887741573.0,M,1.0,52.0,retired
660.0,588.0,2.0,890283664.0,M,1.0,25.0,student
276.0,871.0,5.0,874830766.0,M,1.0,21.0,student
405.0,11.0,4.0,887744328.0,F,0.0,22.0,healthcare
308.0,7.0,5.0,884496950.0,M,1.0,52.0,retired
313.0,50.0,4.0,889123696.0,M,1.0,37.0,marketing
847.0,288.0,4.0,885809319.0,M,1.0,27.0,student
431.0,8.0,3.0,879119579.0,F,0.0,51.0,educator
864.0,286.0,5.0,875659950.0,M,1.0,26.0,programmer
234.0,472.0,4.0,892336200.0,M,1.0,52.0,retired
130.0,521.0,3.0,880150257.0,M,1.0,20.0,none
345.0,577.0,3.0,884287708.0,F,0.0,28.0,librarian
92.0,679.0,3.0,875216978.0,M,1.0,30.0,entertainment
901.0,4.0,5.0,878961814.0,M,1.0,35.0,educator
235.0,1047.0,3.0,889655162.0,M,1.0,34.0,educator
27.0,615.0,4.0,878438403.0,F,0.0,36.0,writer
588.0,654.0,4.0,883701522.0,F,0.0,15.0,student
527.0,762.0,3.0,884131714.0,M,1.0,23.0,engineer
405.0,771.0,2.0,883709641.0,F,0.0,22.0,healthcare
82.0,328.0,5.0,877825501.0,M,1.0,29.0,marketing
1.0,79.0,4.0,884129191.0,M,1.0,26.0,technician
921.0,13.0,3.0,881650931.0,F,0.0,23.0,student
44.0,479.0,3.0,881130123.0,M,1.0,25.0,technician
825.0,482.0,5.0,879455400.0,M,1.0,32.0,engineer
642.0,873.0,4.0,889179544.0,F,0.0,17.0,student
620.0,484.0,4.0,886533774.0,F,0.0,17.0,writer
844.0,949.0,3.0,883447522.0,M,1.0,22.0,engineer
332.0,528.0,4.0,879444400.0,M,1.0,20.0,student
79.0,948.0,3.0,885849432.0,M,1.0,39.0,administrator
372.0,597.0,4.0,874951827.0,F,0.0,25.0,writer
500.0,859.0,3.0,885075997.0,M,1.0,27.0,administrator
399.0,875.0,4.0,882318250.0,M,1.0,36.0,programmer
524.0,619.0,4.0,889908694.0,F,0.0,49.0,educator
642.0,515.0,5.0,880177224.0,F,0.0,17.0,student
406.0,181.0,3.0,888103541.0,M,1.0,44.0,educator
705.0,651.0,4.0,880868924.0,M,1.0,36.0,administrator
13.0,478.0,2.0,891014497.0,M,1.0,42.0,educator
852.0,12.0,3.0,891352892.0,M,1.0,46.0,scientist
184.0,479.0,5.0,891447653.0,M,1.0,34.0,librarian
919.0,527.0,4.0,882427574.0,M,1.0,24.0,other
59.0,631.0,1.0,879793787.0,M,1.0,44.0,educator
452.0,919.0,4.0,879447913.0,M,1.0,32.0,administrator
864.0,7.0,4.0,882077827.0,M,1.0,26.0,programmer
561.0,971.0,5.0,879875073.0,M,1.0,23.0,engineer
1.0,288.0,4.0,883326485.0,M,1.0,23.0,technician
763.0,7.0,2.0,888523857.0,M,1.0,26.0,scientist
524.0,732.0,5.0,889740540.0,M,1.0,49.0,educator
498.0,895.0,4.0,879454400.0,M,1.0,23.0,writer
23.0,173.0,5.0,881650565.0,F,0.0,30.0,artist
311.0,725.0,4.0,884133047.0,M,1.0,30.0,technician
326.0,830.0,5.0,879876695.0,M,1.0,37.0,administrator
901.0,483.0,3.0,881109325.0,M,1.0,27.0,administrator
862.0,485.0,4.0,875729667.0,F,0.0,24.0,executive
804.0,1009.0,4.0,879454941.0,M,1.0,41.0,educator
380.0,863.0,3.0,874951947.0,M,1.0,30.0,engineer
279.0,48.0,5.0,875324672.0,M,1.0,31.0,programmer
773.0,485.0,4.0,876539794.0,M,1.0,21.0,student
727.0,513.0,3.0,880605246.0,M,1.0,24.0,technician
299.0,176.0,1.0,884111948.0,M,1.0,27.0,doctor
867.0,693.0,3.0,875727644.0,M,1.0,23.0,student
734.0,727.0,4.0,875771316.0,F,0.0,31.0,other
514.0,174.0,4.0,879525804.0,M,1.0,26.0,programmer
592.0,558.0,5.0,878157426.0,M,1.0,18.0,programmer
659.0,508.0,3.0,890863039.0,M,1.0,29.0,educator
804.0,100.0,4.0,888104060.0,M,1.0,35.0,educator
13.0,845.0,5.0,881450898.0,M,1.0,42.0,educator
584.0,173.0,2.0,880442384.0,M,1.0,39.0,engineer
788.0,523.0,5.0,891496156.0,M,1.0,45.0,administrator
592.0,975.0,4.0,886959210.0,M,1.0,18.0,student
293.0,471.0,3.0,882827274.0,M,1.0,23.0,writer
269.0,237.0,4.0,891488232.0,M,1.0,31.0,librarian
499.0,11.0,4.0,888069187.0,M,1.0,38.0,programmer
537.0,1088.0,4.0,886030012.0,M,1.0,32.0,student
622.0,876.0,5.0,882512333.0,M,1.0,24.0,writer
473.0,478.0,3.0,879440475.0,M,1.0,27.0,student
361.0,1110.0,3.0,880907601.0,M,1.0,20.0,student
23.0,721.0,4.0,878854816.0,M,1.0,30.0,artist
796.0,585.0,5.0,879454851.0,F,0.0,32.0,librarian
889.0,471.0,3.0,880386815.0,M,1.0,23.0,technician
497.0,8.0,3.0,87945991.0,M,1.0,20.0,student
7.0,523.0,4.0,891384395.0,M,1.0,50.0,administrator
543.0,591.0,3.0,888632553.0,M,1.0,35.0,scientist
416.0,48.0,3.0,886324861.0,M,1.0,20.0,student
889.0,678.0,4.0,881373900.0,M,1.0,23.0,technician
712.0,8.0,2.0,880046154.0,M,1.0,22.0,student
1.0,604.0,4.0,884132314.0,M,1.0,23.0,technician
406.0,742.0,3.0,878855171.0,M,1.0,46.0,educator
815.0,531.0,1.0,878972335.0,F,0.0,30.0,other
89.0,357.0,4.0,883449737.0,F,0.0,43.0,administrator
804.0,582.0,2.0,879858099.0,M,1.0,35.0,educator
379.0,844.0,3.0,875245540.0,M,1.0,39.0,writer
843.0,515.0,4.0,879441692.0,M,1.0,32.0,programmer
343.0,1039.0,4.0,875296613.0,M,1.0,39.0,engineer
748.0,939.0,3.0,879362086.0,M,1.0,38.0,administrator
711.0,286.0,4.0,879442963.0,F,0.0,22.0,student
385.0,474.0,4.0,885870510.0,F,0.0,33.0,writer
711.0,715.0,2.0,884364538.0,F,0.0,26.0,programmer
160.0,744.0,2.0,884636647.0,M,1.0,26.0,programmer
861.0,495.0,2.0,880164328.0,M,1.0,27.0,student
18.0,879.0,3.0,877807935.0,F,0.0,35.0,other
792.0,117.0,1.0,879110818.0,M,1.0,52.0,administrator
311.0,471.0,5.0,884293840.0,M,1.0,30.0,technician
833.0,15.0,3.0,875270924.0,M,1.0,32.0,writer
788.0,974.0,4.0,879147371.0,M,1.0,30.0,administrator
502.0,498.0,4.0,884176470.0,M,1.0,22.0,student
551.0,506.0,4.0,879542543.0,M,1.0,24.0,programmer
201.0,478.0,5.0,884369878.0,M,1.0,26.0,writer
363.0,1231.0,4.0,891367537.0,M,1.0,20.0,student
561.0,405.0,2.0,875124872.0,M,1.0,39.0,engineer
621.0,583.0,5.0,879242897.0,M,1.0,17.0,student
293.0,690.0,4.0,888521524.0,M,1.0,23.0,writer
247.0,735.0,4.0,876031106.0,M,1.0,27.0,engineer
207.0,1035.0,4.0,884366590.0,M,1.0,35.0,marketing
815.0,64.0,1.0,879561795.0,M,1.0,30.0,other
890.0,679.0,2.0,879448852.0,F,0.0,30.0,administrator
764.0,1030.0,2.0,879442493.0,F,0.0,22.0,educator
293.0,875.0,1.0,884124596.0,M,1.0,23.0,writer
456.0,546.0,4.0,884326995.0,M,1.0,23.0,technician
862.0,792.0,3.0,879441340.0,M,1.0,18.0,executive
92.0,4.0,3.0,877719335.0,M,1.0,30.0,entertainment
472.0,546.0,3.0,876402677.0,M,1.0,23.0,student
896.0,8.0,3.0,875966604.0,M,1.0,27.0,programmer
666.0,64.0,5.0,876016633.0,M,1.0,39.0,administrator
500.0,831.0,2.0,880177160.0,M,1.0,27.0,administrator
870.0,659.0,2.0,874786420.0,M,1.0,30.0,student
927.0,604.0,4.0,879446525.0,F,0.0,39.0,educator
278.0,905.0,4.0,891193732.0,F,0.0,27.0,librarian
727.0,1240.0,3.0,87532013.0,M,1.0,24.0,student
221.0,518.0,4.0,888179975.0,M,1.0,18.0,student
387.0,151.0,3.0,886482700.0,M,1.0,31.0,entertainment
919.0,662.0,3.0,880843329.0,M,1.0,24.0,other
393.0,603.0,5.0,887912462.0,M,1.0,18.0,student
416.0,690.0,5.0,889041662.0,M,1.0,20.0,writer
768.0,515.0,4.0,879447800.0,M,1.0,28.0,administrator
606.0,591.0,4.0,877387592.0,M,1.0,27.0,programmer
887.0,11.0,5.0,884367371.0,M,1.0,42.0,executive
692.0,863.0,3.0,885848448.0,M,1.0,33.0,other
299.0,866.0,3.0,889399375.0,M,1.0,27.0,doctor
768.0,483.0,3.0,879443265.0,M,1.0,28.0,administrator
87.0,1023.0,4.0,885045995.0,M,1.0,50.0,administrator
712.0,519.0,2.0,880410610.0,F,0.0,22.0,student
758.0,651.0,3.0,876816268.0,M,1.0,26.0,student
618.0,434.0,3.0,891445372.0,M,1.0,10.0,other
650.0,946.0,5.0,891351471.0,M,1.0,38.0,engineer
417.0,946.0,2.0,889402071.0,M,1.0,27.0,other
805.0,879.0,4.0,877136816.0,M,1.0,26.0,marketing
119.0,995.0,5.0,875731634.0,M,1.0,30.0,programmer
655.0,585.0,4.0,883364688.0,F,0.0,50.0,healthcare
588.0,471.0,5.0,885810706.0,M,1.0,17.0,student
130.0,56.0,3.0,876251672.0,M,1.0,20.0,none
405.0,755.0,3.0,884461820.0,F,0.0,22.0,healthcare
823.0,1207.0,5.0,893214333.0,M,1.0,37.0,artist
541.0,969.0,3.0,881179069.0,F,0.0,35.0,marketing
450.0,210.0,4.0,879447773.0,F,0.0,35.0,educator
181.0,519.0,5.0,878963086.0,M,1.0,25.0,executive
846.0,300.0,3.0,890332645.0,M,1.0,26.0,lawyer
682.0,513.0,3.0,879517116.0,M,1.0,23.0,programmer
865.0,121.0,4.0,885690600.0,M,1.0,24.0,artist
426.0,671.0,3.0,884294644.0,M,1.0,46.0,educator
794.0,471.0,3.0,882622372.0,M,1.0,32.0,student
671.0,628.0,3.0,8755020.0,M,1.0,23.0,programmer
633.0,50.0,3.0,889909640.0,M,1.0,23.0,librarian
267.0,854.0,3.0,885810240.0,M,1.0,23.0,engineer
203.0,474.0,4.0,879440940.0,M,1.0,22.0,librarian
334.0,751.0,3.0,891545950.0,M,1.0,30.0,librarian
49.0,845.0,3.0,887745300.0,F,0.0,23.0,student
710.0,941.0,4.0,879520922.0,M,1.0,18.0,student
867.0,1011.0,4.0,8858097818.0,M,1.0,23.0,scientist
194.0,705.0,4.0,879191662.0,M,1.0,35.0,administrator
716.0,489.0,3.0,879875585.0,M,1.0,36.0,administrator
6.0,174.0,4.0,891545480.0,M,1.0,38.0,other
537.0,748.0,4.0,886031773.0,M,1.0,33.0,engineer
825.0,515.0,5.0,878346962.0,M,1.0,31.0,engineer
221.0,1028.0,3.0,888730124.0,M,1.0,18.0,student
487.0,656.0,4.0,883612725.0,M,1.0,23.0,technician
894.0,468.0,3.0,879441353.0,M,1.0,42.0,educator
320.0,1147.0,5.0,880477062.0,M,1.0,18.0,student
934.0,524.0,5.0,891207940.0,M,1.0,53.0,engineer
200.0,748.0,5.0,884133047.0,M,1.0,36.0,engineer
466.0,121.0,3.0,884111038.0,M,1.0,22.0,student
28.0,736.0,3.0,875279153.0,M,1.0,31.0,scientist
21.0,728.0,4.0,886272553.0,M,1.0,25.0,writer
624.0,696.0,1.0,875726146.0,M,1.0,27.0,engineer
85.0,941.0,3.0,881450796.0,M,1.0,45.0,educator
31.0,919.0,3.0,874785859.0,M,1.0,23.0,artist
716.0,961.0,2.0,884133676.0,F,0.0,36.0,administrator
748.0,506.0,3.0,879448931.0,M,1.0,27.0,administrator
653.0,479.0,4.0,883877001.0,M,1.0,25.0,executive
805.0,98.0,3.0,880871058.0,F,0.0,27.0,other
181.0,605.0,1.0,888889657.0,M,1.0,25.0,executive
446.0,763.0,4.0,879442280.0,M,1.0,50.0,educator
920.0,495.0,2.0,885943686.0,F,0.0,35.0,artist
223.0,526.0,5.0,888632225.0,F,0.0,18.0,student
536.0,482.0,3.0,874830431.0,M,1.0,35.0,engineer
916.0,9.0,3.0,878738335.0,M,1.0,23.0,programmer
790.0,826.0,3.0,891545232.0,M,1.0,28.0,administrator
734.0,856.0,5.0,891035307.0,F,0.0,48.0,librarian
83.0,546.0,4.0,875310704.0,M,1.0,36.0,other
293.0,476.0,5.0,889289123.0,M,1.0,23.0,writer
328.0,584.0,4.0,887911371.0,M,1.0,45.0,administrator
804.0,439.0,4.0,879448047.0,M,1.0,35.0,educator
650.0,582.0,4.0,88040353563.0,M,1.0,38.0,engineer
648.0,591.0,5.0,886474908.0,M,1.0,39.0,engineer
919.0,947.0,4.0,875272646.0,M,1.0,24.0,other
643.0,762.0,4.0,883599321.0,M,1.0,35.0,marketing
682.0,516.0,4.0,875744392.0,M,1.0,23.0,student
405.0,12.0,3.0,884305684.0,F,0.0,22.0,healthcare
932.0,679.0,3.0,891495935.0,M,1.0,50.0,educator
449.0,988.0,4.0,891034766.0,M,1.0,45.0,librarian
943.0,531.0,2.0,884461826.0,M,1.0,18.0,student
542.0,651.0,5.0,880572688.0,M,1.0,21.0,student
99.0,966.0,4.0,884364017.0,M,1.0,20.0,student
851.0,8.0,3.0,878182927.0,M,1.0,18.0,other
152.0,928.0,3.0,879443099.0,F,0.0,36.0,marketing
363.0,1296.0,4.0,891449209.0,M,1.0,20.0,student
303.0,566.0,3.0,879441387.0,M,1.0,18.0,student
270.0,919.0,3.0,880573137.0,F,0.0,17.0,student
880.0,577.0,4.0,880139765.0,M,1.0,11.0,student
727.0,653.0,5.0,888557965.0,M,1.0,24.0,student
264.0,710.0,5.0,889729375.0,F,0.0,40.0,writer
765.0,596.0,2.0,875295538.0,M,1.0,39.0,artist
851.0,895.0,4.0,879464654.0,F,0.0,18.0,other
479.0,12.0,5.0,879441653.0,M,1.0,28.0,educator
124.0,651.0,4.0,877753519.0,M,1.0,35.0,lawyer
639.0,514.0,4.0,8752709865.0,F,0.0,24.0,other
56.0,658.0,2.0,879454951.0,F,0.0,39.0,librarian
751.0,715.0,3.0,875242948.0,F,0.0,24.0,other
514.0,8.0,4.0,885140953.0,M,1.0,26.0,programmer
280.0,685.0,3.0,891310065.0,F,0.0,30.0,librarian
537.0,12.0,4.0,886032509.0,M,1.0,33.0,technician
537.0,1012.0,4.0,883250124.0,F,0.0,40.0,scientist
846.0,328.0,1.0,883948221.0,M,1.0,26.0,lawyer
249.0,1139.0,4.0,889125905.0,M,1.0,27.0,student
405.0,659.0,2.0,884121095.0,M,1.0,22.0,healthcare
504.0,756.0,4.0,876550755.0,F,0.0,40.0,writer
536.0,878.0,5.0,875131141.0,M,1.0,35.0,scientist
463.0,1047.0,2.0,888468795.0,F,0.0,50.0,healthcare
427.0,527.0,3.0,879441335.0,F,0.0,44.0,writer
174.0,688.0,4.0,879529824.0,F,0.0,30.0,administrator
561.0,972.0,3.0,886034129.0,M,1.0,23.0,programmer
393.0,1161.0,2.0,888068753.0,M,1.0,18.0,student
650.0,11.0,3.0,891382078.0,M,1.0,38.0,engineer
843.0,652.0,4.0,879193475.0,M,1.0,35.0,scientist
833.0,1436.0,2.0,877564523.0,M,1.0,31.0,writer
75.0,741.0,3.0,880332633.0,M,1.0,23.0,entertainment
379.0,56.0,4.0,880874864.0,M,1.0,39.0,other
385.0,258.0,3.0,879454515.0,M,1.0,33.0,writer
500.0,748.0,2.0,883876176.0,F,0.0,27.0,administrator
332.0,393.0,4.0,880123540.0,M,1.0,20.0,student
13.0,181.0,4.0,879147985.0,M,1.0,42.0,educator
847.0,778.0,4.0,875984817.0,M,1.0,28.0,student
109.0,881.0,2.0,877383371.0,M,1.0,27.0,other
271.0,559.0,4.0,876524474.0,M,1.0,39.0,engineer
621.0,751.0,3.0,889731618.0,M,1.0,17.0,student
269.0,676.0,3.0,891450131.0,F,0.0,31.0,librarian
718.0,945.0,2.0,878183034.0,M,1.0,36.0,technician
254.0,678.0,2.0,875652420.0,M,1.0,39.0,educator
347.0,1042.0,3.0,887912568.0,M,1.0,18.0,student
311.0,845.0,3.0,891372489.0,M,1.0,30.0,technician
360.0,887.0,4.0,879873973.0,M,1.0,35.0,other
381.0,521.0,4.0,885157772.0,M,1.0,39.0,artist
933.0,466.0,3.0,880415942.0,M,1.0,23.0,student
159.0,1101.0,4.0,879794477.0,F,0.0,20.0,student
268.0,763.0,5.0,876250781.0,M,1.0,23.0,engineer
378.0,531.0,3.0,880056547.0,M,1.0,32.0,student
923.0,751.0,3.0,879443918.0,M,1.0,18.0,student
130.0,1429.0,4.0,875216746.0,M,1.0,20.0,none
537.0,544.0,4.0,875289419.0,M,1.0,35.0,marketing
790.0,195.0,4.0,885140727.0,M,1.0,26.0,technician
45.0,651.0,3.0,886988574.0,M,1.0,22.0,student
307.0,449.0,2.0,879792627.0,M,1.0,24.0,student
385.0,603.0,5.0,875183321.0,M,1.0,33.0,programmer
347.0,181.0,4.0,886475682.0,M,1.0,18.0,student
795.0,522.0,5.0,888558886.0,M,1.0,28.0,programmer
246.0,12.0,4.0,881650548.0,M,1.0,18.0,student
450.0,762.0,4.0,880175206.0,F,0.0,44.0,educator
468.0,50.0,5.0,875963089.0,M,1.0,27.0,other
699.0,1073.0,5.0,891033805.0,M,1.0,39.0,other
679.0,657.0,3.0,891305843.0,M,1.0,30.0,educator
848.0,919.0,4.0,883867383.0,M,1.0,41.0,engineer
524.0,447.0,3.0,891723558.0,M,1.0,49.0,other
532.0,741.0,1.0,881107687.0,M,1.0,20.0,student
207.0,603.0,1.0,879111764.0,M,1.0,35.0,marketing
208.0,567.0,4.0,887170589.0,M,1.0,31.0,executive
372.0,675.0,4.0,888802418.0,F,0.0,25.0,other
864.0,174.0,3.0,875249824.0,M,1.0,26.0,programmer
431.0,4.0,2.0,878738754.0,M,1.0,22.0,student
861.0,738.0,2.0,892350850.0,M,1.0,47.0,other
406.0,827.0,4.0,879539944.0,M,1.0,46.0,educator
650.0,562.0,3.0,876451478.0,M,1.0,38.0,engineer
243.0,591.0,5.0,874937691.0,M,1.0,31.0,educator
437.0,15.0,5.0,884326690.0,F,0.0,36.0,healthcare
361.0,729.0,3.0,879465597.0,M,1.0,22.0,student
815.0,546.0,3.0,884326461.0,M,1.0,30.0,other
116.0,628.0,2.0,880572785.0,M,1.0,36.0,healthcare
543.0,96.0,4.0,889557766.0,F,0.0,26.0,scientist
189.0,288.0,3.0,893214332.0,M,1.0,30.0,artist
488.0,111.0,4.0,882387756.0,M,1.0,27.0,student
724.0,684.0,2.0,876018363.0,M,1.0,29.0,executive
353.0,9.0,5.0,891448350.0,M,1.0,24.0,scientist
332.0,653.0,5.0,882955978.0,M,1.0,22.0,student
545.0,7.0,3.0,886031540.0,M,1.0,26.0,technician
905.0,300.0,3.0,880604859.0,M,1.0,27.0,other
339.0,968.0,3.0,891294932.0,M,1.0,32.0,librarian
927.0,735.0,4.0,875542875.0,M,1.0,24.0,other
442.0,516.0,5.0,877442441.0,M,1.0,22.0,student
109.0,661.0,5.0,875270716.0,M,1.0,27.0,other
642.0,79.0,4.0,889686215.0,F,0.0,17.0,student
236.0,1021.0,5.0,891250584.0,F,0.0,44.0,writer
884.0,845.0,3.0,884491723.0,M,1.0,30.0,administrator
692.0,582.0,5.0,891250584.0,M,1.0,21.0,programmer
262.0,13.0,5.0,879544023.0,F,0.0,18.0,student
422.0,872.0,5.0,878847352.0,M,1.0,22.0,entertainment
303.0,989.0,4.0,888104353.0,M,1.0,18.0,student
788.0,313.0,3.0,891455329.0,F,0.0,51.0,administrator
1.0,927.0,2.0,880569579.0,M,1.0,23.0,technician
437.0,678.0,4.0,887744065.0,F,0.0,22.0,student
144.0,518.0,3.0,884131947.0,M,1.0,46.0,other
336.0,1074.0,4.0,880395534.0,M,1.0,35.0,programmer
923.0,9.0,2.0,882385294.0,M,1.0,26.0,student
683.0,515.0,4.0,889289123.0,M,1.0,28.0,other
474.0,9.0,2.0,875242963.0,M,1.0,45.0,executive
215.0,14.0,3.0,880824762.0,M,1.0,32.0,programmer
299.0,697.0,2.0,878961668.0,M,1.0,27.0,doctor
788.0,117.0,4.0,879571369.0,F,0.0,36.0,administrator
899.0,578.0,4.0,875659265.0,M,1.0,30.0,other
622.0,82.0,3.0,875289939.0,M,1.0,24.0,student
682.0,117.0,4.0,886988574.0,M,1.0,23.0,programmer
318.0,869.0,5.0,884495592.0,M,1.0,56.0,retired
468.0,586.0,3.0,879111677.0,M,1.0,27.0,administrator
339.0,741.0,4.0,891409922.0,M,1.0,32.0,lawyer
283.0,845.0,3.0,879442610.0,M,1.0,44.0,programmer
5.0,559.0,4.0,876251541.0,F,0.0,33.0,writer
346.0,1189.0,4.0,881127417.0,M,1.0,31.0,other
194.0,756.0,4.0,884035945.0,M,1.0,35.0,administrator
919.0,591.0,5.0,880873536.0,M,1.0,24.0,other
682.0,7.0,4.0,886031412.0,M,1.0,23.0,programmer
586.0,173.0,4.0,884478171.0,M,1.0,20.0,student
327.0,865.0,5.0,879485551.0,M,1.0,22.0,student
243.0,10.0,5.0,879458047.0,M,1.0,31.0,educator
648.0,763.0,4.0,886030021.0,M,1.0,39.0,engineer
773.0,50.0,3.0,880055565.0,M,1.0,20.0,student
653.0,693.0,4.0,879544215.0,M,1.0,29.0,engineer
693.0,288.0,2.0,879744014.0,M,1.0,43.0,healthcare
923.0,772.0,3.0,887744328.0,M,1.0,22.0,engineer
815.0,7.0,4.0,877336922.0,M,1.0,30.0,other
542.0,584.0,2.0,880332631.0,M,1.0,21.0,student
694.0,474.0,4.0,880927857.0,M,1.0,52.0,engineer
488.0,459.0,3.0,874948508.0,M,1.0,28.0,technician
479.0,795.0,3.0,879792830.0,M,1.0,50.0,educator
537.0,607.0,3.0,886030743.0,M,1.0,33.0,engineer
850.0,934.0,5.0,891384744.0,M,1.0,31.0,technician
239.0,673.0,5.0,879899641.0,M,1.0,35.0,artist
623.0,663.0,2.0,891547106.0,F,0.0,50.0,librarian
697.0,979.0,4.0,879646480.0,M,1.0,24.0,other
500.0,778.0,1.0,878347543.0,M,1.0,27.0,administrator
201.0,1097.0,5.0,885680126.0,M,1.0,26.0,writer
588.0,531.0,2.0,889289123.0,F,0.0,17.0,student
380.0,781.0,2.0,886323524.0,M,1.0,30.0,engineer
295.0,528.0,3.0,878738858.0,M,1.0,27.0,educator
13.0,815.0,5.0,889907812.0,M,1.0,42.0,educator
653.0,972.0,4.0,891031603.0,F,0.0,29.0,librarian
327.0,835.0,3.0,882385799.0,M,1.0,22.0,student
615.0,1073.0,4.0,884131929.0,M,1.0,30.0,other
488.0,518.0,5.0,879988572.0,M,1.0,42.0,other
92.0,678.0,5.0,875127822.0,M,1.0,30.0,entertainment
561.0,9.0,2.0,877018712.0,M,1.0,23.0,scientist
122.0,941.0,4.0,884304546.0,F,0.0,32.0,lawyer
42.0,7.0,5.0,883712667.0,M,1.0,28.0,administrator
393.0,628.0,2.0,889740162.0,M,1.0,18.0,student
463.0,1027.0,4.0,879521443.0,M,1.0,50.0,healthcare
745.0,69.0,4.0,885158031.0,M,1.0,40.0,homemaker
193.0,596.0,4.0,879442617.0,M,1.0,27.0,student
903.0,100.0,5.0,879793103.0,M,1.0,27.0,educator
683.0,286.0,5.0,879195861.0,M,1.0,39.0,other
478.0,924.0,4.0,8752422.0,M,1.0,27.0,other
766.0,675.0,4.0,891691776.0,M,1.0,38.0,librarian
705.0,597.0,4.0,877382558.0,M,1.0,21.0,other
118.0,856.0,5.0,879192701.0,M,1.0,21.0,administrator
279.0,7.0,4.0,888632963.0,M,1.0,31.0,programmer
325.0,1134.0,4.0,891449375.0,M,1.0,42.0,technician
7.0,684.0,4.0,891723494.0,M,1.0,50.0,administrator
95.0,603.0,4.0,879530104.0,F,0.0,29.0,administrator
54.0,549.0,3.0,891447653.0,M,1.0,22.0,technician
577.0,528.0,5.0,888069416.0,M,1.0,29.0,educator
343.0,652.0,3.0,884368371.0,M,1.0,39.0,engineer
496.0,1033.0,5.0,881104856.0,M,1.0,27.0,other
645.0,513.0,2.0,887044304.0,M,1.0,26.0,student
561.0,756.0,3.0,884132958.0,M,1.0,23.0,scientist
666.0,482.0,3.0,879441433.0,M,1.0,39.0,administrator
800.0,1030.0,4.0,878919206.0,M,1.0,28.0,programmer
416.0,732.0,4.0,884495622.0,M,1.0,20.0,student
67.0,588.0,4.0,882079367.0,M,1.0,23.0,marketing
532.0,651.0,4.0,881958681.0,F,0.0,18.0,student
201.0,4.0,5.0,882677830.0,M,1.0,26.0,writer
442.0,934.0,4.0,875143564.0,M,1.0,18.0,student
405.0,528.0,1.0,884304822.0,F,0.0,22.0,healthcare
82.0,1029.0,3.0,878950972.0,M,1.0,44.0,programmer
533.0,7.0,4.0,878854704.0,M,1.0,39.0,librarian
454.0,566.0,4.0,879446922.0,F,0.0,27.0,other
697.0,955.0,5.0,880175577.0,M,1.0,24.0,other
318.0,1044.0,4.0,887737955.0,M,1.0,56.0,retired
23.0,1110.0,4.0,875271807.0,M,1.0,30.0,artist
558.0,1041.0,3.0,875334098.0,M,1.0,35.0,scientist
49.0,176.0,3.0,885847701.0,M,1.0,23.0,student
450.0,929.0,4.0,883326995.0,F,0.0,35.0,educator
864.0,12.0,4.0,875653760.0,M,1.0,26.0,programmer
833.0,943.0,4.0,889737889.0,M,1.0,31.0,writer
894.0,865.0,4.0,879366526.0,M,1.0,30.0,educator
532.0,14.0,5.0,884585479.0,M,1.0,20.0,student
727.0,685.0,2.0,879875788.0,M,1.0,24.0,student
360.0,496.0,4.0,888702948.0,M,1.0,45.0,other
378.0,928.0,3.0,880843480.0,M,1.0,32.0,student
449.0,926.0,3.0,880606658.0,M,1.0,23.0,engineer
749.0,11.0,4.0,878870648.0,M,1.0,31.0,other
933.0,939.0,4.0,876402560.0,M,1.0,27.0,engineer
769.0,7.0,4.0,879446953.0,M,1.0,30.0,other
343.0,934.0,5.0,876408784.0,M,1.0,39.0,engineer
880.0,647.0,4.0,880177895.0,M,1.0,11.0,student
896.0,578.0,4.0,885158725.0,M,1.0,27.0,writer
464.0,597.0,4.0,879874961.0,F,0.0,51.0,educator
307.0,8.0,2.0,887745463.0,M,1.0,24.0,student
130.0,181.0,4.0,878854630.0,M,1.0,20.0,none
347.0,50.0,2.0,887911808.0,M,1.0,18.0,student
299.0,1093.0,4.0,878962776.0,M,1.0,27.0,doctor
303.0,515.0,5.0,879449184.0,M,1.0,18.0,student
892.0,751.0,3.0,880843997.0,M,1.0,33.0,other
798.0,605.0,3.0,875157740.0,M,1.0,25.0,writer
393.0,288.0,3.0,884752601.0,M,1.0,18.0,student
236.0,15.0,5.0,889181177.0,F,0.0,40.0,writer
432.0,744.0,5.0,875744097.0,M,1.0,22.0,entertainment
861.0,1087.0,3.0,886988574.0,M,1.0,16.0,student
655.0,896.0,3.0,886484561.0,F,0.0,50.0,healthcare
222.0,1068.0,4.0,880332685.0,M,1.0,27.0,student
13.0,473.0,4.0,875270916.0,M,1.0,42.0,educator
653.0,705.0,3.0,879362286.0,M,1.0,31.0,executive
104.0,485.0,1.0,88088552378.0,M,1.0,26.0,student
634.0,876.0,4.0,877547314.0,M,1.0,26.0,engineer
7.0,478.0,4.0,880179715.0,M,1.0,50.0,administrator
638.0,7.0,3.0,888633310.0,M,1.0,44.0,engineer
876.0,48.0,4.0,883756694.0,M,1.0,41.0,executive
387.0,237.0,3.0,886480206.0,M,1.0,31.0,entertainment
642.0,954.0,5.0,888632214.0,F,0.0,17.0,student
406.0,623.0,3.0,879875814.0,M,1.0,28.0,educator
749.0,615.0,5.0,875272250.0,M,1.0,31.0,other
447.0,549.0,3.0,879466442.0,M,1.0,28.0,administrator
886.0,474.0,4.0,874730320.0,M,1.0,20.0,student
201.0,276.0,4.0,888523585.0,M,1.0,26.0,writer
634.0,8.0,5.0,878346535.0,M,1.0,35.0,engineer
899.0,1475.0,5.0,884128232.0,M,1.0,30.0,other
271.0,7.0,5.0,885690710.0,M,1.0,45.0,engineer
99.0,518.0,1.0,883599655.0,M,1.0,20.0,student
269.0,100.0,4.0,891696883.0,M,1.0,31.0,librarian
87.0,528.0,3.0,879875050.0,M,1.0,22.0,administrator
847.0,1053.0,4.0,887737210.0,M,1.0,26.0,student
870.0,515.0,2.0,880807066.0,M,1.0,11.0,student
625.0,553.0,2.0,891498434.0,M,1.0,26.0,programmer
255.0,1009.0,2.0,886438706.0,M,1.0,23.0,entertainment
592.0,683.0,4.0,888632499.0,M,1.0,18.0,student
931.0,449.0,5.0,891036003.0,M,1.0,52.0,educator
214.0,753.0,4.0,891723294.0,F,0.0,26.0,librarian
327.0,568.0,3.0,886988283.0,M,1.0,21.0,student
686.0,474.0,4.0,888520518.0,M,1.0,35.0,educator
561.0,476.0,5.0,888479619.0,M,1.0,23.0,engineer
568.0,748.0,4.0,879461243.0,M,1.0,44.0,educator
694.0,846.0,4.0,891217834.0,M,1.0,52.0,educator
910.0,661.0,2.0,890347643.0,F,0.0,41.0,healthcare
495.0,11.0,5.0,877807061.0,M,1.0,27.0,engineer
255.0,172.0,4.0,875341544.0,M,1.0,23.0,entertainment
343.0,756.0,5.0,879442901.0,M,1.0,39.0,engineer
234.0,928.0,5.0,875348927.0,M,1.0,52.0,retired
234.0,186.0,3.0,892334883.0,M,1.0,52.0,retired
68.0,1182.0,4.0,889180616.0,M,1.0,23.0,student
790.0,286.0,5.0,880177140.0,M,1.0,26.0,technician
744.0,8.0,5.0,878696355.0,M,1.0,24.0,writer
666.0,237.0,3.0,880178019.0,M,1.0,39.0,administrator
402.0,579.0,4.0,880951665.0,M,1.0,28.0,engineer
524.0,300.0,3.0,883601011.0,M,1.0,26.0,student
650.0,890.0,2.0,891199715.0,M,1.0,38.0,engineer
452.0,9.0,4.0,879467607.0,M,1.0,28.0,administrator
851.0,1021.0,3.0,880937747.0,M,1.0,44.0,doctor
896.0,790.0,4.0,891695155.0,M,1.0,27.0,writer
864.0,739.0,5.0,888632459.0,M,1.0,32.0,programmer
669.0,674.0,3.0,891438909.0,M,1.0,28.0,other
894.0,841.0,4.0,883327442.0,M,1.0,28.0,other
606.0,724.0,1.0,886031123.0,M,1.0,26.0,programmer
452.0,656.0,5.0,885848584.0,M,1.0,32.0,administrator
110.0,731.0,4.0,881107779.0,M,1.0,18.0,student
301.0,748.0,3.0,880127463.0,M,1.0,23.0,student
349.0,9.0,4.0,884497623.0,M,1.0,53.0,retired
234.0,547.0,4.0,892333966.0,M,1.0,52.0,retired
145.0,873.0,4.0,875742951.0,M,1.0,29.0,entertainment
514.0,245.0,5.0,878882698.0,M,1.0,46.0,programmer
655.0,50.0,4.0,891197569.0,F,0.0,50.0,healthcare
429.0,546.0,4.0,881957002.0,M,1.0,26.0,student
18.0,790.0,3.0,879362286.0,F,0.0,30.0,other
718.0,1132.0,2.0,882140553.0,F,0.0,36.0,other
790.0,1035.0,5.0,880177857.0,M,1.0,32.0,salesman
235.0,8.0,4.0,879518233.0,M,1.0,34.0,educator
405.0,684.0,2.0,880843362.0,M,1.0,22.0,healthcare
889.0,652.0,5.0,877726708.0,M,1.0,23.0,technician
537.0,9.0,2.0,886030220.0,M,1.0,33.0,engineer
406.0,12.0,4.0,886432183.0,M,1.0,46.0,educator
122.0,1090.0,4.0,882075827.0,M,1.0,32.0,writer
158.0,746.0,4.0,879874933.0,M,1.0,44.0,educator
532.0,615.0,4.0,880572749.0,M,1.0,20.0,student
328.0,463.0,4.0,881178442.0,M,1.0,50.0,administrator
532.0,518.0,4.0,878878685.0,F,0.0,20.0,student
435.0,461.0,3.0,884365075.0,M,1.0,23.0,engineer
343.0,478.0,4.0,879449799.0,M,1.0,39.0,engineer
357.0,549.0,3.0,885156709.0,M,1.0,25.0,executive
532.0,876.0,4.0,884732427.0,M,1.0,20.0,student
642.0,828.0,5.0,884628277.0,F,0.0,17.0,student
326.0,13.0,4.0,881108345.0,F,0.0,37.0,administrator
847.0,1273.0,3.0,879890699.0,M,1.0,32.0,student
936.0,762.0,4.0,879446809.0,M,1.0,45.0,engineer
354.0,180.0,5.0,891545793.0,F,0.0,29.0,librarian
18.0,566.0,2.0,886831346.0,F,0.0,35.0,artist
833.0,646.0,5.0,889492447.0,M,1.0,31.0,writer
343.0,483.0,4.0,876403592.0,M,1.0,39.0,engineer
49.0,781.0,5.0,887744644.0,M,1.0,20.0,student
347.0,1030.0,3.0,880243573.0,M,1.0,18.0,student
332.0,56.0,3.0,877136684.0,M,1.0,20.0,student
13.0,973.0,3.0,880605333.0,M,1.0,42.0,educator
782.0,672.0,4.0,874787567.0,F,0.0,21.0,artist
645.0,678.0,5.0,888103786.0,M,1.0,26.0,programmer
221.0,754.0,4.0,879467865.0,M,1.0,18.0,student
162.0,50.0,4.0,893214159.0,M,1.0,45.0,artist
492.0,762.0,2.0,879524584.0,M,1.0,24.0,administrator
178.0,945.0,4.0,886609263.0,M,1.0,25.0,other
659.0,825.0,3.0,882079840.0,M,1.0,23.0,student
72.0,541.0,4.0,879440628.0,F,0.0,48.0,administrator
889.0,531.0,4.0,880182692.0,M,1.0,23.0,technician
864.0,934.0,3.0,887160474.0,M,1.0,24.0,programmer
347.0,521.0,3.0,889730454.0,M,1.0,18.0,student
407.0,15.0,4.0,879546218.0,M,1.0,27.0,engineer
862.0,100.0,4.0,879563794.0,M,1.0,24.0,executive
416.0,1241.0,3.0,884182885.0,F,0.0,20.0,student
178.0,728.0,4.0,889502074.0,F,0.0,21.0,other
276.0,663.0,1.0,882053045.0,M,1.0,21.0,student
788.0,988.0,3.0,879196230.0,M,1.0,40.0,administrator
239.0,521.0,3.0,879532545.0,M,1.0,35.0,artist
62.0,935.0,5.0,881013627.0,F,0.0,27.0,administrator
500.0,50.0,3.0,885848886.0,M,1.0,27.0,administrator
189.0,496.0,3.0,884034761.0,M,1.0,30.0,artist
244.0,1028.0,4.0,878182348.0,M,1.0,27.0,technician
629.0,654.0,4.0,891698951.0,F,0.0,42.0,librarian
94.0,931.0,3.0,880179335.0,M,1.0,25.0,student
301.0,1028.0,3.0,888452445.0,M,1.0,23.0,student
192.0,652.0,4.0,887911391.0,F,0.0,38.0,marketing
343.0,514.0,3.0,881109198.0,M,1.0,39.0,engineer
643.0,596.0,4.0,891495355.0,F,1.0,39.0,librarian
796.0,719.0,2.0,889651717.0,M,1.0,32.0,writer
381.0,258.0,5.0,884364465.0,M,1.0,40.0,engineer
452.0,514.0,5.0,877828666.0,M,1.0,32.0,administrator
99.0,328.0,5.0,880175077.0,M,1.0,20.0,student
457.0,751.0,2.0,879441262.0,F,0.0,33.0,salesman
548.0,709.0,3.0,891696999.0,M,1.0,39.0,engineer
593.0,8.0,4.0,879547582.0,F,0.0,31.0,marketing
6.0,795.0,4.0,880134296.0,M,1.0,38.0,executive
308.0,549.0,3.0,885873159.0,M,1.0,52.0,retired
101.0,662.0,3.0,879449534.0,M,1.0,20.0,student
184.0,12.0,4.0,891545956.0,M,1.0,34.0,librarian
518.0,127.0,2.0,886988574.0,M,1.0,18.0,student
682.0,895.0,2.0,886608369.0,M,1.0,23.0,programmer
101.0,98.0,5.0,888179694.0,M,1.0,20.0,student
815.0,118.0,1.0,878192098.0,F,0.0,30.0,other
532.0,79.0,4.0,886484067.0,M,1.0,20.0,student
90.0,4.0,4.0,891385799.0,M,1.0,52.0,educator
472.0,823.0,3.0,882077004.0,M,1.0,23.0,student
577.0,566.0,4.0,891249765.0,M,1.0,36.0,writer
708.0,678.0,4.0,891273782.0,F,0.0,26.0,librarian
631.0,662.0,1.0,874951728.0,M,1.0,21.0,programmer
936.0,531.0,5.0,888640157.0,M,1.0,23.0,other
663.0,815.0,2.0,884783234.0,F,0.0,48.0,healthcare
380.0,708.0,4.0,884059184.0,M,1.0,30.0,engineer
1.0,286.0,4.0,879635198.0,M,1.0,23.0,technician
303.0,13.0,3.0,879119251.0,M,1.0,18.0,student
683.0,654.0,5.0,879442892.0,M,1.0,23.0,other
727.0,1098.0,3.0,876538758.0,M,1.0,24.0,student
308.0,738.0,5.0,885679758.0,M,1.0,52.0,retired
268.0,511.0,3.0,881170047.0,M,1.0,23.0,engineer
936.0,826.0,4.0,879448672.0,M,1.0,23.0,other
207.0,715.0,5.0,886608660.0,M,1.0,35.0,marketing
567.0,735.0,5.0,882059778.0,M,1.0,23.0,entertainment
527.0,763.0,3.0,879446722.0,M,1.0,23.0,programmer
638.0,11.0,5.0,886031606.0,M,1.0,33.0,engineer
523.0,174.0,2.0,885828773.0,F,0.0,49.0,administrator
580.0,38.0,4.0,888557730.0,M,1.0,16.0,student
387.0,615.0,3.0,875154787.0,M,1.0,31.0,entertainment
239.0,603.0,4.0,879896803.0,F,0.0,35.0,artist
697.0,1054.0,5.0,891036331.0,M,1.0,24.0,other
788.0,8.0,4.0,882607476.0,M,1.0,45.0,administrator
320.0,1385.0,4.0,883215711.0,M,1.0,18.0,artist
815.0,527.0,4.0,886920774.0,M,1.0,30.0,other
845.0,11.0,3.0,889289123.0,M,1.0,30.0,other
543.0,523.0,4.0,879442713.0,M,1.0,35.0,scientist
919.0,513.0,5.0,876173393.0,M,1.0,24.0,other
487.0,865.0,3.0,885140929.0,M,1.0,22.0,engineer
463.0,13.0,1.0,877399018.0,F,0.0,48.0,healthcare
244.0,9.0,5.0,884050762.0,M,1.0,27.0,technician
897.0,578.0,5.0,875979359.0,M,1.0,28.0,other
454.0,597.0,2.0,888702931.0,M,1.0,50.0,other
425.0,1234.0,5.0,884534893.0,M,1.0,26.0,student
308.0,441.0,3.0,887737338.0,M,1.0,52.0,retired
450.0,864.0,4.0,881250114.0,F,0.0,35.0,educator
357.0,645.0,4.0,879876418.0,M,1.0,25.0,executive
458.0,9.0,2.0,886396417.0,M,1.0,42.0,technician
694.0,181.0,5.0,883710236.0,M,1.0,49.0,educator
711.0,1048.0,4.0,882621940.0,M,1.0,21.0,student
896.0,566.0,4.0,880396062.0,M,1.0,27.0,other
256.0,551.0,3.0,875348072.0,M,1.0,35.0,none
457.0,8.0,5.0,879447931.0,F,0.0,33.0,salesman
851.0,489.0,1.0,875263690.0,M,1.0,16.0,student
95.0,531.0,5.0,889739076.0,M,1.0,29.0,administrator
484.0,985.0,5.0,883872151.0,M,1.0,26.0,marketing
234.0,751.0,4.0,887745604.0,M,1.0,52.0,retired
748.0,603.0,5.0,892697146.0,M,1.0,38.0,executive
712.0,845.0,4.0,875962464.0,F,0.0,11.0,student
697.0,485.0,5.0,879485319.0,M,1.0,24.0,other
7.0,1068.0,5.0,885599467.0,F,0.0,50.0,administrator
305.0,7.0,5.0,886397235.0,M,1.0,23.0,programmer
618.0,815.0,5.0,889655162.0,F,0.0,18.0,other
130.0,447.0,4.0,879435369.0,M,1.0,20.0,none
184.0,1046.0,4.0,889909142.0,M,1.0,34.0,librarian
295.0,471.0,3.0,879445087.0,M,1.0,29.0,educator
500.0,932.0,4.0,883697808.0,M,1.0,27.0,administrator
194.0,584.0,5.0,879542898.0,M,1.0,35.0,administrator
752.0,10.0,1.0,887744328.0,M,1.0,52.0,retired
543.0,547.0,4.0,887911789.0,M,1.0,35.0,scientist
709.0,731.0,3.0,893214041.0,M,1.0,59.0,executive
89.0,12.0,4.0,891388250.0,F,0.0,43.0,librarian
215.0,14.0,5.0,891379174.0,M,1.0,32.0,programmer
758.0,50.0,4.0,88387652.0,M,1.0,26.0,student
151.0,865.0,4.0,879455150.0,F,0.0,38.0,administrator
334.0,496.0,4.0,878854383.0,M,1.0,30.0,librarian
556.0,527.0,4.0,891627463.0,M,1.0,21.0,writer
201.0,682.0,2.0,888632317.0,M,1.0,26.0,writer
650.0,495.0,4.0,891384226.0,M,1.0,38.0,engineer
871.0,709.0,2.0,880123941.0,M,1.0,29.0,executive
201.0,50.0,4.0,884467524.0,M,1.0,26.0,writer
435.0,762.0,5.0,884647533.0,M,1.0,23.0,engineer
279.0,69.0,5.0,875121478.0,M,1.0,31.0,programmer
255.0,954.0,2.0,87711069.0,M,1.0,23.0,entertainment
466.0,658.0,4.0,882344114.0,M,1.0,50.0,writer
620.0,875.0,3.0,888906943.0,M,1.0,17.0,student
930.0,593.0,3.0,875946391.0,M,1.0,26.0,artist
883.0,811.0,5.0,880130296.0,M,1.0,28.0,marketing
874.0,678.0,3.0,884067307.0,M,1.0,27.0,scientist
863.0,7.0,4.0,888479624.0,M,1.0,17.0,student
648.0,96.0,4.0,879194886.0,F,0.0,39.0,administrator
537.0,1110.0,4.0,875350223.0,M,1.0,33.0,engineer
354.0,258.0,5.0,891547894.0,F,0.0,29.0,librarian
280.0,682.0,5.0,891699455.0,F,0.0,30.0,librarian
280.0,681.0,4.0,891436549.0,F,0.0,30.0,student
524.0,294.0,3.0,892535362.0,M,1.0,49.0,educator
648.0,1.0,3.0,885828389.0,M,1.0,39.0,engineer
561.0,1210.0,4.0,883448059.0,F,0.0,17.0,student
4.0,585.0,5.0,878182847.0,M,1.0,23.0,technician
429.0,673.0,4.0,882385528.0,M,1.0,26.0,student
363.0,1066.0,4.0,891409160.0,M,1.0,20.0,other
869.0,511.0,4.0,879439185.0,F,0.0,22.0,student
259.0,1011.0,4.0,875657780.0,M,1.0,21.0,student
870.0,12.0,4.0,880332059.0,M,1.0,27.0,student
586.0,662.0,4.0,883348357.0,M,1.0,20.0,none
23.0,486.0,2.0,875070167.0,F,0.0,21.0,artist
85.0,484.0,4.0,891478567.0,M,1.0,45.0,educator
424.0,569.0,5.0,887158345.0,M,1.0,26.0,marketing
878.0,487.0,4.0,881265617.0,M,1.0,27.0,student
642.0,748.0,4.0,880176880.0,F,0.0,17.0,student
244.0,1223.0,2.0,880332650.0,M,1.0,27.0,technician
543.0,652.0,5.0,886028446.0,M,1.0,31.0,engineer
336.0,659.0,4.0,877106620.0,M,1.0,23.0,salesman
301.0,527.0,4.0,888067750.0,M,1.0,23.0,student
872.0,685.0,2.0,887159173.0,F,0.0,18.0,student
303.0,778.0,5.0,889289419.0,M,1.0,18.0,student
409.0,831.0,4.0,879111473.0,M,1.0,42.0,administrator
653.0,928.0,3.0,888556056.0,M,1.0,29.0,executive
303.0,294.0,4.0,874786533.0,F,0.0,18.0,student
313.0,891.0,4.0,891351121.0,M,1.0,37.0,marketing
84.0,990.0,4.0,889502587.0,M,1.0,30.0,executive
90.0,966.0,4.0,888081912.0,M,1.0,44.0,educator
295.0,523.0,5.0,879517237.0,M,1.0,29.0,educator
757.0,495.0,3.0,886921606.0,M,1.0,25.0,student
269.0,756.0,4.0,891387704.0,F,0.0,31.0,librarian
848.0,708.0,4.0,891384113.0,M,1.0,41.0,engineer
244.0,258.0,3.0,880232048.0,M,1.0,27.0,technician
7.0,549.0,4.0,881106637.0,M,1.0,43.0,writer
48.0,485.0,5.0,879445190.0,M,1.0,40.0,administrator
221.0,181.0,5.0,888886480.0,M,1.0,18.0,student
524.0,515.0,5.0,879363636.0,M,1.0,20.0,programmer
110.0,7.0,4.0,888069636.0,M,1.0,18.0,student
478.0,1047.0,3.0,883710706.0,M,1.0,28.0,other
618.0,839.0,4.0,891801232.0,F,0.0,11.0,student
477.0,963.0,4.0,883877385.0,M,1.0,23.0,technician
327.0,684.0,4.0,879572286.0,M,1.0,22.0,educator
7.0,1010.0,2.0,892956345.0,M,1.0,50.0,administrator
922.0,10.0,3.0,881369611.0,M,1.0,36.0,scientist
524.0,708.0,3.0,879466116.0,M,1.0,49.0,educator
524.0,684.0,2.0,891544709.0,M,1.0,49.0,librarian
543.0,659.0,4.0,875680597.0,M,1.0,35.0,scientist
318.0,515.0,3.0,885848365.0,M,1.0,52.0,retired
308.0,954.0,4.0,887738760.0,M,1.0,52.0,retired
562.0,498.0,3.0,889654971.0,F,0.0,27.0,administrator
311.0,22.0,3.0,884121474.0,M,1.0,30.0,administrator
627.0,15.0,5.0,884034790.0,M,1.0,23.0,engineer
846.0,1230.0,5.0,891036781.0,M,1.0,26.0,lawyer
545.0,751.0,3.0,882955978.0,M,1.0,38.0,student
796.0,772.0,5.0,875272901.0,M,1.0,32.0,writer
749.0,848.0,3.0,876534131.0,M,1.0,38.0,other
837.0,648.0,3.0,885809711.0,F,0.0,23.0,artist
378.0,682.0,3.0,880078729.0,M,1.0,32.0,student
846.0,1231.0,4.0,883949255.0,M,1.0,26.0,lawyer
435.0,596.0,2.0,884238778.0,M,1.0,36.0,scientist
738.0,974.0,4.0,877757396.0,M,1.0,32.0,engineer
886.0,662.0,3.0,876036077.0,M,1.0,20.0,student
85.0,758.0,3.0,881059356.0,M,1.0,45.0,educator
896.0,56.0,5.0,881410194.0,M,1.0,27.0,writer
388.0,7.0,2.0,879365074.0,M,1.0,44.0,writer
566.0,79.0,4.0,889681445.0,M,1.0,20.0,student
110.0,554.0,5.0,879875058.0,M,1.0,10.0,student
561.0,111.0,4.0,882156974.0,M,1.0,23.0,engineer
786.0,64.0,5.0,876513699.0,M,1.0,36.0,engineer
102.0,191.0,5.0,889731088.0,M,1.0,35.0,programmer
256.0,936.0,4.0,879361134.0,F,0.0,35.0,none
684.0,581.0,4.0,883677196.0,M,1.0,46.0,other
506.0,647.0,4.0,884035774.0,M,1.0,26.0,engineer
622.0,824.0,5.0,893219158.0,M,1.0,24.0,artist
905.0,772.0,3.0,884636453.0,M,1.0,27.0,other
455.0,446.0,3.0,886608617.0,M,1.0,42.0,administrator
268.0,685.0,5.0,875462598.0,M,1.0,23.0,engineer
885.0,210.0,5.0,887159069.0,F,0.0,34.0,administrator
889.0,955.0,5.0,880139439.0,M,1.0,23.0,technician
846.0,823.0,3.0,883949380.0,M,1.0,26.0,lawyer
291.0,566.0,3.0,874785843.0,M,1.0,25.0,student
416.0,496.0,3.0,880845079.0,M,1.0,20.0,student
303.0,471.0,1.0,889737583.0,M,1.0,18.0,student
682.0,8.0,4.0,888641618.0,M,1.0,23.0,programmer
543.0,1203.0,5.0,878848015.0,M,1.0,31.0,librarian
618.0,286.0,4.0,879958444.0,M,1.0,11.0,student
561.0,1028.0,3.0,885808077.0,M,1.0,23.0,engineer
8.0,748.0,3.0,879530150.0,M,1.0,39.0,administrator
890.0,846.0,3.0,882387756.0,M,1.0,42.0,technician
474.0,696.0,4.0,885941785.0,M,1.0,35.0,executive
167.0,528.0,4.0,889492901.0,M,1.0,35.0,other
871.0,678.0,5.0,878347411.0,M,1.0,29.0,executive
768.0,741.0,4.0,880232866.0,M,1.0,27.0,administrator
896.0,673.0,3.0,879362703.0,M,1.0,27.0,writer
210.0,659.0,3.0,877881187.0,M,1.0,35.0,engineer
235.0,582.0,3.0,879466604.0,M,1.0,34.0,educator
189.0,468.0,2.0,891354534.0,M,1.0,30.0,artist
843.0,806.0,4.0,891199804.0,M,1.0,42.0,librarian
790.0,393.0,4.0,875224482.0,M,1.0,26.0,homemaker
666.0,419.0,3.0,882828057.0,M,1.0,27.0,other
13.0,498.0,1.0,889739370.0,M,1.0,42.0,educator
389.0,928.0,2.0,879444471.0,M,1.0,44.0,writer
903.0,100.0,5.0,879446127.0,M,1.0,27.0,educator
430.0,597.0,4.0,875965935.0,M,1.0,35.0,scientist
711.0,974.0,3.0,891205004.0,F,0.0,22.0,student
736.0,546.0,5.0,891384704.0,F,0.0,46.0,marketing
262.0,479.0,4.0,879441185.0,F,0.0,18.0,student
622.0,100.0,5.0,881373617.0,M,1.0,24.0,administrator
592.0,833.0,3.0,879441793.0,M,1.0,34.0,other
275.0,8.0,4.0,876407053.0,M,1.0,35.0,engineer
184.0,682.0,5.0,889909640.0,M,1.0,34.0,librarian
145.0,1101.0,3.0,875654962.0,M,1.0,29.0,entertainment
586.0,49.0,5.0,885828341.0,M,1.0,20.0,student
354.0,531.0,3.0,879462062.0,F,0.0,20.0,student
7.0,782.0,5.0,882956209.0,M,1.0,50.0,administrator
751.0,48.0,3.0,891723706.0,M,1.0,38.0,other
387.0,926.0,5.0,881548020.0,M,1.0,31.0,entertainment
347.0,286.0,3.0,882956241.0,M,1.0,18.0,student
305.0,509.0,5.0,884992724.0,M,1.0,23.0,programmer
788.0,691.0,5.0,888905086.0,M,1.0,45.0,administrator
213.0,763.0,3.0,874813704.0,M,1.0,31.0,librarian
456.0,7.0,4.0,875296846.0,M,1.0,23.0,technician
293.0,12.0,4.0,888905839.0,M,1.0,23.0,writer
407.0,663.0,4.0,884124314.0,M,1.0,36.0,engineer
385.0,873.0,2.0,887159173.0,M,1.0,39.0,writer
910.0,566.0,2.0,884132048.0,F,0.0,27.0,healthcare
815.0,50.0,3.0,879455215.0,M,1.0,30.0,other
715.0,761.0,5.0,884112077.0,M,1.0,32.0,technician
130.0,873.0,2.0,891199804.0,M,1.0,20.0,none
87.0,12.0,2.0,879362461.0,M,1.0,42.0,administrator
823.0,9.0,5.0,875640291.0,M,1.0,26.0,artist
896.0,678.0,5.0,880313582.0,M,1.0,27.0,other
790.0,528.0,4.0,888633310.0,M,1.0,30.0,educator
323.0,127.0,3.0,889180747.0,M,1.0,23.0,student
201.0,578.0,3.0,889289278.0,M,1.0,26.0,writer
886.0,751.0,5.0,887158575.0,M,1.0,20.0,student
119.0,5.0,4.0,883698416.0,M,1.0,30.0,none
815.0,181.0,5.0,878961783.0,M,1.0,30.0,other
721.0,1.0,3.0,883216536.0,M,1.0,23.0,entertainment
676.0,479.0,4.0,875240147.0,M,1.0,48.0,programmer
297.0,639.0,5.0,879448654.0,M,1.0,29.0,educator
618.0,951.0,4.0,874853829.0,F,0.0,11.0,student
293.0,615.0,4.0,888907047.0,M,1.0,23.0,writer
896.0,479.0,3.0,875729489.0,M,1.0,23.0,programmer
94.0,707.0,4.0,880821394.0,M,1.0,25.0,student
207.0,706.0,5.0,884326427.0,M,1.0,35.0,marketing
660.0,662.0,4.0,876536962.0,M,1.0,25.0,other
504.0,216.0,4.0,879460172.0,M,1.0,40.0,writer
554.0,181.0,4.0,886989138.0,M,1.0,50.0,educator
823.0,847.0,5.0,878438376.0,M,1.0,26.0,librarian
902.0,568.0,5.0,884111957.0,F,0.0,38.0,artist
344.0,7.0,5.0,879968158.0,F,0.0,30.0,librarian
825.0,521.0,5.0,874785884.0,M,1.0,30.0,artist
533.0,538.0,4.0,891388574.0,M,1.0,39.0,librarian
145.0,942.0,3.0,875654440.0,M,1.0,29.0,entertainment
88.0,9.0,4.0,881955782.0,M,1.0,42.0,educator
524.0,1.0,4.0,883870336.0,M,1.0,47.0,educator
301.0,825.0,5.0,888069636.0,M,1.0,23.0,student
689.0,684.0,3.0,879442921.0,M,1.0,30.0,other
870.0,172.0,2.0,875983716.0,M,1.0,22.0,student
804.0,1.0,3.0,879465591.0,M,1.0,35.0,educator
100.0,473.0,3.0,884640166.0,M,1.0,26.0,marketing
790.0,966.0,4.0,888452561.0,M,1.0,22.0,technician
425.0,483.0,4.0,876348583.0,M,1.0,18.0,student
889.0,679.0,4.0,884133446.0,M,1.0,26.0,technician
85.0,1044.0,3.0,879023498.0,M,1.0,45.0,educator
756.0,715.0,2.0,874787690.0,F,0.0,30.0,none
118.0,673.0,3.0,885921577.0,M,1.0,21.0,administrator
221.0,12.0,3.0,889732521.0,M,1.0,18.0,student
592.0,683.0,3.0,879445077.0,M,1.0,25.0,student
385.0,792.0,3.0,879465534.0,M,1.0,33.0,writer
321.0,517.0,3.0,886031106.0,F,0.0,49.0,educator
622.0,744.0,3.0,891517215.0,F,0.0,24.0,writer
130.0,527.0,5.0,883601406.0,F,0.0,0.0,none
323.0,1089.0,3.0,887745333.0,M,1.0,21.0,student
847.0,678.0,5.0,879793085.0,M,1.0,22.0,student
843.0,517.0,4.0,889283889.0,M,1.0,32.0,librarian
595.0,738.0,3.0,875463781.0,M,1.0,24.0,programmer
727.0,639.0,1.0,883865017.0,M,1.0,24.0,student
719.0,237.0,5.0,888625913.0,F,0.0,24.0,other
655.0,628.0,4.0,886472895.0,F,0.0,50.0,healthcare
87.0,681.0,4.0,879439283.0,M,1.0,42.0,administrator
496.0,1035.0,2.0,887158927.0,F,0.0,27.0,student
899.0,482.0,5.0,875659172.0,M,1.0,30.0,other
704.0,476.0,4.0,879445859.0,M,1.0,40.0,educator
815.0,928.0,3.0,878972618.0,M,1.0,30.0,artist
303.0,651.0,1.0,879361786.0,M,1.0,18.0,student
894.0,751.0,2.0,882386378.0,M,1.0,42.0,educator
901.0,333.0,3.0,879444582.0,M,1.0,45.0,executive
918.0,751.0,5.0,877368068.0,M,1.0,36.0,scientist
276.0,735.0,1.0,887910706.0,M,1.0,21.0,student
474.0,478.0,4.0,887911459.0,M,1.0,45.0,executive
235.0,615.0,3.0,892679938.0,F,0.0,34.0,educator
554.0,477.0,5.0,879543850.0,M,1.0,30.0,scientist
889.0,151.0,5.0,888892417.0,M,1.0,23.0,other
145.0,7.0,4.0,878961668.0,F,0.0,29.0,marketing
145.0,856.0,5.0,875962086.0,M,1.0,29.0,entertainment
695.0,11.0,5.0,879448897.0,M,1.0,48.0,other
934.0,648.0,4.0,885848812.0,M,1.0,53.0,engineer
221.0,705.0,3.0,875981788.0,M,1.0,18.0,student
622.0,7.0,4.0,877103757.0,M,1.0,24.0,programmer
193.0,745.0,5.0,889124941.0,M,1.0,27.0,student
87.0,629.0,2.0,882157797.0,M,1.0,42.0,administrator
617.0,7.0,5.0,883758941.0,M,1.0,27.0,writer
2.0,762.0,4.0,889655483.0,F,0.0,26.0,writer
498.0,736.0,4.0,887313984.0,M,1.0,27.0,scientist
328.0,474.0,4.0,879119359.0,M,1.0,45.0,administrator
447.0,732.0,5.0,880572685.0,M,1.0,38.0,executive
782.0,756.0,3.0,891384226.0,M,1.0,21.0,entertainment
435.0,919.0,5.0,884646077.0,M,1.0,23.0,programmer
896.0,479.0,3.0,883711418.0,M,1.0,27.0,writer
705.0,483.0,3.0,882385590.0,F,0.0,21.0,student
409.0,679.0,5.0,881108157.0,M,1.0,42.0,administrator
871.0,876.0,3.0,876536981.0,M,1.0,29.0,executive
925.0,845.0,5.0,880845371.0,M,1.0,23.0,engineer
297.0,851.0,4.0,875946262.0,F,0.0,29.0,writer
399.0,1011.0,5.0,883327139.0,M,1.0,24.0,other
447.0,845.0,4.0,888518440.0,M,1.0,28.0,other
847.0,628.0,4.0,888518009.0,M,1.0,21.0,student
896.0,14.0,3.0,891208285.0,M,1.0,28.0,writer
38.0,603.0,5.0,874730332.0,F,0.0,28.0,other
500.0,517.0,3.0,885075243.0,M,1.0,27.0,administrator
919.0,482.0,5.0,880354829.0,M,1.0,26.0,scientist
907.0,896.0,2.0,891698254.0,M,1.0,26.0,other
305.0,744.0,3.0,884363788.0,M,1.0,23.0,student
279.0,546.0,2.0,875350995.0,M,1.0,31.0,programmer
772.0,64.0,4.0,892783830.0,M,1.0,24.0,student
851.0,832.0,5.0,880144194.0,M,1.0,18.0,other
561.0,569.0,5.0,885848888.0,M,1.0,23.0,engineer
851.0,842.0,4.0,879454400.0,M,1.0,18.0,other
624.0,288.0,3.0,881017925.0,M,1.0,43.0,engineer
532.0,547.0,5.0,879563314.0,M,1.0,20.0,student
188.0,127.0,5.0,877887913.0,M,1.0,38.0,student
339.0,12.0,3.0,889492685.0,M,1.0,32.0,lawyer
704.0,472.0,4.0,891387756.0,F,0.0,51.0,librarian
293.0,596.0,5.0,888907119.0,M,1.0,23.0,writer
269.0,527.0,4.0,879454901.0,F,0.0,31.0,librarian
707.0,7.0,4.0,891035054.0,F,0.0,43.0,librarian
422.0,568.0,3.0,875560307.0,M,1.0,25.0,entertainment
535.0,985.0,4.0,879443047.0,F,0.0,45.0,educator
354.0,461.0,5.0,879445372.0,F,0.0,29.0,librarian
601.0,732.0,4.0,884361258.0,F,0.0,18.0,artist
871.0,1087.0,5.0,885843700.0,M,1.0,29.0,executive
314.0,462.0,3.0,888068912.0,F,0.0,20.0,student
615.0,985.0,4.0,879445211.0,M,1.0,35.0,educator
642.0,989.0,4.0,8869216717.0,F,0.0,17.0,student
592.0,744.0,4.0,886398879.0,M,1.0,18.0,student
609.0,1092.0,3.0,891384226.0,F,0.0,37.0,librarian
642.0,7.0,5.0,880130966.0,F,0.0,17.0,student
543.0,662.0,5.0,888632433.0,M,1.0,31.0,scientist
824.0,1203.0,2.0,875981503.0,M,1.0,26.0,artist
176.0,792.0,4.0,880567824.0,M,1.0,35.0,scientist
847.0,631.0,4.0,880387474.0,M,1.0,27.0,student
429.0,541.0,4.0,882823805.0,M,1.0,26.0,student
774.0,709.0,3.0,884496059.0,M,1.0,28.0,student
659.0,7.0,3.0,879518293.0,M,1.0,31.0,educator
821.0,566.0,3.0,879442202.0,M,1.0,54.0,librarian
3166.0,716.0,2.0,879948252.0,F,0.0,45.0,writer
749.0,1189.0,4.0,877877600.0,M,1.0,23.0,other
197.0,678.0,3.0,879899318.0,M,1.0,48.0,technician
472.0,748.0,4.0,875728841.0,M,1.0,23.0,student
630.0,723.0,3.0,887736843.0,F,0.0,22.0,student
128.0,121.0,3.0,880869798.0,M,1.0,28.0,marketing
661.0,940.0,4.0,878973780.0,F,0.0,27.0,healthcare
690.0,678.0,2.0,880134296.0,M,1.0,32.0,salesman
495.0,855.0,4.0,878182684.0,M,1.0,27.0,engineer
856.0,1349.0,2.0,882359424.0,M,1.0,26.0,none
170.0,645.0,3.0,889289123.0,F,0.0,55.0,healthcare
535.0,472.0,5.0,878941930.0,F,0.0,50.0,educator
406.0,740.0,4.0,879464355.0,M,1.0,46.0,educator
524.0,7.0,3.0,888556676.0,M,1.0,50.0,educator
661.0,919.0,4.0,885943685.0,M,1.0,27.0,programmer
572.0,748.0,3.0,884121680.0,M,1.0,18.0,student
13.0,846.0,5.0,882399528.0,M,1.0,42.0,educator
447.0,481.0,3.0,880123905.0,M,1.0,28.0,other
250.0,514.0,3.0,884029563.0,M,1.0,27.0,executive
704.0,568.0,3.0,879521251.0,F,0.0,35.0,educator
907.0,1028.0,3.0,888066694.0,F,0.0,50.0,educator
608.0,7.0,3.0,880403538.0,M,1.0,22.0,student
567.0,515.0,4.0,883446685.0,M,1.0,51.0,administrator
618.0,689.0,4.0,877012414.0,F,0.0,5.0,student
455.0,1427.0,3.0,880992986.0,M,1.0,42.0,administrator
472.0,15.0,5.0,879786892.0,M,1.0,23.0,student
95.0,823.0,4.0,879448604.0,M,1.0,29.0,administrator
595.0,515.0,4.0,889737889.0,M,1.0,31.0,educator
901.0,56.0,4.0,880572685.0,M,1.0,20.0,administrator
659.0,904.0,5.0,891384492.0,M,1.0,59.0,educator
843.0,514.0,4.0,883757782.0,M,1.0,32.0,librarian
328.0,566.0,3.0,880134947.0,M,1.0,45.0,administrator
709.0,932.0,3.0,878961173.0,F,0.0,36.0,student
422.0,941.0,4.0,881277897.0,M,1.0,25.0,writer
804.0,711.0,4.0,879443837.0,M,1.0,35.0,educator
719.0,482.0,4.0,875966751.0,M,1.0,22.0,student
661.0,973.0,4.0,885597821.0,M,1.0,27.0,student
409.0,705.0,3.0,891191612.0,M,1.0,42.0,administrator
159.0,566.0,5.0,891205004.0,F,0.0,20.0,student
676.0,569.0,2.0,891383348.0,M,1.0,28.0,programmer
334.0,732.0,2.0,889655456.0,M,1.0,30.0,librarian
524.0,648.0,5.0,886475682.0,M,1.0,18.0,student
455.0,195.0,3.0,879876224.0,M,1.0,42.0,administrator
524.0,763.0,4.0,879518475.0,M,1.0,49.0,educator
256.0,761.0,2.0,880179436.0,F,0.0,35.0,educator
186.0,871.0,5.0,877885797.0,F,0.0,33.0,executive
401.0,22.0,1.0,886831375.0,M,1.0,46.0,healthcare
428.0,972.0,4.0,879467295.0,M,1.0,27.0,student
643.0,100.0,4.0,891495424.0,M,1.0,28.0,scientist
604.0,286.0,4.0,881548030.0,F,0.0,35.0,educator
384.0,1042.0,5.0,879446208.0,M,1.0,21.0,programmer
379.0,628.0,3.0,891199804.0,F,0.0,39.0,writer
499.0,151.0,4.0,886480484.0,M,1.0,27.0,programmer
759.0,731.0,5.0,881650242.0,M,1.0,24.0,student
757.0,874.0,2.0,88084586.0,M,1.0,26.0,student
457.0,708.0,5.0,891381549.0,M,1.0,33.0,salesman
561.0,50.0,3.0,875273902.0,M,1.0,23.0,engineer
634.0,707.0,4.0,882900047.0,M,1.0,18.0,student
581.0,566.0,4.0,889416108.0,M,1.0,23.0,programmer
524.0,7.0,3.0,886471185.0,M,1.0,49.0,educator
851.0,823.0,3.0,883949046.0,M,1.0,18.0,student
592.0,584.0,4.0,883601089.0,M,1.0,18.0,student
256.0,5.0,4.0,881650242.0,F,0.0,35.0,none
332.0,8.0,5.0,878848015.0,M,1.0,20.0,student
846.0,495.0,3.0,879876224.0,M,1.0,24.0,artist
292.0,1033.0,4.0,879442853.0,F,0.0,23.0,writer
25.0,603.0,5.0,880843777.0,M,1.0,35.0,engineer
913.0,890.0,5.0,879465273.0,M,1.0,22.0,student
551.0,568.0,3.0,885807326.0,M,1.0,24.0,administrator
116.0,9.0,3.0,884362535.0,M,1.0,26.0,healthcare
308.0,12.0,3.0,887745891.0,M,1.0,52.0,retired
467.0,523.0,4.0,878157329.0,M,1.0,27.0,scientist
886.0,732.0,3.0,879442890.0,M,1.0,20.0,student
532.0,1035.0,1.0,883448912.0,M,1.0,20.0,student
724.0,511.0,3.0,883703929.0,M,1.0,29.0,executive
524.0,708.0,4.0,891218059.0,M,1.0,20.0,student
758.0,515.0,4.0,883601089.0,M,1.0,26.0,student
263.0,197.0,4.0,880314355.0,M,1.0,27.0,programmer
682.0,724.0,5.0,881371059.0,M,1.0,23.0,programmer
537.0,639.0,4.0,880139765.0,M,1.0,33.0,other
669.0,523.0,3.0,886921879.0,M,1.0,34.0,other
95.0,659.0,5.0,879448265.0,M,1.0,30.0,administrator
650.0,12.0,4.0,886032164.0,M,1.0,38.0,engineer
398.0,951.0,3.0,883349375.0,M,1.0,42.0,other
394.0,926.0,5.0,880843582.0,M,1.0,27.0,administrator
203.0,294.0,3.0,880151757.0,F,0.0,25.0,student
38.0,50.0,4.0,882900047.0,F,0.0,27.0,other
499.0,723.0,3.0,888081976.0,M,1.0,38.0,programmer
782.0,518.0,5.0,892784081.0,F,0.0,24.0,artist
790.0,28.0,3.0,884129979.0,M,1.0,26.0,technician
532.0,661.0,1.0,885848666.0,M,1.0,20.0,student
1.0,1135.0,4.0,884641578.0,M,1.0,23.0,technician
100.0,891.0,3.0,880178019.0,M,1.0,33.0,executive
836.0,709.0,4.0,885684092.0,M,1.0,23.0,other
268.0,823.0,4.0,884642927.0,M,1.0,23.0,engineer
8.0,541.0,5.0,879467029.0,M,1.0,42.0,administrator
207.0,176.0,5.0,876266985.0,M,1.0,35.0,marketing
271.0,685.0,5.0,876404282.0,M,1.0,45.0,engineer
577.0,1328.0,3.0,879481562.0,M,0.0,36.0,writer
158.0,1073.0,2.0,884637246.0,M,1.0,44.0,educator
268.0,98.0,3.0,875729582.0,M,1.0,23.0,engineer
23.0,721.0,3.0,889125079.0,F,0.0,30.0,artist
268.0,763.0,4.0,888621683.0,M,1.0,23.0,engineer
567.0,172.0,4.0,878156949.0,M,1.0,23.0,programmer
391.0,683.0,5.0,877399018.0,M,1.0,23.0,student
679.0,121.0,4.0,879446661.0,M,1.0,33.0,executive
85.0,781.0,4.0,879455184.0,M,1.0,45.0,educator
903.0,1047.0,3.0,882820686.0,M,1.0,30.0,educator
463.0,50.0,4.0,88965532948.0,M,1.0,48.0,other
64.0,954.0,4.0,877975344.0,M,1.0,30.0,educator
541.0,441.0,4.0,888638759.0,M,1.0,18.0,student
782.0,514.0,5.0,880844111.0,M,1.0,21.0,administrator
280.0,13.0,4.0,889906927.0,F,0.0,36.0,librarian
868.0,98.0,5.0,874787144.0,M,1.0,21.0,programmer
49.0,707.0,2.0,884112201.0,F,0.0,23.0,entertainment
393.0,9.0,5.0,889730139.0,M,1.0,18.0,student
710.0,568.0,4.0,879874511.0,M,1.0,18.0,student
657.0,12.0,4.0,875242716.0,F,0.0,32.0,salesman
7.0,7.0,4.0,891352624.0,M,1.0,50.0,administrator
13.0,705.0,4.0,884498431.0,M,1.0,42.0,educator
647.0,485.0,4.0,879901243.0,M,1.0,35.0,educator
9.0,568.0,4.0,880354641.0,M,1.0,24.0,student
618.0,8.0,3.0,880572286.0,F,0.0,11.0,student
85.0,941.0,4.0,879443830.0,M,1.0,45.0,educator
724.0,1063.0,1.0,888556624.0,M,1.0,29.0,entertainment
95.0,678.0,5.0,878695225.0,M,1.0,29.0,administrator
618.0,681.0,3.0,874953657.0,M,1.0,11.0,programmer
435.0,174.0,1.0,879443844.0,M,1.0,23.0,engineer
424.0,658.0,2.0,882955662.0,F,0.0,36.0,marketing
722.0,258.0,4.0,891385476.0,M,1.0,32.0,technician
864.0,732.0,2.0,879456405.0,M,1.0,23.0,programmer
279.0,514.0,5.0,891445480.0,M,1.0,31.0,technician
645.0,628.0,3.0,875731349.0,M,1.0,27.0,engineer
130.0,1078.0,5.0,875680448.0,M,1.0,20.0,none
666.0,1044.0,3.0,879875077.0,M,1.0,39.0,administrator
299.0,1101.0,5.0,878544031.0,M,1.0,27.0,doctor
881.0,752.0,3.0,879793610.0,M,1.0,35.0,marketing
869.0,547.0,3.0,889289491.0,M,1.0,10.0,student
269.0,479.0,5.0,891351636.0,F,0.0,30.0,librarian
450.0,939.0,4.0,887912701.0,F,0.0,35.0,educator
409.0,13.0,2.0,880869040.0,M,1.0,42.0,administrator
843.0,652.0,5.0,891034057.0,M,1.0,31.0,librarian
145.0,181.0,5.0,886481009.0,M,1.0,29.0,entertainment
622.0,523.0,4.0,875509847.0,M,1.0,24.0,programmer
592.0,12.0,4.0,891723558.0,M,1.0,18.0,student
442.0,971.0,5.0,875262580.0,M,1.0,20.0,student
7.0,466.0,5.0,878962465.0,M,1.0,27.0,administrator
58.0,751.0,3.0,885679781.0,M,1.0,26.0,programmer
577.0,181.0,3.0,877759758.0,M,1.0,23.0,entertainment
450.0,1068.0,5.0,881448476.0,M,1.0,35.0,educator
766.0,554.0,2.0,887737338.0,M,1.0,38.0,other
90.0,691.0,5.0,891033024.0,M,1.0,52.0,educator
796.0,7.0,5.0,879441343.0,F,0.0,32.0,librarian
31.0,895.0,1.0,891299355.0,M,1.0,43.0,writer
354.0,302.0,5.0,891384357.0,M,1.0,49.0,educator
663.0,28.0,3.0,882821582.0,M,1.0,23.0,programmer
210.0,1015.0,4.0,875971668.0,M,1.0,35.0,engineer
328.0,856.0,5.0,878972354.0,M,1.0,45.0,administrator
854.0,495.0,2.0,891294606.0,F,0.0,29.0,other
916.0,12.0,3.0,885828389.0,M,1.0,26.0,engineer
697.0,549.0,3.0,875039171.0,M,1.0,24.0,other
293.0,15.0,5.0,889398412.0,M,1.0,23.0,writer
650.0,127.0,3.0,888066521.0,M,1.0,39.0,engineer
498.0,708.0,4.0,889737889.0,M,1.0,25.0,writer
561.0,690.0,3.0,879524291.0,M,1.0,23.0,programmer
566.0,7.0,4.0,889655490.0,M,1.0,20.0,student
380.0,546.0,4.0,884364561.0,M,1.0,30.0,engineer
595.0,64.0,5.0,875650053.0,M,1.0,24.0,entertainment
502.0,498.0,4.0,879793156.0,M,1.0,22.0,student
555.0,5.0,4.0,879111398.0,F,0.0,50.0,educator
250.0,742.0,2.0,875289025.0,M,1.0,27.0,executive
21.0,676.0,4.0,891384673.0,M,1.0,25.0,writer
406.0,1010.0,3.0,881107375.0,M,1.0,46.0,educator
123.0,748.0,3.0,891517191.0,M,1.0,30.0,artist
642.0,1053.0,3.0,889178615.0,F,0.0,17.0,student
262.0,568.0,4.0,882346979.0,F,0.0,18.0,student
303.0,1336.0,1.0,879302251.0,M,1.0,18.0,student
76.0,15.0,4.0,884126077.0,M,1.0,20.0,student
445.0,713.0,2.0,891723706.0,M,1.0,21.0,writer
110.0,648.0,5.0,887819194.0,M,1.0,18.0,student
622.0,1046.0,2.0,889289491.0,F,0.0,17.0,student
42.0,474.0,3.0,882955785.0,M,1.0,28.0,administrator
299.0,276.0,4.0,889430266.0,M,1.0,27.0,doctor
99.0,824.0,5.0,877755546.0,M,1.0,20.0,student
495.0,1013.0,4.0,882141685.0,M,1.0,27.0,engineer
664.0,461.0,4.0,891447653.0,M,1.0,32.0,engineer
152.0,423.0,3.0,888067691.0,F,0.0,33.0,educator
13.0,569.0,4.0,890284235.0,M,1.0,52.0,educator
838.0,1220.0,3.0,8838775110.0,M,1.0,26.0,artist
886.0,684.0,4.0,879446132.0,M,1.0,20.0,student
593.0,651.0,3.0,882956551.0,F,0.0,24.0,programmer
308.0,569.0,5.0,887740575.0,M,1.0,52.0,retired
495.0,845.0,2.0,877448567.0,M,1.0,25.0,entertainment
416.0,778.0,3.0,885073647.0,F,0.0,20.0,student
207.0,935.0,3.0,877107773.0,M,1.0,35.0,marketing
660.0,481.0,3.0,888067691.0,M,1.0,25.0,student
566.0,690.0,4.0,877106972.0,F,0.0,20.0,salesman
642.0,1171.0,3.0,884478171.0,F,0.0,17.0,student
710.0,885.0,5.0,884060615.0,M,1.0,26.0,student
727.0,7.0,4.0,879556694.0,M,1.0,24.0,student
90.0,496.0,4.0,879369729.0,M,1.0,42.0,educator
499.0,584.0,4.0,884714159.0,M,1.0,39.0,programmer
823.0,707.0,2.0,882347935.0,F,0.0,28.0,artist
543.0,763.0,1.0,879443821.0,M,1.0,27.0,technician
303.0,10.0,4.0,879465986.0,F,0.0,18.0,student
456.0,7.0,4.0,881374059.0,M,1.0,23.0,technician
250.0,736.0,5.0,878184077.0,M,1.0,27.0,executive
576.0,762.0,1.0,875121906.0,M,1.0,32.0,librarian
551.0,527.0,3.0,892738286.0,M,1.0,24.0,programmer
727.0,522.0,2.0,879442271.0,M,1.0,24.0,student
524.0,22.0,3.0,889908694.0,M,1.0,49.0,educator
58.0,294.0,3.0,874830860.0,M,1.0,26.0,programmer
267.0,766.0,4.0,880572637.0,M,1.0,23.0,engineer
566.0,603.0,3.0,888640430.0,M,1.0,20.0,student
269.0,172.0,4.0,891478148.0,M,1.0,31.0,librarian
650.0,619.0,3.0,880585904.0,M,1.0,38.0,engineer
588.0,549.0,2.0,880336025.0,F,0.0,24.0,student
887.0,9.0,5.0,883948221.0,M,1.0,46.0,student
194.0,50.0,4.0,879435188.0,M,1.0,38.0,educator
87.0,749.0,4.0,879517233.0,M,1.0,42.0,administrator
70.0,823.0,4.0,884050393.0,M,1.0,24.0,engineer
874.0,11.0,4.0,891208746.0,F,0.0,43.0,executive
290.0,742.0,5.0,880846630.0,M,1.0,36.0,engineer
931.0,15.0,4.0,891264630.0,F,0.0,52.0,educator
90.0,684.0,2.0,891032318.0,M,1.0,52.0,educator
634.0,523.0,4.0,891204264.0,M,1.0,20.0,student
481.0,792.0,4.0,887745410.0,M,1.0,38.0,retired
58.0,685.0,2.0,884131440.0,M,1.0,26.0,programmer
643.0,486.0,4.0,891218077.0,M,1.0,35.0,scientist
711.0,528.0,4.0,879563386.0,F,0.0,22.0,student
406.0,10.0,4.0,881374390.0,M,1.0,46.0,educator
796.0,1063.0,2.0,887667770.0,F,0.0,28.0,writer
880.0,237.0,4.0,880331248.0,M,1.0,11.0,student
733.0,546.0,3.0,891035362.0,M,1.0,31.0,other
718.0,471.0,5.0,885844410.0,M,1.0,38.0,technician
804.0,527.0,3.0,879130077.0,M,1.0,35.0,educator
592.0,588.0,5.0,893214276.0,M,1.0,26.0,student
717.0,748.0,2.0,879441311.0,M,1.0,29.0,other
707.0,1010.0,3.0,879465986.0,F,0.0,56.0,librarian
551.0,689.0,3.0,875654886.0,M,1.0,24.0,programmer
6.0,847.0,3.0,891410111.0,M,1.0,38.0,executive
110.0,993.0,3.0,886988417.0,M,1.0,18.0,student
899.0,1032.0,4.0,884129910.0,M,1.0,30.0,other
332.0,684.0,4.0,879455890.0,M,1.0,20.0,student
334.0,782.0,4.0,891547476.0,M,1.0,30.0,librarian
328.0,461.0,5.0,880243563.0,M,1.0,45.0,administrator
432.0,100.0,3.0,877807461.0,M,1.0,21.0,entertainment
239.0,294.0,3.0,888907119.0,M,1.0,35.0,artist
592.0,568.0,3.0,884923922.0,M,1.0,18.0,student
694.0,810.0,4.0,88973907741.0,M,1.0,42.0,programmer
807.0,673.0,3.0,891012336.0,M,1.0,27.0,other
332.0,763.0,2.0,887938760.0,M,1.0,20.0,student
653.0,790.0,4.0,879448172.0,M,1.0,29.0,executive
683.0,587.0,1.0,887911814.0,M,1.0,43.0,librarian
279.0,1045.0,2.0,877552569.0,M,1.0,31.0,programmer
293.0,748.0,3.0,879444783.0,M,1.0,23.0,writer
362.0,10.0,4.0,887744328.0,M,1.0,20.0,student
320.0,4.0,3.0,874831325.0,M,1.0,18.0,student
897.0,491.0,4.0,8802422.0,M,1.0,31.0,other
204.0,875.0,2.0,879447777.0,F,0.0,30.0,librarian
918.0,678.0,5.0,888907912.0,F,0.0,35.0,scientist
347.0,782.0,3.0,875974535.0,M,1.0,18.0,student
28.0,597.0,3.0,888104072.0,M,1.0,30.0,writer
467.0,237.0,3.0,882465633.0,M,1.0,27.0,student
894.0,14.0,2.0,883949558.0,M,1.0,42.0,educator
568.0,1237.0,2.0,879440700.0,M,1.0,35.0,educator
85.0,658.0,4.0,879899125.0,M,1.0,45.0,educator
116.0,603.0,3.0,879444541.0,M,1.0,36.0,healthcare
109.0,1060.0,3.0,875298765.0,M,1.0,27.0,other
556.0,546.0,5.0,879465531.0,M,1.0,25.0,educator
758.0,286.0,4.0,882386526.0,M,1.0,26.0,student
589.0,928.0,4.0,882677829.0,M,1.0,23.0,student
44.0,762.0,5.0,884462690.0,M,1.0,25.0,technician
303.0,692.0,4.0,879540116.0,M,1.0,18.0,student
553.0,947.0,5.0,879111753.0,M,1.0,50.0,educator
541.0,100.0,4.0,874866751.0,F,0.0,18.0,student
782.0,14.0,2.0,879466784.0,M,1.0,21.0,artist
311.0,527.0,3.0,884134030.0,M,1.0,30.0,technician
588.0,639.0,5.0,875279346.0,F,0.0,17.0,student
110.0,945.0,4.0,880572614.0,M,1.0,18.0,student
269.0,50.0,5.0,891033607.0,F,0.0,31.0,librarian
434.0,732.0,4.0,877886961.0,M,1.0,35.0,executive
778.0,709.0,3.0,883950931.0,F,0.0,28.0,student
637.0,810.0,3.0,881960422.0,M,1.0,40.0,other
199.0,863.0,3.0,875270894.0,F,0.0,31.0,writer
882.0,692.0,3.0,881107974.0,M,1.0,33.0,engineer
507.0,790.0,2.0,885159876.0,M,1.0,26.0,technician
183.0,1017.0,4.0,891384357.0,M,1.0,25.0,salesman
437.0,100.0,4.0,880167630.0,F,0.0,27.0,other
405.0,742.0,4.0,884326690.0,F,0.0,22.0,healthcare
280.0,665.0,5.0,891545480.0,F,0.0,30.0,librarian
123.0,762.0,5.0,880177185.0,F,0.0,23.0,artist
158.0,1226.0,5.0,882397011.0,M,1.0,44.0,educator
707.0,979.0,5.0,8887867980.0,F,0.0,56.0,librarian
128.0,566.0,4.0,879442446.0,F,0.0,24.0,marketing
633.0,603.0,3.0,883835044.0,M,1.0,31.0,other
213.0,946.0,4.0,875961717.0,M,1.0,31.0,executive
328.0,687.0,4.0,881059140.0,M,1.0,45.0,administrator
806.0,523.0,5.0,891035994.0,M,1.0,26.0,marketing
174.0,531.0,4.0,882957956.0,F,0.0,51.0,administrator
301.0,926.0,5.0,880672427.0,M,1.0,23.0,student
727.0,276.0,4.0,878952568.0,F,0.0,17.0,student
286.0,962.0,3.0,888639180.0,M,1.0,16.0,none
230.0,12.0,5.0,880672049.0,F,0.0,24.0,student
307.0,689.0,2.0,879891966.0,M,1.0,32.0,student
805.0,878.0,3.0,888067691.0,F,0.0,33.0,other
796.0,685.0,4.0,875653424.0,M,1.0,32.0,writer
308.0,678.0,5.0,887737210.0,M,1.0,52.0,retired
363.0,591.0,4.0,879874981.0,M,1.0,20.0,student
707.0,496.0,3.0,887669539.0,F,0.0,25.0,student
532.0,15.0,3.0,889479653.0,M,1.0,20.0,student
622.0,841.0,3.0,888639838.0,M,1.0,35.0,engineer
332.0,516.0,3.0,888892016.0,M,1.0,20.0,student
262.0,826.0,5.0,887911391.0,F,0.0,18.0,student
561.0,825.0,4.0,885847484.0,M,1.0,23.0,engineer
403.0,204.0,4.0,879876626.0,M,1.0,34.0,other
216.0,12.0,3.0,885155807.0,M,1.0,53.0,engineer
293.0,558.0,4.0,888907865.0,M,1.0,23.0,writer
332.0,471.0,4.0,888068647.0,M,1.0,20.0,student
334.0,64.0,5.0,891545900.0,M,1.0,30.0,librarian
269.0,596.0,3.0,891269077.0,F,0.0,30.0,librarian
42.0,732.0,3.0,875280352.0,M,1.0,28.0,administrator
815.0,328.0,5.0,878951451.0,M,1.0,50.0,other
606.0,659.0,3.0,878195762.0,M,1.0,27.0,programmer
207.0,9.0,3.0,875314751.0,M,1.0,35.0,marketing
99.0,566.0,5.0,880166397.0,M,1.0,20.0,student
634.0,495.0,3.0,884362959.0,M,1.0,35.0,engineer
466.0,676.0,4.0,880241814.0,M,1.0,22.0,student
556.0,927.0,5.0,881109175.0,F,0.0,23.0,writer
474.0,479.0,3.0,887910707.0,M,1.0,45.0,executive
234.0,935.0,4.0,884364017.0,M,1.0,70.0,retired
796.0,9.0,3.0,887160287.0,F,0.0,32.0,writer
640.0,79.0,4.0,876524935.0,M,1.0,20.0,student
456.0,423.0,2.0,886921977.0,M,1.0,50.0,other
224.0,751.0,4.0,879532537.0,M,1.0,30.0,educator
638.0,847.0,3.0,891498551.0,F,0.0,53.0,librarian
634.0,1011.0,3.0,886031607.0,M,1.0,35.0,engineer
387.0,756.0,4.0,877131273.0,M,1.0,31.0,entertainment
707.0,1035.0,3.0,879460306.0,M,1.0,56.0,librarian
488.0,751.0,3.0,877877725.0,M,1.0,25.0,technician
776.0,196.0,3.0,891699034.0,M,1.0,28.0,librarian
612.0,569.0,4.0,879434737.0,F,0.0,35.0,educator
632.0,712.0,2.0,879443800.0,M,1.0,17.0,student
308.0,237.0,3.0,884496515.0,M,1.0,52.0,retired
307.0,675.0,4.0,879368534.0,M,1.0,24.0,programmer
293.0,554.0,4.0,888905974.0,M,1.0,23.0,writer
901.0,685.0,4.0,878181847.0,M,1.0,35.0,scientist
532.0,12.0,5.0,879454947.0,M,1.0,20.0,student
749.0,726.0,3.0,878849084.0,F,0.0,31.0,other
532.0,1098.0,4.0,882608401.0,M,1.0,20.0,student
642.0,748.0,5.0,888907692.0,F,0.0,17.0,student
113.0,712.0,4.0,891297336.0,M,1.0,42.0,technician
478.0,945.0,4.0,889125101.0,M,1.0,27.0,other
894.0,865.0,4.0,880124265.0,M,1.0,43.0,educator
801.0,826.0,4.0,879460051.0,M,1.0,35.0,programmer
334.0,7.0,3.0,891294176.0,M,1.0,30.0,librarian
189.0,1215.0,2.0,891436203.0,M,1.0,30.0,artist
109.0,744.0,4.0,875729667.0,M,1.0,27.0,other
666.0,1089.0,4.0,879454172.0,M,1.0,39.0,administrator
747.0,1019.0,5.0,875636651.0,M,1.0,18.0,other
189.0,328.0,4.0,886475128.0,M,1.0,30.0,entertainment
543.0,751.0,3.0,881450828.0,M,1.0,35.0,scientist
305.0,692.0,3.0,884133735.0,M,1.0,23.0,programmer
903.0,578.0,4.0,878348699.0,M,1.0,27.0,educator
751.0,988.0,5.0,879446441.0,F,0.0,32.0,librarian
194.0,585.0,1.0,879874966.0,M,1.0,35.0,administrator
815.0,515.0,3.0,879465072.0,M,1.0,30.0,other
49.0,597.0,2.0,888892016.0,M,1.0,23.0,student
618.0,963.0,4.0,875321826.0,F,0.0,11.0,student
682.0,50.0,3.0,875982542.0,M,1.0,23.0,programmer
916.0,527.0,4.0,879362202.0,M,1.0,27.0,administrator
405.0,5.0,4.0,879454930.0,F,0.0,22.0,healthcare
707.0,1058.0,3.0,879457872.0,F,0.0,21.0,student
537.0,477.0,4.0,886032123.0,M,1.0,33.0,engineer
378.0,566.0,2.0,878955565.0,M,1.0,32.0,student
500.0,527.0,1.0,882157603.0,F,0.0,27.0,administrator
839.0,940.0,5.0,891384959.0,F,0.0,24.0,artist
468.0,513.0,5.0,888069579.0,M,1.0,27.0,other
804.0,517.0,5.0,879446614.0,M,1.0,35.0,educator
230.0,489.0,3.0,887910840.0,F,0.0,24.0,writer
479.0,597.0,5.0,878849854.0,M,1.0,28.0,educator
721.0,1099.0,5.0,874873703.0,M,1.0,18.0,student
323.0,828.0,3.0,885679787.0,M,1.0,21.0,student
864.0,483.0,4.0,875261961.0,M,1.0,26.0,programmer
642.0,1060.0,4.0,880144123.0,F,0.0,40.0,student
711.0,456.0,4.0,889126077.0,F,0.0,22.0,student
222.0,751.0,4.0,882075520.0,M,1.0,27.0,programmer
407.0,763.0,4.0,876453665.0,M,1.0,23.0,engineer
880.0,476.0,3.0,877757822.0,M,1.0,11.0,student
761.0,603.0,3.0,879464654.0,F,0.0,17.0,student
486.0,472.0,4.0,884133494.0,M,1.0,30.0,educator
804.0,1019.0,3.0,882050007.0,M,1.0,35.0,educator
222.0,8.0,3.0,879458525.0,M,1.0,27.0,programmer
807.0,781.0,4.0,880144753.0,M,1.0,41.0,healthcare
374.0,528.0,3.0,879949212.0,M,1.0,33.0,executive
749.0,847.0,4.0,879444932.0,M,1.0,20.0,other
145.0,736.0,3.0,877753574.0,M,1.0,29.0,entertainment
648.0,9.0,4.0,885810240.0,M,1.0,39.0,engineer
535.0,300.0,3.0,879110172.0,M,1.0,35.0,educator
473.0,934.0,4.0,880868322.0,M,1.0,27.0,student
459.0,1025.0,4.0,876348583.0,M,1.0,23.0,educator
436.0,506.0,4.0,880475434.0,F,0.0,30.0,administrator
738.0,516.0,5.0,879111458.0,M,1.0,42.0,technician
201.0,648.0,3.0,886324723.0,M,1.0,26.0,writer
798.0,628.0,3.0,891495338.0,F,0.0,40.0,writer
178.0,895.0,4.0,876533774.0,M,1.0,25.0,other
72.0,56.0,5.0,877136969.0,F,0.0,48.0,marketing
500.0,474.0,4.0,884305220.0,M,1.0,27.0,administrator
852.0,709.0,3.0,88972136.0,M,1.0,50.0,marketing
58.0,932.0,4.0,885478887.0,M,1.0,26.0,programmer
913.0,763.0,3.0,88067978.0,M,1.0,27.0,student
661.0,474.0,1.0,888549879.0,M,1.0,27.0,programmer
181.0,715.0,1.0,878962086.0,M,1.0,25.0,executive
533.0,1101.0,1.0,891544256.0,M,1.0,39.0,librarian
279.0,751.0,4.0,878887890.0,M,1.0,31.0,programmer
899.0,549.0,4.0,877196820.0,M,1.0,30.0,other
532.0,258.0,5.0,877129815.0,M,1.0,20.0,student
919.0,127.0,4.0,891036603.0,M,1.0,59.0,other
11.0,931.0,5.0,875271326.0,M,1.0,40.0,engineer
499.0,597.0,3.0,888082431.0,M,1.0,27.0,programmer
331.0,684.0,5.0,889737889.0,M,1.0,31.0,entertainment
303.0,423.0,5.0,879466891.0,F,0.0,18.0,student
145.0,464.0,3.0,888889000.0,M,1.0,29.0,entertainment
642.0,508.0,5.0,888907499.0,F,0.0,17.0,student
486.0,781.0,4.0,889655490.0,M,1.0,27.0,educator
450.0,568.0,5.0,879111393.0,F,0.0,35.0,educator
405.0,98.0,3.0,884363571.0,F,0.0,22.0,healthcare
207.0,748.0,4.0,886398439.0,F,0.0,35.0,marketing
536.0,761.0,5.0,885816915.0,M,1.0,35.0,scientist
561.0,237.0,4.0,877112559.0,M,1.0,23.0,programmer
393.0,881.0,3.0,877131182.0,M,1.0,18.0,artist
540.0,1089.0,4.0,884755898.0,M,1.0,27.0,engineer
846.0,566.0,3.0,883948861.0,M,1.0,26.0,lawyer
327.0,653.0,4.0,877399380.0,M,1.0,22.0,student
834.0,732.0,5.0,882440775.0,M,1.0,31.0,writer
128.0,517.0,4.0,875320689.0,F,0.0,24.0,entertainment
39.0,294.0,5.0,888067691.0,M,1.0,24.0,student
855.0,474.0,2.0,880179743.0,M,1.0,24.0,artist
897.0,14.0,3.0,878537376.0,M,1.0,28.0,other
137.0,561.0,5.0,875466634.0,M,1.0,44.0,engineer
392.0,671.0,2.0,878157329.0,M,1.0,44.0,writer
882.0,10.0,4.0,876403896.0,M,1.0,40.0,engineer
293.0,582.0,4.0,888556623.0,M,1.0,23.0,writer
561.0,151.0,4.0,886472269.0,M,1.0,27.0,engineer
779.0,941.0,5.0,879455220.0,M,1.0,32.0,other
498.0,483.0,4.0,889041742.0,M,1.0,25.0,writer
593.0,696.0,5.0,880167840.0,M,1.0,29.0,educator
527.0,1098.0,2.0,891549667.0,M,1.0,31.0,librarian
627.0,763.0,5.0,875731875.0,M,1.0,21.0,programmer
795.0,690.0,4.0,887910552.0,F,0.0,28.0,administrator
793.0,7.0,5.0,875654950.0,M,1.0,24.0,student
95.0,835.0,5.0,879875818.0,F,0.0,29.0,administrator
402.0,575.0,5.0,879573546.0,M,1.0,24.0,student
879.0,463.0,4.0,891351654.0,F,0.0,50.0,administrator
59.0,566.0,3.0,875463426.0,M,1.0,43.0,writer
907.0,1047.0,4.0,884992427.0,F,0.0,50.0,doctor
540.0,816.0,4.0,877136946.0,M,1.0,28.0,engineer
1.0,751.0,4.0,875745359.0,M,1.0,23.0,technician
151.0,511.0,1.0,879111563.0,F,0.0,38.0,administrator
385.0,1046.0,4.0,879467046.0,M,1.0,33.0,writer
655.0,748.0,4.0,886483290.0,F,0.0,50.0,healthcare
758.0,7.0,4.0,879441442.0,M,1.0,26.0,student
870.0,258.0,4.0,875245224.0,M,1.0,11.0,student
303.0,755.0,5.0,879481495.0,M,1.0,18.0,student
666.0,633.0,3.0,880131550.0,M,1.0,39.0,administrator
621.0,222.0,3.0,879530148.0,F,0.0,11.0,student
553.0,889.0,4.0,879975752.0,M,1.0,45.0,educator
58.0,690.0,4.0,890287597.0,M,1.0,26.0,marketing
889.0,596.0,5.0,882077349.0,M,1.0,23.0,student
436.0,474.0,3.0,880604522.0,F,0.0,29.0,administrator
94.0,202.0,4.0,883349519.0,M,1.0,25.0,student
291.0,15.0,5.0,877807834.0,M,1.0,18.0,student
535.0,463.0,5.0,876402986.0,F,0.0,27.0,student
186.0,423.0,5.0,892779183.0,F,0.0,33.0,executive
327.0,475.0,2.0,884749808.0,M,1.0,22.0,student
682.0,671.0,5.0,888066705.0,M,1.0,23.0,programmer
96.0,748.0,4.0,886533252.0,F,0.0,48.0,artist
293.0,127.0,1.0,888907499.0,M,1.0,23.0,writer
468.0,645.0,4.0,880844405.0,M,1.0,35.0,engineer
913.0,632.0,3.0,880474393.0,M,1.0,26.0,student
738.0,771.0,4.0,884131578.0,M,1.0,32.0,technician
64.0,748.0,4.0,888641999.0,M,1.0,30.0,educator
727.0,684.0,4.0,887911808.0,M,1.0,24.0,student
388.0,12.0,5.0,883446541.0,M,1.0,28.0,other
454.0,7.0,3.0,888442623.0,M,1.0,25.0,student
279.0,936.0,5.0,875744735.0,M,1.0,31.0,programmer
848.0,690.0,3.0,879029736.0,M,1.0,41.0,engineer
568.0,1028.0,4.0,879111662.0,M,1.0,35.0,educator
905.0,653.0,3.0,888904862.0,F,0.0,21.0,student
85.0,878.0,4.0,891249767.0,M,1.0,45.0,educator
870.0,12.0,4.0,888558538.0,M,1.0,22.0,student
676.0,195.0,5.0,875289249.0,M,1.0,23.0,programmer
780.0,431.0,3.0,879454916.0,M,1.0,28.0,programmer
838.0,566.0,4.0,879195821.0,F,0.0,27.0,student
405.0,1045.0,4.0,879874582.0,F,0.0,22.0,healthcare
790.0,546.0,4.0,888538909.0,M,1.0,26.0,programmer
393.0,678.0,3.0,888069329.0,M,1.0,18.0,student
454.0,947.0,3.0,878953249.0,M,1.0,27.0,other
756.0,551.0,4.0,88431497924.0,F,0.0,30.0,none
293.0,449.0,4.0,888906990.0,M,1.0,23.0,writer
553.0,1428.0,4.0,880356025.0,M,1.0,50.0,other
716.0,873.0,3.0,877107687.0,M,1.0,35.0,administrator
299.0,528.0,5.0,888906862.0,M,1.0,27.0,doctor
398.0,744.0,4.0,876242465.0,M,1.0,36.0,other
399.0,9.0,4.0,882384426.0,M,1.0,24.0,other
751.0,715.0,2.0,879543235.0,F,0.0,24.0,student
851.0,856.0,4.0,878878165.0,M,1.0,24.0,other
145.0,111.0,3.0,880888168.0,M,1.0,29.0,entertainment
92.0,679.0,5.0,888886982.0,M,1.0,30.0,entertainment
308.0,56.0,5.0,887738760.0,M,1.0,52.0,retired
286.0,785.0,3.0,874730208.0,M,1.0,26.0,student
144.0,1233.0,4.0,874830789.0,M,1.0,46.0,programmer
892.0,471.0,5.0,879448184.0,M,1.0,33.0,other
405.0,100.0,4.0,880045651.0,F,0.0,22.0,healthcare
943.0,732.0,4.0,880928742.0,M,1.0,22.0,student
664.0,648.0,3.0,883668002.0,M,1.0,28.0,engineer
514.0,8.0,3.0,882398654.0,M,1.0,21.0,programmer
42.0,237.0,4.0,884365168.0,M,1.0,28.0,administrator
627.0,473.0,2.0,884304551.0,M,1.0,24.0,programmer
567.0,742.0,4.0,889241323.0,M,1.0,20.0,student
749.0,663.0,3.0,879993524.0,M,1.0,31.0,other
881.0,748.0,1.0,879988663.0,M,1.0,35.0,marketing
807.0,1.0,5.0,891201796.0,M,1.0,37.0,marketing
642.0,494.0,4.0,880175525.0,F,0.0,17.0,student
766.0,483.0,4.0,875279175.0,M,1.0,39.0,other
738.0,672.0,5.0,884364963.0,M,1.0,32.0,technician
654.0,1058.0,5.0,884923316.0,F,0.0,29.0,student
569.0,522.0,5.0,885754200.0,M,1.0,34.0,marketing
286.0,751.0,2.0,879441662.0,M,1.0,27.0,student
805.0,98.0,4.0,883949336.0,M,1.0,27.0,other
671.0,568.0,1.0,888707502.0,M,1.0,21.0,programmer
748.0,678.0,4.0,879362202.0,M,1.0,44.0,administrator
916.0,294.0,4.0,884140232.0,M,1.0,26.0,engineer
654.0,1087.0,4.0,880475782.0,M,1.0,27.0,student
618.0,172.0,3.0,883387247.0,M,1.0,11.0,student
13.0,544.0,3.0,880889167.0,M,1.0,42.0,educator
486.0,709.0,5.0,879520916.0,M,1.0,35.0,educator
659.0,579.0,4.0,891387466.0,M,1.0,29.0,educator
447.0,523.0,3.0,880314031.0,M,1.0,28.0,administrator
896.0,690.0,4.0,878091251.0,M,1.0,27.0,other
384.0,485.0,3.0,874951655.0,F,0.0,35.0,writer
13.0,493.0,3.0,879454172.0,M,1.0,42.0,educator
780.0,619.0,4.0,891353509.0,F,0.0,43.0,other
561.0,1256.0,3.0,877131447.0,M,1.0,23.0,programmer
487.0,661.0,5.0,887065923.0,M,1.0,22.0,engineer
615.0,11.0,5.0,886472760.0,M,1.0,35.0,educator
757.0,523.0,3.0,880938100.0,F,0.0,26.0,student
711.0,691.0,3.0,879366876.0,M,1.0,32.0,salesman
95.0,951.0,3.0,879874934.0,M,1.0,29.0,administrator
327.0,11.0,4.0,876403671.0,M,1.0,20.0,student
7.0,624.0,4.0,891034421.0,M,1.0,50.0,administrator
299.0,568.0,5.0,880843651.0,M,1.0,27.0,doctor
405.0,876.0,2.0,891194058.0,F,0.0,22.0,healthcare
293.0,518.0,4.0,888905865.0,M,1.0,23.0,writer
293.0,482.0,4.0,879448767.0,M,1.0,29.0,writer
246.0,969.0,5.0,882385582.0,M,1.0,21.0,student
815.0,993.0,4.0,879119579.0,M,1.0,30.0,other
940.0,1059.0,3.0,877017534.0,F,0.0,21.0,other
71.0,95.0,3.0,884472162.0,M,1.0,53.0,engineer
13.0,659.0,2.0,880139753.0,M,1.0,42.0,educator
862.0,7.0,4.0,884992560.0,M,1.0,24.0,student
634.0,151.0,3.0,875299316.0,F,0.0,35.0,student
387.0,973.0,5.0,886473505.0,M,1.0,31.0,entertainment
479.0,845.0,3.0,879455031.0,M,1.0,28.0,technician
276.0,13.0,5.0,876524474.0,M,1.0,21.0,student
92.0,1025.0,4.0,888889657.0,M,1.0,30.0,entertainment
387.0,482.0,3.0,877757575.0,M,1.0,33.0,entertainment
459.0,1099.0,5.0,879523820.0,F,0.0,22.0,student
847.0,172.0,4.0,880180765.0,M,1.0,27.0,student
823.0,988.0,5.0,891449387.0,M,1.0,26.0,artist
405.0,483.0,3.0,884366790.0,M,0.0,22.0,healthcare
49.0,9.0,2.0,880136004.0,M,1.0,23.0,student
586.0,706.0,5.0,888956137.0,M,1.0,20.0,student
167.0,521.0,2.0,886608816.0,M,1.0,35.0,other
729.0,709.0,3.0,8886345863.0,M,1.0,21.0,student
524.0,10.0,5.0,882349087.0,M,1.0,29.0,educator
614.0,544.0,4.0,879484396.0,M,1.0,27.0,programmer
593.0,588.0,5.0,879442562.0,M,1.0,29.0,educator
215.0,744.0,4.0,891449558.0,M,1.0,21.0,programmer
387.0,875.0,3.0,886481073.0,M,1.0,31.0,entertainment
21.0,678.0,1.0,878883315.0,M,1.0,25.0,writer
773.0,237.0,4.0,880232350.0,M,1.0,21.0,student
380.0,678.0,2.0,875297410.0,M,1.0,30.0,engineer
451.0,481.0,2.0,880351815.0,M,1.0,16.0,student
303.0,1073.0,3.0,879786922.0,M,1.0,18.0,student
303.0,873.0,2.0,879546962.0,M,1.0,18.0,student
788.0,7.0,3.0,885843700.0,F,0.0,45.0,educator
244.0,50.0,5.0,880475433.0,M,1.0,27.0,technician
453.0,875.0,4.0,885695561.0,M,1.0,18.0,student
907.0,546.0,4.0,891171626.0,F,0.0,25.0,other
474.0,948.0,5.0,891496816.0,M,1.0,27.0,other
930.0,547.0,3.0,877886260.0,F,0.0,43.0,healthcare
643.0,237.0,5.0,879976215.0,M,1.0,35.0,engineer
308.0,685.0,3.0,887736742.0,F,0.0,52.0,retired
450.0,753.0,3.0,881447653.0,F,0.0,35.0,educator
435.0,8.0,5.0,877133585.0,M,1.0,23.0,engineer
466.0,111.0,2.0,880738030.0,M,1.0,22.0,student
802.0,678.0,5.0,879539909.0,M,1.0,32.0,administrator
798.0,9.0,4.0,880123180.0,F,0.0,40.0,writer
604.0,5.0,5.0,879447945.0,M,1.0,35.0,educator
532.0,959.0,5.0,882078250.0,M,1.0,20.0,student
840.0,127.0,4.0,877384413.0,M,1.0,35.0,artist
405.0,684.0,4.0,884366112.0,F,0.0,27.0,healthcare
99.0,174.0,5.0,874950232.0,M,1.0,20.0,student
533.0,679.0,5.0,874873703.0,M,1.0,20.0,student
239.0,127.0,3.0,892697910.0,M,1.0,35.0,artist
346.0,9.0,4.0,878847863.0,M,1.0,31.0,other
479.0,191.0,5.0,879447966.0,M,1.0,28.0,educator
307.0,741.0,4.0,879446660.0,M,1.0,21.0,student
664.0,662.0,2.0,884180577.0,M,1.0,39.0,programmer
469.0,682.0,5.0,886031109.0,M,1.0,23.0,engineer
871.0,1045.0,3.0,880602872.0,M,1.0,27.0,executive
394.0,12.0,5.0,885816919.0,M,1.0,39.0,administrator
62.0,988.0,5.0,879445372.0,M,1.0,28.0,administrator
682.0,615.0,5.0,882346756.0,F,0.0,23.0,other
542.0,515.0,1.0,886270149.0,M,1.0,45.0,writer
399.0,546.0,5.0,892738294.0,M,1.0,39.0,other
385.0,474.0,2.0,884304882.0,M,1.0,33.0,writer
405.0,654.0,4.0,879012626.0,F,0.0,22.0,healthcare
527.0,890.0,1.0,875129974.0,M,1.0,31.0,marketing
527.0,684.0,3.0,880603437.0,M,1.0,21.0,programmer
541.0,56.0,4.0,878854473.0,M,1.0,21.0,student
653.0,604.0,3.0,882955387.0,M,1.0,29.0,other
682.0,651.0,3.0,882607574.0,M,1.0,23.0,programmer
6.0,551.0,2.0,888068841.0,M,1.0,38.0,executive
286.0,11.0,4.0,888518006.0,M,1.0,26.0,student
642.0,755.0,5.0,891360366.0,F,0.0,17.0,writer
293.0,7.0,4.0,888907499.0,M,1.0,23.0,writer
181.0,7.0,4.0,878961864.0,M,1.0,25.0,executive
92.0,823.0,5.0,877719863.0,M,1.0,30.0,entertainment
514.0,782.0,3.0,891352248.0,M,1.0,26.0,programmer
901.0,1223.0,4.0,881650593.0,M,1.0,11.0,student
303.0,582.0,2.0,879485441.0,M,1.0,18.0,student
392.0,546.0,3.0,891298234.0,M,1.0,46.0,writer
210.0,121.0,4.0,874782893.0,M,1.0,35.0,engineer
643.0,566.0,4.0,891351637.0,M,1.0,25.0,administrator
751.0,498.0,3.0,888702530.0,M,1.0,24.0,other
291.0,100.0,4.0,874730261.0,M,1.0,18.0,student
634.0,762.0,5.0,879448015.0,M,1.0,35.0,engineer
342.0,4.0,3.0,878854980.0,F,0.0,25.0,other
532.0,839.0,4.0,874965122.0,M,1.0,20.0,student
532.0,1085.0,4.0,879875531.0,F,0.0,20.0,student
334.0,527.0,3.0,884135546.0,M,1.0,30.0,librarian
871.0,639.0,2.0,888888907.0,M,1.0,29.0,executive
535.0,724.0,5.0,875306302.0,F,0.0,45.0,artist
698.0,685.0,4.0,876504354.0,F,0.0,28.0,writer
58.0,100.0,4.0,875287825.0,M,1.0,26.0,programmer
110.0,689.0,5.0,886989413.0,F,0.0,18.0,student
500.0,774.0,4.0,883876224.0,M,1.0,27.0,administrator
935.0,9.0,4.0,879874957.0,F,0.0,23.0,other
145.0,924.0,1.0,877757700.0,M,1.0,29.0,entertainment
622.0,22.0,4.0,881650242.0,M,1.0,23.0,student
60.0,935.0,4.0,883530313.0,M,1.0,44.0,healthcare
83.0,762.0,4.0,884364548.0,M,1.0,45.0,other
128.0,498.0,4.0,883712581.0,F,0.0,24.0,marketing
308.0,683.0,5.0,887734707.0,M,1.0,52.0,retired
889.0,1084.0,5.0,886959678.0,M,1.0,23.0,other
381.0,691.0,1.0,891656300.0,M,1.0,39.0,artist
531.0,518.0,5.0,891035826.0,F,0.0,59.0,librarian
506.0,471.0,4.0,875653397.0,M,1.0,26.0,marketing
158.0,517.0,4.0,879466982.0,M,1.0,44.0,educator
764.0,1012.0,4.0,879445904.0,M,1.0,36.0,educator
564.0,558.0,3.0,878348568.0,M,1.0,35.0,executive
650.0,654.0,5.0,889492329.0,M,1.0,38.0,engineer
60.0,628.0,4.0,884364931.0,M,1.0,44.0,healthcare
514.0,523.0,2.0,891037781.0,M,1.0,43.0,programmer
790.0,790.0,4.0,884751814.0,M,1.0,26.0,technician
669.0,222.0,3.0,889655820.0,M,1.0,31.0,other
650.0,8.0,1.0,891353269.0,M,1.0,38.0,engineer
758.0,708.0,4.0,881975213.0,M,1.0,26.0,student
894.0,1163.0,3.0,877818000.0,M,1.0,42.0,educator
659.0,578.0,3.0,879139923.0,M,1.0,59.0,retired
697.0,678.0,2.0,889387713.0,M,1.0,24.0,other
92.0,742.0,4.0,886484799.0,M,1.0,30.0,entertainment
342.0,724.0,4.0,874787129.0,F,0.0,32.0,other
476.0,12.0,3.0,890285766.0,M,1.0,27.0,technician
823.0,151.0,4.0,823863921.0,M,1.0,26.0,artist
846.0,117.0,5.0,883950791.0,M,1.0,26.0,lawyer
655.0,879.0,4.0,886480583.0,F,0.0,50.0,healthcare
354.0,690.0,4.0,891353239.0,F,0.0,29.0,librarian
222.0,678.0,4.0,877136635.0,M,1.0,27.0,programmer
327.0,741.0,4.0,882387756.0,M,1.0,22.0,student
940.0,696.0,2.0,880871585.0,M,1.0,30.0,administrator
130.0,948.0,4.0,883711069.0,M,1.0,20.0,none
709.0,1028.0,4.0,891201349.0,M,1.0,46.0,lawyer
543.0,748.0,3.0,880925199.0,M,1.0,35.0,scientist
285.0,1028.0,5.0,875332468.0,M,1.0,31.0,programmer
347.0,7.0,5.0,884130793.0,M,1.0,18.0,student
1.0,48.0,4.0,882608357.0,M,1.0,23.0,student
200.0,381.0,4.0,882359678.0,M,1.0,36.0,programmer
615.0,876.0,3.0,891201817.0,M,1.0,35.0,educator
568.0,9.0,2.0,882677933.0,M,1.0,29.0,marketing
308.0,174.0,4.0,887738264.0,M,1.0,52.0,retired
130.0,11.0,4.0,874730342.0,M,1.0,20.0,none
910.0,603.0,3.0,891208356.0,M,1.0,11.0,student
486.0,795.0,3.0,883216358.0,M,1.0,35.0,educator
379.0,481.0,4.0,891384673.0,M,1.0,39.0,programmer
60.0,568.0,5.0,884326690.0,F,0.0,44.0,healthcare
843.0,506.0,3.0,879452427.0,M,1.0,32.0,librarian
592.0,476.0,4.0,875332848.0,M,1.0,18.0,student
222.0,874.0,5.0,882398966.0,M,1.0,27.0,programmer
766.0,605.0,3.0,875729667.0,M,1.0,27.0,other
244.0,173.0,3.0,885479356.0,M,1.0,27.0,technician
819.0,181.0,3.0,879571471.0,M,1.0,29.0,administrator
553.0,683.0,4.0,879876815.0,M,1.0,35.0,educator
870.0,744.0,3.0,879445372.0,M,1.0,22.0,student
344.0,689.0,5.0,891549226.0,F,0.0,30.0,librarian
747.0,866.0,1.0,888702280.0,M,1.0,18.0,other
486.0,514.0,4.0,879442692.0,M,1.0,35.0,educator
303.0,604.0,3.0,879454622.0,M,1.0,18.0,student
40.0,659.0,2.0,892838375.0,M,1.0,26.0,lawyer
396.0,546.0,5.0,877107293.0,M,1.0,50.0,engineer
606.0,665.0,5.0,877561495.0,M,1.0,27.0,programmer
807.0,515.0,5.0,891012510.0,F,0.0,35.0,homemaker
899.0,269.0,2.0,88715908.0,M,1.0,35.0,other
94.0,1023.0,4.0,881367155.0,M,1.0,25.0,student
542.0,322.0,4.0,883601393.0,M,1.0,20.0,student
311.0,498.0,4.0,884992613.0,M,1.0,30.0,technician
479.0,888.0,3.0,879448734.0,M,1.0,48.0,educator
622.0,659.0,4.0,882380565.0,M,1.0,24.0,programmer
393.0,693.0,4.0,889740676.0,M,1.0,18.0,student
308.0,1032.0,5.0,887736408.0,M,1.0,52.0,retired
905.0,678.0,4.0,883326298.0,F,0.0,27.0,student
279.0,685.0,4.0,892738279.0,M,1.0,31.0,programmer
224.0,527.0,5.0,879793156.0,M,1.0,31.0,educator
655.0,216.0,4.0,878178370.0,F,0.0,50.0,educator
14.0,476.0,5.0,876770232.0,M,1.0,30.0,scientist
829.0,1089.0,2.0,891199350.0,M,1.0,23.0,technician
495.0,684.0,4.0,8752707724.0,M,1.0,27.0,engineer
561.0,951.0,4.0,875309430.0,M,1.0,23.0,engineer
301.0,7.0,4.0,882063424.0,M,1.0,23.0,student
533.0,515.0,3.0,891035605.0,F,0.0,39.0,librarian
790.0,1234.0,3.0,884462692.0,M,1.0,30.0,technician
222.0,127.0,2.0,884921422.0,M,1.0,27.0,programmer
429.0,673.0,2.0,882386309.0,M,1.0,26.0,student
574.0,699.0,3.0,876250492.0,M,1.0,59.0,executive
144.0,483.0,1.0,880571912.0,M,1.0,46.0,doctor
622.0,716.0,1.0,884922465.0,M,1.0,26.0,programmer
865.0,662.0,4.0,889681688.0,M,1.0,21.0,artist
653.0,724.0,3.0,877108873.0,M,1.0,29.0,executive
256.0,527.0,5.0,886609925.0,F,0.0,35.0,none
416.0,1047.0,3.0,879444569.0,M,1.0,20.0,student
886.0,474.0,4.0,883949046.0,M,1.0,20.0,student
628.0,663.0,2.0,879793037.0,M,1.0,18.0,student
385.0,690.0,4.0,879563467.0,M,1.0,24.0,writer
357.0,1028.0,2.0,886480583.0,M,1.0,25.0,executive
327.0,1145.0,1.0,878181843.0,M,1.0,21.0,student
707.0,10.0,5.0,886989867.0,M,1.0,50.0,educator
279.0,685.0,3.0,888538512.0,M,1.0,31.0,programmer
123.0,919.0,5.0,884991035.0,F,0.0,30.0,artist
716.0,662.0,4.0,891286077.0,M,1.0,24.0,administrator
660.0,659.0,4.0,880179785.0,M,1.0,25.0,student
347.0,14.0,3.0,881652489.0,M,1.0,18.0,student
320.0,476.0,5.0,883365631.0,M,1.0,18.0,student
110.0,690.0,3.0,876223606.0,M,1.0,18.0,student
268.0,578.0,4.0,875509762.0,M,1.0,23.0,engineer
455.0,748.0,3.0,891172370.0,M,1.0,42.0,administrator
244.0,559.0,2.0,878543837.0,M,1.0,27.0,technician
671.0,515.0,4.0,878940666.0,M,1.0,27.0,programmer
405.0,928.0,2.0,888639802.0,M,1.0,22.0,healthcare
405.0,839.0,5.0,884322113.0,F,0.0,22.0,healthcare
145.0,1028.0,2.0,888104116.0,M,1.0,29.0,entertainment
497.0,772.0,3.0,884365169.0,M,1.0,20.0,student
771.0,874.0,4.0,891415786.0,M,1.0,35.0,scientist
295.0,1234.0,4.0,879454394.0,M,1.0,29.0,educator
757.0,886.0,3.0,877532982.0,F,0.0,25.0,student
305.0,841.0,4.0,876404612.0,M,1.0,23.0,programmer
653.0,763.0,3.0,880123296.0,M,1.0,35.0,executive
660.0,739.0,3.0,875246988.0,M,1.0,25.0,student
178.0,1.0,3.0,892738480.0,M,1.0,25.0,other
543.0,781.0,1.0,886272762.0,M,1.0,31.0,scientist
332.0,1099.0,3.0,879441786.0,M,1.0,20.0,student
615.0,322.0,3.0,879442452.0,M,1.0,35.0,educator
455.0,607.0,3.0,880571811.0,M,1.0,42.0,administrator
642.0,631.0,3.0,874949594.0,F,0.0,17.0,student
178.0,514.0,5.0,879109544.0,M,1.0,33.0,other
643.0,514.0,2.0,892696209.0,M,1.0,39.0,programmer
634.0,431.0,4.0,891385226.0,M,1.0,20.0,student
302.0,782.0,4.0,879455083.0,M,1.0,38.0,educator
815.0,4.0,4.0,875935614.0,M,1.0,30.0,other
314.0,815.0,3.0,886396469.0,F,0.0,20.0,student
650.0,762.0,4.0,891387164.0,M,1.0,28.0,programmer
905.0,210.0,5.0,8886393137.0,F,0.0,27.0,student
534.0,661.0,4.0,890332685.0,F,0.0,20.0,student
203.0,300.0,2.0,888633310.0,F,0.0,20.0,student
788.0,568.0,4.0,879876256.0,F,0.0,35.0,administrator
643.0,748.0,4.0,884124857.0,M,1.0,39.0,scientist
543.0,471.0,3.0,880993624.0,M,1.0,31.0,scientist
871.0,656.0,4.0,889403713.0,M,1.0,27.0,executive
621.0,679.0,4.0,880177435.0,M,1.0,17.0,student
903.0,744.0,5.0,876266824.0,M,1.0,27.0,educator
267.0,474.0,4.0,878181814.0,M,1.0,23.0,engineer
26.0,11.0,3.0,884640186.0,M,1.0,42.0,engineer
255.0,582.0,4.0,886030633.0,M,1.0,23.0,entertainment
655.0,879.0,4.0,886471955.0,M,1.0,50.0,healthcare
655.0,98.0,4.0,875349801.0,F,0.0,50.0,healthcare
409.0,742.0,3.0,883875460.0,M,1.0,42.0,administrator
5.0,823.0,5.0,881177440.0,M,1.0,43.0,other
663.0,515.0,4.0,892686757.0,M,1.0,24.0,other
766.0,678.0,4.0,891354152.0,M,1.0,38.0,other
380.0,597.0,4.0,879532857.0,M,1.0,35.0,engineer
655.0,655.0,3.0,886480484.0,M,1.0,50.0,healthcare
757.0,476.0,4.0,880405814.0,M,1.0,29.0,programmer
910.0,592.0,5.0,877131484.0,M,1.0,50.0,healthcare
592.0,479.0,4.0,889492687.0,M,1.0,18.0,student
757.0,662.0,4.0,883326067.0,M,1.0,25.0,student
312.0,696.0,3.0,874786950.0,M,1.0,42.0,other
600.0,472.0,3.0,884064688.0,M,1.0,31.0,programmer
406.0,483.0,4.0,879446633.0,M,1.0,35.0,educator
454.0,735.0,5.0,887745622.0,M,1.0,50.0,other
188.0,781.0,5.0,888634522.0,M,1.0,28.0,student
214.0,1037.0,4.0,891383152.0,F,0.0,26.0,librarian
85.0,582.0,5.0,884495307.0,M,1.0,45.0,educator
58.0,482.0,3.0,879448019.0,M,1.0,26.0,programmer
293.0,172.0,3.0,888906193.0,M,1.0,23.0,writer
649.0,519.0,1.0,891369480.0,M,1.0,42.0,educator
871.0,521.0,4.0,891192535.0,M,1.0,29.0,executive
568.0,527.0,3.0,875307701.0,M,1.0,28.0,programmer
308.0,1204.0,4.0,887739069.0,M,1.0,52.0,retired
650.0,7.0,2.0,881371667.0,M,1.0,38.0,engineer
543.0,519.0,4.0,889125079.0,M,1.0,23.0,student
710.0,569.0,2.0,886013980.0,M,1.0,26.0,student
833.0,744.0,3.0,875385335.0,M,1.0,31.0,writer
537.0,976.0,5.0,887067632.0,M,1.0,31.0,engineer
747.0,1082.0,4.0,878759758.0,M,1.0,18.0,other
293.0,472.0,3.0,879445014.0,M,1.0,23.0,writer
788.0,988.0,5.0,880355026.0,M,1.0,45.0,administrator
119.0,949.0,5.0,886030966.0,M,1.0,27.0,programmer
279.0,823.0,4.0,879548318.0,M,1.0,31.0,programmer
95.0,751.0,3.0,881269536.0,M,1.0,29.0,administrator
393.0,941.0,3.0,883950794.0,M,1.0,18.0,student
648.0,826.0,5.0,885849886.0,M,1.0,39.0,engineer
532.0,631.0,2.0,879309700.0,M,1.0,20.0,student
561.0,854.0,3.0,883708535.0,M,1.0,23.0,programmer
705.0,517.0,4.0,875324273.0,M,1.0,21.0,student
455.0,682.0,1.0,879435370.0,M,1.0,42.0,administrator
101.0,1232.0,3.0,883950606.0,M,1.0,20.0,lawyer
852.0,578.0,4.0,891309882.0,M,1.0,43.0,writer
868.0,636.0,4.0,882670826.0,M,1.0,27.0,other
279.0,1059.0,5.0,875224482.0,M,1.0,31.0,programmer
1.0,696.0,4.0,879446565.0,M,1.0,23.0,technician
152.0,495.0,2.0,881958681.0,F,0.0,33.0,educator
638.0,1036.0,4.0,885875428.0,M,1.0,40.0,engineer
798.0,511.0,2.0,887157529.0,M,1.0,32.0,writer
551.0,896.0,5.0,877110336.0,M,1.0,24.0,programmer
318.0,673.0,4.0,891048159.0,M,1.0,56.0,retired
899.0,827.0,5.0,889324370.0,M,1.0,30.0,other
666.0,1037.0,5.0,875509346.0,M,1.0,39.0,other
130.0,516.0,5.0,877107335.0,M,1.0,20.0,none
401.0,513.0,4.0,883327442.0,F,0.0,46.0,healthcare
346.0,50.0,4.0,885690600.0,M,1.0,31.0,other
897.0,954.0,4.0,880951474.0,M,1.0,24.0,other
554.0,50.0,3.0,882404669.0,M,1.0,30.0,scientist
694.0,79.0,2.0,875262419.0,M,1.0,52.0,programmer
943.0,7.0,5.0,875246209.0,M,1.0,22.0,student
222.0,8.0,4.0,878972078.0,M,1.0,27.0,programmer
406.0,727.0,3.0,879456168.0,M,1.0,46.0,educator
92.0,705.0,5.0,875654981.0,M,1.0,30.0,entertainment
851.0,1285.0,4.0,888069470.0,M,1.0,18.0,other
608.0,50.0,4.0,880607154.0,M,1.0,22.0,student
918.0,845.0,4.0,888906862.0,M,1.0,26.0,engineer
642.0,471.0,5.0,883698431.0,M,1.0,25.0,writer
239.0,506.0,5.0,883444544.0,M,1.0,35.0,artist
300.0,748.0,5.0,882919336.0,F,0.0,17.0,student
425.0,476.0,4.0,879786892.0,M,1.0,18.0,student
6.0,423.0,4.0,888068914.0,M,1.0,37.0,executive
870.0,1060.0,4.0,880753314.0,M,1.0,20.0,student
664.0,751.0,4.0,880333082.0,M,1.0,23.0,engineer
7.0,234.0,4.0,891448002.0,F,0.0,50.0,administrator
676.0,642.0,4.0,892790862.0,M,1.0,28.0,programmer
93.0,607.0,3.0,884753277.0,F,0.0,39.0,administrator
478.0,474.0,4.0,889041577.0,M,1.0,23.0,technician
514.0,294.0,4.0,882140151.0,M,1.0,26.0,programmer
629.0,597.0,4.0,891249767.0,M,1.0,56.0,librarian
839.0,748.0,5.0,884368525.0,F,0.0,29.0,writer
130.0,863.0,3.0,876537537.0,M,1.0,20.0,none
796.0,14.0,5.0,880057137.0,F,0.0,27.0,writer
621.0,936.0,4.0,882063743.0,M,1.0,17.0,student
279.0,1231.0,2.0,891207726.0,M,1.0,31.0,programmer
916.0,740.0,4.0,888179925.0,M,1.0,26.0,other
851.0,518.0,5.0,875732886.0,M,1.0,18.0,other
738.0,1093.0,1.0,875305066.0,M,1.0,35.0,scientist
897.0,9.0,2.0,888463685.0,M,1.0,28.0,other
886.0,790.0,4.0,881960743.0,M,1.0,40.0,programmer
249.0,328.0,3.0,878692762.0,M,1.0,24.0,student
554.0,478.0,5.0,877132015.0,M,1.0,27.0,engineer
455.0,657.0,4.0,879362202.0,M,1.0,42.0,administrator
10.0,709.0,4.0,878775840.0,M,1.0,46.0,lawyer
909.0,15.0,5.0,878182629.0,F,0.0,50.0,other
562.0,487.0,4.0,886030707.0,M,1.0,33.0,executive
773.0,568.0,3.0,889288623.0,M,1.0,25.0,student
189.0,844.0,5.0,893218933.0,M,1.0,30.0,artist
298.0,716.0,5.0,875286492.0,M,1.0,39.0,engineer
632.0,527.0,4.0,885943685.0,F,0.0,17.0,student
617.0,678.0,3.0,879532326.0,M,1.0,40.0,scientist
892.0,544.0,4.0,879466490.0,M,1.0,33.0,other
339.0,1231.0,3.0,891038979.0,M,1.0,32.0,lawyer
648.0,11.0,4.0,888068842.0,M,1.0,39.0,engineer
648.0,568.0,3.0,879877007.0,M,1.0,39.0,engineer
892.0,7.0,4.0,880937891.0,M,1.0,33.0,salesman
330.0,563.0,4.0,8778941656.0,F,0.0,35.0,educator
618.0,82.0,3.0,882385798.0,M,1.0,26.0,student
13.0,1170.0,5.0,879969644.0,M,1.0,42.0,educator
603.0,656.0,4.0,87994932.0,M,1.0,35.0,programmer
119.0,474.0,4.0,878915625.0,M,1.0,30.0,programmer
621.0,1068.0,3.0,877132016.0,M,1.0,25.0,other
328.0,472.0,4.0,878759758.0,M,1.0,45.0,administrator
881.0,562.0,4.0,879572564.0,M,1.0,37.0,marketing
727.0,118.0,3.0,892697140.0,M,1.0,24.0,other
406.0,50.0,3.0,879876892.0,M,1.0,46.0,educator
90.0,496.0,4.0,892079840.0,M,1.0,52.0,educator
130.0,956.0,5.0,875073247.0,M,1.0,20.0,none
666.0,210.0,4.0,879438535.0,M,1.0,39.0,administrator
788.0,679.0,3.0,891294201.0,M,1.0,45.0,educator
913.0,1431.0,3.0,883601348.0,M,1.0,26.0,student
328.0,461.0,4.0,879467024.0,M,1.0,45.0,administrator
455.0,648.0,4.0,884124722.0,M,1.0,42.0,administrator
478.0,300.0,3.0,880605273.0,M,1.0,23.0,other
697.0,687.0,2.0,892696883.0,F,0.0,24.0,other
58.0,546.0,3.0,882607787.0,M,1.0,26.0,programmer
923.0,527.0,4.0,880243625.0,F,0.0,21.0,student
756.0,39.0,4.0,887160446.0,F,0.0,30.0,writer
533.0,431.0,3.0,880179180.0,M,1.0,39.0,technician
615.0,515.0,4.0,889731416.0,F,0.0,27.0,educator
682.0,671.0,4.0,888906119.0,M,1.0,23.0,writer
799.0,940.0,3.0,879456259.0,M,1.0,30.0,other
712.0,15.0,5.0,884923329.0,M,1.0,22.0,student
941.0,549.0,4.0,883698402.0,M,1.0,20.0,student
406.0,1047.0,4.0,879464352.0,M,1.0,46.0,educator
633.0,9.0,3.0,879453471.0,M,1.0,39.0,librarian
917.0,881.0,3.0,888517968.0,F,0.0,22.0,student
296.0,174.0,3.0,879447721.0,F,0.0,43.0,administrator
892.0,9.0,3.0,879442033.0,M,1.0,33.0,other
708.0,1087.0,3.0,880845121.0,M,1.0,26.0,programmer
561.0,742.0,4.0,888068843.0,M,1.0,23.0,programmer
145.0,948.0,5.0,879879481.0,M,1.0,29.0,entertainment
524.0,684.0,2.0,879455150.0,M,1.0,49.0,educator
881.0,151.0,4.0,880144399.0,M,1.0,35.0,scientist
92.0,647.0,4.0,875242957.0,M,1.0,30.0,entertainment
363.0,682.0,3.0,879442385.0,M,1.0,20.0,student
495.0,954.0,3.0,883326185.0,M,1.0,39.0,engineer
231.0,473.0,4.0,891385673.0,M,1.0,59.0,librarian
661.0,7.0,3.0,889395971.0,M,1.0,23.0,programmer
279.0,578.0,3.0,892784093.0,M,1.0,31.0,programmer
537.0,1418.0,3.0,89172.0,M,1.0,43.0,engineer
490.0,935.0,3.0,882141856.0,F,0.0,29.0,artist
573.0,9.0,4.0,891560596.0,F,0.0,56.0,librarian
455.0,405.0,3.0,879465273.0,M,1.0,42.0,educator
222.0,1005.0,3.0,884126077.0,M,1.0,27.0,programmer
276.0,4.0,3.0,887737338.0,M,1.0,21.0,student
639.0,959.0,5.0,891034007.0,M,1.0,42.0,librarian
896.0,174.0,4.0,886376045.0,M,1.0,27.0,writer
804.0,881.0,5.0,879441693.0,M,1.0,35.0,educator
535.0,1054.0,4.0,879876675.0,F,0.0,35.0,educator
930.0,216.0,4.0,892079237.0,M,1.0,52.0,retired
474.0,566.0,4.0,875315020.0,M,1.0,45.0,executive
234.0,517.0,4.0,884489179.0,M,1.0,52.0,retired
645.0,228.0,5.0,880568753.0,M,1.0,23.0,programmer
393.0,669.0,4.0,885810240.0,M,1.0,18.0,student
405.0,813.0,5.0,879793468.0,M,1.0,22.0,healthcare
682.0,569.0,3.0,888518363.0,M,1.0,23.0,programmer
768.0,547.0,4.0,879455150.0,M,1.0,27.0,administrator
676.0,781.0,4.0,888888994.0,M,1.0,28.0,other
339.0,382.0,3.0,891034471.0,M,1.0,32.0,lawyer
593.0,842.0,3.0,879455421.0,F,0.0,35.0,educator
609.0,742.0,4.0,679446451.0,F,0.0,49.0,educator
210.0,245.0,3.0,877137432.0,M,1.0,35.0,engineer
13.0,8.0,4.0,878962727.0,M,1.0,42.0,educator
662.0,696.0,3.0,885690600.0,M,1.0,24.0,executive
455.0,468.0,4.0,879443085.0,M,1.0,32.0,administrator
447.0,7.0,3.0,879874962.0,M,1.0,27.0,administrator
582.0,762.0,3.0,884923592.0,M,1.0,18.0,other
158.0,1048.0,4.0,886987288.0,M,1.0,44.0,educator
343.0,484.0,3.0,885478759.0,M,1.0,39.0,engineer
642.0,559.0,4.0,878693468.0,F,0.0,17.0,student
100.0,875.0,4.0,891721974.0,M,1.0,33.0,executive
661.0,782.0,3.0,878938777.0,M,1.0,27.0,programmer
932.0,597.0,4.0,884923922.0,M,1.0,50.0,educator
405.0,479.0,2.0,884365886.0,F,0.0,22.0,healthcare
537.0,273.0,4.0,886029162.0,M,1.0,32.0,engineer
757.0,878.0,3.0,884035914.0,M,1.0,27.0,student
554.0,685.0,5.0,879875818.0,M,1.0,35.0,scientist
655.0,934.0,4.0,875653381.0,F,0.0,50.0,healthcare
568.0,751.0,3.0,879453821.0,M,1.0,35.0,educator
615.0,708.0,5.0,87978689065.0,M,1.0,30.0,educator
435.0,741.0,1.0,884131665.0,M,1.0,23.0,engineer
716.0,12.0,3.0,884064688.0,M,1.0,26.0,administrator
275.0,431.0,5.0,875657979.0,M,1.0,35.0,engineer
877.0,50.0,4.0,887039254.0,F,0.0,40.0,student
826.0,679.0,5.0,879370101.0,M,1.0,32.0,writer
826.0,919.0,3.0,891299655.0,M,1.0,37.0,artist
828.0,1014.0,3.0,876032248.0,M,1.0,27.0,technician
298.0,578.0,4.0,879444795.0,M,1.0,54.0,executive
425.0,752.0,4.0,884295627.0,M,1.0,18.0,student
934.0,752.0,4.0,892807574.0,M,1.0,53.0,engineer
244.0,1135.0,4.0,878182785.0,M,1.0,27.0,technician
822.0,591.0,2.0,882360873.0,M,1.0,26.0,artist
405.0,751.0,1.0,876403335.0,F,0.0,22.0,healthcare
804.0,636.0,3.0,879454734.0,M,1.0,35.0,educator
886.0,1201.0,3.0,876539084.0,M,1.0,30.0,student
624.0,697.0,4.0,883865680.0,M,1.0,27.0,student
666.0,488.0,3.0,878870257.0,M,1.0,39.0,administrator
313.0,471.0,3.0,879455021.0,M,1.0,37.0,writer
378.0,12.0,4.0,880055396.0,M,1.0,32.0,student
697.0,636.0,4.0,879441952.0,M,1.0,24.0,other
374.0,744.0,5.0,880870473.0,M,1.0,33.0,executive
667.0,684.0,1.0,884131813.0,M,1.0,42.0,administrator
533.0,866.0,4.0,884132564.0,M,1.0,39.0,engineer
398.0,5.0,5.0,875504798.0,M,1.0,36.0,other
650.0,689.0,2.0,891369355.0,M,1.0,38.0,programmer
279.0,471.0,4.0,884122924.0,M,1.0,31.0,programmer
158.0,678.0,4.0,886480206.0,M,1.0,44.0,educator
320.0,742.0,5.0,876539078.0,M,1.0,18.0,student
295.0,7.0,4.0,881514002.0,M,1.0,29.0,educator
897.0,569.0,5.0,874873803.0,M,1.0,28.0,other
479.0,689.0,3.0,879876610.0,M,1.0,28.0,educator
405.0,969.0,4.0,880396049.0,F,0.0,22.0,healthcare
655.0,511.0,4.0,886611079.0,F,0.0,50.0,healthcare
601.0,735.0,4.0,884749359.0,M,1.0,18.0,student
406.0,845.0,2.0,879447873.0,M,1.0,46.0,educator
717.0,11.0,3.0,879454900.0,M,1.0,27.0,other
327.0,923.0,4.0,884326158.0,M,1.0,22.0,student
116.0,234.0,2.0,876402452.0,M,1.0,36.0,healthcare
502.0,48.0,5.0,887744021.0,M,1.0,22.0,educator
894.0,588.0,3.0,877909744.0,M,1.0,41.0,educator
648.0,1260.0,4.0,883109197.0,M,1.0,39.0,engineer
181.0,174.0,4.0,877196209.0,M,1.0,25.0,executive
406.0,202.0,4.0,879865462.0,M,1.0,46.0,educator
268.0,1.0,3.0,885597821.0,M,1.0,23.0,engineer
26.0,294.0,5.0,875728842.0,M,1.0,40.0,artist
703.0,679.0,4.0,892905940.0,M,1.0,52.0,educator
733.0,735.0,4.0,875962086.0,M,1.0,38.0,other
897.0,648.0,4.0,874730320.0,M,1.0,28.0,other
698.0,827.0,4.0,881649425.0,M,1.0,38.0,programmer
815.0,631.0,3.0,878961668.0,M,1.0,30.0,other
158.0,604.0,5.0,880132077.0,M,1.0,44.0,educator
671.0,707.0,5.0,892785443.0,M,1.0,24.0,programmer
456.0,546.0,4.0,879460029.0,M,1.0,50.0,administrator
920.0,684.0,4.0,891015522.0,F,0.0,30.0,artist
653.0,657.0,5.0,875334060.0,F,0.0,29.0,executive
504.0,393.0,5.0,887912382.0,F,0.0,40.0,writer
85.0,879.0,4.0,879440112.0,M,1.0,45.0,educator
796.0,871.0,3.0,879530172.0,M,1.0,42.0,educator
7.0,687.0,3.0,891352370.0,F,0.0,51.0,administrator
87.0,678.0,4.0,891383370.0,M,1.0,42.0,administrator
846.0,879.0,3.0,883948003.0,M,1.0,26.0,lawyer
847.0,100.0,4.0,884749359.0,M,1.0,26.0,student
933.0,715.0,4.0,891033512.0,M,1.0,28.0,librarian
389.0,1049.0,4.0,879456690.0,F,0.0,44.0,writer
868.0,7.0,4.0,886271462.0,M,1.0,21.0,programmer
303.0,605.0,5.0,879540179.0,M,1.0,18.0,student
425.0,7.0,3.0,883257923.0,M,1.0,18.0,student
184.0,482.0,5.0,889910098.0,M,1.0,34.0,librarian
347.0,716.0,3.0,889651164.0,F,0.0,18.0,student
510.0,578.0,4.0,879443613.0,M,1.0,31.0,other
591.0,826.0,3.0,891031164.0,M,1.0,28.0,marketing
525.0,927.0,5.0,87911079.0,F,0.0,27.0,administrator
768.0,665.0,2.0,879459714.0,M,1.0,27.0,administrator
757.0,871.0,4.0,878854383.0,M,1.0,30.0,student
776.0,678.0,3.0,888632220.0,M,1.0,28.0,writer
889.0,685.0,4.0,875654788.0,M,1.0,23.0,technician
624.0,523.0,4.0,884366451.0,M,1.0,27.0,engineer
568.0,474.0,3.0,881288234.0,M,1.0,35.0,educator
682.0,496.0,2.0,877719206.0,M,1.0,23.0,programmer
710.0,527.0,2.0,880845451.0,M,1.0,26.0,technician
469.0,578.0,4.0,879454400.0,M,1.0,50.0,administrator
704.0,979.0,3.0,891384226.0,F,0.0,51.0,librarian
486.0,442.0,4.0,879793651.0,M,1.0,50.0,educator
106.0,639.0,2.0,882344591.0,M,1.0,52.0,retired
763.0,684.0,4.0,885387701.0,M,1.0,26.0,student
868.0,591.0,4.0,883613483.0,M,1.0,31.0,artist
85.0,651.0,4.0,883888873.0,M,1.0,45.0,educator
844.0,508.0,4.0,884133788.0,M,1.0,32.0,technician
405.0,288.0,4.0,879786892.0,F,0.0,22.0,healthcare
7.0,597.0,3.0,891035121.0,M,1.0,51.0,administrator
184.0,9.0,4.0,889907812.0,M,1.0,28.0,librarian
619.0,682.0,3.0,883326347.0,M,1.0,18.0,other
541.0,4.0,5.0,874864218.0,F,0.0,18.0,student
577.0,693.0,5.0,889737524.0,F,0.0,26.0,student
382.0,11.0,3.0,885844414.0,M,1.0,30.0,engineer
554.0,111.0,5.0,886032123.0,M,1.0,25.0,student
95.0,663.0,4.0,879434804.0,M,1.0,29.0,administrator
468.0,925.0,5.0,879899158.0,M,1.0,23.0,engineer
886.0,7.0,3.0,876525714.0,M,1.0,20.0,student
913.0,1054.0,4.0,877131441.0,F,0.0,26.0,student
267.0,761.0,3.0,876297401.0,M,1.0,23.0,engineer
883.0,8.0,3.0,891384424.0,M,1.0,43.0,librarian
566.0,741.0,2.0,875504097.0,M,1.0,22.0,student
782.0,541.0,4.0,891390278.0,F,0.0,21.0,artist
834.0,7.0,5.0,875991383.0,M,1.0,30.0,other
334.0,984.0,4.0,891548622.0,M,1.0,38.0,librarian
244.0,191.0,3.0,880843345.0,M,1.0,27.0,technician
487.0,477.0,4.0,884134010.0,M,1.0,22.0,engineer
472.0,546.0,4.0,875919710.0,M,1.0,23.0,student
845.0,1.0,5.0,884131911.0,M,1.0,30.0,other
627.0,936.0,5.0,885407056.0,M,1.0,31.0,writer
224.0,561.0,4.0,881275356.0,M,1.0,31.0,educator
279.0,7.0,3.0,875224482.0,M,1.0,31.0,programmer
804.0,8.0,3.0,875132654.0,M,1.0,35.0,educator
354.0,515.0,4.0,891407865.0,F,0.0,29.0,librarian
330.0,576.0,3.0,879441253.0,F,0.0,35.0,educator
894.0,591.0,5.0,879446371.0,M,1.0,42.0,writer
181.0,622.0,4.0,884366010.0,M,1.0,25.0,executive
64.0,482.0,3.0,889418033.0,M,1.0,30.0,educator
659.0,519.0,3.0,891227463.0,F,0.0,59.0,librarian
343.0,585.0,4.0,881367210.0,M,1.0,39.0,engineer
201.0,1281.0,3.0,888068143.0,M,1.0,26.0,writer
727.0,661.0,2.0,882404669.0,M,1.0,24.0,student
654.0,515.0,2.0,881106656.0,M,1.0,27.0,other
387.0,690.0,4.0,891227463.0,M,1.0,31.0,entertainment
401.0,631.0,5.0,883442845.0,F,0.0,44.0,healthcare
661.0,568.0,4.0,879461564.0,M,1.0,27.0,programmer
54.0,709.0,5.0,889907881.0,M,1.0,25.0,executive
279.0,186.0,5.0,885599135.0,M,1.0,35.0,other
303.0,974.0,4.0,879454655.0,M,1.0,18.0,student
79.0,792.0,3.0,891354873.0,F,0.0,43.0,administrator
537.0,528.0,4.0,886032123.0,M,1.0,33.0,engineer
919.0,509.0,5.0,888887316.0,M,1.0,24.0,other
216.0,891.0,3.0,880871387.0,M,1.0,22.0,other
328.0,523.0,4.0,876695601.0,M,1.0,48.0,educator
23.0,15.0,3.0,87527000.0,M,1.0,31.0,artist
18.0,8.0,3.0,877719863.0,F,0.0,35.0,other
200.0,526.0,5.0,884326690.0,M,1.0,26.0,healthcare
536.0,947.0,3.0,884126077.0,M,1.0,35.0,engineer
208.0,472.0,3.0,883707575.0,M,1.0,39.0,engineer
749.0,462.0,4.0,875294441.0,M,1.0,31.0,other
130.0,174.0,4.0,876407053.0,M,1.0,20.0,none
346.0,181.0,5.0,874730206.0,M,1.0,31.0,other
804.0,1247.0,3.0,879443297.0,M,1.0,35.0,educator
807.0,12.0,3.0,882592542.0,F,0.0,26.0,student
85.0,607.0,4.0,881107971.0,M,1.0,45.0,educator
707.0,523.0,4.0,880868158.0,F,0.0,56.0,librarian
514.0,671.0,3.0,879304749.0,M,1.0,35.0,educator
478.0,1030.0,5.0,879467126.0,M,1.0,32.0,other
627.0,948.0,4.0,878951984.0,M,1.0,23.0,engineer
574.0,748.0,4.0,879222560.0,M,1.0,38.0,executive
308.0,12.0,4.0,887737171.0,M,1.0,52.0,retired
748.0,746.0,4.0,879453056.0,M,1.0,29.0,administrator
833.0,14.0,2.0,875272196.0,M,1.0,31.0,writer
409.0,483.0,4.0,891208080.0,M,1.0,42.0,administrator
145.0,679.0,4.0,875334455.0,M,1.0,29.0,entertainment
724.0,684.0,2.0,876539095.0,M,1.0,25.0,executive
308.0,9.0,2.0,884462692.0,M,1.0,52.0,retired
561.0,7.0,4.0,885479057.0,M,1.0,33.0,engineer
712.0,1048.0,3.0,876539220.0,F,0.0,22.0,student
894.0,934.0,5.0,880606144.0,M,1.0,52.0,homemaker
664.0,527.0,5.0,876406611.0,M,1.0,64.0,engineer
561.0,648.0,4.0,875744453.0,M,1.0,23.0,engineer
468.0,7.0,3.0,884364017.0,M,1.0,22.0,student
862.0,97.0,4.0,879447625.0,M,1.0,38.0,executive
592.0,15.0,4.0,877897475.0,M,1.0,18.0,student
804.0,835.0,4.0,880313672.0,M,1.0,35.0,scientist
640.0,513.0,4.0,876816116.0,M,1.0,20.0,student
795.0,974.0,4.0,880844123.0,M,1.0,32.0,technician
269.0,546.0,3.0,891384152.0,M,1.0,31.0,librarian
655.0,117.0,1.0,884636336.0,F,0.0,50.0,healthcare
655.0,12.0,4.0,886986327.0,F,0.0,50.0,other
116.0,919.0,4.0,876459831.0,F,0.0,36.0,healthcare
251.0,1231.0,1.0,889416344.0,M,1.0,27.0,doctor
676.0,7.0,3.0,879993519.0,M,1.0,28.0,programmer
834.0,748.0,4.0,886031906.0,M,1.0,31.0,engineer
389.0,835.0,4.0,879546604.0,M,1.0,44.0,writer
770.0,468.0,5.0,879362623.0,M,1.0,27.0,student
130.0,751.0,3.0,886324778.0,M,1.0,20.0,none
815.0,676.0,4.0,879875774.0,M,1.0,30.0,other
64.0,833.0,5.0,879466214.0,M,1.0,30.0,educator
592.0,482.0,3.0,888139736.0,M,1.0,18.0,student
790.0,1234.0,2.0,885044459.0,M,1.0,44.0,administrator
370.0,202.0,4.0,882591886.0,M,1.0,46.0,writer
308.0,591.0,4.0,887745699.0,M,1.0,52.0,retired
303.0,237.0,3.0,8797913897.0,M,1.0,18.0,student
450.0,689.0,4.0,881544192.0,F,0.0,35.0,educator
42.0,566.0,5.0,876690119.0,F,0.0,28.0,administrator
889.0,461.0,4.0,886474753.0,M,1.0,23.0,entertainment
15.0,518.0,5.0,891035490.0,F,0.0,49.0,educator
665.0,569.0,4.0,879539935.0,M,1.0,24.0,administrator
99.0,585.0,3.0,882955596.0,M,1.0,20.0,student
588.0,944.0,4.0,885075497.0,F,0.0,45.0,administrator
629.0,8.0,5.0,888082631.0,F,0.0,50.0,educator
145.0,682.0,4.0,875653787.0,M,1.0,29.0,entertainment
361.0,878.0,4.0,879563471.0,M,1.0,22.0,student
450.0,195.0,5.0,879874582.0,F,0.0,35.0,educator
696.0,100.0,5.0,877130046.0,F,0.0,24.0,writer
648.0,527.0,3.0,875729667.0,M,1.0,39.0,engineer
276.0,485.0,5.0,874873247.0,M,1.0,21.0,student
666.0,1095.0,4.0,879446166.0,M,1.0,39.0,administrator
943.0,7.0,2.0,891417159.0,M,1.0,22.0,student
291.0,508.0,4.0,880571950.0,F,0.0,17.0,student
867.0,515.0,3.0,877634967.0,M,1.0,23.0,engineer
251.0,8.0,3.0,879310357.0,M,1.0,50.0,doctor
460.0,568.0,1.0,886921391.0,F,0.0,44.0,other
798.0,547.0,4.0,878846800.0,F,0.0,40.0,writer
843.0,795.0,4.0,884129910.0,M,1.0,32.0,librarian
690.0,473.0,5.0,884991094.0,M,1.0,32.0,programmer
344.0,582.0,5.0,875246537.0,M,1.0,25.0,other
60.0,257.0,3.0,886479610.0,M,1.0,44.0,healthcare
766.0,8.0,4.0,876403971.0,M,1.0,20.0,none
455.0,588.0,4.0,879196230.0,M,1.0,28.0,administrator
648.0,511.0,3.0,885844606.0,M,1.0,39.0,engineer
15.0,603.0,3.0,879446014.0,F,0.0,49.0,educator
495.0,1054.0,5.0,875962799.0,M,1.0,31.0,other
148.0,546.0,4.0,891445004.0,M,1.0,31.0,programmer
870.0,528.0,5.0,884216808.0,M,1.0,22.0,student
181.0,5.0,3.0,878963086.0,M,1.0,25.0,executive
318.0,1052.0,3.0,887736743.0,M,1.0,56.0,retired
848.0,693.0,5.0,879436932.0,M,1.0,41.0,engineer
99.0,569.0,3.0,888104116.0,M,1.0,20.0,student
234.0,100.0,4.0,891549158.0,M,1.0,52.0,librarian
606.0,845.0,4.0,875280352.0,M,1.0,38.0,programmer
497.0,1011.0,3.0,879456075.0,M,1.0,20.0,student
592.0,927.0,4.0,875310315.0,M,1.0,18.0,student
748.0,876.0,5.0,885044997.0,M,1.0,27.0,administrator
676.0,683.0,3.0,891037943.0,M,1.0,28.0,programmer
823.0,947.0,4.0,884133748.0,M,1.0,32.0,librarian
318.0,1047.0,4.0,884497623.0,M,1.0,56.0,retired
642.0,473.0,3.0,892783959.0,M,1.0,24.0,programmer
841.0,7.0,4.0,886695320.0,M,1.0,24.0,writer
393.0,656.0,3.0,879467413.0,M,1.0,18.0,student
234.0,582.0,2.0,892079840.0,M,1.0,52.0,retired
363.0,741.0,3.0,888068781.0,M,1.0,23.0,student
303.0,14.0,4.0,879786691.0,M,1.0,18.0,student
921.0,462.0,4.0,879442440.0,M,1.0,18.0,student
537.0,687.0,2.0,886028791.0,M,1.0,33.0,engineer
29.0,204.0,4.0,891033256.0,F,0.0,30.0,librarian
496.0,496.0,5.0,888906119.0,M,1.0,27.0,writer
615.0,749.0,4.0,879444524.0,M,1.0,35.0,educator
532.0,689.0,5.0,882140185.0,M,1.0,20.0,student
537.0,441.0,3.0,886030707.0,M,1.0,33.0,engineer
336.0,1033.0,3.0,880242503.0,M,1.0,23.0,salesman
472.0,727.0,5.0,87989364871.0,M,1.0,22.0,student
741.0,50.0,3.0,882961082.0,M,1.0,24.0,writer
286.0,546.0,5.0,879450139.0,M,1.0,26.0,student
559.0,876.0,4.0,879444501.0,M,1.0,29.0,educator
169.0,985.0,4.0,876402951.0,F,0.0,46.0,other
99.0,693.0,3.0,881251834.0,M,1.0,25.0,student
916.0,941.0,4.0,885809117.0,M,1.0,36.0,scientist
305.0,7.0,2.0,884642996.0,M,1.0,23.0,programmer
727.0,474.0,3.0,884368512.0,M,1.0,24.0,student
405.0,462.0,4.0,884124522.0,F,0.0,22.0,healthcare
697.0,678.0,3.0,886397930.0,M,1.0,28.0,other
865.0,484.0,3.0,875241674.0,M,1.0,26.0,artist
782.0,181.0,3.0,875271725.0,F,0.0,21.0,artist
883.0,895.0,2.0,891549177.0,M,1.0,26.0,librarian
1.0,946.0,3.0,878849153.0,M,1.0,23.0,technician
239.0,929.0,3.0,891403713.0,M,1.0,35.0,artist
234.0,186.0,3.0,881654824.0,M,1.0,47.0,other
299.0,738.0,4.0,886891677.0,M,1.0,43.0,doctor
848.0,581.0,2.0,885847930.0,M,1.0,41.0,engineer
178.0,333.0,4.0,881654242.0,M,1.0,25.0,other
668.0,1271.0,3.0,885813066.0,M,1.0,29.0,administrator
119.0,578.0,4.0,879969644.0,M,1.0,37.0,programmer
268.0,1175.0,3.0,879440940.0,M,1.0,23.0,engineer
623.0,748.0,3.0,878941139.0,M,1.0,25.0,educator
62.0,756.0,5.0,879876648.0,F,0.0,24.0,administrator
174.0,563.0,5.0,885848886.0,F,0.0,30.0,administrator
601.0,566.0,3.0,891467591.0,F,0.0,18.0,artist
561.0,895.0,4.0,885075497.0,M,1.0,23.0,engineer
303.0,22.0,3.0,877752258.0,M,1.0,18.0,student
324.0,472.0,4.0,877757962.0,F,0.0,24.0,student
551.0,168.0,4.0,891250584.0,M,1.0,24.0,programmer
83.0,7.0,3.0,879448014.0,M,1.0,36.0,other
13.0,568.0,3.0,888104456.0,M,1.0,42.0,educator
6.0,168.0,4.0,880938863.0,M,1.0,38.0,executive
234.0,762.0,4.0,892334667.0,M,1.0,52.0,retired
288.0,523.0,3.0,874964763.0,M,1.0,31.0,programmer
401.0,495.0,1.0,879448672.0,F,0.0,46.0,healthcare
536.0,955.0,4.0,886031606.0,M,1.0,35.0,engineer
894.0,5.0,4.0,891038897.0,M,1.0,42.0,librarian
303.0,14.0,4.0,879461094.0,M,1.0,18.0,student
795.0,1110.0,4.0,875271929.0,M,1.0,28.0,programmer
194.0,476.0,3.0,879522977.0,M,548.0,35.0,administrator
879.0,526.0,5.0,885599327.0,M,1.0,30.0,administrator
542.0,659.0,4.0,876695601.0,F,0.0,31.0,other
216.0,50.0,5.0,880234868.0,M,1.0,22.0,engineer
833.0,257.0,3.0,888103971.0,M,1.0,37.0,writer
724.0,828.0,5.0,885849087.0,M,1.0,45.0,executive
749.0,628.0,3.0,879461438.0,M,1.0,31.0,other
293.0,1028.0,3.0,888907666.0,M,1.0,23.0,writer
344.0,1047.0,2.0,889492329.0,F,0.0,30.0,librarian
56.0,833.0,4.0,879442748.0,F,0.0,24.0,librarian
805.0,732.0,4.0,876525761.0,F,0.0,27.0,educator
524.0,521.0,4.0,884636408.0,M,1.0,49.0,educator
194.0,8.0,2.0,879485630.0,M,1.0,35.0,administrator
694.0,294.0,4.0,884111858.0,F,0.0,48.0,librarian
387.0,823.0,3.0,8864843617.0,M,1.0,31.0,entertainment
875.0,514.0,3.0,882340900.0,F,0.0,46.0,other
804.0,954.0,4.0,883327497.0,M,1.0,49.0,educator
802.0,705.0,4.0,879192901.0,M,1.0,32.0,administrator
332.0,517.0,3.0,887736647.0,M,1.0,20.0,student
654.0,1178.0,3.0,879442062.0,M,1.0,27.0,other
224.0,605.0,3.0,886832773.0,F,0.0,31.0,educator
293.0,1033.0,3.0,888905582.0,M,1.0,23.0,writer
473.0,1048.0,3.0,880245825.0,M,1.0,27.0,student
7.0,591.0,4.0,891249194.0,M,1.0,50.0,educator
262.0,1035.0,4.0,879468706.0,F,0.0,18.0,student
751.0,1028.0,5.0,880844123.0,F,0.0,50.0,other
836.0,12.0,4.0,891044401.0,M,1.0,42.0,other
805.0,877.0,2.0,884634672.0,F,0.0,27.0,other
592.0,676.0,4.0,882609007.0,F,0.0,18.0,student
566.0,955.0,5.0,882385164.0,M,1.0,20.0,student
7.0,1047.0,5.0,891035619.0,F,0.0,50.0,administrator
222.0,709.0,4.0,884112382.0,M,1.0,27.0,programmer
435.0,831.0,4.0,875680448.0,M,1.0,23.0,engineer
634.0,288.0,3.0,879532917.0,M,1.0,35.0,other
244.0,929.0,5.0,879454383.0,M,1.0,27.0,technician
615.0,827.0,3.0,879466273.0,M,1.0,35.0,educator
498.0,762.0,4.0,879876825.0,F,0.0,40.0,librarian
796.0,672.0,4.0,884121037.0,F,0.0,26.0,writer
605.0,1232.0,3.0,880572716.0,M,1.0,26.0,programmer
90.0,684.0,3.0,891383451.0,M,1.0,52.0,educator
731.0,518.0,5.0,891363756.0,F,0.0,41.0,librarian
846.0,11.0,2.0,883950390.0,M,1.0,36.0,lawyer
23.0,732.0,5.0,876537900.0,M,1.0,30.0,artist
896.0,22.0,5.0,887640197.0,M,1.0,27.0,other
896.0,1046.0,5.0,881058100.0,M,1.0,27.0,writer
416.0,588.0,4.0,876403783.0,F,0.0,20.0,student
500.0,121.0,4.0,891351698.0,M,1.0,27.0,administrator
887.0,632.0,3.0,880134296.0,F,0.0,10.0,student
472.0,742.0,4.0,874953696.0,M,1.0,27.0,student
393.0,856.0,5.0,88973161614.0,M,1.0,18.0,student
354.0,8.0,5.0,891381204.0,F,0.0,29.0,librarian
194.0,710.0,4.0,879876811.0,M,1.0,35.0,administrator
807.0,782.0,3.0,875123826.0,F,0.0,41.0,healthcare
805.0,736.0,2.0,889236028.0,F,0.0,27.0,writer
244.0,8.0,3.0,878962539.0,M,1.0,27.0,technician
524.0,1330.0,4.0,888103906.0,M,1.0,49.0,educator
339.0,923.0,2.0,892776146.0,M,1.0,32.0,lawyer
731.0,516.0,3.0,875654831.0,M,1.0,23.0,entertainment
89.0,693.0,4.0,882956551.0,F,0.0,43.0,administrator
532.0,258.0,3.0,879793766.0,M,1.0,20.0,student
204.0,1060.0,3.0,886831374.0,M,1.0,49.0,programmer
259.0,7.0,4.0,891449767.0,M,1.0,21.0,student
417.0,1028.0,4.0,879362202.0,F,0.0,27.0,other
889.0,584.0,4.0,875247418.0,M,1.0,23.0,student
546.0,471.0,3.0,877399018.0,M,1.0,44.0,writer
125.0,678.0,4.0,879012898.0,M,1.0,28.0,lawyer
59.0,476.0,4.0,879111744.0,M,1.0,43.0,educator
648.0,64.0,2.0,884036365.0,M,1.0,39.0,engineer
535.0,697.0,2.0,887048308.0,F,0.0,48.0,marketing
274.0,748.0,4.0,879572581.0,F,0.0,20.0,student
303.0,1215.0,5.0,875243979.0,M,1.0,18.0,student
25.0,948.0,4.0,886481288.0,M,1.0,31.0,entertainment
406.0,690.0,4.0,879460604.0,F,0.0,46.0,educator
621.0,923.0,5.0,876534987.0,M,1.0,17.0,student
933.0,546.0,3.0,889739678.0,M,1.0,27.0,student
234.0,839.0,3.0,887736408.0,M,1.0,52.0,retired
913.0,541.0,5.0,887730706.0,M,1.0,26.0,student
378.0,528.0,3.0,880056347.0,M,1.0,32.0,student
807.0,1028.0,3.0,889492906.0,M,1.0,51.0,healthcare
643.0,629.0,3.0,878963086.0,M,1.0,35.0,scientist
682.0,423.0,4.0,875729667.0,M,1.0,23.0,programmer
752.0,697.0,4.0,877107491.0,M,1.0,50.0,other
889.0,328.0,4.0,8792206130.0,M,1.0,23.0,technician
716.0,12.0,3.0,883875092.0,F,0.0,36.0,administrator
305.0,661.0,2.0,886323525.0,M,1.0,23.0,student
174.0,662.0,4.0,878694219.0,M,1.0,30.0,administrator
497.0,514.0,2.0,874788290.0,M,1.0,20.0,student
541.0,514.0,5.0,884035994.0,F,0.0,18.0,student
624.0,565.0,2.0,880571838.0,M,1.0,18.0,student
301.0,628.0,4.0,882676333.0,M,1.0,23.0,student
298.0,11.0,4.0,884291843.0,M,1.0,39.0,executive
125.0,603.0,5.0,879463797.0,M,1.0,28.0,lawyer
387.0,663.0,3.0,886480446.0,M,1.0,31.0,entertainment
269.0,576.0,2.0,891354059.0,F,0.0,31.0,librarian
554.0,515.0,4.0,875973494.0,M,1.0,30.0,other
406.0,1176.0,4.0,879988663.0,M,1.0,46.0,educator
877.0,974.0,3.0,877106637.0,M,1.0,28.0,other
634.0,466.0,4.0,877017872.0,M,1.0,35.0,engineer
716.0,195.0,5.0,880242980.0,F,0.0,45.0,administrator
158.0,1217.0,5.0,879792387.0,M,1.0,44.0,educator
391.0,1223.0,3.0,882078250.0,M,1.0,23.0,artist
293.0,715.0,3.0,889180600.0,M,1.0,23.0,writer
655.0,566.0,3.0,884631032.0,F,0.0,50.0,healthcare
4.0,969.0,4.0,880993440.0,M,1.0,23.0,technician
569.0,591.0,4.0,878962988.0,M,1.0,25.0,educator
643.0,934.0,1.0,891394704.0,M,1.0,32.0,programmer
293.0,153.0,2.0,889502687.0,M,1.0,23.0,writer
840.0,762.0,4.0,875275957.0,M,1.0,35.0,artist
807.0,8.0,4.0,887161658.0,M,1.0,41.0,healthcare
459.0,748.0,3.0,882397502.0,M,1.0,29.0,student
535.0,651.0,4.0,879443446.0,F,0.0,35.0,educator
682.0,628.0,5.0,880332230.0,M,1.0,24.0,other
826.0,604.0,3.0,877387907.0,M,1.0,42.0,programmer
479.0,449.0,3.0,8798716983.0,M,1.0,27.0,administrator
881.0,719.0,2.0,878963276.0,M,1.0,28.0,other
476.0,1089.0,4.0,880347429.0,M,1.0,27.0,student
308.0,703.0,4.0,887745360.0,M,1.0,52.0,retired
287.0,679.0,2.0,876536240.0,M,1.0,31.0,salesman
897.0,474.0,4.0,875372981.0,M,1.0,28.0,other
738.0,523.0,4.0,884290625.0,M,1.0,32.0,engineer
617.0,382.0,3.0,888632431.0,M,1.0,23.0,student
788.0,645.0,4.0,885045295.0,M,1.0,45.0,administrator
339.0,492.0,5.0,891448630.0,M,1.0,26.0,lawyer
561.0,172.0,3.0,882157174.0,M,1.0,23.0,engineer
303.0,100.0,4.0,879554872.0,M,1.0,18.0,student
671.0,665.0,2.0,891385105.0,M,1.0,21.0,programmer
347.0,471.0,3.0,879793198.0,M,1.0,18.0,student
528.0,495.0,4.0,892696950.0,M,1.0,31.0,librarian
542.0,527.0,4.0,874866017.0,F,0.0,20.0,student
899.0,523.0,3.0,891353814.0,F,0.0,30.0,other
79.0,919.0,2.0,879898254.0,F,0.0,38.0,librarian
758.0,639.0,4.0,880844123.0,M,1.0,26.0,student
406.0,723.0,2.0,879876460.0,M,1.0,46.0,educator
716.0,692.0,4.0,878694403.0,M,1.0,32.0,administrator
592.0,569.0,4.0,879443731.0,M,1.0,31.0,educator
318.0,576.0,5.0,884498595.0,M,1.0,56.0,retired
940.0,679.0,4.0,884326461.0,M,1.0,30.0,administrator
222.0,531.0,3.0,876406354.0,M,1.0,27.0,programmer
210.0,1009.0,5.0,886609390.0,M,1.0,34.0,executive
896.0,951.0,1.0,879875740.0,M,1.0,27.0,writer
15.0,521.0,2.0,881266595.0,F,0.0,49.0,educator
280.0,772.0,4.0,884292040.0,F,0.0,30.0,librarian
343.0,662.0,3.0,875271534.0,M,1.0,50.0,engineer
664.0,716.0,2.0,880343679.0,M,1.0,27.0,engineer
374.0,7.0,5.0,879379434.0,M,1.0,33.0,executive
422.0,736.0,4.0,875654655.0,F,0.0,25.0,entertainment
279.0,1135.0,4.0,878181653.0,M,1.0,31.0,programmer
585.0,896.0,4.0,879460243.0,M,1.0,45.0,educator
401.0,473.0,4.0,890862527.0,F,0.0,46.0,healthcare
900.0,514.0,4.0,891204295.0,F,0.0,53.0,retired
405.0,1040.0,4.0,889494411.0,F,0.0,22.0,healthcare
919.0,825.0,3.0,879461179.0,M,1.0,21.0,other
897.0,9.0,5.0,886272425.0,M,1.0,28.0,other
563.0,38.0,5.0,875224252.0,M,1.0,39.0,engineer
279.0,12.0,5.0,875306814.0,M,1.0,31.0,programmer
287.0,684.0,4.0,875103971.0,M,1.0,31.0,salesman
605.0,216.0,1.0,879561804.0,M,1.0,21.0,student
299.0,875.0,2.0,886532701.0,M,1.0,27.0,doctor
537.0,744.0,3.0,876690076.0,M,1.0,28.0,engineer
821.0,483.0,5.0,874868765.0,M,1.0,18.0,student
537.0,926.0,4.0,879222584.0,M,1.0,28.0,librarian
634.0,752.0,4.0,891384544.0,M,1.0,35.0,engineer
145.0,508.0,4.0,875980677.0,M,1.0,29.0,entertainment
757.0,515.0,5.0,881957622.0,F,0.0,17.0,student
144.0,694.0,4.0,879446209.0,M,1.0,46.0,programmer
380.0,749.0,5.0,884753258.0,M,1.0,30.0,engineer
14.0,176.0,5.0,884132756.0,M,1.0,30.0,scientist
871.0,678.0,3.0,884121576.0,M,1.0,29.0,executive
378.0,1053.0,3.0,879440628.0,M,1.0,32.0,student
406.0,603.0,4.0,889737602.0,M,1.0,46.0,educator
469.0,13.0,2.0,888893918.0,F,0.0,22.0,other
651.0,181.0,4.0,891369355.0,M,1.0,44.0,other
174.0,591.0,4.0,887038172.0,F,0.0,30.0,administrator
744.0,288.0,5.0,884478171.0,M,1.0,29.0,student
85.0,172.0,2.0,879461448.0,M,1.0,45.0,educator
731.0,523.0,4.0,888082636.0,F,0.0,50.0,educator
313.0,662.0,3.0,8794390863.0,M,1.0,37.0,marketing
122.0,476.0,3.0,885941153.0,F,0.0,40.0,writer
472.0,546.0,4.0,875654628.0,M,1.0,23.0,student
769.0,751.0,4.0,879453420.0,M,1.0,30.0,administrator
655.0,4.0,4.0,884478171.0,F,0.0,50.0,healthcare
234.0,463.0,3.0,884478165.0,M,1.0,52.0,retired
913.0,1031.0,5.0,882669824.0,M,1.0,26.0,student
676.0,12.0,2.0,892778565.0,M,1.0,28.0,programmer
538.0,176.0,4.0,882064200.0,M,1.0,39.0,engineer
497.0,708.0,2.0,874830534.0,M,1.0,20.0,student
535.0,9.0,2.0,879875064.0,F,0.0,44.0,educator
290.0,64.0,4.0,880572776.0,M,1.0,36.0,engineer
844.0,168.0,3.0,889028773.0,M,1.0,22.0,engineer
435.0,605.0,4.0,885848886.0,M,1.0,23.0,engineer
387.0,13.0,5.0,886483390.0,M,1.0,31.0,entertainment
380.0,286.0,4.0,876402682.0,M,1.0,30.0,engineer
621.0,1028.0,3.0,874787585.0,M,1.0,17.0,student
833.0,591.0,1.0,875310150.0,M,1.0,23.0,other
788.0,461.0,3.0,880931546.0,F,0.0,45.0,administrator
299.0,732.0,5.0,884461888.0,M,1.0,36.0,doctor
299.0,752.0,4.0,877399380.0,M,1.0,27.0,doctor
615.0,514.0,3.0,879442810.0,M,1.0,35.0,educator
543.0,234.0,4.0,883441346.0,M,1.0,25.0,scientist
551.0,257.0,3.0,891293521.0,M,1.0,24.0,programmer
561.0,815.0,4.0,878693494.0,M,1.0,23.0,student
274.0,183.0,3.0,880604252.0,F,0.0,20.0,student
442.0,1521.0,3.0,882360294.0,M,1.0,22.0,student
109.0,478.0,4.0,877387946.0,M,1.0,27.0,other
200.0,748.0,4.0,875107779.0,M,1.0,36.0,programmer
932.0,477.0,5.0,879442684.0,M,1.0,50.0,educator
640.0,121.0,4.0,874965706.0,M,1.0,20.0,student
716.0,603.0,1.0,879454650.0,F,0.0,36.0,administrator
269.0,684.0,4.0,891493523.0,F,0.0,31.0,librarian
334.0,82.0,4.0,891652258.0,M,1.0,30.0,librarian
541.0,815.0,5.0,882344678.0,F,0.0,23.0,programmer
303.0,709.0,5.0,879440940.0,M,1.0,18.0,student
708.0,69.0,3.0,879444742.0,F,0.0,46.0,librarian
870.0,662.0,3.0,876769374.0,M,1.0,22.0,student
327.0,527.0,5.0,882567100.0,M,1.0,24.0,student
880.0,544.0,5.0,880880071.0,M,1.0,11.0,student
328.0,708.0,4.0,891017872.0,M,1.0,45.0,administrator
361.0,744.0,4.0,879442787.0,M,1.0,22.0,student
102.0,7.0,4.0,875509833.0,M,1.0,35.0,programmer
288.0,823.0,4.0,887738408.0,M,1.0,31.0,marketing
514.0,795.0,5.0,886396653.0,M,1.0,26.0,programmer
504.0,682.0,4.0,878697763.0,F,0.0,40.0,writer
914.0,652.0,5.0,891415709.0,M,1.0,35.0,scientist
524.0,1161.0,3.0,879464394.0,M,1.0,49.0,educator
862.0,515.0,5.0,879304941.0,M,1.0,24.0,executive
741.0,778.0,4.0,888554600.0,M,1.0,22.0,student
437.0,585.0,4.0,888068032.0,F,0.0,27.0,other
21.0,679.0,3.0,888104116.0,M,1.0,25.0,writer
615.0,1179.0,2.0,875981269.0,M,1.0,35.0,educator
841.0,826.0,3.0,879447600.0,M,1.0,40.0,doctor
642.0,517.0,5.0,881266517.0,F,0.0,17.0,student
733.0,732.0,3.0,879435734.0,F,0.0,28.0,other
896.0,614.0,4.0,887165617.0,M,1.0,27.0,writer
456.0,941.0,3.0,888801814.0,M,1.0,23.0,technician
435.0,204.0,6.0,884133780.0,M,1.0,23.0,engineer
772.0,609.0,3.0,884648939.0,M,1.0,28.0,student
532.0,697.0,4.0,878439327.0,M,1.0,20.0,student
380.0,556.0,3.0,884111841.0,M,1.0,30.0,engineer
222.0,7.0,4.0,880777167.0,M,1.0,27.0,programmer
407.0,762.0,3.0,880397931.0,M,1.0,27.0,engineer
566.0,527.0,5.0,881108877.0,M,1.0,33.0,educator
82.0,622.0,5.0,887668325.0,M,1.0,44.0,programmer
554.0,611.0,4.0,880174407.0,M,1.0,39.0,educator
293.0,847.0,4.0,888885597.0,M,1.0,23.0,entertainment
916.0,575.0,4.0,882349170.0,M,1.0,26.0,programmer
344.0,588.0,5.0,891034414.0,F,0.0,30.0,librarian
886.0,484.0,4.0,880123671.0,M,1.0,20.0,student
889.0,526.0,1.0,880570071.0,M,1.0,23.0,technician
727.0,1034.0,5.0,889399745.0,M,1.0,22.0,student
894.0,879.0,4.0,881699182.0,M,1.0,42.0,educator
330.0,5.0,3.0,887741253.0,F,0.0,35.0,educator
682.0,708.0,2.0,879539794.0,F,0.0,23.0,programmer
653.0,11.0,4.0,878149148.0,M,1.0,29.0,executive
840.0,715.0,4.0,882426718.0,M,1.0,35.0,artist
450.0,949.0,2.0,879441452.0,F,0.0,35.0,educator
899.0,526.0,5.0,883949380.0,M,1.0,30.0,other
23.0,174.0,3.0,891384947.0,F,0.0,30.0,artist
629.0,496.0,4.0,879949212.0,M,1.0,28.0,other
374.0,294.0,5.0,880242280.0,M,1.0,33.0,executive
250.0,478.0,3.0,878972237.0,M,1.0,27.0,executive
846.0,449.0,3.0,883950791.0,M,1.0,26.0,lawyer
894.0,523.0,4.0,875216507.0,M,1.0,42.0,programmer
852.0,781.0,4.0,879193794.0,F,0.0,51.0,administrator
387.0,735.0,2.0,886480789.0,M,1.0,31.0,entertainment
864.0,9.0,3.0,875460122.0,M,1.0,26.0,programmer
773.0,5.0,3.0,888104471.0,M,1.0,20.0,student
66.0,679.0,1.0,876536252.0,M,1.0,18.0,student
406.0,9.0,3.0,879469927.0,M,1.0,46.0,educator
871.0,705.0,5.0,884125907.0,M,1.0,23.0,executive
130.0,11.0,5.0,881374086.0,M,1.0,20.0,none
936.0,685.0,4.0,874786930.0,M,1.0,39.0,engineer
409.0,939.0,4.0,881107772.0,M,1.0,42.0,administrator
318.0,829.0,4.0,887737171.0,M,1.0,52.0,retired
363.0,825.0,4.0,879453800.0,M,1.0,20.0,student
139.0,210.0,4.0,889739586.0,M,1.0,20.0,student
90.0,589.0,3.0,891384911.0,M,1.0,52.0,educator
697.0,562.0,4.0,874950792.0,M,1.0,31.0,other
592.0,662.0,4.0,886832248.0,M,1.0,18.0,student
323.0,485.0,2.0,875979359.0,M,1.0,21.0,student
201.0,528.0,5.0,883948003.0,M,1.0,26.0,writer
815.0,651.0,4.0,882602866.0,F,0.0,30.0,other
94.0,690.0,4.0,891720757.0,M,1.0,25.0,student
719.0,181.0,2.0,879461739.0,M,1.0,20.0,student
717.0,7.0,1.0,884628389.0,M,1.0,22.0,student
35.0,1028.0,4.0,886030622.0,M,1.0,23.0,engineer
561.0,938.0,5.0,886028544.0,M,1.0,23.0,programmer
270.0,11.0,3.0,882904524.0,F,0.0,17.0,student
10.0,50.0,4.0,879304366.0,M,1.0,46.0,lawyer
190.0,1276.0,4.0,880573445.0,M,1.0,28.0,administrator
128.0,573.0,4.0,879454902.0,F,0.0,35.0,marketing
650.0,8.0,4.0,879444630.0,M,1.0,38.0,engineer
303.0,1028.0,3.0,888647711.0,M,1.0,18.0,student
456.0,739.0,4.0,891494126.0,M,1.0,42.0,technician
458.0,237.0,4.0,880139180.0,M,1.0,42.0,technician
314.0,1010.0,2.0,891545470.0,F,0.0,20.0,student
339.0,741.0,2.0,891038401.0,M,1.0,32.0,lawyer
7.0,941.0,3.0,884111760.0,F,0.0,50.0,other
489.0,117.0,1.0,889237297.0,M,1.0,23.0,other
222.0,554.0,4.0,875340940.0,M,1.0,27.0,programmer
846.0,7.0,4.0,883950970.0,M,1.0,26.0,educator
379.0,473.0,4.0,879456220.0,M,1.0,39.0,other
637.0,569.0,4.0,888888994.0,M,1.0,40.0,doctor
851.0,528.0,4.0,891264630.0,M,1.0,18.0,other
860.0,8.0,1.0,888067187.0,F,0.0,20.0,student
498.0,997.0,4.0,877808712.0,F,0.0,48.0,other
116.0,678.0,3.0,883348287.0,M,1.0,36.0,healthcare
669.0,50.0,3.0,891988521.0,M,1.0,34.0,educator
537.0,515.0,3.0,886031606.0,M,1.0,33.0,engineer
758.0,869.0,4.0,881976335.0,M,1.0,26.0,student
10.0,855.0,3.0,883948912.0,M,1.0,46.0,lawyer
846.0,288.0,2.0,884314977.0,M,1.0,26.0,lawyer
748.0,474.0,3.0,881169041.0,M,1.0,45.0,administrator
313.0,654.0,5.0,891195297.0,M,1.0,37.0,marketing
303.0,521.0,5.0,879539933.0,M,1.0,18.0,student
13.0,237.0,5.0,879899438.0,M,1.0,42.0,educator
655.0,7.0,1.0,880134333.0,F,0.0,50.0,healthcare
393.0,605.0,2.0,887739171.0,M,1.0,18.0,student
758.0,174.0,2.0,875288564.0,M,1.0,26.0,programmer
7.0,875.0,4.0,878918213.0,M,1.0,50.0,administrator
317.0,661.0,5.0,887745932.0,M,1.0,56.0,retired
14.0,589.0,2.0,875652568.0,M,1.0,40.0,engineer
328.0,12.0,4.0,885048666.0,M,1.0,45.0,administrator
239.0,651.0,4.0,889324370.0,M,1.0,52.0,executive
92.0,741.0,3.0,884141576.0,M,1.0,30.0,student
308.0,121.0,5.0,887745165.0,M,1.0,52.0,retired
533.0,751.0,3.0,891250242.0,M,1.0,39.0,librarian
109.0,237.0,5.0,880572611.0,M,1.0,27.0,other
708.0,98.0,2.0,884751098.0,M,1.0,26.0,homemaker
445.0,846.0,4.0,889179529.0,M,1.0,21.0,artist
648.0,719.0,3.0,887744065.0,M,1.0,39.0,engineer
21.0,889.0,4.0,887159502.0,M,1.0,25.0,writer
852.0,728.0,4.0,877005918.0,M,1.0,41.0,healthcare
551.0,728.0,4.0,891288574.0,M,1.0,24.0,programmer
416.0,117.0,3.0,885016641.0,F,0.0,20.0,student
796.0,979.0,3.0,888180012.0,F,0.0,32.0,writer
293.0,210.0,2.0,888907794.0,M,1.0,23.0,writer
332.0,9.0,4.0,886361737.0,M,1.0,20.0,student
795.0,1148.0,4.0,888523785.0,M,1.0,28.0,programmer
393.0,1053.0,4.0,889729539.0,M,1.0,18.0,student
222.0,728.0,4.0,877878342.0,M,1.0,27.0,programmer
897.0,7.0,1.0,889739327.0,M,1.0,28.0,other
694.0,1028.0,2.0,888521533.0,F,0.0,42.0,educator
486.0,39.0,5.0,882141816.0,F,0.0,50.0,educator
457.0,454.0,3.0,888069358.0,M,1.0,33.0,salesman
712.0,709.0,3.0,879466214.0,M,1.0,22.0,student
514.0,547.0,3.0,882385751.0,M,1.0,26.0,programmer
805.0,479.0,4.0,888637018.0,M,1.0,27.0,other
31.0,5.0,5.0,874812278.0,M,1.0,23.0,artist
85.0,7.0,1.0,879863616.0,M,1.0,45.0,educator
235.0,568.0,4.0,879458438.0,M,1.0,35.0,educator
751.0,518.0,4.0,879309971.0,F,0.0,24.0,other
655.0,11.0,3.0,884636967.0,F,0.0,50.0,healthcare
537.0,823.0,3.0,886030406.0,M,1.0,33.0,engineer
7.0,686.0,3.0,880180765.0,M,1.0,50.0,administrator
411.0,1130.0,3.0,891031688.0,M,1.0,31.0,educator
145.0,886.0,2.0,880604722.0,M,1.0,29.0,entertainment
5.0,877.0,4.0,891209285.0,M,1.0,33.0,other
85.0,15.0,3.0,877888905.0,M,1.0,45.0,educator
825.0,823.0,5.0,880332629.0,M,1.0,39.0,engineer
768.0,604.0,5.0,878769598.0,M,1.0,27.0,administrator
679.0,1060.0,4.0,885808973.0,F,0.0,42.0,homemaker
244.0,810.0,4.0,888444208.0,M,1.0,27.0,technician
401.0,473.0,4.0,879466863.0,F,0.0,46.0,healthcare
405.0,462.0,1.0,882141329.0,F,0.0,27.0,administrator
60.0,846.0,4.0,879793101.0,M,1.0,44.0,healthcare
392.0,719.0,4.0,879465569.0,M,1.0,46.0,writer
397.0,761.0,5.0,888905086.0,M,1.0,17.0,student
393.0,494.0,3.0,879446692.0,M,1.0,18.0,student
201.0,678.0,2.0,886609191.0,M,1.0,26.0,writer
72.0,294.0,5.0,888702450.0,F,0.0,22.0,administrator
160.0,614.0,2.0,878962717.0,M,1.0,26.0,programmer
707.0,22.0,5.0,891567840.0,F,0.0,56.0,librarian
862.0,709.0,2.0,875729588.0,M,1.0,24.0,executive
279.0,98.0,2.0,879521045.0,M,1.0,31.0,programmer
693.0,971.0,4.0,875272196.0,M,1.0,31.0,executive
62.0,591.0,3.0,879363786.0,F,0.0,29.0,administrator
638.0,708.0,4.0,884304585.0,M,1.0,40.0,engineer
632.0,934.0,5.0,878579712.0,F,0.0,17.0,student
181.0,678.0,4.0,89000468.0,M,1.0,33.0,executive
293.0,8.0,4.0,888907074.0,M,1.0,23.0,writer
118.0,474.0,3.0,879444581.0,M,1.0,21.0,administrator
210.0,515.0,5.0,878973363.0,M,1.0,35.0,engineer
293.0,56.0,3.0,888906146.0,M,1.0,23.0,writer
757.0,604.0,3.0,880134445.0,M,1.0,32.0,salesman
577.0,522.0,5.0,879446451.0,F,0.0,31.0,librarian
618.0,596.0,4.0,879466062.0,F,0.0,35.0,educator
561.0,976.0,4.0,888519153.0,M,1.0,23.0,programmer
880.0,12.0,3.0,880177156.0,M,1.0,11.0,student
840.0,1044.0,3.0,875270047.0,M,1.0,35.0,artist
940.0,484.0,1.0,883844240.0,M,1.0,30.0,administrator
883.0,5.0,4.0,891722562.0,M,1.0,43.0,librarian
774.0,926.0,5.0,878759473.0,M,1.0,25.0,student
451.0,646.0,4.0,885804508.0,M,1.0,16.0,student
840.0,873.0,4.0,891260796.0,M,1.0,35.0,artist
877.0,495.0,4.0,880868238.0,M,1.0,26.0,salesman
634.0,13.0,3.0,880402791.0,M,1.0,35.0,engineer
582.0,127.0,3.0,875246959.0,M,1.0,23.0,student
331.0,603.0,5.0,875652898.0,M,1.0,31.0,entertainment
58.0,498.0,4.0,891388082.0,M,1.0,26.0,programmer
387.0,496.0,3.0,886480325.0,M,1.0,31.0,entertainment
533.0,1228.0,4.0,881957681.0,F,0.0,44.0,homemaker
774.0,939.0,5.0,888639231.0,M,1.0,20.0,student
293.0,748.0,3.0,888907674.0,F,0.0,23.0,writer
748.0,649.0,4.0,889679739.0,M,1.0,27.0,other
422.0,513.0,5.0,875129816.0,M,1.0,18.0,entertainment
882.0,1037.0,4.0,879440700.0,M,1.0,43.0,administrator
478.0,828.0,4.0,889653780.0,M,1.0,28.0,student
650.0,735.0,5.0,880843589.0,M,1.0,38.0,engineer
782.0,12.0,5.0,879873929.0,F,0.0,21.0,artist
595.0,898.0,4.0,875128536.0,M,1.0,24.0,programmer
393.0,866.0,3.0,879361258.0,M,1.0,20.0,student
867.0,587.0,4.0,875344024.0,M,1.0,35.0,scientist
87.0,1185.0,1.0,888638025.0,M,1.0,25.0,other
670.0,7.0,4.0,888905005.0,M,1.0,23.0,technician
693.0,738.0,3.0,875384050.0,F,0.0,36.0,healthcare
327.0,549.0,5.0,877399805.0,M,1.0,22.0,student
256.0,634.0,3.0,883867393.0,F,0.0,35.0,none
553.0,633.0,5.0,887912462.0,M,1.0,50.0,educator
504.0,15.0,3.0,884477512.0,F,0.0,40.0,writer
13.0,50.0,5.0,886988018.0,M,1.0,42.0,educator
514.0,828.0,5.0,875320609.0,M,1.0,21.0,programmer
805.0,653.0,5.0,879875829.0,F,0.0,39.0,student
474.0,302.0,2.0,888521839.0,M,1.0,45.0,executive
1.0,15.0,5.0,891390688.0,M,1.0,26.0,technician
416.0,735.0,3.0,883216902.0,F,0.0,20.0,entertainment
682.0,554.0,3.0,875356546.0,M,1.0,23.0,programmer
411.0,604.0,4.0,875679851.0,M,1.0,31.0,educator
256.0,151.0,4.0,878148126.0,F,0.0,35.0,none
59.0,930.0,3.0,883323805.0,M,1.0,43.0,educator
308.0,56.0,4.0,887739489.0,M,1.0,52.0,retired
267.0,863.0,5.0,878962088.0,M,1.0,23.0,student
493.0,173.0,3.0,884992718.0,M,1.0,22.0,executive
116.0,518.0,2.0,884314976.0,M,1.0,48.0,healthcare
479.0,13.0,3.0,875216717.0,M,1.0,28.0,educator
936.0,658.0,2.0,878918213.0,M,1.0,23.0,other
896.0,294.0,4.0,876406495.0,M,1.0,27.0,writer
634.0,176.0,3.0,875242997.0,M,1.0,20.0,student
472.0,661.0,5.0,879793651.0,M,1.0,23.0,student
880.0,222.0,4.0,888067373.0,M,1.0,11.0,student
363.0,381.0,4.0,889729370.0,M,1.0,20.0,student
299.0,653.0,4.0,879445334.0,M,1.0,48.0,doctor
622.0,679.0,3.0,879012319.0,M,1.0,24.0,programmer
727.0,691.0,5.0,891864164.0,M,1.0,24.0,student
279.0,988.0,5.0,879463391.0,M,1.0,31.0,programmer
305.0,258.0,3.0,877389712.0,M,1.0,23.0,programmer
595.0,195.0,3.0,891655829.0,M,1.0,24.0,librarian
683.0,488.0,1.0,891496849.0,M,1.0,43.0,librarian
271.0,1.0,3.0,885828543.0,M,1.0,45.0,engineer
608.0,459.0,4.0,886607583.0,M,1.0,22.0,other
243.0,603.0,5.0,879978752.0,M,1.0,31.0,educator
833.0,546.0,2.0,879977313.0,M,1.0,31.0,writer
210.0,979.0,4.0,883530793.0,M,1.0,35.0,engineer
697.0,519.0,3.0,878963350.0,M,1.0,24.0,other
7.0,495.0,3.0,891032876.0,M,1.0,50.0,administrator
312.0,596.0,2.0,879874857.0,M,1.0,42.0,other
452.0,556.0,3.0,882955978.0,M,1.0,32.0,administrator
833.0,479.0,5.0,875310206.0,M,1.0,21.0,entertainment
751.0,202.0,5.0,879453414.0,F,0.0,24.0,other
661.0,7.0,3.0,888892016.0,M,1.0,23.0,programmer
840.0,517.0,3.0,891204264.0,M,1.0,35.0,artist
652.0,14.0,5.0,891033773.0,M,1.0,26.0,librarian
805.0,527.0,4.0,887912462.0,F,0.0,25.0,other
497.0,948.0,3.0,879793086.0,M,1.0,20.0,student
833.0,318.0,4.0,883250148.0,M,1.0,23.0,writer
699.0,993.0,4.0,880242897.0,M,1.0,40.0,other
757.0,191.0,3.0,875654620.0,F,0.0,26.0,other
669.0,709.0,3.0,886987288.0,M,1.0,34.0,other
711.0,631.0,4.0,885680124.0,M,1.0,25.0,other
177.0,50.0,5.0,879466607.0,M,1.0,20.0,student
416.0,12.0,2.0,885808934.0,F,0.0,20.0,student
64.0,715.0,4.0,879844459.0,M,1.0,30.0,educator
749.0,961.0,5.0,883255921.0,M,1.0,31.0,other
328.0,981.0,4.0,885046268.0,M,1.0,45.0,administrator
823.0,609.0,4.0,878089033.0,F,0.0,26.0,artist
588.0,423.0,4.0,889070091.0,M,1.0,40.0,writer
23.0,519.0,5.0,877107511.0,F,0.0,30.0,artist
405.0,974.0,2.0,879447710.0,F,0.0,22.0,healthcare
291.0,875.0,3.0,876537697.0,M,1.0,18.0,student
308.0,523.0,4.0,887735965.0,M,1.0,52.0,retired
325.0,928.0,4.0,891267035.0,M,1.0,42.0,technician
293.0,654.0,3.0,886322560.0,M,1.0,23.0,writer
495.0,1315.0,4.0,875745244.0,M,1.0,27.0,engineer
881.0,554.0,5.0,8765250110.0,M,1.0,35.0,marketing
293.0,8.0,3.0,88890781768.0,M,1.0,23.0,writer
181.0,633.0,4.0,877625368.0,M,1.0,25.0,administrator
871.0,652.0,5.0,884366537.0,M,1.0,29.0,executive
921.0,498.0,5.0,877112559.0,F,0.0,20.0,student
416.0,732.0,2.0,879441252.0,F,0.0,20.0,student
328.0,935.0,4.0,879012617.0,M,1.0,44.0,administrator
102.0,567.0,4.0,891370562.0,M,1.0,35.0,programmer
593.0,479.0,5.0,879436981.0,M,1.0,31.0,educator
758.0,788.0,5.0,887066695.0,M,1.0,21.0,student
294.0,578.0,4.0,879441043.0,M,1.0,38.0,technician
655.0,727.0,4.0,882157475.0,M,1.0,50.0,healthcare
75.0,98.0,5.0,875640329.0,M,1.0,23.0,entertainment
92.0,515.0,1.0,875263934.0,M,1.0,30.0,entertainment
455.0,684.0,4.0,879110544.0,F,0.0,28.0,administrator
332.0,245.0,5.0,879794655.0,M,1.0,20.0,student
847.0,234.0,4.0,878952676.0,M,1.0,28.0,other
279.0,479.0,3.0,888639886.0,M,1.0,31.0,programmer
634.0,9.0,3.0,880846794.0,M,1.0,35.0,engineer
514.0,144.0,4.0,880845244.0,M,1.0,26.0,programmer
326.0,773.0,3.0,885046773.0,M,1.0,47.0,administrator
378.0,1073.0,4.0,884992414.0,M,1.0,32.0,student
662.0,883.0,2.0,888104819.0,M,1.0,23.0,other
727.0,527.0,2.0,879542468.0,M,1.0,24.0,other
484.0,696.0,4.0,889731403.0,M,1.0,31.0,scientist
503.0,111.0,4.0,887667780.0,F,0.0,50.0,writer
279.0,288.0,1.0,8888978865.0,M,1.0,31.0,programmer
144.0,866.0,4.0,881957803.0,M,1.0,46.0,programmer
151.0,431.0,3.0,880844813.0,M,1.0,38.0,administrator
183.0,657.0,2.0,884121430.0,M,1.0,31.0,scientist
694.0,474.0,5.0,880907745.0,M,1.0,52.0,programmer
138.0,931.0,4.0,884463043.0,M,1.0,35.0,doctor
875.0,518.0,5.0,874830444.0,F,0.0,24.0,student
727.0,891.0,4.0,879362563.0,M,1.0,24.0,student
416.0,382.0,3.0,879441804.0,F,0.0,20.0,student
392.0,186.0,1.0,891033256.0,M,1.0,44.0,writer
14.0,687.0,3.0,889041812.0,M,1.0,40.0,scientist
697.0,819.0,1.0,886606628.0,M,1.0,24.0,other
151.0,7.0,4.0,879111946.0,M,1.0,38.0,administrator
144.0,300.0,4.0,887912240.0,M,1.0,44.0,programmer
933.0,1031.0,3.0,877832735.0,M,1.0,27.0,student
896.0,752.0,5.0,891033773.0,M,1.0,27.0,writer
757.0,651.0,3.0,879368564.0,M,1.0,24.0,student
110.0,1028.0,5.0,876405771.0,M,1.0,18.0,student
655.0,974.0,2.0,880402887.0,M,1.0,50.0,doctor
566.0,749.0,4.0,881653664.0,M,1.0,20.0,student
683.0,815.0,4.0,879447937.0,M,1.0,39.0,other
543.0,1060.0,4.0,883108195.0,F,0.0,31.0,other
880474235.0,762.0,3.0,880474235.0,M,1.0,11.0,student
59.0,7.0,5.0,879443468.0,M,1.0,43.0,educator
389.0,491.0,5.0,879562468.0,F,0.0,44.0,writer
435.0,4.0,4.0,884131058.0,M,1.0,23.0,engineer
416.0,744.0,1.0,882607461.0,F,0.0,20.0,student
834.0,449.0,4.0,876539051.0,M,1.0,25.0,student
346.0,176.0,3.0,891012426.0,M,1.0,38.0,other
543.0,678.0,4.0,878182891.0,M,1.0,23.0,engineer
716.0,972.0,4.0,891205199.0,M,1.0,41.0,administrator
374.0,751.0,4.0,879539901.0,M,1.0,33.0,executive
704.0,705.0,4.0,879446014.0,F,0.0,45.0,educator
137.0,568.0,4.0,879035580.0,M,1.0,44.0,educator
795.0,9.0,4.0,879454400.0,M,1.0,28.0,programmer
661.0,651.0,4.0,882360687.0,M,1.0,26.0,programmer
8.0,684.0,3.0,879467530.0,M,1.0,23.0,engineer
806.0,1148.0,1.0,882388574.0,M,1.0,26.0,marketing
161.0,121.0,3.0,885848886.0,M,1.0,44.0,writer
704.0,732.0,3.0,879538920.0,M,1.0,51.0,librarian
244.0,237.0,4.0,879439208.0,M,1.0,27.0,technician
718.0,1206.0,5.0,879442473.0,M,1.0,36.0,technician
152.0,566.0,4.0,882385278.0,F,0.0,49.0,educator
380.0,4.0,3.0,875982616.0,M,1.0,30.0,engineer
533.0,515.0,2.0,876402617.0,M,1.0,39.0,engineer
861.0,692.0,5.0,877887815.0,F,0.0,17.0,student
198.0,751.0,3.0,888806928.0,F,0.0,16.0,student
897.0,563.0,3.0,891014834.0,M,1.0,28.0,other
890.0,111.0,3.0,888068100.0,M,1.0,26.0,student
374.0,678.0,1.0,883601866.0,M,1.0,33.0,executive
374.0,489.0,3.0,880402350.0,M,1.0,33.0,executive
299.0,288.0,5.0,877399805.0,M,1.0,27.0,doctor
89.0,7.0,5.0,891447591.0,F,0.0,43.0,administrator
363.0,972.0,5.0,891497052.0,M,1.0,20.0,student
425.0,100.0,5.0,875654824.0,M,1.0,18.0,student
847.0,516.0,3.0,882385518.0,M,1.0,27.0,student
666.0,5.0,3.0,879310668.0,M,1.0,39.0,administrator
92.0,546.0,5.0,877131437.0,M,1.0,31.0,entertainment
759.0,1019.0,4.0,878962350.0,M,1.0,24.0,student
181.0,1008.0,3.0,878962792.0,M,1.0,25.0,engineer
268.0,709.0,5.0,875224252.0,M,1.0,23.0,engineer
845.0,692.0,3.0,884130261.0,M,1.0,38.0,executive
873.0,1049.0,5.0,875656735.0,M,1.0,20.0,student
659.0,258.0,4.0,880151466.0,M,1.0,29.0,executive
541.0,1527.0,2.0,891715112.0,F,0.0,18.0,student
592.0,468.0,5.0,880175007.0,M,1.0,18.0,student
527.0,479.0,4.0,891310069.0,M,1.0,31.0,librarian
94.0,486.0,3.0,888081911.0,M,1.0,25.0,student
663.0,697.0,1.0,882607945.0,M,1.0,25.0,other
249.0,181.0,5.0,892878250.0,M,1.0,24.0,artist
823.0,748.0,5.0,878438341.0,M,1.0,26.0,artist
431.0,676.0,4.0,881651859.0,M,1.0,30.0,student
731.0,749.0,2.0,885808906.0,F,0.0,20.0,other
407.0,234.0,4.0,884180753.0,M,1.0,27.0,engineer
879.0,659.0,4.0,884064688.0,M,1.0,28.0,student
130.0,528.0,5.0,876535778.0,M,1.0,20.0,none
862.0,872.0,5.0,875729489.0,F,0.0,29.0,executive
796.0,513.0,4.0,892960876.0,F,0.0,32.0,writer
328.0,582.0,5.0,891037524.0,M,1.0,38.0,administrator
488.0,523.0,4.0,879119579.0,M,1.0,42.0,administrator
234.0,210.0,4.0,892079617.0,M,1.0,52.0,retired
339.0,778.0,1.0,891037117.0,M,1.0,32.0,lawyer
381.0,741.0,4.0,877886912.0,M,1.0,31.0,artist
705.0,14.0,5.0,888639596.0,F,0.0,21.0,student
618.0,1056.0,4.0,882387055.0,F,0.0,11.0,student
406.0,687.0,4.0,879434766.0,M,1.0,46.0,educator
409.0,554.0,3.0,879366112.0,M,1.0,28.0,administrator
342.0,180.0,2.0,891203309.0,F,0.0,25.0,other
758.0,763.0,5.0,888522012.0,M,1.0,26.0,student
72.0,286.0,5.0,877107729.0,M,1.0,48.0,administrator
903.0,885.0,5.0,875242904.0,M,1.0,27.0,other
658.0,665.0,4.0,875984514.0,F,0.0,27.0,student
896.0,708.0,4.0,887659627.0,M,1.0,27.0,writer
664.0,931.0,4.0,888067334.0,M,1.0,25.0,executive
287.0,879.0,5.0,880929745.0,M,1.0,31.0,salesman
758.0,526.0,3.0,888632522.0,M,1.0,26.0,student
486.0,728.0,4.0,886322893.0,M,1.0,35.0,educator
194.0,471.0,3.0,879365058.0,M,1.0,35.0,administrator
374.0,678.0,4.0,882074956.0,M,1.0,33.0,executive
592.0,581.0,1.0,887739095.0,M,1.0,18.0,student
751.0,709.0,4.0,875103976.0,F,0.0,24.0,other
391.0,948.0,4.0,888640199.0,M,1.0,23.0,student
592.0,8.0,4.0,882349678.0,M,1.0,18.0,artist
825.0,890.0,2.0,881175241.0,M,1.0,39.0,engineer
58.0,523.0,4.0,884642478.0,M,1.0,26.0,programmer
665.0,477.0,4.0,876407059.0,M,1.0,23.0,programmer
679.0,748.0,3.0,885954261.0,M,1.0,17.0,student
868.0,993.0,3.0,875288994.0,M,1.0,21.0,other
864.0,79.0,3.0,879910098.0,M,1.0,26.0,programmer
270.0,511.0,4.0,876539069.0,F,0.0,17.0,student
500.0,8.0,1.0,884035839.0,M,1.0,27.0,administrator
280.0,956.0,2.0,891036414.0,F,0.0,30.0,librarian
291.0,678.0,2.0,874948476.0,M,1.0,18.0,student
653.0,7.0,4.0,880166753.0,M,1.0,29.0,executive
62.0,866.0,5.0,879446537.0,F,0.0,27.0,administrator
758.0,603.0,4.0,881975213.0,M,1.0,26.0,student
499.0,566.0,3.0,886989144.0,M,1.0,38.0,programmer
586.0,546.0,3.0,875346950.0,F,0.0,20.0,programmer
846.0,1089.0,4.0,891309322.0,M,1.0,26.0,lawyer
268.0,237.0,3.0,884132290.0,M,1.0,23.0,engineer
650.0,519.0,4.0,885156963.0,M,1.0,38.0,engineer
918.0,100.0,4.0,880606674.0,M,1.0,26.0,scientist
682.0,856.0,2.0,880332901.0,M,1.0,23.0,student
790.0,751.0,5.0,880139439.0,M,1.0,26.0,technician
116.0,173.0,3.0,875982724.0,F,0.0,50.0,healthcare
788.0,763.0,4.0,878539595.0,F,0.0,36.0,administrator
18.0,488.0,1.0,879901792.0,F,0.0,35.0,other
425.0,234.0,4.0,889728250.0,M,1.0,18.0,student
521.0,845.0,5.0,877399018.0,F,0.0,18.0,artist
671.0,732.0,3.0,882108398.0,M,1.0,21.0,other
22.0,519.0,3.0,8888904.0,M,1.0,25.0,writer
305.0,1419.0,3.0,886101695.0,M,1.0,23.0,programmer
913.0,703.0,5.0,888522016.0,M,1.0,26.0,programmer
7.0,15.0,2.0,880134296.0,M,1.0,50.0,administrator
145.0,97.0,3.0,875132416.0,M,1.0,29.0,entertainment
916.0,846.0,5.0,884132019.0,M,1.0,26.0,engineer
552.0,895.0,4.0,883948003.0,M,1.0,50.0,other
586.0,595.0,4.0,877886046.0,M,1.0,20.0,student
164.0,651.0,1.0,875463483.0,M,1.0,42.0,healthcare
58.0,712.0,4.0,884112245.0,M,1.0,26.0,programmer
361.0,881.0,3.0,880608739.0,M,1.0,22.0,student
393.0,484.0,5.0,888538760.0,M,1.0,18.0,student
883.0,576.0,4.0,891488424.0,M,1.0,43.0,writer
872.0,895.0,4.0,875263568.0,M,1.0,24.0,artist
13.0,662.0,4.0,887910552.0,M,1.0,42.0,educator
302.0,845.0,4.0,879442213.0,F,0.0,44.0,educator
835.0,513.0,4.0,884132414.0,M,1.0,27.0,librarian
864.0,12.0,3.0,888517904.0,M,1.0,26.0,programmer
318.0,975.0,3.0,886472799.0,M,1.0,56.0,retired
385.0,531.0,3.0,889078965.0,M,1.0,33.0,writer
90.0,522.0,5.0,875731450.0,M,1.0,52.0,educator
872.0,50.0,3.0,879544435.0,M,1.0,33.0,engineer
896.0,9.0,3.0,887161185.0,M,1.0,27.0,writer
343.0,879.0,4.0,876406391.0,M,1.0,39.0,engineer
707.0,527.0,5.0,891195347.0,M,1.0,56.0,librarian
222.0,522.0,3.0,877888812.0,M,1.0,27.0,programmer
868.0,744.0,4.0,875297464.0,M,1.0,21.0,programmer
523.0,735.0,3.0,880571950.0,M,1.0,29.0,administrator
109.0,117.0,3.0,887738760.0,M,1.0,27.0,other
279.0,956.0,3.0,875971953.0,M,1.0,31.0,programmer
650.0,100.0,4.0,891448382.0,M,1.0,38.0,engineer
645.0,64.0,4.0,891381572.0,M,1.0,26.0,programmer
293.0,774.0,5.0,888907674.0,M,1.0,23.0,student
499.0,940.0,4.0,883875241.0,M,1.0,38.0,programmer
796.0,566.0,4.0,882345004.0,F,0.0,32.0,writer
758.0,549.0,4.0,877399805.0,M,1.0,26.0,student
13.0,730.0,4.0,883348269.0,M,1.0,42.0,educator
782.0,202.0,4.0,891014278.0,F,0.0,21.0,artist
452.0,98.0,4.0,879362286.0,M,1.0,32.0,administrator
1.0,676.0,4.0,874863269.0,M,1.0,23.0,student
712.0,607.0,2.0,878183814.0,F,0.0,27.0,other
308.0,568.0,5.0,887736408.0,M,1.0,52.0,retired
405.0,823.0,4.0,886324457.0,M,1.0,22.0,student
194.0,523.0,4.0,879867432.0,M,1.0,35.0,administrator
486.0,1213.0,4.0,879876822.0,M,1.0,35.0,educator
727.0,684.0,3.0,874865616.0,M,1.0,24.0,student
650.0,869.0,5.0,891251199.0,M,1.0,36.0,engineer
208.0,531.0,2.0,879446209.0,M,1.0,39.0,engineer
472.0,463.0,3.0,879448768.0,M,1.0,23.0,student
610.0,7.0,4.0,884991081.0,M,1.0,53.0,student
514.0,709.0,3.0,882141816.0,M,1.0,26.0,programmer
684.0,831.0,2.0,891440562.0,M,1.0,27.0,other
116.0,748.0,3.0,879461492.0,F,0.0,36.0,healthcare
542.0,566.0,5.0,881654457.0,F,0.0,17.0,student
627.0,561.0,3.0,87936361205.0,M,1.0,23.0,programmer
533.0,518.0,3.0,891385074.0,F,0.0,39.0,librarian
854.0,98.0,3.0,883904209.0,M,1.0,28.0,student
650.0,7.0,3.0,891496757.0,M,1.0,38.0,engineer
847.0,678.0,2.0,885690600.0,M,1.0,26.0,student
655.0,403.0,3.0,889484415.0,M,1.0,50.0,healthcare
497.0,951.0,2.0,884366119.0,M,1.0,20.0,student
406.0,1014.0,5.0,891031933.0,M,1.0,46.0,educator
200.0,690.0,4.0,892336244.0,M,1.0,36.0,writer
883.0,1060.0,5.0,879442833.0,F,0.0,28.0,librarian
82.0,889.0,3.0,888908077.0,M,1.0,44.0,programmer
262.0,663.0,4.0,879440700.0,F,0.0,18.0,student
936.0,8.0,3.0,882078580.0,F,0.0,23.0,other
514.0,928.0,4.0,880242916.0,M,1.0,26.0,programmer
710.0,1016.0,4.0,891577872.0,F,0.0,41.0,technician
303.0,751.0,4.0,8795325968.0,M,1.0,18.0,student
536.0,805.0,3.0,877196567.0,M,1.0,35.0,engineer
215.0,553.0,3.0,8900045854.0,M,1.0,42.0,programmer
532.0,195.0,3.0,884634538.0,M,1.0,18.0,student
328.0,313.0,5.0,879448865.0,M,1.0,45.0,administrator
747.0,1287.0,4.0,889242572.0,M,1.0,18.0,other
321.0,300.0,5.0,880134532.0,F,0.0,49.0,educator
159.0,979.0,4.0,875086946.0,M,1.0,23.0,student
524.0,14.0,4.0,880149999.0,M,1.0,45.0,educator
892.0,732.0,4.0,884131147.0,M,1.0,33.0,other
393.0,172.0,5.0,889493818.0,M,1.0,18.0,student
409.0,880.0,4.0,879857797.0,M,1.0,42.0,administrator
727.0,474.0,5.0,882178345.0,M,1.0,24.0,student
795.0,431.0,4.0,882388475.0,M,1.0,28.0,programmer
5.0,661.0,2.0,878096633.0,F,0.0,36.0,marketing
417.0,1066.0,3.0,882350363.0,F,0.0,36.0,other
747.0,48.0,2.0,888802396.0,M,1.0,18.0,student
472.0,567.0,4.0,876403771.0,M,1.0,23.0,student
795.0,294.0,4.0,889416456.0,M,1.0,28.0,writer
770.0,496.0,4.0,874828827.0,M,1.0,27.0,student
807.0,755.0,2.0,879111705.0,F,0.0,41.0,healthcare
299.0,684.0,3.0,887736408.0,M,1.0,27.0,doctor
727.0,686.0,4.0,885849046.0,M,1.0,24.0,student
514.0,477.0,3.0,875542874.0,M,1.0,26.0,programmer
95.0,588.0,3.0,879454800.0,M,1.0,29.0,educator
795.0,661.0,2.0,888521179.0,M,1.0,25.0,writer
291.0,615.0,4.0,874785355.0,M,1.0,18.0,student
642.0,50.0,4.0,885048666.0,F,0.0,17.0,student
521.0,79.0,5.0,883713710.0,F,0.0,17.0,student
459.0,7.0,4.0,889292857.0,M,1.0,23.0,student
621.0,8.0,3.0,876032245.0,M,1.0,17.0,student
158.0,689.0,3.0,882385526.0,M,1.0,44.0,educator
195.0,615.0,4.0,87952378.0,M,1.0,38.0,scientist
454.0,64.0,4.0,889910195.0,M,1.0,30.0,librarian
21.0,288.0,3.0,878853958.0,M,1.0,25.0,writer
293.0,391.0,3.0,880404898.0,M,1.0,23.0,writer
634.0,447.0,3.0,885809377.0,M,1.0,35.0,engineer
296.0,631.0,4.0,879542404.0,F,0.0,43.0,administrator
326.0,64.0,4.0,879874792.0,M,1.0,37.0,administrator
299.0,7.0,2.0,883327799.0,M,1.0,27.0,healthcare
707.0,568.0,2.0,882345901.0,F,0.0,56.0,healthcare
851.0,781.0,3.0,880178019.0,M,1.0,20.0,other
882.0,15.0,4.0,882158025.0,M,1.0,33.0,engineer
458.0,631.0,5.0,880606614.0,M,1.0,42.0,technician
567.0,874.0,4.0,877719999.0,M,1.0,23.0,entertainment
13.0,1058.0,1.0,882359824.0,M,1.0,42.0,educator
201.0,9.0,5.0,884130261.0,M,1.0,26.0,writer
109.0,50.0,5.0,884992535.0,M,1.0,27.0,other
867.0,14.0,3.0,880055886.0,M,1.0,23.0,scientist
699.0,276.0,4.0,879949212.0,M,1.0,39.0,other
782.0,748.0,5.0,893218933.0,M,1.0,26.0,lawyer
534.0,821.0,3.0,885779928.0,M,1.0,22.0,student
804.0,1013.0,1.0,879447700.0,M,1.0,42.0,educator
537.0,462.0,3.0,879991816.0,F,0.0,28.0,other
455.0,556.0,4.0,879877004.0,M,1.0,42.0,administrator
889.0,100.0,4.0,888806086.0,M,1.0,23.0,technician
514.0,678.0,3.0,891384357.0,M,1.0,26.0,programmer
62.0,742.0,4.0,879192341.0,F,0.0,27.0,administrator
671.0,678.0,1.0,888452480.0,M,1.0,23.0,programmer
5.0,693.0,5.0,889415947.0,F,0.0,50.0,other
363.0,690.0,4.0,891209418.0,M,1.0,20.0,student
921.0,481.0,4.0,885678966.0,M,1.0,18.0,student
472.0,782.0,3.0,875140051.0,M,1.0,27.0,other
927.0,742.0,4.0,879361247.0,M,1.0,24.0,student
393.0,101.0,3.0,877458568.0,M,1.0,17.0,student
588.0,582.0,3.0,892696209.0,F,0.0,18.0,student
130.0,1068.0,4.0,880923863.0,M,1.0,20.0,none
747.0,11.0,3.0,878854167.0,M,1.0,18.0,other
843.0,546.0,4.0,877131042.0,M,1.0,30.0,scientist
653.0,651.0,1.0,887911777.0,M,1.0,45.0,executive
711.0,9.0,5.0,879874882.0,F,0.0,22.0,student
406.0,50.0,4.0,879467047.0,M,1.0,46.0,educator
234.0,546.0,4.0,892318450.0,M,1.0,52.0,retired
345.0,546.0,5.0,879432638.0,F,0.0,24.0,librarian
561.0,662.0,4.0,879898452.0,M,1.0,23.0,engineer
606.0,989.0,4.0,891293929.0,M,1.0,27.0,programmer
347.0,523.0,3.0,880177857.0,M,1.0,18.0,student
13.0,1139.0,4.0,884131484.0,M,1.0,42.0,educator
848.0,931.0,2.0,891369174.0,M,1.0,41.0,artist
244.0,1234.0,4.0,878693884.0,M,1.0,27.0,technician
666.0,471.0,3.0,879875934.0,M,1.0,39.0,entertainment
276.0,302.0,4.0,876538573.0,M,1.0,21.0,student
629.0,7.0,4.0,875271340.0,M,1.0,16.0,none
7.0,514.0,3.0,891352837.0,M,1.0,50.0,administrator
604.0,257.0,4.0,879441195.0,M,1.0,35.0,educator
347.0,486.0,5.0,882403039.0,M,1.0,18.0,student
207.0,515.0,3.0,875655889.0,M,1.0,35.0,marketing
767.0,9.0,2.0,875963039.0,M,1.0,23.0,student
554.0,1.0,4.0,880152840.0,M,1.0,30.0,educator
636.0,748.0,4.0,883948948.0,M,1.0,20.0,student
58.0,705.0,5.0,884120558.0,M,1.0,26.0,programmer
794.0,603.0,3.0,879465526.0,M,1.0,40.0,educator
756.0,678.0,4.0,891440569.0,M,1.0,30.0,none
889.0,663.0,4.0,878182683.0,M,1.0,23.0,other
682.0,715.0,3.0,877399018.0,M,1.0,23.0,student
13.0,471.0,5.0,891698646.0,M,1.0,42.0,librarian
276.0,515.0,4.0,878759758.0,M,1.0,21.0,student
846.0,168.0,4.0,885159825.0,M,1.0,26.0,artist
268.0,778.0,2.0,877833672.0,M,1.0,23.0,engineer
455.0,685.0,5.0,879446014.0,M,1.0,42.0,educator
13.0,515.0,4.0,878962086.0,M,1.0,42.0,educator
638.0,651.0,4.0,874787505.0,M,1.0,33.0,engineer
811.0,704.0,5.0,880139765.0,M,1.0,22.0,other
407.0,872.0,4.0,878972677.0,M,1.0,27.0,engineer
595.0,15.0,4.0,879444552.0,M,1.0,29.0,educator
561.0,471.0,4.0,880396968.0,M,1.0,23.0,programmer
621.0,827.0,3.0,883530312.0,M,1.0,17.0,student
279.0,1141.0,5.0,887066143.0,M,1.0,31.0,programmer
385.0,8.0,5.0,886446562.0,M,1.0,33.0,writer
405.0,742.0,3.0,884131478.0,M,1.0,22.0,engineer
810.0,1068.0,4.0,884111948.0,M,1.0,22.0,healthcare
866.0,516.0,3.0,884923592.0,M,1.0,23.0,scientist
435.0,9.0,4.0,884131736.0,M,1.0,23.0,engineer
774.0,841.0,4.0,882607906.0,M,1.0,58.0,executive
682.0,50.0,5.0,885690400.0,M,1.0,23.0,programmer
1.0,56.0,3.0,880572782.0,M,1.0,23.0,technician
234.0,708.0,4.0,892335501.0,M,1.0,52.0,retired
665.0,656.0,5.0,875243892.0,M,1.0,24.0,programmer
907.0,678.0,5.0,875982624.0,M,1.0,27.0,other
629.0,8.0,5.0,879192877.0,F,0.0,48.0,other
130.0,651.0,4.0,876402734.0,M,1.0,20.0,none
385.0,527.0,4.0,879455020.0,M,1.0,33.0,writer
592.0,781.0,2.0,884732437.0,M,1.0,18.0,student
930.0,713.0,2.0,889654971.0,F,0.0,28.0,librarian
921.0,687.0,4.0,886272537.0,M,1.0,17.0,student
280.0,683.0,3.0,891698951.0,F,0.0,40.0,librarian
452.0,678.0,4.0,888104456.0,M,1.0,32.0,administrator
450.0,174.0,4.0,891498038.0,F,0.0,35.0,educator
393.0,648.0,3.0,882827083.0,M,1.0,18.0,student
896.0,578.0,4.0,887161179.0,F,0.0,27.0,writer
932.0,751.0,1.0,891250748.0,M,1.0,50.0,educator
15.0,7.0,1.0,891045309.0,F,0.0,49.0,librarian
870.0,474.0,2.0,885852059.0,M,1.0,22.0,student
422.0,1.0,4.0,886475682.0,M,1.0,31.0,entertainment
374.0,819.0,2.0,878962168.0,M,1.0,33.0,executive
109.0,713.0,5.0,879362581.0,M,1.0,27.0,other
862.0,846.0,3.0,879779898.0,M,1.0,24.0,executive
181.0,8.0,4.0,879298206.0,M,1.0,25.0,executive
805.0,466.0,3.0,880483941.0,M,1.0,27.0,other
326.0,762.0,3.0,891449889.0,M,1.0,43.0,administrator
524.0,9.0,1.0,883390688.0,M,1.0,49.0,educator
694.0,708.0,2.0,885598765.0,M,1.0,42.0,writer
85.0,173.0,4.0,880314194.0,M,1.0,45.0,educator
645.0,880.0,5.0,880139327.0,M,1.0,26.0,marketing
314.0,294.0,5.0,877017713.0,F,0.0,20.0,student
749.0,288.0,5.0,875963235.0,M,1.0,31.0,other
669.0,823.0,1.0,875730243.0,M,1.0,34.0,other
279.0,11.0,3.0,885355646.0,M,1.0,31.0,programmer
269.0,479.0,1.0,891251507.0,F,0.0,31.0,librarian
158.0,605.0,3.0,884634577.0,M,1.0,44.0,educator
894.0,547.0,5.0,879111946.0,M,1.0,41.0,educator
311.0,476.0,5.0,880139432.0,M,1.0,30.0,technician
854.0,518.0,1.0,875731418.0,F,0.0,28.0,student
648.0,48.0,4.0,884637453.0,M,1.0,39.0,engineer
151.0,774.0,5.0,879171695.0,M,1.0,38.0,administrator
389.0,541.0,2.0,879446491.0,F,0.0,44.0,writer
650.0,795.0,4.0,891449287.0,M,1.0,35.0,engineer
886.0,547.0,4.0,883948873.0,M,1.0,20.0,student
900.0,546.0,3.0,889481662.0,M,1.0,53.0,retired
707.0,1205.0,4.0,875270007.0,F,0.0,21.0,student
593.0,628.0,5.0,879448881.0,M,1.0,31.0,educator
804.0,423.0,5.0,879443685.0,M,1.0,35.0,educator
533.0,4.0,4.0,891250584.0,F,0.0,39.0,librarian
234.0,1135.0,5.0,891369889.0,M,1.0,52.0,retired
437.0,286.0,5.0,882385526.0,F,0.0,27.0,other
934.0,514.0,3.0,887744392.0,F,0.0,27.0,student
902.0,688.0,2.0,892930438.0,F,0.0,48.0,artist
280.0,1342.0,3.0,891384332.0,M,1.0,30.0,librarian
399.0,895.0,4.0,888180018.0,M,1.0,24.0,other
445.0,697.0,5.0,891385673.0,M,1.0,21.0,writer
655.0,527.0,2.0,8863234.0,F,0.0,50.0,healthcare
876.0,1030.0,5.0,881037193.0,M,1.0,33.0,executive
18.0,697.0,3.0,879524291.0,F,0.0,35.0,other
486.0,705.0,3.0,879461386.0,M,1.0,35.0,educator
62.0,56.0,5.0,884992893.0,F,0.0,27.0,administrator
561.0,682.0,5.0,879530112.0,M,1.0,23.0,programmer
524.0,742.0,4.0,880134532.0,M,1.0,49.0,educator
738.0,604.0,3.0,880932294.0,M,1.0,32.0,administrator
347.0,673.0,4.0,880177435.0,M,1.0,18.0,student
213.0,684.0,4.0,891450197.0,M,1.0,34.0,executive
835.0,678.0,3.0,875806862.0,F,0.0,33.0,executive
749.0,313.0,4.0,875981942.0,M,1.0,31.0,other
782.0,10.0,3.0,892334141.0,M,1.0,21.0,artist
303.0,684.0,4.0,879459960.0,M,1.0,18.0,student
833.0,7.0,3.0,876042770.0,M,1.0,31.0,artist
750.0,472.0,4.0,880056524.0,M,1.0,27.0,administrator
405.0,153.0,3.0,886323522.0,F,0.0,22.0,healthcare
883.0,11.0,5.0,879448184.0,M,1.0,43.0,librarian
642.0,687.0,4.0,882340543.0,M,1.0,17.0,student
463.0,195.0,2.0,875972059.0,F,0.0,28.0,other
454.0,823.0,4.0,879969707.0,M,1.0,50.0,other
327.0,532.0,5.0,882826462.0,M,1.0,22.0,student
837.0,1161.0,3.0,892696983.0,M,1.0,26.0,artist
621.0,471.0,5.0,888103918.0,M,1.0,17.0,student
897.0,481.0,4.0,884732402.0,M,1.0,28.0,other
870.0,682.0,4.0,875217096.0,M,1.0,28.0,student
741.0,678.0,4.0,891294866.0,F,0.0,24.0,writer
532.0,8.0,3.0,883948221.0,M,1.0,20.0,student
234.0,518.0,5.0,892336003.0,M,1.0,52.0,retired
634.0,50.0,3.0,879456192.0,M,1.0,35.0,programmer
623.0,50.0,4.0,889912570.0,M,1.0,34.0,librarian
222.0,597.0,5.0,884287935.0,M,1.0,27.0,programmer
514.0,101.0,4.0,880313682.0,M,1.0,26.0,programmer
886.0,941.0,3.0,888068832.0,M,1.0,23.0,student
574.0,471.0,2.0,879445914.0,M,1.0,45.0,educator
10.0,121.0,5.0,891207829.0,M,1.0,46.0,lawyer
224.0,880.0,4.0,875970151.0,F,0.0,31.0,educator
7.0,659.0,3.0,879139539.0,F,0.0,48.0,administrator
711.0,269.0,5.0,888539794.0,F,0.0,22.0,other
684.0,1248.0,5.0,880572623.0,M,1.0,52.0,programmer
865.0,651.0,5.0,875963276.0,M,1.0,24.0,artist
393.0,648.0,5.0,884497445.0,M,1.0,18.0,student
715.0,867.0,5.0,879439283.0,M,1.0,30.0,technician
752.0,56.0,2.0,875503535.0,M,1.0,56.0,retired
151.0,591.0,5.0,879389981.0,F,0.0,38.0,administrator
807.0,1011.0,4.0,879444440.0,M,1.0,20.0,other
712.0,496.0,2.0,881106437.0,F,0.0,22.0,student
326.0,946.0,4.0,891364534.0,M,1.0,37.0,administrator
814.0,522.0,5.0,882686609.0,F,0.0,39.0,scientist
95.0,684.0,4.0,879572614.0,M,1.0,29.0,administrator
830.0,8.0,4.0,879453630.0,M,1.0,34.0,librarian
697.0,515.0,3.0,888104095.0,M,1.0,23.0,other
293.0,715.0,4.0,888807031.0,M,1.0,23.0,technician
234.0,741.0,2.0,892055191.0,M,1.0,52.0,retired
5.0,449.0,3.0,880166689.0,M,1.0,45.0,programmer
345.0,286.0,3.0,875966359.0,F,0.0,28.0,librarian
311.0,176.0,4.0,884141485.0,M,1.0,30.0,programmer
648.0,405.0,3.0,884365325.0,M,1.0,39.0,engineer
882.0,576.0,4.0,880242230.0,M,1.0,11.0,entertainment
342.0,498.0,5.0,874787756.0,F,0.0,25.0,other
718.0,948.0,4.0,880182692.0,M,1.0,22.0,technician
868.0,1044.0,4.0,891374977.0,M,1.0,32.0,programmer
393.0,9.0,4.0,874874475.0,M,1.0,18.0,student
279.0,742.0,4.0,891033794.0,M,1.0,31.0,programmer
271.0,9.0,5.0,882140530.0,M,1.0,39.0,engineer
489.0,974.0,4.0,880242218.0,F,0.0,27.0,other
943.0,7.0,5.0,879796430.0,M,1.0,22.0,student
758.0,682.0,1.0,887910294.0,M,1.0,26.0,student
42.0,12.0,4.0,88092786.0,M,1.0,28.0,administrator
645.0,1011.0,4.0,883326287.0,M,1.0,26.0,programmer
524.0,523.0,4.0,891485287.0,M,1.0,49.0,librarian
308.0,956.0,3.0,887741542.0,M,1.0,52.0,retired
216.0,508.0,2.0,879222543.0,M,1.0,22.0,engineer
774.0,15.0,4.0,885779503.0,M,1.0,28.0,student
13.0,476.0,4.0,878961668.0,M,1.0,42.0,educator
804.0,300.0,5.0,879786892.0,M,1.0,35.0,educator
307.0,662.0,2.0,880870156.0,M,1.0,24.0,student
514.0,656.0,5.0,885828773.0,M,1.0,26.0,programmer
625.0,895.0,3.0,880242729.0,M,1.0,26.0,programmer
13.0,558.0,4.0,881515112.0,M,1.0,42.0,educator
666.0,464.0,5.0,879454935.0,M,1.0,39.0,administrator
293.0,483.0,3.0,888906012.0,M,1.0,23.0,writer
109.0,735.0,4.0,887667515.0,M,1.0,27.0,other
618.0,628.0,3.0,891448265.0,M,1.0,11.0,student
106.0,826.0,4.0,891208185.0,M,1.0,59.0,retired
880.0,181.0,5.0,885828389.0,M,1.0,11.0,student
194.0,181.0,2.0,880931458.0,M,1.0,35.0,administrator
766.0,9.0,4.0,879874950.0,M,1.0,38.0,programmer
60.0,1098.0,4.0,883388609.0,M,1.0,44.0,healthcare
527.0,568.0,4.0,888104116.0,M,1.0,21.0,programmer
936.0,559.0,4.0,884134056.0,M,1.0,39.0,engineer
60.0,471.0,2.0,884314881.0,M,1.0,44.0,healthcare
671.0,13.0,1.0,874873703.0,M,1.0,21.0,programmer
572.0,683.0,4.0,887741553.0,F,0.0,18.0,student
541.0,879.0,4.0,884749343.0,M,1.0,18.0,student
592.0,1010.0,3.0,875056604.0,M,1.0,18.0,student
472.0,473.0,3.0,879529768.0,M,1.0,23.0,student
271.0,748.0,3.0,878881693.0,M,1.0,45.0,engineer
244.0,657.0,4.0,882385491.0,M,1.0,27.0,technician
391.0,684.0,4.0,888539512.0,M,1.0,23.0,student
450.0,568.0,3.0,882359310.0,F,0.0,35.0,educator
731.0,493.0,2.0,88774532553.0,F,0.0,18.0,other
620.0,889.0,4.0,886605813.0,F,0.0,17.0,student
798.0,237.0,5.0,893037694.0,F,0.0,31.0,other
473.0,474.0,5.0,879442547.0,M,1.0,22.0,student
757.0,472.0,4.0,889171677.0,M,1.0,26.0,student
711.0,527.0,3.0,888180018.0,F,0.0,22.0,student
393.0,176.0,2.0,889655820.0,M,1.0,18.0,student
152.0,518.0,4.0,881371659.0,F,0.0,49.0,educator
181.0,890.0,2.0,878759758.0,M,1.0,25.0,executive
537.0,748.0,5.0,877010112.0,M,1.0,33.0,engineer
487.0,597.0,3.0,879449089.0,M,1.0,22.0,engineer
97.0,585.0,3.0,879362202.0,M,1.0,39.0,administrator
846.0,1215.0,2.0,883948948.0,M,1.0,26.0,lawyer
614.0,258.0,3.0,883403563.0,F,0.0,27.0,writer
650.0,56.0,4.0,891249880.0,M,1.0,38.0,engineer
576.0,9.0,3.0,880177946.0,M,1.0,38.0,student
610.0,961.0,4.0,883708077.0,F,0.0,22.0,student
497.0,216.0,4.0,886028446.0,F,0.0,20.0,student
313.0,173.0,4.0,877131093.0,M,1.0,37.0,salesman
833.0,973.0,3.0,879119579.0,M,1.0,31.0,librarian
871.0,4.0,5.0,879111741.0,M,1.0,33.0,executive
268.0,983.0,3.0,889196630.0,M,1.0,23.0,engineer
655.0,566.0,4.0,884646411.0,F,0.0,50.0,healthcare
59.0,947.0,4.0,879197324.0,M,1.0,43.0,educator
425.0,527.0,2.0,888908030.0,M,1.0,18.0,student
654.0,473.0,4.0,887911977.0,F,0.0,27.0,student
667.0,8.0,2.0,879454939.0,M,1.0,31.0,other
62.0,1011.0,5.0,880844654.0,F,0.0,27.0,administrator
804.0,9.0,4.0,878182468.0,M,1.0,35.0,educator
837.0,257.0,3.0,875075243.0,M,1.0,28.0,artist
545.0,1032.0,3.0,879857956.0,M,1.0,44.0,librarian
305.0,489.0,5.0,886607904.0,M,1.0,23.0,student
697.0,472.0,5.0,880929356.0,M,1.0,29.0,other
14.0,549.0,5.0,877807780.0,M,1.0,35.0,scientist
716.0,517.0,5.0,879362536.0,F,0.0,36.0,administrator
44.0,522.0,3.0,878972781.0,M,1.0,25.0,executive
346.0,623.0,4.0,878972523.0,M,1.0,31.0,other
363.0,588.0,4.0,891478328.0,M,1.0,20.0,student
463.0,923.0,5.0,883326298.0,F,0.0,27.0,healthcare
297.0,603.0,2.0,874950232.0,M,1.0,29.0,educator
881.0,732.0,3.0,876532950.0,M,1.0,21.0,student
846.0,846.0,4.0,885479654.0,M,1.0,26.0,lawyer
9.0,652.0,4.0,876250582.0,F,0.0,27.0,other
233.0,476.0,3.0,882387756.0,M,1.0,35.0,engineer
615.0,676.0,5.0,879442435.0,M,1.0,35.0,educator
659.0,515.0,4.0,881547822.0,M,1.0,29.0,educator
840.0,527.0,5.0,891384400.0,M,1.0,37.0,artist
561.0,485.0,4.0,877759848.0,M,1.0,23.0,engineer
655.0,1011.0,5.0,886833794.0,F,0.0,50.0,healthcare
268.0,98.0,2.0,880332259.0,M,1.0,23.0,engineer
896.0,4.0,1.0,888103789.0,M,1.0,27.0,writer
836.0,1.0,4.0,880177978.0,M,1.0,23.0,artist
469.0,684.0,4.0,880131510.0,M,1.0,45.0,programmer
201.0,4.0,3.0,884111098.0,M,1.0,26.0,writer
622.0,725.0,5.0,891402353.0,M,1.0,26.0,programmer
455.0,546.0,5.0,879446014.0,M,1.0,42.0,administrator
299.0,1093.0,3.0,884135734.0,M,1.0,27.0,doctor
164.0,679.0,2.0,891698286.0,M,1.0,52.0,healthcare
805.0,300.0,4.0,880354347.0,F,0.0,28.0,other
699.0,742.0,5.0,875350418.0,M,1.0,39.0,other
491.0,489.0,5.0,879361475.0,M,1.0,39.0,writer
7.0,518.0,3.0,87987458475.0,M,1.0,45.0,administrator
178.0,734.0,5.0,887044272.0,M,1.0,25.0,other
774.0,1046.0,3.0,875981789.0,M,1.0,28.0,programmer
815.0,828.0,3.0,879111273.0,M,1.0,30.0,other
768.0,603.0,4.0,8809538.0,M,1.0,27.0,administrator
313.0,771.0,5.0,881305715.0,M,1.0,37.0,marketing
592.0,576.0,4.0,877399380.0,M,1.0,20.0,student
660.0,783.0,4.0,886392560.0,M,1.0,25.0,writer
447.0,477.0,4.0,885048666.0,M,1.0,27.0,administrator
532.0,926.0,4.0,877122680.0,M,1.0,20.0,student
330.0,519.0,3.0,891279174.0,F,0.0,35.0,artist
757.0,454.0,4.0,888893947.0,M,1.0,25.0,student
457.0,679.0,5.0,877087256.0,F,0.0,33.0,salesman
815.0,869.0,4.0,878962580.0,M,1.0,30.0,other
49.0,522.0,5.0,874781251.0,F,0.0,17.0,student
881.0,471.0,2.0,879443913.0,M,1.0,35.0,marketing
790.0,692.0,2.0,878697475.0,M,1.0,26.0,technician
615.0,696.0,4.0,879013921.0,M,1.0,35.0,educator
851.0,288.0,5.0,880056106.0,M,1.0,18.0,other
472.0,596.0,4.0,886987144.0,M,1.0,23.0,student
843.0,471.0,5.0,891436636.0,M,1.0,42.0,librarian
94.0,875.0,3.0,885828773.0,M,1.0,22.0,student
276.0,936.0,3.0,874789322.0,M,1.0,21.0,student
23.0,471.0,4.0,888640118.0,M,1.0,23.0,technician
405.0,498.0,1.0,879876685.0,F,0.0,27.0,doctor
532.0,1035.0,3.0,887746053.0,M,1.0,20.0,student
457.0,514.0,4.0,880134296.0,F,0.0,33.0,salesman
330.0,659.0,5.0,879443468.0,F,0.0,35.0,educator
666.0,735.0,3.0,891032888.0,M,1.0,39.0,administrator
393.0,732.0,3.0,879362606.0,M,1.0,18.0,student
244.0,1421.0,4.0,885809781.0,M,1.0,27.0,technician
194.0,1031.0,2.0,879298206.0,M,1.0,35.0,administrator
422.0,1074.0,4.0,877889186.0,M,1.0,30.0,entertainment
246.0,486.0,5.0,875037126.0,M,1.0,18.0,student
279.0,919.0,4.0,877386941.0,M,1.0,31.0,programmer
234.0,658.0,4.0,891696999.0,M,1.0,52.0,retired
301.0,11.0,3.0,882075841.0,M,1.0,23.0,student
263.0,679.0,3.0,884050803.0,M,1.0,37.0,programmer
618.0,8.0,5.0,879875432.0,F,0.0,11.0,student
864.0,742.0,4.0,875288482.0,M,1.0,26.0,programmer
903.0,1011.0,5.0,880246084.0,M,1.0,27.0,educator
387.0,481.0,3.0,886481736.0,M,1.0,31.0,entertainment
486.0,847.0,4.0,874965954.0,F,0.0,27.0,other
757.0,710.0,1.0,888632147.0,M,1.0,18.0,student
457.0,756.0,4.0,891699321.0,F,0.0,33.0,salesman
104.0,8.0,4.0,884124886.0,M,1.0,32.0,student
913.0,678.0,3.0,880869881.0,M,1.0,26.0,student
843.0,566.0,4.0,879111311.0,M,1.0,35.0,scientist
758.0,938.0,5.0,880123485.0,M,1.0,26.0,student
536.0,929.0,3.0,885844656.0,M,1.0,41.0,engineer
548.0,357.0,4.0,891698951.0,M,1.0,45.0,educator
647.0,961.0,3.0,884140748.0,M,1.0,44.0,executive
795.0,7.0,3.0,880870473.0,M,1.0,30.0,programmer
587.0,628.0,3.0,880605904.0,M,1.0,23.0,student
805.0,1027.0,4.0,883757703.0,F,0.0,27.0,other
234.0,1021.0,5.0,892333683.0,M,1.0,52.0,retired
655.0,679.0,3.0,883327442.0,F,0.0,50.0,healthcare
504.0,678.0,4.0,885044328.0,F,0.0,40.0,writer
782.0,763.0,5.0,888522178.0,F,0.0,23.0,artist
279.0,528.0,3.0,874873247.0,M,1.0,31.0,programmer
708.0,826.0,3.0,879848695.0,F,0.0,26.0,homemaker
437.0,7.0,4.0,886047234.0,F,0.0,27.0,other
13.0,496.0,3.0,878962620.0,M,1.0,31.0,educator
521.0,603.0,4.0,879875677.0,M,1.0,18.0,student
500.0,1290.0,2.0,879136436.0,M,1.0,27.0,administrator
311.0,478.0,4.0,884121097.0,M,1.0,30.0,librarian
642.0,294.0,5.0,884636182.0,F,0.0,17.0,student
125.0,559.0,2.0,88024242558.0,M,1.0,28.0,lawyer
195.0,7.0,4.0,879454622.0,M,1.0,28.0,scientist
393.0,546.0,4.0,879445372.0,M,1.0,18.0,student
85.0,883.0,4.0,87771919999.0,M,1.0,45.0,educator
474.0,854.0,3.0,879459958.0,M,1.0,39.0,executive
416.0,515.0,3.0,880392417.0,M,1.0,20.0,student
189.0,805.0,5.0,884131089.0,M,1.0,30.0,artist
110.0,657.0,5.0,880246535.0,M,1.0,20.0,student
561.0,955.0,4.0,886031577.0,M,1.0,23.0,engineer
640.0,514.0,2.0,888556969.0,M,1.0,20.0,student
234.0,754.0,4.0,874863269.0,M,1.0,52.0,retired
8.0,754.0,5.0,881107773.0,M,1.0,27.0,administrator
327.0,603.0,3.0,887742855.0,M,1.0,22.0,student
556.0,578.0,4.0,891209185.0,F,0.0,49.0,educator
869.0,546.0,5.0,879446411.0,M,1.0,22.0,student
671.0,173.0,4.0,887667525.0,M,1.0,24.0,programmer
782.0,1032.0,5.0,877131947.0,M,1.0,21.0,artist
311.0,615.0,3.0,88412122819.0,M,1.0,30.0,administrator
373.0,474.0,4.0,876042774.0,M,1.0,24.0,other
416.0,749.0,5.0,889179487.0,F,0.0,20.0,student
430.0,546.0,4.0,879876784.0,M,1.0,35.0,scientist
332.0,597.0,4.0,880939020.0,M,1.0,22.0,student
537.0,496.0,3.0,886030622.0,M,1.0,33.0,engineer
268.0,662.0,3.0,884642378.0,M,1.0,23.0,engineer
788.0,511.0,4.0,885048498.0,F,0.0,45.0,administrator
630.0,875.0,4.0,891035139.0,F,0.0,26.0,healthcare
648.0,974.0,3.0,884064389.0,M,1.0,39.0,engineer
435.0,7.0,3.0,884132587.0,M,1.0,23.0,engineer
930.0,659.0,3.0,879446808.0,F,0.0,29.0,administrator
58.0,628.0,4.0,875654799.0,M,1.0,26.0,programmer
456.0,151.0,5.0,889387917.0,M,1.0,26.0,technician
774.0,936.0,4.0,883711069.0,M,1.0,28.0,student
877.0,1028.0,4.0,879990865.0,M,1.0,28.0,other
347.0,627.0,3.0,880134966.0,M,1.0,18.0,student
889.0,828.0,3.0,875346546.0,M,1.0,23.0,technician
559.0,895.0,5.0,886486019.0,M,1.0,59.0,educator
527.0,7.0,3.0,888104162.0,M,1.0,23.0,other
665.0,615.0,2.0,876016667.0,M,1.0,28.0,programmer
624.0,896.0,2.0,875962783.0,M,1.0,39.0,executive
889.0,639.0,4.0,888104185.0,M,1.0,23.0,other
334.0,823.0,4.0,879380119.0,M,1.0,29.0,librarian
543.0,294.0,4.0,879445254.0,M,1.0,35.0,educator
89.0,691.0,2.0,891636162.0,F,0.0,39.0,librarian
159.0,685.0,2.0,882349678.0,M,1.0,23.0,student
174.0,1048.0,4.0,879899307.0,F,0.0,30.0,administrator
303.0,731.0,4.0,879446775.0,M,1.0,18.0,student
815.0,79.0,3.0,878154769.0,M,1.0,30.0,other
627.0,763.0,5.0,879454610.0,M,1.0,23.0,scientist
474.0,431.0,5.0,879441448.0,M,1.0,45.0,executive
130.0,615.0,4.0,886323464.0,M,1.0,20.0,student
653.0,181.0,4.0,891385913.0,F,0.0,29.0,executive
92.0,50.0,5.0,875464077.0,M,1.0,30.0,entertainment
500.0,762.0,5.0,883865383.0,M,1.0,27.0,administrator
380.0,692.0,5.0,883444515.0,M,1.0,30.0,engineer
711.0,875.0,4.0,888520810.0,F,0.0,22.0,other
514.0,679.0,4.0,875295534.0,M,1.0,26.0,programmer
892.0,484.0,5.0,884111774.0,M,1.0,33.0,other
268.0,521.0,5.0,877225726.0,M,1.0,23.0,engineer
254.0,846.0,2.0,884636911.0,M,1.0,39.0,educator
334.0,1042.0,1.0,891384368.0,M,1.0,30.0,librarian
152.0,1220.0,3.0,881373900.0,F,0.0,33.0,educator
347.0,8.0,5.0,883668352.0,M,1.0,18.0,student
22.0,831.0,2.0,889731388.0,M,1.0,18.0,writer
758.0,855.0,4.0,877881147.0,F,0.0,26.0,student
130.0,772.0,4.0,878696355.0,M,1.0,20.0,none
634.0,483.0,4.0,879447713.0,M,1.0,35.0,scientist
346.0,631.0,2.0,883777319.0,M,1.0,31.0,other
592.0,581.0,3.0,881515148.0,M,1.0,18.0,student
334.0,639.0,3.0,891547231.0,M,1.0,30.0,librarian
347.0,7.0,3.0,881653431.0,M,1.0,18.0,student
868.0,678.0,3.0,886398888.0,M,1.0,23.0,other
716.0,1186.0,3.0,888625927.0,F,0.0,36.0,executive
749.0,98.0,1.0,883108796.0,M,1.0,23.0,other
239.0,585.0,4.0,889484062.0,M,1.0,35.0,artist
288.0,9.0,3.0,884992335.0,M,1.0,31.0,marketing
332.0,508.0,2.0,880843314.0,M,1.0,20.0,student
454.0,9.0,4.0,889908571.0,M,1.0,29.0,librarian
222.0,222.0,1.0,877819673.0,M,1.0,27.0,programmer
262.0,763.0,4.0,874854127.0,F,0.0,18.0,student
151.0,578.0,3.0,879222086.0,F,0.0,38.0,administrator
479.0,762.0,2.0,879309725.0,M,1.0,23.0,student
665.0,7.0,5.0,878544021.0,M,1.0,24.0,administrator
135.0,294.0,3.0,879448498.0,M,1.0,30.0,student
773.0,9.0,5.0,875287717.0,F,0.0,21.0,student
291.0,486.0,4.0,883326599.0,M,1.0,18.0,student
848.0,568.0,2.0,882670837.0,M,1.0,31.0,scientist
925.0,746.0,4.0,879562974.0,M,1.0,22.0,student
890.0,748.0,4.0,888451574.0,M,1.0,44.0,other
246.0,472.0,4.0,880178019.0,M,1.0,18.0,student
293.0,1170.0,5.0,875299928.0,M,1.0,23.0,writer
744.0,111.0,3.0,880177978.0,M,1.0,25.0,executive
280.0,98.0,4.0,8858084.0,F,0.0,30.0,librarian
536.0,582.0,4.0,881172201.0,M,1.0,35.0,engineer
804.0,647.0,2.0,883444534.0,M,1.0,35.0,scientist
643.0,662.0,3.0,881653689.0,M,1.0,35.0,engineer
640.0,14.0,3.0,891407829.0,M,1.0,20.0,student
170.0,7.0,3.0,879454172.0,F,0.0,52.0,writer
422.0,15.0,3.0,889730106.0,M,1.0,15.0,student
374.0,959.0,3.0,886398778.0,M,1.0,33.0,executive
897.0,1114.0,4.0,876770227.0,M,1.0,28.0,other
269.0,654.0,3.0,891036781.0,M,1.0,31.0,librarian
339.0,471.0,3.0,892838980.0,M,1.0,32.0,writer
733.0,524.0,5.0,875963099.0,M,1.0,25.0,other
608.0,471.0,4.0,880843350.0,M,1.0,22.0,student
896.0,508.0,4.0,888803617.0,M,1.0,27.0,writer
405.0,889.0,4.0,884304540.0,F,0.0,22.0,healthcare
863.0,652.0,5.0,881288709.0,M,1.0,26.0,student
194.0,866.0,4.0,880180695.0,M,1.0,37.0,administrator
11.0,661.0,3.0,875297425.0,F,0.0,31.0,other
224.0,696.0,3.0,881660755.0,F,0.0,35.0,educator
130.0,10.0,5.0,882621608.0,M,1.0,20.0,none
790.0,4.0,3.0,891478529.0,M,1.0,26.0,technician
222.0,696.0,4.0,878972211.0,M,1.0,27.0,programmer
336.0,866.0,4.0,880821336.0,M,1.0,32.0,salesman
537.0,828.0,4.0,882608573.0,M,1.0,33.0,marketing
10.0,173.0,5.0,887738057.0,M,1.0,46.0,lawyer
553.0,9.0,4.0,879949087.0,M,1.0,50.0,educator
871.0,476.0,3.0,885016641.0,M,1.0,33.0,executive
727.0,694.0,4.0,884304734.0,M,1.0,24.0,student
635.0,518.0,5.0,876533980.0,M,1.0,27.0,other
897.0,873.0,2.0,878855782.0,F,0.0,27.0,other
486.0,663.0,4.0,879442830.0,M,1.0,35.0,educator
919.0,1445.0,3.0,876406671.0,M,1.0,24.0,other
393.0,742.0,4.0,880332037.0,M,1.0,23.0,student
280.0,632.0,3.0,891722262.0,M,1.0,30.0,librarian
897.0,568.0,2.0,876536861.0,M,1.0,27.0,other
250.0,1016.0,4.0,885810709.0,M,1.0,27.0,executive
468.0,14.0,3.0,884130261.0,M,1.0,27.0,engineer
851.0,1048.0,5.0,883713099.0,M,1.0,10.0,student
798.0,22.0,5.0,874953413.0,F,0.0,40.0,writer
195.0,897.0,2.0,885044716.0,M,1.0,38.0,scientist
655.0,745.0,1.0,884461837.0,F,0.0,50.0,healthcare
521.0,751.0,3.0,884495109.0,M,1.0,18.0,student
456.0,49.0,5.0,876536131.0,M,1.0,23.0,technician
660.0,653.0,3.0,875981654.0,M,1.0,25.0,student
867.0,472.0,5.0,880992671.0,M,1.0,23.0,scientist
116.0,528.0,4.0,881014906.0,F,0.0,36.0,healthcare
125.0,961.0,4.0,880579787.0,M,1.0,27.0,lawyer
890.0,328.0,5.0,880178123.0,M,1.0,22.0,student
695.0,521.0,4.0,892684536.0,M,1.0,24.0,programmer
450.0,15.0,4.0,879976525.0,F,0.0,35.0,artist
759.0,1051.0,5.0,882387159.0,M,1.0,20.0,other
472.0,923.0,5.0,880246077.0,M,1.0,23.0,student
135.0,1310.0,4.0,880573586.0,M,1.0,23.0,student
561.0,100.0,4.0,886310172.0,M,1.0,23.0,engineer
843.0,172.0,4.0,877910389.0,F,0.0,28.0,librarian
311.0,690.0,1.0,884128523.0,M,1.0,30.0,technician
682.0,936.0,4.0,877399805.0,M,1.0,23.0,programmer
871.0,100.0,5.0,875971437.0,M,1.0,33.0,executive
500.0,673.0,3.0,883865341.0,M,1.0,33.0,administrator
633.0,661.0,4.0,880134296.0,F,0.0,31.0,marketing
638.0,935.0,4.0,8821577831.0,M,1.0,40.0,engineer
930.0,568.0,3.0,880606665.0,M,1.0,35.0,scientist
707.0,949.0,2.0,879370107.0,F,0.0,56.0,librarian
488.0,732.0,4.0,888557683.0,M,1.0,42.0,librarian
254.0,591.0,4.0,879792914.0,M,1.0,34.0,educator
406.0,665.0,3.0,879446638.0,M,1.0,31.0,educator
567.0,195.0,3.0,879467295.0,M,1.0,31.0,educator
480.0,1273.0,4.0,885943685.0,M,1.0,22.0,administrator
458.0,939.0,4.0,885155165.0,M,1.0,42.0,technician
503.0,7.0,4.0,876536704.0,F,0.0,50.0,writer
276.0,479.0,3.0,891369190.0,M,1.0,20.0,student
90.0,678.0,2.0,885809356.0,M,1.0,52.0,educator
615.0,151.0,1.0,884149674.0,M,1.0,35.0,educator
642.0,604.0,4.0,878886989.0,F,0.0,18.0,student
1.0,979.0,4.0,891497534.0,M,1.0,42.0,technician
13.0,7.0,3.0,878941188.0,M,1.0,42.0,educator
847.0,1044.0,4.0,884065879.0,M,1.0,22.0,administrator
590.0,690.0,4.0,879439153.0,M,1.0,47.0,educator
145.0,748.0,3.0,875270006.0,M,1.0,29.0,entertainment
567.0,566.0,4.0,882426644.0,M,1.0,23.0,entertainment
1.0,705.0,1.0,885809356.0,M,1.0,23.0,technician
221.0,1228.0,5.0,879467046.0,M,1.0,18.0,student
621.0,761.0,4.0,891498293.0,M,1.0,11.0,student
401.0,690.0,4.0,884304561.0,F,0.0,22.0,healthcare
588.0,1028.0,5.0,882955582.0,M,1.0,17.0,student
896.0,708.0,4.0,889731733.0,M,1.0,27.0,other
708.0,661.0,4.0,880579787.0,F,0.0,26.0,student
343.0,10.0,2.0,888451064.0,M,1.0,39.0,engineer
705.0,582.0,2.0,874828816.0,F,0.0,21.0,student
399.0,874.0,5.0,880167965.0,M,1.0,24.0,other
648.0,874.0,3.0,885045101.0,M,1.0,39.0,engineer
95.0,931.0,5.0,879875986.0,M,1.0,29.0,administrator
738.0,15.0,4.0,885808484.0,M,1.0,32.0,technician
463.0,1169.0,4.0,884132653.0,F,0.0,49.0,healthcare
620.0,826.0,2.0,885682888.0,M,1.0,26.0,writer
454.0,661.0,4.0,889416730.0,M,1.0,50.0,other
447.0,692.0,3.0,879448014.0,M,1.0,27.0,other
846.0,996.0,4.0,892697290.0,M,1.0,26.0,lawyer
680.0,1033.0,4.0,879455091.0,M,1.0,28.0,lawyer
151.0,7.0,3.0,883755714.0,F,0.0,38.0,educator
823.0,8.0,4.0,886533995.0,M,1.0,27.0,artist
889.0,12.0,4.0,883949380.0,M,1.0,25.0,student
846.0,479.0,3.0,884623750.0,M,1.0,26.0,lawyer
336.0,877.0,4.0,879385112.0,M,1.0,32.0,salesman
417.0,48.0,3.0,889180747.0,F,0.0,27.0,other
363.0,735.0,4.0,891250791.0,M,1.0,20.0,student
889.0,749.0,4.0,880178797.0,M,1.0,23.0,technician
586.0,56.0,4.0,879876692.0,M,1.0,50.0,educator
374.0,486.0,3.0,878183046.0,M,1.0,33.0,executive
659.0,476.0,5.0,891031993.0,M,1.0,59.0,educator
933.0,745.0,4.0,879362203.0,M,1.0,27.0,other
893.0,515.0,3.0,879305386.0,M,1.0,24.0,writer
524.0,14.0,4.0,879467413.0,M,1.0,35.0,educator
712.0,751.0,4.0,891196230.0,M,1.0,22.0,student
774.0,12.0,3.0,880332922.0,M,1.0,28.0,student
327.0,735.0,4.0,887737210.0,M,1.0,22.0,student
1.0,7.0,3.0,889492688.0,M,1.0,23.0,technician
2.0,919.0,3.0,889235993.0,M,1.0,34.0,other
454.0,523.0,4.0,882387505.0,F,0.0,27.0,student
732.0,8.0,3.0,879875934.0,F,0.0,51.0,administrator
792.0,1073.0,5.0,879440106.0,M,1.0,28.0,marketing
860.0,659.0,5.0,884131811.0,M,1.0,24.0,other
622.0,508.0,5.0,892696676.0,M,1.0,24.0,programmer
503.0,771.0,5.0,889179545.0,F,0.0,50.0,writer
25.0,939.0,4.0,878846676.0,M,1.0,21.0,entertainment
12.0,541.0,4.0,888521833.0,F,0.0,29.0,other
38.0,276.0,3.0,891251014.0,F,0.0,35.0,artist
690.0,9.0,5.0,874730107.0,M,1.0,32.0,programmer
592.0,592.0,3.0,882696209.0,M,1.0,18.0,student
885.0,1079.0,3.0,879445273.0,F,0.0,30.0,other
373.0,7.0,3.0,874786950.0,F,0.0,24.0,administrator
479.0,845.0,5.0,879455556.0,M,1.0,28.0,educator
83.0,934.0,3.0,880395079.0,M,1.0,48.0,marketing
899.0,651.0,3.0,882607690.0,M,1.0,30.0,writer
207.0,716.0,4.0,881172117.0,M,1.0,35.0,marketing
667.0,751.0,3.0,892784420.0,M,1.0,23.0,programmer
57.0,518.0,5.0,884883026.0,M,1.0,16.0,none
622.0,100.0,4.0,879460041.0,M,1.0,31.0,programmer
704.0,889.0,4.0,879467023.0,M,1.0,36.0,educator
472.0,286.0,4.0,875365079.0,M,1.0,23.0,student
524.0,8.0,3.0,881374086.0,M,1.0,49.0,educator
865.0,690.0,3.0,875994066.0,M,1.0,24.0,artist
291.0,569.0,3.0,876534131.0,M,1.0,18.0,student
457.0,727.0,3.0,883947694.0,F,0.0,33.0,salesman
201.0,628.0,2.0,884365546.0,M,1.0,26.0,writer
804.0,288.0,2.0,886606790.0,M,1.0,35.0,educator
907.0,1011.0,4.0,887736272.0,F,0.0,26.0,other
682.0,972.0,5.0,875729667.0,M,1.0,23.0,programmer
932.0,511.0,3.0,876266938.0,M,1.0,50.0,educator
748.0,652.0,4.0,879891966.0,M,1.0,27.0,administrator
804.0,498.0,4.0,879456247.0,M,1.0,35.0,educator
75.0,679.0,3.0,884364465.0,M,1.0,26.0,marketing
276.0,468.0,5.0,877554988.0,M,1.0,21.0,student
486.0,1.0,1.0,879465273.0,M,1.0,35.0,educator
576.0,28.0,3.0,886047100.0,M,1.0,43.0,programmer
280.0,237.0,4.0,891409829.0,F,0.0,30.0,librarian
747.0,204.0,3.0,887742851.0,M,1.0,18.0,other
468.0,471.0,4.0,875287825.0,M,1.0,27.0,engineer
158.0,1028.0,5.0,882359859.0,M,1.0,44.0,educator
632.0,596.0,1.0,879440727.0,M,1.0,18.0,student
767.0,117.0,5.0,877107408.0,M,1.0,21.0,entertainment
545.0,645.0,2.0,880182531.0,M,1.0,23.0,technician
222.0,941.0,4.0,880134296.0,M,1.0,27.0,programmer
311.0,9.0,4.0,883326752.0,M,1.0,30.0,technician
268.0,603.0,4.0,875962466.0,M,1.0,23.0,engineer
194.0,830.0,4.0,879544352.0,M,1.0,35.0,administrator
716.0,144.0,4.0,879455020.0,F,0.0,36.0,administrator
659.0,740.0,3.0,879465654.0,M,1.0,29.0,educator
603.0,1047.0,3.0,879448604.0,M,1.0,22.0,student
253.0,742.0,5.0,877107720.0,F,0.0,26.0,writer
14.0,602.0,3.0,877386958.0,M,1.0,40.0,scientist
666.0,684.0,3.0,8914099.0,M,1.0,39.0,administrator
378.0,174.0,4.0,875652976.0,M,1.0,32.0,student
125.0,834.0,4.0,879958979.0,M,1.0,28.0,lawyer
864.0,22.0,3.0,884536604.0,M,1.0,26.0,programmer
360.0,489.0,4.0,886480583.0,M,1.0,45.0,other
145.0,733.0,4.0,875653536.0,M,1.0,29.0,entertainment
293.0,749.0,3.0,888907864.0,F,0.0,23.0,librarian
617.0,692.0,4.0,886029106.0,M,1.0,34.0,programmer
904.0,1020.0,5.0,879441652.0,M,1.0,35.0,educator
660.0,687.0,1.0,874953247.0,M,1.0,25.0,student
158.0,9.0,2.0,882064248.0,M,1.0,44.0,educator
279.0,1414.0,5.0,889407032.0,M,1.0,31.0,programmer
868.0,649.0,3.0,880477330.0,M,1.0,21.0,student
380.0,826.0,2.0,874953655.0,M,1.0,30.0,engineer
85.0,15.0,3.0,880844869.0,M,1.0,45.0,executive
896.0,11.0,3.0,885679504.0,M,1.0,27.0,programmer
562.0,748.0,4.0,879454172.0,F,0.0,54.0,administrator
860.0,210.0,5.0,884305353.0,M,1.0,70.0,retired
13.0,732.0,3.0,887740822.0,M,1.0,42.0,educator
889.0,659.0,3.0,882900047.0,M,1.0,30.0,other
521.0,559.0,4.0,886532213.0,M,1.0,18.0,student
642.0,1041.0,4.0,879876783.0,F,0.0,17.0,student
543.0,449.0,3.0,875123474.0,M,1.0,31.0,educator
455.0,523.0,4.0,880393708.0,M,1.0,42.0,administrator
707.0,521.0,3.0,885158635.0,F,0.0,56.0,librarian
799.0,132.0,4.0,888633488.0,M,1.0,21.0,writer
639.0,735.0,5.0,887738057.0,M,1.0,42.0,other
299.0,690.0,3.0,890287508.0,M,1.0,27.0,doctor
347.0,121.0,4.0,881650139.0,M,1.0,18.0,student
95.0,288.0,3.0,879485399.0,M,1.0,29.0,administrator
621.0,782.0,4.0,880871549.0,M,1.0,17.0,student
796.0,591.0,3.0,891303408.0,M,1.0,27.0,writer
399.0,685.0,4.0,8835334.0,M,1.0,24.0,other
450.0,875.0,4.0,881515597.0,F,0.0,35.0,educator
1.0,588.0,5.0,875982892.0,M,1.0,23.0,technician
10.0,9.0,4.0,891033282.0,M,1.0,46.0,lawyer
532.0,474.0,3.0,879465273.0,M,1.0,20.0,student
622.0,638.0,3.0,889241572.0,M,1.0,20.0,student
712.0,748.0,3.0,883870076.0,F,0.0,22.0,student
406.0,723.0,4.0,879441341.0,M,1.0,46.0,educator
727.0,186.0,5.0,879466423.0,M,1.0,24.0,student
559.0,654.0,4.0,892331859.0,M,1.0,24.0,student
843.0,515.0,4.0,879572557.0,M,1.0,32.0,librarian
532.0,972.0,3.0,879440628.0,M,1.0,20.0,student
194.0,646.0,3.0,879532903.0,M,1.0,35.0,administrator
152.0,678.0,5.0,881059057.0,F,0.0,33.0,educator
863.0,597.0,4.0,880134296.0,M,1.0,7.0,student
256.0,12.0,4.0,882677858.0,F,0.0,35.0,none
393.0,1042.0,3.0,888635445.0,M,1.0,18.0,student
716.0,286.0,3.0,879876691.0,M,1.0,35.0,administrator
123.0,516.0,2.0,883800016.0,M,1.0,26.0,artist
13.0,513.0,3.0,890663668.0,M,1.0,42.0,educator
615.0,151.0,3.0,879899150.0,M,1.0,35.0,educator
749.0,831.0,5.0,890769374.0,M,1.0,25.0,other
435.0,577.0,3.0,882182875.0,M,1.0,23.0,engineer
933.0,845.0,2.0,891694174.0,M,1.0,27.0,librarian
454.0,7.0,4.0,879435598.0,F,0.0,50.0,other
648.0,634.0,3.0,879439728.0,M,1.0,39.0,scientist
246.0,634.0,4.0,886950940.0,M,1.0,18.0,student
602.0,662.0,1.0,879446541.0,M,1.0,22.0,writer
82.0,584.0,4.0,879538218.0,M,1.0,44.0,writer
807.0,64.0,2.0,891385079.0,M,1.0,41.0,healthcare
773.0,546.0,4.0,881650524.0,M,1.0,20.0,student
405.0,985.0,1.0,884365886.0,F,0.0,22.0,healthcare
916.0,463.0,2.0,887032466.0,M,1.0,26.0,engineer
755.0,741.0,4.0,879865218.0,M,1.0,26.0,student
643.0,584.0,4.0,891384606.0,M,1.0,35.0,scientist
595.0,1225.0,3.0,879362609.0,M,1.0,24.0,student
323.0,492.0,3.0,874831607.0,M,1.0,21.0,student
311.0,486.0,3.0,877533567.0,F,0.0,30.0,technician
860.0,9.0,3.0,884498366.0,M,1.0,44.0,retired
796.0,479.0,3.0,879556655.0,F,0.0,40.0,writer
6.0,1.0,5.0,889731088.0,M,1.0,42.0,executive
399.0,878.0,4.0,887745410.0,M,1.0,24.0,other
843.0,471.0,2.0,879443801.0,M,1.0,20.0,librarian
876.0,100.0,4.0,887912382.0,M,1.0,33.0,executive
773.0,943.0,4.0,888538980.0,M,1.0,20.0,student
194.0,4.0,3.0,879365086.0,M,1.0,35.0,administrator
601.0,15.0,3.0,891304939.0,F,0.0,18.0,artist
496.0,847.0,3.0,879467432.0,M,1.0,25.0,other
833.0,588.0,3.0,884628284.0,M,1.0,42.0,other
655.0,98.0,4.0,886472291.0,F,0.0,50.0,healthcare
669.0,237.0,3.0,886988313.0,M,1.0,24.0,educator
714.0,975.0,3.0,888068143.0,M,1.0,21.0,student
846.0,611.0,3.0,883948221.0,M,1.0,27.0,other
200.0,1074.0,4.0,875246560.0,M,1.0,36.0,programmer
97.0,447.0,5.0,892696757.0,M,1.0,39.0,artist
130.0,672.0,5.0,875072754.0,M,1.0,20.0,none
104.0,462.0,5.0,875280518.0,M,1.0,26.0,programmer
682.0,889.0,3.0,880925199.0,M,1.0,23.0,programmer
546.0,878.0,4.0,877802280.0,M,1.0,45.0,writer
318.0,658.0,3.0,884921706.0,M,1.0,56.0,retired
655.0,518.0,3.0,883326497.0,M,1.0,50.0,healthcare
210.0,174.0,5.0,884134049.0,M,1.0,35.0,engineer
334.0,595.0,5.0,891548738.0,M,1.0,30.0,librarian
790.0,514.0,5.0,888451781.0,M,1.0,36.0,artist
682.0,521.0,3.0,888069536.0,M,1.0,23.0,programmer
660.0,328.0,4.0,880346540.0,M,1.0,25.0,student
919.0,656.0,4.0,876534025.0,M,1.0,24.0,other
880.0,151.0,4.0,889078972.0,M,1.0,27.0,other
773.0,56.0,5.0,888540307.0,M,1.0,20.0,student
463.0,928.0,4.0,879365058.0,F,0.0,44.0,healthcare
110.0,748.0,3.0,880572581.0,M,1.0,18.0,student
676.0,654.0,2.0,875350125.0,M,1.0,28.0,programmer
839.0,484.0,2.0,879441043.0,F,0.0,36.0,librarian
554.0,474.0,4.0,879461453.0,M,1.0,45.0,educator
99.0,1008.0,3.0,874863187.0,M,1.0,20.0,student
618.0,679.0,3.0,877807461.0,M,1.0,24.0,other
347.0,1047.0,3.0,881654419.0,M,1.0,18.0,student
236.0,678.0,3.0,891209160.0,F,0.0,44.0,writer
293.0,95.0,5.0,886323115.0,M,1.0,23.0,writer
346.0,554.0,5.0,875216978.0,M,1.0,31.0,other
840.0,514.0,3.0,891391191.0,M,1.0,30.0,artist
308.0,847.0,4.0,887744328.0,M,1.0,52.0,retired
85.0,751.0,3.0,879454935.0,M,1.0,45.0,educator
694.0,541.0,5.0,886480446.0,M,1.0,52.0,programmer
301.0,195.0,4.0,882075454.0,M,1.0,23.0,student
324.0,523.0,5.0,882390485.0,F,0.0,21.0,student
495.0,824.0,5.0,878344522.0,M,1.0,27.0,scientist
903.0,662.0,2.0,881188574.0,M,1.0,27.0,educator
83.0,603.0,2.0,875289170.0,M,1.0,36.0,other
479.0,333.0,4.0,879485399.0,M,1.0,28.0,educator
892.0,681.0,3.0,884129839.0,M,1.0,33.0,other
472.0,469.0,3.0,874874554.0,M,1.0,23.0,student
406.0,8.0,4.0,879449871.0,M,1.0,46.0,educator
501.0,294.0,3.0,881650690.0,M,1.0,22.0,student
551.0,568.0,5.0,882677857.0,M,1.0,24.0,programmer
110.0,979.0,2.0,886833084.0,M,1.0,18.0,student
425.0,934.0,5.0,875297068.0,M,1.0,18.0,student
450.0,514.0,4.0,881520136.0,F,0.0,35.0,educator
535.0,8.0,4.0,875350219.0,F,0.0,29.0,other
334.0,527.0,3.0,891548139.0,M,1.0,30.0,librarian
466.0,462.0,5.0,882826268.0,M,1.0,22.0,student
457.0,627.0,4.0,891033805.0,F,0.0,43.0,salesman
549.0,7.0,3.0,879378906.0,M,1.0,31.0,administrator
634.0,566.0,5.0,879454963.0,M,1.0,31.0,scientist
308.0,174.0,3.0,887748765.0,M,1.0,52.0,retired
92.0,514.0,5.0,877196428.0,M,1.0,30.0,entertainment
524.0,516.0,4.0,879786692.0,M,1.0,18.0,student
56.0,1117.0,3.0,8897888961.0,M,1.0,24.0,librarian
876.0,628.0,3.0,880474922.0,M,1.0,27.0,executive
379.0,174.0,2.0,884294722.0,M,1.0,39.0,programmer
387.0,521.0,3.0,886482489.0,M,1.0,31.0,entertainment
269.0,849.0,5.0,891548622.0,F,0.0,31.0,librarian
193.0,681.0,4.0,888518009.0,M,1.0,27.0,student
806.0,607.0,2.0,879540007.0,M,1.0,23.0,homemaker
183.0,949.0,3.0,874874636.0,M,1.0,31.0,scientist
326.0,294.0,4.0,879875334.0,M,1.0,37.0,administrator
851.0,603.0,5.0,882621980.0,M,1.0,18.0,other
894.0,751.0,4.0,880404665.0,M,1.0,42.0,educator
592.0,13.0,3.0,888638501.0,M,1.0,18.0,student
846.0,471.0,4.0,883948003.0,M,1.0,26.0,lawyer
318.0,479.0,3.0,884493523.0,M,1.0,56.0,retired
815.0,50.0,4.0,878191914.0,F,0.0,28.0,other
873.0,222.0,5.0,879793156.0,M,1.0,39.0,scientist
264.0,14.0,4.0,888518363.0,F,0.0,26.0,writer
130.0,176.0,5.0,891447336.0,M,1.0,20.0,none
883.0,663.0,3.0,891547301.0,M,1.0,44.0,librarian
561.0,881.0,3.0,875981234.0,M,1.0,23.0,programmer
655.0,1274.0,3.0,882679912.0,F,0.0,50.0,healthcare
643.0,762.0,3.0,891545950.0,M,1.0,35.0,engineer
62.0,589.0,4.0,879443446.0,F,0.0,28.0,administrator
659.0,1228.0,3.0,879444821.0,F,0.0,41.0,educator
738.0,11.0,3.0,880246077.0,M,1.0,32.0,technician
943.0,845.0,4.0,875654716.0,M,1.0,22.0,student
634.0,546.0,4.0,884751469.0,M,1.0,35.0,student
473.0,1141.0,4.0,884295938.0,M,1.0,50.0,healthcare
922.0,678.0,4.0,880571537.0,M,1.0,29.0,administrator
758.0,1039.0,1.0,880869419.0,M,1.0,26.0,student
125.0,538.0,2.0,887736408.0,M,1.0,28.0,lawyer
393.0,762.0,1.0,887737375.0,M,1.0,18.0,student
94.0,871.0,5.0,884495592.0,M,1.0,25.0,educator
807.0,1044.0,4.0,884636453.0,M,1.0,26.0,healthcare
39.0,946.0,5.0,889651538.0,M,1.0,18.0,student
109.0,294.0,3.0,880571248.0,M,1.0,27.0,other
321.0,498.0,4.0,891036431.0,F,0.0,49.0,educator
90.0,678.0,4.0,891035197.0,M,1.0,48.0,educator
406.0,609.0,4.0,882347917.0,M,1.0,46.0,educator
397.0,546.0,5.0,875318159.0,M,1.0,18.0,student
749.0,554.0,4.0,875972059.0,M,1.0,31.0,writer
82.0,127.0,4.0,876267294.0,M,1.0,27.0,programmer
101.0,655.0,2.0,879440787.0,M,1.0,20.0,student
699.0,744.0,3.0,888068066.0,M,1.0,39.0,other
13.0,531.0,4.0,879441442.0,M,1.0,42.0,educator
689.0,695.0,4.0,878940332.0,F,0.0,43.0,healthcare
201.0,449.0,2.0,888904696.0,M,1.0,26.0,writer
405.0,56.0,1.0,884364465.0,F,0.0,22.0,healthcare
374.0,518.0,3.0,879442451.0,M,1.0,33.0,executive
119.0,684.0,4.0,880869797.0,M,1.0,30.0,programmer
738.0,1207.0,4.0,880318415.0,M,1.0,32.0,technician
293.0,561.0,2.0,884124866.0,M,1.0,23.0,writer
524.0,1035.0,5.0,874787773.0,M,1.0,49.0,educator
7.0,12.0,3.0,879456075.0,M,1.0,32.0,other
349.0,1228.0,3.0,879454400.0,M,1.0,53.0,retired
721.0,689.0,1.0,882318124.0,M,1.0,24.0,entertainment
822.0,646.0,4.0,891034007.0,F,0.0,48.0,librarian
456.0,151.0,5.0,888551999.0,M,1.0,26.0,technician
417.0,845.0,4.0,878182348.0,F,0.0,27.0,other
85.0,11.0,2.0,877104550.0,M,1.0,45.0,educator
608.0,481.0,3.0,879440700.0,M,1.0,22.0,student
940.0,472.0,1.0,879461249.0,M,1.0,32.0,administrator
608.0,810.0,4.0,880809995.0,M,1.0,22.0,other
933.0,691.0,4.0,891384357.0,M,1.0,27.0,other
537.0,845.0,5.0,886031719.0,F,0.0,33.0,other
374.0,715.0,1.0,883708887.0,M,1.0,33.0,executive
391.0,661.0,1.0,883628605.0,M,1.0,23.0,student
172.0,735.0,5.0,883709266.0,M,1.0,48.0,engineer
932.0,689.0,5.0,879530172.0,M,1.0,50.0,educator
363.0,656.0,5.0,891217834.0,M,1.0,20.0,student
710.0,7.0,2.0,891012383.0,F,0.0,18.0,student
750.0,519.0,4.0,879875086.0,M,1.0,27.0,administrator
8.0,1068.0,4.0,891351848.0,M,1.0,50.0,administrator
851.0,4.0,3.0,877533424.0,M,1.0,18.0,other
189.0,1231.0,4.0,891367187.0,M,1.0,21.0,artist
189.0,523.0,2.0,875272974.0,M,1.0,30.0,artist
828.0,661.0,4.0,888555421.0,M,1.0,21.0,student
782.0,508.0,5.0,890670510.0,M,1.0,41.0,administrator
721.0,1223.0,2.0,878955396.0,M,1.0,24.0,programmer
486.0,528.0,4.0,879443775.0,M,1.0,35.0,educator
735.0,875.0,4.0,877107713.0,M,1.0,29.0,executive
305.0,498.0,4.0,883762527.0,M,1.0,23.0,programmer
85.0,79.0,5.0,879445374.0,M,1.0,45.0,educator
514.0,546.0,4.0,888703812.0,M,1.0,26.0,lawyer
804.0,393.0,4.0,879444901.0,M,1.0,35.0,educator
361.0,196.0,2.0,891723306.0,M,1.0,22.0,student
707.0,679.0,2.0,879539908.0,F,0.0,50.0,librarian
508.0,939.0,4.0,887744328.0,M,1.0,26.0,programmer
7.0,648.0,5.0,879876685.0,M,1.0,21.0,administrator
314.0,472.0,5.0,878972340.0,M,1.0,20.0,student
932.0,11.0,3.0,879539914.0,M,1.0,50.0,educator
458.0,111.0,2.0,884121472.0,M,1.0,42.0,technician
634.0,1118.0,4.0,878184834.0,F,0.0,35.0,marketing
311.0,676.0,5.0,883712518.0,M,1.0,30.0,technician
110.0,607.0,4.0,879444853.0,M,1.0,18.0,student
619.0,121.0,4.0,886398161.0,M,1.0,18.0,other
1.0,22.0,4.0,875729667.0,M,1.0,23.0,technician
224.0,597.0,5.0,875981788.0,F,0.0,31.0,educator
880.0,479.0,5.0,883710395.0,M,1.0,11.0,student
239.0,603.0,5.0,889731418.0,M,1.0,35.0,student
712.0,8.0,5.0,875332929.0,F,0.0,22.0,student
870.0,100.0,3.0,887068648.0,M,1.0,22.0,student
770.0,479.0,3.0,875509354.0,M,1.0,27.0,student
305.0,890.0,3.0,883602086.0,M,1.0,23.0,student
516.0,9.0,5.0,875656979.0,M,1.0,34.0,scientist
269.0,813.0,3.0,8914785991.0,M,1.0,31.0,librarian
695.0,1218.0,5.0,875332748.0,M,1.0,24.0,writer
741.0,521.0,5.0,892785164.0,F,0.0,24.0,writer
758.0,1207.0,3.0,883950791.0,M,1.0,26.0,student
13.0,7.0,3.0,884064349.0,M,1.0,42.0,educator
851.0,546.0,3.0,879441662.0,M,1.0,18.0,other
809.0,284.0,3.0,882318014.0,M,1.0,21.0,other
125.0,121.0,4.0,892335164.0,F,0.0,28.0,lawyer
104.0,633.0,4.0,880572951.0,M,1.0,26.0,student
887.0,684.0,4.0,879111353.0,F,0.0,10.0,student
280.0,721.0,3.0,891566952.0,F,0.0,30.0,librarian
579.0,742.0,5.0,880139464.0,M,1.0,44.0,educator
49.0,515.0,4.0,888068912.0,M,1.0,23.0,student
524.0,603.0,5.0,891017975.0,M,1.0,18.0,student
244.0,955.0,4.0,884315057.0,M,1.0,27.0,marketing
280.0,121.0,4.0,891654191.0,F,0.0,30.0,librarian
601.0,566.0,2.0,886272614.0,F,0.0,17.0,student
888.0,752.0,3.0,889121738.0,M,1.0,23.0,homemaker
871.0,678.0,3.0,880235770.0,M,1.0,29.0,executive
250.0,508.0,3.0,884126975.0,M,1.0,27.0,marketing
500.0,663.0,4.0,889241477.0,M,1.0,27.0,administrator
256.0,735.0,4.0,879454946.0,F,0.0,35.0,marketing
823.0,778.0,4.0,878438293.0,M,1.0,23.0,student
222.0,1021.0,5.0,879460604.0,M,1.0,27.0,programmer
886.0,974.0,5.0,875733933.0,M,1.0,20.0,student
881.0,963.0,3.0,883711059.0,M,1.0,35.0,marketing
224.0,826.0,4.0,880354347.0,F,0.0,27.0,student
796.0,511.0,3.0,874953594.0,F,0.0,32.0,writer
638.0,846.0,5.0,887042741.0,M,1.0,41.0,engineer
239.0,815.0,3.0,885480112.0,M,1.0,35.0,artist
234.0,939.0,4.0,891547746.0,F,0.0,31.0,librarian
13.0,1047.0,4.0,879195566.0,M,1.0,42.0,educator
374.0,863.0,3.0,880355347.0,M,1.0,33.0,executive
903.0,751.0,5.0,880869563.0,M,1.0,27.0,educator
409.0,523.0,4.0,879445783.0,M,1.0,42.0,administrator
592.0,941.0,2.0,879461553.0,M,1.0,18.0,other
694.0,8.0,3.0,879461654.0,M,1.0,45.0,educator
455.0,968.0,3.0,879445372.0,M,1.0,42.0,administrator
665.0,474.0,4.0,880572006.0,M,1.0,24.0,administrator
862.0,934.0,5.0,878366061.0,M,1.0,24.0,other
234.0,523.0,4.0,892079325.0,M,1.0,52.0,retired
249.0,756.0,3.0,879441300.0,M,1.0,24.0,student
455.0,15.0,4.0,879875612.0,M,1.0,42.0,administrator
255.0,22.0,4.0,882212584.0,M,1.0,23.0,entertainment
125.0,546.0,5.0,879465523.0,M,1.0,28.0,lawyer
758.0,928.0,4.0,880843461.0,M,1.0,26.0,student
160.0,482.0,2.0,887160273.0,M,1.0,26.0,programmer
450.0,549.0,2.0,8794357.0,F,0.0,35.0,educator
130.0,437.0,1.0,876533255.0,M,1.0,20.0,none
758.0,597.0,4.0,888104154.0,M,1.0,26.0,student
308.0,687.0,4.0,887740754.0,M,1.0,52.0,retired
435.0,928.0,3.0,884131404.0,M,1.0,23.0,engineer
899.0,595.0,5.0,888069611.0,M,1.0,30.0,other
345.0,1089.0,3.0,893219150.0,F,0.0,28.0,librarian
868.0,748.0,3.0,882140648.0,M,1.0,21.0,programmer
450.0,7.0,5.0,882063564.0,M,1.0,35.0,educator
514.0,732.0,4.0,875149534.0,M,1.0,26.0,programmer
758.0,11.0,3.0,880867371.0,M,1.0,26.0,student
104.0,526.0,5.0,879454086.0,M,1.0,26.0,student
648.0,471.0,3.0,885852370.0,M,1.0,39.0,engineer
532.0,709.0,1.0,880870873.0,M,1.0,20.0,student
125.0,632.0,4.0,887735965.0,M,1.0,28.0,lawyer
305.0,496.0,4.0,8886404.0,M,1.0,23.0,student
387.0,210.0,5.0,886481008.0,M,1.0,31.0,entertainment
109.0,1206.0,3.0,877109344.0,M,1.0,27.0,other
435.0,195.0,4.0,884305047.0,M,1.0,23.0,technician
389.0,472.0,4.0,879876811.0,F,0.0,43.0,writer
887.0,1012.0,4.0,882820686.0,M,1.0,11.0,other
110.0,496.0,3.0,881265372.0,M,1.0,18.0,student
588.0,658.0,5.0,888905356.0,F,0.0,17.0,student
6.0,568.0,4.0,879540051.0,M,1.0,45.0,executive
95.0,597.0,4.0,879147109.0,M,1.0,29.0,administrator
692.0,671.0,4.0,880871184.0,M,1.0,18.0,other
109.0,100.0,5.0,884110269.0,M,1.0,27.0,other
254.0,546.0,3.0,891364332.0,M,1.0,39.0,educator
592.0,756.0,5.0,878963097.0,M,1.0,18.0,student
472.0,531.0,5.0,879446936.0,M,1.0,23.0,student
515.0,515.0,4.0,879304741.0,M,1.0,44.0,educator
429.0,772.0,4.0,882387756.0,M,1.0,26.0,student
727.0,1087.0,3.0,877138895.0,M,1.0,24.0,student
195.0,82.0,3.0,888517730.0,M,1.0,39.0,scientist
766.0,12.0,3.0,878972333.0,M,1.0,28.0,other
833.0,509.0,2.0,891293681.0,M,1.0,31.0,writer
868.0,15.0,5.0,891205004.0,M,1.0,21.0,programmer
886.0,79.0,4.0,883711067.0,M,1.0,20.0,student
472.0,709.0,3.0,882055480.0,M,1.0,23.0,student
334.0,695.0,4.0,891409457.0,M,1.0,30.0,librarian
87.0,697.0,2.0,879454933.0,M,1.0,42.0,administrator
271.0,479.0,2.0,888625926.0,M,1.0,39.0,engineer
638.0,1085.0,3.0,891044192.0,M,1.0,42.0,librarian
627.0,736.0,5.0,882670827.0,M,1.0,23.0,engineer
860.0,288.0,4.0,887740424.0,M,1.0,43.0,retired
569.0,568.0,5.0,879792640.0,F,0.0,31.0,educator
474.0,1047.0,4.0,887911391.0,M,1.0,45.0,executive
773.0,1.0,3.0,888451436.0,M,1.0,25.0,student
855.0,576.0,3.0,882607700.0,M,1.0,28.0,other
653.0,810.0,3.0,892738286.0,M,1.0,24.0,other
606.0,98.0,5.0,875659851.0,M,1.0,27.0,programmer
634.0,746.0,4.0,878192901.0,M,1.0,35.0,scientist
164.0,431.0,4.0,884294733.0,M,1.0,42.0,healthcare
479.0,585.0,4.0,879485865.0,M,1.0,28.0,librarian
435.0,609.0,4.0,875289565.0,M,1.0,23.0,engineer
562.0,597.0,3.0,888892016.0,M,1.0,25.0,executive
222.0,495.0,4.0,876537697.0,M,1.0,27.0,programmer
346.0,566.0,5.0,874787737.0,M,1.0,31.0,other
930.0,684.0,4.0,879455150.0,M,1.0,40.0,doctor
194.0,569.0,3.0,879454901.0,M,1.0,35.0,administrator
904.0,684.0,2.0,891034766.0,F,0.0,49.0,educator
409.0,546.0,3.0,881106075.0,M,1.0,51.0,administrator
164.0,749.0,2.0,888104458.0,F,0.0,42.0,healthcare
243.0,939.0,4.0,879987294.0,M,1.0,31.0,educator
514.0,100.0,5.0,8858080962.0,M,1.0,26.0,student
145.0,748.0,5.0,880843579.0,M,1.0,29.0,entertainment
741.0,489.0,4.0,891960747.0,M,1.0,24.0,writer
429.0,1205.0,4.0,882386720.0,M,1.0,26.0,student
545.0,476.0,4.0,882995662.0,M,1.0,39.0,executive
160.0,735.0,2.0,879442892.0,M,1.0,26.0,programmer
210.0,144.0,4.0,875314370.0,M,1.0,35.0,engineer
870.0,488.0,5.0,885809781.0,M,1.0,22.0,student
37.0,989.0,5.0,879445045.0,M,1.0,23.0,student
833.0,685.0,3.0,887737210.0,M,1.0,31.0,writer
270.0,697.0,4.0,879443383.0,F,0.0,17.0,student
198.0,578.0,4.0,883698754.0,F,0.0,22.0,student
239.0,276.0,4.0,877975344.0,M,1.0,35.0,artist
663.0,496.0,4.0,888860575.0,M,1.0,28.0,other
188.0,628.0,4.0,880472426.0,M,1.0,38.0,student
435.0,896.0,4.0,880889553.0,M,1.0,23.0,engineer
887.0,879.0,3.0,876402653.0,F,0.0,10.0,student
561.0,528.0,5.0,886031474.0,M,1.0,33.0,engineer
870.0,671.0,4.0,883948395.0,M,1.0,22.0,student
453.0,1011.0,4.0,883326995.0,M,1.0,18.0,student
929.0,48.0,3.0,883326566.0,M,1.0,40.0,scientist
334.0,687.0,3.0,884128890.0,M,1.0,30.0,librarian
510.0,462.0,5.0,891297974.0,M,1.0,31.0,other
435.0,391.0,4.0,888103710.0,M,1.0,23.0,student
456.0,1016.0,3.0,877399618.0,M,1.0,23.0,technician
303.0,210.0,4.0,879543825.0,M,1.0,18.0,student
393.0,609.0,2.0,886398716.0,M,1.0,18.0,student
650.0,1032.0,4.0,891449356.0,M,1.0,38.0,engineer
514.0,813.0,4.0,888640196.0,M,1.0,27.0,other
897.0,829.0,5.0,887160270.0,M,1.0,28.0,other
334.0,496.0,4.0,891544254.0,M,1.0,30.0,librarian
535.0,875.0,4.0,879363571.0,M,1.0,35.0,educator
77.0,595.0,3.0,889728389.0,M,1.0,22.0,student
682.0,959.0,5.0,880569158.0,M,1.0,23.0,programmer
897.0,692.0,5.0,879532845.0,M,1.0,28.0,other
90.0,181.0,4.0,891721300.0,M,1.0,52.0,educator
523.0,976.0,3.0,889651558.0,M,1.0,42.0,administrator
881.0,472.0,5.0,879874975.0,M,1.0,35.0,marketing
234.0,993.0,3.0,892079769.0,M,1.0,52.0,retired
865.0,682.0,3.0,875246568.0,M,1.0,24.0,artist
833.0,1013.0,5.0,888067727.0,M,1.0,31.0,other
918.0,653.0,4.0,877550333.0,M,1.0,36.0,scientist
303.0,181.0,1.0,879445493.0,M,1.0,18.0,student
385.0,405.0,4.0,888904392.0,M,1.0,33.0,writer
327.0,828.0,4.0,887738373.0,M,1.0,22.0,student
5.0,619.0,4.0,885049039.0,F,0.0,44.0,homemaker
469.0,678.0,3.0,879459052.0,M,1.0,28.0,student
429.0,596.0,2.0,882397011.0,M,1.0,26.0,student
361.0,527.0,5.0,879786692.0,M,1.0,22.0,student
653.0,56.0,3.0,883601009.0,M,1.0,24.0,executive
604.0,1251.0,5.0,888539512.0,M,1.0,35.0,educator
327.0,523.0,1.0,884033015.0,M,1.0,22.0,student
344.0,7.0,4.0,883757259.0,F,0.0,30.0,librarian
126.0,815.0,5.0,881373086.0,M,1.0,31.0,none
655.0,855.0,2.0,884287556.0,F,0.0,50.0,healthcare
354.0,56.0,3.0,891457557.0,M,1.0,29.0,librarian
12.0,69.0,5.0,885809545.0,M,1.0,28.0,other
194.0,1091.0,3.0,879119260.0,M,1.0,35.0,administrator
654.0,495.0,4.0,881650877.0,F,0.0,27.0,other
64.0,1001.0,4.0,891195682.0,M,1.0,30.0,engineer
892.0,1036.0,5.0,877399618.0,M,1.0,33.0,other
13.0,966.0,4.0,891269097.0,M,1.0,42.0,educator
610.0,7.0,4.0,884365075.0,M,1.0,22.0,student
125.0,672.0,3.0,879456247.0,M,1.0,28.0,lawyer
716.0,1546.0,4.0,875246563.0,F,0.0,50.0,marketing
815.0,678.0,4.0,879445684.0,M,1.0,39.0,other
815.0,515.0,4.0,877104870.0,M,1.0,29.0,other
624.0,846.0,1.0,887745210.0,F,0.0,18.0,other
823.0,1020.0,2.0,891447747.0,M,1.0,26.0,librarian
805.0,651.0,4.0,891199801.0,F,0.0,37.0,other
823.0,568.0,4.0,887165572.0,M,1.0,26.0,artist
715.0,447.0,5.0,878182892.0,F,0.0,25.0,other
379.0,488.0,3.0,879387941.0,M,1.0,36.0,programmer
833.0,932.0,3.0,875659302.0,M,1.0,32.0,writer
894.0,7.0,5.0,880123485.0,M,1.0,42.0,educator
92.0,581.0,4.0,875653850.0,M,1.0,30.0,entertainment
889.0,494.0,5.0,875271434.0,M,1.0,23.0,student
435.0,855.0,3.0,884131179.0,M,1.0,27.0,engineer
833.0,50.0,4.0,875292023.0,M,1.0,31.0,librarian
253.0,874.0,4.0,879447741.0,F,0.0,32.0,librarian
303.0,5.0,3.0,879304113.0,M,1.0,18.0,student
344.0,727.0,4.0,891385811.0,F,0.0,28.0,librarian
471.0,100.0,3.0,879524790.0,M,1.0,23.0,student
459.0,855.0,4.0,888557773.0,M,1.0,27.0,student
722.0,544.0,1.0,880578598.0,M,1.0,38.0,technician
624.0,276.0,4.0,879463971.0,M,1.0,18.0,student
601.0,498.0,3.0,879444948.0,M,1.0,18.0,artist
276.0,15.0,1.0,880653532.0,M,1.0,21.0,student
625.0,473.0,4.0,879848318.0,M,1.0,26.0,programmer
657.0,464.0,3.0,886472703.0,F,0.0,23.0,healthcare
130.0,682.0,4.0,876013394.0,M,1.0,20.0,none
693.0,631.0,5.0,875963093.0,F,0.0,31.0,other
493.0,483.0,3.0,888518104.0,M,1.0,23.0,student
839.0,825.0,3.0,877384491.0,M,1.0,27.0,doctor
622.0,288.0,4.0,875731655.0,M,1.0,24.0,programmer
889.0,652.0,5.0,888068032.0,M,1.0,53.0,engineer
458.0,1220.0,5.0,890287508.0,M,1.0,42.0,other
514.0,514.0,5.0,875985797.0,M,1.0,26.0,programmer
788.0,431.0,5.0,879875774.0,M,1.0,45.0,administrator
934.0,1063.0,3.0,876532909.0,M,1.0,31.0,engineer
40.0,496.0,5.0,875260022.0,M,1.0,35.0,scientist
472.0,4.0,5.0,879876654.0,M,1.0,23.0,student
71.0,50.0,4.0,87780826.0,M,1.0,35.0,scientist
748.0,405.0,5.0,885459719.0,M,1.0,27.0,administrator
447.0,531.0,3.0,877554347.0,M,1.0,28.0,administrator
327.0,496.0,3.0,882345164.0,M,1.0,22.0,student
378.0,546.0,2.0,891494108.0,M,1.0,32.0,student
896.0,926.0,2.0,887160953.0,M,1.0,27.0,writer
536.0,741.0,4.0,875744099.0,M,1.0,35.0,engineer
194.0,1278.0,4.0,886609690.0,M,1.0,35.0,administrator
357.0,513.0,3.0,875313424.0,M,1.0,25.0,executive
727.0,89.0,3.0,883365341.0,M,1.0,24.0,student
536.0,597.0,3.0,886030862.0,M,1.0,35.0,engineer
621.0,482.0,5.0,879795766.0,F,0.0,16.0,student
648.0,582.0,5.0,880178411.0,M,1.0,39.0,administrator
643.0,744.0,4.0,892318450.0,M,1.0,43.0,scientist
561.0,515.0,4.0,889655034.0,M,1.0,23.0,engineer
582.0,511.0,4.0,883530342.0,M,1.0,23.0,writer
716.0,716.0,5.0,879877433.0,M,1.0,36.0,administrator
880.0,12.0,4.0,891227463.0,M,1.0,11.0,student
655.0,695.0,2.0,886482511.0,M,1.0,50.0,healthcare
293.0,657.0,4.0,888731825.0,M,1.0,25.0,writer
334.0,692.0,4.0,891518153.0,F,0.0,30.0,librarian
286.0,216.0,4.0,879440787.0,M,1.0,26.0,student
92.0,541.0,4.0,875463468.0,M,1.0,30.0,entertainment
823.0,651.0,3.0,877397582.0,M,1.0,36.0,artist
301.0,514.0,5.0,882824467.0,M,1.0,23.0,student
184.0,569.0,5.0,889907426.0,F,0.0,34.0,librarian
911.0,696.0,2.0,884477585.0,F,0.0,36.0,writer
766.0,7.0,4.0,891203309.0,M,1.0,39.0,other
18.0,866.0,4.0,882425467.0,M,1.0,35.0,writer
456.0,527.0,3.0,888803047.0,M,1.0,23.0,technician
192.0,11.0,5.0,879848434.0,M,1.0,36.0,educator
184.0,693.0,5.0,889907426.0,M,1.0,34.0,educator
553.0,518.0,3.0,879445744.0,M,1.0,50.0,educator
255.0,755.0,3.0,886480206.0,M,1.0,23.0,entertainment
615.0,748.0,3.0,874788207.0,M,1.0,40.0,educator
543.0,871.0,3.0,882904542.0,M,1.0,31.0,programmer
455.0,403.0,3.0,88906990.0,M,1.0,42.0,administrator
301.0,732.0,4.0,884636268.0,M,1.0,23.0,student
437.0,9.0,1.0,880056336.0,F,0.0,27.0,other
183.0,762.0,4.0,879867432.0,M,1.0,31.0,scientist
16.0,486.0,5.0,888522535.0,M,1.0,21.0,entertainment
709.0,111.0,4.0,883348333.0,F,0.0,21.0,student
1.0,15.0,3.0,874963335.0,M,1.0,23.0,technician
843.0,514.0,4.0,892696981.0,M,1.0,31.0,librarian
524.0,651.0,1.0,879544022.0,M,1.0,49.0,educator
707.0,1090.0,3.0,883327442.0,F,0.0,22.0,student
269.0,8.0,1.0,891545480.0,M,1.0,31.0,librarian
441.0,588.0,3.0,884922421.0,M,1.0,18.0,student
889.0,98.0,3.0,888469419.0,M,1.0,23.0,technician
663.0,849.0,3.0,875271329.0,F,0.0,25.0,other
754.0,286.0,4.0,887912462.0,F,0.0,51.0,administrator
64.0,745.0,4.0,886309138.0,M,1.0,30.0,educator
690.0,523.0,5.0,875269926.0,M,1.0,11.0,student
890.0,763.0,3.0,886029967.0,M,1.0,30.0,student
622.0,607.0,4.0,882826453.0,M,1.0,24.0,programmer
710.0,181.0,4.0,879456062.0,M,1.0,18.0,student
561.0,983.0,4.0,883453411.0,M,1.0,21.0,student
466.0,663.0,5.0,889731033.0,M,1.0,20.0,student
562.0,526.0,5.0,879447557.0,F,0.0,27.0,administrator
474.0,546.0,3.0,887912462.0,M,1.0,33.0,executive
59.0,1017.0,4.0,878961858.0,M,1.0,27.0,educator
429.0,951.0,5.0,882386685.0,M,1.0,26.0,student
943.0,739.0,4.0,880474235.0,M,1.0,22.0,student
748.0,431.0,3.0,879467058.0,M,1.0,29.0,administrator
405.0,294.0,1.0,878769268.0,M,1.0,22.0,healthcare
825.0,682.0,4.0,884294835.0,M,1.0,40.0,engineer
499.0,636.0,4.0,880180765.0,M,1.0,42.0,programmer
308.0,932.0,4.0,887745983.0,308,1.0,52.0,retired
13.0,927.0,3.0,881177905.0,M,1.0,42.0,educator
925.0,196.0,3.0,879193063.0,M,1.0,39.0,engineer
58.0,790.0,4.0,878184786.0,M,1.0,26.0,programmer
342.0,604.0,4.0,891656188.0,M,1.0,25.0,other
23.0,9.0,2.0,884287827.0,M,1.0,26.0,artist
442.0,1034.0,1.0,882055164.0,M,1.0,22.0,student
280.0,1034.0,5.0,878849124.0,F,0.0,30.0,librarian
222.0,876.0,4.0,888640167.0,M,1.0,27.0,programmer
561.0,568.0,5.0,882607690.0,M,1.0,23.0,engineer
506.0,547.0,2.0,888081811.0,M,1.0,41.0,programmer
151.0,1185.0,4.0,879439374.0,F,0.0,38.0,administrator
790.0,14.0,2.0,885678247.0,M,1.0,30.0,administrator
381.0,1034.0,4.0,886988912.0,M,1.0,31.0,artist
1.0,756.0,3.0,888539794.0,M,1.0,23.0,technician
846.0,696.0,3.0,878953468.0,M,1.0,26.0,lawyer
396.0,566.0,4.0,879529767.0,M,1.0,40.0,engineer
568.0,1188.0,5.0,885161834.0,M,1.0,56.0,librarian
815.0,511.0,4.0,878952335.0,M,1.0,30.0,other
625.0,535.0,4.0,891221194.0,M,1.0,26.0,programmer
343.0,724.0,5.0,879791372.0,M,1.0,39.0,engineer
14.0,573.0,2.0,881105872.0,M,1.0,27.0,scientist
541.0,294.0,3.0,886533997.0,F,0.0,18.0,student
801.0,515.0,3.0,879448166.0,M,1.0,35.0,marketing
536.0,609.0,3.0,876311108.0,M,1.0,35.0,engineer
363.0,258.0,4.0,879454825.0,M,1.0,18.0,student
642.0,654.0,3.0,877756928.0,F,0.0,20.0,other
659.0,646.0,4.0,880126023.0,M,1.0,29.0,administrator
749.0,839.0,4.0,879461785.0,M,1.0,25.0,other
918.0,577.0,4.0,881650534.0,M,1.0,38.0,engineer
405.0,547.0,5.0,886606695.0,M,1.0,22.0,healthcare
405.0,588.0,4.0,884365904.0,F,0.0,22.0,healthcare
90.0,661.0,4.0,884462690.0,M,1.0,52.0,educator
916.0,573.0,5.0,879424784.0,M,1.0,50.0,educator
693.0,605.0,3.0,888906018.0,M,1.0,23.0,other
868.0,984.0,3.0,882139731.0,M,1.0,21.0,writer
751.0,924.0,3.0,878972241.0,F,0.0,24.0,other
342.0,9.0,3.0,875038807.0,F,0.0,25.0,homemaker
505.0,487.0,4.0,879798768.0,M,1.0,27.0,other
234.0,576.0,4.0,884494923.0,M,1.0,52.0,retired
497.0,748.0,3.0,886921384.0,M,1.0,18.0,student
704.0,1425.0,4.0,891387532.0,F,0.0,51.0,librarian
627.0,588.0,2.0,888522977.0,M,1.0,23.0,engineer
174.0,696.0,4.0,879466391.0,M,1.0,30.0,administrator
773.0,483.0,3.0,880406025.0,M,1.0,26.0,student
757.0,607.0,3.0,88888891788.0,M,1.0,25.0,student
35.0,1079.0,5.0,876549808.0,M,1.0,18.0,student
864.0,615.0,3.0,875982895.0,M,1.0,26.0,programmer
535.0,514.0,4.0,891383544.0,F,0.0,45.0,educator
682.0,521.0,4.0,875243960.0,M,1.0,32.0,programmer
451.0,762.0,4.0,880314355.0,F,0.0,18.0,student
275.0,848.0,4.0,877399745.0,M,1.0,23.0,engineer
409.0,692.0,3.0,879867980.0,M,1.0,42.0,administrator
495.0,682.0,4.0,8915154789.0,M,1.0,48.0,technician
540.0,185.0,5.0,884132501.0,M,1.0,26.0,engineer
792.0,1059.0,2.0,891956869.0,M,1.0,32.0,programmer
416.0,7.0,5.0,879485419.0,F,0.0,20.0,student
823.0,50.0,4.0,878439365.0,M,1.0,26.0,writer
391.0,1218.0,5.0,886036967.0,M,1.0,23.0,student
655.0,651.0,5.0,879467413.0,F,0.0,50.0,healthcare
385.0,1185.0,3.0,879875084.0,M,1.0,33.0,writer
672.0,496.0,5.0,891199947.0,F,0.0,51.0,administrator
314.0,1027.0,3.0,880846718.0,F,0.0,20.0,student
531.0,517.0,4.0,889909551.0,M,1.0,18.0,student
327.0,1034.0,4.0,883949594.0,M,1.0,22.0,student
10.0,682.0,3.0,8773991008.0,M,1.0,36.0,lawyer
642.0,518.0,5.0,891387382.0,F,0.0,15.0,student
657.0,873.0,5.0,88639757537.0,F,0.0,27.0,healthcare
90.0,472.0,3.0,891385079.0,M,1.0,52.0,educator
456.0,746.0,1.0,877887525.0,M,1.0,25.0,executive
293.0,774.0,4.0,8889042.0,M,1.0,23.0,writer
524.0,511.0,4.0,884634685.0,M,1.0,49.0,student
748.0,662.0,5.0,878962622.0,M,1.0,27.0,administrator
365.0,7.0,3.0,889235993.0,M,1.0,26.0,lawyer
268.0,584.0,5.0,875680448.0,M,1.0,27.0,engineer
5.0,607.0,4.0,885479737.0,M,1.0,23.0,entertainment
823.0,663.0,3.0,881288574.0,M,1.0,26.0,writer
656.0,127.0,4.0,881108193.0,M,1.0,30.0,educator
878.0,22.0,4.0,880606084.0,F,0.0,11.0,student
553.0,519.0,3.0,888069579.0,M,1.0,35.0,executive
145.0,546.0,3.0,875304924.0,M,1.0,29.0,entertainment
385.0,546.0,3.0,889181047.0,M,1.0,33.0,writer
293.0,294.0,4.0,888907457.0,M,1.0,23.0,writer
876.0,974.0,1.0,887911098.0,M,1.0,39.0,executive
537.0,955.0,3.0,886029304.0,M,1.0,33.0,engineer
618.0,663.0,4.0,880332229.0,F,0.0,11.0,student
592.0,546.0,3.0,879793156.0,M,1.0,31.0,educator
833.0,1051.0,4.0,876524096.0,M,1.0,31.0,marketing
545.0,511.0,3.0,880755718.0,M,1.0,26.0,programmer
504.0,541.0,4.0,879521243.0,F,0.0,40.0,writer
303.0,482.0,3.0,879444542.0,M,1.0,18.0,student
606.0,478.0,4.0,888517725.0,M,1.0,27.0,programmer
804.0,1044.0,3.0,879448486.0,M,1.0,35.0,educator
833.0,589.0,4.0,875129701.0,M,1.0,31.0,writer
13.0,323.0,4.0,881179631.0,M,1.0,42.0,educator
455.0,597.0,5.0,879542325.0,M,1.0,42.0,administrator
392.0,1028.0,4.0,891037222.0,F,0.0,46.0,writer
10.0,723.0,2.0,883949558.0,M,1.0,44.0,lawyer
532.0,518.0,4.0,891499090.0,M,1.0,20.0,student
709.0,7.0,2.0,879304615.0,M,1.0,21.0,other
293.0,1079.0,3.0,888904392.0,M,1.0,26.0,writer
500.0,686.0,4.0,883710236.0,M,1.0,27.0,administrator
615.0,732.0,4.0,880151834.0,M,1.0,35.0,educator
537.0,659.0,2.0,876405021.0,M,1.0,33.0,engineer
934.0,558.0,3.0,877103906.0,M,1.0,23.0,scientist
334.0,181.0,3.0,891032435.0,M,1.0,30.0,librarian
889.0,546.0,2.0,875743022.0,M,1.0,23.0,technician
666.0,471.0,4.0,879446209.0,M,1.0,45.0,administrator
416.0,569.0,3.0,875073269.0,F,0.0,20.0,student
122.0,405.0,4.0,879454971.0,M,1.0,32.0,writer
360.0,1091.0,4.0,891449558.0,M,1.0,35.0,other
267.0,756.0,3.0,880561783.0,M,1.0,23.0,engineer
293.0,549.0,2.0,888906288.0,M,1.0,23.0,student
452.0,474.0,3.0,8762542.0,M,1.0,32.0,administrator
158.0,459.0,3.0,882359678.0,M,1.0,44.0,educator
721.0,486.0,3.0,874730261.0,F,0.0,50.0,student
318.0,144.0,3.0,891034148.0,M,1.0,56.0,librarian
537.0,845.0,4.0,881107685.0,M,1.0,33.0,engineer
497.0,972.0,5.0,875245533.0,M,1.0,20.0,student
774.0,153.0,4.0,891383164.0,M,1.0,28.0,homemaker
624.0,707.0,3.0,884293522.0,M,1.0,18.0,student
659.0,733.0,4.0,879874974.0,M,1.0,29.0,educator
940.0,1028.0,4.0,875981439.0,M,1.0,30.0,administrator
500.0,919.0,3.0,883712418.0,M,1.0,27.0,administrator
865.0,763.0,3.0,881107777.0,M,1.0,24.0,artist
881.0,990.0,5.0,879454963.0,M,1.0,35.0,marketing
561.0,889.0,5.0,883216358.0,M,1.0,23.0,student
926.0,1028.0,3.0,882920501.0,M,1.0,26.0,programmer
773.0,526.0,5.0,880845606.0,M,1.0,21.0,student
286.0,514.0,4.0,887044266.0,M,1.0,26.0,programmer
18.0,712.0,1.0,888104646.0,F,0.0,35.0,other
378.0,966.0,5.0,875654634.0,M,1.0,32.0,student
7.0,890.0,4.0,885599470.0,M,1.0,50.0,administrator
90.0,615.0,4.0,891385046.0,M,1.0,52.0,educator
125.0,754.0,5.0,891499426.0,M,1.0,28.0,lawyer
588.0,467.0,1.0,883817462.0,F,0.0,17.0,student
781.0,888.0,3.0,875072366.0,F,0.0,20.0,student
790.0,121.0,4.0,891448002.0,M,1.0,26.0,technician
801.0,431.0,3.0,879434751.0,M,1.0,27.0,other
311.0,471.0,1.0,884305367.0,M,1.0,30.0,technician
58.0,678.0,3.0,878775647.0,M,1.0,26.0,programmer
815.0,1028.0,4.0,878184076.0,M,1.0,30.0,other
851.0,4.0,3.0,879552429.0,M,1.0,18.0,other
417.0,627.0,2.0,888639489.0,M,1.0,27.0,other
405.0,835.0,3.0,879441253.0,F,0.0,22.0,healthcare
940.0,661.0,5.0,882143018.0,M,1.0,30.0,administrator
128.0,523.0,3.0,883709641.0,F,0.0,24.0,marketing
621.0,947.0,5.0,889492902.0,M,1.0,17.0,student
406.0,597.0,4.0,880139765.0,M,1.0,46.0,educator
160.0,56.0,3.0,877399380.0,M,1.0,26.0,programmer
381.0,121.0,5.0,891204509.0,M,1.0,31.0,artist
851.0,689.0,4.0,87510402586.0,F,0.0,18.0,other
801.0,471.0,4.0,879464096.0,M,1.0,22.0,other
889.0,566.0,4.0,881374710.0,M,1.0,23.0,technician
871.0,678.0,3.0,885848933.0,F,0.0,29.0,administrator
896.0,684.0,3.0,877386912.0,M,1.0,27.0,other
334.0,471.0,2.0,891384152.0,M,1.0,30.0,librarian
493.0,585.0,5.0,884050395.0,M,1.0,20.0,student
268.0,651.0,1.0,875324355.0,M,1.0,23.0,engineer
487.0,496.0,3.0,875465574.0,M,1.0,22.0,engineer
13.0,7.0,4.0,882076146.0,M,1.0,42.0,educator
85.0,707.0,4.0,879461662.0,M,1.0,45.0,educator
389.0,100.0,3.0,877399100.0,F,0.0,44.0,writer
200.0,634.0,4.0,885807053.0,M,1.0,36.0,programmer
268.0,7.0,4.0,886031606.0,M,1.0,23.0,engineer
655.0,662.0,4.0,886480484.0,F,0.0,50.0,healthcare
151.0,449.0,3.0,878346823.0,F,0.0,38.0,administrator
496.0,727.0,4.0,880333446.0,M,1.0,27.0,student
58.0,604.0,3.0,881367414.0,M,1.0,26.0,programmer
280.0,528.0,4.0,891548158.0,F,0.0,30.0,librarian
99.0,875.0,3.0,879541808.0,M,1.0,20.0,student
222.0,12.0,4.0,878739003.0,M,1.0,27.0,programmer
717.0,724.0,4.0,888632561.0,M,1.0,23.0,technician
912.0,696.0,3.0,884462692.0,F,0.0,38.0,administrator
332.0,1028.0,4.0,881265264.0,M,1.0,20.0,student
186.0,449.0,4.0,879866075.0,M,1.0,39.0,executive
291.0,927.0,5.0,889739499.0,M,1.0,18.0,student
463.0,825.0,2.0,885849041.0,F,0.0,44.0,healthcare
758.0,176.0,4.0,887736932.0,M,1.0,26.0,student
116.0,508.0,4.0,888522050.0,F,0.0,22.0,healthcare
222.0,1216.0,3.0,878888164.0,M,1.0,27.0,programmer
682.0,979.0,5.0,879875612.0,M,1.0,23.0,programmer
343.0,771.0,5.0,876176445.0,M,1.0,39.0,engineer
339.0,554.0,3.0,891037119.0,M,1.0,42.0,lawyer
398.0,692.0,5.0,880231841.0,M,1.0,36.0,other
541.0,749.0,4.0,883386019.0,M,1.0,18.0,student
452.0,845.0,3.0,879439528.0,M,1.0,32.0,administrator
455.0,195.0,5.0,879362885.0,M,1.0,42.0,administrator
489.0,468.0,4.0,882348002.0,M,1.0,27.0,student
669.0,951.0,3.0,891385105.0,M,1.0,34.0,librarian
487.0,511.0,4.0,883215902.0,M,1.0,22.0,artist
934.0,585.0,3.0,891204264.0,M,1.0,35.0,scientist
536.0,181.0,4.0,877897316.0,M,1.0,35.0,engineer
894.0,449.0,4.0,879305204.0,M,1.0,42.0,educator
532.0,513.0,4.0,875349850.0,M,1.0,20.0,student
861.0,639.0,5.0,888639335.0,M,1.0,23.0,student
334.0,682.0,1.0,891191662.0,M,1.0,30.0,librarian
664.0,845.0,3.0,885810409.0,M,1.0,39.0,engineer
339.0,949.0,1.0,891033401.0,M,1.0,26.0,lawyer
393.0,4.0,5.0,886059444.0,M,1.0,18.0,student
537.0,300.0,4.0,888068246.0,M,1.0,33.0,engineer
222.0,13.0,4.0,887158827.0,M,1.0,27.0,programmer
320.0,441.0,4.0,878763002.0,F,0.0,18.0,student
267.0,10.0,3.0,875270003.0,M,1.0,23.0,programmer
705.0,496.0,4.0,879874741.0,F,0.0,59.0,librarian
862.0,1028.0,4.0,884365077.0,M,1.0,24.0,executive
92.0,736.0,3.0,875216507.0,M,1.0,30.0,entertainment
28.0,985.0,5.0,875242702.0,M,1.0,23.0,administrator
246.0,5.0,5.0,883347860.0,M,1.0,18.0,student
592.0,708.0,4.0,890454400.0,M,1.0,18.0,student
115.0,816.0,5.0,882348221.0,M,1.0,29.0,engineer
14.0,11.0,4.0,879455741.0,M,1.0,40.0,scientist
896.0,928.0,4.0,879461187.0,M,1.0,28.0,writer
682.0,846.0,5.0,891545950.0,M,1.0,25.0,other
660.0,943.0,2.0,886472752.0,M,1.0,22.0,student
521.0,658.0,4.0,883326668.0,M,1.0,18.0,student
130.0,990.0,3.0,875463500.0,M,1.0,20.0,none
221.0,763.0,4.0,878855108.0,M,1.0,18.0,student
62.0,597.0,3.0,885849224.0,F,0.0,28.0,administrator
234.0,483.0,3.0,892079237.0,M,1.0,52.0,retired
271.0,669.0,4.0,881171059.0,M,1.0,45.0,engineer
774.0,195.0,5.0,884462692.0,M,1.0,28.0,student
852.0,202.0,3.0,880393499.0,F,0.0,51.0,administrator
184.0,929.0,3.0,889907925.0,M,1.0,34.0,librarian
76.0,880.0,3.0,875810796.0,M,1.0,20.0,student
773.0,678.0,4.0,879536088.0,M,1.0,20.0,student
592.0,100.0,5.0,882385581.0,M,1.0,18.0,student
708.0,1001.0,4.0,884122619.0,F,0.0,26.0,homemaker
870.0,9.0,2.0,880930095.0,M,1.0,22.0,student
894.0,511.0,4.0,879455215.0,M,1.0,42.0,educator
239.0,1016.0,5.0,875123397.0,F,0.0,35.0,artist
457.0,1049.0,1.0,888888168.0,F,0.0,23.0,salesman
889.0,749.0,4.0,888180049.0,M,1.0,23.0,other
145.0,603.0,5.0,875242968.0,M,1.0,29.0,entertainment
279.0,845.0,5.0,884133029.0,M,1.0,31.0,programmer
102.0,496.0,4.0,877819666.0,M,1.0,35.0,programmer
479.0,762.0,3.0,887038665.0,M,1.0,29.0,educator
870.0,482.0,5.0,888103889.0,M,1.0,22.0,student
6.0,549.0,5.0,888731793.0,M,1.0,35.0,executive
815.0,678.0,1.0,878940113.0,M,1.0,30.0,other
721.0,708.0,5.0,880242947.0,F,0.0,24.0,student
524.0,195.0,4.0,879539969.0,M,1.0,49.0,educator
293.0,823.0,4.0,888906166.0,M,1.0,23.0,writer
311.0,795.0,2.0,884883556.0,M,1.0,30.0,technician
922.0,603.0,4.0,876033164.0,F,0.0,49.0,student
385.0,482.0,4.0,879443568.0,M,1.0,33.0,writer
536.0,933.0,3.0,879534794.0,M,1.0,33.0,engineer
7.0,7.0,3.0,891448344.0,M,1.0,50.0,administrator
486.0,204.0,5.0,879990204.0,M,1.0,25.0,educator
929.0,447.0,4.0,888179647.0,M,1.0,27.0,engineer
648.0,176.0,5.0,886030077.0,M,1.0,39.0,engineer
6.0,506.0,3.0,880174732.0,M,1.0,38.0,executive
399.0,276.0,3.0,886984241.0,M,1.0,24.0,other
804.0,845.0,4.0,879445534.0,M,1.0,35.0,educator
506.0,8.0,4.0,875309974.0,M,1.0,41.0,programmer
774.0,498.0,4.0,880603086.0,M,1.0,27.0,student
303.0,234.0,5.0,879435369.0,M,1.0,18.0,student
313.0,709.0,2.0,880167313.0,M,1.0,31.0,marketing
776.0,582.0,4.0,888104589.0,M,1.0,28.0,programmer
425.0,492.0,4.0,887912568.0,M,1.0,18.0,student
109.0,566.0,3.0,888104522.0,M,1.0,27.0,other
416.0,546.0,5.0,885690725.0,F,0.0,20.0,student
551.0,511.0,3.0,892134937.0,M,1.0,23.0,programmer
181.0,856.0,3.0,875346833.0,M,1.0,25.0,executive
907.0,447.0,4.0,878092143.0,F,0.0,24.0,other
363.0,745.0,5.0,891310084.0,M,1.0,26.0,student
279.0,531.0,4.0,877546314.0,M,1.0,31.0,programmer
682.0,333.0,4.0,884131181.0,M,1.0,23.0,programmer
897.0,5.0,4.0,874939180.0,M,1.0,27.0,other
380.0,484.0,3.0,877017972.0,M,1.0,28.0,programmer
590.0,186.0,4.0,879876896.0,M,1.0,52.0,educator
276.0,1023.0,5.0,875038207.0,M,1.0,21.0,student
405.0,815.0,4.0,884992582.0,M,1.0,22.0,engineer
773.0,597.0,2.0,888635476.0,M,1.0,24.0,student
661.0,582.0,3.0,875350995.0,M,1.0,27.0,programmer
417.0,471.0,2.0,879196230.0,F,0.0,39.0,other
567.0,180.0,4.0,891357807.0,M,1.0,23.0,writer
303.0,744.0,4.0,879530306.0,M,1.0,18.0,student
922.0,679.0,3.0,879384485.0,F,0.0,29.0,administrator
795.0,739.0,4.0,882142630.0,M,1.0,28.0,writer
58.0,1366.0,3.0,884131955.0,M,1.0,26.0,programmer
76.0,561.0,2.0,889181390.0,M,1.0,20.0,student
659.0,603.0,4.0,879540151.0,M,1.0,29.0,educator
561.0,936.0,5.0,881107375.0,M,1.0,23.0,engineer
256.0,928.0,5.0,875462737.0,F,0.0,35.0,none
363.0,682.0,4.0,889245747.0,M,1.0,20.0,student
6.0,971.0,3.0,880246085.0,M,1.0,38.0,executive
59.0,810.0,3.0,880135206.0,M,1.0,43.0,educator
405.0,936.0,4.0,884922430.0,F,0.0,22.0,healthcare
568.0,828.0,5.0,879530111.0,M,1.0,31.0,educator
303.0,5.0,2.0,879435369.0,M,1.0,18.0,student
533.0,732.0,4.0,891436244.0,M,1.0,39.0,librarian
325.0,471.0,4.0,888180049.0,M,1.0,23.0,technician
514.0,939.0,5.0,875130072.0,M,1.0,26.0,programmer
308.0,795.0,2.0,879465566.0,M,1.0,52.0,retired
758.0,652.0,3.0,880844420.0,M,1.0,26.0,student
543.0,596.0,4.0,878346524.0,M,1.0,32.0,scientist
336.0,566.0,5.0,875963235.0,M,1.0,23.0,marketing
545.0,657.0,4.0,874787160.0,M,1.0,31.0,scientist
330.0,671.0,4.0,879874576.0,M,1.0,35.0,educator
372.0,423.0,2.0,891499355.0,F,0.0,18.0,student
825.0,1073.0,4.0,875353625.0,M,1.0,39.0,engineer
22.0,941.0,3.0,893218728.0,M,1.0,24.0,writer
125.0,682.0,4.0,882404324.0,M,1.0,27.0,lawyer
784.0,1349.0,4.0,879867980.0,M,1.0,28.0,other
283.0,527.0,3.0,875502032.0,M,1.0,23.0,programmer
627.0,856.0,1.0,886403651.0,M,1.0,24.0,programmer
13.0,513.0,4.0,879198544.0,M,1.0,42.0,educator
177.0,528.0,2.0,879976215.0,M,1.0,20.0,programmer
642.0,652.0,3.0,889179539.0,F,0.0,17.0,student
903.0,237.0,4.0,892318003.0,M,1.0,27.0,lawyer
835.0,186.0,3.0,880133296.0,M,1.0,29.0,executive
880.0,7.0,4.0,880561789.0,M,1.0,11.0,student
717.0,5.0,4.0,883528986.0,F,0.0,21.0,student
459.0,732.0,4.0,879443911.0,M,1.0,22.0,student
7.0,1033.0,5.0,876016535.0,F,0.0,50.0,homemaker
7.0,484.0,5.0,879368072.0,M,1.0,24.0,administrator
758.0,514.0,3.0,881976168.0,M,1.0,26.0,student
145.0,1412.0,5.0,877735244.0,M,1.0,29.0,entertainment
354.0,1286.0,3.0,891636244.0,F,0.0,29.0,librarian
643.0,216.0,1.0,891038222.0,M,1.0,43.0,librarian
625.0,684.0,3.0,891468082.0,M,1.0,26.0,programmer
303.0,100.0,4.0,879557740.0,M,1.0,18.0,student
757.0,1028.0,3.0,882827442.0,F,0.0,25.0,student
707.0,744.0,3.0,891035849.0,F,0.0,56.0,librarian
815.0,518.0,4.0,879195523.0,M,1.0,44.0,other
586.0,463.0,4.0,888068143.0,F,0.0,20.0,student
749.0,1033.0,5.0,891297372.0,M,1.0,31.0,other
683.0,676.0,2.0,879829471.0,M,1.0,24.0,programmer
889.0,12.0,4.0,875311251.0,M,1.0,23.0,technician
727.0,7.0,3.0,876451451.0,M,1.0,30.0,none
327.0,98.0,5.0,887819582.0,M,1.0,22.0,student
381.0,933.0,4.0,875654898.0,M,1.0,23.0,entertainment
561.0,651.0,4.0,883326085.0,M,1.0,25.0,student
788.0,12.0,3.0,891035061.0,F,0.0,42.0,librarian
896.0,15.0,4.0,887161329.0,M,1.0,27.0,writer
279.0,238.0,5.0,875246065.0,M,1.0,31.0,programmer
881.0,392.0,5.0,879991933.0,M,1.0,35.0,marketing
907.0,1101.0,3.0,891207940.0,M,1.0,20.0,other
378.0,865.0,4.0,876033269.0,M,1.0,32.0,student
886.0,531.0,3.0,886472560.0,M,1.0,20.0,student
343.0,847.0,3.0,880307000.0,M,1.0,39.0,engineer
293.0,940.0,3.0,889069766.0,M,1.0,23.0,writer
870.0,12.0,4.0,878914968.0,M,1.0,22.0,student
336.0,678.0,4.0,875972598.0,M,1.0,23.0,salesman
796.0,684.0,3.0,891035241.0,M,1.0,32.0,programmer
541.0,515.0,4.0,884921429.0,M,1.0,18.0,student
343.0,483.0,4.0,876452201.0,M,1.0,39.0,engineer
865.0,732.0,3.0,891250770.0,M,1.0,21.0,artist
313.0,591.0,4.0,875297413.0,M,1.0,37.0,marketing
13.0,1245.0,3.0,879445114.0,M,1.0,42.0,educator
201.0,546.0,1.0,884131089.0,M,1.0,26.0,writer
833.0,685.0,3.0,889739323.0,M,1.0,31.0,writer
815.0,588.0,4.0,880571406.0,M,1.0,45.0,other
95.0,685.0,4.0,879361738.0,M,1.0,29.0,administrator
6.0,584.0,5.0,891035084.0,M,1.0,42.0,educator
332.0,526.0,4.0,876816268.0,F,0.0,20.0,student
405.0,172.0,3.0,884314808.0,F,0.0,22.0,healthcare
221.0,872.0,4.0,875972059.0,M,1.0,18.0,student
311.0,527.0,2.0,884120126.0,M,1.0,30.0,technician
815.0,79.0,4.0,888103919.0,F,0.0,30.0,other
339.0,663.0,2.0,891033773.0,M,1.0,32.0,lawyer
238.0,515.0,4.0,881288574.0,F,0.0,42.0,administrator
313.0,98.0,4.0,878939821.0,M,1.0,33.0,marketing
269.0,526.0,3.0,891249873.0,F,0.0,30.0,librarian
910.0,741.0,3.0,879448888.0,M,1.0,41.0,doctor
747.0,648.0,4.0,888634643.0,M,1.0,18.0,student
5.0,1.0,4.0,891199350.0,M,1.0,23.0,technician
939.0,515.0,3.0,877383680.0,F,0.0,38.0,entertainment
896.0,942.0,4.0,887159502.0,M,1.0,27.0,writer
334.0,682.0,3.0,889909142.0,M,1.0,34.0,librarian
593.0,678.0,3.0,879461451.0,M,1.0,31.0,educator
561.0,682.0,3.0,875309974.0,M,1.0,23.0,engineer
526.0,715.0,4.0,891207975.0,F,0.0,51.0,librarian
614.0,13.0,3.0,875245765.0,M,1.0,49.0,educator
387.0,588.0,3.0,875972442.0,M,1.0,31.0,entertainment
805.0,615.0,3.0,877807461.0,F,0.0,27.0,other
474.0,823.0,2.0,879454902.0,M,1.0,24.0,executive
815.0,685.0,4.0,878963088.0,M,1.0,30.0,other
164.0,204.0,3.0,884304798.0,F,0.0,36.0,healthcare
551.0,716.0,3.0,877561284.0,M,1.0,24.0,programmer
468.0,595.0,3.0,87994937.0,M,1.0,50.0,educator
524.0,474.0,5.0,884140909.0,M,1.0,29.0,librarian
851.0,216.0,3.0,879444097.0,F,0.0,57.0,librarian
607.0,333.0,4.0,875320796.0,M,1.0,31.0,educator
447.0,1045.0,4.0,874787116.0,M,1.0,27.0,administrator
234.0,513.0,4.0,892078972.0,M,1.0,52.0,retired
864.0,876.0,4.0,878854195.0,M,1.0,26.0,programmer
293.0,919.0,2.0,888906990.0,M,1.0,23.0,writer
349.0,502.0,3.0,887738760.0,M,1.0,59.0,retired
769.0,736.0,3.0,875309825.0,M,1.0,35.0,other
115.0,79.0,4.0,875297425.0,M,1.0,27.0,engineer
889.0,288.0,4.0,888067765.0,M,1.0,23.0,other
531.0,749.0,3.0,879787930.0,M,1.0,49.0,educator
605.0,527.0,5.0,886028789.0,M,1.0,31.0,engineer
387.0,434.0,3.0,886483753.0,M,1.0,31.0,entertainment
8.0,597.0,4.0,881178442.0,M,1.0,41.0,administrator
851.0,723.0,4.0,876538752.0,M,1.0,35.0,other
268.0,684.0,5.0,887667535.0,M,1.0,23.0,engineer
533.0,662.0,3.0,891293850.0,M,1.0,39.0,librarian
109.0,936.0,4.0,879367771.0,F,0.0,27.0,administrator
271.0,979.0,5.0,876018273.0,M,1.0,45.0,engineer
521.0,10.0,4.0,883326599.0,F,0.0,18.0,student
18.0,665.0,4.0,889910394.0,F,0.0,44.0,librarian
533.0,692.0,3.0,891388250.0,F,0.0,49.0,librarian
399.0,979.0,3.0,882397011.0,M,1.0,24.0,other
145.0,752.0,3.0,875464068.0,M,1.0,29.0,entertainment
13.0,684.0,4.0,884635013.0,M,1.0,42.0,educator
644.0,603.0,5.0,888180020.0,M,1.0,35.0,educator
222.0,222.0,3.0,880144247.0,M,1.0,27.0,programmer
13.0,569.0,4.0,879446018.0,M,1.0,42.0,educator
605.0,745.0,3.0,883449960.0,F,0.0,27.0,student
456.0,919.0,5.0,887912462.0,M,1.0,28.0,other
592.0,748.0,5.0,879874963.0,M,1.0,18.0,student
405.0,781.0,4.0,879543642.0,F,0.0,22.0,healthcare
1.0,763.0,2.0,875640254.0,M,1.0,23.0,technician
293.0,5.0,2.0,888801624.0,M,1.0,23.0,writer
729.0,531.0,4.0,884131455.0,M,1.0,25.0,other
899.0,614.0,4.0,879298206.0,M,1.0,30.0,other
331.0,603.0,2.0,877112062.0,M,1.0,31.0,entertainment
703.0,652.0,3.0,87986455077.0,F,0.0,56.0,librarian
177.0,11.0,5.0,891250997.0,M,1.0,20.0,programmer
291.0,682.0,3.0,874863247.0,M,1.0,18.0,student
682.0,14.0,4.0,879446552.0,M,1.0,46.0,homemaker
535.0,848.0,3.0,879439369.0,M,1.0,35.0,educator
479.0,473.0,2.0,884123957.0,M,1.0,28.0,educator
708.0,581.0,3.0,880844811.0,F,0.0,26.0,homemaker
880.0,748.0,2.0,877107577.0,M,1.0,11.0,entertainment
804.0,690.0,4.0,887740205.0,M,1.0,41.0,educator
467.0,685.0,4.0,886030707.0,M,1.0,27.0,engineer
712.0,288.0,4.0,877757286.0,F,0.0,22.0,student
934.0,581.0,5.0,879365036.0,M,1.0,35.0,scientist
637.0,691.0,3.0,886030707.0,M,1.0,33.0,other
293.0,527.0,3.0,880391860.0,M,1.0,23.0,programmer
222.0,932.0,5.0,879456242.0,M,1.0,27.0,programmer
790.0,662.0,3.0,885809721.0,M,1.0,26.0,technician
742.0,64.0,4.0,891033256.0,F,0.0,28.0,healthcare
411.0,588.0,5.0,881170562.0,M,1.0,49.0,educator
514.0,286.0,5.0,875224252.0,M,1.0,36.0,programmer
435.0,222.0,2.0,884131440.0,M,1.0,23.0,engineer
880.0,910.0,4.0,880307806.0,M,1.0,11.0,student
222.0,662.0,3.0,878143046.0,M,1.0,27.0,programmer
119.0,709.0,5.0,875963276.0,M,1.0,30.0,programmer
361.0,523.0,3.0,879786624.0,M,1.0,20.0,student
655.0,631.0,3.0,886480325.0,F,0.0,50.0,healthcare
753.0,835.0,4.0,891251603.0,M,1.0,29.0,other
897.0,988.0,5.0,887038207.0,M,1.0,27.0,other
606.0,79.0,3.0,876013767.0,M,1.0,27.0,programmer
894.0,687.0,5.0,879443800.0,M,1.0,40.0,educator
892.0,127.0,5.0,891013475.0,M,1.0,33.0,other
886.0,563.0,5.0,885599574.0,F,0.0,20.0,student
393.0,1045.0,3.0,877399018.0,M,1.0,18.0,student
894.0,588.0,4.0,879440475.0,M,1.0,42.0,educator
768.0,676.0,3.0,880134998.0,M,1.0,27.0,administrator
181.0,1101.0,5.0,878963086.0,M,1.0,25.0,executive
425.0,518.0,3.0,888638022.0,M,1.0,27.0,student
160.0,479.0,4.0,887158941.0,M,1.0,27.0,programmer
407.0,1018.0,3.0,888802360.0,M,1.0,23.0,student
880.0,9.0,4.0,884628689.0,M,1.0,11.0,student
299.0,258.0,4.0,890289532.0,M,1.0,27.0,doctor
308.0,4.0,5.0,887746756.0,M,1.0,52.0,retired
239.0,891.0,3.0,875656629.0,M,1.0,35.0,artist
94.0,676.0,4.0,878941914.0,M,1.0,25.0,student
194.0,749.0,2.0,879191855.0,M,1.0,35.0,administrator
782.0,8.0,3.0,875332563.0,M,1.0,23.0,engineer
374.0,746.0,3.0,879876639.0,M,1.0,33.0,executive
908.0,300.0,3.0,879442450.0,F,0.0,27.0,other
82.0,274.0,4.0,882956241.0,M,1.0,24.0,marketing
854.0,874.0,3.0,882621609.0,M,1.0,29.0,student
373.0,663.0,4.0,874867731.0,F,0.0,24.0,other
516.0,715.0,4.0,879304941.0,M,1.0,24.0,programmer
11.0,749.0,4.0,881372315.0,F,0.0,30.0,none
606.0,531.0,1.0,880606193.0,M,1.0,27.0,programmer
276.0,478.0,3.0,876536929.0,M,1.0,21.0,student
409.0,12.0,4.0,884129937.0,M,1.0,42.0,administrator
796.0,707.0,3.0,875038513.0,F,0.0,30.0,artist
130.0,79.0,3.0,884365653.0,F,0.0,20.0,none
161.0,748.0,2.0,891012320.0,M,1.0,31.0,lawyer
593.0,515.0,4.0,879385941.0,F,0.0,30.0,educator
921.0,393.0,4.0,891013980.0,M,1.0,20.0,student
648.0,971.0,3.0,885810240.0,M,1.0,39.0,engineer
806.0,333.0,1.0,888640475.0,M,1.0,26.0,marketing
870.0,763.0,2.0,886921261.0,M,1.0,26.0,student
943.0,1204.0,5.0,879443687.0,M,1.0,22.0,student
499.0,7.0,4.0,886988689.0,M,1.0,28.0,programmer
719.0,100.0,3.0,891013906.0,F,0.0,53.0,salesman
441.0,676.0,2.0,888068842.0,M,1.0,23.0,student
523.0,50.0,5.0,879449713.0,F,0.0,56.0,librarian
31.0,663.0,4.0,889324757.0,M,1.0,23.0,artist
872.0,748.0,1.0,879455150.0,F,0.0,24.0,marketing
293.0,754.0,3.0,879362202.0,M,1.0,27.0,writer
568.0,763.0,5.0,8794444861.0,M,1.0,35.0,educator
648.0,204.0,2.0,879446809.0,M,1.0,39.0,educator
537.0,827.0,4.0,886030891.0,M,1.0,33.0,executive
624.0,585.0,4.0,889651541.0,M,1.0,18.0,student
659.0,472.0,2.0,89086257.0,M,1.0,29.0,educator
248.0,740.0,5.0,882567334.0,M,1.0,24.0,student
286.0,744.0,4.0,879563384.0,M,1.0,26.0,student
741.0,561.0,5.0,891033805.0,M,1.0,44.0,writer
536.0,174.0,3.0,879485921.0,M,1.0,35.0,educator
897.0,678.0,4.0,882387756.0,M,1.0,28.0,other
537.0,928.0,5.0,886031917.0,M,1.0,33.0,engineer
450.0,646.0,4.0,879899158.0,F,0.0,35.0,educator
276.0,825.0,3.0,874947653.0,M,1.0,21.0,student
633.0,755.0,4.0,876406079.0,M,1.0,35.0,scientist
910.0,523.0,4.0,880821114.0,M,1.0,42.0,administrator
835.0,7.0,4.0,879899106.0,F,0.0,27.0,librarian
23.0,474.0,4.0,886441181.0,F,0.0,30.0,writer
729.0,559.0,5.0,880572286.0,M,1.0,23.0,technician
274.0,559.0,4.0,877074259.0,M,1.0,21.0,student
889.0,749.0,3.0,879991534.0,M,1.0,20.0,student
523.0,492.0,2.0,879482211.0,F,0.0,53.0,administrator
758.0,6.0,3.0,888803322.0,M,1.0,26.0,student
543.0,11.0,5.0,878848678.0,M,1.0,31.0,librarian
1.0,100.0,4.0,888907428.0,M,1.0,23.0,technician
741.0,511.0,4.0,876529808.0,M,1.0,24.0,artist
128.0,4.0,3.0,883697232.0,F,0.0,24.0,marketing
913.0,715.0,3.0,880609265.0,M,1.0,26.0,student
7.0,431.0,3.0,879793086.0,M,1.0,50.0,administrator
920.0,4.0,5.0,882838803.0,F,0.0,30.0,artist
815.0,931.0,4.0,885140127.0,M,1.0,30.0,other
687.0,558.0,5.0,87574754532.0,M,1.0,24.0,other
712.0,174.0,3.0,877399805.0,F,0.0,22.0,student
913.0,323.0,4.0,880175807.0,M,1.0,26.0,student
60.0,7.0,3.0,883348386.0,M,1.0,44.0,administrator
577.0,4.0,4.0,875296548.0,M,1.0,20.0,student
363.0,516.0,4.0,891352859.0,F,0.0,23.0,student
399.0,528.0,3.0,882389279.0,M,1.0,35.0,other
582.0,678.0,1.0,886271977.0,M,1.0,23.0,student
542.0,485.0,4.0,884921429.0,F,0.0,18.0,homemaker
717.0,567.0,4.0,877017931.0,F,0.0,40.0,other
416.0,204.0,4.0,879443814.0,F,0.0,20.0,student
537.0,4.0,4.0,886030021.0,M,1.0,33.0,engineer
892.0,932.0,4.0,879445051.0,M,1.0,33.0,other
497.0,15.0,3.0,883348656.0,M,1.0,20.0,student
579.0,485.0,3.0,879441695.0,M,1.0,29.0,educator
429.0,568.0,1.0,882386876.0,M,1.0,26.0,student
447.0,632.0,2.0,879443748.0,M,1.0,28.0,student
887.0,7.0,4.0,891199972.0,F,0.0,10.0,student
666.0,11.0,3.0,879520916.0,M,1.0,45.0,administrator
634.0,882.0,3.0,885848886.0,M,1.0,27.0,engineer
615.0,258.0,5.0,879442451.0,M,1.0,35.0,educator
44.0,597.0,5.0,883363019.0,M,1.0,25.0,executive
826.0,1006.0,4.0,889397537.0,M,1.0,27.0,artist
527.0,864.0,4.0,888523581.0,M,1.0,31.0,librarian
451.0,1.0,4.0,877833443.0,M,1.0,16.0,student
823.0,485.0,4.0,882826033.0,M,1.0,26.0,librarian
883.0,11.0,5.0,891031488.0,M,1.0,43.0,librarian
878.0,710.0,4.0,881653918.0,F,0.0,50.0,educator
435.0,615.0,3.0,889069969.0,M,1.0,23.0,engineer
78.0,678.0,5.0,875653860.0,M,1.0,36.0,administrator
608.0,517.0,1.0,879517178.0,M,1.0,32.0,other
235.0,631.0,3.0,879875433.0,M,1.0,34.0,administrator
125.0,679.0,4.0,891722861.0,M,1.0,28.0,lawyer
256.0,581.0,1.0,881288574.0,M,1.0,35.0,none
463.0,877.0,5.0,880475252.0,M,1.0,27.0,educator
568.0,586.0,4.0,888520540.0,M,1.0,31.0,educator
432.0,9.0,4.0,875654866.0,M,1.0,30.0,entertainment
727.0,873.0,4.0,888479924.0,M,1.0,24.0,student
655.0,286.0,3.0,886482799.0,F,0.0,50.0,healthcare
10.0,923.0,3.0,879454630.0,F,0.0,46.0,lawyer
650.0,845.0,4.0,880571485.0,M,1.0,38.0,engineer
821.0,676.0,4.0,886397531.0,M,1.0,35.0,marketing
416.0,515.0,2.0,891710572.0,F,0.0,20.0,student
393.0,7.0,3.0,887819582.0,M,1.0,18.0,student
719.0,679.0,3.0,891477935.0,F,0.0,21.0,other
60.0,656.0,4.0,888103810.0,F,0.0,44.0,healthcare
102.0,663.0,5.0,888556688.0,M,1.0,35.0,programmer
855.0,168.0,3.0,880178411.0,M,1.0,42.0,administrator
899.0,581.0,3.0,888886416.0,M,1.0,30.0,other
92.0,584.0,3.0,886031421.0,M,1.0,30.0,entertainment
528.0,847.0,4.0,879440138.0,M,1.0,43.0,educator
552.0,174.0,5.0,882404329.0,M,1.0,25.0,entertainment
255.0,795.0,5.0,879462660.0,M,1.0,23.0,entertainment
822.0,181.0,4.0,879448182.0,M,1.0,39.0,librarian
452.0,715.0,3.0,883875001.0,M,1.0,18.0,artist
301.0,685.0,3.0,888554627.0,M,1.0,23.0,student
141.0,919.0,4.0,892686164.0,M,1.0,43.0,programmer
293.0,288.0,3.0,888551536.0,M,1.0,23.0,writer
788.0,961.0,5.0,879111471.0,M,1.0,45.0,administrator
749.0,607.0,5.0,885599768.0,M,1.0,29.0,administrator
452.0,11.0,5.0,879466461.0,M,1.0,18.0,administrator
308.0,237.0,4.0,887745596.0,M,1.0,52.0,retired
699.0,10.0,4.0,884297930.0,M,1.0,39.0,other
887.0,485.0,4.0,876539051.0,F,0.0,10.0,student
804.0,300.0,3.0,879442468.0,M,1.0,42.0,educator
207.0,842.0,3.0,879441841.0,M,1.0,35.0,marketing
870.0,732.0,3.0,879448672.0,M,1.0,22.0,student
303.0,648.0,1.0,879486447.0,M,1.0,18.0,student
804.0,508.0,4.0,879874739.0,M,1.0,42.0,educator
405.0,682.0,1.0,884305220.0,F,0.0,22.0,healthcare
347.0,181.0,4.0,880144106.0,M,1.0,18.0,student
660.0,518.0,3.0,878952183.0,M,1.0,25.0,student
660.0,82.0,4.0,891199848.0,M,1.0,25.0,student
543.0,866.0,4.0,879454958.0,M,1.0,31.0,scientist
576.0,591.0,2.0,880166571.0,M,1.0,33.0,executive
290.0,924.0,3.0,878971634.0,M,1.0,36.0,engineer
843.0,14.0,4.0,879432739.0,M,1.0,32.0,lawyer
846.0,566.0,2.0,879447858.0,M,1.0,26.0,librarian
401.0,732.0,4.0,878915965.0,F,0.0,44.0,healthcare
697.0,645.0,4.0,891449625.0,F,0.0,48.0,librarian
450.0,880.0,4.0,879461744.0,F,0.0,35.0,educator
234.0,1136.0,4.0,887737843.0,M,1.0,52.0,retired
500.0,100.0,4.0,888067691.0,M,1.0,27.0,programmer
680.0,745.0,4.0,883835774.0,M,1.0,32.0,lawyer
109.0,782.0,3.0,879876461.0,M,1.0,27.0,other
561.0,546.0,2.0,875729107.0,M,1.0,23.0,engineer
650.0,673.0,4.0,891038068.0,M,1.0,38.0,engineer
938.0,1110.0,4.0,884365818.0,F,0.0,28.0,administrator
919.0,749.0,4.0,883601307.0,M,1.0,24.0,other
919.0,836.0,4.0,878962674.0,M,1.0,27.0,other
887.0,527.0,3.0,876537106.0,F,0.0,20.0,student
592.0,943.0,2.0,875972059.0,M,1.0,18.0,student
144.0,741.0,4.0,886480206.0,M,1.0,46.0,programmer
566.0,653.0,1.0,889177550.0,M,1.0,20.0,student
627.0,591.0,3.0,879561783.0,M,1.0,23.0,programmer
847.0,127.0,4.0,882077843.0,M,1.0,27.0,student
194.0,682.0,3.0,880393360.0,M,1.0,35.0,educator
478.0,1540.0,3.0,881107056.0,M,1.0,27.0,educator
303.0,692.0,4.0,878971179.0,M,1.0,18.0,student
758.0,971.0,4.0,888068933.0,M,1.0,26.0,student
643.0,508.0,3.0,875296866.0,M,1.0,35.0,programmer
805.0,697.0,1.0,877075273.0,F,0.0,27.0,other
472.0,517.0,4.0,876521840.0,M,1.0,23.0,student
708.0,825.0,5.0,884365045.0,F,0.0,26.0,homemaker
865.0,695.0,2.0,875349836.0,M,1.0,24.0,artist
916.0,827.0,3.0,875242788.0,M,1.0,26.0,engineer
796.0,486.0,2.0,876538063.0,F,0.0,32.0,student
758.0,584.0,1.0,875287046.0,M,1.0,26.0,student
796.0,707.0,4.0,893219001.0,F,0.0,25.0,writer
486.0,1048.0,4.0,891499263.0,M,1.0,42.0,technician
506.0,471.0,4.0,879519206.0,M,1.0,27.0,programmer
10.0,955.0,4.0,891037164.0,M,1.0,46.0,lawyer
144.0,100.0,4.0,882824801.0,M,1.0,46.0,other
320.0,943.0,3.0,875652348.0,F,0.0,20.0,student
532.0,49.0,5.0,883753522.0,M,1.0,18.0,student
877.0,9.0,4.0,880180765.0,M,1.0,24.0,other
615.0,678.0,3.0,879451177.0,M,1.0,35.0,educator
455.0,654.0,5.0,879138749.0,M,1.0,42.0,administrator
7.0,751.0,3.0,879196230.0,M,1.0,50.0,administrator
234.0,678.0,4.0,891456293.0,M,1.0,52.0,retired
82.0,846.0,3.0,875729767.0,M,1.0,23.0,programmer
10.0,7.0,3.0,883949153.0,M,1.0,46.0,lawyer
567.0,5.0,4.0,892079040.0,M,1.0,45.0,retired
537.0,1141.0,5.0,880868407.0,M,1.0,33.0,engineer
709.0,8.0,5.0,882607690.0,M,1.0,21.0,student
456.0,477.0,3.0,879309711.0,M,1.0,45.0,technician
809.0,752.0,4.0,883109197.0,M,1.0,28.0,other
588.0,50.0,5.0,882424015.0,F,0.0,17.0,artist
655.0,7.0,4.0,884364465.0,F,0.0,50.0,healthcare
201.0,732.0,4.0,888639513.0,M,1.0,26.0,writer
648.0,546.0,5.0,881130112.0,M,1.0,39.0,engineer
393.0,1236.0,4.0,880472901.0,M,1.0,18.0,student
639.0,1008.0,4.0,8864362202.0,F,0.0,29.0,educator
310.0,521.0,3.0,87936220.0,F,0.0,35.0,educator
354.0,673.0,3.0,891037393.0,F,0.0,29.0,librarian
666.0,954.0,1.0,885848584.0,M,1.0,39.0,administrator
707.0,479.0,3.0,879456104.0,F,0.0,56.0,librarian
400.0,568.0,2.0,885047313.0,F,0.0,39.0,administrator
898.0,302.0,4.0,889739881.0,M,1.0,28.0,writer
18.0,831.0,4.0,891293782.0,M,1.0,35.0,other
393.0,585.0,3.0,877886563.0,M,1.0,18.0,student
347.0,628.0,4.0,881251955.0,M,1.0,18.0,student
537.0,111.0,4.0,880174770.0,M,1.0,33.0,engineer
488.0,111.0,3.0,879786939.0,M,1.0,23.0,technician
578.0,735.0,4.0,879441346.0,M,1.0,35.0,educator
796.0,582.0,3.0,887160796.0,F,0.0,32.0,writer
694.0,64.0,4.0,891384059.0,M,1.0,52.0,programmer
815.0,880.0,4.0,878156924.0,M,1.0,30.0,other
670.0,7.0,5.0,884714286.0,M,1.0,28.0,technician
758.0,597.0,4.0,889125818.0,M,1.0,26.0,student
788.0,696.0,4.0,888956789.0,F,0.0,45.0,administrator
566.0,513.0,4.0,874749508.0,M,1.0,20.0,student
63.0,971.0,4.0,880675074.0,M,1.0,29.0,educator
796.0,732.0,3.0,892679087.0,F,0.0,32.0,other
788.0,523.0,4.0,879191662.0,M,1.0,45.0,administrator
401.0,773.0,2.0,880139331.0,M,1.0,46.0,healthcare
607.0,546.0,5.0,876788850.0,F,0.0,21.0,student
279.0,578.0,4.0,875332684.0,M,1.0,31.0,programmer
621.0,582.0,4.0,881207723.0,M,1.0,11.0,student
916.0,524.0,4.0,88039395851.0,M,1.0,26.0,engineer
303.0,1016.0,3.0,879444565.0,M,1.0,18.0,student
537.0,568.0,4.0,879388063.0,M,1.0,31.0,other
486.0,746.0,4.0,879442427.0,M,1.0,35.0,educator
600.0,547.0,4.0,879454971.0,M,1.0,31.0,programmer
268.0,596.0,3.0,875730482.0,M,1.0,23.0,engineer
614.0,528.0,4.0,885848695.0,M,1.0,26.0,student
148.0,928.0,4.0,891369150.0,M,1.0,31.0,engineer
751.0,689.0,1.0,884365748.0,F,0.0,24.0,other
303.0,258.0,3.0,879443075.0,M,1.0,18.0,student
466.0,678.0,4.0,890347188.0,M,1.0,22.0,student
592.0,872.0,5.0,879467413.0,M,1.0,18.0,student
280.0,475.0,3.0,891548470.0,F,0.0,30.0,librarian
474.0,474.0,4.0,891218159.0,M,1.0,27.0,other
551.0,638.0,2.0,875962668.0,M,1.0,24.0,programmer
538.0,474.0,4.0,878182275.0,M,1.0,29.0,engineer
870.0,294.0,4.0,888104538.0,M,1.0,22.0,student
558.0,628.0,5.0,881956741.0,M,1.0,30.0,administrator
374.0,482.0,3.0,880757700.0,M,1.0,33.0,executive
234.0,546.0,5.0,892336262.0,M,1.0,52.0,retired
486.0,100.0,3.0,879449940.0,M,1.0,35.0,educator
896.0,431.0,5.0,887160563.0,F,0.0,27.0,writer
345.0,708.0,4.0,891696999.0,F,0.0,28.0,librarian
815.0,1221.0,5.0,881177349.0,M,1.0,30.0,other
801.0,7.0,3.0,880130106.0,M,1.0,46.0,marketing
495.0,1042.0,3.0,8858104498.0,M,1.0,27.0,engineer
116.0,288.0,4.0,884304866.0,F,0.0,36.0,healthcare
795.0,678.0,4.0,879484401.0,M,1.0,28.0,programmer
648.0,578.0,3.0,891498286.0,M,1.0,39.0,librarian
658.0,489.0,5.0,891366350.0,M,1.0,35.0,engineer
92.0,607.0,4.0,886484753.0,M,1.0,30.0,entertainment
393.0,478.0,4.0,877846447.0,M,1.0,25.0,student
911.0,1087.0,5.0,879446695.0,F,0.0,37.0,writer
343.0,531.0,5.0,884129684.0,M,1.0,39.0,engineer
5.0,1059.0,4.0,882141414.0,F,0.0,33.0,other
308.0,1043.0,4.0,887745260.0,M,1.0,52.0,retired
156.0,603.0,5.0,879485469.0,M,1.0,44.0,educator
201.0,1012.0,4.0,884110887.0,M,1.0,26.0,writer
435.0,672.0,4.0,884139958.0,M,1.0,23.0,engineer
707.0,742.0,4.0,884366187.0,M,1.0,26.0,librarian
899.0,333.0,4.0,891209183.0,M,1.0,30.0,other
634.0,812.0,5.0,876402624.0,M,1.0,35.0,engineer
18.0,447.0,4.0,879449941.0,F,0.0,35.0,other
31.0,546.0,4.0,879221753.0,M,1.0,23.0,scientist
234.0,176.0,2.0,891387522.0,M,1.0,52.0,retired
435.0,926.0,4.0,884642187.0,M,1.0,23.0,engineer
311.0,478.0,4.0,884992699.0,M,1.0,42.0,technician
4.0,815.0,3.0,892958851.0,M,1.0,23.0,technician
758.0,928.0,4.0,875748167.0,M,1.0,26.0,student
184.0,127.0,3.0,889909640.0,M,1.0,34.0,librarian
854.0,1314.0,3.0,884121259.0,F,0.0,29.0,other
472.0,1205.0,3.0,879441862.0,M,1.0,23.0,student
707.0,516.0,2.0,892103525.0,F,0.0,41.0,healthcare
833.0,683.0,5.0,891204254.0,M,1.0,32.0,writer
844.0,526.0,2.0,879443843.0,M,1.0,33.0,executive
23.0,518.0,2.0,889655839.0,M,1.0,30.0,technician
536.0,476.0,5.0,875971949.0,M,1.0,35.0,engineer
533.0,827.0,4.0,891495261.0,M,1.0,39.0,executive
664.0,758.0,5.0,876266910.0,M,1.0,24.0,engineer
632.0,10.0,4.0,879222447.0,M,1.0,18.0,student
201.0,479.0,3.0,883709660.0,M,1.0,26.0,writer
7.0,79.0,4.0,891352010.0,F,0.0,50.0,administrator
90.0,653.0,3.0,891384424.0,M,1.0,52.0,educator
546.0,679.0,4.0,879461662.0,F,0.0,35.0,educator
276.0,393.0,1.0,883710395.0,M,1.0,21.0,student
254.0,517.0,4.0,879447543.0,M,1.0,39.0,educator
543.0,476.0,4.0,882404327.0,M,1.0,31.0,educator
42.0,173.0,3.0,888805230.0,M,1.0,25.0,administrator
592.0,449.0,2.0,874938692.0,M,1.0,18.0,student
498.0,751.0,5.0,889492429.0,M,1.0,25.0,writer
655.0,9.0,4.0,878961678.0,M,1.0,50.0,healthcare
538.0,763.0,1.0,879192202.0,M,1.0,35.0,scientist
639.0,895.0,3.0,891386928.0,F,0.0,42.0,educator
758.0,732.0,4.0,891038512.0,M,1.0,26.0,other
840.0,393.0,4.0,891433296.0,M,1.0,35.0,artist
788.0,473.0,3.0,879848695.0,M,1.0,45.0,administrator
624.0,12.0,2.0,879376051.0,M,1.0,27.0,student
846.0,941.0,3.0,885140933.0,M,1.0,70.0,engineer
95.0,752.0,2.0,879875483.0,M,1.0,29.0,administrator
437.0,715.0,4.0,882067073.0,F,0.0,23.0,other
757.0,50.0,3.0,883788480.0,F,0.0,25.0,student
4.0,515.0,5.0,879546268.0,M,1.0,23.0,technician
303.0,12.0,2.0,878771294.0,M,1.0,18.0,student
416.0,1018.0,4.0,889651578.0,F,0.0,20.0,student
92.0,516.0,2.0,875654984.0,M,1.0,35.0,entertainment
429.0,719.0,4.0,875271958.0,M,1.0,26.0,student
699.0,932.0,4.0,879385766.0,M,1.0,28.0,other
269.0,603.0,3.0,891035437.0,F,0.0,31.0,librarian
455.0,1137.0,3.0,879441674.0,M,1.0,38.0,administrator
75.0,671.0,2.0,880123540.0,M,1.0,23.0,student
887.0,1219.0,2.0,882826021.0,F,0.0,17.0,other
234.0,652.0,4.0,892334766.0,M,1.0,52.0,retired
328.0,174.0,4.0,885046773.0,M,1.0,45.0,administrator
405.0,496.0,1.0,884364017.0,F,0.0,22.0,healthcare
295.0,1063.0,3.0,879454383.0,M,1.0,29.0,educator
435.0,919.0,4.0,876403471.0,M,1.0,23.0,engineer
90.0,582.0,5.0,891353988.0,M,1.0,52.0,educator
365.0,98.0,4.0,889079600.0,M,1.0,46.0,lawyer
642.0,1028.0,5.0,888103931.0,M,1.0,16.0,student
609.0,732.0,5.0,891204264.0,M,1.0,42.0,other
708.0,604.0,3.0,891888164.0,F,0.0,56.0,librarian
181.0,474.0,3.0,878972788.0,M,1.0,25.0,executive
738.0,782.0,5.0,884321116.0,M,1.0,32.0,technician
385.0,762.0,1.0,889655490.0,M,1.0,32.0,writer
367.0,258.0,5.0,874787647.0,M,1.0,17.0,student
178.0,727.0,4.0,882821064.0,M,1.0,29.0,other
307.0,271.0,5.0,879442927.0,M,1.0,24.0,student
694.0,173.0,5.0,891369889.0,M,1.0,52.0,scientist
279.0,479.0,1.0,875272397.0,M,1.0,31.0,programmer
487.0,795.0,4.0,876251182.0,M,1.0,22.0,engineer
889.0,1241.0,4.0,880846840.0,M,1.0,23.0,student
833.0,651.0,3.0,875740051.0,F,0.0,31.0,writer
434.0,704.0,3.0,879446491.0,M,1.0,35.0,other
699.0,12.0,5.0,878855021.0,M,1.0,31.0,other
178.0,517.0,4.0,883865232.0,M,1.0,25.0,other
85.0,841.0,4.0,878738298.0,M,1.0,44.0,educator
641.0,685.0,3.0,891385921.0,M,1.0,17.0,student
894.0,569.0,4.0,880178963.0,M,1.0,42.0,educator
305.0,462.0,3.0,884991063.0,M,1.0,23.0,programmer
642.0,472.0,4.0,882677372.0,F,0.0,17.0,writer
856.0,100.0,3.0,880139180.0,M,1.0,23.0,engineer
668.0,50.0,4.0,875744087.0,M,1.0,29.0,other
297.0,1030.0,4.0,891015566.0,F,0.0,29.0,educator
250.0,484.0,3.0,884314881.0,M,1.0,27.0,executive
499.0,708.0,4.0,883390361.0,M,1.0,38.0,programmer
116.0,736.0,4.0,883327595.0,M,1.0,46.0,healthcare
275.0,50.0,2.0,876372741.0,M,1.0,35.0,engineer
885.0,479.0,4.0,881958706.0,M,1.0,30.0,administrator
94.0,121.0,4.0,891250584.0,M,1.0,25.0,student
268.0,638.0,2.0,877399745.0,M,1.0,23.0,engineer
709.0,476.0,2.0,882387733.0,F,0.0,21.0,other
181.0,708.0,4.0,875654979.0,M,1.0,25.0,executive
537.0,685.0,5.0,880841343.0,M,1.0,33.0,engineer
804.0,515.0,4.0,879443047.0,M,1.0,35.0,other
554.0,9.0,4.0,884132931.0,M,1.0,50.0,educator
608.0,1028.0,4.0,881107035.0,M,1.0,25.0,other
381.0,484.0,4.0,877887062.0,M,1.0,31.0,artist
308.0,678.0,3.0,887737210.0,M,1.0,52.0,retired
837.0,527.0,2.0,875313684.0,M,1.0,36.0,artist
68.0,9.0,4.0,891209185.0,M,1.0,20.0,student
734.0,596.0,4.0,880167328.0,F,0.0,25.0,other
707.0,733.0,5.0,878179411.0,F,0.0,27.0,technician
854.0,628.0,1.0,882510269.0,F,0.0,18.0,other
622.0,294.0,3.0,880870812.0,M,1.0,24.0,programmer
279.0,10.0,5.0,879193781.0,M,1.0,31.0,programmer
524.0,732.0,4.0,884610617.0,F,0.0,42.0,educator
680.0,751.0,1.0,891384426.0,M,1.0,31.0,lawyer
837.0,468.0,3.0,893213918.0,F,0.0,36.0,artist
308.0,569.0,3.0,887737210.0,M,1.0,52.0,retired
324.0,237.0,4.0,877107408.0,M,1.0,21.0,student
334.0,14.0,4.0,891478485.0,M,1.0,30.0,librarian
311.0,755.0,3.0,884122538.0,M,1.0,30.0,technician
682.0,508.0,5.0,888523579.0,M,1.0,23.0,programmer
392.0,9.0,2.0,891036781.0,M,1.0,43.0,writer
758.0,679.0,3.0,882340850.0,M,1.0,26.0,student
870.0,745.0,4.0,887159057.0,M,1.0,22.0,student
551.0,756.0,5.0,879646475.0,M,1.0,24.0,programmer
216.0,515.0,5.0,887038375.0,M,1.0,23.0,engineer
864.0,614.0,4.0,880139439.0,M,1.0,26.0,other
716.0,118.0,4.0,879111763.0,F,0.0,51.0,administrator
840.0,945.0,4.0,880584537.0,M,1.0,46.0,doctor
532.0,729.0,3.0,889731838.0,M,1.0,20.0,student
682.0,885.0,4.0,880178019.0,M,1.0,23.0,programmer
308.0,456.0,4.0,887746268.0,M,1.0,70.0,retired
537.0,648.0,5.0,886032607.0,M,1.0,33.0,engineer
933.0,79.0,3.0,878905045.0,M,1.0,25.0,other
499.0,619.0,4.0,886480206.0,M,1.0,39.0,programmer
119.0,471.0,3.0,883711087.0,M,1.0,30.0,programmer
757.0,662.0,4.0,882900047.0,M,1.0,17.0,student
748.0,479.0,3.0,879111619.0,M,1.0,30.0,administrator
468.0,1073.0,4.0,886028446.0,M,1.0,27.0,engineer
145.0,541.0,2.0,875659834.0,M,1.0,29.0,entertainment
387.0,825.0,5.0,886611822.0,M,1.0,31.0,entertainment
60.0,551.0,1.0,884364759.0,M,1.0,44.0,healthcare
659.0,258.0,5.0,891960029.0,M,1.0,39.0,educator
499.0,328.0,5.0,877107687.0,M,1.0,38.0,programmer
897.0,100.0,4.0,880604755.0,M,1.0,28.0,other
593.0,56.0,5.0,880580820.0,M,1.0,31.0,educator
92.0,615.0,4.0,876407031.0,M,1.0,30.0,entertainment
889.0,662.0,4.0,880561783.0,M,1.0,23.0,technician
815.0,473.0,4.0,888907865.0,M,1.0,30.0,other
648.0,174.0,3.0,885848343.0,M,1.0,39.0,engineer
60.0,597.0,4.0,886473269.0,M,1.0,44.0,healthcare
666.0,294.0,4.0,879454763.0,M,1.0,38.0,administrator
138.0,111.0,3.0,891387046.0,M,1.0,41.0,doctor
459.0,592.0,4.0,882398654.0,M,1.0,22.0,student
263.0,7.0,4.0,885828389.0,M,1.0,27.0,programmer
343.0,12.0,4.0,884129833.0,M,1.0,30.0,engineer
543.0,479.0,1.0,886029667.0,M,1.0,31.0,engineer
561.0,685.0,4.0,882077827.0,M,1.0,17.0,student
343.0,876.0,3.0,876404870.0,M,1.0,39.0,engineer
430.0,568.0,5.0,880572287.0,M,1.0,35.0,scientist
639.0,604.0,3.0,891447314.0,F,0.0,42.0,librarian
291.0,888.0,1.0,874948352.0,M,1.0,18.0,student
833.0,615.0,4.0,886608233.0,M,1.0,31.0,librarian
38.0,744.0,5.0,882823805.0,F,0.0,20.0,student
296.0,294.0,5.0,885047437.0,M,1.0,43.0,administrator
532.0,845.0,4.0,891195713.0,F,0.0,18.0,student
899.0,1035.0,3.0,889484641.0,M,1.0,30.0,other
851.0,708.0,3.0,879554898.0,M,1.0,18.0,other
374.0,697.0,3.0,880242422.0,M,1.0,33.0,executive
207.0,423.0,4.0,888479733.0,F,0.0,35.0,marketing
92.0,471.0,4.0,875124077.0,M,1.0,30.0,entertainment
527.0,741.0,4.0,891035964.0,M,1.0,31.0,librarian
528.0,762.0,3.0,879443446.0,M,1.0,34.0,librarian
622.0,1110.0,4.0,877120552.0,F,0.0,11.0,salesman
429.0,671.0,4.0,881975916.0,M,1.0,26.0,student
181.0,745.0,4.0,878963275.0,M,1.0,25.0,executive
897.0,485.0,4.0,883875241.0,M,1.0,27.0,other
419.0,7.0,5.0,879455247.0,M,1.0,32.0,lawyer
472.0,181.0,2.0,879793469.0,M,1.0,23.0,student
90.0,815.0,4.0,891389526.0,M,1.0,52.0,educator
328.0,100.0,3.0,879467052.0,M,1.0,45.0,administrator
892.0,879.0,4.0,880821579.0,M,1.0,30.0,administrator
880.0,846.0,4.0,880177997.0,M,1.0,11.0,student
409.0,1028.0,4.0,880843526.0,M,1.0,42.0,administrator
474.0,742.0,2.0,883768330.0,M,1.0,45.0,student
363.0,544.0,4.0,891493834.0,M,1.0,20.0,student
627.0,651.0,4.0,88075282794.0,M,1.0,27.0,scientist
416.0,972.0,4.0,880605690.0,M,1.0,20.0,student
790.0,941.0,3.0,876816268.0,M,1.0,26.0,programmer
312.0,603.0,3.0,891628864.0,M,1.0,42.0,other
618.0,715.0,2.0,876537900.0,F,0.0,29.0,student
293.0,582.0,1.0,889214306.0,M,1.0,23.0,writer
161.0,1028.0,4.0,891037106.0,M,1.0,38.0,lawyer
637.0,705.0,5.0,875982074.0,F,0.0,27.0,other
837.0,176.0,4.0,886480583.0,F,0.0,38.0,artist
631.0,431.0,4.0,891549792.0,M,1.0,44.0,educator
521.0,933.0,5.0,889732975.0,M,1.0,18.0,student
829.0,878.0,4.0,889288636.0,M,1.0,27.0,other
577.0,628.0,5.0,883757703.0,M,1.0,36.0,student
130.0,1.0,1.0,883441592.0,M,1.0,20.0,none
64.0,805.0,3.0,886397800.0,M,1.0,30.0,educator
221.0,679.0,4.0,874830766.0,M,1.0,18.0,student
786.0,988.0,5.0,885170548.0,F,0.0,15.0,artist
532.0,755.0,3.0,879794601.0,M,1.0,20.0,student
244.0,990.0,3.0,880475782.0,M,1.0,26.0,technician
541.0,694.0,3.0,888632555.0,M,1.0,18.0,student
345.0,568.0,5.0,888640199.0,F,0.0,28.0,librarian
184.0,508.0,4.0,879862540.0,M,1.0,34.0,librarian
455.0,683.0,3.0,884067296.0,M,1.0,42.0,administrator
95.0,924.0,4.0,886396475.0,M,1.0,42.0,administrator
486.0,678.0,4.0,879441788.0,M,1.0,50.0,educator
790.0,481.0,4.0,884111058.0,M,1.0,26.0,technician
538.0,1235.0,3.0,877131349.0,M,1.0,33.0,engineer
213.0,294.0,4.0,879483491.0,M,1.0,31.0,executive
303.0,1046.0,3.0,879444863.0,F,0.0,18.0,student
503.0,546.0,4.0,882183013.0,F,0.0,50.0,writer
472.0,176.0,5.0,889731317.0,F,0.0,23.0,student
901.0,597.0,4.0,876406612.0,M,1.0,41.0,engineer
595.0,636.0,4.0,879446663.0,M,1.0,35.0,educator
592.0,568.0,3.0,878962128.0,M,1.0,18.0,student
90.0,1213.0,3.0,891723355.0,M,1.0,52.0,educator
332.0,1054.0,2.0,887911719.0,M,1.0,20.0,student
921.0,678.0,4.0,886475194.0,M,1.0,24.0,entertainment
790.0,726.0,3.0,891478348.0,M,1.0,32.0,technician
809.0,874.0,1.0,891549594.0,F,0.0,48.0,librarian
900.0,864.0,4.0,878542350.0,M,1.0,52.0,retired
94.0,678.0,5.0,884496587.0,F,0.0,25.0,student
835.0,865.0,3.0,875962311.0,F,0.0,38.0,executive
334.0,690.0,4.0,891033921.0,M,1.0,30.0,librarian
787.0,1.0,4.0,888524326.0,M,1.0,21.0,student
634.0,484.0,2.0,886028446.0,M,1.0,23.0,engineer
376.0,333.0,3.0,877137038.0,F,0.0,28.0,other
326.0,7.0,4.0,881108881.0,M,1.0,37.0,administrator
896.0,186.0,5.0,876513002.0,M,1.0,27.0,artist
393.0,687.0,5.0,884732451.0,M,1.0,18.0,student
391.0,328.0,3.0,880354347.0,M,1.0,23.0,student
739.0,684.0,5.0,885848343.0,F,0.0,45.0,administrator
537.0,8.0,4.0,884365150.0,M,1.0,33.0,engineer
389.0,15.0,2.0,880177907.0,F,0.0,44.0,writer
615.0,745.0,3.0,879444871.0,M,1.0,35.0,educator
222.0,895.0,4.0,878540068.0,M,1.0,27.0,programmer
486.0,508.0,3.0,885805727.0,M,1.0,50.0,educator
59.0,496.0,2.0,891397372.0,M,1.0,43.0,educator
777.0,855.0,5.0,880845953.0,F,0.0,54.0,programmer
870.0,559.0,4.0,878972318.0,M,1.0,22.0,student
597.0,1099.0,3.0,884181329.0,F,0.0,39.0,librarian
268.0,881.0,3.0,884292522.0,M,1.0,23.0,engineer
749.0,712.0,3.0,878697440.0,M,1.0,31.0,other
648.0,963.0,2.0,877907367.0,M,1.0,38.0,engineer
532.0,527.0,2.0,879484541.0,M,1.0,20.0,student
592.0,509.0,3.0,880243553.0,M,1.0,18.0,student
299.0,463.0,5.0,881956203.0,M,1.0,27.0,writer
5.0,50.0,4.0,889731442.0,M,1.0,25.0,other
303.0,886.0,2.0,8795546.0,M,1.0,18.0,student
13.0,513.0,5.0,878887813.0,M,1.0,42.0,educator
862.0,609.0,2.0,883875094.0,M,1.0,24.0,executive
125.0,652.0,3.0,884749889.0,M,1.0,28.0,lawyer
715.0,685.0,5.0,882403067.0,M,1.0,21.0,technician
374.0,684.0,1.0,877876850.0,M,1.0,33.0,executive
145.0,705.0,4.0,875249868.0,M,1.0,29.0,entertainment
758.0,172.0,2.0,891386675.0,M,1.0,26.0,programmer
217.0,9.0,3.0,884120979.0,M,1.0,22.0,other
751.0,549.0,4.0,880137637.0,F,0.0,24.0,other
748.0,546.0,4.0,892502627.0,M,1.0,38.0,administrator
804.0,173.0,3.0,880606133.0,M,1.0,35.0,educator
334.0,748.0,3.0,889731010.0,M,1.0,30.0,librarian
450.0,13.0,4.0,884636182.0,F,0.0,35.0,educator
416.0,845.0,3.0,888104116.0,F,0.0,20.0,student
85.0,7.0,3.0,879793198.0,M,1.0,45.0,educator
7.0,509.0,1.0,879794540.0,M,1.0,27.0,administrator
780.0,685.0,4.0,888523820.0,M,1.0,26.0,programmer
158.0,730.0,4.0,881650791.0,M,1.0,44.0,educator
279.0,690.0,4.0,879465114.0,M,1.0,31.0,programmer
62.0,515.0,2.0,885047653.0,F,0.0,27.0,administrator
94.0,50.0,3.0,880242947.0,M,1.0,25.0,student
83.0,7.0,3.0,886397421.0,M,1.0,36.0,other
346.0,712.0,1.0,875972077.0,M,1.0,31.0,other
758.0,8.0,3.0,875973068.0,M,1.0,26.0,student
882.0,578.0,1.0,879445194.0,M,1.0,32.0,engineer
92.0,523.0,4.0,875659865.0,M,1.0,30.0,entertainment
311.0,582.0,4.0,884062010.0,M,1.0,30.0,technician
394.0,615.0,5.0,879874959.0,M,1.0,24.0,administrator
588.0,515.0,4.0,875288536.0,F,0.0,17.0,student
833.0,946.0,3.0,8897399862.0,M,1.0,31.0,writer
592.0,39.0,5.0,888888612.0,M,1.0,17.0,student
537.0,751.0,4.0,886031966.0,M,1.0,33.0,engineer
658.0,928.0,4.0,875038808.0,M,1.0,27.0,student
87.0,328.0,5.0,879111702.0,M,1.0,42.0,administrator
49.0,919.0,3.0,875679050.0,M,1.0,23.0,student
210.0,195.0,4.0,883613574.0,M,1.0,35.0,engineer
599.0,675.0,3.0,879442683.0,M,1.0,39.0,librarian
329.0,652.0,4.0,891224922.0,M,1.0,42.0,educator
236.0,826.0,4.0,875812131.0,F,0.0,33.0,writer
450.0,597.0,4.0,882388536.0,F,0.0,35.0,educator
473.0,1101.0,2.0,880242678.0,M,1.0,22.0,student
479.0,696.0,4.0,879447537.0,M,1.0,28.0,educator
883.0,11.0,4.0,891723706.0,M,1.0,43.0,librarian
894.0,202.0,5.0,885366225.0,M,1.0,42.0,educator
886.0,7.0,5.0,877387875.0,M,1.0,20.0,student
636.0,652.0,4.0,884130104.0,M,1.0,35.0,engineer
574.0,100.0,3.0,891250584.0,M,1.0,49.0,educator
94.0,50.0,3.0,884462692.0,M,1.0,25.0,student
145.0,576.0,2.0,879446692.0,M,1.0,29.0,entertainment
619.0,1210.0,5.0,891723355.0,F,0.0,17.0,other
280.0,1101.0,4.0,891547226.0,F,0.0,30.0,librarian
588.0,191.0,4.0,883601011.0,F,0.0,17.0,student
851.0,829.0,3.0,881106677.0,F,0.0,18.0,other
707.0,936.0,2.0,883709641.0,M,1.0,56.0,librarian
622.0,456.0,4.0,886030707.0,M,1.0,24.0,programmer
604.0,591.0,3.0,884497031.0,M,1.0,35.0,educator
437.0,941.0,5.0,885870115.0,F,0.0,27.0,administrator
293.0,735.0,1.0,888907291.0,M,1.0,23.0,writer
548.0,879.0,4.0,879538024.0,M,1.0,45.0,educator
567.0,528.0,5.0,888538977.0,M,1.0,23.0,technician
73.0,697.0,4.0,889683349.0,M,1.0,24.0,student
506.0,7.0,5.0,884112581.0,M,1.0,41.0,programmer
640.0,573.0,3.0,874787308.0,M,1.0,20.0,student
303.0,144.0,4.0,879443175.0,M,1.0,18.0,student
435.0,693.0,3.0,880579770.0,M,1.0,23.0,engineer
525.0,827.0,5.0,879222429.0,F,0.0,28.0,administrator
671.0,763.0,5.0,876524938.0,M,1.0,21.0,programmer
429.0,845.0,4.0,882345883.0,M,1.0,18.0,student
326.0,689.0,5.0,885849593.0,F,0.0,37.0,administrator
343.0,38.0,3.0,876402854.0,M,1.0,39.0,engineer
365.0,568.0,5.0,879445654.0,M,1.0,46.0,lawyer
933.0,1028.0,4.0,891304061.0,M,1.0,27.0,student
116.0,8.0,3.0,884124959.0,F,0.0,36.0,healthcare
437.0,795.0,3.0,883530313.0,F,0.0,30.0,other
543.0,485.0,4.0,879862797.0,M,1.0,31.0,librarian
393.0,258.0,3.0,884749440.0,M,1.0,18.0,student
7.0,474.0,4.0,879875279.0,M,1.0,50.0,administrator
568.0,496.0,3.0,885808934.0,M,1.0,33.0,writer
686.0,732.0,4.0,878973614.0,M,1.0,26.0,programmer
280.0,805.0,3.0,891028481.0,F,0.0,30.0,librarian
903.0,844.0,5.0,891369889.0,M,1.0,43.0,educator
886.0,8.0,4.0,876539503.0,M,1.0,20.0,student
297.0,541.0,3.0,878849359.0,F,0.0,29.0,writer
429.0,763.0,5.0,882350325.0,M,1.0,26.0,student
293.0,730.0,4.0,888906964.0,M,1.0,23.0,writer
537.0,629.0,4.0,882141446.0,M,1.0,40.0,engineer
210.0,724.0,5.0,876338999.0,M,1.0,35.0,engineer
815.0,961.0,1.0,878931543.0,F,0.0,30.0,other
308.0,526.0,2.0,887912382.0,M,1.0,52.0,retired
1.0,654.0,4.0,884364759.0,M,1.0,23.0,technician
933.0,582.0,2.0,885157535.0,M,1.0,32.0,librarian
567.0,1047.0,3.0,882075424.0,M,1.0,23.0,student
727.0,483.0,3.0,876538900.0,M,1.0,24.0,student
788.0,511.0,3.0,880867890.0,F,0.0,39.0,administrator
401.0,807.0,3.0,884326584.0,F,0.0,55.0,healthcare
279.0,741.0,4.0,882356803.0,M,1.0,31.0,programmer
889.0,876.0,4.0,880234070.0,M,1.0,23.0,technician
796.0,496.0,5.0,892682803.0,M,1.0,32.0,writer
648.0,498.0,4.0,884715114.0,M,1.0,39.0,engineer
445.0,662.0,3.0,891368296.0,M,1.0,21.0,writer
868.0,751.0,4.0,877825489.0,M,1.0,27.0,student
456.0,195.0,4.0,880821099.0,F,0.0,40.0,other
894.0,1035.0,4.0,891033281.0,M,1.0,42.0,administrator
656.0,518.0,5.0,879949069.0,M,1.0,35.0,none
290.0,1433.0,4.0,876406062.0,M,1.0,36.0,engineer
708.0,569.0,3.0,879446209.0,F,0.0,36.0,homemaker
269.0,568.0,2.0,879988688.0,F,0.0,31.0,librarian
591.0,9.0,3.0,879013971.0,M,1.0,59.0,administrator
268.0,604.0,5.0,877807935.0,M,1.0,23.0,engineer
425.0,100.0,3.0,882345904.0,M,1.0,18.0,student
276.0,684.0,3.0,874787288.0,M,1.0,21.0,student
815.0,615.0,1.0,888521598.0,M,1.0,30.0,other
846.0,476.0,3.0,883948003.0,M,1.0,32.0,lawyer
592.0,174.0,4.0,882404151.0,M,1.0,18.0,student
896.0,127.0,3.0,887160927.0,F,0.0,27.0,writer
158.0,591.0,4.0,879454093.0,M,1.0,44.0,educator
510.0,1033.0,4.0,891496209.0,M,1.0,25.0,other
788.0,518.0,1.0,884132420.0,F,0.0,35.0,administrator
334.0,491.0,3.0,891033231.0,M,1.0,30.0,librarian
477.0,98.0,4.0,880475782.0,M,1.0,27.0,other
189.0,488.0,5.0,893219001.0,M,1.0,30.0,artist
450.0,990.0,5.0,881172246.0,F,0.0,35.0,educator
894.0,483.0,4.0,874874523.0,M,1.0,30.0,marketing
130.0,678.0,3.0,888786927.0,M,1.0,20.0,none
919.0,117.0,2.0,884304592.0,M,1.0,24.0,other
450.0,546.0,3.0,881450029.0,M,1.0,35.0,educator
815.0,496.0,4.0,874730320.0,M,1.0,30.0,other
308.0,692.0,4.0,887745350.0,M,1.0,52.0,retired
567.0,531.0,3.0,877196567.0,M,1.0,23.0,programmer
747.0,1211.0,4.0,888731665.0,M,1.0,18.0,other
328.0,653.0,3.0,885048296.0,M,1.0,45.0,administrator
532.0,661.0,5.0,879444592.0,M,1.0,20.0,student
463.0,234.0,3.0,879517955.0,F,0.0,36.0,healthcare
833.0,827.0,3.0,875182448.0,M,1.0,31.0,writer
634.0,9.0,5.0,884498763.0,M,1.0,50.0,educator
458.0,748.0,4.0,884183685.0,M,1.0,42.0,executive
561.0,965.0,4.0,886031706.0,M,1.0,23.0,engineer
648.0,546.0,5.0,882344944.0,M,1.0,39.0,engineer
397.0,531.0,4.0,882396986.0,M,1.0,24.0,student
790.0,716.0,4.0,880394872.0,M,1.0,26.0,student
653.0,514.0,3.0,876348583.0,M,1.0,29.0,executive
189.0,8.0,3.0,875970149.0,M,1.0,30.0,artist
666.0,948.0,3.0,883875241.0,M,1.0,39.0,administrator
727.0,577.0,2.0,879454079.0,F,0.0,24.0,student
524.0,511.0,3.0,881371159.0,M,1.0,49.0,other
647.0,515.0,3.0,879439283.0,M,1.0,44.0,educator
894.0,742.0,4.0,878961186.0,M,1.0,42.0,educator
642.0,8.0,5.0,879444485.0,F,0.0,27.0,student
758.0,523.0,3.0,881976213.0,M,1.0,26.0,student
308.0,928.0,3.0,887738057.0,M,1.0,52.0,retired
158.0,1025.0,4.0,881172246.0,M,1.0,44.0,educator
634.0,288.0,3.0,878923552.0,M,1.0,35.0,engineer
709.0,746.0,1.0,879365213.0,M,1.0,21.0,other
207.0,781.0,4.0,878849078.0,M,1.0,35.0,marketing
42.0,474.0,3.0,879454172.0,M,1.0,24.0,administrator
194.0,471.0,4.0,879875865.0,M,1.0,35.0,administrator
592.0,568.0,4.0,879446708.0,M,1.0,18.0,student
934.0,476.0,3.0,892567321.0,F,0.0,48.0,librarian
823.0,511.0,3.0,881288164.0,M,1.0,30.0,artist
405.0,682.0,1.0,884365721.0,F,0.0,22.0,healthcare
102.0,496.0,5.0,879793022.0,M,1.0,30.0,programmer
927.0,566.0,5.0,888179684.0,M,1.0,23.0,other
174.0,1047.0,5.0,885848584.0,M,1.0,30.0,administrator
276.0,676.0,3.0,874730108.0,M,1.0,21.0,student
848.0,662.0,3.0,887038765.0,M,1.0,21.0,engineer
810.0,526.0,4.0,881107375.0,M,1.0,22.0,other
406.0,731.0,3.0,879454400.0,M,1.0,46.0,educator
201.0,517.0,3.0,889415922.0,M,1.0,26.0,writer
610.0,12.0,2.0,892607154.0,M,1.0,22.0,student
712.0,771.0,3.0,888556695.0,M,1.0,22.0,student
58.0,674.0,4.0,884290670.0,M,1.0,26.0,programmer
892.0,576.0,3.0,880134296.0,F,0.0,33.0,other
871.0,638.0,4.0,880951775.0,M,1.0,29.0,executive
620.0,473.0,4.0,879362606.0,F,0.0,26.0,student
21.0,257.0,5.0,891991933.0,M,1.0,25.0,writer
141.0,879.0,3.0,889214794.0,M,1.0,43.0,programmer
361.0,5.0,5.0,876179894.0,M,1.0,22.0,student
533.0,751.0,4.0,880606634.0,M,1.0,39.0,other
637.0,647.0,3.0,881371053.0,M,1.0,28.0,other
327.0,890.0,4.0,887736900.0,M,1.0,24.0,student
334.0,697.0,5.0,891548623.0,F,0.0,30.0,librarian
648.0,64.0,3.0,875349849.0,M,1.0,16.0,none
532.0,871.0,3.0,884634842.0,M,1.0,20.0,student
87.0,1233.0,4.0,885044458.0,M,1.0,42.0,administrator
868.0,871.0,3.0,883601007.0,M,1.0,21.0,programmer
130.0,476.0,4.0,875104310.0,M,1.0,20.0,none
536.0,7.0,3.0,874873247.0,M,1.0,35.0,marketing
7.0,628.0,3.0,891495114.0,M,1.0,43.0,librarian
751.0,603.0,2.0,875981813.0,F,0.0,24.0,other
532.0,237.0,3.0,884134485.0,M,1.0,20.0,student
82.0,973.0,4.0,875454962.0,M,1.0,44.0,programmer
524.0,584.0,4.0,881177410.0,M,1.0,49.0,educator
271.0,584.0,4.0,876402319.0,M,1.0,45.0,engineer
711.0,578.0,4.0,879461750.0,F,0.0,46.0,lawyer
758.0,871.0,4.0,880570187.0,F,0.0,36.0,student
788.0,1097.0,4.0,886182837.0,M,1.0,38.0,writer
666.0,7.0,3.0,885690700.0,M,1.0,39.0,administrator
565.0,276.0,4.0,878185821.0,F,0.0,21.0,student
846.0,12.0,4.0,883530562.0,M,1.0,26.0,lawyer
846.0,607.0,3.0,881288234.0,M,1.0,26.0,artist
788.0,1060.0,3.0,884304630.0,M,1.0,30.0,administrator
733.0,528.0,4.0,879454950.0,M,1.0,38.0,other
834.0,603.0,5.0,875653875.0,M,1.0,23.0,entertainment
889.0,1523.0,4.0,880930059.0,M,1.0,23.0,engineer
374.0,237.0,1.0,880403372.0,M,1.0,33.0,executive
546.0,195.0,2.0,882075572.0,M,1.0,27.0,programmer
387.0,482.0,3.0,875245906.0,M,1.0,31.0,entertainment
864.0,527.0,4.0,879858698.0,M,1.0,26.0,programmer
715.0,716.0,3.0,883710919.0,M,1.0,21.0,other
10.0,896.0,5.0,891382900.0,M,1.0,46.0,lawyer
927.0,1009.0,4.0,884366112.0,M,1.0,39.0,scientist
279.0,50.0,1.0,8756529.0,M,1.0,31.0,programmer
804.0,582.0,4.0,880139147.0,M,1.0,35.0,educator
1.0,651.0,4.0,876031886.0,M,1.0,23.0,technician
655.0,747.0,3.0,886477325.0,F,0.0,50.0,healthcare
840.0,9.0,5.0,891385466.0,M,1.0,35.0,artist
59.0,782.0,5.0,888082569.0,F,0.0,43.0,educator
711.0,4.0,4.0,879110544.0,M,1.0,22.0,student
616.0,1084.0,4.0,879440727.0,M,1.0,35.0,educator
334.0,554.0,4.0,891545950.0,M,1.0,30.0,librarian
637.0,466.0,3.0,880179746.0,M,1.0,28.0,other
198.0,631.0,4.0,886271582.0,F,0.0,21.0,student
452.0,462.0,4.0,8798613090.0,M,1.0,32.0,administrator
1.0,4.0,3.0,875280518.0,M,1.0,23.0,technician
768.0,7.0,4.0,879466214.0,M,1.0,27.0,administrator
880.0,752.0,4.0,880179785.0,M,1.0,11.0,student
751.0,535.0,5.0,878542429.0,F,0.0,24.0,other
606.0,202.0,4.0,883326995.0,M,1.0,44.0,programmer
648.0,591.0,4.0,883326652.0,F,0.0,36.0,administrator
31.0,527.0,5.0,877112479.0,M,1.0,23.0,entertainment
64.0,979.0,2.0,889738572.0,M,1.0,30.0,educator
390.0,856.0,3.0,879443363.0,M,1.0,52.0,writer
222.0,661.0,4.0,888069062.0,M,1.0,27.0,programmer
833.0,1041.0,4.0,875247713.0,M,1.0,31.0,writer
524.0,685.0,4.0,884923810.0,F,0.0,49.0,educator
838.0,603.0,3.0,882386756.0,M,1.0,30.0,student
773.0,748.0,4.0,889289123.0,F,0.0,20.0,student
758.0,121.0,4.0,880571950.0,M,1.0,26.0,student
747.0,762.0,3.0,889739975.0,M,1.0,18.0,student
533.0,544.0,5.0,89137896.0,M,1.0,39.0,librarian
90.0,974.0,4.0,892333573.0,M,1.0,52.0,retired
201.0,705.0,4.0,878104542.0,M,1.0,44.0,writer
899.0,763.0,1.0,875313955.0,M,1.0,30.0,student
267.0,880.0,4.0,880571950.0,M,1.0,23.0,engineer
13.0,1063.0,4.0,881450578.0,M,1.0,42.0,educator
682.0,518.0,4.0,889654972.0,M,1.0,23.0,programmer
328.0,735.0,5.0,887736604.0,M,1.0,45.0,administrator
463.0,611.0,4.0,883327442.0,M,1.0,48.0,healthcare
145.0,483.0,3.0,875654097.0,M,1.0,29.0,entertainment
622.0,671.0,5.0,877896816.0,M,1.0,23.0,student
442.0,64.0,3.0,883348873.0,M,1.0,22.0,student
365.0,496.0,3.0,887665515.0,M,1.0,27.0,lawyer
899.0,79.0,5.0,884365186.0,M,1.0,30.0,other
417.0,1014.0,3.0,879453591.0,F,0.0,27.0,other
429.0,9.0,4.0,882869667.0,M,1.0,26.0,student
253.0,792.0,2.0,891384704.0,F,0.0,26.0,librarian
271.0,1039.0,5.0,879022730.0,M,1.0,45.0,engineer
450.0,269.0,4.0,879443397.0,F,0.0,35.0,educator
474.0,732.0,3.0,888479398.0,M,1.0,45.0,writer
805.0,628.0,4.0,880994795.0,M,1.0,27.0,other
287.0,684.0,4.0,875962774.0,M,1.0,21.0,salesman
472.0,839.0,3.0,891374055.0,M,1.0,23.0,student
303.0,628.0,5.0,878738335.0,M,1.0,18.0,student
246.0,632.0,3.0,886833794.0,M,1.0,18.0,student
145.0,476.0,3.0,877131151.0,M,1.0,29.0,entertainment
92.0,934.0,4.0,875652561.0,M,1.0,30.0,entertainment
757.0,127.0,5.0,888549087.0,M,1.0,20.0,student
115.0,472.0,4.0,875309950.0,M,1.0,28.0,engineer
881.0,7.0,2.0,879548066.0,M,1.0,35.0,marketing
160.0,931.0,5.0,888066705.0,M,1.0,26.0,programmer
456.0,14.0,4.0,889237295.0,M,1.0,23.0,technician
913.0,258.0,3.0,888479677.0,M,1.0,27.0,student
130.0,763.0,4.0,880403534.0,M,1.0,20.0,none
708.0,880.0,3.0,875984619.0,M,1.0,41.0,educator
707.0,833.0,3.0,877110695.0,F,0.0,56.0,retired
374.0,604.0,4.0,880332259.0,M,1.0,33.0,executive
87.0,508.0,2.0,876454383.0,M,1.0,50.0,administrator
697.0,724.0,3.0,875984471.0,M,1.0,24.0,other
472.0,515.0,3.0,881653764.0,M,1.0,23.0,student
268.0,696.0,4.0,884128538.0,M,1.0,23.0,engineer
246.0,300.0,1.0,878738335.0,M,1.0,18.0,student
883.0,1097.0,5.0,879988587.0,M,1.0,31.0,librarian
311.0,880.0,2.0,884121072.0,M,1.0,30.0,technician
788.0,511.0,2.0,880915822.0,M,1.0,51.0,administrator
846.0,871.0,2.0,883713352.0,M,1.0,26.0,lawyer
500.0,228.0,4.0,887160495.0,M,1.0,28.0,administrator
634.0,690.0,4.0,877881397.0,M,1.0,35.0,engineer
94.0,735.0,1.0,884293528.0,M,1.0,25.0,student
567.0,567.0,5.0,886485247.0,M,1.0,23.0,entertainment
782.0,462.0,1.0,886394629.0,F,0.0,21.0,artist
201.0,1013.0,3.0,884291413.0,M,1.0,26.0,writer
305.0,823.0,5.0,879440787.0,M,1.0,23.0,student
910.0,511.0,4.0,884365119.0,F,0.0,26.0,healthcare
697.0,708.0,3.0,878850053.0,M,1.0,31.0,other
346.0,523.0,4.0,874950394.0,M,1.0,31.0,other
931.0,484.0,5.0,886480325.0,M,1.0,52.0,educator
472.0,473.0,5.0,879462729.0,M,1.0,23.0,student
453.0,990.0,3.0,875286928.0,M,1.0,22.0,engineer
684.0,607.0,4.0,885678813.0,M,1.0,35.0,engineer
774.0,810.0,3.0,889289491.0,M,1.0,27.0,student
255.0,508.0,3.0,875289570.0,M,1.0,23.0,artist
554.0,748.0,4.0,887911814.0,M,1.0,50.0,administrator
326.0,216.0,4.0,879446480.0,M,1.0,27.0,administrator
535.0,471.0,5.0,886030789.0,M,1.0,33.0,programmer
435.0,568.0,3.0,884121562.0,M,1.0,23.0,engineer
782.0,1095.0,5.0,891195532.0,F,0.0,21.0,artist
58.0,732.0,3.0,880738286.0,M,1.0,26.0,programmer
474.0,523.0,3.0,877107052.0,M,1.0,45.0,executive
158.0,762.0,4.0,880134296.0,M,1.0,44.0,educator
763.0,471.0,3.0,888634987.0,M,1.0,26.0,artist
541.0,815.0,2.0,883599362.0,M,1.0,18.0,student
479.0,237.0,4.0,879444422.0,F,0.0,28.0,educator
933.0,514.0,3.0,880475334.0,M,1.0,23.0,student
896.0,474.0,2.0,8870392203.0,M,1.0,27.0,writer
299.0,596.0,3.0,881107687.0,M,1.0,27.0,doctor
271.0,748.0,3.0,885852059.0,M,1.0,45.0,educator
896.0,834.0,5.0,887158536.0,M,1.0,27.0,programmer
486.0,742.0,4.0,879444872.0,M,1.0,35.0,educator
354.0,69.0,3.0,879119260.0,F,0.0,29.0,librarian
389.0,394.0,4.0,877386938.0,M,1.0,44.0,writer
896.0,686.0,4.0,887159173.0,M,1.0,40.0,writer
805.0,602.0,4.0,881960029.0,M,1.0,27.0,other
537.0,474.0,4.0,886031606.0,M,1.0,33.0,engineer
804.0,821.0,2.0,875243989.0,M,1.0,35.0,other
193.0,515.0,3.0,879464758.0,M,1.0,27.0,student
499.0,631.0,4.0,879461012.0,M,1.0,38.0,programmer
255.0,944.0,3.0,883216544.0,M,1.0,29.0,entertainment
6.0,845.0,5.0,877808162.0,M,1.0,39.0,other
35.0,523.0,4.0,875935699.0,M,1.0,40.0,engineer
711.0,511.0,3.0,880307491.0,F,0.0,22.0,student
655.0,472.0,3.0,883946593.0,F,0.0,50.0,healthcare
932.0,1281.0,4.0,884123327.0,M,1.0,50.0,educator
119.0,56.0,4.0,878759758.0,M,1.0,23.0,programmer
532.0,591.0,4.0,879440448.0,F,0.0,20.0,student
184.0,286.0,4.0,889909462.0,M,1.0,33.0,librarian
392.0,276.0,3.0,877873475.0,M,1.0,44.0,writer
334.0,8.0,3.0,885943685.0,M,1.0,30.0,librarian
592.0,7.0,4.0,879445535.0,M,1.0,18.0,student
559.0,704.0,3.0,879442537.0,M,1.0,59.0,student
320.0,596.0,5.0,884473729.0,M,1.0,18.0,student
883.0,12.0,3.0,891181658.0,M,1.0,43.0,librarian
380.0,587.0,4.0,877196543.0,M,1.0,30.0,engineer
13.0,286.0,5.0,879532416.0,M,1.0,24.0,marketing
790.0,942.0,3.0,883326833.0,M,1.0,31.0,technician
833.0,588.0,3.0,887667714.0,M,1.0,31.0,writer
665.0,542.0,4.0,882962062.0,M,1.0,21.0,student
429.0,527.0,5.0,882359215.0,M,1.0,26.0,student
334.0,237.0,4.0,891549594.0,M,1.0,30.0,librarian
221.0,172.0,4.0,886030707.0,M,1.0,18.0,student
239.0,531.0,4.0,875272657.0,F,0.0,35.0,artist
876.0,969.0,3.0,887737837.0,M,1.0,33.0,other
1.0,611.0,3.0,884050827.0,M,1.0,23.0,technician
497.0,333.0,3.0,880243685.0,M,1.0,22.0,student
886.0,762.0,3.0,874850794.0,M,1.0,20.0,student
221.0,1047.0,1.0,889739993.0,M,1.0,18.0,student
189.0,1079.0,3.0,891415786.0,M,1.0,30.0,artist
933.0,653.0,5.0,875324370.0,M,1.0,27.0,student
532.0,877.0,4.0,889492341.0,M,1.0,20.0,student
346.0,474.0,4.0,889242572.0,M,1.0,23.0,other
299.0,597.0,3.0,889503815.0,M,1.0,27.0,doctor
708.0,323.0,3.0,891386190.0,F,0.0,38.0,librarian
500.0,216.0,5.0,875349825.0,M,1.0,27.0,administrator
234.0,1431.0,4.0,892336165.0,M,1.0,52.0,retired
459.0,588.0,3.0,889789618.0,M,1.0,22.0,student
394.0,879.0,4.0,880606124.0,M,1.0,24.0,administrator
497.0,1090.0,5.0,878576468.0,M,1.0,20.0,student
889.0,462.0,3.0,880167328.0,M,1.0,23.0,technician
454.0,511.0,3.0,882427294.0,F,0.0,50.0,writer
907.0,679.0,4.0,891201796.0,F,0.0,50.0,librarian
758.0,848.0,4.0,879440211.0,M,1.0,23.0,student
897.0,685.0,4.0,878963468.0,M,1.0,28.0,other
213.0,682.0,5.0,878104056.0,M,1.0,31.0,executive
518.0,880.0,3.0,881653514.0,F,0.0,17.0,student
638.0,561.0,4.0,891044157.0,M,1.0,42.0,librarian
747.0,523.0,5.0,886324789.0,M,1.0,18.0,other
741.0,845.0,4.0,891033066.0,F,0.0,24.0,librarian
618.0,544.0,4.0,875324934.0,M,1.0,23.0,programmer
609.0,926.0,4.0,879454919.0,M,1.0,35.0,other
896.0,699.0,3.0,892696207.0,M,1.0,27.0,writer
457.0,12.0,2.0,888068100.0,F,0.0,33.0,salesman
622.0,181.0,3.0,886031524.0,M,1.0,24.0,engineer
701.0,7.0,3.0,887736408.0,M,1.0,22.0,homemaker
901.0,50.0,4.0,878141869.0,M,1.0,27.0,other
871.0,727.0,4.0,884923922.0,M,1.0,29.0,executive
606.0,934.0,4.0,891012434.0,M,1.0,28.0,programmer
457.0,945.0,5.0,891387164.0,F,0.0,33.0,salesman
215.0,477.0,5.0,875280352.0,M,1.0,32.0,programmer
660.0,151.0,3.0,875653087.0,M,1.0,25.0,student
380.0,547.0,4.0,888905865.0,M,1.0,30.0,scientist
405.0,935.0,4.0,884640199.0,F,0.0,22.0,healthcare
894.0,678.0,3.0,879441376.0,M,1.0,42.0,educator
582.0,1023.0,5.0,877386737.0,M,1.0,23.0,technician
432.0,100.0,5.0,879879484.0,M,1.0,45.0,artist
303.0,481.0,4.0,879793767.0,M,1.0,18.0,student
429.0,558.0,5.0,882064200.0,M,1.0,26.0,student
95.0,15.0,1.0,875294902.0,M,1.0,29.0,administrator
758.0,662.0,4.0,880243537.0,M,1.0,26.0,student
270.0,100.0,5.0,876536268.0,M,1.0,18.0,student
419.0,121.0,3.0,889126432.0,M,1.0,26.0,lawyer
543.0,1110.0,3.0,884126072.0,M,1.0,31.0,scientist
588.0,584.0,4.0,875103772.0,M,1.0,21.0,student
25.0,748.0,4.0,884026159.0,M,1.0,35.0,engineer
650.0,972.0,5.0,891548470.0,M,1.0,38.0,engineer
624.0,513.0,3.0,879793628.0,M,1.0,18.0,student
249.0,671.0,3.0,877977074.0,M,1.0,24.0,student
847.0,628.0,4.0,874950232.0,M,1.0,27.0,student
332.0,174.0,2.0,880139246.0,M,1.0,20.0,student
90.0,1.0,3.0,891364375.0,M,1.0,52.0,educator
106.0,423.0,4.0,887736408.0,M,1.0,53.0,retired
459.0,498.0,4.0,880607346.0,M,1.0,22.0,student
458.0,466.0,4.0,881372622.0,M,1.0,42.0,technician
882.0,1536.0,5.0,878184834.0,M,1.0,32.0,engineer
669.0,949.0,3.0,879540112.0,M,1.0,29.0,other
145.0,756.0,3.0,875280352.0,M,1.0,29.0,entertainment
833.0,738.0,4.0,875244919.0,M,1.0,31.0,writer
747.0,1020.0,1.0,884124572.0,M,1.0,18.0,other
588.0,514.0,4.0,884125865.0,M,1.0,43.0,librarian
3.0,697.0,3.0,880139439.0,M,1.0,23.0,student
627.0,663.0,3.0,888465307.0,M,1.0,23.0,programmer
592.0,516.0,4.0,878542850.0,M,1.0,18.0,student
727.0,629.0,3.0,875982824.0,M,1.0,24.0,student
722.0,945.0,1.0,880393979.0,F,0.0,32.0,homemaker
18.0,566.0,3.0,884112901.0,M,1.0,35.0,other
279.0,111.0,4.0,876034706.0,M,1.0,31.0,programmer
902.0,56.0,3.0,8806070005.0,F,0.0,29.0,other
7.0,486.0,5.0,891208452.0,M,1.0,50.0,administrator
13.0,528.0,2.0,891698286.0,M,1.0,42.0,educator
486.0,121.0,2.0,878962966.0,M,1.0,35.0,educator
295.0,615.0,4.0,880174396.0,M,1.0,29.0,educator
393.0,492.0,4.0,879441783.0,M,1.0,18.0,student
1.0,514.0,4.0,875728812.0,M,1.0,23.0,technician
332.0,1013.0,4.0,882955342.0,M,1.0,20.0,student
308.0,723.0,3.0,886030124.0,M,1.0,42.0,educator
99.0,988.0,5.0,879444072.0,M,1.0,20.0,student
279.0,692.0,5.0,879195732.0,M,1.0,31.0,programmer
659.0,751.0,4.0,880236031.0,M,1.0,35.0,educator
871.0,1013.0,5.0,879443851.0,M,1.0,35.0,executive
856.0,613.0,3.0,889907981.0,F,0.0,17.0,student
328.0,603.0,1.0,884064459.0,M,1.0,45.0,administrator
23.0,1207.0,2.0,883216333.0,F,0.0,30.0,artist
851.0,874.0,5.0,886988480.0,M,1.0,18.0,other
916.0,810.0,3.0,880868832.0,M,1.0,26.0,engineer
181.0,528.0,5.0,878961780.0,M,1.0,25.0,executive
566.0,761.0,2.0,883865226.0,M,1.0,20.0,student
6.0,1084.0,3.0,880153340.0,M,1.0,31.0,executive
697.0,741.0,3.0,875244569.0,M,1.0,32.0,other
627.0,216.0,3.0,874948333.0,M,1.0,28.0,engineer
312.0,988.0,3.0,888104281.0,M,1.0,42.0,other
712.0,582.0,3.0,884140577.0,M,1.0,22.0,technician
804.0,746.0,4.0,879304630.0,M,1.0,41.0,writer
354.0,772.0,4.0,878939365.0,F,0.0,29.0,librarian
249.0,7.0,2.0,879435371.0,M,1.0,24.0,student
709.0,709.0,2.0,883446411.0,F,0.0,22.0,other
865.0,864.0,4.0,888906990.0,F,0.0,24.0,artist
566.0,9.0,2.0,880671811.0,M,1.0,20.0,student
864.0,265.0,4.0,888640689.0,M,1.0,26.0,programmer
897.0,1188.0,5.0,880844369.0,M,1.0,30.0,other
210.0,879.0,4.0,876539003.0,M,1.0,35.0,engineer
758.0,237.0,4.0,887737408.0,M,1.0,26.0,student
843.0,825.0,4.0,892777162.0,M,1.0,32.0,librarian
326.0,939.0,3.0,879304773.0,F,0.0,27.0,administrator
488.0,654.0,2.0,885804506.0,M,1.0,23.0,technician
867.0,472.0,3.0,875651548.0,M,1.0,23.0,engineer
462.0,597.0,3.0,879849907.0,F,0.0,17.0,student
222.0,1028.0,4.0,875654898.0,M,1.0,27.0,programmer
254.0,731.0,3.0,882074363.0,M,1.0,39.0,educator
870.0,713.0,3.0,876031253.0,M,1.0,22.0,student
717.0,658.0,5.0,888103818.0,M,1.0,23.0,technician
483.0,813.0,4.0,888906535.0,M,1.0,27.0,scientist
320.0,9.0,3.0,887745862.0,M,1.0,18.0,student
794.0,461.0,5.0,888067691.0,M,1.0,50.0,educator
389.0,1058.0,3.0,879446306.0,F,0.0,44.0,writer
881.0,993.0,4.0,877550401.0,M,1.0,27.0,student
454.0,715.0,5.0,889729564.0,M,1.0,27.0,other
185.0,100.0,4.0,879867085.0,F,0.0,62.0,administrator
727.0,705.0,5.0,883712269.0,M,1.0,24.0,student
221.0,854.0,3.0,889732049.0,M,1.0,18.0,student
584.0,528.0,5.0,891294209.0,M,1.0,36.0,librarian
64.0,1042.0,4.0,879017931.0,M,1.0,31.0,educator
867.0,568.0,2.0,877012437.0,M,1.0,23.0,scientist
394.0,1023.0,1.0,879454383.0,M,1.0,24.0,administrator
883.0,523.0,3.0,891250484.0,M,1.0,43.0,librarian
393.0,703.0,3.0,889739519.0,M,1.0,18.0,student
472.0,202.0,3.0,888890675.0,M,1.0,23.0,student
270.0,568.0,5.0,875054996.0,F,0.0,17.0,student
625.0,749.0,1.0,882385294.0,M,1.0,26.0,programmer
487.0,748.0,5.0,876403085.0,M,1.0,40.0,engineer
788.0,476.0,5.0,882621536.0,M,1.0,45.0,administrator
541.0,328.0,4.0,885599031.0,M,1.0,24.0,student
574.0,690.0,4.0,879484834.0,M,1.0,49.0,educator
943.0,624.0,4.0,880777046.0,M,1.0,22.0,student
524.0,7.0,5.0,891698951.0,M,1.0,49.0,educator
644.0,963.0,3.0,891035435.0,M,1.0,42.0,executive
479.0,12.0,4.0,879444583.0,M,1.0,28.0,educator
83.0,508.0,3.0,885690342.0,M,1.0,36.0,programmer
56.0,498.0,3.0,889415942.0,M,1.0,54.0,educator
75.0,671.0,4.0,886484067.0,M,1.0,23.0,entertainment
589.0,678.0,4.0,880393585.0,M,1.0,21.0,student
236.0,678.0,3.0,889069925.0,M,1.0,44.0,writer
201.0,656.0,3.0,884125857.0,M,1.0,26.0,writer
90.0,8.0,4.0,891201796.0,M,1.0,52.0,educator
405.0,1053.0,5.0,884140458.0,F,0.0,22.0,other
79.0,1110.0,4.0,879446739.0,F,0.0,51.0,administrator
825.0,1546.0,2.0,875509832.0,M,1.0,39.0,engineer
251.0,471.0,3.0,889402902.0,M,1.0,27.0,doctor
295.0,518.0,4.0,879447713.0,M,1.0,29.0,educator
354.0,11.0,5.0,881653413.0,F,0.0,29.0,other
60.0,597.0,4.0,879875612.0,F,0.0,44.0,healthcare
207.0,7.0,2.0,877017773.0,M,1.0,35.0,marketing
393.0,751.0,4.0,884921421.0,M,1.0,18.0,student
580.0,828.0,3.0,888453437.0,M,1.0,20.0,student
605.0,528.0,4.0,891448476.0,M,1.0,35.0,engineer
897.0,172.0,5.0,879110426.0,M,1.0,28.0,programmer
806.0,748.0,2.0,883670385.0,M,1.0,33.0,executive
844.0,181.0,2.0,879442062.0,M,1.0,38.0,engineer
534.0,678.0,4.0,884121079.0,M,1.0,40.0,scientist
927.0,972.0,5.0,8880697410.0,M,1.0,23.0,programmer
815.0,928.0,4.0,879196230.0,M,1.0,30.0,other
308.0,333.0,4.0,887746207.0,M,1.0,52.0,retired
545.0,605.0,2.0,892920480.0,M,1.0,26.0,salesman
94.0,746.0,4.0,889731014.0,M,1.0,25.0,student
343.0,559.0,4.0,888556623.0,M,1.0,39.0,engineer
712.0,100.0,4.0,879901222.0,F,0.0,22.0,technician
291.0,202.0,4.0,874730046.0,M,1.0,18.0,other
834.0,483.0,2.0,888069224.0,M,1.0,23.0,other
472.0,4.0,5.0,888632486.0,M,1.0,23.0,student
718.0,1018.0,2.0,888640107.0,M,1.0,23.0,technician
927.0,673.0,3.0,883781084.0,M,1.0,23.0,programmer
7.0,745.0,3.0,879532340.0,M,1.0,50.0,administrator
194.0,604.0,4.0,879193761.0,M,1.0,35.0,administrator
525.0,258.0,3.0,885848886.0,F,0.0,27.0,administrator
500.0,9.0,2.0,879561786.0,M,1.0,27.0,administrator
60.0,652.0,4.0,883348581.0,M,1.0,46.0,healthcare
181.0,528.0,3.0,875324779.0,M,1.0,25.0,executive
321.0,546.0,5.0,879456608.0,F,0.0,49.0,educator
405.0,294.0,3.0,886441082.0,F,0.0,22.0,healthcare
13.0,461.0,4.0,879444115.0,M,1.0,42.0,educator
468.0,50.0,5.0,876033408.0,M,1.0,28.0,engineer
758.0,939.0,4.0,888892016.0,M,1.0,26.0,student
82.0,515.0,4.0,876403492.0,M,1.0,44.0,programmer
640.0,796.0,4.0,882345165.0,M,1.0,26.0,student
747.0,974.0,5.0,889723689.0,M,1.0,18.0,other
303.0,472.0,3.0,879440628.0,M,1.0,18.0,student
654.0,8.0,4.0,887744093.0,F,0.0,27.0,student
579.0,568.0,5.0,880332048.0,F,0.0,44.0,educator
392.0,581.0,2.0,879364748.0,M,1.0,44.0,writer
116.0,474.0,1.0,879466214.0,F,0.0,36.0,healthcare
638.0,549.0,4.0,891013522.0,M,1.0,38.0,engineer
437.0,713.0,3.0,879540051.0,F,0.0,27.0,student
130.0,471.0,3.0,882398654.0,M,1.0,20.0,none
729.0,658.0,2.0,884923412.0,M,1.0,18.0,student
865.0,762.0,5.0,875652428.0,F,0.0,20.0,none
279.0,739.0,4.0,880606108.0,M,1.0,31.0,programmer
846.0,1039.0,3.0,883948196.0,M,1.0,26.0,lawyer
716.0,191.0,5.0,877103771.0,F,0.0,35.0,marketing
697.0,585.0,1.0,879990531.0,M,1.0,31.0,other
8.0,476.0,3.0,885848802.0,F,0.0,51.0,administrator
782.0,1.0,5.0,891298234.0,F,0.0,21.0,artist
643.0,876.0,5.0,875540020.0,M,1.0,35.0,scientist
406.0,766.0,5.0,879444489.0,M,1.0,46.0,educator
918.0,738.0,4.0,884365045.0,M,1.0,36.0,scientist
13.0,928.0,2.0,891385769.0,M,1.0,42.0,educator
151.0,880.0,4.0,879291704.0,M,1.0,38.0,administrator
757.0,896.0,4.0,878955329.0,M,1.0,25.0,student
778.0,661.0,3.0,883601011.0,M,1.0,23.0,technician
449.0,567.0,5.0,877111153.0,M,1.0,23.0,librarian
224.0,740.0,2.0,881105957.0,F,0.0,31.0,educator
234.0,682.0,4.0,891699265.0,M,1.0,52.0,retired
458.0,573.0,4.0,884304856.0,M,1.0,42.0,technician
870.0,738.0,4.0,880474167.0,M,1.0,22.0,student
458.0,603.0,4.0,885809192.0,M,1.0,42.0,technician
214.0,323.0,5.0,8913751196.0,F,0.0,44.0,librarian
181.0,288.0,2.0,883364465.0,M,1.0,25.0,executive
268.0,946.0,2.0,877635244.0,M,1.0,23.0,engineer
239.0,763.0,4.0,875801796.0,M,1.0,35.0,artist
648.0,678.0,5.0,886028706.0,M,1.0,39.0,engineer
57.0,1079.0,5.0,879442938.0,M,1.0,29.0,marketing
533.0,724.0,5.0,882956551.0,M,1.0,39.0,librarian
890.0,654.0,2.0,87573145930.0,M,1.0,22.0,student
311.0,485.0,1.0,881372402.0,M,1.0,30.0,technician
450.0,1236.0,2.0,880177978.0,F,0.0,35.0,educator
503.0,12.0,3.0,879466459.0,F,0.0,40.0,writer
296.0,5.0,5.0,879443820.0,F,0.0,43.0,administrator
660.0,763.0,4.0,891309419.0,F,0.0,25.0,healthcare
867.0,523.0,5.0,891034812.0,M,1.0,35.0,scientist
524.0,431.0,4.0,879196230.0,M,1.0,49.0,educator
899.0,846.0,3.0,87598498.0,M,1.0,30.0,other
748.0,544.0,4.0,879791662.0,M,1.0,27.0,administrator
435.0,652.0,3.0,880606677.0,M,1.0,23.0,engineer
447.0,479.0,4.0,886608185.0,M,1.0,42.0,administrator
592.0,856.0,5.0,879198994.0,F,0.0,39.0,administrator
293.0,569.0,4.0,875272084.0,M,1.0,23.0,writer
186.0,651.0,4.0,874795563.0,M,1.0,39.0,executive
533.0,477.0,4.0,879444047.0,M,1.0,39.0,librarian
184.0,8.0,3.0,891549667.0,F,0.0,34.0,librarian
693.0,486.0,2.0,884366524.0,F,0.0,41.0,healthcare
846.0,696.0,5.0,891037582.0,F,0.0,26.0,librarian
896.0,588.0,4.0,879990845.0,M,1.0,28.0,writer
815.0,100.0,3.0,878962160.0,M,1.0,30.0,other
483.0,603.0,4.0,879544027.0,F,0.0,35.0,engineer
215.0,496.0,5.0,893214332.0,M,1.0,32.0,programmer
807.0,792.0,4.0,882824090.0,F,0.0,41.0,marketing
719.0,1430.0,3.0,891038401.0,F,0.0,51.0,librarian
486.0,827.0,4.0,879434751.0,M,1.0,35.0,educator
435.0,892.0,3.0,884121572.0,M,1.0,23.0,engineer
122.0,515.0,5.0,884141058.0,F,0.0,32.0,other
130.0,1073.0,4.0,881372911.0,M,1.0,20.0,none
627.0,1203.0,4.0,879442898.0,M,1.0,24.0,other
406.0,527.0,5.0,879424784.0,M,1.0,46.0,educator
634.0,872.0,5.0,879192576.0,M,1.0,35.0,other
297.0,515.0,3.0,879440787.0,F,0.0,29.0,educator
631.0,546.0,4.0,879361673.0,M,1.0,39.0,educator
13.0,674.0,4.0,880332539.0,M,1.0,42.0,educator
387.0,471.0,3.0,886480325.0,M,1.0,31.0,entertainment
60.0,715.0,2.0,883326995.0,M,1.0,48.0,healthcare
758.0,945.0,2.0,880868502.0,M,1.0,26.0,student
470.0,1082.0,3.0,879875935.0,M,1.0,23.0,programmer
669.0,467.0,5.0,879192762.0,M,1.0,34.0,other
650.0,605.0,3.0,891449159.0,M,1.0,38.0,librarian
207.0,752.0,4.0,879454900.0,M,1.0,35.0,marketing
445.0,649.0,3.0,891699655.0,M,1.0,21.0,writer
405.0,1028.0,1.0,884462692.0,F,0.0,22.0,healthcare
655.0,568.0,2.0,886472351.0,F,0.0,42.0,healthcare
910.0,531.0,5.0,891448301.0,M,1.0,44.0,librarian
774.0,8.0,3.0,880931676.0,F,0.0,27.0,student
521.0,569.0,5.0,884675320.0,M,1.0,18.0,student
758.0,7.0,4.0,882425762.0,M,1.0,26.0,student
194.0,487.0,4.0,879191357.0,M,1.0,35.0,administrator
551.0,684.0,4.0,882348159.0,F,0.0,24.0,other
532.0,333.0,4.0,879464292.0,M,1.0,18.0,student
246.0,1030.0,4.0,881514801.0,M,1.0,18.0,student
394.0,927.0,4.0,879447713.0,M,1.0,24.0,administrator
623.0,732.0,3.0,885685934.0,F,0.0,18.0,student
210.0,591.0,4.0,879191371.0,M,1.0,35.0,engineer
896.0,878.0,5.0,875350996.0,M,1.0,28.0,writer
8.0,172.0,4.0,879176424.0,M,1.0,30.0,administrator
360.0,479.0,3.0,875727176.0,M,1.0,35.0,other
279.0,181.0,3.0,889655490.0,M,1.0,31.0,programmer
130.0,969.0,4.0,891385079.0,F,0.0,27.0,none
347.0,333.0,4.0,887744053.0,M,1.0,18.0,student
455.0,684.0,3.0,877838300.0,M,1.0,42.0,administrator
363.0,257.0,5.0,891296709.0,M,1.0,20.0,student
940.0,8.0,4.0,879446654.0,F,0.0,42.0,administrator
380.0,7.0,3.0,886031106.0,M,1.0,30.0,engineer
307.0,705.0,3.0,877196173.0,M,1.0,24.0,student
568.0,708.0,3.0,879361785.0,M,1.0,35.0,educator
538.0,792.0,4.0,879441744.0,M,1.0,33.0,administrator
846.0,1136.0,3.0,883710395.0,M,1.0,26.0,other
733.0,431.0,4.0,879454938.0,M,1.0,44.0,other
887.0,678.0,3.0,879553420.0,F,0.0,11.0,student
870.0,528.0,3.0,880475782.0,M,1.0,22.0,student
92.0,684.0,4.0,885674860.0,M,1.0,30.0,entertainment
554.0,294.0,4.0,876536900.0,F,0.0,45.0,marketing
293.0,741.0,2.0,891192958.0,M,1.0,23.0,writer
724.0,774.0,5.0,877833683.0,M,1.0,21.0,entertainment
796.0,488.0,3.0,891250997.0,M,1.0,32.0,writer
916.0,328.0,4.0,885852577.0,M,1.0,26.0,engineer
651.0,678.0,3.0,877399061.0,F,0.0,35.0,other
87.0,685.0,1.0,879879127.0,M,1.0,42.0,administrator
198.0,678.0,5.0,882398934.0,F,0.0,26.0,student
311.0,662.0,4.0,884129422.0,M,1.0,30.0,technician
389.0,919.0,2.0,889911885.0,F,0.0,44.0,educator
661.0,715.0,4.0,880845410.0,M,1.0,26.0,programmer
201.0,568.0,4.0,875305030.0,M,1.0,26.0,writer
75.0,647.0,5.0,875654727.0,M,1.0,23.0,entertainment
472.0,741.0,3.0,879875805.0,M,1.0,23.0,student
846.0,121.0,2.0,883950380.0,M,1.0,26.0,lawyer
634.0,663.0,3.0,879365618.0,M,1.0,35.0,engineer
592.0,486.0,4.0,880242217.0,M,1.0,54.0,programmer
236.0,466.0,4.0,891034007.0,F,0.0,44.0,writer
110.0,431.0,3.0,879464018.0,M,1.0,18.0,student
795.0,815.0,5.0,877756700.0,M,1.0,28.0,programmer
897.0,549.0,4.0,874875605.0,F,0.0,28.0,other
897.0,7.0,5.0,879993519.0,M,1.0,28.0,other
553.0,691.0,3.0,891956655.0,M,1.0,29.0,executive
458.0,654.0,4.0,886397475.0,M,1.0,26.0,technician
936.0,748.0,3.0,886921433.0,M,1.0,23.0,programmer
786.0,294.0,4.0,875243686.0,M,1.0,36.0,engineer
42.0,1011.0,4.0,879538415.0,M,1.0,28.0,administrator
432.0,7.0,4.0,8759620863.0,M,1.0,23.0,entertainment
896.0,1149.0,3.0,887159839.0,F,0.0,27.0,writer
941.0,10.0,2.0,885478329.0,M,1.0,20.0,student
823.0,685.0,5.0,880134947.0,M,1.0,42.0,administrator
864.0,678.0,4.0,876402837.0,M,1.0,28.0,engineer
835.0,563.0,4.0,880134815.0,M,1.0,30.0,writer
913.0,895.0,3.0,880342957.0,M,1.0,26.0,student
334.0,929.0,4.0,891550793.0,M,1.0,30.0,librarian
521.0,474.0,5.0,886988018.0,M,1.0,18.0,student
466.0,741.0,4.0,879876437.0,M,1.0,42.0,educator
279.0,597.0,5.0,892697982.0,M,1.0,31.0,writer
125.0,48.0,4.0,884035347.0,M,1.0,28.0,lawyer
82.0,441.0,5.0,877975344.0,M,1.0,44.0,programmer
95.0,181.0,4.0,879538218.0,M,1.0,29.0,administrator
299.0,763.0,4.0,881011095.0,M,1.0,27.0,doctor
361.0,1232.0,4.0,879448114.0,M,1.0,18.0,student
727.0,1045.0,4.0,887745340.0,M,1.0,24.0,student
66.0,661.0,5.0,883770226.0,M,1.0,24.0,marketing
548.0,1404.0,3.0,891250703.0,M,1.0,45.0,writer
758.0,474.0,4.0,882397011.0,M,1.0,26.0,student
279.0,651.0,4.0,875310167.0,M,1.0,31.0,programmer
305.0,1022.0,2.0,886324370.0,M,1.0,23.0,programmer
774.0,743.0,3.0,880608992.0,M,1.0,28.0,student
195.0,888.0,2.0,878972346.0,M,1.0,28.0,scientist
664.0,611.0,3.0,874872025.0,M,1.0,27.0,programmer
815.0,7.0,5.0,878698860.0,M,1.0,30.0,other
693.0,195.0,5.0,879307933.0,F,0.0,29.0,administrator
95.0,973.0,4.0,879484159.0,M,1.0,29.0,administrator
106.0,651.0,3.0,884130793.0,M,1.0,52.0,retired
429.0,966.0,4.0,882386896.0,M,1.0,26.0,student
13.0,942.0,4.0,891224915.0,M,1.0,42.0,educator
188.0,10.0,3.0,881651853.0,M,1.0,38.0,student
758.0,151.0,5.0,889739678.0,M,1.0,22.0,student
662.0,484.0,5.0,877563501.0,F,0.0,43.0,healthcare
934.0,10.0,5.0,885848886.0,M,1.0,23.0,engineer
823.0,523.0,5.0,878548022.0,F,0.0,17.0,artist
599.0,473.0,4.0,877107935.0,M,1.0,30.0,student
846.0,685.0,5.0,883949489.0,M,1.0,26.0,lawyer
940.0,1119.0,4.0,879563343.0,F,0.0,30.0,administrator
222.0,333.0,4.0,891378442.0,M,1.0,27.0,programmer
595.0,748.0,3.0,882425828.0,M,1.0,24.0,entertainment
537.0,588.0,4.0,875743468.0,M,1.0,33.0,programmer
670.0,1132.0,3.0,875310273.0,M,1.0,27.0,technician
336.0,547.0,4.0,875640934.0,M,1.0,23.0,salesman
928.0,447.0,2.0,880333446.0,M,1.0,31.0,engineer
655.0,559.0,2.0,879544021.0,F,0.0,50.0,healthcare
269.0,705.0,3.0,891297417.0,M,1.0,31.0,librarian
650.0,288.0,4.0,893214332.0,M,1.0,38.0,engineer
474.0,8.0,5.0,880332657.0,M,1.0,28.0,executive
393.0,707.0,3.0,87875972.0,M,1.0,18.0,student
308.0,873.0,2.0,887736408.0,M,1.0,52.0,retired
653.0,1033.0,3.0,891449237.0,M,1.0,31.0,writer
806.0,694.0,4.0,883949594.0,M,1.0,26.0,marketing
712.0,172.0,5.0,883950695.0,F,0.0,22.0,student
130.0,595.0,3.0,875071395.0,F,0.0,20.0,none
303.0,258.0,5.0,879454172.0,M,1.0,18.0,student
806.0,763.0,4.0,889402671.0,M,1.0,26.0,marketing
201.0,258.0,2.0,884304834.0,M,1.0,28.0,programmer
548.0,527.0,5.0,875242875.0,M,1.0,44.0,educator
645.0,715.0,4.0,876695105.0,M,1.0,42.0,educator
738.0,782.0,5.0,884131946.0,M,1.0,36.0,administrator
151.0,474.0,4.0,883875241.0,M,1.0,38.0,administrator
787.0,1444.0,5.0,878692468.0,F,0.0,10.0,student
524.0,651.0,4.0,891495109.0,F,0.0,49.0,administrator
484.0,659.0,4.0,878544020.0,M,1.0,27.0,programmer
639.0,1028.0,4.0,891282864.0,F,0.0,42.0,librarian
279.0,272.0,4.0,886608611.0,M,1.0,31.0,programmer
708.0,944.0,2.0,885921358.0,M,1.0,56.0,librarian
293.0,678.0,3.0,888904391.0,M,1.0,23.0,writer
537.0,588.0,5.0,886031213.0,M,1.0,33.0,engineer
758.0,531.0,5.0,882398654.0,M,1.0,26.0,student
650.0,565.0,4.0,875963869.0,M,1.0,38.0,engineer
13.0,828.0,4.0,882387933.0,M,1.0,42.0,educator
323.0,1.0,4.0,891293784.0,M,1.0,21.0,salesman
85.0,934.0,3.0,880167435.0,M,1.0,45.0,educator
634.0,603.0,2.0,879440211.0,M,1.0,35.0,other
934.0,603.0,5.0,878157327.0,M,1.0,53.0,engineer
717.0,675.0,3.0,879440628.0,M,1.0,22.0,student
447.0,509.0,4.0,882360459.0,M,1.0,24.0,other
280.0,546.0,5.0,891636244.0,F,0.0,30.0,librarian
393.0,1412.0,4.0,877107800.0,M,1.0,18.0,student
682.0,924.0,4.0,886988585.0,M,1.0,23.0,programmer
405.0,127.0,1.0,886309792.0,F,0.0,22.0,healthcare
406.0,12.0,4.0,879435632.0,M,1.0,46.0,educator
751.0,663.0,5.0,880242737.0,F,0.0,16.0,none
748.0,692.0,5.0,889731010.0,M,1.0,28.0,administrator
13.0,515.0,5.0,879517922.0,M,1.0,42.0,educator
894.0,569.0,4.0,880153214.0,M,1.0,42.0,other
788.0,195.0,4.0,891258574.0,M,1.0,45.0,administrator
715.0,752.0,4.0,879304422.0,M,1.0,21.0,technician
374.0,498.0,4.0,880078629.0,M,1.0,33.0,executive
1.0,721.0,4.0,884304560.0,M,1.0,23.0,technician
378.0,597.0,4.0,880333446.0,M,1.0,22.0,student
401.0,664.0,2.0,883326776.0,F,0.0,44.0,healthcare
880.0,50.0,5.0,880126607.0,M,1.0,26.0,other
551.0,513.0,3.0,882076454.0,M,1.0,24.0,programmer
579.0,831.0,4.0,879793979.0,M,1.0,49.0,educator
639.0,496.0,5.0,891699068.0,M,1.0,42.0,educator
450.0,785.0,5.0,880123485.0,F,0.0,35.0,educator
882.0,294.0,5.0,880821969.0,M,1.0,42.0,marketing
833.0,527.0,4.0,875270715.0,M,1.0,31.0,writer
782.0,519.0,2.0,874787312.0,M,1.0,21.0,artist
625.0,13.0,2.0,893214332.0,M,1.0,26.0,programmer
921.0,515.0,4.0,891388480.0,M,1.0,18.0,student
676.0,528.0,2.0,884365820.0,M,1.0,28.0,other
537.0,866.0,3.0,886032123.0,M,1.0,33.0,engineer
62.0,692.0,4.0,880393554.0,F,0.0,27.0,administrator
325.0,1523.0,4.0,891436639.0,M,1.0,42.0,technician
343.0,515.0,3.0,87524270953.0,M,1.0,39.0,engineer
178.0,423.0,5.0,878344901.0,M,1.0,42.0,other
800.0,746.0,4.0,876537900.0,M,1.0,26.0,programmer
640.0,694.0,3.0,874730320.0,M,1.0,20.0,student
650.0,554.0,3.0,884129827.0,M,1.0,38.0,engineer
95.0,581.0,4.0,879875774.0,M,1.0,29.0,administrator
815.0,7.0,4.0,875243892.0,M,1.0,30.0,other
293.0,744.0,4.0,888906193.0,M,1.0,23.0,writer
467.0,607.0,4.0,882347966.0,M,1.0,27.0,engineer
804.0,554.0,4.0,879461397.0,M,1.0,35.0,educator
891.0,508.0,4.0,880123540.0,F,0.0,51.0,administrator
632.0,675.0,5.0,879235099.0,M,1.0,21.0,student
313.0,7.0,3.0,889739958.0,M,1.0,37.0,marketing
894.0,631.0,4.0,875717647.0,M,1.0,42.0,educator
734.0,715.0,4.0,881172117.0,M,1.0,25.0,writer
334.0,381.0,5.0,891013497.0,M,1.0,30.0,librarian
301.0,673.0,4.0,889737862.0,M,1.0,23.0,student
222.0,707.0,4.0,876537127.0,M,1.0,27.0,programmer
130.0,1223.0,4.0,891439863.0,M,1.0,20.0,none
488.0,127.0,3.0,885807484.0,M,1.0,45.0,administrator
195.0,7.0,4.0,882157427.0,M,1.0,28.0,scientist
301.0,752.0,4.0,888180049.0,F,0.0,23.0,student
846.0,708.0,2.0,883948698.0,M,1.0,26.0,lawyer
671.0,715.0,3.0,892669689.0,M,1.0,26.0,programmer
804.0,7.0,4.0,879990870.0,M,1.0,35.0,educator
468.0,823.0,3.0,886028245.0,M,1.0,27.0,engineer
916.0,566.0,5.0,875661569.0,M,1.0,26.0,programmer
308.0,708.0,4.0,887744328.0,M,1.0,52.0,retired
321.0,496.0,5.0,875050463.0,F,0.0,48.0,educator
207.0,1249.0,3.0,879876741.0,M,1.0,35.0,marketing
758.0,690.0,3.0,883446423.0,M,1.0,26.0,student
588.0,7.0,5.0,881958283.0,F,0.0,17.0,student
119.0,919.0,3.0,880869215.0,M,1.0,30.0,programmer
334.0,662.0,3.0,884364538.0,M,1.0,30.0,librarian
757.0,8.0,5.0,891043509.0,F,0.0,25.0,student
758.0,744.0,3.0,879636604.0,M,1.0,25.0,student
532.0,874.0,4.0,889171804.0,M,1.0,20.0,student
503.0,151.0,5.0,885423865.0,F,0.0,50.0,writer
932.0,629.0,3.0,893214127.0,M,1.0,50.0,administrator
354.0,738.0,1.0,891035781.0,F,0.0,29.0,writer
189.0,7.0,3.0,891209285.0,M,1.0,30.0,programmer
64.0,1046.0,3.0,888442462.0,M,1.0,30.0,executive
85.0,678.0,3.0,879524178.0,M,1.0,45.0,educator
758.0,744.0,4.0,882405137.0,M,1.0,36.0,programmer
392.0,836.0,2.0,879876542.0,M,1.0,46.0,writer
92.0,558.0,5.0,875654735.0,M,1.0,30.0,entertainment
533.0,495.0,5.0,891294176.0,M,1.0,43.0,librarian
561.0,691.0,5.0,875307570.0,M,1.0,23.0,programmer
881.0,471.0,4.0,874787587.0,M,1.0,21.0,marketing
886.0,865.0,4.0,880133656.0,M,1.0,5.0,student
106.0,50.0,2.0,877103722.0,M,1.0,39.0,other
671.0,554.0,4.0,888522964.0,M,1.0,21.0,programmer
130.0,871.0,4.0,876538220.0,M,1.0,20.0,none
819.0,181.0,5.0,879434751.0,M,1.0,30.0,other
717.0,568.0,2.0,878972714.0,M,1.0,25.0,student
569.0,604.0,3.0,879455037.0,M,1.0,31.0,educator
399.0,9.0,5.0,887737210.0,M,1.0,24.0,other
636.0,476.0,4.0,878146984.0,M,1.0,27.0,engineer
1.0,859.0,5.0,880130930.0,M,1.0,23.0,technician
455.0,471.0,2.0,883159969.0,M,1.0,42.0,administrator
833.0,876.0,4.0,833136611.0,M,1.0,31.0,writer
66.0,111.0,5.0,888702991.0,M,1.0,23.0,programmer
916.0,741.0,2.0,880233769.0,M,1.0,26.0,engineer
782.0,1047.0,2.0,891449655.0,M,1.0,21.0,entertainment
606.0,454.0,4.0,892911290.0,M,1.0,27.0,programmer
280.0,5.0,5.0,892335259.0,F,0.0,30.0,librarian
628.0,827.0,5.0,880139171.0,M,1.0,45.0,executive
70.0,963.0,3.0,884125857.0,M,1.0,41.0,engineer
435.0,973.0,1.0,884131090.0,M,1.0,23.0,engineer
582.0,181.0,3.0,89220164.0,M,1.0,23.0,programmer
145.0,719.0,4.0,875130098.0,M,1.0,29.0,entertainment
195.0,741.0,2.0,879524582.0,M,1.0,39.0,scientist
327.0,678.0,4.0,887741504.0,M,1.0,22.0,student
931.0,1059.0,4.0,880134815.0,M,1.0,50.0,educator
297.0,302.0,3.0,879467413.0,M,1.0,29.0,educator
451.0,582.0,4.0,882074453.0,M,1.0,17.0,student
339.0,925.0,4.0,891571073.0,M,1.0,32.0,salesman
877.0,568.0,4.0,875384751.0,M,1.0,39.0,other
441.0,1047.0,3.0,875242865.0,M,1.0,20.0,student
201.0,210.0,3.0,889731760.0,M,1.0,26.0,writer
773.0,1136.0,5.0,879446062.0,M,1.0,20.0,student
790.0,514.0,3.0,884111871.0,M,1.0,36.0,technician
869.0,675.0,4.0,881335164.0,M,1.0,22.0,student
727.0,1028.0,5.0,880332931.0,M,1.0,24.0,student
244.0,566.0,5.0,891192684.0,M,1.0,27.0,technician
593.0,647.0,5.0,892873650.0,F,0.0,31.0,educator
648.0,742.0,4.0,875347499.0,M,1.0,39.0,engineer
913.0,718.0,4.0,882826994.0,M,1.0,26.0,student
405.0,749.0,3.0,876534079.0,F,0.0,22.0,healthcare
73.0,531.0,4.0,879460112.0,M,1.0,23.0,student
472.0,514.0,4.0,877399745.0,M,1.0,23.0,student
833.0,654.0,5.0,884067151.0,F,0.0,31.0,artist
764.0,1313.0,4.0,886324983.0,M,1.0,26.0,administrator
293.0,461.0,3.0,888905005.0,M,1.0,23.0,writer
177.0,775.0,5.0,879546853.0,M,1.0,23.0,programmer
846.0,705.0,4.0,883950792.0,M,1.0,26.0,lawyer
279.0,64.0,5.0,891384606.0,M,1.0,31.0,programmer
102.0,294.0,4.0,880582268.0,M,1.0,35.0,programmer
293.0,7.0,4.0,888907166.0,M,1.0,23.0,writer
848.0,13.0,3.0,887744608.0,M,1.0,41.0,engineer
653.0,431.0,3.0,884130302.0,M,1.0,29.0,engineer
318.0,463.0,4.0,887740575.0,M,1.0,56.0,retired
606.0,648.0,5.0,875242902.0,M,1.0,27.0,programmer
458.0,756.0,3.0,888783541.0,M,1.0,42.0,technician
85.0,742.0,3.0,879365079.0,M,1.0,33.0,administrator
308.0,1410.0,3.0,887736843.0,M,1.0,52.0,retired
712.0,827.0,4.0,891699455.0,M,1.0,29.0,technician
880.0,527.0,5.0,880123563.0,M,1.0,11.0,student
523.0,614.0,4.0,879876256.0,F,0.0,50.0,administrator
95.0,646.0,5.0,879454972.0,M,1.0,29.0,administrator
256.0,478.0,5.0,881366467.0,M,1.0,35.0,none
7.0,7.0,2.0,885941149.0,M,1.0,50.0,administrator
345.0,515.0,4.0,891289932.0,F,0.0,28.0,librarian
490.0,237.0,4.0,891199297.0,F,0.0,29.0,writer
499.0,121.0,3.0,890284642.0,M,1.0,38.0,programmer
59.0,1248.0,3.0,891191477.0,M,1.0,43.0,writer
239.0,513.0,3.0,875640251.0,M,1.0,35.0,artist
627.0,795.0,4.0,876176464.0,M,1.0,23.0,engineer
56.0,186.0,4.0,891191638.0,F,0.0,27.0,librarian
152.0,526.0,4.0,880145245.0,M,1.0,33.0,educator
305.0,628.0,4.0,884131546.0,M,1.0,23.0,programmer
269.0,527.0,2.0,891495813.0,F,0.0,31.0,librarian
23.0,487.0,4.0,879191494.0,M,1.0,23.0,technician
60.0,741.0,1.0,885048357.0,M,1.0,44.0,healthcare
13.0,678.0,4.0,878961724.0,M,1.0,42.0,educator
239.0,1073.0,3.0,884121472.0,M,1.0,35.0,artist
393.0,974.0,4.0,888640116.0,M,1.0,18.0,artist
222.0,449.0,4.0,878961234.0,M,1.0,27.0,programmer
831.0,519.0,4.0,879444580.0,M,1.0,42.0,educator
758.0,22.0,5.0,883710939.0,M,1.0,26.0,student
504.0,288.0,4.0,879458436.0,F,0.0,40.0,writer
809.0,603.0,3.0,884497931.0,M,1.0,27.0,other
308.0,875.0,4.0,887740877.0,M,1.0,52.0,retired
255.0,509.0,5.0,883216918.0,F,0.0,23.0,entertainment
189.0,597.0,3.0,893219151.0,M,1.0,30.0,writer
13.0,15.0,3.0,875242952.0,M,1.0,42.0,educator
361.0,245.0,4.0,879467017.0,M,1.0,22.0,student
848.0,844.0,5.0,887038529.0,M,1.0,41.0,engineer
927.0,478.0,4.0,885157956.0,M,1.0,23.0,programmer
660.0,684.0,4.0,875935699.0,M,1.0,25.0,student
194.0,935.0,4.0,879540051.0,M,1.0,35.0,administrator
291.0,300.0,3.0,884112245.0,M,1.0,18.0,student
425.0,748.0,2.0,880387614.0,M,1.0,18.0,student
383.0,568.0,4.0,879531499.0,M,1.0,39.0,administrator
601.0,845.0,4.0,876266960.0,F,0.0,18.0,artist
889.0,7.0,3.0,875242990.0,M,1.0,24.0,other
535.0,762.0,5.0,878973614.0,M,1.0,33.0,executive
705.0,22.0,3.0,883949380.0,M,1.0,21.0,student
653.0,195.0,4.0,879465986.0,M,1.0,29.0,other
532.0,781.0,3.0,875970049.0,M,1.0,20.0,student
548.0,716.0,4.0,879191563.0,M,1.0,33.0,executive
788.0,111.0,3.0,880235993.0,M,1.0,45.0,administrator
291.0,1028.0,5.0,878962614.0,M,1.0,18.0,student
429.0,588.0,4.0,882385729.0,M,1.0,26.0,student
213.0,210.0,5.0,881108886.0,M,1.0,31.0,executive
102.0,724.0,4.0,880332834.0,M,1.0,26.0,programmer
452.0,174.0,5.0,876504582.0,M,1.0,27.0,artist
883.0,515.0,5.0,891367490.0,F,0.0,43.0,librarian
901.0,546.0,4.0,880604945.0,M,1.0,35.0,engineer
21.0,866.0,5.0,888887021.0,F,0.0,25.0,writer
554.0,531.0,4.0,884131716.0,M,1.0,30.0,scientist
741.0,474.0,3.0,875653560.0,M,1.0,24.0,entertainment
94.0,869.0,1.0,880175671.0,F,0.0,25.0,student
864.0,682.0,4.0,875242893.0,M,1.0,26.0,programmer
361.0,474.0,2.0,875048762.0,M,1.0,22.0,student
716.0,474.0,3.0,885158712.0,M,1.0,26.0,technician
207.0,496.0,4.0,884993610.0,M,1.0,35.0,doctor
894.0,785.0,4.0,879446763.0,M,1.0,32.0,writer
327.0,707.0,4.0,887745538.0,M,1.0,22.0,student
871.0,934.0,5.0,891037803.0,M,1.0,29.0,executive
871.0,523.0,3.0,877013921.0,M,1.0,29.0,executive
826.0,484.0,4.0,892697794.0,M,1.0,30.0,artist
627.0,1232.0,3.0,891353703.0,M,1.0,34.0,librarian
763.0,511.0,3.0,891034766.0,M,1.0,45.0,artist
320.0,483.0,4.0,884921793.0,M,1.0,18.0,student
385.0,12.0,4.0,879532537.0,M,1.0,33.0,writer
303.0,513.0,5.0,879794898.0,M,1.0,18.0,student
727.0,742.0,3.0,879447811.0,F,0.0,24.0,librarian
749.0,576.0,3.0,881372174.0,M,1.0,31.0,other
707.0,708.0,4.0,879877930.0,F,0.0,56.0,librarian
592.0,723.0,3.0,884923592.0,M,1.0,18.0,student
831.0,121.0,2.0,889124878.0,M,1.0,40.0,educator
326.0,678.0,5.0,879365212.0,M,1.0,37.0,administrator
417.0,1091.0,4.0,875324370.0,F,0.0,27.0,other
7.0,1033.0,5.0,880177941.0,F,0.0,50.0,administrator
5.0,12.0,3.0,879454963.0,F,0.0,35.0,educator
125.0,538.0,3.0,891035922.0,M,1.0,28.0,lawyer
665.0,1097.0,4.0,882621615.0,M,1.0,24.0,student
279.0,604.0,4.0,886394550.0,M,1.0,31.0,programmer
596.0,845.0,4.0,889730117.0,F,0.0,17.0,student
326.0,5.0,5.0,879435369.0,M,1.0,43.0,administrator
815.0,910.0,3.0,875296087.0,F,0.0,41.0,programmer
724.0,56.0,4.0,878849873.0,M,1.0,29.0,student
843.0,699.0,4.0,879442362.0,M,1.0,32.0,librarian
847.0,871.0,5.0,877807935.0,M,1.0,27.0,student
87.0,515.0,4.0,879569984.0,M,1.0,42.0,administrator
804.0,461.0,3.0,879443701.0,M,1.0,35.0,educator
588.0,237.0,3.0,882956551.0,M,1.0,21.0,student
561.0,756.0,1.0,885154866.0,M,1.0,23.0,engineer
548.0,9.0,1.0,8912938.0,M,1.0,43.0,engineer
796.0,515.0,5.0,892790953.0,M,1.0,32.0,writer
645.0,12.0,4.0,885921390.0,M,1.0,27.0,administrator
89.0,603.0,5.0,879442997.0,M,1.0,44.0,artist
749.0,709.0,4.0,892771073.0,M,1.0,31.0,other
724.0,514.0,4.0,884129869.0,M,1.0,29.0,executive
429.0,763.0,4.0,882385421.0,M,1.0,26.0,student
339.0,979.0,4.0,891723862.0,M,1.0,32.0,lawyer
499.0,431.0,3.0,888082771.0,M,1.0,39.0,programmer
645.0,514.0,4.0,884365790.0,M,1.0,26.0,programmer
268.0,523.0,3.0,885479331.0,M,1.0,23.0,engineer
568.0,611.0,3.0,879444052.0,M,1.0,45.0,educator
452.0,514.0,4.0,879876689.0,M,1.0,32.0,administrator
160.0,7.0,3.0,882387603.0,M,1.0,26.0,programmer
378.0,237.0,4.0,880406599.0,M,1.0,20.0,student
378.0,944.0,4.0,888639829.0,M,1.0,32.0,writer
238.0,181.0,3.0,888891788.0,F,0.0,42.0,administrator
532.0,526.0,4.0,877386961.0,M,1.0,20.0,student
537.0,518.0,3.0,879794551.0,M,1.0,33.0,programmer
751.0,742.0,5.0,879553584.0,M,1.0,24.0,other
712.0,685.0,2.0,880135990.0,F,0.0,50.0,administrator
472.0,631.0,3.0,879454860.0,M,1.0,23.0,student
109.0,748.0,4.0,876016571.0,M,1.0,27.0,other
271.0,196.0,5.0,886921213.0,M,1.0,45.0,programmer
497.0,682.0,5.0,879442453.0,M,1.0,20.0,student
624.0,531.0,4.0,879876862.0,M,1.0,18.0,student
474.0,405.0,4.0,887911444.0,M,1.0,45.0,executive
655.0,431.0,4.0,889739327.0,F,0.0,50.0,healthcare
26.0,471.0,3.0,885810586.0,M,1.0,43.0,engineer
378.0,874.0,3.0,880937131.0,M,1.0,32.0,student
645.0,127.0,1.0,888451615.0,M,1.0,42.0,writer
833.0,581.0,5.0,889289278.0,M,1.0,31.0,writer
712.0,493.0,4.0,879461301.0,F,0.0,28.0,other
943.0,1029.0,4.0,883326497.0,M,1.0,22.0,student
299.0,716.0,3.0,880603594.0,M,1.0,27.0,doctor
567.0,845.0,4.0,882826644.0,M,1.0,23.0,student
932.0,50.0,3.0,879441387.0,M,1.0,25.0,educator
707.0,752.0,2.0,879876824.0,F,0.0,32.0,librarian
95.0,662.0,5.0,884999242.0,M,1.0,29.0,administrator
201.0,661.0,1.0,879454630.0,M,1.0,26.0,writer
634.0,628.0,3.0,891199682.0,M,1.0,35.0,engineer
235.0,595.0,3.0,881653800.0,M,1.0,34.0,educator
622.0,7.0,3.0,882397014.0,M,1.0,24.0,programmer
459.0,14.0,4.0,879389712.0,M,1.0,28.0,librarian
361.0,516.0,4.0,880242974.0,F,0.0,22.0,student
279.0,1281.0,4.0,875729471.0,M,1.0,31.0,programmer
532.0,881.0,4.0,879310792.0,M,1.0,20.0,student
790.0,12.0,5.0,891369210.0,M,1.0,26.0,writer
456.0,9.0,4.0,875731868.0,M,1.0,23.0,technician
659.0,971.0,4.0,891037499.0,M,1.0,59.0,educator
939.0,431.0,4.0,875464021.0,F,0.0,42.0,writer
343.0,210.0,4.0,876404535.0,M,1.0,39.0,engineer
694.0,513.0,2.0,880923489.0,M,1.0,42.0,programmer
109.0,889.0,4.0,880925199.0,M,1.0,27.0,other
200.0,15.0,5.0,880569075.0,M,1.0,36.0,programmer
447.0,841.0,1.0,878854630.0,M,1.0,28.0,lawyer
393.0,679.0,3.0,889651349.0,M,1.0,18.0,student
542.0,4.0,1.0,880572757.0,F,0.0,18.0,student
595.0,566.0,4.0,883709266.0,F,0.0,29.0,librarian
901.0,473.0,4.0,881958343.0,M,1.0,27.0,student
5.0,628.0,5.0,883601406.0,F,0.0,33.0,other
130.0,1213.0,3.0,884363716.0,M,1.0,20.0,none
378.0,4.0,5.0,877910769.0,M,1.0,30.0,student
823.0,50.0,3.0,889739051.0,M,1.0,26.0,librarian
497.0,524.0,3.0,886473761.0,M,1.0,20.0,student
693.0,685.0,3.0,876513897.0,M,1.0,24.0,other
466.0,1032.0,4.0,875743868.0,M,1.0,22.0,salesman
682.0,588.0,4.0,885678759.0,M,1.0,23.0,programmer
276.0,676.0,3.0,874830794.0,M,1.0,21.0,student
527.0,732.0,3.0,875743968.0,M,1.0,23.0,programmer
756.0,176.0,3.0,884126636.0,M,1.0,30.0,programmer
387.0,276.0,2.0,888104116.0,M,1.0,31.0,entertainment
236.0,7.0,5.0,889739051.0,M,1.0,44.0,writer
885.0,1.0,4.0,880186695.0,F,0.0,30.0,technician
326.0,733.0,2.0,879875726.0,M,1.0,45.0,administrator
60.0,1008.0,5.0,883348442.0,M,1.0,44.0,healthcare
244.0,866.0,4.0,888556963.0,M,1.0,27.0,technician
870.0,607.0,3.0,880396566.0,M,1.0,22.0,student
449.0,7.0,2.0,879435734.0,M,1.0,22.0,student
445.0,684.0,4.0,887161657.0,M,1.0,21.0,writer
521.0,472.0,3.0,891034007.0,M,1.0,18.0,student
758.0,1028.0,2.0,880925781.0,M,1.0,26.0,student
694.0,568.0,3.0,880845596.0,M,1.0,20.0,salesman
429.0,519.0,2.0,882360623.0,M,1.0,26.0,student
419.0,1149.0,2.0,879447591.0,M,1.0,31.0,lawyer
59.0,7.0,3.0,882397201.0,M,1.0,43.0,educator
671.0,1166.0,2.0,878184834.0,M,1.0,27.0,programmer
395.0,482.0,5.0,879435435.0,M,1.0,39.0,artist
758.0,459.0,4.0,882385294.0,M,1.0,26.0,student
477.0,10.0,2.0,887047222.0,F,0.0,28.0,student
243.0,659.0,4.0,888103904.0,M,1.0,31.0,educator
393.0,474.0,3.0,875659876.0,M,1.0,18.0,student
899.0,12.0,2.0,882139616.0,M,1.0,30.0,other
615.0,732.0,5.0,879441613.0,M,1.0,35.0,educator
615.0,431.0,5.0,879464306.0,M,1.0,35.0,educator
407.0,661.0,3.0,876403797.0,M,1.0,27.0,engineer
566.0,719.0,4.0,875728403.0,F,0.0,20.0,student
230.0,323.0,3.0,879530306.0,F,0.0,28.0,student
435.0,517.0,4.0,884141484.0,M,1.0,23.0,engineer
497.0,682.0,5.0,879440628.0,M,1.0,20.0,student
533.0,1023.0,5.0,879191676.0,F,0.0,39.0,librarian
234.0,50.0,5.0,892079237.0,M,1.0,52.0,retired
659.0,597.0,3.0,880149999.0,M,1.0,29.0,marketing
748.0,561.0,4.0,879111086.0,F,0.0,35.0,other
468.0,614.0,4.0,881107773.0,M,1.0,27.0,engineer
256.0,859.0,5.0,875655074.0,F,0.0,35.0,none
457.0,202.0,3.0,884128554.0,F,0.0,35.0,salesman
885.0,751.0,5.0,879949153.0,M,1.0,30.0,other
393.0,269.0,3.0,877891748.0,M,1.0,18.0,student
788.0,484.0,3.0,879446209.0,F,0.0,45.0,administrator
296.0,678.0,5.0,879876663.0,F,0.0,43.0,administrator
642.0,566.0,4.0,887911507.0,F,0.0,17.0,student
682.0,11.0,4.0,875318114.0,M,1.0,23.0,programmer
758.0,1074.0,2.0,882345658.0,M,1.0,26.0,student
246.0,1228.0,4.0,886988584.0,M,1.0,26.0,student
200.0,9.0,4.0,880827584.0,M,1.0,36.0,programmer
210.0,294.0,4.0,880571814.0,M,1.0,35.0,engineer
330.0,447.0,4.0,889739883.0,F,0.0,35.0,educator
518.0,707.0,3.0,8881045.0,F,0.0,35.0,artist
268.0,705.0,4.0,891357490.0,M,1.0,23.0,engineer
819.0,7.0,5.0,879485851.0,M,1.0,28.0,administrator
923.0,1047.0,5.0,889289617.0,M,1.0,27.0,student
435.0,682.0,4.0,884364538.0,M,1.0,23.0,engineer
664.0,979.0,5.0,875310326.0,M,1.0,26.0,engineer
290.0,14.0,1.0,876404450.0,M,1.0,36.0,engineer
604.0,651.0,2.0,879634244.0,M,1.0,35.0,educator
145.0,981.0,4.0,875148209.0,M,1.0,29.0,entertainment
409.0,1041.0,3.0,879793086.0,M,1.0,42.0,administrator
301.0,484.0,4.0,889241462.0,M,1.0,23.0,programmer
548.0,603.0,3.0,879456719.0,M,1.0,40.0,administrator
468.0,471.0,4.0,875983968.0,M,1.0,23.0,engineer
416.0,431.0,4.0,887046292.0,F,0.0,20.0,student
472.0,1135.0,2.0,889740462.0,M,1.0,23.0,student
733.0,758.0,2.0,878941188.0,F,0.0,30.0,other
606.0,1090.0,4.0,878962986.0,M,1.0,27.0,programmer
833.0,548.0,5.0,875153825.0,M,1.0,31.0,writer
10.0,947.0,4.0,883949336.0,M,1.0,28.0,lawyer
592.0,946.0,5.0,889681248.0,M,1.0,18.0,student
293.0,89.0,4.0,888907674.0,M,1.0,23.0,writer
499.0,1028.0,4.0,879969644.0,M,1.0,38.0,programmer
890.0,496.0,4.0,877533567.0,M,1.0,11.0,student
110.0,474.0,4.0,888068082.0,M,1.0,18.0,student
517.0,790.0,3.0,887159502.0,M,1.0,23.0,writer
805.0,703.0,4.0,880572581.0,M,1.0,27.0,healthcare
631.0,815.0,5.0,876032344.0,M,1.0,23.0,student
497.0,7.0,5.0,887744053.0,M,1.0,20.0,student
711.0,98.0,4.0,876266770.0,M,1.0,22.0,student
663.0,976.0,3.0,889651572.0,F,0.0,32.0,writer
303.0,523.0,3.0,879876672.0,M,1.0,18.0,student
125.0,168.0,4.0,879444080.0,M,1.0,28.0,lawyer
555.0,724.0,4.0,879530106.0,F,0.0,29.0,educator
130.0,678.0,4.0,881371053.0,M,1.0,20.0,none
207.0,697.0,4.0,877910278.0,M,1.0,35.0,marketing
123.0,939.0,3.0,879446186.0,F,0.0,44.0,artist
393.0,751.0,5.0,882426812.0,M,1.0,18.0,student
901.0,631.0,5.0,880889553.0,M,1.0,25.0,executive
234.0,1132.0,3.0,892336286.0,M,1.0,52.0,retired
640.0,697.0,3.0,874730124.0,F,0.0,20.0,student
768.0,519.0,4.0,879441397.0,M,1.0,27.0,administrator
327.0,1084.0,4.0,884729936.0,F,0.0,22.0,student
85.0,689.0,4.0,879436932.0,M,1.0,45.0,educator
846.0,795.0,3.0,883949380.0,M,1.0,26.0,lawyer
255.0,689.0,4.0,875310315.0,M,1.0,23.0,entertainment
94.0,584.0,5.0,887822462.0,M,1.0,25.0,student
276.0,546.0,3.0,875038850.0,M,1.0,21.0,student
456.0,515.0,4.0,880356025.0,M,1.0,23.0,technician
7.0,659.0,3.0,880528571.0,F,0.0,50.0,administrator
790.0,664.0,3.0,883949046.0,M,1.0,26.0,technician
269.0,607.0,2.0,891723355.0,F,0.0,31.0,librarian
430.0,431.0,3.0,886323445.0,M,1.0,35.0,scientist
757.0,678.0,4.0,888081743.0,M,1.0,25.0,student
343.0,117.0,4.0,875280518.0,M,1.0,40.0,engineer
782.0,96.0,4.0,891385751.0,M,1.0,21.0,artist
130.0,210.0,1.0,888104116.0,M,1.0,20.0,none
741.0,684.0,3.0,875462795.0,M,1.0,24.0,writer
729.0,925.0,5.0,891249678.0,F,0.0,20.0,student
331.0,762.0,3.0,877892016.0,M,1.0,31.0,entertainment
10.0,11.0,4.0,891045632.0,M,1.0,46.0,lawyer
707.0,79.0,4.0,885158329.0,F,0.0,56.0,librarian
205.0,735.0,3.0,884132620.0,M,1.0,22.0,lawyer
588.0,885.0,4.0,879441562.0,M,1.0,21.0,lawyer
293.0,597.0,3.0,888907499.0,M,1.0,23.0,writer
452.0,611.0,3.0,878576795.0,M,1.0,32.0,administrator
256.0,689.0,5.0,883865952.0,F,0.0,35.0,none
293.0,479.0,2.0,881188234.0,M,1.0,23.0,writer
595.0,646.0,5.0,888180049.0,M,1.0,24.0,writer
758.0,1099.0,3.0,875679846.0,M,1.0,26.0,student
863.0,9.0,3.0,879540125.0,M,1.0,17.0,student
6.0,14.0,5.0,884131785.0,M,1.0,38.0,executive
533.0,547.0,5.0,879192922.0,M,1.0,39.0,librarian
280.0,929.0,1.0,891544232.0,F,0.0,30.0,librarian
311.0,748.0,5.0,884366010.0,M,1.0,30.0,technician
561.0,531.0,4.0,891498434.0,M,1.0,31.0,librarian
707.0,939.0,5.0,891384152.0,F,0.0,56.0,homemaker
553.0,1019.0,3.0,892527156.0,M,1.0,35.0,educator
194.0,484.0,4.0,879452750.0,M,1.0,35.0,administrator
13.0,1060.0,4.0,880130944.0,M,1.0,42.0,educator
592.0,746.0,3.0,880243093.0,M,1.0,18.0,student
213.0,705.0,3.0,878973824.0,M,1.0,31.0,executive
128.0,82.0,3.0,891449476.0,F,0.0,24.0,marketing
393.0,98.0,4.0,889738020.0,M,1.0,18.0,student
272.0,827.0,3.0,879449539.0,M,1.0,31.0,scientist
40.0,728.0,3.0,876402756.0,M,1.0,35.0,scientist
682.0,940.0,4.0,879570935.0,M,1.0,23.0,programmer
727.0,891.0,2.0,889731088.0,M,1.0,24.0,student
523.0,13.0,4.0,87945448840.0,F,0.0,46.0,educator
696.0,531.0,4.0,875224492.0,M,1.0,26.0,programmer
655.0,832.0,3.0,875265105.0,F,0.0,50.0,healthcare
92.0,1279.0,3.0,884498431.0,M,1.0,30.0,writer
804.0,258.0,3.0,891192936.0,M,1.0,27.0,other
423.0,578.0,4.0,880152627.0,M,1.0,29.0,educator
320.0,889.0,1.0,8891256798.0,M,1.0,18.0,student
595.0,204.0,5.0,879454900.0,F,0.0,29.0,educator
250.0,748.0,5.0,881720955.0,M,1.0,27.0,student
855.0,1063.0,2.0,891013909.0,M,1.0,26.0,librarian
429.0,1073.0,4.0,882340850.0,M,1.0,26.0,student
94.0,833.0,5.0,882074863.0,M,1.0,25.0,student
618.0,12.0,2.0,880132711.0,F,0.0,11.0,student
87.0,498.0,4.0,880572330.0,M,1.0,42.0,administrator
44.0,678.0,3.0,889669975.0,M,1.0,25.0,technician
290.0,12.0,4.0,889493818.0,M,1.0,36.0,engineer
411.0,778.0,3.0,879874830.0,M,1.0,31.0,educator
346.0,7.0,4.0,879993619.0,M,1.0,31.0,other
883.0,646.0,4.0,879866480.0,M,1.0,30.0,marketing
437.0,471.0,4.0,878886676.0,M,1.0,27.0,other
592.0,1234.0,5.0,885849154.0,M,1.0,18.0,student
236.0,762.0,5.0,889655162.0,F,0.0,44.0,writer
627.0,50.0,4.0,882386209.0,M,1.0,24.0,student
221.0,687.0,2.0,879441716.0,M,1.0,18.0,student
6.0,294.0,2.0,880057137.0,M,1.0,35.0,executive
232.0,679.0,5.0,875280352.0,M,1.0,40.0,scientist
717.0,9.0,5.0,883601607.0,F,0.0,18.0,other
189.0,526.0,5.0,884124390.0,M,1.0,30.0,artist
823.0,8.0,4.0,878438179.0,M,1.0,24.0,artist
86.0,638.0,4.0,880924129.0,F,0.0,42.0,administrator
727.0,5.0,5.0,888451245.0,M,1.0,24.0,student
704.0,466.0,5.0,891384357.0,F,0.0,51.0,librarian
660.0,751.0,1.0,891195663.0,M,1.0,25.0,other
308.0,615.0,1.0,887742964.0,M,1.0,52.0,retired
666.0,121.0,3.0,880139090.0,M,1.0,39.0,administrator
551.0,1228.0,4.0,878576822.0,M,1.0,24.0,programmer
627.0,15.0,2.0,880337056.0,M,1.0,23.0,engineer
405.0,927.0,4.0,891033773.0,F,0.0,22.0,healthcare
932.0,678.0,4.0,891208630.0,M,1.0,50.0,educator
499.0,566.0,3.0,888082761.0,M,1.0,38.0,programmer
254.0,288.0,5.0,879191783.0,M,1.0,39.0,educator
92.0,393.0,3.0,888069259.0,M,1.0,30.0,entertainment
880.0,1233.0,3.0,881650242.0,M,1.0,11.0,student
90.0,662.0,4.0,891699182.0,M,1.0,42.0,educator
757.0,695.0,3.0,880572987.0,M,1.0,24.0,student
56.0,471.0,4.0,889908694.0,M,1.0,43.0,librarian
343.0,514.0,5.0,886029967.0,M,1.0,39.0,engineer
553.0,577.0,4.0,879307935.0,F,0.0,54.0,administrator
308.0,715.0,4.0,887736900.0,M,1.0,70.0,retired
200.0,1101.0,4.0,881650242.0,M,1.0,36.0,programmer
82.0,9.0,3.0,875338865.0,M,1.0,44.0,programmer
345.0,662.0,4.0,88528791.0,F,0.0,28.0,librarian
896.0,941.0,2.0,887160253.0,M,1.0,27.0,writer
846.0,237.0,4.0,883948003.0,M,1.0,26.0,lawyer
835.0,582.0,4.0,879530145.0,M,1.0,44.0,executive
774.0,684.0,3.0,879454871.0,M,1.0,27.0,student
606.0,661.0,4.0,880844891.0,M,1.0,27.0,programmer
135.0,431.0,3.0,884368538.0,M,1.0,23.0,programmer
882.0,748.0,5.0,882401356.0,M,1.0,21.0,entertainment
327.0,491.0,3.0,887740850.0,M,1.0,22.0,student
546.0,831.0,4.0,882385499.0,M,1.0,20.0,educator
655.0,875.0,4.0,888904696.0,M,1.0,50.0,doctor
21.0,474.0,5.0,874787527.0,M,1.0,30.0,artist
552.0,903.0,4.0,875289849.0,M,1.0,20.0,none
276.0,663.0,4.0,875071543.0,M,1.0,21.0,student
101.0,11.0,5.0,880608873.0,M,1.0,20.0,student
246.0,56.0,3.0,886988912.0,M,1.0,18.0,student
13.0,4.0,5.0,879446445.0,M,1.0,42.0,educator
903.0,724.0,3.0,879876583.0,M,1.0,35.0,educator
151.0,7.0,2.0,879305077.0,M,1.0,38.0,administrator
535.0,531.0,3.0,879443300.0,F,0.0,45.0,educator
890.0,682.0,3.0,880181381.0,M,1.0,31.0,technician
887.0,174.0,4.0,889289472.0,M,1.0,11.0,student
174.0,521.0,4.0,884050502.0,F,0.0,22.0,student
833.0,549.0,5.0,875261938.0,M,1.0,31.0,writer
6.0,496.0,3.0,879876781.0,M,1.0,38.0,engineer
405.0,300.0,3.0,877818711.0,F,0.0,22.0,healthcare
532.0,1059.0,5.0,883710475.0,M,1.0,20.0,student
782.0,832.0,4.0,885806022.0,M,1.0,32.0,artist
1.0,845.0,2.0,892696209.0,M,1.0,23.0,technician
710.0,4.0,3.0,87535484898.0,M,1.0,22.0,student
703.0,474.0,4.0,884129191.0,F,0.0,40.0,librarian
295.0,496.0,5.0,879795399.0,M,1.0,29.0,educator
295.0,682.0,4.0,879876611.0,M,1.0,29.0,educator
392.0,186.0,1.0,888451541.0,M,1.0,43.0,writer
936.0,513.0,4.0,875310472.0,M,1.0,23.0,student
463.0,607.0,4.0,888632468.0,F,0.0,45.0,healthcare
268.0,8.0,4.0,878438262.0,M,1.0,23.0,engineer
634.0,1049.0,4.0,879454383.0,M,1.0,35.0,engineer
367.0,568.0,4.0,881653912.0,M,1.0,18.0,student
85.0,582.0,4.0,879786974.0,M,1.0,44.0,educator
751.0,969.0,5.0,892777459.0,M,1.0,24.0,other
381.0,661.0,5.0,891217856.0,F,0.0,35.0,artist
250.0,534.0,2.0,878972626.0,M,1.0,27.0,executive
671.0,735.0,4.0,888519551.0,M,1.0,23.0,programmer
7.0,1041.0,3.0,892550495.0,M,1.0,50.0,administrator
447.0,591.0,4.0,888451763.0,M,1.0,45.0,administrator
299.0,974.0,4.0,879448897.0,M,1.0,27.0,doctor
207.0,1028.0,2.0,884103773.0,M,1.0,35.0,marketing
567.0,652.0,4.0,883601307.0,M,1.0,23.0,technician
235.0,476.0,4.0,889738049.0,M,1.0,34.0,educator
679.0,693.0,4.0,891201936.0,M,1.0,28.0,educator
328.0,568.0,4.0,880174990.0,M,1.0,45.0,administrator
51.0,50.0,4.0,879454982.0,F,0.0,39.0,administrator
648.0,847.0,5.0,886042339.0,M,1.0,39.0,engineer
557.0,646.0,5.0,888907939.0,M,1.0,27.0,programmer
556.0,12.0,4.0,879875717.0,M,1.0,35.0,educator
23.0,827.0,4.0,884291520.0,M,1.0,30.0,writer
428.0,8.0,3.0,883348873.0,M,1.0,26.0,student
189.0,709.0,4.0,893218443.0,F,0.0,30.0,artist
92.0,872.0,3.0,875653325.0,M,1.0,30.0,entertainment
85.0,294.0,4.0,879466604.0,M,1.0,45.0,other
527.0,15.0,5.0,875324937.0,M,1.0,31.0,librarian
843.0,576.0,4.0,879441654.0,M,1.0,32.0,librarian
642.0,546.0,3.0,885599307.0,M,1.0,21.0,student
437.0,751.0,4.0,885357785.0,M,1.0,28.0,other
632.0,607.0,5.0,891250490.0,M,1.0,18.0,student
189.0,491.0,5.0,893214286.0,M,1.0,30.0,artist
807.0,12.0,5.0,885948886.0,F,0.0,56.0,librarian
194.0,1039.0,2.0,879111937.0,M,1.0,35.0,administrator
361.0,932.0,5.0,879365762.0,M,1.0,22.0,student
7.0,705.0,4.0,880843660.0,M,1.0,22.0,technician
393.0,9.0,3.0,889121779.0,M,1.0,18.0,student
881.0,459.0,4.0,875653150.0,M,1.0,35.0,marketing
346.0,474.0,4.0,891436532.0,M,1.0,31.0,other
615.0,665.0,5.0,879460236.0,M,1.0,31.0,programmer
234.0,100.0,3.0,891250798.0,F,0.0,29.0,librarian
590.0,56.0,2.0,891262690.0,M,1.0,44.0,educator
921.0,566.0,4.0,875747672.0,M,1.0,20.0,other
537.0,736.0,4.0,880047983.0,M,1.0,33.0,engineer
495.0,845.0,4.0,875744999.0,M,1.0,27.0,engineer
896.0,946.0,4.0,874873947.0,M,1.0,27.0,writer
457.0,692.0,4.0,880152353.0,F,0.0,33.0,salesman
92.0,585.0,3.0,875744023.0,M,1.0,30.0,entertainment
634.0,746.0,4.0,877107973.0,M,1.0,35.0,engineer
818.0,781.0,5.0,879191653.0,F,0.0,39.0,librarian
504.0,1092.0,5.0,885685700.0,M,1.0,25.0,writer
119.0,652.0,5.0,875246005.0,M,1.0,31.0,programmer
537.0,514.0,5.0,88084108.0,M,1.0,33.0,scientist
594.0,474.0,3.0,879434766.0,M,1.0,42.0,educator
405.0,482.0,1.0,884365843.0,F,0.0,22.0,healthcare
201.0,1093.0,4.0,884642540.0,M,1.0,26.0,writer
269.0,919.0,5.0,891436232.0,F,0.0,31.0,librarian
541.0,518.0,1.0,889731703.0,M,1.0,18.0,student
385.0,523.0,3.0,880139180.0,M,1.0,33.0,writer
235.0,172.0,5.0,885046537.0,M,1.0,33.0,educator
433.0,313.0,4.0,880332619.0,M,1.0,23.0,engineer
747.0,748.0,4.0,878962623.0,M,1.0,18.0,other
303.0,14.0,3.0,879531912.0,M,1.0,18.0,administrator
290.0,662.0,2.0,884131095.0,M,1.0,36.0,librarian
622.0,871.0,5.0,879453480.0,M,1.0,24.0,programmer
452.0,50.0,3.0,879875432.0,M,1.0,32.0,administrator
618.0,12.0,1.0,8880687582.0,M,1.0,23.0,student
291.0,562.0,4.0,874787158.0,M,1.0,18.0,student
221.0,473.0,4.0,875983282.0,M,1.0,18.0,student
60.0,771.0,4.0,879439188.0,M,1.0,44.0,educator
624.0,9.0,3.0,875907727.0,M,1.0,18.0,student
102.0,932.0,3.0,875659880.0,M,1.0,35.0,programmer
541.0,1029.0,3.0,886960083.0,F,0.0,18.0,student
431.0,50.0,4.0,882425820.0,M,1.0,27.0,other
751.0,528.0,4.0,879875109.0,F,0.0,24.0,administrator
327.0,691.0,5.0,887738171.0,M,1.0,22.0,student
541.0,685.0,4.0,880932622.0,F,0.0,18.0,student
868.0,13.0,3.0,879744124.0,M,1.0,21.0,programmer
299.0,475.0,4.0,884364845.0,M,1.0,27.0,doctor
394.0,210.0,3.0,882608514.0,M,1.0,24.0,administrator
916.0,56.0,3.0,879361221.0,M,1.0,26.0,engineer
592.0,1039.0,3.0,879796546.0,M,1.0,18.0,student
463.0,302.0,3.0,885750185.0,M,1.0,27.0,other
860.0,479.0,3.0,885954053.0,M,1.0,70.0,retired
308.0,9.0,4.0,884478171.0,M,1.0,52.0,retired
474.0,127.0,4.0,880123415.0,M,1.0,45.0,other
164.0,659.0,5.0,884291811.0,M,1.0,50.0,doctor
864.0,684.0,5.0,879442438.0,M,1.0,26.0,programmer
269.0,716.0,3.0,879899158.0,F,0.0,31.0,librarian
87.0,1074.0,4.0,880870257.0,M,1.0,42.0,administrator
588.0,741.0,5.0,889181546.0,F,0.0,17.0,student
846.0,597.0,5.0,883950862.0,M,1.0,26.0,lawyer
588.0,566.0,5.0,886532412.0,F,0.0,17.0,student
5.0,523.0,3.0,879441637.0,F,0.0,33.0,other
402.0,662.0,2.0,879562929.0,M,1.0,36.0,engineer
279.0,288.0,4.0,875132957.0,M,1.0,31.0,programmer
758.0,523.0,5.0,888081736.0,F,0.0,26.0,student
325.0,491.0,5.0,891549594.0,M,1.0,42.0,administrator
42.0,8.0,3.0,879875483.0,M,1.0,28.0,administrator
807.0,237.0,4.0,891032688.0,F,0.0,41.0,healthcare
276.0,715.0,5.0,878955474.0,M,1.0,21.0,student
643.0,544.0,4.0,879454971.0,M,1.0,35.0,scientist
504.0,434.0,4.0,884628389.0,F,0.0,40.0,writer
286.0,153.0,3.0,874730320.0,M,1.0,20.0,student
110.0,1028.0,4.0,885589377.0,M,1.0,18.0,student
16.0,474.0,5.0,876703524.0,M,1.0,21.0,entertainment
665.0,748.0,4.0,880844606.0,M,1.0,24.0,programmer
374.0,672.0,2.0,885809319.0,M,1.0,33.0,executive
343.0,605.0,3.0,876405771.0,M,1.0,39.0,engineer
588.0,672.0,4.0,891723558.0,F,0.0,17.0,student
851.0,300.0,5.0,879444091.0,M,1.0,44.0,other
486.0,678.0,2.0,88603066.0,M,1.0,35.0,educator
222.0,647.0,2.0,878942048.0,M,1.0,27.0,programmer
486.0,751.0,5.0,879449909.0,M,1.0,27.0,educator
542.0,511.0,4.0,887075273.0,F,0.0,18.0,student
393.0,276.0,4.0,889737891.0,M,1.0,18.0,student
269.0,741.0,1.0,891297052.0,F,0.0,31.0,librarian
758.0,591.0,3.0,882398734.0,F,0.0,26.0,student
308.0,12.0,4.0,887741150.0,M,1.0,52.0,retired
186.0,684.0,4.0,880826766.0,F,0.0,39.0,executive
659.0,4.0,3.0,891035262.0,M,1.0,42.0,educator
85.0,748.0,5.0,881178442.0,M,1.0,45.0,educator
881.0,546.0,3.0,875728783.0,M,1.0,35.0,marketing
496.0,69.0,3.0,879441453.0,F,0.0,45.0,student
110.0,447.0,3.0,887744328.0,M,1.0,20.0,student
891.0,880.0,3.0,887314148.0,F,0.0,29.0,administrator
901.0,881.0,4.0,879111373.0,M,1.0,35.0,educator
436.0,531.0,3.0,886398611.0,M,1.0,30.0,administrator
327.0,597.0,3.0,887739081.0,M,1.0,20.0,student
561.0,13.0,4.0,889069539.0,M,1.0,23.0,engineer
60.0,1147.0,4.0,878349429.0,M,1.0,44.0,healthcare
537.0,9.0,3.0,886030966.0,M,1.0,33.0,engineer
178.0,874.0,5.0,882956241.0,M,1.0,25.0,other
435.0,100.0,4.0,891436453.0,M,1.0,33.0,librarian
903.0,715.0,3.0,879445746.0,M,1.0,27.0,educator
575.0,762.0,4.0,875462741.0,M,1.0,24.0,programmer
592.0,511.0,4.0,886480206.0,M,1.0,18.0,student
23.0,739.0,3.0,888905582.0,M,1.0,30.0,artist
468.0,544.0,3.0,875244599.0,M,1.0,27.0,engineer
592.0,877.0,3.0,878962168.0,M,1.0,18.0,student
919.0,7.0,4.0,892783340.0,M,1.0,24.0,other
94.0,871.0,3.0,882622035.0,M,1.0,22.0,student
276.0,883.0,1.0,885828773.0,M,1.0,21.0,student
634.0,15.0,3.0,889072651.0,F,0.0,40.0,other
262.0,13.0,4.0,875941848.0,M,1.0,18.0,student
823.0,7.0,3.0,877891966.0,M,1.0,31.0,artist
92.0,604.0,4.0,875654811.0,M,1.0,30.0,entertainment
880.0,790.0,4.0,884112901.0,M,1.0,11.0,student
311.0,813.0,3.0,882079040.0,M,1.0,30.0,technician
6.0,9.0,4.0,876032382.0,M,1.0,39.0,executive
868.0,288.0,3.0,879464707.0,M,1.0,21.0,student
535.0,518.0,3.0,879486422.0,M,1.0,45.0,educator
764.0,474.0,3.0,879442677.0,M,1.0,28.0,educator
524.0,474.0,4.0,879439098.0,F,0.0,49.0,educator
833.0,847.0,4.0,875299626.0,M,1.0,31.0,librarian
324.0,690.0,4.0,880563471.0,F,0.0,21.0,student
648.0,955.0,4.0,883447713.0,M,1.0,39.0,engineer
617.0,751.0,4.0,875288737.0,M,1.0,31.0,writer
634.0,7.0,4.0,878347427.0,M,1.0,35.0,engineer
655.0,578.0,3.0,884364465.0,F,0.0,50.0,healthcare
918.0,684.0,4.0,882385590.0,M,1.0,21.0,student
682.0,276.0,3.0,879435598.0,M,1.0,23.0,other
445.0,826.0,5.0,891192762.0,M,1.0,29.0,writer
603.0,1248.0,4.0,885682510.0,M,1.0,21.0,programmer
682.0,9.0,4.0,887159260.0,M,1.0,23.0,programmer
416.0,258.0,4.0,889731703.0,F,0.0,20.0,student
268.0,15.0,5.0,877833781.0,M,1.0,23.0,engineer
1.0,100.0,3.0,875072148.0,M,1.0,23.0,technician
666.0,258.0,3.0,879183046.0,M,1.0,39.0,other
22.0,651.0,2.0,889731638.0,F,0.0,40.0,writer
622.0,9.0,4.0,892783224.0,M,1.0,24.0,programmer
870.0,1118.0,5.0,879444546.0,M,1.0,22.0,student
622.0,471.0,3.0,879439560.0,M,1.0,44.0,programmer
334.0,11.0,4.0,891217828.0,M,1.0,30.0,librarian
795.0,117.0,5.0,892785164.0,M,1.0,28.0,programmer
360.0,628.0,2.0,880139254.0,M,1.0,45.0,other
638.0,631.0,1.0,882359625.0,M,1.0,26.0,engineer
320.0,685.0,2.0,883612247.0,M,1.0,18.0,student
940.0,7.0,3.0,881374829.0,M,1.0,30.0,administrator
325.0,951.0,3.0,891352549.0,M,1.0,42.0,technician
561.0,663.0,4.0,884305295.0,M,1.0,23.0,engineer
239.0,8.0,5.0,885478363.0,M,1.0,35.0,artist
532.0,949.0,4.0,882139901.0,M,1.0,20.0,technician
639.0,12.0,4.0,891036646.0,M,1.0,42.0,educator
249.0,258.0,5.0,874950791.0,M,1.0,24.0,student
49.0,1139.0,5.0,889069975.0,F,0.0,23.0,writer
244.0,514.0,3.0,883447875.0,M,1.0,27.0,technician
709.0,655.0,4.0,8897499097.0,M,1.0,21.0,other
497.0,546.0,4.0,875582279.0,M,1.0,22.0,student
430.0,181.0,5.0,879220651.0,M,1.0,35.0,scientist
230.0,50.0,4.0,886985003.0,F,0.0,24.0,student
308.0,431.0,4.0,886831436.0,M,1.0,52.0,retired
648.0,5.0,5.0,881955960.0,M,1.0,39.0,educator
110.0,174.0,2.0,886013897.0,M,1.0,18.0,student
378.0,1405.0,5.0,875246982.0,M,1.0,32.0,student
851.0,622.0,4.0,879441399.0,F,0.0,18.0,other
708.0,478.0,4.0,879110905.0,F,0.0,41.0,other
59.0,974.0,1.0,887743254.0,M,1.0,43.0,educator
889.0,523.0,3.0,880134296.0,F,0.0,27.0,technician
676.0,514.0,4.0,875972059.0,M,1.0,35.0,executive
82.0,7.0,4.0,891034007.0,M,1.0,44.0,programmer
592.0,1271.0,3.0,884750259.0,F,0.0,18.0,student
711.0,890.0,4.0,886608879.0,F,0.0,22.0,student
198.0,748.0,3.0,885810393.0,F,0.0,21.0,student
715.0,748.0,2.0,880332532.0,M,1.0,26.0,technician
676.0,595.0,4.0,891036987.0,M,1.0,28.0,programmer
804.0,652.0,3.0,878438403.0,M,1.0,35.0,educator
659.0,559.0,2.0,879875433.0,M,1.0,42.0,educator
616.0,186.0,5.0,883601365.0,M,1.0,25.0,writer
253.0,559.0,5.0,891696871.0,F,0.0,24.0,librarian
919.0,790.0,1.0,877136975.0,M,1.0,26.0,salesman
840.0,98.0,3.0,892015288.0,M,1.0,35.0,artist
826.0,181.0,3.0,879454383.0,M,1.0,28.0,programmer
940.0,597.0,1.0,891033380.0,M,1.0,30.0,administrator
268.0,827.0,5.0,884131711.0,M,1.0,23.0,engineer
62.0,482.0,4.0,879192585.0,M,1.0,27.0,administrator
189.0,237.0,4.0,893218389.0,M,1.0,30.0,artist
109.0,919.0,5.0,889651523.0,M,1.0,27.0,other
782.0,471.0,3.0,874854651.0,F,0.0,16.0,artist
846.0,873.0,4.0,877400037.0,M,1.0,26.0,lawyer
627.0,13.0,3.0,879362538.0,M,1.0,23.0,programmer
561.0,523.0,3.0,878342943.0,M,1.0,23.0,engineer
901.0,509.0,4.0,879222294.0,M,1.0,40.0,administrator
899.0,706.0,3.0,879445037.0,M,1.0,30.0,other
85.0,940.0,3.0,879876684.0,M,1.0,45.0,educator
671.0,50.0,5.0,875262048.0,M,1.0,23.0,programmer
178.0,749.0,3.0,879770971.0,M,1.0,25.0,other
416.0,662.0,5.0,891723494.0,F,0.0,20.0,librarian
536.0,724.0,5.0,884365325.0,M,1.0,27.0,engineer
622.0,1185.0,3.0,889908813.0,M,1.0,22.0,programmer
406.0,708.0,3.0,879539953.0,M,1.0,46.0,educator
575.0,989.0,3.0,884368538.0,M,1.0,29.0,administrator
892.0,12.0,5.0,881374059.0,M,1.0,33.0,other
222.0,300.0,1.0,886028706.0,M,1.0,27.0,programmer
653.0,844.0,4.0,891385876.0,M,1.0,29.0,executive
279.0,431.0,2.0,884129939.0,M,1.0,31.0,programmer
130.0,628.0,3.0,876525098.0,M,1.0,20.0,none
13.0,733.0,4.0,890862527.0,M,1.0,42.0,educator
655.0,682.0,4.0,882397155.0,F,0.0,50.0,healthcare
795.0,651.0,4.0,892685470.0,M,1.0,38.0,writer
429.0,64.0,4.0,882386795.0,M,1.0,26.0,student
896.0,12.0,4.0,880928745.0,M,1.0,27.0,writer
833.0,50.0,3.0,875972467.0,M,1.0,30.0,writer
833.0,941.0,1.0,875743768.0,M,1.0,31.0,writer
426.0,514.0,4.0,879456308.0,M,1.0,48.0,educator
325.0,4.0,3.0,878185464.0,M,1.0,42.0,other
862.0,880.0,3.0,879442788.0,M,1.0,24.0,executive
622.0,1349.0,5.0,885048474.0,M,1.0,32.0,programmer
682.0,863.0,5.0,887755726.0,M,1.0,23.0,programmer
504.0,50.0,4.0,890979443.0,F,0.0,20.0,writer
537.0,471.0,2.0,882826453.0,M,1.0,33.0,engineer
303.0,568.0,5.0,879304971.0,M,1.0,18.0,student
854.0,847.0,3.0,883757703.0,F,0.0,29.0,administrator
405.0,645.0,3.0,883326273.0,F,0.0,22.0,healthcare
704.0,1084.0,2.0,880152684.0,F,0.0,27.0,student
345.0,4.0,4.0,874787152.0,F,0.0,29.0,student
483.0,546.0,3.0,883602048.0,M,1.0,22.0,writer
378.0,173.0,4.0,879453400.0,M,1.0,32.0,student
648.0,568.0,3.0,875981624.0,M,1.0,39.0,scientist
249.0,845.0,3.0,879370104.0,F,0.0,24.0,student
6.0,449.0,4.0,880672449.0,M,1.0,38.0,executive
391.0,527.0,3.0,891191216.0,M,1.0,38.0,writer
532.0,7.0,1.0,880606122.0,M,1.0,20.0,student
889.0,951.0,4.0,880144159.0,M,1.0,23.0,technician
246.0,56.0,4.0,881649358.0,M,1.0,18.0,student
7.0,181.0,3.0,891351821.0,M,1.0,50.0,administrator
334.0,1.0,4.0,891545950.0,M,1.0,30.0,librarian
703.0,678.0,5.0,879454383.0,M,1.0,22.0,student
699.0,517.0,3.0,875272616.0,M,1.0,28.0,other
712.0,257.0,5.0,884410796.0,M,1.0,22.0,technician
286.0,615.0,3.0,876539257.0,M,1.0,26.0,student
645.0,671.0,3.0,884290713.0,M,1.0,22.0,technician
932.0,740.0,3.0,879444440.0,M,1.0,50.0,educator
394.0,1052.0,3.0,879439374.0,M,1.0,48.0,administrator
937.0,118.0,5.0,880957132.0,M,1.0,43.0,other
262.0,7.0,4.0,879539654.0,F,0.0,18.0,student
474.0,761.0,5.0,878182296.0,M,1.0,45.0,executive
379.0,810.0,4.0,882677154.0,M,1.0,39.0,artist
707.0,615.0,5.0,879445735.0,F,0.0,56.0,librarian
291.0,484.0,3.0,875077143.0,M,1.0,18.0,student
588.0,661.0,5.0,880078090.0,F,0.0,20.0,student
387.0,895.0,4.0,875288306.0,M,1.0,31.0,entertainment
707.0,39.0,5.0,885804507.0,F,0.0,56.0,librarian
299.0,582.0,4.0,878181841.0,M,1.0,27.0,doctor
885.0,1141.0,2.0,878542898.0,F,0.0,30.0,student
286.0,554.0,5.0,880578598.0,M,1.0,26.0,student
214.0,1034.0,4.0,891447653.0,F,0.0,26.0,librarian
880.0,56.0,4.0,879434654.0,M,1.0,11.0,student
295.0,607.0,3.0,883250148.0,M,1.0,29.0,educator
21.0,7.0,3.0,874965954.0,M,1.0,25.0,marketing
536.0,683.0,5.0,884133238.0,M,1.0,35.0,engineer
207.0,710.0,3.0,879454591.0,M,1.0,35.0,marketing
116.0,562.0,3.0,880952098.0,F,0.0,36.0,healthcare
92.0,541.0,5.0,875654887.0,F,0.0,30.0,entertainment
262.0,7.0,3.0,884923805.0,F,0.0,18.0,student
831.0,566.0,3.0,888702648.0,M,1.0,21.0,other
430.0,517.0,4.0,879304930.0,M,1.0,35.0,scientist
627.0,488.0,2.0,880134815.0,M,1.0,37.0,administrator
523.0,111.0,3.0,880134333.0,M,1.0,49.0,educator
1.0,876.0,5.0,884123972.0,M,1.0,23.0,technician
184.0,728.0,5.0,889044562.0,F,0.0,34.0,healthcare
682.0,471.0,4.0,875542894.0,M,1.0,23.0,programmer
880.0,631.0,4.0,883710195.0,M,1.0,11.0,student
476.0,678.0,4.0,885599572.0,M,1.0,35.0,executive
761.0,258.0,4.0,877886925.0,M,1.0,20.0,engineer
883.0,1067.0,4.0,879556260.0,M,1.0,22.0,other
741.0,498.0,2.0,876768871.0,M,1.0,40.0,writer
497.0,943.0,5.0,877399618.0,M,1.0,20.0,student
417.0,1441.0,1.0,879119260.0,F,0.0,28.0,other
881.0,577.0,5.0,882466870.0,M,1.0,35.0,marketing
782.0,447.0,5.0,8912644.0,M,1.0,32.0,engineer
342.0,12.0,4.0,874953794.0,F,0.0,25.0,other
721.0,517.0,3.0,877196762.0,M,1.0,24.0,entertainment
682.0,1027.0,3.0,892215294.0,M,1.0,27.0,programmer
21.0,9.0,4.0,877758073.0,M,1.0,24.0,entertainment
675.0,466.0,4.0,887161329.0,M,1.0,27.0,programmer
82.0,628.0,5.0,883326159.0,M,1.0,44.0,programmer
90.0,652.0,4.0,891037499.0,M,1.0,42.0,educator
657.0,755.0,3.0,875981158.0,F,0.0,31.0,educator
207.0,1035.0,2.0,883326652.0,M,1.0,32.0,marketing
758.0,875.0,5.0,891283082.0,M,1.0,26.0,programmer
586.0,709.0,4.0,888639097.0,M,1.0,20.0,student
543.0,523.0,4.0,876534437.0,M,1.0,35.0,educator
532.0,690.0,3.0,882342981.0,M,1.0,20.0,student
385.0,1073.0,4.0,891192729.0,F,0.0,33.0,writer
139.0,591.0,4.0,879460126.0,M,1.0,20.0,student
255.0,172.0,3.0,886480206.0,M,1.0,23.0,entertainment
288.0,151.0,3.0,875324370.0,M,1.0,31.0,marketing
391.0,690.0,4.0,889125842.0,M,1.0,18.0,student
189.0,627.0,4.0,893214332.0,M,1.0,30.0,artist
303.0,546.0,5.0,879468909.0,M,1.0,18.0,student
58.0,562.0,5.0,885690877.0,M,1.0,26.0,programmer
527.0,728.0,4.0,878183327.0,M,1.0,31.0,scientist
930.0,514.0,4.0,880606661.0,F,0.0,43.0,librarian
354.0,12.0,3.0,891251482.0,F,0.0,29.0,librarian
682.0,541.0,3.0,875297414.0,M,1.0,23.0,other
60.0,751.0,3.0,883327862.0,F,0.0,44.0,healthcare
167.0,762.0,2.0,882156958.0,M,1.0,45.0,other
719.0,699.0,2.0,875962079.0,M,1.0,21.0,other
290.0,876.0,3.0,876252243.0,M,1.0,36.0,engineer
666.0,762.0,3.0,880179746.0,M,1.0,39.0,administrator
796.0,258.0,4.0,878847319.0,M,1.0,32.0,writer
371.0,607.0,4.0,879454829.0,M,1.0,33.0,engineer
338.0,483.0,4.0,879442851.0,F,0.0,39.0,librarian
843.0,708.0,3.0,880180612.0,M,1.0,26.0,librarian
521.0,751.0,5.0,891433683.0,M,1.0,18.0,student
269.0,9.0,3.0,891496468.0,F,0.0,31.0,librarian
254.0,691.0,3.0,886323115.0,M,1.0,29.0,educator
606.0,9.0,4.0,881957012.0,M,1.0,27.0,student
862.0,482.0,2.0,879454983.0,M,1.0,44.0,executive
697.0,615.0,2.0,879563381.0,M,1.0,31.0,other
425.0,134.0,3.0,882387140.0,M,1.0,18.0,student
454.0,9.0,4.0,879453900.0,M,1.0,23.0,technician
152.0,762.0,3.0,884637526.0,F,0.0,33.0,educator
846.0,845.0,3.0,879545059.0,M,1.0,28.0,other
809.0,121.0,3.0,878157329.0,F,0.0,27.0,other
734.0,748.0,4.0,875346823.0,F,0.0,25.0,other
759.0,781.0,4.0,877807827.0,M,1.0,26.0,student
622.0,829.0,4.0,882397146.0,M,1.0,24.0,programmer
145.0,847.0,3.0,884314881.0,M,1.0,29.0,entertainment
615.0,423.0,4.0,879459951.0,M,1.0,28.0,other
821.0,4.0,4.0,875652913.0,M,1.0,21.0,entertainment
456.0,8.0,4.0,881371159.0,M,1.0,23.0,technician
862.0,628.0,3.0,875729830.0,M,1.0,24.0,executive
387.0,1231.0,3.0,875266618.0,M,1.0,31.0,entertainment
889.0,948.0,2.0,875072158.0,M,1.0,27.0,scientist
585.0,286.0,4.0,880130807.0,M,1.0,42.0,technician
210.0,676.0,2.0,885365718.0,M,1.0,35.0,engineer
116.0,687.0,3.0,883348252.0,M,1.0,36.0,healthcare
500.0,496.0,5.0,883865341.0,M,1.0,27.0,marketing
682.0,496.0,3.0,888104116.0,M,1.0,23.0,programmer
773.0,294.0,3.0,880057137.0,M,1.0,20.0,student
295.0,1321.0,4.0,879446735.0,M,1.0,29.0,educator
145.0,928.0,4.0,875270416.0,M,1.0,29.0,entertainment
164.0,15.0,4.0,886323836.0,M,1.0,46.0,healthcare
13.0,431.0,4.0,877386731.0,M,1.0,42.0,educator
501.0,651.0,3.0,882905865.0,M,1.0,25.0,student
614.0,15.0,3.0,885806634.0,M,1.0,39.0,engineer
565.0,9.0,5.0,888556635.0,M,1.0,24.0,marketing
833.0,9.0,4.0,888103906.0,M,1.0,32.0,writer
758.0,514.0,4.0,881976335.0,M,1.0,26.0,student
316.0,654.0,5.0,888479411.0,F,0.0,43.0,other
13.0,496.0,3.0,881433225.0,M,1.0,42.0,educator
290.0,708.0,5.0,882360257.0,M,1.0,36.0,engineer
916.0,98.0,4.0,880245729.0,M,1.0,26.0,engineer
619.0,515.0,4.0,886480578.0,M,1.0,11.0,student
807.0,449.0,4.0,878848444.0,F,0.0,27.0,other
344.0,856.0,4.0,878182684.0,F,0.0,30.0,librarian
693.0,519.0,3.0,884364017.0,M,1.0,43.0,healthcare
59.0,993.0,4.0,880178411.0,M,1.0,44.0,writer
221.0,7.0,4.0,875654550.0,M,1.0,18.0,student
498.0,498.0,3.0,875287575.0,M,1.0,23.0,writer
543.0,928.0,4.0,875729148.0,M,1.0,31.0,librarian
466.0,546.0,4.0,883348495.0,M,1.0,22.0,technician
269.0,482.0,4.0,891364375.0,M,1.0,31.0,librarian
837.0,357.0,3.0,883192260.0,M,1.0,26.0,artist
234.0,333.0,4.0,892079237.0,M,1.0,52.0,retired
479.0,646.0,1.0,875242983.0,M,1.0,28.0,administrator
758.0,528.0,4.0,881975787.0,M,1.0,26.0,student
687.0,847.0,4.0,875973971.0,F,0.0,27.0,other
374.0,771.0,5.0,880576988.0,M,1.0,33.0,executive
707.0,707.0,2.0,893219003.0,F,0.0,56.0,librarian
99.0,614.0,4.0,882064200.0,M,1.0,20.0,student
870.0,288.0,4.0,879446319.0,M,1.0,22.0,executive
719.0,511.0,2.0,875354792.0,F,0.0,28.0,other
543.0,1061.0,4.0,891636244.0,M,1.0,31.0,librarian
807.0,661.0,2.0,887745387.0,F,0.0,49.0,healthcare
907.0,773.0,4.0,879468396.0,F,0.0,36.0,doctor
537.0,473.0,2.0,886030707.0,M,1.0,33.0,engineer
514.0,12.0,1.0,880387333.0,M,1.0,26.0,programmer
528.0,738.0,4.0,880332259.0,M,1.0,18.0,student
299.0,661.0,2.0,889427824.0,M,1.0,27.0,doctor
500.0,549.0,5.0,879139401.0,M,1.0,27.0,administrator
328.0,528.0,4.0,880144123.0,M,1.0,45.0,administrator
640.0,7.0,4.0,886176463.0,M,1.0,20.0,student
234.0,679.0,3.0,891207975.0,M,1.0,70.0,retired
334.0,585.0,3.0,879454965.0,M,1.0,30.0,librarian
332.0,1073.0,4.0,877399433.0,M,1.0,20.0,student
542.0,684.0,3.0,879454940.0,M,1.0,21.0,student
57.0,523.0,3.0,883701971.0,M,1.0,16.0,none
222.0,151.0,3.0,876538953.0,M,1.0,27.0,programmer
221.0,286.0,4.0,875122820.0,M,1.0,18.0,student
161.0,1174.0,3.0,883950524.0,M,1.0,28.0,lawyer
533.0,792.0,4.0,891384226.0,M,1.0,59.0,librarian
870.0,628.0,4.0,880937735.0,M,1.0,22.0,student
734.0,294.0,3.0,885478929.0,F,0.0,35.0,other
406.0,237.0,4.0,880777167.0,M,1.0,46.0,educator
881.0,932.0,3.0,879448883.0,F,0.0,35.0,marketing
603.0,431.0,3.0,880332538.0,M,1.0,35.0,educator
267.0,693.0,2.0,884131562.0,M,1.0,23.0,engineer
511.0,935.0,4.0,879449962.0,M,1.0,33.0,engineer
215.0,896.0,5.0,891373687.0,M,1.0,28.0,programmer
664.0,748.0,4.0,885844410.0,M,1.0,48.0,engineer
719.0,514.0,5.0,888557796.0,M,1.0,22.0,other
887.0,685.0,5.0,875272458.0,F,0.0,20.0,student
371.0,531.0,2.0,876266826.0,M,1.0,33.0,engineer
479.0,690.0,4.0,879828583.0,M,1.0,28.0,writer
181.0,181.0,4.0,878961814.0,M,1.0,25.0,executive
503.0,447.0,4.0,884748333.0,F,0.0,25.0,writer
435.0,50.0,5.0,884129869.0,M,1.0,23.0,engineer
697.0,181.0,3.0,888067767.0,M,1.0,37.0,other
59.0,628.0,3.0,891381566.0,M,1.0,43.0,educator
896.0,9.0,3.0,877387930.0,M,1.0,27.0,other
758.0,1028.0,4.0,891200447.0,M,1.0,26.0,student
697.0,603.0,2.0,876769218.0,M,1.0,28.0,other
802.0,596.0,4.0,881106976.0,M,1.0,32.0,administrator
435.0,748.0,3.0,884135554.0,M,1.0,26.0,engineer
766.0,596.0,4.0,891035310.0,F,0.0,38.0,other
642.0,871.0,3.0,889125969.0,F,0.0,17.0,student
151.0,509.0,5.0,879178881.0,M,1.0,38.0,administrator
321.0,449.0,5.0,880139331.0,F,0.0,49.0,educator
943.0,12.0,4.0,880926146.0,M,1.0,26.0,student
889.0,50.0,3.0,880152669.0,M,1.0,23.0,technician
666.0,14.0,3.0,879442663.0,F,0.0,39.0,administrator
661.0,447.0,3.0,880057137.0,M,1.0,27.0,student
385.0,471.0,4.0,879454500.0,M,1.0,33.0,writer
895.0,498.0,4.0,87797597.0,M,1.0,30.0,artist
254.0,8.0,4.0,889727537.0,M,1.0,49.0,educator
625.0,708.0,3.0,886272637.0,M,1.0,26.0,programmer
659.0,651.0,3.0,891354967.0,M,1.0,29.0,educator
889.0,5.0,5.0,879441395.0,M,1.0,23.0,technician
796.0,546.0,3.0,885810240.0,F,0.0,36.0,administrator
532.0,715.0,3.0,886921577.0,M,1.0,20.0,student
303.0,1241.0,4.0,879896756.0,M,1.0,18.0,student
883.0,576.0,4.0,891035119.0,M,1.0,43.0,librarian
542.0,792.0,4.0,874831385.0,M,1.0,17.0,student
313.0,603.0,4.0,891369889.0,M,1.0,37.0,marketing
381.0,562.0,4.0,885252972.0,M,1.0,31.0,artist
267.0,905.0,4.0,878962918.0,M,1.0,23.0,engineer
380.0,687.0,3.0,885452275.0,M,1.0,38.0,engineer
883.0,679.0,5.0,884121327.0,M,1.0,43.0,librarian
796.0,168.0,5.0,891367440.0,M,1.0,32.0,writer
399.0,622.0,4.0,882346979.0,M,1.0,24.0,other
886.0,8.0,4.0,874866017.0,M,1.0,20.0,student
23.0,1073.0,1.0,883757782.0,M,1.0,23.0,technician
545.0,959.0,3.0,888639949.0,M,1.0,26.0,homemaker
569.0,578.0,4.0,879465114.0,M,1.0,31.0,educator
810.0,474.0,4.0,880606654.0,M,1.0,31.0,lawyer
805.0,827.0,3.0,879464080.0,F,0.0,27.0,other
537.0,49.0,5.0,883599327.0,M,1.0,33.0,engineer
532.0,1034.0,4.0,889492982.0,F,0.0,20.0,student
634.0,930.0,3.0,884129913.0,M,1.0,35.0,engineer
679.0,527.0,3.0,880393471.0,M,1.0,35.0,educator
447.0,1147.0,1.0,876016671.0,M,1.0,27.0,administrator
307.0,517.0,3.0,879444500.0,M,1.0,24.0,student
442.0,552.0,5.0,886621977.0,M,1.0,18.0,student
657.0,741.0,4.0,882079840.0,M,1.0,27.0,administrator
459.0,1203.0,4.0,885599327.0,M,1.0,23.0,student
617.0,568.0,3.0,891351103.0,F,0.0,24.0,other
897.0,631.0,4.0,888631089.0,M,1.0,28.0,other
332.0,921.0,4.0,887738417.0,M,1.0,20.0,student
693.0,1074.0,5.0,875270130.0,F,0.0,36.0,healthcare
210.0,257.0,3.0,875341468.0,M,1.0,34.0,engineer
328.0,864.0,3.0,885045269.0,M,1.0,45.0,administrator
457.0,682.0,4.0,883529069.0,F,0.0,33.0,salesman
605.0,544.0,4.0,887039100.0,M,1.0,31.0,engineer
875.0,705.0,4.0,887745215.0,F,0.0,35.0,marketing
62.0,9.0,3.0,878148229.0,F,0.0,27.0,administrator
633.0,710.0,2.0,879899158.0,M,1.0,39.0,engineer
819.0,823.0,5.0,884292990.0,M,1.0,24.0,other
666.0,527.0,3.0,879445986.0,M,1.0,39.0,administrator
303.0,515.0,3.0,879242792.0,M,1.0,18.0,student
870.0,7.0,2.0,879440727.0,M,1.0,22.0,student
234.0,724.0,4.0,892336883.0,M,1.0,52.0,retired
100.0,942.0,2.0,875652981.0,M,1.0,38.0,executive
285.0,596.0,3.0,875310682.0,M,1.0,31.0,programmer
524.0,1028.0,4.0,891032866.0,M,1.0,49.0,educator
604.0,715.0,3.0,875270717.0,M,1.0,35.0,educator
10.0,456.0,5.0,891478348.0,M,1.0,46.0,lawyer
563.0,328.0,4.0,879443471.0,M,1.0,39.0,artist
23.0,1095.0,3.0,874785526.0,F,0.0,30.0,artist
542.0,423.0,2.0,883600707.0,M,1.0,17.0,student
417.0,245.0,4.0,879304481.0,M,1.0,45.0,other
731.0,879.0,4.0,878856209.0,F,0.0,21.0,writer
532.0,678.0,2.0,891478135.0,M,1.0,18.0,student
763.0,748.0,3.0,875108537.0,M,1.0,26.0,scientist
387.0,181.0,4.0,889655047.0,M,1.0,31.0,entertainment
542.0,689.0,3.0,879448567.0,M,1.0,18.0,student
868.0,1014.0,2.0,892783898.0,M,1.0,21.0,programmer
381.0,1235.0,4.0,892686209.0,M,1.0,31.0,artist
456.0,1023.0,5.0,883530313.0,M,1.0,33.0,salesman
815.0,746.0,3.0,878693925.0,M,1.0,30.0,other
532.0,524.0,2.0,879440905.0,M,1.0,18.0,student
450.0,471.0,5.0,881654191.0,F,0.0,35.0,marketing
889.0,286.0,4.0,875384751.0,M,1.0,23.0,technician
313.0,514.0,5.0,888889037.0,M,1.0,35.0,marketing
454.0,603.0,5.0,879863971.0,M,1.0,27.0,other
936.0,482.0,1.0,888889980.0,F,0.0,23.0,other
661.0,653.0,2.0,875320417.0,M,1.0,23.0,scientist
104.0,742.0,2.0,880314366.0,M,1.0,26.0,student
344.0,174.0,5.0,874787256.0,F,0.0,30.0,librarian
405.0,515.0,3.0,884111095.0,M,1.0,22.0,student
109.0,14.0,4.0,876402886.0,M,1.0,28.0,student
472.0,751.0,5.0,880927146.0,M,1.0,23.0,student
7.0,101.0,4.0,880868330.0,F,0.0,50.0,administrator
527.0,294.0,4.0,879191541.0,M,1.0,31.0,librarian
385.0,741.0,4.0,879517935.0,M,1.0,39.0,writer
628.0,118.0,3.0,889289123.0,M,1.0,39.0,doctor
454.0,431.0,4.0,889655434.0,M,1.0,50.0,other
7.0,881.0,4.0,891387690.0,F,0.0,50.0,administrator
263.0,1219.0,4.0,886029408.0,M,1.0,37.0,writer
870.0,562.0,4.0,884131048.0,M,1.0,22.0,student
899.0,736.0,4.0,879192560.0,M,1.0,30.0,other
521.0,300.0,4.0,882621940.0,M,1.0,18.0,student
888.0,576.0,4.0,890287508.0,M,1.0,22.0,other
569.0,562.0,4.0,874965116.0,M,1.0,31.0,educator
363.0,518.0,5.0,891283664.0,M,1.0,20.0,student
867.0,946.0,4.0,888104520.0,M,1.0,23.0,entertainment
633.0,554.0,4.0,879448030.0,M,1.0,39.0,other
221.0,607.0,3.0,879792201.0,M,1.0,18.0,student
343.0,1041.0,3.0,876406537.0,M,1.0,39.0,engineer
737.0,863.0,4.0,875984534.0,M,1.0,23.0,entertainment
543.0,732.0,4.0,875147440.0,M,1.0,22.0,student
210.0,708.0,3.0,877754749.0,M,1.0,35.0,engineer
535.0,671.0,3.0,879454934.0,M,1.0,45.0,educator
796.0,568.0,4.0,883601089.0,F,0.0,32.0,writer
659.0,874.0,4.0,880139464.0,M,1.0,39.0,educator
823.0,471.0,3.0,892697266.0,M,1.0,35.0,artist
279.0,831.0,3.0,875280392.0,M,1.0,31.0,programmer
248.0,678.0,4.0,883765191.0,M,1.0,26.0,student
634.0,50.0,5.0,875266638.0,M,1.0,35.0,engineer
1.0,1088.0,1.0,880572692.0,M,1.0,23.0,technician
244.0,495.0,4.0,881374813.0,M,1.0,27.0,technician
537.0,50.0,3.0,886030021.0,M,1.0,33.0,engineer
373.0,258.0,3.0,879988800.0,M,1.0,24.0,other
867.0,633.0,3.0,884123357.0,M,1.0,23.0,scientist
758.0,651.0,5.0,883601365.0,M,1.0,25.0,student
437.0,9.0,3.0,875272009.0,F,0.0,27.0,other
347.0,872.0,5.0,883713706.0,M,1.0,18.0,student
896.0,381.0,3.0,878182381.0,M,1.0,23.0,writer
669.0,1019.0,5.0,879441680.0,M,1.0,34.0,librarian
222.0,653.0,4.0,883947585.0,M,1.0,33.0,programmer
727.0,951.0,3.0,887743235.0,M,1.0,24.0,student
682.0,111.0,4.0,889324370.0,M,1.0,23.0,programmer
472.0,611.0,2.0,88924246496.0,M,1.0,23.0,student
345.0,699.0,1.0,891019882.0,F,0.0,29.0,librarian
757.0,508.0,2.0,888638980.0,M,1.0,20.0,student
84.0,889.0,5.0,887911253.0,M,1.0,42.0,executive
790.0,56.0,4.0,884112286.0,M,1.0,26.0,programmer
275.0,603.0,4.0,880843558.0,M,1.0,27.0,engineer
879.0,946.0,5.0,879454521.0,F,0.0,40.0,educator
391.0,276.0,4.0,882074348.0,M,1.0,23.0,student
846.0,662.0,5.0,883950791.0,M,1.0,26.0,lawyer
311.0,567.0,2.0,874948252.0,M,1.0,30.0,technician
757.0,719.0,3.0,888632799.0,M,1.0,25.0,student
87.0,1409.0,3.0,879875074.0,M,1.0,24.0,administrator
69.0,181.0,4.0,875981742.0,M,1.0,23.0,artist
447.0,13.0,4.0,879875483.0,F,0.0,38.0,administrator
255.0,471.0,3.0,886833794.0,M,1.0,23.0,entertainment
102.0,678.0,3.0,877103760.0,M,1.0,35.0,programmer
749.0,1161.0,3.0,883364004.0,M,1.0,31.0,other
280.0,471.0,4.0,891032319.0,F,0.0,30.0,librarian
500.0,7.0,3.0,882916276.0,M,1.0,27.0,administrator
313.0,679.0,3.0,875261948.0,M,1.0,37.0,writer
679.0,569.0,4.0,880152682.0,M,1.0,44.0,educator
94.0,692.0,4.0,886471087.0,M,1.0,25.0,student
222.0,631.0,3.0,88369716.0,M,1.0,27.0,programmer
23.0,528.0,3.0,885808906.0,M,1.0,30.0,artist
262.0,518.0,4.0,879874955.0,F,0.0,18.0,writer
216.0,565.0,1.0,885809266.0,M,1.0,22.0,engineer
650.0,988.0,2.0,891494668.0,M,1.0,38.0,student
576.0,864.0,3.0,880952334.0,M,1.0,28.0,programmer
931.0,639.0,4.0,891381572.0,M,1.0,52.0,educator
719.0,528.0,4.0,882348454.0,M,1.0,29.0,librarian
537.0,513.0,3.0,885843700.0,M,1.0,33.0,engineer
303.0,472.0,4.0,879363562.0,M,1.0,18.0,student
286.0,483.0,3.0,875125079.0,M,1.0,26.0,student
840.0,8.0,5.0,891382815.0,M,1.0,35.0,artist
606.0,518.0,4.0,886013971.0,M,1.0,27.0,programmer
894.0,514.0,4.0,879524146.0,M,1.0,42.0,educator
330.0,478.0,3.0,879434882.0,M,1.0,35.0,educator
682.0,50.0,5.0,879874862.0,M,1.0,23.0,programmer
632.0,50.0,4.0,874786101.0,M,1.0,25.0,educator
201.0,782.0,5.0,882607690.0,M,1.0,26.0,writer
924.0,577.0,5.0,879899307.0,F,0.0,39.0,librarian
454.0,1118.0,3.0,879445372.0,M,1.0,50.0,other
711.0,771.0,2.0,883767383.0,M,1.0,22.0,student
749.0,1074.0,3.0,878850748.0,M,1.0,31.0,other
693.0,585.0,4.0,879524582.0,M,1.0,31.0,healthcare
669.0,709.0,3.0,875963710.0,M,1.0,31.0,other
521.0,237.0,4.0,885423845.0,F,0.0,17.0,student
374.0,569.0,5.0,876190361.0,M,1.0,33.0,executive
798.0,82.0,4.0,888907994.0,F,0.0,40.0,other
363.0,735.0,5.0,891723296.0,M,1.0,20.0,student
222.0,744.0,3.0,882827201.0,M,1.0,28.0,programmer
38.0,938.0,3.0,890860647.0,M,1.0,21.0,artist
193.0,431.0,4.0,879443488.0,M,1.0,27.0,student
13.0,653.0,3.0,888082467.0,M,1.0,42.0,educator
634.0,568.0,4.0,884128538.0,M,1.0,35.0,marketing
56.0,685.0,5.0,889911583.0,M,1.0,44.0,librarian
407.0,506.0,3.0,876513638.0,M,1.0,27.0,engineer
389.0,831.0,3.0,879440475.0,F,0.0,44.0,writer
541.0,1092.0,3.0,889741216.0,F,0.0,18.0,student
279.0,682.0,3.0,875733092.0,M,1.0,31.0,programmer
447.0,12.0,1.0,883388800.0,M,1.0,48.0,other
6.0,172.0,3.0,891033256.0,M,1.0,38.0,programmer
268.0,228.0,4.0,877107772.0,M,1.0,23.0,scientist
181.0,117.0,5.0,878963276.0,M,1.0,25.0,executive
881.0,874.0,2.0,882318000.0,M,1.0,35.0,marketing
267.0,708.0,3.0,883447500.0,M,1.0,23.0,engineer
279.0,1017.0,5.0,875659175.0,M,1.0,31.0,programmer
144.0,715.0,4.0,883327442.0,M,1.0,46.0,programmer
411.0,210.0,4.0,880607148.0,M,1.0,47.0,educator
6.0,1030.0,5.0,875289934.0,M,1.0,38.0,executive
194.0,727.0,3.0,879793149.0,M,1.0,35.0,administrator
13.0,604.0,5.0,887911444.0,M,1.0,42.0,educator
815.0,607.0,4.0,879793046.0,M,1.0,30.0,other
495.0,8.0,4.0,880246065.0,M,1.0,29.0,writer
380.0,172.0,4.0,889651577.0,M,1.0,30.0,marketing
72.0,1135.0,3.0,887911808.0,F,0.0,37.0,administrator
363.0,709.0,4.0,878941167.0,M,1.0,20.0,student
537.0,566.0,4.0,886030891.0,M,1.0,33.0,engineer
347.0,631.0,4.0,874730433.0,M,1.0,18.0,student
360.0,8.0,4.0,880242510.0,M,1.0,45.0,other
678.0,826.0,4.0,875314096.0,M,1.0,26.0,other
794.0,472.0,5.0,886859188.0,M,1.0,26.0,student
711.0,662.0,4.0,888104353.0,M,1.0,22.0,student
301.0,792.0,5.0,879969876.0,M,1.0,23.0,student
848.0,546.0,5.0,891204264.0,F,0.0,41.0,healthcare
592.0,829.0,4.0,889402379.0,F,0.0,24.0,programmer
417.0,736.0,4.0,8794497.0,F,0.0,27.0,other
622.0,210.0,4.0,887738773.0,M,1.0,24.0,writer
532.0,708.0,2.0,882961622.0,M,1.0,18.0,student
295.0,658.0,3.0,879456543.0,M,1.0,29.0,writer
568.0,566.0,4.0,87565654112.0,M,1.0,35.0,programmer
5.0,631.0,5.0,891198603.0,M,1.0,53.0,engineer
659.0,751.0,4.0,882141577.0,M,1.0,35.0,educator
694.0,237.0,4.0,875984521.0,M,1.0,35.0,educator
751.0,736.0,3.0,888103919.0,F,0.0,24.0,other
865.0,748.0,5.0,892426999.0,M,1.0,21.0,artist
303.0,933.0,5.0,876033921.0,M,1.0,18.0,student
707.0,685.0,5.0,891191713.0,M,1.0,56.0,librarian
6.0,471.0,5.0,878759857.0,M,1.0,38.0,executive
188.0,675.0,3.0,879975110.0,M,1.0,28.0,lawyer
808.0,928.0,5.0,880844420.0,M,1.0,22.0,student
574.0,7.0,5.0,880139785.0,F,0.0,49.0,educator
303.0,7.0,2.0,879455553.0,M,1.0,18.0,student
878.0,8.0,3.0,875271073.0,M,1.0,27.0,other
82.0,690.0,4.0,879873973.0,M,1.0,44.0,programmer
534.0,405.0,3.0,874786905.0,M,1.0,40.0,scientist
634.0,245.0,4.0,882076735.0,M,1.0,35.0,engineer
368.0,756.0,3.0,881109420.0,F,0.0,20.0,student
556.0,12.0,3.0,879466061.0,M,1.0,31.0,educator
405.0,810.0,3.0,884366597.0,F,0.0,53.0,healthcare
497.0,486.0,4.0,884034800.0,M,1.0,22.0,student
112.0,985.0,4.0,891206990.0,M,1.0,28.0,programmer
621.0,117.0,5.0,887738705.0,M,1.0,17.0,student
222.0,744.0,3.0,885559343.0,M,1.0,27.0,programmer
303.0,946.0,4.0,876340821.0,M,1.0,18.0,student
23.0,1011.0,4.0,875039247.0,F,0.0,30.0,artist
637.0,489.0,4.0,888068876.0,M,1.0,23.0,other
897.0,949.0,5.0,874873247.0,M,1.0,28.0,other
194.0,762.0,3.0,879192663.0,M,1.0,35.0,administrator
712.0,302.0,5.0,88716098.0,M,1.0,22.0,student
624.0,479.0,4.0,891284816.0,M,1.0,42.0,educator
416.0,763.0,3.0,885157878.0,F,0.0,20.0,student
5.0,631.0,3.0,891249635.0,F,0.0,37.0,other
846.0,591.0,4.0,883949594.0,M,1.0,26.0,lawyer
177.0,945.0,3.0,875311258.0,M,1.0,20.0,programmer
49.0,963.0,4.0,884680017.0,M,1.0,22.0,student
843.0,431.0,3.0,879443625.0,M,1.0,32.0,librarian
648.0,928.0,3.0,884498459.0,M,1.0,39.0,engineer
521.0,313.0,5.0,883326425.0,M,1.0,17.0,student
796.0,519.0,3.0,879196250.0,F,0.0,26.0,writer
13.0,202.0,4.0,879875731.0,M,1.0,42.0,educator
587.0,531.0,5.0,888636603.0,M,1.0,17.0,student
279.0,566.0,1.0,875963086.0,M,1.0,31.0,programmer
119.0,815.0,4.0,884133948.0,M,1.0,30.0,programmer
705.0,485.0,1.0,886606678.0,M,1.0,57.0,other
756.0,576.0,4.0,879454955.0,F,0.0,38.0,other
286.0,678.0,4.0,879446408.0,M,1.0,26.0,student
500.0,874.0,1.0,878694840.0,M,1.0,27.0,administrator
346.0,461.0,3.0,875071654.0,M,1.0,42.0,other
693.0,979.0,3.0,879863270.0,F,0.0,41.0,healthcare
615.0,7.0,4.0,879446209.0,M,1.0,35.0,educator
666.0,294.0,3.0,879563471.0,M,1.0,39.0,administrator
393.0,988.0,5.0,888906119.0,M,1.0,18.0,student
883.0,11.0,4.0,891387526.0,F,0.0,43.0,librarian
541.0,1223.0,5.0,889730118.0,F,0.0,18.0,student
885.0,1007.0,1.0,881547815.0,M,1.0,30.0,other
435.0,513.0,5.0,884131038.0,M,1.0,23.0,engineer
393.0,121.0,4.0,880178771.0,M,1.0,18.0,artist
659.0,566.0,4.0,879444900.0,M,1.0,29.0,educator
303.0,675.0,4.0,888103646.0,M,1.0,18.0,student
393.0,688.0,4.0,877787713.0,M,1.0,18.0,student
268.0,708.0,4.0,875263580.0,M,1.0,23.0,engineer
930.0,1036.0,4.0,880438980.0,F,0.0,31.0,scientist
770.0,659.0,5.0,876266968.0,M,1.0,27.0,student
542.0,703.0,1.0,879461251.0,M,1.0,17.0,student
889.0,708.0,5.0,883348668.0,M,1.0,23.0,student
830.0,748.0,3.0,880178689.0,M,1.0,35.0,engineer
851.0,9.0,4.0,879436981.0,M,1.0,24.0,other
864.0,584.0,5.0,889739586.0,M,1.0,26.0,programmer
490.0,7.0,3.0,891202880.0,F,0.0,40.0,artist
919.0,705.0,3.0,880387928.0,M,1.0,24.0,other
882.0,10.0,3.0,880354347.0,M,1.0,23.0,entertainment
474.0,1232.0,2.0,887736408.0,M,1.0,45.0,executive
336.0,431.0,5.0,877888863.0,M,1.0,30.0,marketing
328.0,707.0,3.0,885047995.0,M,1.0,45.0,administrator
308.0,658.0,4.0,887748991.0,M,1.0,52.0,retired
661.0,832.0,3.0,875332624.0,M,1.0,27.0,programmer
8.0,12.0,4.0,883950791.0,M,1.0,42.0,administrator
741.0,693.0,1.0,886482569.0,M,1.0,24.0,entertainment
592.0,474.0,3.0,883601241.0,M,1.0,21.0,student
343.0,678.0,3.0,876402329.0,M,1.0,39.0,engineer
393.0,333.0,3.0,886989440.0,M,1.0,18.0,student
537.0,468.0,4.0,886031723.0,M,1.0,33.0,engineer
618.0,1185.0,4.0,880242798.0,M,1.0,11.0,programmer
270.0,824.0,5.0,889289123.0,F,0.0,17.0,student
593.0,39.0,3.0,879446209.0,M,1.0,31.0,educator
692.0,300.0,4.0,875463418.0,M,1.0,35.0,other
870.0,519.0,4.0,891013972.0,M,1.0,22.0,librarian
756.0,517.0,3.0,881960029.0,F,0.0,20.0,none
788.0,693.0,5.0,879444551.0,M,1.0,45.0,administrator
823.0,693.0,2.0,881515477.0,M,1.0,30.0,artist
435.0,118.0,4.0,884131711.0,M,1.0,23.0,engineer
837.0,56.0,5.0,889502071.0,F,0.0,38.0,artist
389.0,11.0,2.0,891037051.0,F,0.0,44.0,writer
256.0,795.0,4.0,87995907.0,F,0.0,35.0,none
6.0,473.0,5.0,887744761.0,M,1.0,38.0,executive
486.0,549.0,3.0,882591082.0,M,1.0,52.0,educator
293.0,699.0,3.0,879442284.0,M,1.0,23.0,writer
393.0,923.0,4.0,875309934.0,M,1.0,23.0,student
6.0,728.0,3.0,888068871.0,M,1.0,38.0,executive
642.0,50.0,3.0,882607822.0,F,0.0,17.0,student
269.0,527.0,4.0,891351121.0,F,0.0,31.0,librarian
499.0,740.0,5.0,885809716.0,M,1.0,38.0,programmer
43.0,762.0,3.0,889909069.0,F,0.0,29.0,librarian
286.0,926.0,3.0,875286984.0,M,1.0,26.0,student
774.0,546.0,3.0,882510578.0,M,1.0,28.0,student
49.0,658.0,3.0,888067187.0,M,1.0,23.0,student
327.0,709.0,3.0,888069138.0,M,1.0,22.0,student
406.0,237.0,4.0,880572257.0,M,1.0,46.0,educator
497.0,549.0,2.0,876405093.0,M,1.0,20.0,student
472.0,471.0,4.0,875983277.0,M,1.0,23.0,student
1.0,684.0,3.0,88031474.0,M,1.0,23.0,technician
293.0,531.0,5.0,879362276.0,M,1.0,23.0,writer
130.0,603.0,4.0,875655047.0,M,1.0,20.0,none
881.0,5.0,3.0,880844845.0,M,1.0,42.0,administrator
815.0,7.0,2.0,891545950.0,M,1.0,39.0,librarian
264.0,498.0,5.0,893214127.0,F,0.0,32.0,writer
514.0,8.0,4.0,875324369.0,M,1.0,23.0,programmer
877.0,15.0,3.0,879446731.0,M,1.0,28.0,other
7.0,679.0,5.0,885328906.0,M,1.0,50.0,administrator
90.0,1045.0,5.0,882955662.0,M,1.0,52.0,educator
764.0,719.0,2.0,884634275.0,M,1.0,28.0,educator
234.0,528.0,4.0,892334683.0,M,1.0,52.0,retired
806.0,479.0,4.0,883949808.0,M,1.0,26.0,programmer
417.0,988.0,2.0,879876663.0,F,0.0,27.0,other
561.0,1117.0,4.0,876251048.0,M,1.0,23.0,other
442.0,1028.0,2.0,886101834.0,M,1.0,22.0,student
864.0,544.0,5.0,875180846.0,M,1.0,26.0,programmer
222.0,751.0,2.0,880243035.0,M,1.0,16.0,student
16.0,696.0,5.0,876539480.0,M,1.0,21.0,homemaker
381.0,12.0,4.0,879454922.0,M,1.0,40.0,homemaker
542.0,865.0,1.0,879440787.0,F,0.0,18.0,student
363.0,708.0,4.0,891402623.0,M,1.0,20.0,student
10.0,741.0,3.0,876181195.0,M,1.0,46.0,lawyer
676.0,1473.0,5.0,884292068.0,M,1.0,28.0,other
429.0,732.0,4.0,882385742.0,M,1.0,26.0,student
899.0,533.0,4.0,880182850.0,M,1.0,30.0,other
551.0,685.0,5.0,884119912.0,M,1.0,46.0,programmer
862.0,1068.0,3.0,874787144.0,M,1.0,24.0,programmer
847.0,12.0,4.0,879442421.0,M,1.0,18.0,student
239.0,566.0,4.0,881650702.0,M,1.0,35.0,artist
868.0,603.0,5.0,875502074.0,M,1.0,21.0,programmer
757.0,895.0,2.0,888641999.0,M,1.0,25.0,student
152.0,662.0,4.0,891013976.0,F,0.0,33.0,other
847.0,581.0,5.0,884112278.0,M,1.0,26.0,none
115.0,988.0,3.0,885847945.0,M,1.0,29.0,engineer
488.0,596.0,3.0,881372924.0,M,1.0,42.0,technician
788.0,919.0,3.0,882955956.0,M,1.0,30.0,administrator
488.0,597.0,4.0,880178019.0,M,1.0,23.0,technician
393.0,582.0,4.0,882404114.0,M,1.0,18.0,student
643.0,514.0,4.0,880055651.0,M,1.0,39.0,scientist
181.0,442.0,3.0,878962348.0,M,1.0,25.0,executive
201.0,121.0,3.0,877634967.0,M,1.0,26.0,writer
457.0,671.0,3.0,878184834.0,F,0.0,33.0,salesman
621.0,782.0,3.0,889738094.0,F,0.0,17.0,student
184.0,265.0,3.0,891033805.0,M,1.0,34.0,librarian
611.0,100.0,2.0,883948873.0,F,0.0,27.0,lawyer
49.0,1046.0,4.0,882076250.0,M,1.0,23.0,student
21.0,752.0,4.0,889492789.0,M,1.0,25.0,writer
815.0,835.0,4.0,879538527.0,M,1.0,30.0,other
655.0,4.0,5.0,886474867.0,F,0.0,50.0,healthcare
94.0,476.0,1.0,880333302.0,M,1.0,25.0,student
308.0,1074.0,3.0,887740810.0,M,1.0,52.0,retired
262.0,288.0,3.0,874730261.0,F,0.0,18.0,student
771.0,663.0,3.0,879444440.0,M,1.0,24.0,student
254.0,549.0,3.0,879441353.0,M,1.0,39.0,educator
568.0,1203.0,4.0,881433296.0,M,1.0,35.0,educator
188.0,1.0,4.0,874849087.0,M,1.0,26.0,student
795.0,50.0,3.0,883601266.0,M,1.0,30.0,writer
144.0,709.0,2.0,886479610.0,M,1.0,46.0,programmer
216.0,622.0,3.0,880572600.0,M,1.0,28.0,engineer
766.0,482.0,4.0,889079781.0,F,0.0,38.0,other
207.0,10.0,2.0,889041549.0,M,1.0,35.0,marketing
299.0,699.0,3.0,878962774.0,M,1.0,27.0,doctor
506.0,832.0,4.0,877131185.0,M,1.0,41.0,programmer
796.0,873.0,4.0,879460062.0,M,1.0,32.0,librarian
378.0,1232.0,4.0,880079448.0,F,0.0,32.0,writer
899.0,739.0,2.0,879366072.0,M,1.0,28.0,other
325.0,581.0,5.0,891495341.0,M,1.0,42.0,technician
521.0,629.0,4.0,889180947.0,F,0.0,17.0,writer
326.0,993.0,3.0,879362206.0,M,1.0,37.0,administrator
551.0,431.0,3.0,891012315.0,M,1.0,25.0,writer
75.0,774.0,5.0,875963180.0,M,1.0,23.0,entertainment
144.0,831.0,3.0,881654714.0,M,1.0,21.0,programmer
515.0,12.0,2.0,883709641.0,M,1.0,15.0,student
393.0,12.0,3.0,880403636.0,M,1.0,17.0,student
503.0,479.0,2.0,88387682.0,F,0.0,50.0,writer
588.0,286.0,5.0,875131416.0,M,1.0,22.0,technician
393.0,945.0,3.0,879531049.0,M,1.0,18.0,student
751.0,13.0,1.0,878971616.0,F,0.0,24.0,other
60.0,678.0,5.0,882386207.0,M,1.0,27.0,programmer
742.0,488.0,5.0,886483212.0,F,0.0,51.0,writer
913.0,885.0,4.0,880602877.0,M,1.0,26.0,student
679.0,582.0,4.0,874730861.0,M,1.0,20.0,student
453.0,686.0,4.0,885532432.0,M,1.0,18.0,student
301.0,9.0,4.0,881650935.0,M,1.0,23.0,student
536.0,675.0,5.0,887744205.0,M,1.0,35.0,scientist
595.0,598.0,2.0,875502062.0,M,1.0,27.0,other
327.0,681.0,3.0,887738240.0,M,1.0,22.0,student
496.0,895.0,5.0,891204518.0,M,1.0,48.0,other
542.0,7.0,4.0,883374242.0,F,0.0,18.0,student
592.0,772.0,4.0,890332033.0,M,1.0,18.0,student
747.0,1028.0,4.0,886272434.0,M,1.0,18.0,student
648.0,8.0,3.0,879486418.0,M,1.0,39.0,engineer
361.0,955.0,4.0,884534987.0,M,1.0,22.0,student
671.0,880.0,3.0,888521185.0,M,1.0,24.0,programmer
303.0,762.0,2.0,879191397.0,M,1.0,20.0,student
703.0,603.0,4.0,889739912.0,M,1.0,25.0,student
564.0,645.0,3.0,887737210.0,M,1.0,56.0,retired
659.0,7.0,3.0,879441339.0,M,1.0,29.0,educator
499.0,472.0,3.0,879456320.0,M,1.0,39.0,other
207.0,15.0,5.0,888479459.0,M,1.0,35.0,marketing
823.0,476.0,4.0,888466126.0,M,1.0,26.0,artist
534.0,300.0,4.0,884121479.0,M,1.0,40.0,scientist
548.0,679.0,4.0,879524919.0,M,1.0,39.0,engineer
347.0,748.0,2.0,887066143.0,M,1.0,18.0,student
880.0,237.0,3.0,880126076.0,M,1.0,11.0,student
334.0,845.0,5.0,891547889.0,M,1.0,30.0,librarian
795.0,763.0,2.0,882387756.0,M,1.0,28.0,programmer
256.0,578.0,3.0,882622430.0,F,0.0,35.0,none
303.0,1572.0,2.0,879483592.0,M,1.0,18.0,student
664.0,5.0,3.0,876531551.0,M,1.0,28.0,engineer
8.0,992.0,3.0,879454400.0,M,1.0,33.0,executive
450.0,919.0,4.0,881421040.0,F,0.0,35.0,educator
617.0,756.0,2.0,882955582.0,M,1.0,32.0,writer
311.0,657.0,4.0,885598574.0,M,1.0,23.0,technician
592.0,825.0,5.0,890286065.0,M,1.0,18.0,student
894.0,1281.0,4.0,879877004.0,M,1.0,42.0,educator
227.0,117.0,3.0,875747196.0,M,1.0,41.0,executive
294.0,772.0,2.0,891034062.0,M,1.0,31.0,executive
593.0,7.0,4.0,889909768.0,F,0.0,43.0,librarian
543.0,181.0,3.0,891435039.0,M,1.0,31.0,technician
299.0,974.0,4.0,880078797.0,M,1.0,27.0,doctor
399.0,541.0,2.0,883711960.0,M,1.0,24.0,other
844.0,479.0,4.0,882340250.0,M,1.0,39.0,engineer
13.0,472.0,2.0,884636453.0,M,1.0,42.0,educator
715.0,676.0,3.0,879744014.0,M,1.0,21.0,student
464.0,592.0,3.0,879221351.0,M,1.0,52.0,administrator
648.0,479.0,4.0,886029778.0,M,1.0,45.0,engineer
378.0,790.0,5.0,886833066.0,M,1.0,32.0,student
940.0,651.0,5.0,879857577.0,F,0.0,30.0,administrator
95.0,566.0,5.0,879793162.0,M,1.0,29.0,administrator
714.0,511.0,4.0,880134820.0,M,1.0,29.0,executive
758.0,751.0,2.0,883767383.0,M,1.0,26.0,student
456.0,238.0,4.0,879898452.0,M,1.0,42.0,technician
595.0,603.0,3.0,879548983.0,M,1.0,29.0,educator
499.0,689.0,4.0,891547231.0,M,1.0,38.0,programmer
638.0,7.0,5.0,876538697.0,M,1.0,45.0,engineer
500.0,459.0,3.0,879467397.0,M,1.0,27.0,administrator
468.0,474.0,3.0,879543940.0,M,1.0,27.0,librarian
361.0,748.0,3.0,879572783.0,M,1.0,22.0,student
409.0,984.0,2.0,891035121.0,M,1.0,42.0,administrator
846.0,11.0,5.0,883948221.0,M,1.0,26.0,lawyer
897.0,463.0,5.0,880130701.0,M,1.0,28.0,other
796.0,697.0,3.0,892838977.0,F,0.0,32.0,writer
886.0,9.0,4.0,877129734.0,M,1.0,20.0,student
321.0,7.0,4.0,879435598.0,F,0.0,49.0,educator
486.0,578.0,4.0,889654873.0,M,1.0,35.0,educator
90.0,679.0,3.0,891385499.0,M,1.0,52.0,educator
773.0,689.0,5.0,888180019.0,M,1.0,20.0,student
256.0,469.0,4.0,881373637.0,F,0.0,35.0,none
492.0,100.0,4.0,883949221.0,M,1.0,50.0,educator
568.0,286.0,3.0,879449973.0,M,1.0,35.0,educator
295.0,831.0,5.0,889555188.0,M,1.0,29.0,educator
524.0,973.0,4.0,882592841.0,M,1.0,49.0,educator
13.0,50.0,3.0,879111662.0,M,1.0,42.0,educator
406.0,1130.0,4.0,886478753.0,M,1.0,44.0,educator
13.0,521.0,3.0,879447837.0,M,1.0,42.0,educator
158.0,604.0,3.0,880935879.0,M,1.0,44.0,educator
70.0,484.0,3.0,885806034.0,M,1.0,26.0,engineer
500.0,627.0,2.0,883782642.0,M,1.0,27.0,administrator
854.0,546.0,3.0,877131783.0,F,0.0,21.0,student
790.0,101.0,4.0,882622191.0,M,1.0,26.0,technician
59.0,495.0,4.0,882078869.0,M,1.0,43.0,educator
653.0,237.0,3.0,881956636.0,M,1.0,29.0,salesman
276.0,744.0,4.0,874830484.0,M,1.0,21.0,student
450.0,300.0,5.0,881466790.0,M,1.0,35.0,educator
672.0,50.0,3.0,877759473.0,F,0.0,17.0,student
929.0,679.0,5.0,876537756.0,M,1.0,39.0,scientist
343.0,1045.0,4.0,880845242.0,M,1.0,53.0,engineer
630.0,95.0,4.0,884304741.0,F,0.0,26.0,healthcare
634.0,709.0,4.0,880167159.0,M,1.0,35.0,programmer
815.0,12.0,3.0,879876184.0,M,1.0,42.0,technician
23.0,568.0,3.0,874830675.0,M,1.0,30.0,artist
829.0,596.0,3.0,880242762.0,F,0.0,35.0,artist
158.0,715.0,4.0,880134707.0,M,1.0,44.0,educator
293.0,1074.0,4.0,891199360.0,M,1.0,29.0,writer
704.0,795.0,4.0,878961814.0,F,0.0,56.0,librarian
16.0,748.0,3.0,878696181.0,M,1.0,35.0,scientist
846.0,234.0,3.0,883948003.0,M,1.0,26.0,lawyer
894.0,934.0,4.0,8804735.0,M,1.0,42.0,educator
116.0,748.0,3.0,891698286.0,M,1.0,36.0,healthcare
693.0,602.0,1.0,884326705.0,F,0.0,44.0,healthcare
899.0,689.0,3.0,879463731.0,M,1.0,30.0,other
682.0,50.0,5.0,884124481.0,M,1.0,23.0,programmer
586.0,639.0,3.0,880175296.0,M,1.0,20.0,student
927.0,863.0,2.0,879577046.0,M,1.0,24.0,educator
642.0,733.0,1.0,874965954.0,M,1.0,17.0,other
312.0,732.0,5.0,891547164.0,M,1.0,42.0,administrator
639.0,742.0,5.0,891628832.0,F,0.0,42.0,librarian
330.0,1041.0,5.0,879441063.0,F,0.0,35.0,educator
870.0,639.0,5.0,879792386.0,M,1.0,22.0,student
374.0,604.0,3.0,891039180.0,M,1.0,33.0,executive
844.0,685.0,1.0,875654426.0,M,1.0,22.0,engineer
655.0,939.0,4.0,886480690.0,F,0.0,50.0,healthcare
655.0,469.0,3.0,889409417.0,F,0.0,50.0,healthcare
293.0,658.0,3.0,888906012.0,M,1.0,23.0,writer
634.0,481.0,4.0,884496561.0,M,1.0,35.0,student
543.0,651.0,1.0,874813703.0,M,1.0,35.0,scientist
834.0,661.0,4.0,888905077.0,M,1.0,34.0,scientist
716.0,652.0,3.0,879441441.0,F,0.0,36.0,administrator
894.0,692.0,4.0,879530245.0,M,1.0,42.0,librarian
389.0,647.0,5.0,891208452.0,F,0.0,44.0,writer
682.0,4.0,4.0,879196130.0,F,0.0,27.0,librarian
634.0,782.0,3.0,882077653.0,M,1.0,35.0,engineer
374.0,636.0,4.0,876032246.0,M,1.0,33.0,executive
479.0,561.0,4.0,879424784.0,M,1.0,27.0,educator
348.0,534.0,1.0,882389279.0,F,0.0,31.0,student
932.0,210.0,4.0,879548023.0,M,1.0,48.0,educator
373.0,651.0,5.0,888104118.0,M,1.0,24.0,other
795.0,1101.0,3.0,892697018.0,M,1.0,23.0,programmer
815.0,515.0,2.0,886988574.0,M,1.0,30.0,other
796.0,566.0,5.0,888635430.0,F,0.0,25.0,writer
431.0,880.0,3.0,879454400.0,F,0.0,45.0,educator
655.0,1233.0,4.0,891249071.0,F,0.0,50.0,healthcare
846.0,1045.0,3.0,883949255.0,M,1.0,26.0,lawyer
595.0,651.0,4.0,879823147.0,M,1.0,24.0,administrator
308.0,851.0,3.0,887737338.0,M,1.0,70.0,retired
592.0,863.0,3.0,882426690.0,M,1.0,18.0,other
806.0,744.0,4.0,882345936.0,M,1.0,28.0,executive
6.0,9.0,3.0,879572986.0,M,1.0,42.0,executive
548.0,685.0,5.0,884923592.0,M,1.0,33.0,homemaker
648.0,748.0,4.0,875028984.0,M,1.0,27.0,engineer
374.0,82.0,3.0,879442202.0,M,1.0,33.0,executive
758.0,569.0,5.0,880869073.0,M,1.0,26.0,student
648.0,1048.0,4.0,881363997.0,M,1.0,39.0,engineer
786.0,745.0,4.0,879874937.0,M,1.0,33.0,educator
568.0,874.0,4.0,879444418.0,F,0.0,45.0,educator
527.0,1059.0,4.0,879192860.0,M,1.0,31.0,scientist
279.0,1029.0,4.0,875148108.0,M,1.0,27.0,programmer
527.0,153.0,4.0,879443936.0,M,1.0,31.0,educator
528.0,515.0,3.0,879468047.0,F,0.0,32.0,librarian
655.0,568.0,3.0,891032876.0,M,1.0,50.0,healthcare
887.0,9.0,4.0,879874853.0,F,0.0,10.0,student
916.0,661.0,4.0,878972218.0,M,1.0,26.0,engineer
715.0,561.0,4.0,886397911.0,M,1.0,25.0,technician
447.0,1034.0,3.0,879448047.0,M,1.0,27.0,writer
374.0,127.0,3.0,880395817.0,M,1.0,33.0,executive
456.0,736.0,5.0,880336936.0,M,1.0,23.0,technician
207.0,481.0,3.0,876404035.0,M,1.0,35.0,marketing
177.0,723.0,5.0,874964244.0,M,1.0,20.0,programmer
885.0,679.0,4.0,890860687.0,F,0.0,20.0,student
892.0,609.0,5.0,888462627.0,M,1.0,33.0,other
447.0,111.0,4.0,885847946.0,M,1.0,27.0,administrator
328.0,549.0,4.0,885047731.0,M,1.0,45.0,administrator
405.0,13.0,3.0,891012474.0,F,0.0,22.0,healthcare
90.0,483.0,5.0,879444906.0,M,1.0,52.0,educator
312.0,423.0,4.0,879448369.0,M,1.0,42.0,other
43.0,282.0,4.0,889909551.0,F,0.0,29.0,librarian
416.0,945.0,3.0,892335485.0,F,0.0,20.0,student
293.0,856.0,3.0,888905005.0,M,1.0,23.0,writer
429.0,659.0,4.0,884636180.0,M,1.0,26.0,student
666.0,513.0,4.0,883216499.0,M,1.0,39.0,entertainment
933.0,1085.0,4.0,883328389.0,M,1.0,28.0,other
293.0,471.0,3.0,888907122.0,M,1.0,23.0,writer
254.0,845.0,5.0,891369688.0,M,1.0,39.0,educator
332.0,294.0,5.0,885479274.0,M,1.0,20.0,student
382.0,954.0,1.0,8797858.0,M,1.0,33.0,engineer
741.0,485.0,5.0,887744328.0,M,1.0,24.0,student
405.0,1035.0,2.0,884304096.0,M,1.0,22.0,healthcare
682.0,662.0,5.0,880233565.0,M,1.0,23.0,engineer
574.0,564.0,3.0,888103703.0,M,1.0,27.0,scientist
200.0,527.0,4.0,875503816.0,M,1.0,36.0,programmer
405.0,773.0,2.0,884751098.0,F,0.0,22.0,student
144.0,484.0,3.0,888069374.0,M,1.0,46.0,programmer
486.0,748.0,2.0,876034808.0,M,1.0,48.0,student
699.0,181.0,4.0,875984534.0,M,1.0,39.0,other
130.0,826.0,5.0,875653476.0,F,0.0,20.0,none
592.0,547.0,2.0,888451589.0,M,1.0,18.0,student
13.0,1521.0,4.0,879524386.0,M,1.0,42.0,educator
588.0,288.0,3.0,886610194.0,F,0.0,17.0,student
279.0,985.0,2.0,890346198.0,M,1.0,31.0,programmer
151.0,647.0,3.0,875297904.0,F,0.0,38.0,administrator
339.0,748.0,5.0,891385075.0,M,1.0,32.0,lawyer
343.0,8.0,5.0,891354059.0,M,1.0,39.0,engineer
659.0,517.0,5.0,879441350.0,M,1.0,44.0,educator
279.0,56.0,5.0,875743322.0,M,1.0,31.0,programmer
486.0,732.0,5.0,882390534.0,M,1.0,35.0,educator
327.0,582.0,4.0,879304158.0,M,1.0,22.0,student
13.0,463.0,4.0,879435369.0,M,1.0,42.0,educator
798.0,14.0,3.0,888104353.0,F,0.0,70.0,programmer
823.0,864.0,1.0,884121098.0,M,1.0,26.0,engineer
6.0,638.0,5.0,886031606.0,M,1.0,38.0,other
184.0,516.0,5.0,891699182.0,M,1.0,34.0,librarian
867.0,121.0,5.0,877720916.0,M,1.0,23.0,entertainment
682.0,710.0,5.0,883372151.0,M,1.0,21.0,programmer
889.0,751.0,2.0,884748647.0,M,1.0,23.0,technician
597.0,842.0,5.0,879449489.0,M,1.0,48.0,educator
378.0,482.0,4.0,874787587.0,M,1.0,32.0,student
659.0,546.0,4.0,891384420.0,M,1.0,29.0,educator
184.0,276.0,3.0,889908694.0,M,1.0,18.0,student
575.0,678.0,4.0,885843700.0,M,1.0,39.0,engineer
892.0,1228.0,5.0,879454941.0,M,1.0,18.0,writer
14.0,449.0,4.0,880929471.0,M,1.0,40.0,scientist
